,resid_oos_hedged,beta_XLV,beta_XBI,basket,coherence
2011-12-27 14:30:00,0.0005141960209986036,0.9584344547107732,0.11579004373218937,0.004235051392583659,0.6660126637335084
2011-12-28 14:30:00,-0.004417906638958481,0.9665551562292422,0.11735881341388954,-0.016590054944413495,0.6880503367329821
2011-12-29 14:30:00,0.0009472627774028998,0.981485764042958,0.12526248365550186,0.009359106930080166,0.8073751876138541
2011-12-30 14:30:00,0.000881091904115723,0.898962762320467,0.21706405790951006,-0.00011363093073842497,0.8063703400843508
2012-01-03 14:30:00,-0.0020983928717325014,0.8982394218575156,0.2175152611889205,0.009127550852913982,0.8038731392598449
2012-01-04 14:30:00,0.001709626710385753,0.8928485887380609,0.21877113406123444,-0.003401984494523632,0.8055427758406887
2012-01-05 14:30:00,-0.00524253383226998,0.897505057358806,0.21281140381241903,0.004768739505501903,0.797683812002643
2012-01-06 14:30:00,0.00025887158578075196,0.9129924071611903,0.1933597447304638,0.005329478609425268,0.7956559808966698
2012-01-09 14:30:00,-0.006708388881182636,0.9147787053057806,0.19327201296147378,-0.00111860574650946,0.7979770187173637
2012-01-10 14:30:00,-0.0018801311681410915,0.9275003727266846,0.18172540714247132,0.008043042091189445,0.7983022528284537
2012-01-11 14:30:00,0.0024742067012718987,0.9181807683902133,0.1884554870334797,0.0071651210661346125,0.8009866146837918
2012-01-12 14:30:00,-0.008078530796399334,0.9145624178820905,0.19326025438422234,-0.005086117256432783,0.8060462094009665
2012-01-13 14:30:00,0.0024236256328328256,0.912465954626264,0.2054551180424442,-0.0016508788678743318,0.8143467783347301
2012-01-17 14:30:00,-0.0005153187861625707,0.9135146950000474,0.1986669450241808,0.005776905218352797,0.8154955075965257
2012-01-18 14:30:00,-0.0010169076515769843,0.9084200518599752,0.2058952327854915,0.005691966410056759,0.8146501310394272
2012-01-19 14:30:00,0.010947621219458095,0.9032152167483404,0.20990989796220139,0.009456567792103762,0.8150034428556974
2012-01-20 14:30:00,-0.0013566142035206586,0.9297236682987342,0.19718513567143026,-0.0032199302791990903,0.8133645091872541
2012-01-23 14:30:00,0.0060635435323420405,0.9211482399049863,0.17810931900555882,0.0001806070180056333,0.8224357564019478
2012-01-24 14:30:00,0.0001287930194968259,0.9340622854428152,0.1879091908800662,0.0028735702602459647,0.8389742938269049
2012-01-25 14:30:00,0.00719418183689223,0.9477070209762363,0.18346000130300533,0.01873179405448992,0.827034914984465
2012-01-26 14:30:00,-0.0026412427503066114,0.944311371186658,0.20311326588813394,-0.009049092916982563,0.8305602902295327
2012-01-27 14:30:00,-0.0021582116633574655,0.9461228082773012,0.20288190957913044,0.006686551635043984,0.825212087330189
2012-01-30 14:30:00,0.0020119827176028095,0.9631758520631182,0.20012998407396687,-0.0023715514837023832,0.8078127968505951
2012-01-31 14:30:00,0.0016810958938234329,0.9560161217571426,0.18090456500604457,0.0026723748788660315,0.8089127774056034
2012-02-01 14:30:00,0.004695120317472176,0.9508647807027868,0.1821418781527595,0.019387677071431037,0.8149148879279965
2012-02-02 14:30:00,0.00028108197448252264,0.9500098099348161,0.19095083652292344,-0.0009285171752740166,0.8140189964359233
2012-02-03 14:30:00,-0.002018076184765934,0.9574739391119197,0.19587767697364367,0.005722911675527816,0.8142215140217594
2012-02-06 14:30:00,-0.001352666131169843,0.9634052641766494,0.19144340546584804,-0.002998949276274606,0.8019242235163245
2012-02-07 14:30:00,0.0004919336395960295,0.9223356078365204,0.21557146052664167,0.0004688677420640793,0.7745873763408678
2012-02-08 14:30:00,0.003594978051940784,0.9277911172092419,0.2134581547004728,6.587909225734083e-05,0.7728891720134268
2012-02-09 14:30:00,0.004294635791272572,0.9351859252999012,0.2053161573999468,-0.0018828036563593626,0.7658187956927957
2012-02-10 14:30:00,0.0034345085847291615,0.9351227414574805,0.2035730321572301,-0.0021103460746014027,0.7676258550297289
2012-02-13 14:30:00,-0.00510235764106807,0.9389544552815305,0.20062280848016967,0.00815577065835756,0.7861318856167222
2012-02-14 14:30:00,0.0037229335293805592,0.9447299829606872,0.1908571728716727,0.004634590369617293,0.7895015137320995
2012-02-15 14:30:00,0.004179560002672838,0.9711837325715131,0.18117848004876003,0.001757267142581731,0.7788264152527303
2012-02-16 14:30:00,0.0025544466299575897,0.9595537136958363,0.17602182382074094,0.010342113320080873,0.7855213792046877
2012-02-17 14:30:00,0.004093672539518837,0.9603357316482806,0.1771009148016145,-0.003360377224958374,0.777463800356553
2012-02-21 14:30:00,0.006918457620909528,0.9428003191424548,0.1787806487035819,-0.00393718524588349,0.775894982584461
2012-02-22 14:30:00,-0.0028775809634768923,0.9388514545001011,0.1717720643618288,-0.0035928287190913157,0.7646933682673532
2012-02-23 14:30:00,-0.0006446160535731136,0.9336978509797049,0.17198002724065142,0.004291516693844717,0.7638779107129894
2012-02-24 14:30:00,0.0050385971654172135,0.936546640665543,0.1712110516034283,0.010003682403257294,0.7477362083416152
2012-02-27 14:30:00,0.00029389809684868696,0.9656389615325364,0.17793764559890402,0.0010964378819281844,0.7505777599436261
2012-02-28 14:30:00,-0.0012491769056236124,0.9643844732249668,0.17861594252324609,0.0014220133533033863,0.6835137254553788
2012-02-29 14:30:00,0.00029308954977435697,0.9411821359049583,0.18028236294538535,-0.007068731542698529,0.6902543874472314
2012-03-01 14:30:00,-0.005738706371892305,0.9415311680551286,0.17943298453607814,0.001026584487110238,0.6995752147783252
2012-03-02 14:30:00,-0.007690603602412694,0.9438348465568351,0.17684338064037597,-0.010659834117602776,0.7024654701894137
2012-03-05 14:30:00,-8.637632228113319e-05,0.9451694896974843,0.18269032255990514,-0.004137339987657418,0.7094615437162285
2012-03-06 14:30:00,-0.001015028885060984,0.9697074116276072,0.17121842052405256,-0.017617740359878842,0.7269156006376672
2012-03-07 14:30:00,0.0004501794574121379,0.997651597124466,0.1625651514424693,0.005984390079185313,0.678628271663999
2012-03-08 14:30:00,0.00014796235451614188,0.9242787659833848,0.1661882689105173,0.013924509368010115,0.6949017237548434
2012-03-09 14:30:00,0.003723313906103304,0.9615438063546438,0.16274339411861793,0.008929335824671739,0.6997077247348223
2012-03-12 13:30:00,-0.003906872872101964,0.9926420318356756,0.16149680373719877,-0.004724463066886527,0.6915861740138083
2012-03-13 13:30:00,-0.007057933122373778,0.991484529500087,0.15784631481554223,0.009549854551378282,0.6519689367773461
2012-03-14 13:30:00,0.006359504859314809,0.9523405370943465,0.14638431041679056,0.005293963408705471,0.6443488151854814
2012-03-15 13:30:00,0.0027816778669766643,0.9467224869836788,0.14367422941255859,0.006080561654902302,0.6424660958144676
2012-03-16 13:30:00,0.0028503317386259514,0.9584128207082141,0.14111013309705478,0.002944215410289145,0.6410853858310852
2012-03-19 13:30:00,-0.0003384920817534451,0.9558991266677658,0.13807908965035742,0.0005987787793388932,0.5751839236668714
2012-03-20 13:30:00,-0.0024230899580527637,0.8996465131823348,0.13551017515388208,-0.009425162414864055,0.5858726561252455
2012-03-21 13:30:00,-0.0011045336129522265,0.9170536698353606,0.1370860884998626,-0.0005302016266606572,0.5683122314020287
2012-03-22 13:30:00,-0.0038249039482804717,0.8820410656882259,0.139959566846797,-0.00728580002312403,0.57678721904086
2012-03-23 13:30:00,-0.003274932215548511,0.9047502200098876,0.13764283070261019,0.0001386925158482303,0.578731618344099
2012-03-26 13:30:00,0.004244393557837813,0.8994666767042093,0.13811879042897657,0.023344134291852708,0.5884295145442097
2012-03-27 13:30:00,-0.0034442817333459287,0.899723942675179,0.13732039890861514,-0.002984065656668903,0.5878408415666013
2012-03-28 13:30:00,-0.005110110070130293,0.8872228410954476,0.14278804646118326,-0.005810464420401229,0.5881788110032847
2012-03-29 13:30:00,0.002523291376083085,0.9078855129750627,0.1367903434044514,0.004115527979249227,0.5819856398985822
2012-03-30 13:30:00,-0.0035054917420401155,0.9436832704460455,0.12780890094870556,0.004114899551310873,0.583382452013193
2012-04-02 13:30:00,0.008697461559732032,0.9279919903883284,0.13124179389698531,0.013242680254947606,0.5808217831395743
2012-04-03 13:30:00,0.0023799029642252024,0.9201963711884429,0.14462315697589745,0.00287104682753192,0.5870299500049755
2012-04-04 13:30:00,-0.006399118795581372,0.9172838797754558,0.14503087446686758,-0.014293699565621728,0.6070571747660094
2012-04-05 13:30:00,-0.0007023993736743363,0.9068404248799047,0.16894085688385363,0.0002789001212487596,0.6046622114329968
2012-04-09 13:30:00,-0.008313605410209538,0.9151575693776245,0.1690406933393237,-0.0245772934681943,0.6512287260398709
2012-04-10 13:30:00,0.0009187168413900895,0.9756681569609174,0.17109816304764525,-0.016865219490821575,0.671405270176057
2012-04-11 13:30:00,0.0017485478842852757,0.9926993930394292,0.16529165027720621,0.007049792455065725,0.6719720399002241
2012-04-12 13:30:00,0.011287607582578133,1.0044960418423994,0.16347802556889102,0.017205366264620103,0.6892476728739768
2012-04-13 13:30:00,0.00424312405412295,1.053102477082692,0.15355652114475415,-0.00976145347770907,0.6861817233796695
2012-04-16 13:30:00,-0.008478124412215984,1.0424210642361165,0.15162448356161554,-0.009675974470159407,0.7018202207045814
2012-04-17 13:30:00,0.002261781291594177,1.0118475611326605,0.16970699539814293,0.020616019576220463,0.7163346470969528
2012-04-18 13:30:00,0.006199310626225061,1.0297720575046334,0.16627340521082068,0.002080483532176084,0.7150341199971694
2012-04-19 13:30:00,-0.004042319684801877,1.0366319889802162,0.1653571242353552,0.004249076018444227,0.7109489556365657
2012-04-20 13:30:00,-0.008483157956095487,1.0665635634920725,0.14802403143314735,-0.0006388931465082978,0.7202398805558218
2012-04-23 13:30:00,-0.0029855898238013556,1.0519610088412301,0.13418957417140787,-0.01080885055326312,0.7272697148080924
2012-04-24 13:30:00,-0.00586122641823389,1.0670595257924065,0.12816002297875861,-0.0020633310243760583,0.7304342953617075
2012-04-25 13:30:00,-0.0014580591641973704,1.0605673738404864,0.1276770321303491,0.013006257147505437,0.7308415780532217
2012-04-26 13:30:00,-0.0054493957000630285,1.0554258157502436,0.12798849863212403,-0.0052102509366509136,0.7282214207929937
2012-04-27 13:30:00,-0.003534001196684725,1.0638109454054536,0.12470839584557403,-0.0020028226350136866,0.6939786196727996
2012-04-30 13:30:00,-0.006069152009034691,1.0632261616357996,0.11216190723649788,-0.00771462322752577,0.6944198623560234
2012-05-01 13:30:00,0.007288094852401266,1.070792955383753,0.11225718364054071,0.011050367898073343,0.7061682382128041
2012-05-02 13:30:00,-0.0004690889657328458,1.0967928146391086,0.10492604454283355,-0.0013192020307981611,0.7296522924352979
2012-05-03 13:30:00,-0.007824106882980433,1.112622474025735,0.09845150962432059,-0.013851932114283075,0.7407352263889245
2012-05-04 13:30:00,0.001435784184326716,1.1162291538617535,0.10571627840978579,-0.015431183452561337,0.7506495069659705
2012-05-07 13:30:00,-0.0019927834640225974,1.09343844450378,0.11243034560320975,0.0028570055595925257,0.7520965074460287
2012-05-08 13:30:00,-0.0034832203057121834,1.118545068065973,0.10507518058137688,-0.002711448119406749,0.7456805228217629
2012-05-09 13:30:00,0.0013864498607461676,1.1312161588451892,0.10299279998212774,-0.0071652675876312895,0.7398005347993104
2012-05-10 13:30:00,-0.009277118138344679,1.116797022422303,0.11222300215452713,-1.2358498376330296e-05,0.7401584703426992
2012-05-11 13:30:00,-0.0009036850113853053,1.0717248583330359,0.12178015754089078,6.919995251738105e-05,0.7450377705896404
2012-05-14 13:30:00,-0.006250373633488801,1.078219268231835,0.12105944908125132,-0.010141921970672799,0.7434067789335845
2012-05-15 13:30:00,0.0024628069776495855,1.086942157309867,0.11630743352356898,-0.0035387479376765376,0.7435551018102006
2012-05-16 13:30:00,-0.008976254382358875,1.0484523291068362,0.13691507818677517,-0.0070789326377465045,0.7510064466879275
2012-05-17 13:30:00,0.005239724398683098,1.0407923922265532,0.15428157100153472,-0.009632474838968194,0.7421925833512374
2012-05-18 13:30:00,-0.009184741534403702,1.049347639465734,0.1344400877238544,-0.020531324361141284,0.7455564426766492
2012-05-21 13:30:00,0.004844677180762124,1.0861578997560355,0.129491207044086,0.019777440283169412,0.7565051900983392
2012-05-22 13:30:00,0.0009150081607420474,1.0552498125310448,0.15313099029730426,-0.00245313803431609,0.7537222867801159
2012-05-23 13:30:00,0.0010026516725567575,1.046581967662849,0.15594730338893936,-0.0036268153331510864,0.7522980026435889
2012-05-24 13:30:00,-0.003854533618362948,1.039268954875413,0.15800934827860635,0.007997305300006937,0.7619179168918179
2012-05-25 13:30:00,0.009791078776406432,1.0300489248610605,0.1606989505895895,0.007663195850541871,0.7514328124909078
2012-05-29 13:30:00,0.004206341062926503,1.0071717483470317,0.17220709115779997,0.007902040969764842,0.7552058135317677
2012-05-30 13:30:00,-0.002357681601190314,1.028009945847681,0.161573791419935,-0.010108910958288067,0.7487384484872802
2012-05-31 13:30:00,0.002603236014165556,1.0291036446353468,0.16313145066718215,-0.004557772677650784,0.7373960850155478
2012-06-01 13:30:00,-0.004422257758976797,1.0293429217722174,0.16041546908636295,-0.02691340542386104,0.7589614329413639
2012-06-04 13:30:00,-0.004597124086001316,1.052646804350598,0.1586091105529409,-0.0018810420884608863,0.7514053006803304
2012-06-05 13:30:00,0.00671451417615296,1.0468110047825578,0.16032456982205956,0.015641011725597915,0.7567200259333213
2012-06-06 13:30:00,0.0012785232252221813,1.0369824115174087,0.17118951429777174,0.020222763157496788,0.7733592055375569
2012-06-07 13:30:00,-0.006637898093763425,1.061787202638747,0.16380358893272406,-0.007868043762240743,0.7884538053247705
2012-06-08 13:30:00,-0.0009402340948549484,1.0991138612563025,0.16347235016440564,0.008496515772613122,0.784043372908871
2012-06-11 13:30:00,0.006580993104983244,1.0863294287447214,0.1708651514608499,-0.006559160535438553,0.7733670289699447
2012-06-12 13:30:00,-0.003667581087025933,1.0839830657807537,0.15834779059784443,0.009028745104120958,0.7758379090383518
2012-06-13 13:30:00,-0.004363996342349059,1.0746886897901153,0.15863133792731243,-0.006572720669218213,0.7763089878520453
2012-06-14 13:30:00,-0.005608524437753027,1.0721602947082443,0.16068480610660663,0.014278364095999732,0.7832039802506116
2012-06-15 13:30:00,0.0030360305636372136,1.045894986548666,0.16353421635477272,0.00901334538714423,0.7823549653362255
2012-06-18 13:30:00,-0.001409156965641624,1.0439358981278244,0.16725826053374127,0.006933414629125334,0.7824256139842346
2012-06-19 13:30:00,0.0018535239919313159,1.039822620835971,0.16787276319421807,0.013300794594791684,0.7867103689296905
2012-06-20 13:30:00,-0.0015700650181237697,1.054273472804811,0.16522272930014914,-0.002897805783129518,0.7724179862134871
2012-06-21 13:30:00,-0.005489975222398639,1.0420786183765527,0.16626439592913267,-0.019495497350619173,0.77758327007564
2012-06-22 13:30:00,7.0575087934047e-05,1.0986739162397225,0.1449291278255399,0.013775765172183633,0.7841763907473562
2012-06-25 13:30:00,-0.0026335728463222664,1.090714737627297,0.1502693168596878,-0.01820477401619554,0.7985214074038759
2012-06-26 13:30:00,0.0001499464642397189,1.090527688359274,0.15281063729037392,0.0038919263574161977,0.7998308697995555
2012-06-27 13:30:00,-0.0005594781509744018,1.1104093545990514,0.14655135649921724,0.01501191054254547,0.8089014311531845
2012-06-28 13:30:00,0.017447274483647413,1.1088065185130433,0.1429549883439759,0.008530889485046544,0.7915010786870535
2012-06-29 13:30:00,-0.007568176435001853,1.187366396736585,0.08323225722998662,0.017175005390155523,0.7807835951050915
2012-07-02 13:30:00,-0.004867899908363593,1.1524372225339565,0.0792217508128148,0.001940334950636724,0.7757207441566724
2012-07-03 13:30:00,-0.0007361736933532679,1.1799152704964315,0.06111823320607401,-0.0006003604993665516,0.7600491467330622
2012-07-05 13:30:00,0.003783891627315389,1.1688171805817418,0.05196962504374558,-0.0032545124986393947,0.7510539417390496
2012-07-06 13:30:00,-0.0015971344155476658,1.1493125932138761,0.056977858150774274,-0.009793683228908686,0.7524106647245059
2012-07-09 13:30:00,0.009319380947038932,1.1498625280223633,0.0563020238253229,0.015552518576811133,0.737778083643826
2012-07-10 13:30:00,-0.00126932429038257,1.1457846508365228,0.05740597224165178,-0.007379299442945464,0.7398119740382394
2012-07-11 13:30:00,0.004073421528386469,1.149370891600221,0.06298331004839475,0.001958453315133557,0.7387619740304907
2012-07-12 13:30:00,-0.007631658192941568,1.1887662295327486,0.035430181093264235,-0.004487902312889203,0.7280238886060872
2012-07-13 13:30:00,-0.0014074106286277015,1.172217153792137,0.03533128855271572,0.011968963639128768,0.7315947827991444
2012-07-16 13:30:00,-0.008724411704558193,1.1661668444746354,0.041713714669114,-0.0061396737942953266,0.7335456898319203
2012-07-17 13:30:00,-0.009762237541582366,1.1860810884255053,0.02624912260061829,0.005713449798403196,0.7302714530444955
2012-07-18 13:30:00,0.008552764314727596,1.1366969473197541,0.04520882252802094,0.010413575638174466,0.717477723246016
2012-07-19 13:30:00,-0.0042547008530085945,1.136117191199072,0.04490664925963417,-0.004634849938114434,0.7176033451573204
2012-07-20 13:30:00,-0.0018876757018813604,1.140847680118156,0.045055345962749405,-0.017047339102143066,0.7197275353828189
2012-07-23 13:30:00,-0.005039763535087286,1.1466229049450476,0.04284875682985234,-0.01923091329367525,0.7332725720863342
2012-07-24 13:30:00,0.00249690165359648,1.1561531032965204,0.04546124575251942,-0.010903329887282523,0.7501855060268324
2012-07-25 13:30:00,-0.013157137074345356,1.1423040280535481,0.04861830443099824,-0.007176447526922332,0.7168763761290214
2012-07-26 13:30:00,-0.014239877449395857,1.1444382711157561,0.035819240501782756,-0.002645385484874141,0.712521936886971
2012-07-27 13:30:00,-0.0028971587217493863,1.0945554007685094,0.04335669532106068,0.024379164183234714,0.7310161814235304
2012-07-30 13:30:00,0.0034835463856164096,1.085435768999578,0.043842618140073286,-0.0026733532592216522,0.7305283242574414
2012-07-31 13:30:00,-0.0009564577448044464,1.1078074888013747,0.017732338616919918,-0.008322983926280688,0.7178876302531622
2012-08-01 13:30:00,-0.0007399275380605938,1.10855398032236,0.01808416884552755,-0.0006936227402458695,0.7177429273319692
2012-08-02 13:30:00,0.005454060340302296,1.1131086440472042,0.014572069394277798,-0.005557361039065604,0.7217384299388859
2012-08-03 13:30:00,-0.0031618504638276593,1.1050090331121627,0.009770197776070466,0.009975247791810915,0.6933743291115811
2012-08-06 13:30:00,-0.0024200727643220576,1.096770861283693,0.012996539289859554,-0.0021113636068653316,0.6950374356065084
2012-08-07 13:30:00,0.01892891340340487,1.1040801559716051,0.015061782825919523,0.016442543122675346,0.7031235818564601
2012-08-08 13:30:00,0.0030599459727889324,1.0597493884004185,0.03782898284920655,0.006425858811958007,0.6884477639432238
2012-08-09 13:30:00,0.0005787186504618368,1.0664812911254595,0.030415834279049814,1.2945122777422805e-07,0.6882266609411843
2012-08-10 13:30:00,-0.0031578883297605272,1.0785898270472147,0.02487055852673903,0.0012368090386664088,0.686209052446686
2012-08-13 13:30:00,0.002774418378417087,1.0734626696183542,0.02801210619264627,0.00013188164714724357,0.686428910733246
2012-08-14 13:30:00,-0.004901142508298112,1.0630717558553422,0.03658515040585952,-0.0017541131316282839,0.6825318305157336
2012-08-15 13:30:00,0.003594718057261356,1.0521236914958667,0.025063273293986388,0.006361015450474887,0.6692216028915178
2012-08-16 13:30:00,0.010071934831738726,1.0662818068433106,0.0007518119120456523,0.007311415795089575,0.6662569983038907
2012-08-17 13:30:00,0.009684207429033042,1.078301191149643,-0.015228345627185447,0.004088370291242205,0.6675614501232162
2012-08-20 13:30:00,0.0022043419558782787,1.050395040444465,-0.003795862185821397,0.004388839168001368,0.6663043733551628
2012-08-21 13:30:00,0.003912524735576535,1.0571748898419124,-0.0048941807126612336,0.00034532717001937535,0.67325513934613
2012-08-22 13:30:00,-0.0003627304855186697,1.0700432985720982,-0.011321748458648417,0.00034347796313923445,0.6681571046639384
2012-08-23 13:30:00,-0.0012819972459761882,1.0670440330008555,-0.010849580220198662,-0.0026484315966774177,0.6693989567751882
2012-08-24 13:30:00,-0.008707466706247153,1.0640411988784861,-0.01332418815840064,0.00028854674809194086,0.6660666456091126
2012-08-27 13:30:00,0.0036281823498410357,1.0483395285788748,-0.012865545705351145,0.004678403551587218,0.6334015038212573
2012-08-28 13:30:00,0.0022990204024524188,1.0098137008369785,-0.018489568476231177,0.000673559160594935,0.6331726029243806
2012-08-29 13:30:00,0.0046820478157551535,1.0077778220679208,-0.01753259420018305,0.008060234074744951,0.626120560489288
2012-08-30 13:30:00,-0.0006345273547406771,1.0250494127714116,-0.038795126926097656,-0.003742467510562212,0.6099057702775135
2012-08-31 13:30:00,-0.0018697383545558757,1.0036426551432052,-0.03559829168490414,0.0011242031607392455,0.6156338389922552
2012-09-04 13:30:00,0.008050007771094738,1.0219859041972494,-0.052542214334081794,0.008908846219652858,0.6248706149633171
2012-09-05 13:30:00,-0.0017622795015873644,0.9948833844178903,-0.03232481709298918,-0.0013677923675147567,0.63379556786315
2012-09-06 13:30:00,0.0009794909933686768,0.9943816902521785,-0.028802694954229935,0.016248143018982697,0.6421387277019344
2012-09-07 13:30:00,0.0018123839713760457,0.9972232621035136,-0.028677246438378212,0.0014419550052342893,0.6374939398427495
2012-09-10 13:30:00,-0.00439272572962583,0.9997678251631714,-0.03500574823102198,-0.007604880258771633,0.6325836225366
2012-09-11 13:30:00,-0.0015286562086784406,1.002879667559017,-0.030516769421794154,-0.001080147723735066,0.6306035404496891
2012-09-12 13:30:00,-0.00262605551030262,1.0068426983143914,-0.03715648933163662,-0.0023192459929588516,0.6249159777190257
2012-09-13 13:30:00,0.002273796898511305,1.009399328510342,-0.03920544553073757,0.012162216299951659,0.6236271731958122
2012-09-14 13:30:00,0.011891649374439449,1.006284941274429,-0.040746403503834405,0.007539628810826926,0.6237154605465189
2012-09-17 13:30:00,-0.004755462280146871,0.963739432021121,-0.01901925107573632,0.0006316768409166951,0.5984782680862907
2012-09-18 13:30:00,0.00078535798254097,0.9021204499044327,-0.000525969095115264,0.0037195987435472886,0.5905242709189028
2012-09-19 13:30:00,0.00019964800044017033,0.8916497091629909,-0.0012019094251241036,0.001084173552262942,0.5637042683498931
2012-09-20 13:30:00,-0.004992644730310222,0.8540124880213938,-9.519129648638547e-06,-0.001369094358648885,0.5662441635380283
2012-09-21 13:30:00,0.0029908339159766388,0.8418435954503474,0.004998060639750945,0.006174757296158943,0.5534734242196081
2012-09-24 13:30:00,-0.0025249184678825727,0.8353874332314138,-0.00251348606297519,-0.0002003980479418447,0.5760920110526767
2012-09-25 13:30:00,-0.003213987976394811,0.797619226372978,0.049901383415785205,-0.004355367429801545,0.5728211241115041
2012-09-26 13:30:00,-0.00417213643393033,0.7904113502297802,0.05517419832717718,-0.00908237322796516,0.5830168097681926
2012-09-27 13:30:00,0.006023605113743819,0.7698391229798149,0.08473840936122427,0.011525797558875247,0.593987507605691
2012-09-28 13:30:00,-0.0006548105552319117,0.7675900263323108,0.0956310348351182,-0.0040777939539477686,0.5950873066830292
2012-10-01 13:30:00,-0.0001023425947949191,0.7755336341043136,0.09237045376618074,0.004843597487131701,0.5859933536330277
2012-10-02 13:30:00,0.000969061633404442,0.7641124464593434,0.09103172372352157,0.005299090712798549,0.5912949026540243
2012-10-03 13:30:00,-0.0003059671902404613,0.7368859110994704,0.09944910193139436,0.006095353613526274,0.5915251385721674
2012-10-04 13:30:00,-0.0026437686766729216,0.7312200939858412,0.09700643362833103,0.0020832430065856147,0.590737423248472
2012-10-05 13:30:00,-0.005576932053302673,0.7081281492345738,0.11627415247749329,-0.004362544682990725,0.5891502442128738
2012-10-08 13:30:00,-0.0010263918772242995,0.7055743537434631,0.12182297133577452,-0.002879200278426882,0.5828345707215701
2012-10-09 13:30:00,-0.005668319939780781,0.6898901152138562,0.12615346322993415,-0.01664238235538995,0.6032551236387566
2012-10-10 13:30:00,0.0023746377079679874,0.6904315277478876,0.15267342990643623,-0.003365397011122632,0.607871493101798
2012-10-11 13:30:00,0.0065822869636023035,0.7079780187287485,0.1509883250957551,0.007780450439981361,0.6290021619840741
2012-10-12 13:30:00,-0.004487101096071252,0.7004205010795436,0.15503973088593803,-0.00594675849295893,0.6315317614444689
2012-10-15 13:30:00,-0.005321151993180079,0.7107969296251632,0.14887559716902612,0.005164046101959159,0.6147137745078538
2012-10-16 13:30:00,-0.003621898958497206,0.6154061681308352,0.17474777772405387,0.004643891819067288,0.5661284534852884
2012-10-17 13:30:00,-0.004902253416821033,0.5519341352390061,0.1718033732244923,-0.00227097359563048,0.5463476416595067
2012-10-18 13:30:00,-0.0037682171719652362,0.558134656807266,0.15392701842365816,-0.005581496147744021,0.6076323154675703
2012-10-19 13:30:00,-0.00044215848732741606,0.550007005169569,0.17827085302417914,-0.01704902022186668,0.6398375332783602
2012-10-22 13:30:00,0.01404064732098529,0.5705643148196743,0.19870310580103165,0.012807502873980173,0.5877878912552882
2012-10-23 13:30:00,-0.0059947835205446925,0.5272853672082018,0.18453060734128168,-0.01628839020046391,0.6082449515190139
2012-10-24 13:30:00,0.0009008281497695559,0.5742555644872328,0.1853308801154524,0.0010160944173876658,0.6212474270918159
2012-10-25 13:30:00,0.00038981524809483803,0.575161268065449,0.1834575231428748,0.0049517002983392455,0.6176130542859218
2012-10-26 13:30:00,0.0011695188327068137,0.5428918417732095,0.21108259026747866,-0.004990934727803875,0.6040235100899419
2012-10-31 13:30:00,0.008839551847749469,0.5527606840241678,0.21545550971505348,0.0003342338463708054,0.668140473933322
2012-11-01 13:30:00,0.00932585047915448,0.5376081912202484,0.1960258196371192,0.017336050040090163,0.688085224840148
2012-11-02 13:30:00,0.003386971792252792,0.5404059803897208,0.21669118992979253,-0.0041795307567260576,0.6651403669301822
2012-11-05 14:30:00,0.0031696964361177145,0.6173995310960811,0.16997925025974564,0.007425239034990409,0.6992246514829473
2012-11-06 14:30:00,-0.0021282374234831143,0.5635233527622968,0.2043866954492586,-0.001591153511597147,0.6863118997718262
2012-11-07 14:30:00,0.005618548042938565,0.5627890901083088,0.20467301660920378,-0.008862523642639028,0.6582686422422888
2012-11-08 14:30:00,-0.009792316037465151,0.5332949604185401,0.20133546628205373,-0.017800236758105714,0.6831625251713728
2012-11-09 14:30:00,-0.005720958413382718,0.6087018721430274,0.18200615139488557,-2.0261568805005996e-05,0.6764077251915309
2012-11-12 14:30:00,-0.006310076665081346,0.6275829948524148,0.16717534127332612,-0.0005518888004732622,0.6787971674336332
2012-11-13 14:30:00,-0.0033314005626838934,0.6376232500412609,0.14912265831996907,-0.005065252283854497,0.6879184422157522
2012-11-14 14:30:00,-0.0068247245135198975,0.6366987300395682,0.16337064011119937,-0.018778802383677722,0.7060754705627086
2012-11-15 14:30:00,0.009524434420979989,0.6825340507127626,0.16286865709219334,0.003430832378686466,0.7058376971216317
2012-11-16 14:30:00,-0.0037649817922395306,0.7212279216410226,0.1261778852922949,0.005631372635030403,0.705027353244275
2012-11-19 14:30:00,0.007628550119841846,0.740475507616756,0.10913158918768329,0.017175056767479917,0.7334001104131219
2012-11-20 14:30:00,-0.0036849313713508258,0.7612269906125907,0.11381953822688595,0.002671608493626243,0.733315310365256
2012-11-21 14:30:00,0.0017791933527073975,0.7642117406223804,0.10702501787552224,0.0015306596635692449,0.735996807720571
2012-11-23 14:30:00,-0.0027789486991612253,0.7843921358242613,0.10719818411418919,0.008304178446949898,0.7427290878200564
2012-11-26 14:30:00,-0.00020536911526340858,0.7708865944131446,0.10842909182271684,-0.004260162491054209,0.7382366613720427
2012-11-27 14:30:00,0.0031437245889339594,0.7750104523802547,0.10656074249323036,-0.002044882224751743,0.7317820303096388
2012-11-28 14:30:00,-0.006510535022361405,0.7532867942576418,0.11299175988254345,-7.972707962415152e-06,0.7244923382498469
2012-11-29 14:30:00,0.005182923839865647,0.7295483216134799,0.11878080831599562,0.011958322540997749,0.7248429112419265
2012-11-30 14:30:00,0.0005118859484516508,0.7357255017869582,0.12282598657104771,0.0006989733885458538,0.7212685815779271
2012-12-03 14:30:00,0.0011356811949438173,0.7624682200088583,0.10306358620883138,-0.0014281746526939216,0.7218137338267425
2012-12-04 14:30:00,-0.0005458626619757815,0.763436847527638,0.10148173833122393,0.0009931155742524862,0.706925990162567
2012-12-05 14:30:00,-0.001779488146246046,0.749138468460402,0.10276752390248878,0.0004537635842622271,0.7069758144548096
2012-12-06 14:30:00,0.0019131663184811937,0.744318257720936,0.10558962254140225,0.0013398333067048778,0.7070550505713301
2012-12-07 14:30:00,0.0015202323844595747,0.7413457007923805,0.10347362826556356,0.003472217108846376,0.7070667908057157
2012-12-10 14:30:00,0.0008352154826158694,0.7452067555164508,0.10186988680404852,0.005727109335269542,0.7141813927311421
2012-12-11 14:30:00,-0.0016571032687929324,0.7380444116878706,0.1074841319947869,0.008244411837496468,0.7087455576157181
2012-12-12 14:30:00,0.0024707925900842916,0.7169974518159782,0.10952531808324745,0.0011209299401902701,0.7076150602822556
2012-12-13 14:30:00,0.0028946932851072367,0.7726385233151076,0.08210582424913676,-0.00461675920731915,0.7093703987728383
2012-12-14 14:30:00,-0.0007294411478108729,0.764258859645466,0.08664817038805239,-0.004396033260818943,0.709491887622444
2012-12-17 14:30:00,0.002861061598439953,0.7654695248461206,0.08603876591679627,0.009714296202382103,0.7151195121475573
2012-12-18 14:30:00,0.005182283791515784,0.7738142864257974,0.08551484801974107,0.0124422651521258,0.7233348759050342
2012-12-19 14:30:00,0.003948678864949551,0.7936053819684525,0.08466181692185659,-0.0056294014719018666,0.7197087079058125
2012-12-20 14:30:00,0.00581255600681175,0.7765099145230052,0.08527231350723974,0.006718853219740417,0.7218950718899126
2012-12-21 14:30:00,0.00025961042924825626,0.7925531693702691,0.07671131513150153,-0.006864804332541219,0.7260828134452765
2012-12-24 14:30:00,-0.002494110499493032,0.7997707229893428,0.0711314593203144,-0.005845132444021073,0.7279720926745217
2012-12-26 14:30:00,-0.002172664447022013,0.807211141503863,0.06372979461528738,-0.00548482221187326,0.7205322975150175
2012-12-27 14:30:00,0.0009617109766658729,0.8073536141496155,0.05812813696058583,-0.0003055746825457358,0.7141222985840848
2012-12-28 14:30:00,-0.0015631822565716283,0.804424776477048,0.05924777854803087,-0.010220787215226568,0.7210607805194887
2012-12-31 14:30:00,0.004357711048188946,0.8114047902956455,0.05828539511968478,0.014026309294802974,0.7316553179023465
2013-01-02 14:30:00,-0.0015915197476204582,0.8213912275461893,0.060007261422415414,0.016952934056682006,0.7426610493132308
2013-01-03 14:30:00,-0.00710368915666263,0.8224549859501327,0.054752930574602066,-0.005870677791092294,0.7379686352381406
2013-01-04 14:30:00,0.00074020106891235,0.838451227258971,0.04636955454442415,0.0049023911124415065,0.7404987814914937
2013-01-07 14:30:00,0.0018111467422006612,0.8338035767801681,0.05081055775569576,0.0049554172244306765,0.7426868675175137
2013-01-08 14:30:00,-0.006409317740554259,0.8382411316556793,0.048590349502697194,-0.005788732743590264,0.7379537996163495
2013-01-09 14:30:00,0.002215225286583522,0.8389923531912546,0.035022533032357916,0.011886738731654726,0.7409129935656841
2013-01-10 14:30:00,0.0015521474927869781,0.8602379346247973,0.029141759628411368,0.007589174557944167,0.7405484718975625
2013-01-11 14:30:00,-2.0773100348110707e-06,0.874871384240414,0.02113043647919821,-0.00022247877259958435,0.7383488563856364
2013-01-14 14:30:00,0.0020652503234349267,0.8720331882949607,0.02110643984422178,0.003064044041157269,0.7371642216398095
2013-01-15 14:30:00,0.008222241762188187,0.9610834278956315,-0.014185591681374343,0.00696482952838573,0.7460481165122593
2013-01-16 14:30:00,0.0017420425014940328,0.9680699584456567,-0.009117564056782768,-0.00023462080718668807,0.7509038979649697
2013-01-17 14:30:00,0.005561772769809818,0.9545511393533431,-0.0016032843297085764,0.01403966864016204,0.7619798189130563
2013-01-18 14:30:00,-0.0001810352836758085,1.0272699334651905,-0.039082307555347806,0.0032237785147940143,0.7457629665734187
2013-01-22 14:30:00,0.008831397982669971,1.0223565710984053,-0.04023551338644993,0.011676860844126816,0.7511313400590364
2013-01-23 14:30:00,-0.0013512730160334333,0.9977191459613647,-0.020721436191060927,-0.002307685651933363,0.7409679135894801
2013-01-24 14:30:00,0.001692907217914934,0.9664051729896798,-0.013163390665151153,0.007828240029098174,0.7436136324093363
2013-01-25 14:30:00,0.0007259370798500201,0.9749286849840192,-0.017322254952071736,0.008068054313759307,0.7477746958979368
2013-01-28 14:30:00,0.0020877433310272425,1.0022302266256895,-0.0290359742306322,-0.0012639577955095478,0.7563957458758176
2013-01-29 14:30:00,-0.013442065864180827,1.0092350928670166,-0.03750627086843317,-0.0025892484483533984,0.7548965705425564
2013-01-30 14:30:00,-0.0018712616367726979,0.8722765203899452,0.034498763410394484,-0.005016385833721178,0.748870830344448
2013-01-31 14:30:00,0.0016175902846077691,0.8632368108072473,0.028194703446481006,-0.0005986857976243432,0.751575610853125
2013-02-01 14:30:00,0.003301685067832463,0.8557360694074286,0.03333944784444676,0.010418832000768838,0.7535777542165359
2013-02-04 14:30:00,-0.0009673447323366394,0.9179176795784376,-0.004031923910156832,-0.011116587988620289,0.7703537897826432
2013-02-05 14:30:00,0.004396355852003918,0.9288710179856625,-0.007837920559403688,0.014490147200030279,0.8130156431748207
2013-02-06 14:30:00,0.002110957760617009,0.9793329829627903,-0.006061287604096521,0.0018967622869630052,0.8001836462854132
2013-02-07 14:30:00,0.0036235570015231023,0.9207261339821667,0.009502793520795638,0.0001133743795237822,0.8051221671662819
2013-02-08 14:30:00,0.0025630741325405135,0.8954496833411979,0.023516818270033824,0.009383786694173502,0.8089827036213997
2013-02-11 14:30:00,-0.003697297782192149,0.8865468495250743,0.03811299511436361,-0.005790302276644417,0.8058533155803665
2013-02-12 14:30:00,-0.0005433869093712145,0.867477643851774,0.051816415488820655,-0.0017895438903450616,0.7886751946855105
2013-02-13 14:30:00,0.004672437821690986,0.855920397761516,0.029733390283149808,0.004229032068173266,0.7851754485210377
2013-02-14 14:30:00,-0.00039865355149178465,0.7858632924480239,0.08626140517126357,0.001038642655735426,0.7911339080196416
2013-02-15 14:30:00,-0.003701400630543278,0.7382600856886893,0.12928779407664165,-0.0015480472965297236,0.7771194108928928
2013-02-19 14:30:00,-0.003151092097499799,0.7256241119151632,0.11946561934007738,0.002375719234691894,0.7779670148180194
2013-02-20 14:30:00,-0.009290165517817365,0.6944175828697524,0.1434107466563211,-0.014963179369065585,0.7997292224629029
2013-02-21 14:30:00,-0.0016582420540701094,0.734682225381846,0.1394812688894892,-0.006812024008975663,0.8006199340138069
2013-02-22 14:30:00,-0.0036986317660486472,0.7530947128782972,0.14133103740597464,0.00159313140705238,0.8022794012149396
2013-02-25 14:30:00,-0.002560240235473455,0.769451500060902,0.12376186746984547,-0.01566983151790713,0.8209341563613117
2013-02-26 14:30:00,0.0011132944222294362,0.7667810664112379,0.1424376756920392,0.003001502853933339,0.8321060718814287
2013-02-27 14:30:00,0.0014361005585235027,0.8097608235829404,0.12703937741574461,0.01207871774825664,0.8417723488056114
2013-02-28 14:30:00,0.0002423109524289858,0.8165149677904494,0.11858244396160594,0.0003687087277548147,0.841885729373976
2013-03-01 14:30:00,-0.0019885664164098317,0.8177477947004325,0.1178451206941582,0.005576796497878345,0.8394567775662347
2013-03-04 14:30:00,-0.007527186660095123,0.8128411230042277,0.11814613406408864,-0.000957692511983114,0.8397303380468729
2013-03-05 14:30:00,0.0024444787504375176,0.8502164479896461,0.08425989804474687,0.010820523624819334,0.844590202245188
2013-03-06 14:30:00,-0.00143533431225824,0.8658880387044852,0.07879960887789772,0.0010197949089622016,0.8431911420716481
2013-03-07 14:30:00,0.002217444492908177,0.8727655219797863,0.07498243120656556,0.002145191321323366,0.8429403913557301
2013-03-08 14:30:00,0.005506715547387625,0.8576917197017347,0.08365882130979907,0.007621714573712819,0.84402822393441
2013-03-11 13:30:00,1.504647401565605e-05,0.8464869862814974,0.0912965842225979,0.004504904995156582,0.842350509210458
2013-03-12 13:30:00,-0.0008646280128922035,0.8477724579146907,0.09750966909594994,0.0032823321174337097,0.8417978483274741
2013-03-13 13:30:00,0.0033809241845170657,0.8472848301621806,0.09886122001011255,0.0023021066423319545,0.8399076465229284
2013-03-14 13:30:00,-0.0007273033063930165,0.8847155340006547,0.08206915994247066,0.001026331641718688,0.8369338761984378
2013-03-15 13:30:00,-0.0016160480071697033,0.8898833155558784,0.07775622988851849,-0.00396767341161149,0.8271637081060407
2013-03-18 13:30:00,0.0008646608601952221,0.8849997505721348,0.0801571822956536,-0.005611369172007367,0.8261800511532581
2013-03-19 13:30:00,0.0002847972489253523,0.8779274062108553,0.07533001652682181,0.0003524835680296749,0.8282840264849249
2013-03-20 13:30:00,-0.0018763961180994363,0.9127804569969585,0.06956830419931714,0.006142625443747256,0.8264735444091004
2013-03-21 13:30:00,-0.00037539838444025815,0.8907690019122253,0.08134180848085193,-0.006180338647868082,0.825962062222144
2013-03-22 13:30:00,-0.007174982209212422,0.9019291459945806,0.07836626880571862,0.0003103126222393504,0.820590930736611
2013-03-25 13:30:00,0.0022712058912960644,0.8631504191214284,0.08804323355389332,-0.0007884591371309554,0.8177491123029227
2013-03-26 13:30:00,0.00025606831536267166,0.855901456057606,0.08621504759305076,0.009908921270687987,0.8284637590759946
2013-03-27 13:30:00,-0.0014910886535824297,0.862617556381178,0.08364480065247326,0.0038716043788105856,0.8200958044975355
2013-03-28 13:30:00,-0.004248777884051588,0.8603660670394957,0.08134667526229955,0.004162557914347165,0.808705070163601
2013-04-01 13:30:00,0.0032387627169950597,0.8383830454697282,0.07751795157166796,0.0043725984643412,0.764179952149496
2013-04-02 13:30:00,-0.001946559673484352,0.8718180779608701,0.07197504757447304,0.011565488922200032,0.7656169146366764
2013-04-03 13:30:00,-0.00526159208707929,0.8404528433698011,0.08385537865305515,-0.01239168037818931,0.7737461746525711
2013-04-04 13:30:00,-0.002421730729981019,0.8327097007129044,0.10688928339524614,0.0021342929104893513,0.7717740826538443
2013-04-05 13:30:00,-0.0029637984140485968,0.8364508186115133,0.10137664982151265,-0.0076135264056803225,0.7844634532894829
2013-04-08 13:30:00,0.002683789133628255,0.8246734764808504,0.11421309942411562,0.003651249539368869,0.7797051984343016
2013-04-09 13:30:00,-0.00020577602566436252,0.8143526432414702,0.1161388472291149,0.003359040334415253,0.7806104232395343
2013-04-10 13:30:00,-0.01210291680037601,0.8054872822923321,0.1191497899800136,0.004210292307257742,0.764143761692624
2013-04-11 13:30:00,-0.0007030665399198914,0.738068330457382,0.10651150559226646,0.007662030974243746,0.7616616296321568
2013-04-12 13:30:00,-0.005743881779734921,0.7423123295813987,0.10237551039506254,-0.003847787923432063,0.7709888055687136
2013-04-15 13:30:00,-0.008960902963154316,0.8007826309947259,0.06885266848477362,-0.025376229054786942,0.8124913900432844
2013-04-16 13:30:00,0.0002616170303113563,0.8622744266736183,0.07756921188158669,0.01403840707899969,0.8069872211276126
2013-04-17 13:30:00,-0.00838100367357979,0.8106735177361217,0.10533934610150564,-0.011713047843075808,0.8129514987033762
2013-04-18 13:30:00,-0.003627498442895347,0.8655854665331026,0.07808724187790755,-0.014926296402611375,0.818854721706172
2013-04-19 13:30:00,-0.006644887187765755,0.8803311823207458,0.07392432311925706,0.00913637540932625,0.8277914752808684
2013-04-22 13:30:00,-0.01069060512420653,0.9101880719292458,0.03786051266848012,-0.004916334639190685,0.8262556118517472
2013-04-23 13:30:00,0.004604017965915793,0.8820528243278548,0.04571844756526755,0.010434336670884928,0.8306486496150942
2013-04-24 13:30:00,0.02007997492735896,0.8912890224068648,0.04235212676968425,0.003678196485761435,0.8227387278993915
2013-04-25 13:30:00,0.0002824825456256481,0.7723460687415377,0.043600623808148664,0.00402327849461422,0.8258989876863976
2013-04-26 13:30:00,-0.0008392546709197506,0.8510986037080647,0.008936602369932323,-0.0010157510882482883,0.8107563583565156
2013-04-29 13:30:00,0.006638469815384623,0.8548908375518797,0.004732643139859438,0.009361677009911787,0.8146077137386077
2013-04-30 13:30:00,0.009133065383097338,0.8684794182425863,-8.866473115642926e-05,0.0025776882523223708,0.8092877579416684
2013-05-01 13:30:00,0.002001987670520528,0.8200209712711727,0.008756726046389773,-0.00688232466382277,0.8056942288773007
2013-05-02 13:30:00,0.0064140707617272655,0.8093737433079374,0.005900438422253851,0.015487022665905625,0.8050661630116039
2013-05-03 13:30:00,-0.00609635440409248,0.8129734740053968,0.005395819280888503,-0.0005839319559969303,0.7967489969328597
2013-05-06 13:30:00,0.009034747818774738,0.7920204392678016,0.01466298487188522,0.0039035665137365783,0.7980605861567578
2013-05-07 13:30:00,0.0036311380943757883,0.7249828470150727,0.04865447187266214,0.00552013193330995,0.795323537262233
2013-05-08 13:30:00,0.011146454400344162,0.7336874738007638,0.03904273344130038,0.013345759439021906,0.8052204172196143
2013-05-09 13:30:00,0.00016663895586064399,0.7482556394109591,0.02919270994160844,0.0010193218881460557,0.8004803344631816
2013-05-10 13:30:00,0.0006401134343441018,0.7486553095419068,0.028506981365493456,0.00885366228407447,0.8055683392399943
2013-05-13 13:30:00,-0.007042172144146475,0.7617219357066587,0.0235254067043017,-0.00015535006473821333,0.8051099120051656
2013-05-14 13:30:00,-0.0036467408984016724,0.7783695476844497,0.0041654692389743175,0.0042857876247745326,0.8038362169298545
2013-05-15 13:30:00,-0.00222376341039485,0.7759426080091767,0.0008245822256554014,0.0018752621371685614,0.8044212210765623
2013-05-16 13:30:00,0.003069875698432904,0.7634416675742014,0.009643615023947394,-0.004923847123240417,0.794510339228883
2013-05-17 13:30:00,0.0009021522007342901,0.7166834408860833,0.01729424153566894,0.005182447835509733,0.791687129333993
2013-05-20 13:30:00,0.0007830516277496742,0.7159081761693395,0.014088124368535349,-0.004345906379219722,0.7951475264154043
2013-05-21 13:30:00,-0.0033533635685036823,0.7108347083481212,0.01710047794683367,0.004541352512034062,0.776050042159205
2013-05-22 13:30:00,-0.007562103674088884,0.7187395482548723,-0.01519018066062594,-0.007459692838522806,0.7686717826016197
2013-05-23 13:30:00,0.004592803699249661,0.7069625247926594,-0.002927009382235446,0.004269717454366735,0.7617230017843523
2013-05-24 13:30:00,0.0007874479825950736,0.6732464327612309,0.010922831603347505,-0.0012779603152778263,0.7572186921206185
2013-05-28 13:30:00,0.010326373786522096,0.6744813317735269,0.009818886664218707,0.017377368157048306,0.7702729051521221
2013-05-29 13:30:00,0.001842941151362628,0.6825363899958357,0.020757518075181114,-0.009041369096110344,0.7763930842470246
2013-05-30 13:30:00,0.008678222221588736,0.6577595647834902,0.037805793443462354,0.01391070109782174,0.7766980053330351
2013-05-31 13:30:00,0.002826839623494483,0.6527919767441855,0.04462113373561938,-0.01226394123648089,0.7811576474271331
2013-06-03 13:30:00,-0.001616123837493554,0.6313080903599864,0.05142085755994996,0.0011568618947953209,0.7762929523676566
2013-06-04 13:30:00,-0.00045275499380019023,0.6235376513460479,0.056823214055650995,-0.005439384301660799,0.7762462133992608
2013-06-05 13:30:00,-0.0027824664856739116,0.6290910656549056,0.0532342953077255,-0.013086928553171765,0.7823748711495021
2013-06-06 13:30:00,-0.004789999326669618,0.6359525395608111,0.05556781746065198,0.005888877535305648,0.7806405649540751
2013-06-07 13:30:00,0.005571238524245896,0.6306093061646152,0.04877846229115318,0.012493167572438532,0.7835360658347016
2013-06-10 13:30:00,0.007958168264208716,0.6151111682063517,0.06765994040170076,0.008251374950482152,0.7842392787615076
2013-06-11 13:30:00,-0.0017956003667800122,0.6345508364972484,0.05292737439133555,-0.004563049175043428,0.7901713081051813
2013-06-12 13:30:00,0.004543942411523007,0.6384220833947345,0.050364371918725226,-0.0030171275124286265,0.7883570337925715
2013-06-13 13:30:00,0.002422904996910025,0.6351679607523384,0.043846948245961415,0.012465469476024005,0.7914945437459077
2013-06-14 13:30:00,-0.003029933008057356,0.6477291306330699,0.03821212462521628,-0.004555034751918319,0.7943580371999075
2013-06-17 13:30:00,0.004012686760681197,0.6417589424766428,0.044393920126770015,0.00490990970735139,0.7887626229060181
2013-06-18 13:30:00,0.0018588480036007419,0.6523599968076077,0.03380367745636903,0.00781530056211325,0.7914694926121447
2013-06-19 13:30:00,-0.0030082994499181937,0.6617617216528247,0.033092832371517056,-0.013962818724863416,0.8038935809688016
2013-06-20 13:30:00,-0.003104977265449921,0.6799252354418002,0.02852934815296293,-0.021505260247715114,0.8162912473520794
2013-06-21 13:30:00,0.00012502860284939552,0.6869896378102007,0.03338473509973933,0.007206844695224997,0.8111961854353891
2013-06-24 13:30:00,0.0024853368273351083,0.6859544310232133,0.03405979466763315,-0.0034234929454293925,0.812000183474693
2013-06-25 13:30:00,-0.0028032451735294553,0.6832046420995891,0.036732833809129395,0.00046312121106791465,0.8281799140811921
2013-06-26 13:30:00,-0.006088000560026226,0.658874063610324,0.053061500794320926,0.004723787161318234,0.8330962882019843
2013-06-27 13:30:00,0.009314971556492782,0.6488495807201808,0.04746689967604423,0.01205696696328292,0.8341038438069228
2013-06-28 13:30:00,0.0020022628020211447,0.6705867516044342,0.02741804707833484,-0.003268826688947605,0.8352400593467196
2013-07-01 13:30:00,0.0034281386070339767,0.667363417771129,0.029353589964622895,0.006509510274452494,0.8329956851711792
2013-07-02 13:30:00,-0.004944288775075229,0.6363777561031407,0.05027441678741129,-0.006102157362777638,0.8354290978943776
2013-07-03 13:30:00,-0.005294758023608418,0.644524639902081,0.04585922639668838,-0.0062962252276670405,0.8359435859423859
2013-07-05 13:30:00,-0.00030933699181661355,0.645946760954902,0.04614373329042509,0.009613730871968892,0.8445366141174943
2013-07-08 13:30:00,0.006231785322964244,0.6665836328593808,0.04634775994527707,0.009984590148242637,0.845493315861184
2013-07-09 13:30:00,-0.0028299562710707472,0.6805126203477974,0.039501883785828085,-0.0008152795546706818,0.820769874746822
2013-07-10 13:30:00,-0.0008271943728564643,0.6763294193147149,0.04273353621550746,0.004288574377709982,0.7962381667753954
2013-07-11 13:30:00,0.00270293596043655,0.645620415652201,0.031485705629880956,0.01171685899326295,0.79566504264907
2013-07-12 13:30:00,-0.004930467011164012,0.6379515396262314,0.03415698430031333,-4.332293516821443e-05,0.7900649062436492
2013-07-15 13:30:00,0.0024188854774034457,0.6296253405287005,0.028778514557531554,0.003266726380637408,0.7768755659120755
2013-07-16 13:30:00,0.001852617838757016,0.5991907905670201,0.036265496984084655,-0.002232769608592422,0.774896644666163
2013-07-17 13:30:00,-0.0002642652145258275,0.593131160561861,0.044656231261105184,0.0016057242381523433,0.7648465527549747
2013-07-18 13:30:00,0.011177277678057386,0.6099636986538073,0.03932312120260861,0.012748319484133871,0.7573410177199813
2013-07-19 13:30:00,-0.010309228226956875,0.622725050574044,0.028516700069259326,-0.00164973136441345,0.7608633417523576
2013-07-22 13:30:00,0.0021817739273081757,0.6274696135502172,0.04193235739167145,0.005370657864009957,0.7633751582276629
2013-07-23 13:30:00,0.0018330865469569947,0.6292585854757817,0.04126723294376977,-0.0010103936537763092,0.7746760086764253
2013-07-24 13:30:00,-0.003708484084687635,0.6296430510559436,0.03998129064101408,-0.0050994608050524875,0.7747749204064364
2013-07-25 13:30:00,0.00034348185116276405,0.6230502484765856,0.045158709239514705,0.004481555125106544,0.7697710779365337
2013-07-26 13:30:00,-0.0037411580869417906,0.6374826501184593,0.04305086560543392,0.0004490741374614989,0.7665263171334282
2013-07-29 13:30:00,0.0006901353059547775,0.6261473737687009,0.04862707720865689,-0.00176225357212297,0.7613907827477379
2013-07-30 13:30:00,-0.007481059872843062,0.6111893623152489,0.04887222076162989,-0.006684758909592414,0.7650336950842699
2013-07-31 13:30:00,0.005517279343539504,0.6447859969872376,0.02905712771527058,0.006176170974662387,0.7661218913677862
2013-08-01 13:30:00,0.004514089279650083,0.6571372629222872,0.02851046100168142,0.009072861777980648,0.760690265997432
2013-08-02 13:30:00,-0.002980128189884653,0.6473902680066931,0.03828100617780328,-0.002632417820680725,0.7532356001266964
2013-08-05 13:30:00,0.0060734040542828,0.6361070254192303,0.04466587587989568,0.005320960132689863,0.7541698129742934
2013-08-06 13:30:00,0.0006514622923881491,0.6295275511594636,0.04715958946361842,-0.0034328324598246938,0.751209908842234
2013-08-07 13:30:00,-0.004252319717233551,0.6310812385801006,0.04440309840436263,-0.00423426085530243,0.7536597762443931
2013-08-08 13:30:00,0.005744576754219938,0.6156983329800818,0.06517673053753692,0.005339754367743736,0.7549593937172826
2013-08-09 13:30:00,0.004508844481992397,0.6243131478330645,0.06351691670487125,0.0022243844033499696,0.7521779161711359
2013-08-12 13:30:00,0.001188815321160633,0.6242554675568932,0.06150863635182935,-0.0016172658617435998,0.750208756467876
2013-08-13 13:30:00,-0.0021949850759835367,0.6281398155088067,0.061052574857173525,-4.589481745975732e-06,0.7484470474094836
2013-08-14 13:30:00,0.0013534745921606503,0.621474775418998,0.06438904643051524,-0.0034880046108704357,0.752381382810753
2013-08-15 13:30:00,-0.005880870059417169,0.6185799447059104,0.0657091240423816,-0.018065098821395953,0.7717130035369543
2013-08-16 13:30:00,-0.00047587210306695646,0.6463018890112544,0.0689615416579773,-0.003952305402030916,0.7781914187253053
2013-08-19 13:30:00,-0.0020141000566960537,0.6579298457570284,0.06056153150142762,-0.0009943747242973089,0.7790947850205646
2013-08-20 13:30:00,0.003200070524714823,0.6622188264150732,0.056842306108760954,0.006053415471415284,0.780414412963537
2013-08-21 13:30:00,4.3304849945439636e-06,0.6572294865071562,0.061983431956061485,-0.003097049400887989,0.7723778238382689
2013-08-22 13:30:00,0.00036614857036337736,0.6480370013701522,0.0539220175759777,0.005220006974256582,0.7664999022916192
2013-08-23 13:30:00,0.00022436207611667598,0.6549479024001359,0.051866209279074815,0.001848408140758484,0.7607144844888335
2013-08-26 13:30:00,0.0007089748778031559,0.6473901747698426,0.047598871804652165,0.002685457247966353,0.7573244114405888
2013-08-27 13:30:00,-0.006574452585875986,0.6666977614763726,0.044554820135624174,-0.019113853028648393,0.7863316268968013
2013-08-28 13:30:00,-0.0031517925265179356,0.684748866990953,0.053111136500153644,0.0005700596556493057,0.7850922365477434
2013-08-29 13:30:00,0.003070448997280448,0.6870550171589572,0.04910357305331825,0.005725943527817856,0.7812244926445557
2013-08-30 13:30:00,-0.006506589928101543,0.6773575080959744,0.05112086381406722,-0.009737630281579257,0.7880861463570836
2013-09-03 13:30:00,0.00011326714363478832,0.6922036701491873,0.06110508618702304,0.006079107135422923,0.7873335183015895
2013-09-04 13:30:00,-0.0019967438424066076,0.6895572134761339,0.05516729433990908,0.007346401419150291,0.7900243821475158
2013-09-05 13:30:00,0.007208232417165637,0.6648447060270791,0.06667863567129195,0.008552283551956105,0.7922781320439422
2013-09-06 13:30:00,-0.0017854830070993804,0.6595168499515017,0.06986184206773871,-0.0013727887851598213,0.7885891297724847
2013-09-09 13:30:00,-0.0034513591011639077,0.6664722948342523,0.07633107196786748,0.002876280872563456,0.771001301328596
2013-09-10 13:30:00,0.0033581872535562137,0.6566278002480039,0.07385584914867593,0.007432896284982338,0.7708397369038901
2013-09-11 13:30:00,0.001772794924406618,0.677134404162658,0.06306647254062014,0.005534424696795511,0.7739407221985384
2013-09-12 13:30:00,-0.0007004299354258633,0.6719815705495704,0.0674869081642534,-0.0018560346337448779,0.7746772489925737
2013-09-13 13:30:00,0.0026025646623415123,0.6687776408042185,0.06781858716596822,0.0043903396938494614,0.7588378840013341
2013-09-16 13:30:00,0.0022565345816710543,0.6538468684155712,0.07005008831452841,0.008042728860833273,0.7260920124695615
2013-09-17 13:30:00,0.0033789229769477236,0.6396529265959607,0.06656028392951452,0.0044765227312054305,0.7287621368939097
2013-09-18 13:30:00,-0.008298564070073542,0.6311115255902364,0.07058820016179723,-0.003923966268545594,0.7039531532493856
2013-09-19 13:30:00,-0.0076461751093863765,0.6190369556588908,0.0735520366953899,-0.009280504349355049,0.7029878976497373
2013-09-20 13:30:00,-0.0024005136362284527,0.6618366658620829,0.05922629650150979,-0.003988363503470686,0.703514296850161
2013-09-23 13:30:00,0.005198568894841227,0.7017228590397347,0.06014238341179978,-6.25260425956009e-05,0.6937046813625173
2013-09-24 13:30:00,-0.0011057208728847542,0.6707617165491014,0.06063407085940653,-0.004400868460375795,0.6927026313112155
2013-09-25 13:30:00,0.007008794587121477,0.6884807638305337,0.05731988078837236,0.0011057129401246997,0.6897758964629038
2013-09-26 13:30:00,-0.0021564090268191387,0.6771340793615969,0.04483593345209602,0.001071308923992098,0.6842651464066302
2013-09-27 13:30:00,-0.002033788954171764,0.6671292651191155,0.04537557461610486,-0.001985303374792117,0.6790092686196397
2013-09-30 13:30:00,0.0055742699036096105,0.6621145798845892,0.045287587900182946,0.0034370404729592665,0.6740131430862236
2013-10-01 13:30:00,0.00232237391530519,0.6763260068456923,0.03328200432466921,0.011566318445710063,0.6796560658755229
2013-10-02 13:30:00,0.003499453010247288,0.6595855384944511,0.04293999298612339,0.001957829992157545,0.726615894671267
2013-10-03 13:30:00,0.004315228758942319,0.6582849236510753,0.042122259354252845,-0.0019183308600290532,0.7234472764095695
2013-10-04 13:30:00,-0.0007326871574055531,0.6393202005221865,0.04432483256082542,0.006558470094505757,0.7163454604500067
2013-10-07 13:30:00,0.0012081356036750613,0.619654933518757,0.04590297416193212,-0.006783320359534144,0.7196804286989501
2013-10-08 13:30:00,0.004891251109704095,0.6014481982704974,0.0631954361287288,-0.007312170911875786,0.7272652767418674
2013-10-09 13:30:00,0.00349623156328717,0.6130883683255353,0.0406693138224169,0.0005903139477636543,0.722594604473807
2013-10-10 13:30:00,-0.0022992249165327827,0.6390119901538598,0.026696963304448373,0.013690683411331062,0.7494517211319455
2013-10-11 13:30:00,0.005096248085829126,0.6197091457870189,0.02647145421840935,0.007724776921565517,0.7530987284217806
2013-10-14 13:30:00,0.0005255542078868849,0.6187329492358126,0.026136557439272567,0.005165632576204541,0.7548590135818526
2013-10-15 13:30:00,-0.00508474677488824,0.6820119566347712,0.016805490534606525,-0.009579739068787174,0.7608266915361309
2013-10-16 13:30:00,6.6323763897062e-05,0.6941816292166912,0.01549501643938933,0.014943968663412003,0.7807277793293149
2013-10-17 13:30:00,-0.004126217962346514,0.692657279245946,0.016707354010488285,0.0018824987590294977,0.7583240569749155
2013-10-18 13:30:00,0.0013706221205704143,0.6823072689710598,0.015350347704445544,-0.001614901899891145,0.7585606116813524
2013-10-21 13:30:00,0.00034905031540855783,0.6840488215396281,0.01311603705574127,-0.003473503418007932,0.7590320751496615
2013-10-22 13:30:00,-0.004784968100354978,0.7006510302210731,0.00807593468983045,0.0018941855122795264,0.7580524803157855
2013-10-23 13:30:00,-0.002558742983507954,0.6852041805797696,0.00950984249224579,-0.0037884477926685887,0.7367343759782016
2013-10-24 13:30:00,-0.007845819115101845,0.6714806774088452,0.017802446333245625,-0.0075759875965873595,0.7398170324396416
2013-10-25 13:30:00,-0.004395255895282622,0.7160830442519945,-0.006065916094045332,-0.003440993507861534,0.7452007321818824
2013-10-28 13:30:00,-0.0017407060993928462,0.7101414117612077,-0.0076602447602594215,0.0006954817507870045,0.7448939679073314
2013-10-29 13:30:00,4.325028632668881e-05,0.7046708509116426,-0.0054513850514131545,0.00468811549198711,0.7514804002830466
2013-10-30 13:30:00,0.0006030158123714385,0.7168748457270424,-0.010078935437321315,-0.002949450238766064,0.7511840535724024
2013-10-31 13:30:00,0.006095726674115875,0.719345036155947,-0.012367328864286084,0.003383971687194842,0.7491716124704638
2013-11-01 13:30:00,-0.007095872694566191,0.725644605526413,-0.02040000631830049,-0.0023910052117152767,0.7482609820077442
2013-11-04 14:30:00,0.012755819213382303,0.7019342754751066,-0.01318037404823487,0.013163127816614365,0.7539053676651486
2013-11-05 14:30:00,-0.003056285250619788,0.6902526647700082,-0.0034101403124990326,-0.005398609988184977,0.7551868225425863
2013-11-06 14:30:00,0.0027486779230746932,0.702137376439582,-0.007020310276881325,0.0014193203782746726,0.7513587979206773
2013-11-07 14:30:00,-0.006200231729810113,0.7222213047171825,-0.018192497977109756,-0.012281032158061015,0.7585832709781433
2013-11-08 14:30:00,0.002544745668935122,0.7516506621078901,-0.021961412274996595,0.012690388315035475,0.742360830439656
2013-11-11 14:30:00,0.0038234875724790967,0.7145593774437456,-0.013362414484462515,0.0054090234621588795,0.7413011854961948
2013-11-12 14:30:00,0.0017515775317134958,0.7070226706800837,-0.00956131125463311,0.0014647596149073294,0.7409941202304909
2013-11-13 14:30:00,0.0040547903393369856,0.7116158555669267,-0.012184479028365114,0.007954554550081946,0.7490800329333983
2013-11-14 14:30:00,0.0004765612879598655,0.7263465502988192,-0.01805240495303284,0.006591378293691719,0.7498665801455502
2013-11-15 14:30:00,-0.004098863462268027,0.7405356717096461,-0.023153444066666973,-0.0002558142253467066,0.7497823484351486
2013-11-18 14:30:00,-0.0022726494386277225,0.7426746746919418,-0.027252428044455962,-0.004884077573642435,0.747389635472084
2013-11-19 14:30:00,-0.003095151979232303,0.7405308332632793,-0.024220710970663965,-0.002328276560254139,0.7443831840906281
2013-11-20 14:30:00,0.0022545709953340387,0.7547735074270218,-0.031045316438646345,0.004196142540253985,0.7015666452324304
2013-11-21 14:30:00,0.00748554022381203,0.709992923052737,-0.03150389481283353,0.009679329236085943,0.7058771597101959
2013-11-22 14:30:00,-0.004221699993734888,0.6858383422564258,-0.01604231510355622,0.0045939069765976726,0.7023031047218153
2013-11-25 14:30:00,0.0017697014177346215,0.6739848698929768,-0.01879869526130873,0.0042785825542711224,0.6811463007876682
2013-11-26 14:30:00,0.007430794925973962,0.6617798252319921,-0.019333330277625904,0.005292113796162641,0.6767391841818546
2013-11-27 14:30:00,0.0007451665405180899,0.6232840449875723,-0.006620559534369852,0.0004795044123392378,0.6724818008129608
2013-11-29 14:30:00,0.0016733257836718538,0.6230176817316373,-0.006280861524011999,0.0012785529755475384,0.6630598936508182
2013-12-02 14:30:00,-0.004165938112162993,0.6288627912914431,-0.00936522861400546,-0.003987852015581199,0.6708495141490389
2013-12-03 14:30:00,0.0033140674720731006,0.6350324109146587,-0.011965893797811822,-0.0020520216819567283,0.6873447910452498
2013-12-04 14:30:00,-0.004754746969241801,0.6187491054615888,-0.0074989462603173365,-0.006897315353034468,0.6903278615604093
2013-12-05 14:30:00,-0.004251131542643654,0.6240174208814853,-0.008713586018015779,-0.005286192621406578,0.688738193368799
2013-12-06 14:30:00,0.0033099665339067427,0.6148933284895838,-0.0026109549521322745,0.01131353408123085,0.698609494734002
2013-12-09 14:30:00,0.0006936064764683839,0.6365486490716618,-0.008902314210774198,0.0020260937019221195,0.6966356493568084
2013-12-10 14:30:00,-0.0019326021345196496,0.6373314761769876,-0.00970179549706621,-0.004397198768411122,0.6912861959658848
2013-12-11 14:30:00,-0.010527541713018408,0.6299063731470229,-0.006604375948949276,-0.021144443683284386,0.7357137163734834
2013-12-12 14:30:00,-0.000353946980708981,0.6923580099406486,-0.01072844995473854,-0.0055036751213625905,0.7582876112146096
2013-12-13 14:30:00,0.0018742538719183075,0.7107261749244322,-0.013768208416047867,0.0024565835440527595,0.7609190340740349
2013-12-16 14:30:00,0.002653882907962482,0.6860738367639447,-0.0045622050995565155,0.003918533458223609,0.7596043278678648
2013-12-17 14:30:00,-0.002643126138015333,0.6842868718882941,-0.004344204710923394,-0.0058836941316554965,0.7631224978279599
2013-12-18 14:30:00,-0.0015341133101730332,0.7057307672898478,-0.008129774086721997,0.015760120953643098,0.7701250538079192
2013-12-19 14:30:00,-0.004402701581697601,0.6874487335198741,-0.003957146474556694,-0.005905597958453246,0.7697595720842455
2013-12-20 14:30:00,0.007538163352967306,0.7225953209403795,-0.013076876549618033,0.010885967105108993,0.769483438953913
2013-12-23 14:30:00,0.004854150093501673,0.7039213149952029,0.0014166997638972723,0.007572885221436065,0.7730094598077742
2013-12-24 14:30:00,0.0039051908937271043,0.6916333155872064,0.009301709555930838,0.0026747102294103855,0.7734222460772702
2013-12-26 14:30:00,-0.0028166612121047255,0.6790507837636904,0.01707605127893741,0.0023550329688660407,0.77087963263654
2013-12-27 14:30:00,0.0013796958797210514,0.665244670143008,0.01831347054167798,0.0006090694849406608,0.7723414595196904
2013-12-30 14:30:00,0.0008435047164025442,0.6733160658945689,0.015234032471334487,0.001983584223330744,0.7729599597835795
2013-12-31 14:30:00,0.003826253815476171,0.6906385038553753,0.011881220323061256,0.0034500029149363196,0.7720360071879732
2014-01-02 14:30:00,-0.0025654899438422455,0.6918432498965115,0.011707066551583115,-0.0063764145561684415,0.7726512338446807
2014-01-03 14:30:00,0.004616417752839304,0.7090515480485348,0.007251621628574817,0.00626505242733133,0.7689765914131031
2014-01-06 14:30:00,-0.0008532409644560657,0.7120522734318018,0.015494531480140017,-0.003995090927815026,0.754692168041986
2014-01-07 14:30:00,0.007616137442245095,0.6925215812575136,0.029905409745586697,0.015633910973152847,0.7545031088054054
2014-01-08 14:30:00,-0.0026956688558933996,0.7255206812815387,0.03991744613422432,0.004734562205961357,0.7470629324319238
2014-01-09 14:30:00,-0.003491775240458993,0.7016035113958101,0.0473958667307357,0.0053231074000147,0.7451403491522265
2014-01-10 14:30:00,-0.0005807139896274981,0.7298334218407099,0.02834308350050807,0.0038130493288276446,0.728488946538883
2014-01-13 14:30:00,-0.0035427480056763223,0.7182671919429805,0.02756399478567584,-0.009895395195805437,0.722102760096672
2014-01-14 14:30:00,0.0006765445389834961,0.734269559559937,0.029226663994922908,0.010108761313255851,0.7494810157879742
2014-01-15 14:30:00,0.005393799445420022,0.7534351965409816,0.026597611754658912,0.004881893256014551,0.7571517889936906
2014-01-16 14:30:00,-0.004909924939947881,0.7455485443383406,0.03056481138237277,-0.002452896199064858,0.7486788320161571
2014-01-17 14:30:00,-0.0004540411422230084,0.753440516281233,0.0264821039840486,-0.0010469820134560992,0.7477011308512097
2014-01-21 14:30:00,-0.0038599273197987274,0.7738328109553514,0.024474453533919194,0.0011437270351514206,0.772127775402132
2014-01-22 14:30:00,-0.0016915081560896859,0.766239687233736,0.02340708407759773,-0.0010998795108304964,0.7673048016409174
2014-01-23 14:30:00,-0.00013360609471855384,0.7463742288664286,0.032297896540229076,-0.005344615154237342,0.7647161174652478
2014-01-24 14:30:00,0.0001826314547725555,0.7501647693861945,0.030520125431767076,-0.018478987551669396,0.7907100728231199
2014-01-27 14:30:00,0.004106461860738139,0.754277370299286,0.02906586531316635,-0.003212149918915127,0.7906914466221525
2014-01-28 14:30:00,-0.00732391039945538,0.7605857821841109,0.020613514008359646,0.0034905824616037564,0.7873452664345959
2014-01-29 14:30:00,-0.00037469645104757504,0.7348121791188432,0.02152633672790505,-0.007328867390851479,0.7909892208184814
2014-01-30 14:30:00,-0.0005724499495436807,0.7395125481032525,0.024688383450712448,0.013473314542595594,0.7989041683742372
2014-01-31 14:30:00,0.002251962809170959,0.754762028892346,0.020406435928734146,-0.004767927315850333,0.8003650135817724
2014-02-03 14:30:00,-0.009769045562187731,0.761980718692398,0.013731607182972727,-0.025375479325844646,0.8287816619175059
2014-02-04 14:30:00,-0.008807772010572217,0.787390433740433,0.02354549771011949,-0.000725517558137286,0.8307090705696755
2014-02-05 14:30:00,0.007748231429022727,0.744329933838093,0.03957745001560553,0.002812604872969119,0.8270058690029459
2014-02-06 14:30:00,0.001941437330014572,0.7387455246076455,0.03013100971664251,0.005901931785416019,0.8230521733097946
2014-02-07 14:30:00,-0.012982990176938153,0.745100977929114,0.02644119967024805,0.0012878302965716089,0.8016895298368193
2014-02-10 14:30:00,0.00030510415375460155,0.7413159275984029,0.0021635479472167374,0.006549777511245525,0.800246613564496
2014-02-11 14:30:00,-0.002358493936226725,0.7383394473769529,0.004751639426523124,0.007714252514173865,0.7988055617761711
2014-02-12 14:30:00,-0.0029218970598170976,0.7238390010778077,0.007706828109940278,-0.0029036183832254667,0.7927706331344746
2014-02-13 14:30:00,0.007569387720561616,0.720675758193785,0.009019509774492729,0.012803485567191094,0.7980167175974241
2014-02-14 14:30:00,0.005208195737354345,0.7365532531907537,0.008177748220407288,0.007734170509714995,0.7956385943125555
2014-02-18 14:30:00,-0.0012078081334161543,0.7595978334977216,-0.004112029036470455,0.005731967983839755,0.7970965395143293
2014-02-19 14:30:00,-0.0030205920172413957,0.7594247355822561,-0.005167836021918948,-0.007588958667338663,0.8047760635157083
2014-02-20 14:30:00,0.0016362304697377207,0.7607852960940327,-0.0037396545456626074,0.008442048084302897,0.8056057297346086
2014-02-21 14:30:00,0.0017910897918672496,0.7691495005421423,-0.008874984094550564,0.00017131248117493078,0.8008553912812838
2014-02-24 14:30:00,0.008025480915184152,0.7786489114863787,-0.00714396691835939,0.013758777179508463,0.7925578015265368
2014-02-25 14:30:00,-0.008218012775198331,0.792090040632884,-0.00894023931577248,-0.010437367470219764,0.7902010677808464
2014-02-26 14:30:00,0.004876529843877317,0.8454299037582661,-0.031302218234345536,0.004966481408322565,0.7918571181429236
2014-02-27 14:30:00,-0.0014466099541637092,0.8486659197719719,-0.03363175608766966,0.003307131771550879,0.794662734502857
2014-02-28 14:30:00,0.002841023692993404,0.8491114833580943,-0.03405069966627561,0.004225721471640946,0.7908314569728611
2014-03-03 14:30:00,-0.0009604719512166498,0.8606320517871002,-0.041399281977613334,-0.007227792882562256,0.7934714053876801
2014-03-04 14:30:00,0.0010404437776662424,0.8746865669021264,-0.04228825958652349,0.016572925567882146,0.800936664972684
2014-03-05 14:30:00,-0.0008328009396674188,0.8749713895507709,-0.04209924763571238,-0.002864842064823773,0.8008982454345338
2014-03-06 14:30:00,0.0047820126457186665,0.8773226098017997,-0.04478660793270928,0.0007753876729283959,0.797516944147266
2014-03-07 14:30:00,-0.00032276240958471194,0.881377539389478,-0.05123147723081978,-0.0023000335700547048,0.8001843757491239
2014-03-10 13:30:00,-0.003900938242366652,0.8817603768026474,-0.05128533836826432,-0.0003842356319737246,0.799078246186968
2014-03-11 13:30:00,0.0011485468085098685,0.8757956966254746,-0.050024771327364714,-0.00010689839170200759,0.773059013543822
2014-03-12 13:30:00,-0.0007260462286742032,0.8491786493299351,-0.05412539915177195,-0.0011493435822180393,0.7726016161111899
2014-03-13 13:30:00,-0.001572660548202355,0.8567640541626018,-0.056611783909440216,-0.01215481853500655,0.7833096346973557
2014-03-14 13:30:00,0.0004894569426130485,0.8624333074503664,-0.05650049862609985,-0.004436728766843349,0.7858224076801825
2014-03-17 13:30:00,-0.0018159778284071856,0.8602580805577147,-0.055743082260029775,0.006926598301658353,0.7866431814193153
2014-03-18 13:30:00,0.006302445483360313,0.85028200904459,-0.053899994257728956,0.013464593689140436,0.7891590379402613
2014-03-19 13:30:00,0.008492788995832178,0.8881012116271225,-0.05504970166724488,0.006045703303779219,0.7756309391802904
2014-03-20 13:30:00,-0.0005035198889105418,0.8747670800065712,-0.05443998953071827,0.00016455517708620823,0.7701432476072753
2014-03-21 13:30:00,0.00835291512898726,0.8769556374875681,-0.05869664045810763,-0.005101229739752318,0.7678346556256699
2014-03-24 13:30:00,-0.00607600036841691,0.8544849657859832,-0.06583782580126096,-0.01297857735319415,0.7762991697523772
2014-03-25 13:30:00,-0.007220993896570265,0.8609323350213437,-0.05978938440399151,0.0007037731917920823,0.7718268476494337
2014-03-26 13:30:00,0.002398861625982536,0.8377318637946718,-0.05159532197675376,0.0043383733962422495,0.7706365390907602
2014-03-27 13:30:00,-0.0010277973406675424,0.8453839613532269,-0.05546914759935673,-0.0034219055925021427,0.765572201414308
2014-03-28 13:30:00,0.005888112031938117,0.8477448420121867,-0.056336856634809584,0.004707091219951017,0.7663088476752741
2014-03-31 13:30:00,0.004568869779773669,0.8611998684355717,-0.065330579342738,0.01394554326765185,0.77262681294492
2014-04-01 13:30:00,0.004402899462895356,0.8640780004640927,-0.06223011982401383,0.008563423584966978,0.7742335395639813
2014-04-02 13:30:00,-0.0022651030859682313,0.8604167735950947,-0.058767549369932115,0.001963334001222542,0.7855660836370216
2014-04-03 13:30:00,0.002008793150480047,0.8533633779173986,-0.056813208337437304,0.002190045851954333,0.7780240125168804
2014-04-04 13:30:00,-0.006124172336808682,0.8455427662744215,-0.060950884233384794,-0.017666145964798725,0.7973561687821379
2014-04-07 13:30:00,-0.004941418364860116,0.8637942944227092,-0.05847907686320869,-0.013473025925484975,0.808518915400661
2014-04-08 13:30:00,0.009824015432894505,0.9048045915928702,-0.07683699404443767,0.002188663102195824,0.8047548456614337
2014-04-09 13:30:00,-0.005195694829940532,0.8890815679008915,-0.07868282492993262,0.01082640863483412,0.8048603677857797
2014-04-10 13:30:00,0.0003762708653393988,0.8649444427980549,-0.07954862132348628,-0.023328037446640693,0.8218555763940462
2014-04-11 13:30:00,-0.007752706988359558,0.8642311872412184,-0.0799075965245708,-0.012702161465700135,0.8270117719847674
2014-04-14 13:30:00,-0.00010537320318527912,0.863221873964734,-0.07352337486357141,0.005955231463399195,0.8322035215007585
2014-04-15 13:30:00,-0.004978700864628641,0.8577327662279648,-0.06996497711734684,0.004082222364102976,0.8342033958973097
2014-04-16 13:30:00,-0.00517212932329951,0.8421391908299827,-0.06563417660761306,-0.0029066680307897976,0.831656586307408
2014-04-17 13:30:00,-0.004621846933268767,0.8510726005454406,-0.07137830994187622,-0.004290776515091539,0.8216910104154843
2014-04-21 13:30:00,-0.005687387735038775,0.850148386615152,-0.07071071937911744,0.0027373047589192754,0.8238226590583221
2014-04-22 13:30:00,-4.605625974674413e-05,0.8478993684494252,-0.07379991302478661,0.00600433842408532,0.8099449021871438
2014-04-23 13:30:00,-0.00031791374671903856,0.843693306257505,-0.0724564763306852,-0.0025117474010334004,0.8050526831933856
2014-04-24 13:30:00,0.006662051470114907,0.8421983853345347,-0.07104149864558762,0.005859859296876342,0.801580529464934
2014-04-25 13:30:00,0.0013250741566935421,0.8456814095470055,-0.06865344036763465,-0.0022746617670823164,0.792186914532329
2014-04-28 13:30:00,-0.008053840921677246,0.8472261444120355,-0.07060347311509063,-0.002569274138818541,0.7803009911386537
2014-04-29 13:30:00,-0.00308841117676516,0.8254010235467075,-0.06323211445393606,-0.0006325504539583804,0.7792589903992749
2014-04-30 13:30:00,-0.0010669668464348035,0.8352994119183683,-0.06828230379403655,-0.0006036164050832923,0.7469487554325545
2014-05-01 13:30:00,0.003601717378831809,0.7940756749576003,-0.06998055343618848,0.00449196559920136,0.7501128364079853
2014-05-02 13:30:00,0.005204293241104528,0.8043537649263344,-0.0685351973856797,-0.00043302035585535137,0.7504095040170271
2014-05-05 13:30:00,-0.00039531418661372395,0.7972985642348706,-0.06602928050148116,0.003612310633952213,0.7488923138306293
2014-05-06 13:30:00,0.0007174002693893788,0.7945211582078822,-0.06530162095707792,-0.004539904125521743,0.7750270065993634
2014-05-07 13:30:00,0.0026352252872853714,0.7926718195897844,-0.051165611268872424,0.005533745504828658,0.7661922024874871
2014-05-08 13:30:00,-0.0017831705879313231,0.7991634030948191,-0.05484767529902357,-0.004143163690363198,0.7628310201030652
2014-05-09 13:30:00,0.004466443621945213,0.8059125377439098,-0.05375950739044588,0.007870099914632167,0.7728717963228314
2014-05-12 13:30:00,0.008245283307646116,0.7980226560188334,-0.04745605802051778,0.014745254569840919,0.7764920523030296
2014-05-13 13:30:00,-0.003227992563612087,0.7868343254097216,-0.03934049447573029,-0.0016390442845917175,0.7783673657464972
2014-05-14 13:30:00,-0.006231593200852051,0.7682958294490541,-0.032120864525754245,-0.005746433241416808,0.7794424096829441
2014-05-15 13:30:00,0.0016550489744726685,0.7706776211212307,-0.03293128454085559,-0.005644735683433637,0.7738025630964828
2014-05-16 13:30:00,0.0026478549304791523,0.7619544247301159,-0.032204395569759736,0.005500674346425723,0.7698290797848926
2014-05-19 13:30:00,0.0035279622858347725,0.7660124140354949,-0.03531480576983026,0.007500082496404954,0.7776646275526563
2014-05-20 13:30:00,-0.003054003139875823,0.7729208915218013,-0.03636045657002207,-0.007182782241686225,0.7848312179156619
2014-05-21 13:30:00,0.001867001229469407,0.7644986243205383,-0.03638636460669342,0.008342251549071275,0.7917139767139031
2014-05-22 13:30:00,-0.0017133290239652967,0.7302050546535097,-0.019907575654029896,0.002165076071759494,0.7904292331508084
2014-05-23 13:30:00,0.006945313383210464,0.7336593915591877,-0.022708022298973396,0.007126346660265422,0.7883875728405704
2014-05-27 13:30:00,0.0025470282025440876,0.7251124724162826,-0.01764184049416717,0.005855900662925517,0.7914317869480213
2014-05-28 13:30:00,0.0026636987248557205,0.7014220734650458,-0.005155560032353956,0.0006705144471507903,0.7864603642627399
2014-05-29 13:30:00,-0.00021923301207852578,0.6883353527159274,-0.0012996507502835986,0.005241254879405115,0.7750530558355071
2014-05-30 13:30:00,-0.002578152523147043,0.6685451113166494,0.0016911239976595827,-0.0008021772309791952,0.7773917384440234
2014-06-02 13:30:00,-0.002413978169043254,0.6590063838362423,0.004986674411919134,-0.0015947283269726054,0.7778411340172111
2014-06-03 13:30:00,0.004933884670959014,0.6492144256732382,0.0122125207841568,0.006153844363663581,0.7768440452621931
2014-06-04 13:30:00,0.0034195726955602527,0.648294154091805,0.013132941065123638,0.005516813226396004,0.7793879256339094
2014-06-05 13:30:00,0.006365180972782028,0.6463166842870035,0.016262632450265935,0.007458336228530538,0.7805631393958756
2014-06-06 13:30:00,0.003876511830940302,0.6294298144508218,0.02490620764673579,0.003514476242664285,0.7811277443751349
2014-06-09 13:30:00,0.0005979550549998491,0.6190831369729622,0.029291197702955518,-0.0007872902104747448,0.7710391952752836
2014-06-10 13:30:00,-0.0038711698765540774,0.603780432529993,0.03095274154231442,-0.0010661866261349278,0.7697698326976531
2014-06-11 13:30:00,-0.0040299191742975,0.6041363232402932,0.028118451771036057,-0.004951649086359884,0.7665739762965113
2014-06-12 13:30:00,-0.0019021716397417906,0.601470060048723,0.02966150371690157,-0.004914489450917696,0.7586234372012037
2014-06-13 13:30:00,0.0001934658752864628,0.6029665433105471,0.024269217266481125,-0.0004063710309908745,0.7720199878418783
2014-06-16 13:30:00,0.002413197064571257,0.611278702521258,0.02293019992946843,0.004072001038269731,0.7491874018191341
2014-06-17 13:30:00,0.0025448650209947427,0.6087462367510639,0.024525353916844406,0.002289542900889822,0.7472216059453793
2014-06-18 13:30:00,0.0002921628524397441,0.6358103566367764,0.0258230611306558,0.005697691314382691,0.728145949272117
2014-06-19 13:30:00,0.00344073720999856,0.6289019780793227,0.021473656009617592,0.0055708922483725205,0.7346029455267343
2014-06-20 13:30:00,-0.0005028463359401467,0.6566497766088393,0.014454134631823878,0.005086553572134278,0.7336311179433458
2014-06-23 13:30:00,0.002716358689975654,0.6386829886063139,0.022378312438172232,0.00015854252483449294,0.740537907520442
2014-06-24 13:30:00,-0.006337760730802844,0.6292157880309059,0.024683477173989887,-0.005992906138548341,0.7421804112744598
2014-06-25 13:30:00,-0.0007457480116864982,0.6096810344702039,0.03874563421448174,0.006000968675642963,0.7312116043831862
2014-06-26 13:30:00,-0.006838931555108796,0.5950841598726206,0.038003654055724756,-0.006080506154074479,0.7211098596145193
2014-06-27 13:30:00,0.0053004111570698655,0.5902038069754798,0.037179670692697064,0.0040363777830741965,0.7190748535524718
2014-06-30 13:30:00,0.0004524484414060758,0.5796229333813676,0.04052772419043282,-0.0016879642087067233,0.7202236389169783
2014-07-01 13:30:00,0.0011743094562263242,0.5641598040116091,0.0501836143667751,0.009192165153692958,0.6963244663486207
2014-07-02 13:30:00,0.0009511681004584762,0.5460664352831143,0.0454080282278741,0.005137870947884944,0.6717019912088323
2014-07-03 13:30:00,0.0030190328813603446,0.5070707545523256,0.05303621321094831,0.005108689701687948,0.6891024538634939
2014-07-07 13:30:00,-0.005968151203584142,0.5400341320656501,0.045206576164072254,-0.011524866020158156,0.6936451911618181
2014-07-08 13:30:00,-0.0021908875667038114,0.5631430893731224,0.0512236505946177,-0.009402590843952341,0.6307028917536962
2014-07-09 13:30:00,0.00032402255405768925,0.5445579470611337,0.05430886945838226,0.0031220719118990234,0.5975086491262553
2014-07-10 13:30:00,-0.0017428304432585168,0.527121094620344,0.04722445329800562,-0.0026209709297447072,0.5991822551181109
2014-07-11 13:30:00,0.0008060669570926532,0.5068931885120479,0.05481414225320691,0.0024121280387037203,0.5960439104243861
2014-07-14 13:30:00,0.002138924368318838,0.5207287959143246,0.052485176538482226,0.003961144812805184,0.5951961163486333
2014-07-15 13:30:00,0.001962503098035839,0.5174902837758969,0.06112803258068206,-0.004833006364251695,0.6219993232688121
2014-07-16 13:30:00,0.0077822698646600715,0.5144428921762503,0.057699276178746484,0.005252930634250068,0.5957468939874794
2014-07-17 13:30:00,0.0022694783314003136,0.5376353127996483,0.053953403928188814,-0.005577710196464025,0.5991373073808948
2014-07-18 13:30:00,0.0001361097697233568,0.537670046068903,0.0570258358774427,0.010839460383087326,0.6172113527112071
2014-07-21 13:30:00,-0.0008809945191074673,0.5329062148339587,0.05808105602797903,-0.0028124623907818482,0.6248001651268403
2014-07-22 13:30:00,0.005555276900609933,0.5448710257576551,0.05790025145341576,0.010674890895279399,0.6479127665852372
2014-07-23 13:30:00,-0.007176198495959303,0.5713985299423798,0.060052963970386564,0.0015762395091514225,0.6395122866801904
2014-07-24 13:30:00,0.004793881677970824,0.6282992967791187,0.029102810189026607,0.003155149281717932,0.6296111090756734
2014-07-25 13:30:00,-0.003070528399182654,0.618648038399439,0.03683467035426524,-0.005876438864060418,0.635379351199539
2014-07-28 13:30:00,0.00706406998910987,0.6234893257505133,0.038485210443066076,0.007046776127399346,0.6244544515758915
2014-07-29 13:30:00,-0.0040350053258481865,0.6389580357875929,0.03076846880641204,-0.002509181620763116,0.6277062198597407
2014-07-30 13:30:00,0.0022121057106331094,0.6815231738761498,0.0220844784616403,0.005281547614250852,0.6241166564521031
2014-07-31 13:30:00,-0.004652805340282043,0.6866753836036888,0.02306311704855568,-0.019523534967612905,0.6761652319389911
2014-08-01 13:30:00,-0.0034965304309356737,0.7444084240941853,0.02097839634637233,-0.0030504058190362615,0.6903490274455256
2014-08-04 13:30:00,0.007106882710708532,0.7297328117891797,0.02712446518388545,0.010516393274163057,0.7024504519116634
2014-08-05 13:30:00,0.001669877705653652,0.7373877841324012,0.02809401465754957,-0.0052372860176624165,0.702442498082279
2014-08-06 13:30:00,-1.2700614728294835e-05,0.7286690410896742,0.027807844780452395,-0.00030173113990021133,0.6782425094742551
2014-08-07 13:30:00,-0.0015389822946000557,0.7151453988547549,0.022493964839001013,-0.011062792961142801,0.6893285738883748
2014-08-08 13:30:00,-0.0037902917184010647,0.7323970932931081,0.019209328276597937,0.005338037227165564,0.6811265074667521
2014-08-11 13:30:00,-0.0006985021745864278,0.7160966382577656,0.0184760336311941,-0.0007339313064936478,0.6799214405728868
2014-08-12 13:30:00,-0.0012681129534039704,0.7245218906834819,0.01721599514838945,-0.002034640083624676,0.6830463498434627
2014-08-13 13:30:00,0.0027250943261719496,0.7165957884101715,0.020696019896771944,0.011836956157327716,0.6922405632853931
2014-08-14 13:30:00,-0.002686679142867152,0.7243262808128818,0.019357028093732076,0.006026373050829352,0.6887297115721128
2014-08-15 13:30:00,-0.005438787915610137,0.7049032319640883,0.01962703236726604,-0.004736446128282057,0.6908424897864992
2014-08-18 13:30:00,0.004671717107258426,0.6938839203341043,0.022833893151161577,0.01028964314545274,0.6989517958871342
2014-08-19 13:30:00,0.0025119842128917703,0.7084279226124445,0.02373647278970681,0.00709105758759702,0.7050635623947351
2014-08-20 13:30:00,-0.0013532682485210697,0.7211800528815582,0.019458042601113168,-0.0016481002054381522,0.7036665718589731
2014-08-21 13:30:00,0.0017404771308660943,0.721153096483142,0.0189658005020934,0.002418553166965228,0.7070492873652309
2014-08-22 13:30:00,-0.003013174779655803,0.7284188197089139,0.016894247132316575,-0.002156637260775307,0.7056553709302865
2014-08-25 13:30:00,-0.004253460419496379,0.7337550483174952,0.01507507269921593,0.0018277964060713359,0.7060543283542708
2014-08-26 13:30:00,0.002813701518657537,0.7376157054766663,0.007363889788023936,0.005684934272779607,0.7064098228839703
2014-08-27 13:30:00,0.0017297862251308702,0.7398675825378729,0.007601395313772685,0.0011153808754322814,0.7023797034251134
2014-08-28 13:30:00,-0.0026389072774095205,0.7369972014913557,0.00794909528607135,-0.0029846775617460297,0.7036232683170572
2014-08-29 13:30:00,0.0031117418689247268,0.7360544419645857,0.008133588897884292,0.005879691728711833,0.7066525611984433
2014-09-02 13:30:00,0.0002151025633193683,0.7485008129575319,0.002376262347991598,-0.00015647036170851614,0.7036319331380169
2014-09-03 13:30:00,-0.0028046821115624812,0.75673369809912,-0.0005946157434946198,0.0006308647397824293,0.7024497612346923
2014-09-04 13:30:00,-0.004016136918682179,0.7964742698534385,-0.019521043426381723,-0.007714920260718665,0.7009340595224197
2014-09-05 13:30:00,0.002121694172708289,0.7945437710694265,-0.01244205775974172,0.006822461776709643,0.7007331245661911
2014-09-08 13:30:00,0.004365095858398897,0.8041548040995932,-0.017485434203643457,0.004255477783658683,0.6987106601102658
2014-09-09 13:30:00,0.003039621933983013,0.7886317837555604,-0.011252784978290298,0.0011493065993217755,0.6976963190700517
2014-09-10 13:30:00,-0.005413677366788441,0.7899790042479857,-0.014202614983539918,-0.00032384812565370663,0.7260562548606969
2014-09-11 13:30:00,0.005445297411860455,0.8032310864482238,-0.02743847625809437,0.0031227366724075147,0.7281397288364594
2014-09-12 13:30:00,-0.004475122897130715,0.7904800745781876,-0.0240795172411975,-0.009930687714364375,0.749320693624855
2014-09-15 13:30:00,-0.004613961966802819,0.806503875629251,-0.024758405693966035,-0.006202743197372425,0.7512933169754815
2014-09-16 13:30:00,-0.0021841299475283647,0.7963319801031993,-0.01773234993808287,0.008606127978321535,0.756384814559565
2014-09-17 13:30:00,-0.0024331695696448614,0.7871490392778312,-0.01569997614598967,-0.0020252541355138356,0.7568420249106481
2014-09-18 13:30:00,0.002160379384378539,0.7982791493177226,-0.01854455985607062,0.008078121775395353,0.7589818352189098
2014-09-19 13:30:00,-0.003456901269777736,0.8090325906453893,-0.02222161386917043,-0.0024160739489872407,0.7528864600154831
2014-09-22 13:30:00,-0.004071570350494205,0.8212864751712105,-0.023793709526295337,-0.00805268987950932,0.7653134499571997
2014-09-23 13:30:00,-0.006086869741708351,0.8284265982378355,-0.022506142279020147,-0.010817274545116162,0.7788607679607683
2014-09-24 13:30:00,-0.001359317525207569,0.8705699623069009,-0.03293358497023385,0.01274271455231831,0.7874138706251012
2014-09-25 13:30:00,-0.002912789383755443,0.8736431551360355,-0.03531613291980129,-0.016585837023742573,0.8005207166900773
2014-09-26 13:30:00,-0.0010743870507810029,0.8958788655973436,-0.03853308539948852,0.0011773876933324952,0.7963112717017342
2014-09-29 13:30:00,0.0017659164512070884,0.9015350366833548,-0.040344361805198126,-0.00047879537596762223,0.7938927445681987
2014-09-30 13:30:00,-0.004419955841052809,0.891539379056431,-0.03720887028051689,-0.008388535303585335,0.7872662159020197
2014-10-01 13:30:00,-0.002438397827545574,0.8925262030150705,-0.04123262750247003,-0.011256088287414793,0.7553556130277528
2014-10-02 13:30:00,0.008146224949448746,0.9016216820412299,-0.04610267845103966,0.005723734452249089,0.7566736921290934
2014-10-03 13:30:00,-0.0003666268679842419,0.8744018201111131,-0.03485805915596485,0.017085755481076603,0.7728697666092718
2014-10-06 13:30:00,0.00013960228941973683,0.8757734185756212,-0.03655101494747426,-0.0031681271595845883,0.729678448605961
2014-10-07 13:30:00,0.002223156716838457,0.876443643588269,-0.03751385088507253,-0.010820891022270684,0.7401337154320434
2014-10-08 13:30:00,-0.001396183588590335,0.8635718960212453,-0.036590105641030934,0.019816765684836257,0.761782411014325
2014-10-09 13:30:00,-0.0007597441778820803,0.8531425848249565,-0.03207568052951304,-0.017462829171400258,0.7949654995821754
2014-10-10 13:30:00,-0.00010429446170860321,0.8517531413523558,-0.02550238648634373,-0.004730008206094705,0.8016396735867167
2014-10-13 13:30:00,0.010900633408053723,0.8515923936592287,-0.020338360885108542,-0.009118084099076662,0.7980348416661953
2014-10-14 13:30:00,0.0007610773598693719,0.7738163647246342,0.0033064200710731795,-0.00499152390439465,0.795880685442594
2014-10-15 13:30:00,-0.002491096900705588,0.7712305356395119,0.004507977157432674,-0.008652816917345318,0.7843139291898821
2014-10-16 13:30:00,0.01129429485328532,0.7736517051834924,-0.0004639394543118902,0.007318435532694918,0.7682216603569731
2014-10-17 13:30:00,-0.0026207341956457856,0.7132973885278229,0.050331367538881566,0.008588092199956598,0.7743698209661095
2014-10-20 13:30:00,0.003165702744340696,0.6991712782390561,0.058612918555425164,0.012697958336998752,0.7797308267580979
2014-10-21 13:30:00,0.005695997760577706,0.7060426009862991,0.05778786053787921,0.025020718902792078,0.8103188676579053
2014-10-22 13:30:00,-0.003842900271689465,0.7270264647564273,0.06107886922839956,-0.008028608571035342,0.8112324391049551
2014-10-23 13:30:00,-0.006916025571382177,0.7166052904179443,0.07527145202750773,0.008178700694600064,0.8084874886946071
2014-10-24 13:30:00,-0.0029401475841426064,0.7110547364803044,0.06340022679214796,0.007747236039051142,0.7916066043199099
2014-10-27 13:30:00,-0.00040720041458415664,0.6988629887756879,0.06134248813296794,0.0003355158655569124,0.7955207406241596
2014-10-28 13:30:00,0.0021628415029944816,0.700962723083882,0.058986555194268986,0.00883415606011173,0.7953813298684945
2014-10-29 13:30:00,0.003733969699247795,0.6996031822882938,0.05931770303180184,0.0033992956840351862,0.7937276087705336
2014-10-30 13:30:00,-0.005113433956609315,0.7078023645713676,0.05317404306302964,0.009080013642355741,0.7980101786620962
2014-10-31 13:30:00,0.012229538574334307,0.696326236463571,0.05223931214992106,0.014438828097509923,0.7931128789193368
2014-11-03 14:30:00,-0.005475047371351352,0.7149972277780012,0.03542389964996895,-0.00459540968039777,0.7938524412962092
2014-11-04 14:30:00,-0.00041465956682127335,0.7182842143589996,0.03904461929769332,-0.0006382071008906495,0.7935757285932067
2014-11-05 14:30:00,0.0004890162964989555,0.7165377137698963,0.040502380968003626,-0.0013154136141780108,0.7853070765752221
2014-11-06 14:30:00,-0.0009648638156001393,0.7177752114751912,0.03858082626425924,0.004193210170745069,0.7797844006431335
2014-11-07 14:30:00,-0.012720158953221115,0.7158431756913619,0.03572057499424158,-0.02007498517581252,0.7874279870073958
2014-11-10 14:30:00,0.00026750524629156995,0.7466983644660539,0.03296978580959642,0.008713448225672696,0.787154606167984
2014-11-11 14:30:00,0.0008755133269404279,0.7464147833543181,0.03363991793870158,0.0036607893430638714,0.7847396827398411
2014-11-12 14:30:00,0.003532462477378511,0.7434145567975702,0.03251043710941803,0.002699020853870341,0.7837151540877514
2014-11-13 14:30:00,0.0031910887139518966,0.7343108413141178,0.03734294649712333,0.002147022378459281,0.7838081473535353
2014-11-14 14:30:00,-7.000185534670501e-05,0.7371946213142877,0.03314512581709106,-0.006819829800644883,0.7858239290404355
2014-11-17 14:30:00,0.0035180448367968923,0.7331819834238315,0.036627812544923755,0.00721620395785146,0.7827500567875035
2014-11-18 14:30:00,0.0019526745974299993,0.734165602071192,0.037677951572803514,0.014465326098884068,0.7897463973160262
2014-11-19 14:30:00,-0.004179482493337758,0.7335103072100156,0.04772812849622543,-0.00863395215495292,0.7926595436136137
2014-11-20 14:30:00,0.0060547748312451775,0.740222353542942,0.044815981634519275,0.003599643746532285,0.7966912294589327
2014-11-21 14:30:00,-0.0014890889539461937,0.7245895667874683,0.05571476756269905,0.002395372740755445,0.7963222332855385
2014-11-24 14:30:00,0.005205083288821353,0.7260815991376577,0.05302021321310291,0.010194989568932092,0.7971376470138845
2014-11-25 14:30:00,-1.3332793699058856e-05,0.7221140931232932,0.05912004879676214,0.0007642551733201645,0.7976483599382488
2014-11-26 14:30:00,-0.0013967135823231992,0.7218195180491176,0.05961733097856248,0.003954774366363489,0.7974907847640725
2014-11-28 14:30:00,-0.0012268101224773716,0.7234760671645476,0.05840040235055988,0.003043631777844317,0.7993608728540583
2014-12-01 14:30:00,-3.938807259641413e-05,0.7208703042247767,0.05680755388253411,-0.0034139835328656685,0.8009939836772384
2014-12-02 14:30:00,-0.0030730340169348976,0.715235119821687,0.060292192175750436,0.006448685528873159,0.8013551773468254
2014-12-03 14:30:00,0.007340617481315181,0.7187930422710367,0.05338898248923385,0.008517341166204284,0.8015103970111923
2014-12-04 14:30:00,-0.0019261125825292414,0.7168766068625325,0.05778448928587365,-0.003284638093411766,0.8056872467455299
2014-12-05 14:30:00,0.0008154597976831662,0.707053061996313,0.07419782787092455,0.007773766730191219,0.8064890992576901
2014-12-08 14:30:00,-0.005833449617255905,0.7129852707882148,0.07255714620634124,-0.0028828703724795477,0.8029615504966593
2014-12-09 14:30:00,0.004693695822792435,0.7092380608415644,0.06963630660160758,0.0037107626650133194,0.8006118552554691
2014-12-10 14:30:00,-0.007215896219778467,0.6951773664556762,0.07741187050288856,-0.019590359642429833,0.8146356189280358
2014-12-11 14:30:00,0.004158954268647419,0.7130529257293178,0.08055128158767444,0.006399837955699021,0.8150669031809513
2014-12-12 14:30:00,0.001368339738144507,0.7110566610166991,0.08310346358079201,-0.00966400612494119,0.8176499870171775
2014-12-15 14:30:00,0.004011884479694905,0.7021492065214723,0.0861806543166933,-0.006096961429253052,0.8210604787989549
2014-12-16 14:30:00,-0.0005951986182833931,0.7088589884325153,0.07420209077979156,-0.009242696520927648,0.8204464256236617
2014-12-17 14:30:00,0.004214977469000267,0.7111111216744115,0.07068482457861314,0.020887623802453865,0.8273239311217133
2014-12-18 14:30:00,0.0005395345016855624,0.7076141122690922,0.07726370004732375,0.022401672293941965,0.8377992362809773
2014-12-19 14:30:00,0.0008545096111620288,0.7110688706718864,0.079675446611704,0.0033155306517290337,0.8294505556233297
2014-12-22 14:30:00,0.012925548472617338,0.702405411594744,0.07908241694047558,0.005651292432535667,0.8303082285156956
2014-12-23 14:30:00,0.015297869945896953,0.6819649534362922,0.08163551855095985,-0.004556594450965419,0.8275097034917139
2014-12-24 14:30:00,-0.0014442480803361192,0.668464793556119,0.05521120593174911,0.004520731082630143,0.8268542205744888
2014-12-26 14:30:00,-0.0050825259982787835,0.6715558478123963,0.04755491577785542,0.0008076461416854919,0.8395352410631021
2014-12-29 14:30:00,-0.004719561971691325,0.6676893094292131,0.04094196335965061,-0.002252172785049078,0.8395864699597645
2014-12-30 14:30:00,0.004618614832420384,0.6741413952819895,0.036462725232373816,0.0013201867577142812,0.8333481471666203
2014-12-31 14:30:00,-0.004837611739671523,0.667770518554814,0.03582269255461068,-0.01133133552462092,0.8652637234827676
2015-01-02 14:30:00,-0.005328608024549018,0.6830731576652018,0.02960371199568379,-0.0025212238120508137,0.8613019147727076
2015-01-05 14:30:00,-0.005951931266200772,0.6832029453081243,0.02770791948210416,-0.009349465984592076,0.8499860701946953
2015-01-06 14:30:00,-0.004075884092814565,0.6884627894809687,0.025211357903542342,-0.007021836791574088,0.8398391047885537
2015-01-07 14:30:00,-0.0002791392824605457,0.674874722946059,0.030902626085129947,0.016824123588319456,0.8448853189284139
2015-01-08 14:30:00,0.010883233851457752,0.673000404827016,0.02965654482022617,0.023039349226716094,0.8519239323882356
2015-01-09 14:30:00,9.47476260996314e-05,0.7349479710933342,0.019709360794914255,-0.006426183798478036,0.8551614171180596
2015-01-12 14:30:00,-0.009527830189622288,0.7352979104826074,0.019751080014379085,-0.00902644111401496,0.8515069916908287
2015-01-13 14:30:00,0.0051371747592292355,0.7215830318385392,0.0278580741179264,0.0017471769169280134,0.8685532535039105
2015-01-14 14:30:00,-0.0019029747744638361,0.7734511201715036,-0.005649157502477076,-0.003207342522978237,0.8702208101238252
2015-01-15 14:30:00,0.0003402925591010587,0.804377157743552,-0.020224230201826288,-0.007548935803702565,0.8671066214860493
2015-01-16 14:30:00,-0.0019264887409732746,0.7996088170615424,-0.020203465074749682,0.0125091204758494,0.8564948617350664
2015-01-20 14:30:00,-0.005511396163344718,0.7586607907430065,-0.008222756660792752,-0.005602369542725231,0.85789824025254
2015-01-21 14:30:00,0.005066455413613616,0.7655770953013536,-0.014936340084735877,0.007019482894039604,0.859687341089769
2015-01-22 14:30:00,0.010251415117100704,0.7930706405985297,-0.024398663678103616,0.0194356926699956,0.8719996270937931
2015-01-23 14:30:00,-0.003174777744658747,0.835516486832228,-0.035033687498667976,-0.00835232408209837,0.8714310164261455
2015-01-26 14:30:00,3.501500636373788e-05,0.8502699604012519,-0.04161816186958733,0.003291894486548023,0.8708858619759189
2015-01-27 14:30:00,0.00145716245488914,0.8536487588787802,-0.04625982017093899,-0.004751924688579434,0.8715221515312067
2015-01-28 14:30:00,0.00027695648092219624,0.8476115437223741,-0.04296307708412117,-0.010784007511760193,0.8736096222184634
2015-01-29 14:30:00,0.002549191498615609,0.873123653674891,-0.04681149668343221,0.009268823245724608,0.8743464926733822
2015-01-30 14:30:00,-0.006248112841285807,0.8436445728388255,-0.02952216400580676,-0.019091176589397,0.8856257993028461
2015-02-02 14:30:00,-0.0005295943405714265,0.8741349094867558,-0.03716786717807363,0.004978719613070244,0.8858344479600521
2015-02-03 14:30:00,0.006108183820565642,0.8720941708024955,-0.03641061360099718,0.012099666926105535,0.8945740822693263
2015-02-04 14:30:00,0.011766821896199452,0.8945358405640141,-0.04822034966652233,0.0015213980089877992,0.89211079118085
2015-02-05 14:30:00,-0.0036257910323232324,0.8755994813687047,-0.05114242093799071,0.009681143489569907,0.8905905203409699
2015-02-06 14:30:00,0.0019222644446787425,0.8347278804223084,-0.04585421250363231,-0.0050765385397325185,0.8873324491013178
2015-02-09 14:30:00,-0.0019037542124778796,0.833226774573801,-0.04642434991511146,-0.011462362403539927,0.8895002540343105
2015-02-10 14:30:00,0.0032213969713391563,0.8429181369755173,-0.04927902874995849,0.016283029910965825,0.8924751324562071
2015-02-11 14:30:00,0.007293435133813668,0.8545312257519742,-0.05266044969516237,0.008303161384270489,0.8868606598577474
2015-02-12 14:30:00,0.0003686801410686131,0.8580631433417805,-0.05473105240564513,0.0022575222054430264,0.8829782190938388
2015-02-13 14:30:00,-0.0013441071840110453,0.8588737786241112,-0.057214857879432035,0.0016847924766633104,0.8811907290172433
2015-02-17 14:30:00,-0.00039161676475904517,0.8542405110606559,-0.05568112233567901,0.0047202074754677525,0.877839036886838
2015-02-18 14:30:00,0.0022806316993440323,0.8513129570125102,-0.05583972278800331,0.0025171028908977564,0.8738796429669007
2015-02-19 14:30:00,-0.0027437793071712346,0.8464128370623432,-0.05607370268511147,-0.0018002635085367924,0.8737550204067115
2015-02-20 14:30:00,0.0003295088723584156,0.8729165966822657,-0.07042644151945732,0.00894290447465429,0.8747033508335478
2015-02-23 14:30:00,0.006807582640177052,0.8726996639849498,-0.07003797778164034,0.010213204862717854,0.8694878919297871
2015-02-24 14:30:00,-0.003396048889582763,0.8853048748528621,-0.07934051167545453,-0.002960971028567035,0.8686599835709625
2015-02-25 14:30:00,0.0022255857048790843,0.8769916939865366,-0.07256426445916841,8.870360590162996e-06,0.868169683873325
2015-02-26 14:30:00,0.0015974731021017306,0.8725821407777433,-0.06909966291643332,0.003522499224344555,0.8651295691277624
2015-02-27 14:30:00,0.004618660023151723,0.8828096948017099,-0.0738948309485764,0.0014678139433930149,0.8607117980280966
2015-03-02 14:30:00,-6.902690312089906e-05,0.8993085466938138,-0.0889275867907271,0.006837919977876972,0.860867682568797
2015-03-03 14:30:00,-0.0005783229936208688,0.8986171609232096,-0.0869183274486699,-0.008839030283526247,0.8628876061309483
2015-03-04 14:30:00,0.004115261997538964,0.8996774804048476,-0.08653132213976822,0.00678219153170434,0.8592159563440788
2015-03-05 14:30:00,-0.0007815430614521127,0.9009913051602783,-0.08683505184441376,0.00029105007975519886,0.8505663606854782
2015-03-06 14:30:00,0.0005622658044111446,0.9035140939121636,-0.09004148468440165,-0.016047536662894973,0.8570289315783053
2015-03-09 13:30:00,-0.003051600166650082,0.9110776075847408,-0.09205225025271668,0.0026152964214173715,0.8561571549433261
2015-03-10 13:30:00,0.001017837113190494,0.9471568476376646,-0.11590696761780706,-0.009946150993264458,0.8487781443212808
2015-03-11 13:30:00,0.00560912416788051,0.9307957592511577,-0.11871054187981733,0.004500505974636433,0.8480144862795846
2015-03-12 13:30:00,0.0023491789452452505,0.9258372701832553,-0.11632654525292463,0.014502108015381912,0.8490181060927325
2015-03-13 13:30:00,0.0017963041482945779,0.9455789682581288,-0.12353989830346424,-0.0009806792164708256,0.8451293239819467
2015-03-16 13:30:00,-0.0010914960416798236,0.9571852279802722,-0.13715244197204168,0.018060877218664784,0.8465939979948498
2015-03-17 13:30:00,0.0017749812194999548,0.9439394215840491,-0.13290483942724862,-0.0016709869225258744,0.8322121981411802
2015-03-18 13:30:00,-0.0008019850957183862,0.9450611696946096,-0.1525192524684631,0.012452612579361736,0.8211225599437414
2015-03-19 13:30:00,0.005490641701099751,0.9341425857717081,-0.14743414379628195,0.0068602987947069165,0.821793336894178
2015-03-20 13:30:00,-0.00598720827493579,0.9287503022841719,-0.1402858750711593,0.0030184239082539457,0.8212906866466926
2015-03-23 13:30:00,0.0057717889924545586,0.9249115210186438,-0.12403248878392936,0.005655713101537563,0.822743210516923
2015-03-24 13:30:00,0.002103324884039995,0.9458953243599306,-0.10642544931849429,-0.005334350034636744,0.8238820698700579
2015-03-25 13:30:00,-0.0058540865607439735,0.943451426924164,-0.10562293712578685,-0.017368240511625405,0.8328409191646725
2015-03-26 13:30:00,-0.001393352038176781,0.9416309566012803,-0.08128470671867905,-0.0032676051624550193,0.8338801492203568
2015-03-27 13:30:00,0.004026529388459428,0.9459733395952459,-0.08175280964294585,0.008883905782916498,0.8354560550964037
2015-03-30 13:30:00,0.0027408884079443713,0.9458225444266197,-0.07542941284740634,0.010618266120707487,0.8321229884191644
2015-03-31 13:30:00,0.00994020120169083,0.9393353790892772,-0.0709248887108268,-0.006713409312357384,0.8342568941831111
2015-04-01 13:30:00,-0.002940219431733721,0.8909801508132666,-0.0511302701891696,-0.01084356281836966,0.8414084711642569
2015-04-02 13:30:00,0.0035430792548418275,0.8843632586634711,-0.044229265305366305,0.006370027388983512,0.8408053925085589
2015-04-06 13:30:00,0.004463415275738348,0.8968291377673681,-0.05812156186275719,0.006000184768871912,0.8352924058299248
2015-04-07 13:30:00,-0.007327488206867066,0.90829777154729,-0.056677379957363105,-0.005462096168973789,0.8243848807459098
2015-04-08 13:30:00,-0.00137829979065678,0.8830325594920584,-0.05821832516466929,0.00439158559094673,0.8227790127008922
2015-04-09 13:30:00,-0.0018720475843524657,0.8849847042427846,-0.062101905276363834,0.005033574001897116,0.8364380937828173
2015-04-10 13:30:00,-0.0017949462934213857,0.8701094196843392,-0.052693236405890964,0.004929411944768998,0.8431843035717961
2015-04-13 13:30:00,0.004069281090781484,0.8695763604643232,-0.05195934139526914,-0.001241054175910324,0.8425426137480932
2015-04-14 13:30:00,-0.0030485520520950864,0.8572000476976914,-0.045061465224848773,-0.001615079550822592,0.8446711546497724
2015-04-15 13:30:00,-0.0045436635186300554,0.8554689658587321,-0.04590264225894436,-0.002580173144786091,0.8387600829969593
2015-04-16 13:30:00,0.0030116398074522244,0.8626911691351203,-0.04360923911796022,0.002224785740658245,0.8330625598734401
2015-04-17 13:30:00,-0.0021494073634937636,0.8546429230087427,-0.037440737692760795,-0.008903229482906524,0.8402407356975282
2015-04-20 13:30:00,0.0023578768758023005,0.8451265758766507,-0.023506848845736283,0.007499043741005333,0.827613560146335
2015-04-21 13:30:00,-8.837505998983766e-05,0.8241368473357462,-0.021071226165800594,0.005233233145789162,0.83059503702944
2015-04-22 13:30:00,-0.0002225712124627275,0.8106669784777599,-0.014617991336050795,0.0011079776506157286,0.8293575269060938
2015-04-23 13:30:00,0.003368333253717623,0.8080200050608715,-0.011116075046820328,0.006215935026944175,0.8290386470790679
2015-04-24 13:30:00,0.00140497597670148,0.8066862623021847,-0.008089085871590074,-0.001091631499596309,0.8216083136046959
2015-04-27 13:30:00,-0.002426345467963142,0.8063907631268892,-0.009021631352175485,-0.016562014835838856,0.8349198805665411
2015-04-28 13:30:00,0.0006030574543838367,0.8044085998573658,0.001034092294276645,0.004550181302377536,0.8162016622341852
2015-04-29 13:30:00,-0.010843573004654368,0.7730719823126304,0.005471783290336152,-0.017935414518933396,0.816852356364985
2015-04-30 13:30:00,-0.006646467396672134,0.803147145912319,0.0010498658513904413,-0.017956271507540384,0.8230406833338945
2015-05-01 13:30:00,-0.006369680677804073,0.7870192175162365,0.02436556355006647,0.005083868933595174,0.8241708653134051
2015-05-04 13:30:00,0.0039012921885340666,0.806225242070874,0.020257898897185544,0.009278016362569938,0.826286078950793
2015-05-05 13:30:00,-0.004312461150994257,0.8215922512970624,0.024321261054918275,-0.01533601471562703,0.8349922744259293
2015-05-06 13:30:00,-0.0006738341957214563,0.8326411663204446,0.029330436190951104,-0.003210430650199325,0.8302325474260752
2015-05-07 13:30:00,0.002518047524105062,0.8296172937530579,0.02883384147867729,0.006776808772849548,0.8222244600065186
2015-05-08 13:30:00,-0.0031413300753723086,0.8249140982715911,0.029787302142528338,0.011094204773681208,0.8319917151452861
2015-05-11 13:30:00,0.0008187617768010047,0.8116150779368967,0.0313176625662539,0.0014914681564782335,0.8337071577692531
2015-05-12 13:30:00,0.0020413874009552807,0.8095907315593894,0.03335543117959494,-0.003065463875060126,0.839324486483355
2015-05-13 13:30:00,-0.0016588114085609833,0.8056636004184163,0.034974116172352465,-0.001012707013796003,0.8372594607238194
2015-05-14 13:30:00,0.0034136117723000507,0.8047363632544182,0.03752018186941575,0.014830069187650693,0.8433956396464272
2015-05-15 13:30:00,0.0007265490959531256,0.818631550858385,0.03375907616418139,0.002395128331199148,0.8432627261472305
2015-05-18 13:30:00,0.005142297184238053,0.8173914593331182,0.03539873442236929,0.010681598848629884,0.842510813584623
2015-05-19 13:30:00,0.001443390876775386,0.8172743345011733,0.039859101458482815,0.00533319455471674,0.8480624306487846
2015-05-20 13:30:00,0.0020420068255974865,0.8151889725606625,0.038494769728410594,0.003734563943401733,0.8493429554955022
2015-05-21 13:30:00,-0.0005889478740049973,0.815082479197731,0.03832642172115852,-0.0006922833144917447,0.8509827200233863
2015-05-22 13:30:00,0.0022784504388320428,0.8118648073499775,0.040698854509029214,0.00044882713419210535,0.8522680521048946
2015-05-26 13:30:00,-0.0018477503853220265,0.8092231636572165,0.04145990441774483,-0.010243153802649249,0.8610566559328765
2015-05-27 13:30:00,-7.544369138006747e-05,0.815936373791764,0.04488088020862646,0.010124537349438967,0.8636057449811751
2015-05-28 13:30:00,-0.0017209263380662666,0.8175027902028578,0.044966020218482394,-0.0012487054612944082,0.861259686113208
2015-05-29 13:30:00,0.007400047146952173,0.8111455782312109,0.04727420646967506,0.005682338207365116,0.8511437652410522
2015-06-01 13:30:00,-0.0005214234490574067,0.7993086701163803,0.05149477850582074,0.002866590723669867,0.8599335957050447
2015-06-02 13:30:00,-0.0012320488563167331,0.7916977470100747,0.0590511158985787,-0.006467162584256318,0.8502393304738828
2015-06-03 13:30:00,-0.0014366035199018922,0.7952532022646436,0.0581100447217654,0.0007073599105474523,0.8508432294088841
2015-06-04 13:30:00,-0.0008840078249943446,0.8024725879736982,0.054692513406723875,-0.006847833621089354,0.8487913282724446
2015-06-05 13:30:00,0.001511815585878513,0.7971353069826015,0.057086539347321885,0.002162262212328662,0.8485220299797231
2015-06-08 13:30:00,0.001171729311099223,0.7985463485353738,0.05685007801625819,-0.0027538030777955282,0.8422421742799453
2015-06-09 13:30:00,-0.00027707306271421,0.7760318255763479,0.06394561606434757,-0.0014384285064918585,0.8466157606411228
2015-06-10 13:30:00,0.002157165496581936,0.7749597350152622,0.06470370884338195,0.012172758515153351,0.8472223280891891
2015-06-11 13:30:00,0.0002265097584031213,0.7862772996025835,0.06215632778686464,0.00604295573770471,0.8564230750422039
2015-06-12 13:30:00,0.0028347486580059898,0.7863647105005535,0.062130659311430914,-0.007861884725104998,0.8550516400906885
2015-06-15 13:30:00,0.005504191544512225,0.7575642588425717,0.06984573624775059,0.006679224629143536,0.8304860048447322
2015-06-16 13:30:00,0.0020697003618725318,0.7582842278306257,0.0700726905361222,0.0059966492606750394,0.8318889442666081
2015-06-17 13:30:00,-0.0009772066326066268,0.7742602627988311,0.06342772369173322,0.0005164055313078656,0.8318475089672654
2015-06-18 13:30:00,-0.002033247824207201,0.7557643905140194,0.07914662702477415,0.010890295128722046,0.8289894430083541
2015-06-19 13:30:00,0.0037497177931875335,0.7555971216838122,0.07689743257999271,0.003654174856738838,0.8173951228224401
2015-06-22 13:30:00,-0.003502479962669389,0.7498853597274233,0.08130787736928002,0.004673161884050166,0.8165182136108537
2015-06-23 13:30:00,-0.002761604970486389,0.7526522762393593,0.07398327917696212,-0.0013848643305286086,0.8139628245673295
2015-06-24 13:30:00,-0.002595965853569448,0.7490046858042234,0.0738897668520373,-0.01174074466123535,0.812213597659218
2015-06-25 13:30:00,0.01603353969137595,0.7508080316275356,0.0756323706541312,0.019562166344569976,0.7881859996782193
2015-06-26 13:30:00,0.00046482923101014704,0.9151099130755759,0.009102032174389874,-0.0009160361163195555,0.7796122633344731
2015-06-29 13:30:00,0.004512927752624768,0.9114270459196205,0.007761378629894344,-0.018055259327071266,0.7969770023108067
2015-06-30 13:30:00,-0.0007612417384185188,0.8700591477497052,0.014381038958975578,0.002921843415056191,0.7957625906885584
2015-07-01 13:30:00,-0.0030864119873705064,0.8691805794113547,0.013788197590270168,0.006095343887566977,0.7964949815536936
2015-07-02 13:30:00,-0.003160313786386297,0.8485092459837237,0.023963630341926945,-0.0073288627808873645,0.7976287332930841
2015-07-06 13:30:00,-0.002415146755134827,0.8497304873846208,0.031121801678080097,-0.0023298701122764034,0.7969320779920605
2015-07-07 13:30:00,-0.00404187307360353,0.862684334681359,0.02480556141737278,0.00019162107060488598,0.7892620463532075
2015-07-08 13:30:00,-0.00041076798045408536,0.860688562865199,0.027124206416895613,-0.01618097435806387,0.8019576237469247
2015-07-09 13:30:00,0.0006761585328157738,0.8765915788328231,0.02122787486141353,0.0058659431217808295,0.8021454381362468
2015-07-10 13:30:00,0.00303196025386423,0.8797087940336696,0.02044245039802861,0.015340348069475004,0.8131628484601784
2015-07-13 13:30:00,-0.001749093848242747,0.8911242251416788,0.020526484551131707,0.0063637204267610326,0.8108641728315872
2015-07-14 13:30:00,-0.0011950745353401446,0.8949938596616203,0.016221293654031688,0.00810947994412703,0.810106746257743
2015-07-15 13:30:00,-0.006435558942627947,0.8913054837209702,0.015149394261059768,-0.005260713797174891,0.8122805686836316
2015-07-16 13:30:00,-0.0021722822636281694,0.8821092187435787,0.01884525697187367,0.00227434861054406,0.805212382612568
2015-07-17 13:30:00,0.0006481165540955702,0.8849966484412404,0.016562348593806564,-0.0011918122426718043,0.8064741096486099
2015-07-20 13:30:00,-0.006890802901059307,0.884112004227509,0.01690152628544217,-0.004027780085804215,0.8017251784616551
2015-07-21 13:30:00,0.0002918820848307733,0.8734239559839058,0.019688628666918784,-0.003886635707617011,0.7982568037883763
2015-07-22 13:30:00,0.0064901143645066765,0.8725863104681801,0.021040285577321183,0.00851319834825374,0.7808184781091438
2015-07-23 13:30:00,0.0004571268437439319,0.8753520623195141,0.022365881344999616,-0.0029343843835025383,0.783863961291709
2015-07-24 13:30:00,0.011340839973082143,0.8711881750413489,0.024250593771049322,-0.011329177666416687,0.7813137306553731
2015-07-27 13:30:00,-0.007320529803027166,0.7711701128749486,0.03292003286481093,-0.00850597596983412,0.7679771388954532
2015-07-28 13:30:00,-0.0034695119655685884,0.7607182357619682,0.027876844737419137,0.011056480165707741,0.7743366243374982
2015-07-29 13:30:00,0.003514375324342433,0.7494622189097873,0.038139111532579095,0.0039546348526281845,0.7717513530792218
2015-07-30 13:30:00,0.0004962572510257753,0.7625186853092616,0.026413033696242594,-0.000684906326172611,0.7592633286995811
2015-07-31 13:30:00,0.0034017499967375553,0.7573364463311197,0.01770360191586795,0.007986554712133831,0.757242460909854
2015-08-03 13:30:00,-0.0009800925812596607,0.7508696666405565,0.02337704658402262,-0.0016304340488289732,0.7563102684777073
2015-08-04 13:30:00,0.004630509963843508,0.7503196061956976,0.0227750774539468,0.0042679982759478525,0.7489632681081694
2015-08-05 13:30:00,0.004509687315361168,0.7546059594011607,0.0249526756622237,0.010939717027869555,0.7565764954880593
2015-08-06 13:30:00,0.005243157173594444,0.7687543275383193,0.020123045434826903,-0.01252170767296982,0.7686535698556218
2015-08-07 13:30:00,-0.002625186288054745,0.7676052041552959,0.007034031820065345,-0.00412419973309112,0.7726037175374524
2015-08-10 13:30:00,-0.0001881800196076042,0.7587285890424642,0.01408392089525956,0.0060953365849158265,0.767339902709784
2015-08-11 13:30:00,0.002236896793462887,0.7350340816806435,0.021228748069167858,-0.0044131034564672085,0.7688133782674246
2015-08-12 13:30:00,-0.0056413929867778845,0.7343936268868525,0.0196129068658647,-0.005009377439914919,0.7666367240490191
2015-08-13 13:30:00,0.0016595484834700457,0.746508940537978,0.007311202986622689,-0.00014569351448149673,0.7659202056935542
2015-08-14 13:30:00,0.0029815967787134513,0.7459837448507542,0.006372648755879284,0.004971464236202279,0.7676910655983984
2015-08-17 13:30:00,0.003223098515430879,0.7627192161552978,-0.003579352256405488,0.010765142103274764,0.7705424981401064
2015-08-18 13:30:00,0.0030565271875828076,0.756843141895956,0.003595550670615899,0.0018749802893619123,0.7681637154982511
2015-08-19 13:30:00,-0.0029956470162959877,0.7694433637777166,-0.003980535118969508,-0.006077353304821879,0.763133014158254
2015-08-20 13:30:00,-0.010732822805445446,0.7535587069542652,0.0032439188999382196,-0.028423810182701903,0.792786808497476
2015-08-21 13:30:00,0.004615847049844357,0.7784673160381049,0.01886289704533317,-0.019129020454440464,0.8056731569589499
2015-08-24 13:30:00,-0.006821819945752226,0.7319534344514467,0.03577902392303811,-0.03986540803816926,0.8621279201126711
2015-08-25 13:30:00,0.001033595199395429,0.7893175950763602,0.024664927393469482,-0.006592529455542821,0.8632990939017292
2015-08-26 13:30:00,-0.00883124780261016,0.7869397792722364,0.02614017605295693,0.02575514959247016,0.877247526116478
2015-08-27 13:30:00,0.00468596017525864,0.7366522633083468,0.03134564796483785,0.019835420582566154,0.8829601503092991
2015-08-28 13:30:00,0.003596006924317495,0.7453841890713264,0.03196624519209801,1.6855990092231228e-06,0.8821911708006264
2015-08-31 13:30:00,0.0021314593630836157,0.7325169003373505,0.03935805542094717,-0.01242761437226573,0.8846465835220436
2015-09-01 13:30:00,-0.00724423810466588,0.733153094346624,0.03654181806596035,-0.02756843222607741,0.8929225666675907
2015-09-02 13:30:00,-0.0005569408228169176,0.7564773872537219,0.032665280975398114,0.016389341351300473,0.896936853578261
2015-09-03 13:30:00,0.007070909340684615,0.7578399362456639,0.030604663651541242,0.0007559823394836332,0.893523491788684
2015-09-04 13:30:00,6.692143537946615e-05,0.763205129407722,0.021960438350186906,-0.009426482060869787,0.8930003686222797
2015-09-08 13:30:00,0.000865830646584239,0.7635242064531249,0.021692410905568504,0.02321541990030392,0.8987279516667975
2015-09-09 13:30:00,0.002547821234776766,0.7662388690461429,0.021902580926829063,-0.009862202986670473,0.9096775264033902
2015-09-10 13:30:00,-0.005739223714730979,0.7646499195672527,0.020363721451379768,0.0021732056697325586,0.909122522141416
2015-09-11 13:30:00,0.0022579294378881195,0.7650290885733219,0.0157295326548767,0.007427075444767913,0.9100738236340563
2015-09-14 13:30:00,-0.00041163362327223743,0.7642938066924619,0.017216424256435436,-0.0028478011659865223,0.909386960160091
2015-09-15 13:30:00,-0.0005059758928183545,0.76466572908622,0.017503120157630392,0.010637468960160787,0.9110628301872681
2015-09-16 13:30:00,0.001997716281139505,0.766172060336981,0.0158277958060683,0.003990989881322478,0.9116618911002755
2015-09-17 13:30:00,0.0014504912144424308,0.7673447945458578,0.01636951695876432,0.008941914871647342,0.9126188774277827
2015-09-18 13:30:00,-0.0023952565732097593,0.7677765593449413,0.01733691186673436,-0.01417175863357667,0.9144979150464895
2015-09-21 13:30:00,0.010658019449618309,0.7754513842927985,0.011853703163118345,-0.00026008818370533887,0.9339448694339275
2015-09-22 13:30:00,-0.005146100130657528,0.7682936311605058,0.003830112247657058,-0.009955232125440175,0.9348924896384453
2015-09-23 13:30:00,0.005303948305301065,0.763236278253575,0.008845069318116572,0.004526046588310424,0.9307189381328557
2015-09-24 13:30:00,-0.005529418196391101,0.7649649855259728,0.008856389623345118,-0.013456122576029536,0.9273533309940998
2015-09-25 13:30:00,-0.005473125210615503,0.7698576751673794,0.008501957585383968,-0.027104434831799844,0.9309497684641198
2015-09-28 13:30:00,-0.015359507559205964,0.7732413474236547,0.015237138058754374,-0.0463987926915698,0.9376068009994082
2015-09-29 13:30:00,-0.005844034443951588,0.7931600826156906,0.02839428742062411,0.00024292877741194374,0.9335005088931131
2015-09-30 13:30:00,-0.0026134280411896343,0.7578063463124678,0.049303427605507655,0.014986703232379309,0.9370428517310766
2015-10-01 13:30:00,-0.008687441076607263,0.7579407333274075,0.04768084313460563,-0.0008821630159490113,0.9306714390367116
2015-10-02 13:30:00,-0.001231421398445124,0.74280681293999,0.05225814698815723,0.01675502493881509,0.9322152849425116
2015-10-05 13:30:00,0.004454800003792024,0.7438647220592804,0.050271061696479324,0.006814939185337747,0.9291972876361397
2015-10-06 13:30:00,-0.001168434559109928,0.7399163888283617,0.05072719824940253,-0.020703527434063413,0.9319828423239858
2015-10-07 13:30:00,-0.003344804169454275,0.7401320276390914,0.0518897349140518,0.00938643831301215,0.9319046161467358
2015-10-08 13:30:00,-0.0028152462806051238,0.7352728205493245,0.05278441358607522,-0.0011841743234275819,0.930191852587347
2015-10-09 13:30:00,0.005985788515043338,0.7323974500429532,0.055031520938027656,0.010277766822478348,0.9323698072004588
2015-10-12 13:30:00,0.0054064767766412,0.7267011914135373,0.06120342247427135,0.006580742262787191,0.9308125758989464
2015-10-13 13:30:00,0.0072946677812908605,0.7348360053122076,0.05676750253074536,-0.004417205702194467,0.9296488015976333
2015-10-14 13:30:00,-0.008150728938156172,0.7473420287072614,0.04642174191539017,-0.009083412123752002,0.9327171688761376
2015-10-15 13:30:00,-0.006499549822939774,0.7588761011950078,0.03866699446083777,0.013252660689780557,0.9307594939829542
2015-10-16 13:30:00,0.0031569173429431604,0.7700226439219846,0.024066593331397046,0.009967706300396376,0.9316820873317596
2015-10-19 13:30:00,0.0047204845916154845,0.7765224042271288,0.021340786650784316,0.007668041209985654,0.9325990895117492
2015-10-20 13:30:00,0.009578601024946053,0.7939052049302457,0.020314210019347745,-0.0035821603425212714,0.9316917573578761
2015-10-21 13:30:00,-0.006383645872713414,0.7966201037776431,0.01269399594856846,-0.013547005688377115,0.9242925008902039
2015-10-22 13:30:00,-0.04273401047624979,0.811849137869076,0.007911513328602515,-0.04762543611340153,0.8717570684222107
2015-10-23 13:30:00,0.006846140276008217,0.8472005270610119,-0.007618843735971437,0.024767782379982044,0.8669017422688213
2015-10-26 13:30:00,-0.001423792387910198,0.8634190236132631,-0.010946630969284277,0.001902111108722182,0.8660859126867392
2015-10-27 13:30:00,-0.0071618726098696215,0.8627714242849762,-0.011827559787803477,0.008446568028103174,0.8678005512273511
2015-10-28 13:30:00,0.00886782246469043,0.8527591740669505,-0.010326661993629638,0.01570081712863754,0.8700554906125165
2015-10-29 13:30:00,-0.0020864622491942827,0.8486500553921439,-0.004098500824004203,0.0018174370248946747,0.8688621052487169
2015-10-30 13:30:00,0.001901194198802724,0.8404128164317409,-0.0007725290362186055,-0.003359004457273255,0.867976200113531
2015-11-02 14:30:00,-0.0007890199008291077,0.8400007315203095,0.004762928373807429,0.017419002265554633,0.8704370267513752
2015-11-03 14:30:00,0.0011998150965171982,0.842265075590109,0.0033642141723548846,-0.0017752746015539111,0.8690400807410666
2015-11-04 14:30:00,0.006638690725765225,0.8393789919170161,0.004908538360603343,0.0029669723536503247,0.8674750118883136
2015-11-05 14:30:00,0.007952285906557425,0.8301321363237585,0.010880393919431297,0.005115659315366357,0.8673749107390711
2015-11-06 14:30:00,0.008371787804215252,0.8347422166903817,0.007200091844672185,0.004892454630425054,0.8664121935453885
2015-11-09 14:30:00,-0.00037991072484901134,0.8267223960570718,0.011267955939164853,-0.006617051778679069,0.8663195937041586
2015-11-10 14:30:00,-7.907060908184365e-05,0.820983981123501,0.014488989744628311,0.005405087790801251,0.8664698585918432
2015-11-11 14:30:00,-0.011386558485368594,0.8247253257902858,0.011069334923949903,-0.019751979111410838,0.8669139806706747
2015-11-12 14:30:00,-0.003817714911550649,0.8217842287901516,0.017047680223048367,-0.018426595361747584,0.8686898221224025
2015-11-13 14:30:00,0.003040260562476907,0.8264199369749823,0.015733027680995937,0.0010146502127929002,0.8631096801819403
2015-11-16 14:30:00,0.001951099750604866,0.8263368995422784,0.008364560722568914,0.012269970108557201,0.8635118196754806
2015-11-17 14:30:00,0.0002241737374628944,0.8766880828393009,-0.013836250752657708,0.003856148413126611,0.8494053607069448
2015-11-18 14:30:00,-0.002758125535654951,0.8649044484493874,-0.011518545903588029,0.013774235051052353,0.8508446124572772
2015-11-19 14:30:00,-0.014074602643713269,0.8727866475353384,-0.01662449716212383,-0.02841936690181235,0.8420974823832874
2015-11-20 14:30:00,0.009509930394050277,0.9554692989862157,-0.03540055631433092,0.017642282077922438,0.8380356990877691
2015-11-23 14:30:00,0.007965379261335013,0.967776946057866,-0.04120317156125708,0.004855193193202305,0.837726542338225
2015-11-24 14:30:00,0.001173391022333923,0.9721079299536753,-0.0428753344848829,0.004001612215655352,0.8367485592413679
2015-11-25 14:30:00,-0.003565770402246893,0.9808537838786219,-0.043262137496514974,0.000895955933209347,0.8334126099331475
2015-11-27 14:30:00,0.0035927572180051775,0.9731951963187409,-0.042946341295075074,0.005385216036983905,0.8304336035192014
2015-11-30 14:30:00,0.0030733463558106668,0.9745738064939006,-0.042308410160890514,-0.009982484801401145,0.8335508217633598
2015-12-01 14:30:00,0.0009691933599305473,0.9548250511451399,-0.03035390341636629,0.017157667858727372,0.8363927612789622
2015-12-02 14:30:00,0.0009701685043253284,0.9746998868080802,-0.0383082622863988,-0.00703449511927845,0.831939660353291
2015-12-03 14:30:00,-0.0032614496180974444,0.9753968040343365,-0.0371442652933307,-0.023173898339481618,0.8404587418821577
2015-12-04 14:30:00,-0.005176095450179764,0.9882491234505779,-0.03696128494110118,0.017334796814004516,0.8419701691975527
2015-12-07 14:30:00,-0.005128864090082675,0.970074228283236,-0.028475948312469246,-0.009449057410541991,0.8415861581259237
2015-12-08 14:30:00,-0.0017753287476762005,0.9622878178585408,-0.023014697674584528,-0.00011182346801267655,0.8436758615173915
2015-12-09 14:30:00,0.0006822826921313186,0.9644146326063971,-0.024228247987128193,-0.00845215693346102,0.8414697159817018
2015-12-10 14:30:00,0.0009150383904439766,0.9685401263938243,-0.02601803185444007,0.007885571242540154,0.8419346373649538
2015-12-11 14:30:00,0.0008888867962101987,0.9670383017124876,-0.024631620740732107,-0.01246750706999448,0.8413576094434941
2015-12-14 14:30:00,-0.01369525764253615,0.9680777532217772,-0.027710322075759408,-0.007031932531722592,0.8358606151875568
2015-12-15 14:30:00,0.0003946287625503156,0.940974764556147,-0.014854443053120336,0.01220359367367648,0.8388286238342174
2015-12-16 14:30:00,-0.0032226981181367655,0.9197955761789548,0.009298621615753788,0.009118610604190206,0.8370571298736723
2015-12-17 14:30:00,0.008155361165711158,0.9235818821423404,0.004464642502990557,-0.0018151294328131822,0.8325058827080335
2015-12-18 14:30:00,0.0013331576983595904,0.908542601460413,0.008211240254140217,-0.011793831013421907,0.8275338361617829
2015-12-21 14:30:00,0.003527563792204603,0.8939465674005103,0.013355965649189061,0.01179842196111558,0.8185566828909515
2015-12-22 14:30:00,-0.0005460678095912785,0.8978127790613258,0.011882618152451507,0.005444809171513724,0.7807494683310003
2015-12-23 14:30:00,0.0028141693881350675,0.8637791999891452,0.003394178239314205,0.012156935971511759,0.7867760890996492
2015-12-24 14:30:00,-0.0013090978875336954,0.9148650071051931,-0.024062914993500883,-0.00047548184122129616,0.7828410328762199
2015-12-28 14:30:00,-0.0004930408726630175,0.9194287743833565,-0.023013804489430356,-0.004430786560501591,0.7885301454052761
2015-12-29 14:30:00,0.00200232881182643,0.9429730238738373,-0.031745660093791095,0.01268115117181227,0.789436015686328
2015-12-30 14:30:00,-0.003924865377209055,0.9446520692780511,-0.02916496637589472,-0.007659616644142053,0.7916378346195027
2015-12-31 14:30:00,0.0001810597095746186,0.9472640825103675,-0.029906452314689247,-0.008012300086026233,0.7866930219900462
2016-01-04 14:30:00,0.0009052586850219757,0.9480748793131867,-0.029273620344686613,-0.015217052613251791,0.7756745451363448
2016-01-05 14:30:00,-0.00025142517410397993,0.9589130273718647,-0.03238953331091177,0.0046493751841102755,0.7786884260193737
2016-01-06 14:30:00,-0.0020450134280268015,0.9665831987032716,-0.03674137233572916,-0.008364793063698492,0.7773016537669962
2016-01-07 14:30:00,-0.00589187056832401,0.9678306168325128,-0.038567171466530326,-0.024009656346157298,0.7888747225247005
2016-01-08 14:30:00,0.002084130421852135,0.9693432219072773,-0.031387900577916406,-0.011848327577069847,0.7943199022757609
2016-01-11 14:30:00,0.0027991988910170598,0.9553975860233193,-0.01824028940667466,-0.007562148359443466,0.7931900713456974
2016-01-12 14:30:00,-0.00350770197322795,0.9521909378050218,-0.020375101879652302,0.00807747750803589,0.7888242272042388
2016-01-13 14:30:00,-0.0052245088769718034,0.9408720178227932,-0.0044268404232694625,-0.03283807717750035,0.802162779023747
2016-01-14 14:30:00,-0.0081733957270438,0.939053385576439,0.005439452554996782,0.01720205653849412,0.805714514175475
2016-01-15 14:30:00,0.0005651720351186294,0.9159162366041885,0.004885002694674401,-0.012416230895192207,0.8087212259206225
2016-01-19 14:30:00,0.0006979201215528304,0.9240173002009495,0.010766614622135129,0.00012201544371533608,0.8113521209216531
2016-01-20 14:30:00,0.0006058548808781528,0.918578704324123,0.01163472645957675,0.0028938091781263906,0.8442582296388693
2016-01-21 14:30:00,-0.001126762276342019,0.8491263042994561,0.03892512234555434,-0.004657373082632847,0.8501561206690084
2016-01-22 14:30:00,0.0030435210816101895,0.827982579470545,0.04333927251187153,0.01745875153597883,0.8563044438842135
2016-01-25 14:30:00,-0.0007886788552132692,0.8326435445666964,0.044351080278409394,-0.00917736781078308,0.855339012453157
2016-01-26 14:30:00,0.0034942525886999375,0.8552093943324983,0.04130423506841174,0.009694752638617224,0.8508393626077657
2016-01-27 14:30:00,0.0023505830986952775,0.866872825979989,0.031277694036544124,-0.008926578975403906,0.8504501006440135
2016-01-28 14:30:00,-0.006375413394908609,0.8744189437107225,0.025478750991765997,-0.02770436434969555,0.8554453629039737
2016-01-29 14:30:00,0.0162999044016045,0.8933746123684804,0.023871740700644573,0.031319997989473235,0.8649235774033812
2016-02-01 14:30:00,0.0059038238223230064,0.9309641908801718,0.025127328642973734,0.007507877082332619,0.867294137857606
2016-02-02 14:30:00,-0.0007343006694079685,0.9296668480361303,0.02724389404554195,-0.015113885023228487,0.8705311239100152
2016-02-03 14:30:00,-0.015296375082998127,0.9435586295546984,0.02070932216925425,-0.009015499625685744,0.8676790164414255
2016-02-04 14:30:00,0.007919972362176723,0.9206077642972765,0.028074083417896856,0.0034759795538418605,0.8696392590651317
2016-02-05 14:30:00,-0.010994273890589362,0.9020154723661129,0.039408124687386525,-0.030051434182148246,0.8767234343147452
2016-02-08 14:30:00,-0.013935536950662615,0.9192333605375889,0.04131552862734522,-0.02878028252479629,0.8827593791724183
2016-02-09 14:30:00,0.002077918011659406,0.8960472646401413,0.06583918559975277,0.008808745629972728,0.8866317275953929
2016-02-10 14:30:00,0.0077646020169066625,0.8897436048378258,0.06623415964212509,0.015935386492491894,0.8867666949397072
2016-02-11 14:30:00,-0.0046382545594680115,0.8996697027013558,0.063891213118632,-0.019575056061816865,0.8895460510786157
2016-02-12 14:30:00,-0.004868337548789747,0.9194734820595928,0.056055239532576184,0.00905367254525058,0.8886917843058387
2016-02-16 14:30:00,-0.0010445964636671377,0.9137505862448826,0.05436335373293155,0.018350255620077194,0.8914312237419404
2016-02-17 14:30:00,0.0061856245189581514,0.9133058556910301,0.05383640199525619,0.019921522560227983,0.8920862767735614
2016-02-18 14:30:00,0.0027127741859579993,0.9193934877814025,0.06207805913087694,-0.005132160010677326,0.9021843673999305
2016-02-19 14:30:00,0.0011378467758762396,0.8873960162600983,0.06870374058788054,0.0015241292757130302,0.9033664500751954
2016-02-22 14:30:00,0.007253114339726028,0.8659280573868878,0.07536302897543334,0.02041102674175625,0.9016009484982136
2016-02-23 14:30:00,0.00713056104346174,0.899750552751309,0.0628037717521791,-0.002597126666370871,0.9005038964340063
2016-02-24 14:30:00,0.0021860218882446716,0.9160691413398521,0.05061129382136964,0.005768221717899147,0.899646865161893
2016-02-25 14:30:00,-0.00018445310233596544,0.9110360009864379,0.05602854991873585,0.010929645506393859,0.9001121618187028
2016-02-26 14:30:00,0.007083745846291588,0.9099651244398004,0.055807772483886575,0.006441133774849413,0.8984545118967174
2016-02-29 14:30:00,0.0031954143544923024,0.9016677042417263,0.062036978414396926,-0.013023778997261518,0.9000291650413291
2016-03-01 14:30:00,-0.010893271571965131,0.8877501664010229,0.06540357366897886,0.01129446612907703,0.9000329478239131
2016-03-02 14:30:00,0.0009577929916621984,0.8796608820821845,0.05682582521841495,0.004753369784486372,0.8970635961158114
2016-03-03 14:30:00,0.014782641062049587,0.8715314189103152,0.05931110882956203,0.011681426652140706,0.8903864568417169
2016-03-04 14:30:00,-0.00031428691007611884,0.893735444696918,0.05214598842345819,-0.002208841344492322,0.8889988939672152
2016-03-07 14:30:00,-0.004317196335966223,0.9004002408443683,0.047899251397510945,0.004610670114545486,0.8891565634202857
2016-03-08 14:30:00,-0.0024032041343352902,0.9010144790604016,0.04584574958633292,-0.015803159588607712,0.8884845927469559
2016-03-09 14:30:00,0.0024523153815523818,0.8984589242465443,0.04961791070933941,0.0036008117689313077,0.8875308635881747
2016-03-10 14:30:00,-0.00325428622142252,0.9008319680641188,0.048552589474000984,-0.003554297088652736,0.8836660843958754
2016-03-11 14:30:00,0.008166324175408305,0.8975501210275572,0.05178749341933919,0.027373965761097407,0.8930692961960434
2016-03-14 13:30:00,0.0016587485553890477,0.9522875217264759,0.03693325605967135,-0.0019429901409069676,0.8908546152448058
2016-03-15 13:30:00,-0.0011882402145035609,0.9510710891669311,0.03872304163277973,-0.01818715666112229,0.893638282592212
2016-03-16 13:30:00,0.007432302367546364,0.946181574007689,0.04708046804114263,0.004613283436360249,0.8955253364010307
2016-03-17 13:30:00,-0.0010543018563782796,0.967148075059256,0.040232197396215974,-0.01217549278274129,0.8992953607759807
2016-03-18 13:30:00,0.008188261070427633,0.981507490454357,0.03496515784884924,0.020633797041597512,0.9021623262928068
2016-03-21 13:30:00,-0.010470141440850617,0.9847126478343178,0.03761868181076289,-0.0038304469533254983,0.9048342329696643
2016-03-22 13:30:00,-0.004945034235487465,0.9982219058045058,0.027443016395760633,0.005904464408242808,0.9046177842842608
2016-03-23 13:30:00,0.005313108441368336,0.9996545351032252,0.02321450664922975,-0.002916380796803749,0.9047197184181598
2016-03-24 13:30:00,-0.004349800590038489,1.0121035717955744,0.015748900962094692,-0.004743282564656874,0.9048475425754864
2016-03-28 13:30:00,0.004112412524695232,1.0154152526756521,0.014001590438682321,0.0010674751150580402,0.9035240517406103
2016-03-29 13:30:00,0.010345716363891084,1.0167902411323195,0.013359717570947338,0.022466965105928455,0.9066750815212296
2016-03-30 13:30:00,0.003240454062278709,1.0250519248554213,0.01534113454875552,0.00326678195853769,0.9064890446316837
2016-03-31 13:30:00,0.0021599180930113424,1.0278433325647656,0.014367079475239741,-0.0005876306880986762,0.9152873368281225
2016-04-01 13:30:00,-0.0034239416071775147,1.0301860500037563,0.01601266187065553,0.008744266427179367,0.915270550632716
2016-04-04 13:30:00,-0.008233911807117352,1.029696382601594,0.0138350215307812,0.0042679160415543356,0.9098482094113134
2016-04-05 13:30:00,-0.004047340339320735,1.010140675578449,0.017515049025616625,-0.017172204234618293,0.9078199524746803
2016-04-06 13:30:00,-0.010086951530179834,1.0193242889571437,0.012450050323442374,0.018179773995440945,0.9072780629566864
2016-04-07 13:30:00,0.002900871541697986,1.0143690212740597,0.0030290987931854696,-0.008248813779430542,0.9060636974250046
2016-04-08 13:30:00,0.0014451269676921546,1.0018711776916547,0.010545646897806349,-0.0014727015586257404,0.9151553931701738
2016-04-11 13:30:00,0.0011338502978395226,1.0074824850524418,0.011142500010109968,-0.006840772269421813,0.9097466361360764
2016-04-12 13:30:00,0.0029334753582648584,0.9999362981973936,0.009821249747079985,0.01116560708330542,0.909038955423548
2016-04-13 13:30:00,0.006159103937396319,1.0549820937649343,0.0018440769256767298,0.01608737085147675,0.9100758918633906
2016-04-14 13:30:00,0.002993604524306168,1.0615996608529106,0.0035158861372318606,0.0036214709355065398,0.908928348189876
2016-04-15 13:30:00,0.0019413775490139838,1.0611576678454078,0.0036650959893302915,0.0011788890765353315,0.9115796995079025
2016-04-18 13:30:00,-0.0030470723111349863,1.060675880766929,0.003772778389284359,0.006852266736276406,0.9119490917958393
2016-04-19 13:30:00,-0.0027617971086026723,1.0581189978951078,0.00242231745368926,0.0009345389494043917,0.909749915309073
2016-04-20 13:30:00,0.006899989404808094,1.047533447822869,0.007135086927487322,0.012519351422589716,0.910623165334726
2016-04-21 13:30:00,-0.008615228858141198,1.0571989705287193,0.004202467571889912,-0.0023071931521488898,0.912522953601918
2016-04-22 13:30:00,0.007650703950296741,1.0559890373307756,0.0012760271452989524,0.009869387423355821,0.9115966106262502
2016-04-25 13:30:00,-0.001337737295359574,1.0516370808172917,0.00616768518725197,-0.005462467430671247,0.9104116522290493
2016-04-26 13:30:00,0.011852266422412161,1.0358077069505744,0.00786599972716684,0.007733986751261727,0.894629974508283
2016-04-27 13:30:00,0.0069019557785397236,0.9911930077962431,0.009092478614222688,0.005691052118594035,0.8910706394827991
2016-04-28 13:30:00,-0.0052271413948782215,0.9978527797361235,0.0046852035244716594,-0.01001294876206508,0.8894787683641483
2016-04-29 13:30:00,0.0034220365837239284,1.0051944404666957,0.002479828930467276,-0.012370475474682027,0.8941061772322766
2016-05-02 13:30:00,-0.0024816023864084923,1.02489583677914,-0.003737370166598808,0.003318261078120166,0.8930514859196551
2016-05-03 13:30:00,-0.003986344846736708,1.068190565045061,-0.021380846414331578,-0.006533395887106737,0.8820953697844781
2016-05-04 13:30:00,-0.000364487633697258,1.0092328011067901,-0.010203177728291823,-0.00960455006854414,0.8687746776650312
2016-05-05 13:30:00,-0.0034288887447260297,1.0149838600316354,-0.03257011817815625,0.0009985401388178754,0.8650041132733103
2016-05-06 13:30:00,0.007041468222286614,1.0050259069863716,-0.028970373928583704,0.0011774772601642984,0.8616016815794482
2016-05-09 13:30:00,-0.0030358569984961807,0.970871715560502,-0.020172618249085672,0.007305930091911901,0.8526922681757965
2016-05-10 13:30:00,-0.002677528755276398,0.9323540871085245,-0.013870869359777216,0.005131312709002985,0.8526262612023819
2016-05-11 13:30:00,0.003186279571951699,0.9294771134327339,-0.010618952016818839,-0.007643981116936834,0.8520069710047458
2016-05-12 13:30:00,-0.009348080378382001,0.9257889949302449,-0.011329985937411635,-0.014556121547015874,0.8362713935335152
2016-05-13 13:30:00,-3.95133631658196e-05,0.9280936062582976,-0.013851773931404854,-0.0024312134416791067,0.8338570609285343
2016-05-16 13:30:00,3.1898764878740896e-05,0.9327701858519781,-0.016257857718669055,0.011982063377355153,0.8363926246834074
2016-05-17 13:30:00,-0.0009024003299576734,0.9390756845497232,-0.019725943351861397,-0.010531300130209606,0.8353958140703704
2016-05-18 13:30:00,-0.0017743388924022024,0.9130184448254652,-0.013694658589659126,0.001797793326905106,0.8381297333420304
2016-05-19 13:30:00,0.001629557283056502,0.9067944748968244,-0.009505993049945594,-0.005953005734519216,0.840231057310326
2016-05-20 13:30:00,0.0005707643690552773,0.9040769210605882,-0.009519809083719744,0.008697130265821343,0.8414099007569474
2016-05-23 13:30:00,-0.0011574231033519592,0.9116202542568081,-0.01188276852587411,-0.0049802742828270645,0.8445271487652312
2016-05-24 13:30:00,0.002222770090348455,0.9467619753588186,-0.025261815647348973,0.015369756585537001,0.8442201700902773
2016-05-25 13:30:00,0.0005387915533501143,0.9574000400171923,-0.02695506549115212,0.006082348562959157,0.8417254439468342
2016-05-26 13:30:00,-0.005458355664434129,0.9942703385850824,-0.026915136211116963,-0.005047783400766577,0.8418957236064232
2016-05-27 13:30:00,0.0015472348022377664,1.0072272558095006,-0.03261106276540704,0.005736419377286861,0.851989488182364
2016-05-31 13:30:00,6.671978313611349e-05,1.0084264154497231,-0.02785857976203765,0.001882259094559376,0.8526131871376341
2016-06-01 13:30:00,0.003274611795628341,1.0089617396765547,-0.028110833585110795,0.006893094324824212,0.8528207680681925
2016-06-02 13:30:00,0.0005738408347461012,1.0091585245068755,-0.02554519714859227,0.01280537919938333,0.851424056997947
2016-06-03 13:30:00,-0.0036474454189127188,1.0169719269270112,-0.03609546331611857,-0.005962941813814034,0.85394213225476
2016-06-06 13:30:00,0.0037167734142574353,1.0041867831795246,-0.028300940647087436,0.008369494214513754,0.8562628515626124
2016-06-07 13:30:00,0.007173698224904086,1.0136016191737467,-0.03171640252373853,0.0014562433568939455,0.8425667133876512
2016-06-08 13:30:00,0.008411166485669032,0.9590645843719388,-0.02765491855067881,0.011697579474855502,0.8468052375197196
2016-06-09 13:30:00,-0.0010161132463023443,0.9818414050295972,-0.03490019783197218,-0.0016191120787875841,0.8336126350906508
2016-06-10 13:30:00,-0.007107369337236869,0.9760447687421103,-0.042356571589938885,-0.013964209158279561,0.8470770882338005
2016-06-13 13:30:00,-0.0038409813641957797,0.9842084812262533,-0.0357855088448894,-0.011058824943292985,0.8444791917646604
2016-06-14 13:30:00,-0.0015313277902268886,0.9858134217981551,-0.033684749651342605,0.00013926603938707593,0.8346080896118475
2016-06-15 13:30:00,-0.001520222300157411,0.9575251701922414,-0.03256612424241134,-0.00824208553379376,0.8201323822330732
2016-06-16 13:30:00,0.0005950951199576019,0.9598067689186144,-0.027056734441476715,0.003923386068522494,0.8107883043958992
2016-06-17 13:30:00,0.001942232209563452,0.9607165039842548,-0.02402879886586573,-0.0073987674110047585,0.8134922947427726
2016-06-20 13:30:00,0.007126003825514671,0.946657808882531,-0.017276694613754806,0.012815254200614431,0.8168661370940712
2016-06-21 13:30:00,0.003384683525276679,0.9475794988013203,-0.014101446141166707,0.0004115305534024098,0.8169161184778636
2016-06-22 13:30:00,-0.0007717261997661027,0.9491206736163521,-0.014951119075747421,0.001898851154809848,0.8003902673472263
2016-06-23 13:30:00,0.0021445880427864647,0.9154793826627252,-0.014235539436328382,0.01377246490554862,0.8053467102581742
2016-06-24 13:30:00,-0.002439925426459589,0.9185485956494606,-0.012939324369371064,-0.028450987020485614,0.8326684416170966
2016-06-27 13:30:00,-0.012761155736566263,0.9615435904560075,-0.024952457849870102,-0.024605375335347235,0.8407694254371573
2016-06-28 13:30:00,-0.002403426058887201,0.960770734215066,-0.0057171805639115725,0.016017088920210698,0.8557177280584579
2016-06-29 13:30:00,0.003478291174145949,0.9890981101903646,-0.015708609209362234,0.021727089448115928,0.8587200033822109
2016-06-30 13:30:00,-0.0008273451439195344,0.9582255078865556,-0.0016873810762774166,0.0082091816384288,0.8508439218252327
2016-07-01 13:30:00,-0.004604062170321132,0.9661403256287293,0.014089898448170768,0.0019095314686632392,0.84972035315708
2016-07-05 13:30:00,-0.0070237871863904995,0.9939653289666913,0.0007261618563431452,-0.007997679710063044,0.8495474438718057
2016-07-06 13:30:00,0.00012407566863502362,0.9803939482171758,0.008695031806684177,0.011372513249708005,0.8529671839991672
2016-07-07 13:30:00,0.00108649806302198,0.9805244595674678,0.009220099984644903,-0.00031358272810788623,0.8462720700807318
2016-07-08 13:30:00,0.0046947642387454806,0.9683185184891782,0.012562363169874358,0.01678202876900999,0.8465044574055921
2016-07-11 13:30:00,0.004133168838273766,0.9912529284339182,0.001222981142035784,0.0014381638167790072,0.8481648692649705
2016-07-12 13:30:00,-0.0005918989835954642,0.9895352022142953,0.0006547245528861212,0.004261710738105699,0.8487403532681839
2016-07-13 13:30:00,0.0037756131806546355,0.9903416728899308,0.00030925875945997383,0.0033644256559259844,0.8447099658322879
2016-07-14 13:30:00,-0.006342843655936194,1.0156224891153884,-0.01015348754919218,-0.0019295894961450417,0.8451759368240356
2016-07-15 13:30:00,-0.0012548827075642766,1.0165391828078172,-0.0120670685389771,-0.0022840726378177134,0.8427047370478528
2016-07-18 13:30:00,0.0024902521242858825,1.0018621650431814,-0.008189965248825981,0.002841913597705211,0.840216587378749
2016-07-19 13:30:00,-0.0022348078757694644,0.9940549177564809,-0.00022536532656447505,-0.004376912022826159,0.8413487548094176
2016-07-20 13:30:00,0.001367434070632596,0.9945818430582077,-0.0010030140408567867,0.010345190956637143,0.8454796163364066
2016-07-21 13:30:00,-0.0016643100357807705,0.9894635137991884,0.0018388154416065783,0.0012707582023641455,0.847507026965849
2016-07-22 13:30:00,0.0024589779654521794,0.9584103089450033,0.02157144451869908,0.00452581718233432,0.8416047500824667
2016-07-25 13:30:00,-0.00726741420064185,0.9485841438637361,0.028009449978560585,-0.00818461538031312,0.839136773005869
2016-07-26 13:30:00,0.005060673041797175,0.9485213443462781,0.02654345223699517,0.0035840161017972974,0.8283604927709214
2016-07-27 13:30:00,-0.014736613034951818,0.9543715578789582,0.028207085453294978,-0.009577675289572504,0.8275247044913248
2016-07-28 13:30:00,0.005288338437775449,1.0010069857879413,0.002777491265862242,0.00434196308625201,0.8262137865992082
2016-07-29 13:30:00,-0.00039667909963521483,1.018253495291162,-0.007989632120362411,0.0015406926400125531,0.8217024023889795
2016-08-01 13:30:00,-0.012685644306522022,1.017940005429695,-0.0076407706408969656,-0.006372508246908715,0.8135904293302928
2016-08-02 13:30:00,-0.005334256312987137,1.044429564888638,-0.026084676506180626,-0.00910269645822718,0.8159454761122676
2016-08-03 13:30:00,0.007334131868724092,1.0806617400652694,-0.03378484538218185,0.0035837892741436375,0.8067253517997499
2016-08-04 13:30:00,-0.003194455089578969,1.0252818026060548,-0.007205899809799687,-0.004595775217936859,0.799573057790315
2016-08-05 13:30:00,0.005586727751322086,1.0351493606294602,-0.008601318229917498,0.007975108746948326,0.7984317629721672
2016-08-08 13:30:00,0.0019526384794751822,1.0355970343978553,0.00039469553621584996,-0.0068621944535734265,0.8095414969788716
2016-08-09 13:30:00,-0.001545677029503869,1.034773320097608,-0.009259029680701691,0.0009592554355371355,0.8058892966386266
2016-08-10 13:30:00,-0.001979633269896611,1.0354333865551015,-0.009504940396472206,-0.005144309858312786,0.8024653383273243
2016-08-11 13:30:00,-0.0065591778732932236,1.0278610243396287,-0.0028526001536389733,-0.0006769827665305724,0.7998848926690112
2016-08-12 13:30:00,0.002640176832746118,1.0301447502810248,-0.006574047112859582,-3.0071964856122808e-05,0.7975976569841713
2016-08-15 13:30:00,0.0015657217686380468,1.014382761137439,0.00016405862788571035,0.0033314472865232,0.7966353659971253
2016-08-16 13:30:00,9.626746453204708e-05,1.0236153881853718,-0.0001447414250147494,-0.009056427091375033,0.7982024143612199
2016-08-17 13:30:00,-0.009285902718068083,1.0221072666942366,0.0002206146228865835,-0.007221991434483284,0.7981519455128244
2016-08-18 13:30:00,0.0040620449999798245,0.9974856199244855,0.010709518728090894,0.004507449208726699,0.7905814436828917
2016-08-19 13:30:00,-0.0003614041694880503,0.9837240790102645,0.014281373784656548,-0.0012370767668524,0.7930946005347446
2016-08-22 13:30:00,-0.00014670487308960116,0.9836275443395275,0.014143037661284441,0.002214901609637406,0.791993583770172
2016-08-23 13:30:00,0.0012685901026424653,0.9922901497755219,0.009674269729268326,0.0022433659974745446,0.7901985472486782
2016-08-24 13:30:00,0.0025245470482068034,0.9901862464016782,0.009887827605114752,-0.013433728429686228,0.8010202071929591
2016-08-25 13:30:00,0.0005881451597257266,0.9824134793197477,0.007543076008256322,-0.007789920854681738,0.8005413583505895
2016-08-26 13:30:00,-0.0031458663214131155,0.9699564463552195,0.010787750232229554,0.0007120703427487459,0.7925840951230656
2016-08-29 13:30:00,0.00719585215619062,0.9679740284125871,0.009722397963945362,0.00930553796782855,0.7938446895477641
2016-08-30 13:30:00,0.005048052611885807,0.9932944960242979,-0.001178366161744382,0.0016613714318299833,0.7921003129042171
2016-08-31 13:30:00,-0.0008257787822726027,0.9907168569701583,-0.004784665954981504,-0.0037519804788145317,0.79263396952966
2016-09-01 13:30:00,-0.0021659177335485204,0.9949797593449523,8.239944799159904e-05,-0.004764494084388615,0.7871514209837862
2016-09-02 13:30:00,0.010549136950313186,0.9778690971953412,0.004960692328176641,0.011611978879155918,0.7841575408959995
2016-09-06 13:30:00,-0.005358588493184072,0.9950960273673101,-0.0016672768439285335,-0.001840845629843139,0.7758797792378508
2016-09-07 13:30:00,0.0054454417528192614,1.0110708012980436,-0.017929369735454892,0.0051608024797023715,0.7675363981209702
2016-09-08 13:30:00,-0.0002437825114313756,0.9823597089508942,-0.008123995566478026,0.0004569609877130472,0.7684828325103857
2016-09-09 13:30:00,-0.0030990042288410215,0.9857122054389003,-0.009545121249097455,-0.022477752119261802,0.7913322107685893
2016-09-12 13:30:00,-0.0013079757300366052,0.9967966820978279,-0.00851004717119419,0.013160383840984835,0.8024902516619733
2016-09-13 13:30:00,-0.0017307025613869827,0.9919815366431644,-0.008320136515518106,-0.014846615159317548,0.8080477134389651
2016-09-14 13:30:00,-0.005612136469364411,1.0028922561934603,-0.007390681773696173,-0.005793437662451699,0.797428353862224
2016-09-15 13:30:00,-0.0002907366708288263,1.0210477830989224,-0.020967922596899058,0.009924041732632949,0.7991780584775755
2016-09-16 13:30:00,0.007238333554411784,1.0123445911166116,-0.014572782405606222,0.007969129277040965,0.796697979565249
2016-09-19 13:30:00,0.002679133176021562,1.0267355575029073,-0.021317443720387574,-0.0014114301871416268,0.7902914819341481
2016-09-20 13:30:00,-0.006312955909237589,1.0008422828964634,-0.012181307542455166,-0.0035479144299782974,0.7588905945784483
2016-09-21 13:30:00,0.0013145562149671462,1.022827628738975,-0.02269750328212161,0.011273828156108149,0.7395879325416512
2016-09-22 13:30:00,0.0038768780792435738,1.026550435873455,-0.04957949560620467,0.01123398233693577,0.7312190079286264
2016-09-23 13:30:00,-0.0037953550885736734,1.0538320733300033,-0.053095389210135124,-0.006567620537463403,0.7049886852571334
2016-09-26 13:30:00,0.0017827945390780434,1.023364135074981,-0.049821976674760404,-0.009844590918080357,0.7108353408111228
2016-09-27 13:30:00,0.0019108270907779923,1.0183837568378518,-0.04977002052060109,0.0083785639146244,0.7168583540700002
2016-09-28 13:30:00,0.004546838023997526,1.0214453414592304,-0.04478309107784162,0.0036217545449261554,0.712195444365757
2016-09-29 13:30:00,0.003698031713019719,1.0539757171062876,-0.0651946062651172,-0.012677264957589881,0.7144839165536281
2016-09-30 13:30:00,0.001712681329916775,1.0283741912971989,-0.0664461133331935,0.01144920575375652,0.7296676286968938
2016-10-03 13:30:00,-0.008119996011383742,1.0415109289818134,-0.0699587658506371,-0.00887031214036386,0.7141928745920038
2016-10-04 13:30:00,-0.0004328313596287255,0.9957318213898589,-0.05680339984619154,-0.0019214484363908602,0.7112963227079548
2016-10-05 13:30:00,0.002113213650888141,0.9977159412395751,-0.05577078964445137,0.005097503664808656,0.710574660214711
2016-10-06 13:30:00,-0.0013021915749431693,0.9985058949222205,-0.05436086812120855,-0.003358354420974948,0.7138910405307701
2016-10-07 13:30:00,-0.0013083141702036449,0.9729338003985376,-0.041029033979671614,-0.0016606139936335234,0.7164470830027642
2016-10-10 13:30:00,0.007749581982267049,1.0031517975628927,-0.05003532898096752,0.011286883779457524,0.725299763095669
2016-10-11 13:30:00,0.0009572702657998505,0.9970000161796142,-0.03994546053909831,-0.02276889821999765,0.7489578750693213
2016-10-12 13:30:00,-0.0007086207699442256,0.9878664714462139,-0.0392294096862853,-0.0039976952782382336,0.7494058484010141
2016-10-13 13:30:00,-0.0002065232757530332,0.9952635617417253,-0.04314421086773379,0.00017036359935932813,0.7405067248966635
2016-10-14 13:30:00,0.0015738930717374916,0.9946892447435745,-0.047440687428410344,-0.0037191633090680742,0.7528786594118477
2016-10-17 13:30:00,-0.0014443387237319384,0.999712080055094,-0.05055477144422832,-0.004331534340690964,0.7660852967198893
2016-10-18 13:30:00,0.009031223884680951,0.9965906480655344,-0.049899337882637014,0.020259221567236658,0.767684496255952
2016-10-19 13:30:00,0.00041205505089815823,1.0502698503968848,-0.0591962869388509,-0.002419696140521769,0.7718327166597613
2016-10-20 13:30:00,-0.001369393166005145,1.0611874332009346,-0.06423306232455082,0.002468130484894767,0.7732555486979696
2016-10-21 13:30:00,0.002494816023545305,1.0282534046961018,-0.03719727437232173,-0.005890209500092669,0.7745219281631299
2016-10-24 13:30:00,0.0023584940655373325,1.0131722401174477,-0.031743163283954184,0.000777217609481203,0.7781369967418018
2016-10-25 13:30:00,-0.007061502999771981,1.015980635510482,-0.03319964689172655,-0.009712435049975173,0.7885562480539448
2016-10-26 13:30:00,-0.01639154033586713,1.0123639712991994,-0.013448491239312355,-0.022364505046253425,0.8061706648300698
2016-10-27 13:30:00,-0.02223404672063141,1.0300669163048473,-0.012316115508580472,-0.017271198574374574,0.8061307345443413
2016-10-28 13:30:00,0.01020105302662193,0.9106871517221856,0.032188713010755654,-0.00967977928485316,0.7898127227382977
2016-10-31 13:30:00,0.011504418954175394,0.8047315623499115,0.06227620160490166,0.0057619195775655925,0.7769930125746606
2016-11-01 13:30:00,-0.013600121607714018,0.7963860698258596,0.05516178127355431,-0.017178575559805804,0.7832966835542234
2016-11-02 13:30:00,0.004626535723846083,0.8561000373578366,0.02771046718989678,-0.0005380461486594879,0.7807356525143251
2016-11-03 13:30:00,-0.003778199837335546,0.8676167636941893,0.018569015979484238,-0.012686149230506963,0.7543681234562293
2016-11-04 13:30:00,8.410898225509437e-05,0.8667539861926316,0.023153040706141104,0.006800856028178703,0.7590970351010072
2016-11-07 14:30:00,0.004344284210847284,0.8735499311230165,0.02660111107002794,0.027879798360386825,0.7829133881398945
2016-11-08 14:30:00,0.003832683483908531,0.9044323821751391,0.024198885109165458,0.006542794663356648,0.781861167065233
2016-11-09 14:30:00,-0.050773672564742044,0.9078964000697052,0.023671810733851162,-0.016317043098765138,0.7844489905233271
2016-11-10 14:30:00,0.008799290282135368,0.8820970089202449,-0.12560179572396835,0.014562045332639606,0.7826024690513046
2016-11-11 14:30:00,0.008850372621799652,0.9112347464304351,-0.1289365566325802,-0.005598313014307206,0.7794824304143767
2016-11-14 14:30:00,0.0189411764477039,0.8425718182401254,-0.10466540592472373,0.013276346265258346,0.6851935779366971
2016-11-15 14:30:00,0.007581629828683049,0.7477562367847899,-0.058485134184356746,0.010070239663109751,0.6814607928684845
2016-11-16 14:30:00,0.0007475796234446064,0.7747590281346811,-0.07098701259202,-0.0002442272639035699,0.6804970707923453
2016-11-17 14:30:00,0.009166473290610511,0.7767613678503726,-0.07257140744199336,0.01119154236961369,0.6791839510446024
2016-11-18 14:30:00,0.0012656554065518895,0.7768734868324821,-0.07474556819955858,-0.006442542916734036,0.6810781670563845
2016-11-21 14:30:00,0.0014524345718951491,0.7701225484374012,-0.07366069033219613,0.0037905241714382885,0.6857717681646008
2016-11-22 14:30:00,-0.0020071981799143074,0.7723949718482217,-0.07376519877349141,-0.011236545570995368,0.6688881957243548
2016-11-23 14:30:00,0.0081895593939519,0.7651051473895613,-0.06906671432429212,0.009999769115559184,0.674313648188964
2016-11-25 14:30:00,0.0019501798301473435,0.7654748193821865,-0.06500439061979224,0.004283941464179393,0.6746906836486315
2016-11-28 14:30:00,-0.006325461427598076,0.7694126864484492,-0.06692271624843837,-0.01001812975364591,0.6801694443788727
2016-11-29 14:30:00,0.005049812807916657,0.7557430260471591,-0.05624046367237445,0.009789298644820033,0.6783314070574572
2016-11-30 14:30:00,-0.0033949424752542576,0.7548573546801298,-0.05431215558361768,-0.008974561846595175,0.6832217864458124
2016-12-01 14:30:00,0.00175438553710533,0.7477208441064742,-0.046761638284987805,-0.0025417698591717977,0.6739521196998063
2016-12-02 14:30:00,-0.0003741374273913519,0.7595378211159759,-0.05443229872321603,0.0008098340955997966,0.6702039758696365
2016-12-05 14:30:00,0.005854114017691335,0.7602312961497102,-0.05498505426306756,0.003275103602713917,0.6502402077534092
2016-12-06 14:30:00,0.0026441807190455188,0.7112050220845737,-0.04536504860184365,0.0037832125760277613,0.6422092860097725
2016-12-07 14:30:00,0.000817182835644682,0.7013774461653856,-0.04522848159208975,-0.0034058777958405986,0.6326131802116182
2016-12-08 14:30:00,0.007307543905086348,0.68275605485903,-0.043445028050059245,0.008396887413032239,0.6403267528770485
2016-12-09 14:30:00,-0.0025351581233536737,0.6711021692092409,-0.035271265528429574,0.005767339445834629,0.6372318732237257
2016-12-12 14:30:00,-0.004398253942487933,0.646938701201373,-0.029157164805667324,-0.0008641658498481641,0.6334188255862654
2016-12-13 14:30:00,-0.0026216000855484958,0.6234548862932663,-0.01971168897476655,0.002447657260741994,0.634238523302756
2016-12-14 14:30:00,-0.010650224778734814,0.6180567360272055,-0.01865030946459234,-0.013837292771537483,0.6399555509867415
2016-12-15 14:30:00,0.0032875302101572496,0.6301897095122184,-0.018932089895284054,0.007051555403250124,0.6348304433978827
2016-12-16 14:30:00,0.0023209641520298007,0.6181748633046884,-0.01539829843281737,0.002803200590550984,0.6260537419196691
2016-12-19 14:30:00,-0.0005561319237863626,0.6044429122548893,-0.012956355942991937,-0.002878745166469243,0.6243345176156522
2016-12-20 14:30:00,0.0009210960660924992,0.6047428512894131,-0.014042451122368016,0.00031870760339262433,0.6196160088469255
2016-12-21 14:30:00,0.0014374963610160906,0.591646551799583,-0.010032983406243479,-0.0016884661416410873,0.6161418796580337
2016-12-22 14:30:00,-0.001460942296400334,0.5867857377735598,-0.011438172000353353,-0.0005064830646559862,0.6155014662629751
2016-12-23 14:30:00,0.004227144473180077,0.5780222135035806,-0.006693877322524799,0.008355099302655397,0.6108750605302246
2016-12-27 14:30:00,0.00016447047624792966,0.565341225398729,-0.0009491460770848503,0.0013127993368614959,0.6036774375759933
2016-12-28 14:30:00,-0.0038116718598859333,0.5487430026672071,0.001614148038054375,-0.008012044831212983,0.6069607348260114
2016-12-29 14:30:00,-0.0007913934961044256,0.5537044261599913,0.001387521602798314,0.00015989317015456064,0.6068558871984027
2016-12-30 14:30:00,-0.002474826580959156,0.5526030736342182,0.0016942762088457686,-0.0044848341624314685,0.6056281544259001
2017-01-03 14:30:00,-0.0009065329728140479,0.5545283628411792,2.357749266101994e-05,0.006332810786073469,0.6076048315608111
2017-01-04 14:30:00,0.011425870650758892,0.5536331625555693,-0.0008834901699777964,0.015744925107418206,0.612841235370654
2017-01-05 14:30:00,-0.003067541834023985,0.530384273677676,0.02056747397460834,-0.0003121064574052405,0.6057685290594387
2017-01-06 14:30:00,0.0011234203959184926,0.5296779112567236,0.015365354292952327,0.0028373951305551426,0.5711098147634556
2017-01-09 14:30:00,0.00603594510541712,0.46445398168599433,0.025487735082277085,0.008808511630852648,0.574142174693802
2017-01-10 14:30:00,0.00903973560012823,0.4546544610169582,0.03246125804157651,0.01082854552583797,0.5776158608005937
2017-01-11 14:30:00,0.010026828043383267,0.4617701226179259,0.031681152923402456,0.004287921184353023,0.5773899334888112
2017-01-12 14:30:00,0.00011337002515974886,0.45924425433484917,0.022329241765656815,0.0009156121279775276,0.5756937689201665
2017-01-13 14:30:00,0.00495332636807117,0.45837343236541644,0.021527345501430928,0.005579918582788131,0.5624227812797375
2017-01-17 14:30:00,0.003311693989474952,0.4037139314210876,0.032251444843246435,0.0004834372909663746,0.5623652603277715
2017-01-18 14:30:00,-0.002934203281287204,0.40630103062101497,0.02898114547797498,-0.0030824647164450956,0.5639250061364595
2017-01-19 14:30:00,-0.003756359330827372,0.4130427334545075,0.02626389934797363,-0.0066474139511869534,0.5637847056155287
2017-01-20 14:30:00,0.0012594238163867377,0.4104789624659684,0.027940719877270204,-2.0867614751359418e-06,0.5642047597501757
2017-01-23 14:30:00,-0.0017083195432282226,0.40969272969635184,0.02839002714112232,-0.003764727904495224,0.5608373033032403
2017-01-24 14:30:00,0.005121338756187909,0.40833360283239917,0.027234923083223894,0.00233815831954276,0.5205614010361436
2017-01-25 14:30:00,0.0056568870853329675,0.3700093391237048,0.029951934833390592,0.009302082055990072,0.5150211041494256
2017-01-26 14:30:00,-0.0023479810289875466,0.46612585282856656,-0.00533852073088148,-0.005945359737529595,0.5369454571967841
2017-01-27 14:30:00,-0.002617885674451946,0.4697846469015601,-0.006063226595312887,0.0011762520723123855,0.5314337668211753
2017-01-30 14:30:00,-0.008628912655227406,0.4714659134883934,-0.004605068122485956,-0.010847360559592789,0.5174270189233273
2017-01-31 14:30:00,0.005391943669734656,0.39583760760454145,0.026267369119702677,0.012809751053621662,0.5306393761328453
2017-02-01 14:30:00,0.0037980035136934713,0.40458154949044256,0.02918664912026392,0.007324616847140956,0.5499532401456458
2017-02-02 14:30:00,-0.001047210383739788,0.41978757244320963,0.013617333833778722,-0.001133734309613869,0.5461582789168392
2017-02-03 14:30:00,0.00564320080706447,0.42324274364159153,0.011095820340422391,0.00763647573634126,0.4935754116256705
2017-02-06 14:30:00,-0.007319654724692515,0.3061636514804207,0.023064527522648703,-0.007015223009427214,0.49783484669086864
2017-02-07 14:30:00,-0.0009054150656712563,0.2981574406119135,0.025580383266896933,-0.0008269932595369086,0.46945549413796256
2017-02-08 14:30:00,0.0007547820766043596,0.5110508036120824,0.1281417872541778,0.0010875288597972006,0.46234338087964016
2017-02-09 14:30:00,0.0053106206529443525,0.5037525510504448,0.12403238590962873,0.00936463257064816,0.4642755837596055
2017-02-10 14:30:00,-0.00018987904758206603,0.499411790374062,0.12847767962402723,0.0001719900279299654,0.6222898729033312
2017-02-13 14:30:00,-0.0009184847017923194,0.576571621386519,0.09603222627018373,0.0029428058088965723,0.6264765658838961
2017-02-14 14:30:00,0.0018981902592361101,0.5454080861645891,0.10560525016798636,0.007790522856132649,0.6286589893131643
2017-02-15 14:30:00,0.0010495968889164611,0.5364128220413915,0.11648594520399258,0.008783818912912578,0.6236510116483384
2017-02-16 14:30:00,-0.0020435577469857446,0.5386853888286598,0.11122059740572748,-0.003450743987276591,0.6156403361856922
2017-02-17 14:30:00,-0.003960371503520105,0.5344355092006423,0.11302663590697803,-0.0019832866828682536,0.5987359196432142
2017-02-21 14:30:00,0.015417252290817227,0.5421888543190465,0.10841323751371967,0.01715917188636203,0.6305304202864509
2017-02-22 14:30:00,-5.338518981424633e-05,0.5936405935666542,0.08829405943837582,-0.002496709003570389,0.6245394575842365
2017-02-23 14:30:00,-0.0010535174518296335,0.5970611238684822,0.08382049900908056,0.002506949688694545,0.6227882304039508
2017-02-24 14:30:00,0.0034264339806897707,0.5841836296752296,0.0876578145068398,0.006382829297143881,0.6076683658862253
2017-02-27 14:30:00,-0.0014002429192602967,0.585417024907039,0.08048469178221734,0.005296175591481729,0.6119230597752711
2017-02-28 14:30:00,-0.00571772588951888,0.5792656397439733,0.07566039218331261,-0.00716386738318205,0.606209650104387
2017-03-01 14:30:00,0.0025453914906452754,0.5836369973928883,0.07331362630494137,0.009698259674275622,0.6515269787550072
2017-03-02 14:30:00,2.6028059477249503e-05,0.5986595440347611,0.07593822468492545,-0.0027953588127071307,0.6625351914315019
2017-03-03 14:30:00,0.0019413628577498363,0.5978776623263911,0.07767670961673045,0.005142205896586205,0.6581054691052248
2017-03-06 14:30:00,-0.0040606617676259265,0.6099501173366754,0.07362095726764706,-0.0070338002762022995,0.666076066948849
2017-03-07 14:30:00,-0.0042575885275544095,0.6228910788236459,0.07368219722276909,-0.009817305498757626,0.6711832586497987
2017-03-08 14:30:00,-0.002407353152278446,0.6459564285690195,0.08549551838783592,0.0014301703469764189,0.6671819537666733
2017-03-09 14:30:00,-0.0011317728853355445,0.6492751410707147,0.08158492398162404,0.0028091582501935295,0.6660594147808122
2017-03-10 14:30:00,-0.0021478822723606135,0.6678107434569165,0.07654635616088434,0.000993050398526966,0.668948486269059
2017-03-13 13:30:00,0.0018753169634775106,0.686583607968217,0.06804026785991213,0.0014564529515517233,0.669178204339424
2017-03-14 13:30:00,-0.0043692237512575225,0.7074162574963551,0.06232475153549866,-0.007665401709891421,0.6583344218034465
2017-03-15 13:30:00,0.0019101026443957714,0.6532352663749998,0.07695813295916465,0.011722214717815168,0.6701439761297
2017-03-16 13:30:00,-0.0009650721674956449,0.6610558261837838,0.07580647068332169,-0.008253637226783591,0.6921375784638736
2017-03-17 13:30:00,0.0056758806069834985,0.6712147446390748,0.07479885912166728,0.001541747923089069,0.6875766051147898
2017-03-20 13:30:00,-0.0061148837074833295,0.6490132269790331,0.07817850282294003,-0.006932857348978527,0.6968964493842185
2017-03-21 13:30:00,-0.002425539146614676,0.6625511684207976,0.07552298724554574,-0.011222318953762911,0.7089479085625513
2017-03-22 13:30:00,-0.0013055180205548144,0.6609650046253457,0.08758986840477745,-0.00027472183499381114,0.7074037005499458
2017-03-23 13:30:00,-0.0007014751825302908,0.6657953343226328,0.08558809660859323,-0.003082653201616529,0.7076945740055424
2017-03-24 13:30:00,0.007895038372323795,0.6684493194767924,0.08498692559501553,0.008953296347033124,0.7090072414007768
2017-03-27 13:30:00,0.005127907911324685,0.6516978012802186,0.09228672707665841,0.008265471652669035,0.6936806568894562
2017-03-28 13:30:00,0.0019459000290527795,0.6343121000109433,0.09795942786642198,0.0017537656194148339,0.6922462176409093
2017-03-29 13:30:00,-0.002032279006550698,0.638173881303163,0.09582469586464981,-0.001280121760073527,0.6901204814760434
2017-03-30 13:30:00,0.005197061730901864,0.6382652470567464,0.0940641177858147,0.004634898701087538,0.6854011653250676
2017-03-31 13:30:00,0.0004861275549878331,0.680251739360163,0.08221459200862746,-0.0013228283206224711,0.6873437529958202
2017-04-03 13:30:00,-0.0007541613814700413,0.7063001560066708,0.057687197773749754,-0.0010408782549845934,0.6838459776789209
2017-04-04 13:30:00,-0.00655160464826926,0.7207584504107949,0.055730080237691215,-0.0069145427037614615,0.7052348807790515
2017-04-05 13:30:00,0.0028851378155387328,0.7288840794687438,0.05468375727627561,-0.0004971218357957182,0.7040879386593769
2017-04-06 13:30:00,0.002389167005400287,0.7491492811264766,0.03827473588478758,0.0036513180585295846,0.7028294464034955
2017-04-07 13:30:00,-0.002541313663381717,0.7408667637771051,0.03715565471686155,-0.0009780100195230235,0.7025660708796216
2017-04-10 13:30:00,0.0057530718067097765,0.7748695587593872,0.06195192811333605,0.004285839213617544,0.7004922567368655
2017-04-11 13:30:00,0.002760786168235808,0.7560960688367323,0.0671319554222562,0.0015533737394199203,0.6997172784608058
2017-04-12 13:30:00,-0.004189825764804622,0.7599670259359002,0.06305840762225756,-0.0038891790061668465,0.703909435253161
2017-04-13 13:30:00,-0.003126227486238752,0.7664594584987705,0.07206174970714974,-0.003989026322434437,0.7048680376955069
2017-04-17 13:30:00,-0.0002203723866369238,0.7731468257744608,0.06969722508238485,0.0029474967998029955,0.693691699036822
2017-04-18 13:30:00,0.0050545533547270045,0.7679053653921166,0.07004336435381953,-0.004299778206311777,0.7009362735404797
2017-04-19 13:30:00,0.0035040865850947747,0.7300831317060383,0.07502025585212935,0.005956387192520045,0.6991929559909315
2017-04-20 13:30:00,0.0023127334673623753,0.7355766839774402,0.0744296560963188,0.0074637462019709515,0.70386932995937
2017-04-21 13:30:00,0.0009625171184488917,0.8060851573815371,0.05801676282288948,-0.004346731205464767,0.6985118869349826
2017-04-24 13:30:00,0.00013459448587087308,0.7891341409259378,0.06093269597176887,0.009010596387863648,0.6960392748382335
2017-04-25 13:30:00,0.0002966499174235516,0.7937335669007822,0.06013592771856868,0.004945001444007853,0.7215592282588453
2017-04-26 13:30:00,0.0011830052230552635,0.8237861513512856,0.058256969874187714,0.005677561039408936,0.6992333164639103
2017-04-27 13:30:00,-0.0008318401005391171,0.8205701409360169,0.049610982742750664,0.0013653298009317731,0.6909989931665402
2017-04-28 13:30:00,0.0014877203908073436,0.8384140420008427,0.05404614413909503,0.003904628938662391,0.6921443467239069
2017-05-01 13:30:00,0.003233075849701764,0.8415268859787324,0.05355333333959833,0.005645165289401251,0.6991200404923554
2017-05-02 13:30:00,0.012146807969273067,0.8367130326763702,0.056923857427446434,0.01349811909665366,0.6826102505964043
2017-05-03 13:30:00,-0.003254321878522701,0.917262662971308,0.016415414681085427,-0.0078238916672743,0.68873502176363
2017-05-04 13:30:00,-0.0031234845290051268,0.9433775990241855,0.010774414043445035,0.0031594213762394427,0.6878868884941686
2017-05-05 13:30:00,0.0022294742095992064,0.9274795181570715,0.011885703301720119,0.0016455634107363688,0.6908633393646525
2017-05-08 13:30:00,0.002447378113500847,0.9389228304482815,0.006393532476711705,-0.003534405420303588,0.6833656144349366
2017-05-09 13:30:00,0.003402564772344957,0.9456197040886629,-0.008286717740318361,0.004396194728416458,0.6754328511963772
2017-05-10 13:30:00,0.010899663523853294,0.9394329044877315,-0.0038245522680149246,0.008174483729058787,0.6687072959522095
2017-05-11 13:30:00,-0.0020911878290877945,0.9197967892142902,-0.0012310783055865526,-0.0016017705004140643,0.6680932356344731
2017-05-12 13:30:00,-0.0022380315430330423,0.9192982462242385,-0.0005669750409252883,-0.003829983875298537,0.6599720302529878
2017-05-15 13:30:00,-0.0031170150191830626,0.9526225056689107,-0.008233561391541633,0.00306007282241764,0.6549489065721171
2017-05-16 13:30:00,-0.004445720151615597,0.9263681853611868,-0.005148577105568597,-0.008024386161794128,0.6850963758389533
2017-05-17 13:30:00,-0.0003126671000743316,0.9531004738598305,-0.009775246357463185,-0.012521847861075722,0.7017910601905625
2017-05-18 13:30:00,-0.0012238160688229113,0.8790561968030389,0.015437890591878558,0.0029927677522130955,0.6997394205262074
2017-05-19 13:30:00,0.004864884013578228,0.8834500327294244,0.010001516274273592,0.007221565361218356,0.7045733173599945
2017-05-22 13:30:00,0.0015084796343483088,0.9634777140345876,-0.016633390867007658,0.0039634704184691545,0.6968899417517322
2017-05-23 13:30:00,-0.0009472470156410557,0.9577308575547323,-0.014882298628529078,0.0022268535193473347,0.7064693902477833
2017-05-24 13:30:00,9.96852470086006e-05,0.9618391587587416,-0.02044131995151377,0.0023888260297395547,0.7015391893375865
2017-05-25 13:30:00,0.00406086944355381,0.9523434237653456,-0.020372138744235102,0.008690410352381642,0.7064769410373152
2017-05-26 13:30:00,-0.002520380108543375,0.9791358587740644,-0.028693145229649386,-0.003895463482640841,0.7045871843560176
2017-05-30 13:30:00,-0.0018133062885906481,0.972287774654635,-0.023209667304396553,-0.0027972500845216595,0.7092082566020812
2017-05-31 13:30:00,-0.005423359102337426,0.9625197207997335,-0.017897911508452657,-0.0016793294566174548,0.7051840251416607
2017-06-01 13:30:00,0.011364520243268346,0.9307197390699652,-0.015993465690018915,0.02119924022140614,0.741681013724913
2017-06-02 13:30:00,-0.003310041989165583,0.965780058369152,-0.002503885430313213,0.0029127029644516376,0.7404652294385672
2017-06-05 13:30:00,-0.00015837773182448547,0.9621397352500236,-0.005464596304864067,-0.0028585743791555984,0.7444993076190168
2017-06-06 13:30:00,0.0013681183931113859,0.9796189674759248,-0.007886859852283476,-0.0010425649578654401,0.744920672759981
2017-06-07 13:30:00,0.002099150707641872,0.9845980062640955,-0.0066702175479971815,0.004768080317747374,0.7447676695082781
2017-06-08 13:30:00,0.005121432678468629,0.9906874628903549,-0.008121402728800936,0.0022083130183353137,0.7340580829948075
2017-06-09 13:30:00,-0.005154578953050307,0.9508359251617247,0.0006405701685522347,0.0012641002028552044,0.7106090052697093
2017-06-12 13:30:00,-0.001759446254643035,0.9064157706989568,0.014968331461937101,-0.0029477720095374047,0.7038935124201187
2017-06-13 13:30:00,0.005283837705262849,0.9094779269888482,0.014423984989869174,0.007327695860176009,0.714183298467857
2017-06-14 13:30:00,0.0008566802263305345,0.9427126302903263,0.01567040182794488,0.005454669078010917,0.7071288843531365
2017-06-15 13:30:00,-0.0037141053371507905,0.9220838974676964,0.02084474401414038,-0.004944870750232977,0.6918395535262135
2017-06-16 13:30:00,-0.0006605295549393537,0.9236678454276919,0.005877822026200907,0.0008774115709629197,0.6934966863643158
2017-06-19 13:30:00,0.0014486184239878106,0.9172802900875049,0.008640923480096596,0.011320759539274508,0.700667782093872
2017-06-20 13:30:00,-0.007549985013715052,0.9139330249369348,0.0106985650799587,-0.004404338447951591,0.7014294854584736
2017-06-21 13:30:00,-0.007160083984403817,0.9340290244189695,-0.00767688806098632,0.004337641719640499,0.7093759989876944
2017-06-22 13:30:00,0.0024776781844273992,0.9351614121904178,-0.045058641820319156,0.011813198750816989,0.706406176559995
2017-06-23 13:30:00,0.002913389410635035,0.953544094800372,-0.048143140394638184,0.0008187592537189184,0.7072201586797583
2017-06-26 13:30:00,-0.0008505040830735219,0.932631631316081,-0.04027663450728847,-0.0016724683370710574,0.7106353368480495
2017-06-27 13:30:00,0.0008066346018977795,0.9300121196859402,-0.035987880875790856,-0.00636708147677334,0.7179516330964222
2017-06-28 13:30:00,0.007292231079543162,0.9335585606682943,-0.0375756733677457,0.011256333155665654,0.7303259822127307
2017-06-29 13:30:00,-1.0398093944123318e-05,0.9337187497360854,-0.029585006603860098,-0.008141142722278246,0.7329813918985809
2017-06-30 13:30:00,0.0037256158219837647,0.9285956532809765,-0.02856044127098023,0.0028180872822161827,0.7342425089526551
2017-07-03 13:30:00,-0.002537009184302318,0.9317716723032123,-0.031157697845695886,-0.0011855041195612721,0.7339666187832864
2017-07-05 13:30:00,0.0005270835251834829,0.934144792166596,-0.03314095998797639,0.005424239175623032,0.7335119223953058
2017-07-06 13:30:00,-0.007813769833675713,0.9317244331243004,-0.03178512921765719,-0.01925574868650463,0.7746163367929126
2017-07-07 13:30:00,0.006963909623643485,1.0282432959910874,-0.04321981922377638,0.012015620310604177,0.7826430215402138
2017-07-10 13:30:00,-0.004119796245594099,1.057179010811693,-0.049387265405928416,-0.005383202351665857,0.7837949424053754
2017-07-11 13:30:00,0.002425952432752239,1.0408682852199804,-0.038582385271031305,0.0008658886150510655,0.7819848171433917
2017-07-12 13:30:00,0.0016045919759002034,1.0207261837942814,-0.03098880374151125,0.00828879711373435,0.7913682800646198
2017-07-13 13:30:00,-0.0039054295153196847,1.0274755153722877,-0.032049091724196344,-0.0032451806165347077,0.7905744798568977
2017-07-14 13:30:00,0.0005493335012122964,1.0956669166984607,-0.0441691880307874,0.008044090106959981,0.7909942147332507
2017-07-17 13:30:00,0.0008548514902014734,1.0932540735056389,-0.04376324959674038,-0.0026813489387320644,0.789518617039287
2017-07-18 13:30:00,-0.00503366524607882,1.0894307694810974,-0.04346014134611598,-0.004165160248925474,0.7885582051259615
2017-07-19 13:30:00,-0.002840157202030477,1.0953777616543945,-0.04236581860636213,0.005589264924587001,0.7924782580662034
2017-07-20 13:30:00,-0.0005296613878169121,1.0863153763417945,-0.040657897868509485,0.0060887603546653235,0.7957400646405636
2017-07-21 13:30:00,-0.0024895505157074022,1.086197538101854,-0.0424708490813277,-0.0040289388217452276,0.8095721738785161
2017-07-24 13:30:00,0.004445248018419684,1.101652555490571,-0.04760808787760795,0.0034590484467575213,0.8090749366151755
2017-07-25 13:30:00,0.0025269971473264284,1.0795805599640442,-0.03856807758312886,-0.004669174675643724,0.8099576205380185
2017-07-26 13:30:00,-0.009363846055338602,1.06692577162783,-0.0381356766986366,-0.013032459293580545,0.8172431456935524
2017-07-27 13:30:00,-0.008670286930276907,1.1193029213997225,-0.053666835904638055,-0.01499377483555775,0.8423920174295895
2017-07-28 13:30:00,-0.0013479183738465635,1.0429061373169226,-0.0032965123984913802,0.0038536676384922273,0.8332141440330257
2017-07-31 13:30:00,-0.007402398456256506,1.0300246675755724,-0.002052661601906647,-0.008263514995461222,0.8389396366803515
2017-08-01 13:30:00,-0.0016400045761911096,1.018223776391719,0.011997106643429345,-0.004099817927553835,0.8412896439127323
2017-08-02 13:30:00,-0.005108053927759907,1.0129527217359076,0.016502254727488896,-0.007376343993235723,0.8414112404077619
2017-08-03 13:30:00,0.00010083248358943382,1.0277608852129363,0.02064585864234214,0.0016871892298876052,0.840905715703746
2017-08-04 13:30:00,-0.00047199152530316485,1.0450287338816782,0.01216912228550937,-0.0026119593545875044,0.8483729788289806
2017-08-07 13:30:00,0.0006519425512544492,1.0821655427089096,0.006761333860807572,0.002994429258372936,0.8486204244870471
2017-08-08 13:30:00,0.004249653306802049,1.0841488841571532,0.006098586499445946,-0.0008548759347242937,0.8466186075525225
2017-08-09 13:30:00,-0.00826122842656151,1.0619586096687743,0.00818915433786127,-0.007098951758365464,0.8473546854488868
2017-08-10 13:30:00,0.0021858735850333773,1.0634439127970152,0.011875974459211847,-0.01150746540971137,0.8520683308839706
2017-08-11 13:30:00,0.00468433814232167,1.0258304957617865,0.016046362399553704,0.007843512997920113,0.8467906549298069
2017-08-14 13:30:00,0.0005391100223288902,1.0267338279908094,0.025974696863899527,0.0076918001748505676,0.8455761196993002
2017-08-15 13:30:00,-0.0003952407995688747,1.0294116767433907,0.027873567816989686,-0.0003842987472755984,0.8428332400613031
2017-08-16 13:30:00,-0.001413295842599649,0.9887324879892687,0.0439142823749481,0.0013478223198077899,0.841420545345542
2017-08-17 13:30:00,0.002707757524363851,0.9855921221994869,0.04422405125815132,-0.01043331107101523,0.8461799397400513
2017-08-18 13:30:00,0.002989541280250008,0.954367450614134,0.04805289015353864,-0.0014461637974169477,0.8426213682655447
2017-08-21 13:30:00,0.0007164068615951886,0.9338540280702735,0.053064139598775206,0.005203994009218338,0.8398622374255599
2017-08-22 13:30:00,-0.005267388886028803,0.8995216937827422,0.06525317787320184,0.007198259558902705,0.8419959455569592
2017-08-23 13:30:00,-2.5587060187444964e-05,0.8721932783748327,0.06547268857574295,-0.006794862890869946,0.837152509138717
2017-08-24 13:30:00,-0.004218644412528728,0.8656221242914081,0.06767010489031611,-0.00029974568631071136,0.8370545689903662
2017-08-25 13:30:00,0.0005374988473267101,0.8955907092232744,0.05479438947846693,0.0002482458950088621,0.8156991691727763
2017-08-28 13:30:00,-0.0006303205820375746,0.8596905787835787,0.04521724312151931,0.005349384695041204,0.8190648116289486
2017-08-29 13:30:00,-0.004520790345442029,0.8611249882729661,0.04898586501547619,-0.0026734420345922625,0.8200577571574436
2017-08-30 13:30:00,-0.0025636848063376235,0.8585550846568683,0.04946814596482629,0.0024583230832835312,0.8200875262383037
2017-08-31 13:30:00,0.0004896300952732316,0.8600078039969679,0.04819808649940227,0.016464135906431032,0.8317362578519507
2017-09-01 13:30:00,0.003151556653598151,0.8658103034288331,0.0487356824252565,0.002972084239575364,0.8327942282609139
2017-09-05 13:30:00,0.00043272230584249756,0.8845624905784284,0.042187783252640165,-0.003697966959383107,0.8397557151236267
2017-09-06 13:30:00,-0.004245194203352429,0.9168973467045366,0.029944291353126706,0.0002616281638232835,0.8331586577014298
2017-09-07 13:30:00,-0.009255502537185977,0.8995971626870314,0.03490779044656167,0.0007605553109036137,0.8286986197388609
2017-09-08 13:30:00,0.002764581281321591,0.8170659600494594,0.057095880888824224,0.006084946073769452,0.8276215534986253
2017-09-11 13:30:00,0.0029273780151362607,0.8347835189626376,0.049053598008864,0.00943465767324018,0.8314736833400822
2017-09-12 13:30:00,-0.003369704633424347,0.868587537509822,0.03573802173131002,-0.0016428129857770646,0.8308901433302026
2017-09-13 13:30:00,0.0011996475551214521,0.8611724834621423,0.03910497573148963,-0.0019981292815311655,0.8212739433464656
2017-09-14 13:30:00,-0.0027306144954336482,0.8539647724214765,0.03638092872055532,-0.0017473621999416489,0.8211498147810933
2017-09-15 13:30:00,-0.001265082282537901,0.8479680389030779,0.04341755415640758,-0.003712643310788836,0.821080599671281
2017-09-18 13:30:00,-0.004541803521255794,0.8367921468236261,0.07638556964182708,-0.004406789866760204,0.8162525994870785
2017-09-19 13:30:00,-0.0120836201562424,0.8194402783679615,0.07837789632467573,-0.018851245817878448,0.8222922306340656
2017-09-20 13:30:00,0.004554075946535962,0.9024663778029471,0.055489634361596374,0.006416067085388629,0.8208994843195933
2017-09-21 13:30:00,0.0028146150794214147,0.8791170472596427,0.07056839752870059,-0.0021684545852073875,0.8080312142926288
2017-09-22 13:30:00,0.004948543938995327,0.8595542763605417,0.09149526794760221,0.004213068097327503,0.8038944701484603
2017-09-25 13:30:00,-0.0047675599147938294,0.8874050992758258,0.06409526859665393,-0.007118649883805395,0.7982140478803187
2017-09-26 13:30:00,0.007694801038515884,0.9114526154989988,0.05837250289203999,0.005545244069154243,0.7918158467170349
2017-09-27 13:30:00,0.007463905814108906,0.9130093448683689,0.054952011150838254,0.007931988543736038,0.7912024458605301
2017-09-28 13:30:00,0.0012891565851741176,0.8728935824400309,0.08012967119163283,0.0033795840151727616,0.7734360935558814
2017-09-29 13:30:00,7.076506817782491e-05,0.864966083954551,0.08651558546475391,0.005875803204003827,0.7517068842846867
2017-10-02 13:30:00,-0.001258072833539273,0.8250458589842176,0.08643990389921874,0.008518501758147723,0.7466812950699514
2017-10-03 13:30:00,0.002780090958447956,0.7930527243114203,0.09332807072282634,0.002386404900060368,0.7386970239138647
2017-10-04 13:30:00,-0.005242439547193923,0.7974012056722608,0.0874343075290328,-0.0009201425511816685,0.7169147191443538
2017-10-05 13:30:00,-0.00010794225551849263,0.7913893811452821,0.08637740294437601,0.0007288687750406364,0.704097694540824
2017-10-06 13:30:00,-0.0011251965607948387,0.7801035188434364,0.08740895565933537,-0.0023466476560306537,0.7005485024791257
2017-10-09 13:30:00,-0.01622535435374379,0.7747517121026888,0.09133469703755692,-0.021695729389621388,0.7289962304300217
2017-10-10 13:30:00,-0.006226311965914295,0.8130152717637535,0.09508578032239301,-0.004459290779272725,0.7293157918077263
2017-10-11 13:30:00,0.0008713653223621565,0.8020053384109019,0.10301724205393403,0.002120117991828726,0.7292161475007309
2017-10-12 13:30:00,-0.0014074106661234199,0.8112525629021139,0.09801002716614793,-0.002379897194066505,0.7182487652240467
2017-10-13 13:30:00,-0.005648158639109603,0.8156836035520132,0.09769413924518588,-0.008426629049105886,0.713383571990016
2017-10-16 13:30:00,0.0025743078600834286,0.8155226209510287,0.10103503419927806,-0.0006843013506669197,0.7119506400168035
2017-10-17 13:30:00,0.0015532728041117334,0.7868888746483882,0.1119389235445839,0.011869465042514035,0.7040384442743765
2017-10-18 13:30:00,0.005665455025078849,0.8318417443295965,0.09349552722441878,0.006315975516006193,0.7074405428922758
2017-10-19 13:30:00,0.004911985356719367,0.8597095091053794,0.08667820749107558,0.0096543605914395,0.7038905034988007
2017-10-20 13:30:00,0.010252903817605366,0.8622906146793273,0.08227677495250807,0.01109262556202495,0.6946577358055256
2017-10-23 13:30:00,0.0036169976453138664,0.8675417911743999,0.057466742362599965,0.0006662011882815344,0.6985256008871397
2017-10-24 13:30:00,0.001589743563670045,0.8702812232435667,0.050103127565474304,-0.004756898885757477,0.6945039323294712
2017-10-25 13:30:00,-0.004510049153077071,0.8849933072858824,0.027027646578633546,-0.006017425106924897,0.6861179444520243
2017-10-26 13:30:00,0.009748234545657933,0.8843267157668167,0.02977549747418462,0.0005231289947925285,0.680235416365274
2017-10-27 13:30:00,0.00919371479384165,0.8199788847602912,0.03172408575805474,0.009765610347727272,0.6903746448903897
2017-10-30 13:30:00,-0.0068302646759778075,0.7660675760897,0.07246056741280837,-0.014855757911054016,0.7101807021089597
2017-10-31 13:30:00,0.009936119046708146,0.8110731407216047,0.06255160338774657,0.008163265037638201,0.7106449783000551
2017-11-01 13:30:00,-0.014459452777095493,0.8060641287612782,0.05690488793934978,-0.013267669385848632,0.7161343260407973
2017-11-02 13:30:00,0.004712073384032746,0.7459356163428925,0.10533196565882608,0.0031442530394902857,0.7131173338485214
2017-11-03 13:30:00,-9.843270510315368e-05,0.7272168391973538,0.11400272951991774,0.008230931180962742,0.7058607578692948
2017-11-06 14:30:00,-0.0045586306309822865,0.7310031736928175,0.12208762011945862,-0.007610820384304755,0.7034000124263464
2017-11-07 14:30:00,-0.001508646722008297,0.7402001291819804,0.1168569631435411,-0.00118513701721068,0.7023733643030998
2017-11-08 14:30:00,-0.0011488428082232934,0.7307323631471476,0.11942584846829662,-0.0007660850116352202,0.6975254787752089
2017-11-09 14:30:00,0.001043783533609532,0.7280699212344165,0.1214489075953663,0.000709768109304935,0.695054696362711
2017-11-10 14:30:00,-0.003848654283728251,0.7293826629201502,0.12017981831629376,-0.008796077313042402,0.6827090800008628
2017-11-13 14:30:00,0.006408593135695118,0.7518659307091988,0.12054744769043746,0.005561920110405201,0.6867728888048564
2017-11-14 14:30:00,0.0015385313473563768,0.7757767063935421,0.10270625591053584,-0.003647891993258915,0.6854579846825123
2017-11-15 14:30:00,-0.00403109741442385,0.7726329298485077,0.09755155657838266,-0.006238828705271704,0.6847890994812693
2017-11-16 14:30:00,0.006242760302154357,0.8020705240447206,0.10571019764345602,0.01641185032244034,0.7132425242490656
2017-11-17 14:30:00,-0.0008788747073737793,0.8310317793309026,0.11387103843723234,-0.0041393373617984635,0.7138650259495497
2017-11-20 14:30:00,0.0021181888703011797,0.8268983688823246,0.12830500553432223,-0.0022250864682477425,0.7129488211498304
2017-11-21 14:30:00,0.00502568652629974,0.820161349603617,0.12933384212194565,0.012879374521718612,0.7215316224658599
2017-11-22 14:30:00,0.004770985067334166,0.8404868220337546,0.14314380576272,0.00521937026090565,0.702022169187241
2017-11-24 14:30:00,-0.0003588048872680428,0.8353988203548307,0.15151774537076867,0.0020504172858744805,0.7015481454108964
2017-11-27 14:30:00,0.000725468513150171,0.840177335198164,0.15771001249222105,2.090707577899013e-05,0.6818919518571825
2017-11-28 14:30:00,-0.0026477436388245307,0.8623914857724555,0.16594731718904276,0.004021816043868531,0.6845076237485684
2017-11-29 14:30:00,0.010960352300539985,0.8525523649141815,0.1627280047237606,0.014420492111502684,0.6413161391670509
2017-11-30 14:30:00,0.00013163640337594817,0.8948581560750669,0.14832609094401472,0.010838838674231521,0.6463424318332098
2017-12-01 14:30:00,-0.005477487396835229,0.9073974311884664,0.14779718165902775,-0.006916668765674168,0.6527014871424438
2017-12-04 14:30:00,0.004752767481239189,0.9991711770177719,0.1320697236630562,-0.010632760178580947,0.6315627739924724
2017-12-05 14:30:00,-0.0019153344573996445,0.9665544619035871,0.1248677924958922,-0.005216197383257404,0.624731901577516
2017-12-06 14:30:00,0.0009683935003204294,0.9563858915221788,0.13111597320536317,-0.0004990864584681528,0.6250113479666886
2017-12-07 14:30:00,0.0015687853373373868,0.9650300868052364,0.12703759053200891,0.005505933424342875,0.6284899284357529
2017-12-08 14:30:00,-0.007591292736979704,0.9638901732800037,0.1315800410155944,0.005850029081972963,0.6305165636102629
2017-12-11 14:30:00,-0.004256327832433333,0.9258229061537511,0.11751491024441207,-0.0015566362250480175,0.6296213659883638
2017-12-12 14:30:00,0.004271506007018968,0.8989984656253703,0.13016416528796243,0.005667969349883266,0.6354433241789829
2017-12-13 14:30:00,-0.0017832262931492568,0.9128853236165514,0.12279881703845763,0.0032285426426562256,0.6114193253457818
2017-12-14 14:30:00,-0.0019200840939391957,0.8470526136258691,0.12527768326074348,-0.012910588872745099,0.6295693834379231
2017-12-15 14:30:00,0.0032656244341458703,0.8651586697327716,0.12134489899873535,0.01358331848528005,0.6486912723495076
2017-12-18 14:30:00,0.0017818598601477224,0.8894644082176484,0.12042891321810056,0.0021006126357629995,0.6478889907525112
2017-12-19 14:30:00,0.004159137091654939,0.885787332244811,0.12548130260807105,0.0027028504026646396,0.645409446235126
2017-12-20 14:30:00,0.0006019450324065837,0.8657100516261742,0.13151519017264002,-0.0012575009118201974,0.648669459908617
2017-12-21 14:30:00,0.0003878243812051536,0.8642466686222303,0.14278098662661093,5.191333323025423e-05,0.6437248651315112
2017-12-22 14:30:00,-4.1608928996925555e-05,0.8797840814286085,0.12921697846699853,-0.0005485457240445765,0.6561928921591359
2017-12-26 14:30:00,-0.0009288972027272375,0.8821013293942027,0.12764880368553877,0.00015913738734885108,0.6556753082027109
2017-12-27 14:30:00,-0.0007133299728342406,0.8854571104288571,0.12663221747356063,0.0018369492538790055,0.6504730053356024
2017-12-28 14:30:00,0.0007113766256800754,0.8996118551443844,0.12889366253870438,0.0024914464080193857,0.6546977181307226
2017-12-29 14:30:00,0.00230997096276644,0.899895901063392,0.12956167072160618,-0.005206078750020733,0.6710336394464796
2018-01-02 14:30:00,-0.001223605115249488,0.911763481185243,0.12843788402245737,0.012573292816190499,0.6844102920099725
2018-01-03 14:30:00,-0.007983354378043496,0.9052259035535434,0.1246655059199816,0.0023362482152741912,0.6753933117946008
2018-01-04 14:30:00,0.0042016891896840824,0.8685283876372891,0.1198580457073073,0.004053014144894229,0.6389881567826771
2018-01-05 14:30:00,0.0040944560035172575,0.8197188708374638,0.11362731094497161,0.010673456851523136,0.6465091987676569
2018-01-08 14:30:00,-0.000767478907060427,0.8461461057500695,0.10628590150563325,-0.00595688666218878,0.6291382225152288
2018-01-09 14:30:00,-0.004149750601776412,0.846572841345616,0.10957791424528024,0.008616940636625806,0.6404479469197408
2018-01-10 14:30:00,-0.0024994416502533974,0.8268909245901268,0.10119007760586415,-0.0026702905234462135,0.6422668790789476
2018-01-11 14:30:00,0.010231178001355118,0.8304864596291608,0.09179797300335435,0.01438272803776175,0.6437419263758912
2018-01-12 14:30:00,0.0016805505318371059,0.8495809309805747,0.09242570097802405,0.008686233888509495,0.6476853327005664
2018-01-16 14:30:00,-0.0007207591899433414,0.8553744877593084,0.09137402969050823,0.0006811997809047879,0.6443892868432034
2018-01-17 14:30:00,-0.0013723896594103942,0.8392453266746898,0.10164491634743207,0.008088604886919537,0.6410058323682332
2018-01-18 14:30:00,0.0008538541063828644,0.8129298868226679,0.10660806302606807,0.0008810011554185223,0.633428223785893
2018-01-19 14:30:00,0.0025896324255878763,0.8100136715249707,0.10848617736348215,0.006894784315279345,0.6357737691338393
2018-01-22 14:30:00,-0.003429915636879787,0.8121519048286929,0.1141821912115783,0.00827825041882783,0.631042970430773
2018-01-23 14:30:00,0.0007759889034776948,0.8270151077544569,0.09722491150496149,-0.001220316997175212,0.6340998349548502
2018-01-24 14:30:00,0.003916483745767971,0.8237320402006931,0.09447322456134843,0.0048748013936733186,0.6353123756654145
2018-01-25 14:30:00,5.533436652065821e-05,0.8857858036913387,0.09115167411478053,0.008666087056886504,0.6301190903812232
2018-01-26 14:30:00,-0.010579211802589172,0.9080509152199305,0.07612437390651328,0.009600665754052976,0.6076847397744801
2018-01-29 14:30:00,0.0032263364730750906,0.7537344232247096,0.09721162566578856,0.00201663068893095,0.6024927698437573
2018-01-30 14:30:00,0.0022739836310404805,0.7596587449418571,0.10203010127719347,-0.01580611157335458,0.6167078175836278
2018-01-31 14:30:00,0.0069416820084426,0.7705250589099875,0.08090515994707337,-0.005421412374929324,0.6136686755048766
2018-02-01 14:30:00,-0.005148544918879699,0.7577079578271964,0.0707833925068253,-0.004708431362730581,0.6140272308749676
2018-02-02 14:30:00,-0.0061443768583568665,0.7614138618237039,0.06993789178792797,-0.018142535827653943,0.6478287116574052
2018-02-05 14:30:00,0.0012416012535998444,0.7873797015091976,0.0701466626251902,-0.03635617197172528,0.738037644339815
2018-02-06 14:30:00,0.003519812188862669,0.7861275572251396,0.06714349648595219,0.01428895180470439,0.7381742845243465
2018-02-07 14:30:00,0.0003786849796036589,0.791386462759623,0.06833750191590582,-0.0002864907280072752,0.7361452282103995
2018-02-08 14:30:00,0.0012415015834650392,0.7916620255647321,0.06820978016148493,-0.029661602047163654,0.7641712269261554
2018-02-09 14:30:00,-0.0016733917344015116,0.783231447704433,0.06955150631654017,0.009613430912027413,0.7616291245518272
2018-02-12 14:30:00,-0.00022732188716854083,0.7664063684719818,0.07944416048068725,0.008576599051219658,0.7639397795691817
2018-02-13 14:30:00,-0.002474085490995706,0.7656611564362867,0.07915868363466272,-0.0014559144153598231,0.7595467683566675
2018-02-14 14:30:00,0.0020729878515084958,0.7635304773339973,0.07881354109991734,0.012792263131405837,0.7524724157893291
2018-02-15 14:30:00,-0.0024185027171339238,0.757317337727475,0.07792456964737249,0.0068973890048500035,0.746356550950846
2018-02-16 14:30:00,0.0027758081490331645,0.7501554262790976,0.07900152272823902,0.00795055842960409,0.7493224893380092
2018-02-20 14:30:00,0.002074818141027084,0.7549885121907618,0.07695846215540547,-0.007599260009712154,0.7473571740892927
2018-02-21 14:30:00,0.005853200025789663,0.7442099078052828,0.07895324734248343,0.002960888695653807,0.7529527871624224
2018-02-22 14:30:00,-0.004894118670706148,0.7401427624449441,0.07990768937741899,-0.005932922552398782,0.7501119527486585
2018-02-23 14:30:00,-0.0045301019511970655,0.7429902693640209,0.07900600398743252,0.008511115996057361,0.7506530116616457
2018-02-26 14:30:00,-0.0010381133874504643,0.7305756599052735,0.08047615968788857,0.008773845443324676,0.7515280470323947
2018-02-27 14:30:00,0.010836982607285441,0.7300774889063888,0.08029634067244995,0.0022852550323785303,0.7726759587683935
2018-02-28 14:30:00,-0.0024723787257409386,0.6969257898748535,0.09028437499854036,-0.01533418914249803,0.7839525499910268
2018-03-01 14:30:00,-0.005144032926218031,0.7048911134374654,0.08647684670452382,-0.017174129216926553,0.7892980392563548
2018-03-02 14:30:00,0.004941230151742625,0.716122462063104,0.08506284065121916,0.014524912283430558,0.803210319157824
2018-03-05 14:30:00,0.0012143714802897321,0.7151199573974701,0.09088855748719116,0.009115612674637305,0.8064528966573897
2018-03-06 14:30:00,0.008009046725595083,0.7192187933588948,0.08702451706776004,0.007237916274338341,0.8061004342080004
2018-03-07 14:30:00,0.0029238803063489673,0.7155578653282767,0.08862891061568601,0.007691628932334771,0.8076837357876214
2018-03-08 14:30:00,-0.004461565838515374,0.7219329948116848,0.08408866333100096,0.0005382453271151055,0.80437009610204
2018-03-09 14:30:00,0.0022966320724785976,0.7169683221631202,0.09073779785653491,0.014032166272573901,0.8073558299139522
2018-03-12 13:30:00,0.0022737632394271606,0.7301446565231875,0.08295487840664484,-0.00039336311973462806,0.8046639859848902
2018-03-13 13:30:00,-0.007812040745646422,0.7169516668367387,0.09288380988104172,-0.0078924688446013,0.8037311761205331
2018-03-14 13:30:00,-0.00022209527983871975,0.7012331186365582,0.10712610229198416,-0.004105527000435427,0.8002400620038242
2018-03-15 13:30:00,0.005550061879243675,0.7010598176077357,0.10229018281720936,0.0028108904209241947,0.7946539755825016
2018-03-16 13:30:00,-0.000667774243562867,0.6986281357255464,0.09757821708610159,-0.0010843689300317945,0.7945078750984617
2018-03-19 13:30:00,-0.0002664919631029973,0.697462640305892,0.09873351811868114,-0.013310926140022383,0.8001767091746662
2018-03-20 13:30:00,-0.002470796366461337,0.6981279164266592,0.10025928744311696,-0.0012335889363048376,0.7968405052227142
2018-03-21 13:30:00,0.003397661473935879,0.697005841653457,0.10079356224922664,0.0014328075538489287,0.7954562167012892
2018-03-22 13:30:00,0.007196887020415661,0.6909601384459032,0.10482899948284619,-0.015813853761835823,0.7969970732952515
2018-03-23 13:30:00,-0.0018444801987212295,0.6670675054436864,0.10669523853683749,-0.01766299259641409,0.8031438430919922
2018-03-26 13:30:00,-0.0016835020889297905,0.6726142885436014,0.10669159409149487,0.015196929669701875,0.8017225006964495
2018-03-27 13:30:00,7.870575364676488e-05,0.668284416556589,0.10624802437301262,-0.012349819489842373,0.8058427005135961
2018-03-28 13:30:00,-0.0011146774393171232,0.6670550360498455,0.1077704311568764,0.0022690926426757185,0.8013982484299023
2018-03-29 13:30:00,0.002680064323526888,0.6644402065614257,0.10922160544570803,0.008600668014212628,0.7971392349375659
2018-04-02 13:30:00,-0.0020489459187574867,0.667065435873512,0.1067528065890036,-0.02193079467979357,0.8098367947210185
2018-04-03 13:30:00,0.006872994788867085,0.6719636592656139,0.11278784870515951,0.01776654114024212,0.8143963967615223
2018-04-04 13:30:00,-0.0018253963814639732,0.6831743997922246,0.1106358610895431,0.011667093271198489,0.8135430444217914
2018-04-05 13:30:00,0.011928277341575868,0.672921589381914,0.11305346286096346,0.009167119210803376,0.8240126868283234
2018-04-06 13:30:00,-0.001486840914156986,0.7014867688264798,0.08778849038882569,-0.021010220641130894,0.8303898264615469
2018-04-09 13:30:00,-0.004322266058327879,0.7052123834939605,0.0914413732358837,0.00508988554977341,0.8291918025551196
2018-04-10 13:30:00,-0.0044335953772423435,0.7030344599066272,0.08880001037019628,0.010924400937661302,0.8312697670370918
2018-04-11 13:30:00,-0.001111340501671697,0.7016632518656026,0.07955088551438974,-0.006230931617030662,0.8346271696724314
2018-04-12 13:30:00,0.004001645401360978,0.7025229624330596,0.07819702099020832,0.00989094880242769,0.8370508005620639
2018-04-13 13:30:00,-0.0030898921684357596,0.7075587035167386,0.07638530622393841,-0.00416996999505681,0.8369011293772303
2018-04-16 13:30:00,0.011095081367696092,0.7025294548775879,0.08059198603842971,0.01606071820769765,0.8398794347388624
2018-04-17 13:30:00,0.003250060527358041,0.7353778688795054,0.060199945764005,0.010457186405280186,0.838457758049608
2018-04-18 13:30:00,0.007906265509321829,0.7336802929602971,0.06229178731114582,0.00826404146464014,0.8412124102533441
2018-04-19 13:30:00,0.00021137606852218455,0.7369040453081578,0.06092973391081605,-0.007014079241747166,0.8425129038466849
2018-04-20 13:30:00,-0.00038246976620888787,0.7379133860890217,0.06048767487693818,-0.004506541920881364,0.843575199379409
2018-04-23 13:30:00,-0.002183369655770912,0.727900440214714,0.06834203701802621,-1.4190700682722065e-05,0.8444671956692277
2018-04-24 13:30:00,-7.461550711812797e-05,0.7185195684225419,0.07441351358236398,-0.006840763612858976,0.8413614771629092
2018-04-25 13:30:00,0.0019366249588587607,0.7580446218787323,0.05521353153234859,0.0053021244896994295,0.8433716888927175
2018-04-26 13:30:00,-0.008099624400627538,0.7666848985709872,0.04896378012787672,0.0024497477300282253,0.8382641284899276
2018-04-27 13:30:00,0.0033306291699012635,0.7590632131301214,0.04672013111120277,0.006741187618497735,0.8406851432766468
2018-04-30 13:30:00,0.001577984167041517,0.766837502438238,0.04726527933205349,-0.010941288401308405,0.842285447361289
2018-05-01 13:30:00,0.006728737556390168,0.7636506576021737,0.049306499384244584,0.006884356464343415,0.8385388940204339
2018-05-02 13:30:00,0.01390046319809731,0.7443610891888989,0.05767591820929635,0.003368541508853166,0.8014800071455923
2018-05-03 13:30:00,0.0026425870668997627,0.6747423744342057,0.08789448152181613,-0.004969188212835947,0.803785975463323
2018-05-04 13:30:00,0.0012788217850337041,0.6811077768514759,0.07865059126068669,0.008030796841561902,0.8083989500658394
2018-05-07 13:30:00,0.0007104642982741491,0.6799546080039989,0.07962878887231178,0.0007326678224279792,0.7844736341630326
2018-05-08 13:30:00,4.5042613504473264e-05,0.6707500998930755,0.07546028224656476,-0.005380415532827383,0.7854426005637452
2018-05-09 13:30:00,-0.0008124987900615614,0.6794997536507161,0.07140218303241097,0.004484026738417117,0.7832676524204246
2018-05-10 13:30:00,0.006088082477737735,0.6824066934429034,0.06831131195127998,0.014639059881528324,0.792876167491916
2018-05-11 13:30:00,-0.0066039887073798065,0.7110592082107683,0.052697388260796396,0.0055445776781262905,0.7848696796148208
2018-05-14 13:30:00,0.0009104335366069772,0.7117528849632326,0.037269073549812126,0.006101018704594378,0.7897953529624671
2018-05-15 13:30:00,0.0019706371573796665,0.7166274818395264,0.03625178622244729,-0.007500350378810953,0.7884803206707875
2018-05-16 13:30:00,0.004597303762085809,0.7082189906535499,0.04052971970847094,0.009064219166569076,0.7881142622590164
2018-05-17 13:30:00,0.003040133801252144,0.707624213855962,0.04286063980882027,0.0034429196249036917,0.7899999505739531
2018-05-18 13:30:00,0.0020868273418680233,0.7151465929736048,0.03889611095608325,0.003809217676037665,0.7925049539188151
2018-05-21 13:30:00,0.002545298443917143,0.7124415320502028,0.04035234869260551,0.0024584512883461342,0.7879402585801483
2018-05-22 13:30:00,-0.003672800628514776,0.7321241528246631,0.03322839557129302,-0.004923583950729264,0.7878370251128053
2018-05-23 13:30:00,-0.0010275280149414311,0.7462913926744846,0.025918404198284693,0.0014613146119782927,0.7926914914356337
2018-05-24 13:30:00,0.0022898589663491353,0.7584498522082042,0.02560496579451671,-0.0006311425494679815,0.7866059312236323
2018-05-25 13:30:00,0.0037792548181814446,0.7467702127071714,0.02721585936124782,0.002779410497246726,0.7700540024660526
2018-05-29 13:30:00,0.0010883159934319342,0.7169459689878188,0.0379503295719158,-0.006475633390066145,0.7695754641952189
2018-05-30 13:30:00,0.0033244092923053227,0.7221174822828871,0.02815473785762901,0.01465913592974107,0.7715007064540901
2018-05-31 13:30:00,-0.006623258971112741,0.7264356226496266,0.027454214712462455,-0.01440848487716162,0.7746468414071984
2018-06-01 13:30:00,-0.0017298755981287797,0.7684264497550621,0.004293474584415424,0.007218014006530327,0.7717467863951178
2018-06-04 13:30:00,0.0036479079943964312,0.7669957327511956,-3.527049494800316e-06,0.006500136623258064,0.7760993159849955
2018-06-05 13:30:00,0.00708454738058494,0.784268070950217,-0.008193872001852509,0.005428940518508026,0.7698999720125407
2018-06-06 13:30:00,0.0007073034261357667,0.769020089471361,-9.325501092688482e-05,0.00936433444901493,0.7788040055076048
2018-06-07 13:30:00,-0.006746350809322554,0.7714026125358844,-0.0018747794052924593,-0.005718483851152849,0.7803038322988908
2018-06-08 13:30:00,0.0037854145659519207,0.7740585915122863,-0.003671019794773689,0.008281311520280074,0.7810803234464165
2018-06-11 13:30:00,0.009476545208938716,0.7790344966271547,-0.006826358370006447,0.01096892190113404,0.7784797654955079
2018-06-12 13:30:00,0.0016747823220998439,0.7846967340256104,-0.009096948743060107,0.0011185069823242595,0.7781206523599696
2018-06-13 13:30:00,0.0026593665633892136,0.7861353158647252,-0.01030380175785095,0.00281767692888187,0.7660835475607533
2018-06-14 13:30:00,0.00043690762810981096,0.7799216044924611,-0.00974339246017153,0.004424934891179122,0.770168878819938
2018-06-15 13:30:00,4.518206650982125e-05,0.7793512397503107,-0.00938312869008262,0.0015959836429333778,0.7746048082927267
2018-06-18 13:30:00,0.0043751328315668634,0.7882525761689426,-0.014941413200010745,-0.0032298462478811407,0.7702852903988324
2018-06-19 13:30:00,-0.000466986345434809,0.8056710037455628,-0.01273560997783274,0.0014442993483491835,0.7501890514240742
2018-06-20 13:30:00,0.004233400312625042,0.7948891195105988,-0.01289108234776315,0.005619146922131353,0.7485026357365872
2018-06-21 13:30:00,0.0008202200172927857,0.7958828319032667,-0.005704501781393034,-0.003647329948478865,0.7385783164534083
2018-06-22 13:30:00,-0.0005195784272928761,0.8054544628246563,-0.023179583735081777,0.0030956162986561044,0.7447498171153715
2018-06-25 13:30:00,-0.004742695238956749,0.8106806968819195,-0.026016094042570548,-0.01148423017376321,0.7565507728790711
2018-06-26 13:30:00,0.0027658971517582325,0.8044572504416245,-0.011949584967797522,0.00023924796173750243,0.7238867035865626
2018-06-27 13:30:00,-0.005849927308990286,0.7885114381478712,-0.02602493319531962,-0.011686874160002988,0.7253584993712914
2018-06-28 13:30:00,-0.004785933766553405,0.7523166575999429,0.004040611625283241,-0.003767213942457085,0.6944344172467519
2018-06-29 13:30:00,-0.005862639691578311,0.754671303285346,0.0025145646056615734,-0.004295100278351042,0.6931381133211235
2018-07-02 13:30:00,0.0014174743451110293,0.7333475512365255,0.020083837352731004,0.0039341582300688556,0.6510920464818114
2018-07-03 13:30:00,0.00332240702497881,0.7078174303047792,0.018588195623590487,0.005152374858717963,0.6502592870485776
2018-07-05 13:30:00,-0.0005819450251432134,0.7092706801459447,0.026758523942212675,0.006903531190493177,0.6531976118122395
2018-07-06 13:30:00,-0.0038470105140456486,0.7080353601510461,0.03917416916245442,0.00744950113216795,0.6510783360619128
2018-07-09 13:30:00,0.0027292872773874207,0.6866008653058042,0.035002470095147786,0.0077024345555520846,0.648000842735481
2018-07-10 13:30:00,-0.001026687931996755,0.6898207807853871,0.028988990227843625,0.0014708067023050386,0.6461272284246538
2018-07-11 13:30:00,-0.0002797361008574969,0.6899761264374629,0.025019782908267785,-0.005731618031554309,0.6348832993969067
2018-07-12 13:30:00,0.000778953789241958,0.647374671769994,0.04916866827185595,0.008529547088493997,0.6363081080936651
2018-07-13 13:30:00,0.0006482937118274159,0.648918314873564,0.04074742891870886,0.001725271385375667,0.6315857272111779
2018-07-16 13:30:00,-0.002148364642653733,0.6416877154118501,0.04776511183273402,-0.0068188079314838905,0.6337759159015375
2018-07-17 13:30:00,-0.0009367929901804364,0.6403642267890413,0.05064394077939838,0.0033337629071978903,0.6141633544907028
2018-07-18 13:30:00,-0.0014258135430588043,0.6365104146628193,0.048891669382897684,-0.0010230932159855193,0.6120198969154741
2018-07-19 13:30:00,0.005215778842536276,0.6450101993195048,0.04332962946713026,0.0017173539036092016,0.607521629938497
2018-07-20 13:30:00,-0.0012560535752613603,0.6296777043185691,0.044343135043511395,-0.002606613039829712,0.6099802996992136
2018-07-23 13:30:00,0.010170694637776754,0.6271175187968865,0.04713868331866555,0.011321142319963432,0.6318885660239374
2018-07-24 13:30:00,-0.015746507795149516,0.6648127457763084,0.04030803018164997,-0.010537546533384567,0.6375537736905396
2018-07-25 13:30:00,0.004847045451400725,0.5503647428824712,0.1140130082473938,0.011838227341433694,0.6330281436377708
2018-07-26 13:30:00,0.006967219345673396,0.5645070704900361,0.10609260177943486,0.005292021014281538,0.6197198414857533
2018-07-27 13:30:00,-0.00679905929250425,0.565433216387244,0.09909512607848464,-0.013593181021784898,0.6653760184090184
2018-07-30 13:30:00,-0.0034739147648175086,0.6346985639089665,0.10895000959726536,-0.0048913285245515414,0.6731866537277419
2018-07-31 13:30:00,-0.003867967513076596,0.6334823603705434,0.12050769964346619,0.005166258922784402,0.6701225338734003
2018-08-01 13:30:00,0.003316644794417686,0.6252268395976794,0.11405053510713292,0.0035530922890534278,0.6768179813988459
2018-08-02 13:30:00,0.007368101389031075,0.6229634770719497,0.11466646264381808,0.010412692990595218,0.6718729327381472
2018-08-03 13:30:00,0.0016106574756510877,0.622943411740489,0.11780757473341452,0.0037497836005014884,0.6707809752524341
2018-08-06 13:30:00,0.0008653015492961452,0.626243607424701,0.11888841002039793,0.0022068900796537636,0.6534548124036115
2018-08-07 13:30:00,-0.007873433882077261,0.5747953029450484,0.13984251935516356,-0.006247321285315799,0.6543288548410944
2018-08-08 13:30:00,0.0012577205763867243,0.61787137995355,0.1433964556627323,0.0014120995714891338,0.649945180661969
2018-08-09 13:30:00,0.004524303010529053,0.6189472400731632,0.14284028642193827,0.0035976838691512323,0.6450087367705103
2018-08-10 13:30:00,0.0002983712555232232,0.6207966213630399,0.14199283309053795,-0.0028383106990586735,0.6385694947802539
2018-08-13 13:30:00,0.00021747201246984617,0.6189759209566194,0.13775624982400936,-0.00022809813189968628,0.6374648064174445
2018-08-14 13:30:00,0.005713514504666623,0.6213717085782334,0.1364279546144274,0.009187248723228366,0.6427465814807233
2018-08-15 13:30:00,-0.00030527148654121983,0.6264410637977381,0.13816304274599533,-0.003983844172572766,0.6522284391477476
2018-08-16 13:30:00,0.0008771570982040126,0.6150461563910682,0.15171705537591748,0.008264820339870452,0.6530380149210512
2018-08-17 13:30:00,0.0026781615252513603,0.6041618103789563,0.15739578678615415,0.004658258129520698,0.6587931903444079
2018-08-20 13:30:00,-0.0002706894701459179,0.6068925647513023,0.15711646022575526,0.0005747883898171343,0.6600388200893655
2018-08-21 13:30:00,0.0022716340779015544,0.6081731931224111,0.15719119350910032,0.005354791345774694,0.6675066633461869
2018-08-22 13:30:00,0.0010523885317177493,0.6074573193535983,0.16038033936307988,0.004297357019689659,0.655612862614588
2018-08-23 13:30:00,0.0018593633771218263,0.6071545365814863,0.16157570544985161,0.0005407487161965818,0.6417935997594234
2018-08-24 13:30:00,0.0008435994990510366,0.5935952091739056,0.1591421906758102,0.004312822304311774,0.6271789108854717
2018-08-27 13:30:00,0.00038785366053290405,0.5000208773932767,0.18495209533993157,0.005253255267748447,0.6306978669376622
2018-08-28 13:30:00,0.0002224874326416642,0.5137831932725432,0.18876924208460413,0.0017724911423722862,0.6297000586607386
2018-08-29 13:30:00,0.0006656681986726967,0.5069725454613242,0.1909572136866537,0.005684836504450175,0.6270926207515723
2018-08-30 13:30:00,-0.0037542207198439253,0.5240314255250473,0.18394027395160226,-0.003447113617586872,0.616768700289073
2018-08-31 13:30:00,0.005257426048665683,0.5236602115000749,0.18130416872437438,0.005525669323946418,0.6118472370899021
2018-09-04 13:30:00,-0.0006844581149288518,0.5246714167501977,0.1748473824768009,-0.005096113038786358,0.6094372751322529
2018-09-05 13:30:00,-0.0033222440602550672,0.5149722764739607,0.1790751293710593,-0.0026308173936877197,0.6066904794907505
2018-09-06 13:30:00,0.007600586694237195,0.49166345017693014,0.1928452868932127,0.002645390481561168,0.6077832309886196
2018-09-07 13:30:00,0.00018122590457720706,0.5085558370150434,0.1710245215896876,0.00045646063643582185,0.6155439651927416
2018-09-10 13:30:00,-0.005510608725476984,0.510669656996523,0.17022242967372658,-0.006570122255277718,0.5907157848971094
2018-09-11 13:30:00,0.0016364223260922702,0.5283524516574993,0.1653865596293395,0.0011443033637505984,0.5891793433688305
2018-09-12 13:30:00,0.00159355275242436,0.5255121652846909,0.16623806612257,0.003680753631385573,0.5884449546625382
2018-09-13 13:30:00,0.002923077714255034,0.5389418749727397,0.16281921692285217,0.009051392988154975,0.6070654460325281
2018-09-14 13:30:00,0.002366330148085352,0.5563540010979234,0.16271671288611644,0.0004096884757066969,0.6132738056263439
2018-09-17 13:30:00,-0.0033326239859884843,0.5501073647812043,0.1633846195832577,-0.007941103986260764,0.6137970977597261
2018-09-18 13:30:00,0.0016254992940556686,0.5617351803319279,0.17346902041304843,0.006996134773951261,0.6177475104530373
2018-09-19 13:30:00,-0.0028261971647490767,0.5627077422847038,0.17515254930893404,-0.0033864784163752195,0.5995790921309263
2018-09-20 13:30:00,-0.002640682651939904,0.5625547750981282,0.1681074846249632,0.005625424612748657,0.6104777546170995
2018-09-21 13:30:00,0.0018254384212562295,0.5574992297152845,0.16274976056065682,-1.582346276644368e-05,0.585417849781
2018-09-24 13:30:00,0.0014661873009455218,0.5528654793882619,0.15136156324962546,0.004291365217128733,0.6152122117490243
2018-09-25 13:30:00,0.0006177135975222843,0.5430841754435188,0.1588410492117054,-0.0005891946341119262,0.5964227051674446
2018-09-26 13:30:00,0.001181908216627292,0.5314355481482543,0.17173668947680357,0.0009845754226570265,0.5949481209382893
2018-09-27 13:30:00,4.452574826722955e-06,0.5318499320459049,0.17156577221572178,0.002477481272584773,0.5916304772122599
2018-09-28 13:30:00,0.006998233037171032,0.5319621740965281,0.169615678289124,0.008412210709685786,0.5887827677709286
2018-10-01 13:30:00,-0.0021592431307627556,0.5383482084482434,0.16760288592929296,-0.001737632782143043,0.5775916130102492
2018-10-02 13:30:00,-0.005429113968415404,0.5669469523740397,0.19453956295918376,-0.00893995671657144,0.5902113444291629
2018-10-03 13:30:00,-0.00616895406152793,0.55735222512753,0.2083548380579779,-0.0034190647394986007,0.5827142543379437
2018-10-04 13:30:00,0.000509018752457643,0.5891178352968658,0.18638732932813384,-0.011248015269034184,0.5987428644728556
2018-10-05 13:30:00,0.0031535218122332085,0.5752695033629452,0.18856804134028532,-0.00037102128924911454,0.5883718315508543
2018-10-08 13:30:00,-0.00024404188287795473,0.5767696505501796,0.1846117122631491,-0.0024275987789139273,0.5682836059914013
2018-10-09 13:30:00,0.006029211446112624,0.5767474135008247,0.18548149427344945,0.00474957883114735,0.5567133612986443
2018-10-10 13:30:00,-0.001651145068980793,0.5806574682034128,0.17646844658620608,-0.0212947729495299,0.6370992868420852
2018-10-11 13:30:00,-0.00548484960348199,0.6100412288981536,0.18418792739418233,-0.024183884325190697,0.6616782990262536
2018-10-12 13:30:00,-0.0053540591097086514,0.6811402359018612,0.1744571048350585,0.008618892445414509,0.6464035276613482
2018-10-15 13:30:00,0.003147512187600512,0.6743509496040863,0.15976889123924454,-0.0036700796830310876,0.6427247234105854
2018-10-16 13:30:00,0.003758320567311027,0.6665808340834781,0.15846724942810952,0.030450949325232363,0.7071240058322349
2018-10-17 13:30:00,-0.0019335418599292474,0.6742009782696835,0.17235924597524876,0.0013330917034120777,0.708003145781051
2018-10-18 13:30:00,0.0029327948715719265,0.7595283052533603,0.12281010253341518,-0.008106786933337254,0.6932310324259353
2018-10-19 13:30:00,-0.0010697929303874823,0.7406866119061088,0.12516248048331025,-0.0108380122389831,0.6969776049763747
2018-10-22 13:30:00,0.0019452180091631298,0.7558345417122522,0.12144483113030757,-0.00699355271195549,0.6757898165410218
2018-10-23 13:30:00,-0.0003948575367639217,0.7569448727824943,0.10837710514656951,-0.0045723797503583645,0.678713245588682
2018-10-24 13:30:00,0.002622053182237346,0.7682355507802312,0.0999925991445122,-0.03009896700996591,0.7222387682290744
2018-10-25 13:30:00,0.00218130388301372,0.7657049427757894,0.09801204836615385,0.016101410682889023,0.733385924351125
2018-10-26 13:30:00,-0.007094160088234467,0.764184055185551,0.10227123095743185,-0.015762246749749537,0.7425813200587533
2018-10-29 13:30:00,0.0006016043313268824,0.8022408906525894,0.08379796869808176,1.560675940189456e-05,0.7430429754999106
2018-10-30 13:30:00,0.005857936678998978,0.8051178443321219,0.08199322315829982,0.014956401127922922,0.7523412953689337
2018-10-31 13:30:00,0.0032547878976936007,0.8238560472833429,0.07755874755760261,0.005113161373423436,0.7576047283119532
2018-11-01 13:30:00,0.0026039352345611604,0.8043692147324155,0.0920068561800288,0.018145376601158853,0.7606749038573261
2018-11-02 13:30:00,0.004794927726313639,0.796506597874654,0.10059216369285162,9.321261415469924e-05,0.7611939297781051
2018-11-05 14:30:00,-0.004774082545995786,0.7848589037369803,0.10536636473232286,0.001607518427562867,0.7623793021618495
2018-11-06 14:30:00,0.0029751713099403286,0.7659652942413463,0.11254800129937692,0.006524224607071656,0.7649101335923666
2018-11-07 14:30:00,0.0037178201659653007,0.7714337536726975,0.11051323352627884,0.029177498646208926,0.7790948674393906
2018-11-08 14:30:00,0.0065998749128128725,0.7896646181913334,0.10655019976426483,0.005612848770630359,0.7744634337297143
2018-11-09 14:30:00,-0.0035860962336426282,0.7994956206915765,0.09920173007445021,-0.009942190615429336,0.7743917873038005
2018-11-12 14:30:00,-0.003232244131873851,0.7882512335336053,0.10955148501903078,-0.01814896570055328,0.7719238819497801
2018-11-13 14:30:00,-0.008754425769833972,0.7891220713748833,0.11389547295764779,-0.014819704086598754,0.7719883955412361
2018-11-14 14:30:00,0.002176304005494228,0.8101686025878556,0.10704605146554047,-0.007574516982600328,0.7725681323946697
2018-11-15 14:30:00,-0.0018692025009453602,0.8193542097721997,0.09916364401842315,0.008855429158251216,0.7710908413678773
2018-11-16 14:30:00,-0.005014530184429953,0.8258576029340724,0.09290226635776644,0.005683914485400769,0.7684924862283964
2018-11-19 14:30:00,-0.013233661470568116,0.8254706369876559,0.08823432695837674,-0.02662309831777095,0.7845380241103325
2018-11-20 14:30:00,-0.0044547632114214,0.8357130845415759,0.09770678495246155,-0.012856448873249549,0.7847785080502702
2018-11-21 14:30:00,0.009398863375540682,0.8480937829006726,0.09300570771899308,0.006321525520342301,0.7855251963870451
2018-11-23 14:30:00,0.004376338992669024,0.8098488526428855,0.11319284022229914,0.0058725118623742896,0.784713385887147
2018-11-26 14:30:00,0.0011358012505914266,0.8097202932023387,0.11445257468649528,0.011632648311974192,0.7890145570447215
2018-11-27 14:30:00,0.0009502507629582952,0.8070651976904102,0.11720445094716125,0.006515398837261636,0.7893768148190271
2018-11-28 14:30:00,0.006877539585467829,0.8148495731659944,0.11291864401747931,0.030767049931961592,0.8092149382313325
2018-11-29 14:30:00,0.0024619100213864884,0.8373066487079097,0.1139240772409491,0.004557655730855463,0.8112277383686065
2018-11-30 14:30:00,-0.01600861245308476,0.8475247119169103,0.10944379093847367,0.0028523644202610074,0.8087268342422979
2018-12-03 14:30:00,0.009376378433023991,0.7776410186443313,0.129709970843069,0.01037912064919048,0.8105889785690049
2018-12-04 14:30:00,-0.005224612514883882,0.734017795747274,0.15538408712190144,-0.029267630098391173,0.8331222773148991
2018-12-06 14:30:00,-0.009353499475322373,0.7370687829208834,0.16189456559144377,-0.011636292566202466,0.8289494819974298
2018-12-07 14:30:00,-5.623581769031993e-06,0.7518149934462927,0.1551556766714487,-0.024005057563916465,0.8348373411021285
2018-12-10 14:30:00,-0.008883966954149754,0.7508711812501597,0.15543006073451726,-0.004113118706185581,0.8199134284569984
2018-12-11 14:30:00,0.00215159856397061,0.7520485779521149,0.15144027533723092,0.003970198571612145,0.8202387873533153
2018-12-12 14:30:00,0.0014919037080050653,0.7571172524210739,0.14940070978645648,0.010259950141338958,0.8240867491147427
2018-12-13 14:30:00,-0.002210071225872365,0.7588977600952224,0.1486827466947428,-0.005570723906778448,0.8213332491434109
2018-12-14 14:30:00,-0.005599530045446329,0.7541121847832707,0.15128670906985986,-0.033091421180470114,0.8278699378473354
2018-12-17 14:30:00,-0.011685431594055669,0.7837508120192005,0.1423356341671892,-0.03050443460846967,0.8363427422747561
2018-12-18 14:30:00,0.002372795513233818,0.8122107470466122,0.1398452239651684,-0.007315802115918794,0.8313877957267636
2018-12-19 14:30:00,0.0014460314257655066,0.8090595575145382,0.14040658746097368,-0.013878728741814284,0.8354438039581469
2018-12-20 14:30:00,-0.011451567539473812,0.8094838645341212,0.13821998929592016,-0.027695351214108894,0.8441257045026408
2018-12-21 14:30:00,0.0008372017085556422,0.8136200470785873,0.14475163427791593,-0.015401730846488734,0.8459905493169183
2018-12-24 14:30:00,0.00017055220519806777,0.8135823631534516,0.14353659541843178,-0.020011486325411425,0.848682376778448
2018-12-26 14:30:00,0.0009379378836083044,0.8116395864206485,0.14438052940622603,0.04702206257778966,0.870549111791315
2018-12-27 14:30:00,-0.0020570348123219373,0.8112367307033492,0.14654547970096,0.005482849246674674,0.8683138478299742
2018-12-28 14:30:00,-0.0010985440024037507,0.8130655803233162,0.14538144524656116,0.0009218529838902478,0.8678616136699704
2018-12-31 14:30:00,-0.005139816859399045,0.8173967220300493,0.142351197521023,0.010312864052011669,0.8713055461664099
2019-01-02 14:30:00,-0.004072931176128728,0.8070477931127817,0.1456892027455371,-0.014040045870883625,0.865473262337797
2019-01-03 14:30:00,-0.005372480980510425,0.8180227446859099,0.14101386645499314,-0.02517605120627812,0.8689284730045702
2019-01-04 14:30:00,-0.0010602680864517447,0.8232441617768931,0.14168278429149472,0.031078536601532702,0.8820923367018572
2019-01-07 14:30:00,-0.006010837878984041,0.822752211512857,0.14154967906289484,0.005600664071403176,0.882829927591505
2019-01-08 14:30:00,0.005758817010764314,0.8311375656614423,0.13341462157048112,0.013856739859207915,0.8842769072172864
2019-01-09 14:30:00,0.010845155416371254,0.8403215238987409,0.133870055354756,0.015179496191094191,0.8877948702949278
2019-01-10 14:30:00,0.0005610639137237916,0.8495982124323532,0.13155724663289758,0.004395886864764664,0.8928315391741629
2019-01-11 14:30:00,0.0015736016514606558,0.8572313778074534,0.131573634494636,0.004157676564933081,0.8912694866478418
2019-01-14 14:30:00,0.004407766610108763,0.8598934594682434,0.13167278262060467,-0.008110075869257974,0.8849788582060606
2019-01-15 14:30:00,0.004008281441432539,0.8574968224070706,0.12984861193764508,0.02278334893415727,0.8891916858786996
2019-01-16 14:30:00,0.008177733350449,0.8663155641771091,0.1289376981715612,0.006154927269699906,0.892980780101031
2019-01-17 14:30:00,-0.004039777015061003,0.8688590024039978,0.12928072624755116,0.004413797949842683,0.8956367189810477
2019-01-18 14:30:00,-0.0022612579280423366,0.8647889910900234,0.13060943489832605,0.00958982761954874,0.8987200693563221
2019-01-22 14:30:00,0.00211219745847039,0.8623509708372079,0.13271945717509737,-0.007834255866736028,0.8992441111231905
2019-01-23 14:30:00,0.005981744585194355,0.8647541419228839,0.13025124040040692,0.005208585209944827,0.8949138268642077
2019-01-24 14:30:00,0.007229646335180714,0.8796050051991293,0.13699851135711294,0.001185682798863293,0.8932049988507602
2019-01-25 14:30:00,0.0031262142192664258,0.8649458232987587,0.14431572918626068,0.007458387237085251,0.8894699256823536
2019-01-28 14:30:00,0.002730010309308587,0.8509753168988353,0.1509545664386589,-0.011224369569396653,0.890423795332735
2019-01-29 14:30:00,-0.002682860737358188,0.8441443692573493,0.1535400101206409,0.0015232606073746584,0.8883207772861539
2019-01-30 14:30:00,0.0003828573383572696,0.8345593094572601,0.15648468186619435,0.01615250074165009,0.8881065901238482
2019-01-31 14:30:00,-0.0037108762250800554,0.8359932202269925,0.15585293107286202,0.009225728331538305,0.8916384763613227
2019-02-01 14:30:00,-0.0037823400116924425,0.8306961628167148,0.15824743616151288,-0.002311175160213693,0.8916217274979941
2019-02-04 14:30:00,0.007061582627671522,0.838099851944005,0.15473870573882426,0.005305145874905308,0.8904178453143117
2019-02-05 14:30:00,0.00217600738576408,0.8403341832447494,0.15392523662132218,-1.660874065478879e-05,0.8899633921142115
2019-02-06 14:30:00,-0.0034859237726212215,0.8374004075276051,0.15491567619874846,0.0012012344513362787,0.8902586265117187
2019-02-07 14:30:00,0.012567619169926783,0.8319748201806965,0.15587603207186662,-0.0008334547741784734,0.890013090731958
2019-02-08 14:30:00,-0.01329458236842334,0.8227307796001073,0.15323014942423818,-0.01044724772411565,0.8804131772317016
2019-02-11 14:30:00,0.00399008270192861,0.8270393697974785,0.1480198410322039,0.0036947038936474184,0.8849403498863442
2019-02-12 14:30:00,0.0012420809554048243,0.82525803736162,0.1484409610517412,0.014936180731763393,0.8872123720471486
2019-02-13 14:30:00,0.0021986409289954136,0.8211252065714769,0.14934779878733595,0.0040197239580173445,0.8846975915583815
2019-02-14 14:30:00,-0.0015243997005192809,0.8189512156829476,0.15350425292078207,0.000996515858801524,0.8857131352654398
2019-02-15 14:30:00,-0.0001161914043544543,0.815585530368121,0.15794724419290518,0.01556044354176045,0.8870956659285617
2019-02-19 14:30:00,0.0022372537010085835,0.8159923408388484,0.16204188360269678,-0.0014739471916664544,0.8829823857884397
2019-02-20 14:30:00,-7.382857237994353e-06,0.8192612843984401,0.14897761460558423,-0.00157166391493276,0.8811022855756655
2019-02-21 14:30:00,0.0014942403228603972,0.813756089422867,0.1502080346398722,-0.0077606453544386556,0.881133406990703
2019-02-22 14:30:00,-0.009720963128960673,0.8339987653988736,0.13722282683672116,0.0006106321863948624,0.879437441378678
2019-02-25 14:30:00,-0.007857086027814575,0.8316267106724603,0.13313716146696386,-0.000804164801006683,0.8771702275303864
2019-02-26 14:30:00,-0.004919208015694475,0.8539292247661369,0.11506527969961666,-0.008859255284844733,0.8782705462419926
2019-02-27 14:30:00,-0.007785492031110364,0.8504050061214316,0.11839647369245843,-0.009812649465165135,0.8581518195437328
2019-02-28 14:30:00,0.0024158100457238856,0.8528037362225848,0.10792988274806581,-0.0014520388351625761,0.8548980165008047
2019-03-01 14:30:00,-0.0016107119078731143,0.850619611648392,0.10819531056614917,0.013695832353944448,0.8568020774574698
2019-03-04 14:30:00,-0.009448733889802031,0.9015356165473953,0.0929310370101325,-0.02259109240674584,0.854334079023725
2019-03-05 14:30:00,-0.004243190815210422,0.9684308794425103,0.05628716094842756,-0.005192210752147708,0.8461191651181778
2019-03-06 14:30:00,-0.008507072286332452,0.9645584776717531,0.05207419849177697,-0.024741041671872892,0.8499415449687656
2019-03-07 14:30:00,0.0007203037844680776,0.9522493014443947,0.06744096961219703,-0.006743694383150811,0.8470289194397359
2019-03-08 14:30:00,0.0028982471102841265,0.958596023581338,0.06791572002368951,0.0007869560986526469,0.8555188446868347
2019-03-11 13:30:00,0.0005472126306868864,0.9577472696154993,0.07046767211641103,0.0135772319810236,0.857103994256431
2019-03-12 13:30:00,0.0019279376413458586,0.9557378398415481,0.07239868524664117,0.00966022831529223,0.856165784739074
2019-03-13 13:30:00,0.0033847736705336137,0.956866523072425,0.07197175151283008,0.015056503792181783,0.8555809460861381
2019-03-14 13:30:00,0.002937651827492777,0.9736745850372344,0.06313543516661058,0.0005801473930805064,0.8485213838186016
2019-03-15 13:30:00,-0.007478565196115389,0.9843207117828726,0.05785406290553141,-0.002506251344431202,0.8323316768370796
2019-03-18 13:30:00,0.005257525250709571,0.9495746386730068,0.06261634010926342,0.004011583844118742,0.8258420845978716
2019-03-19 13:30:00,0.0007194110656639288,0.9463787239688204,0.06541367439238654,0.008012138998980678,0.8228927361427644
2019-03-20 13:30:00,-0.00437733452519124,0.9487974572804694,0.06536118759062737,-0.011587886756543061,0.8065299327880114
2019-03-21 13:30:00,0.009463053295773158,0.9510848619366843,0.04995817970949856,0.014066152297854165,0.8024843827553388
2019-03-22 13:30:00,-0.0057794547722773496,0.945707751189845,0.05352564868961296,-0.025356824746150936,0.8083513284984801
2019-03-25 13:30:00,-0.004755226301096849,0.9687036193786539,0.05593072359362983,-0.005206951829435165,0.7611073161003877
2019-03-26 13:30:00,-0.015297491582999291,0.9661785131630591,0.055442899005959556,-0.007593435711278833,0.7575173073737513
2019-03-27 13:30:00,0.00047346956113596475,0.9920527342238326,0.03401445013873683,-0.0085377649265261,0.7601275143531979
2019-03-28 13:30:00,0.001682739773169533,0.9918081663141136,0.03343820197893299,0.00463595809855466,0.7590187011279225
2019-03-29 13:30:00,0.0002184344265178089,1.0053333421389063,0.03356451985889031,0.012928776333667921,0.7712100624694483
2019-04-01 13:30:00,-0.00013036687807303359,1.0137369522521638,0.03039059503123076,0.0013793587805020306,0.753265367755577
2019-04-02 13:30:00,-0.002597697959293819,0.9872470676121484,0.035135064116763814,-0.004348837555123238,0.7256153101212083
2019-04-03 13:30:00,0.002015882655747608,0.9993026430858771,0.03065095431569187,0.0010253810373453964,0.7211534682753108
2019-04-04 13:30:00,0.007026168513456069,0.9919964170313069,0.03423241586386716,0.00468333304993936,0.7081325371244395
2019-04-05 13:30:00,0.0019764333649770743,0.9831139473210024,0.030111529756465805,0.009374278835889557,0.7001630291139235
2019-04-08 13:30:00,-0.00254351176939702,0.9616334990497973,0.038685029480602595,-0.0030123474454638957,0.7003463928433091
2019-04-09 13:30:00,0.002127217716712101,0.9637163175542147,0.037583028057175505,-0.0010814415240361457,0.7094471572218152
2019-04-10 13:30:00,0.0006126522009386526,0.9664009379439433,0.03438031488593951,0.001436420899719404,0.7084114561982111
2019-04-11 13:30:00,-0.002375565466682118,0.9714919051726955,0.03803271110869355,-0.01513706632417422,0.6850399834099568
2019-04-12 13:30:00,-0.004672354393595764,0.9498797490487012,0.04205019228239559,-0.013810480426911834,0.6802142191334802
2019-04-15 13:30:00,0.0038249119448416245,0.9679508137073637,0.04109692898298234,0.007339291363850846,0.6688370027346832
2019-04-16 13:30:00,-0.013648473020460215,1.0074233388250329,0.026267164533509635,-0.03434962733491095,0.7068460364397332
2019-04-17 13:30:00,-0.004138960158964498,1.1619376101756815,-0.022448825709290077,-0.036506244791163746,0.7390453442109594
2019-04-18 13:30:00,0.010972627957892727,1.182032027113791,-0.021109279706299278,0.012951214745667775,0.7421605173246908
2019-04-22 13:30:00,-0.0006652476616053244,1.187972603315154,-0.022336616609918147,5.5576404716983774e-05,0.7405604586860259
2019-04-23 13:30:00,0.007272670936703817,1.2632803940795605,-0.056266201141411454,0.02565920566063425,0.7497371113677831
2019-04-24 13:30:00,0.007821448048454907,1.3182262041886446,-0.07562808455525216,0.007234147645084565,0.7497731863427878
2019-04-25 13:30:00,-0.006114236126254013,1.3378082788300791,-0.08597811548476475,0.0072980766622807725,0.7508129867835892
2019-04-26 13:30:00,0.002868882232452177,1.3223968414166063,-0.08104128274384159,0.015143409804536656,0.7534835503696096
2019-04-29 13:30:00,-0.00014514207485948408,1.3317579344279027,-0.08389878451601018,-0.002000580358453482,0.7511799210833492
2019-04-30 13:30:00,-0.009904526641515182,1.3539123959896628,-0.0878321103537647,-0.0021567827469523015,0.7421153010852765
2019-05-01 13:30:00,-0.0059643005207520566,1.2958392674526675,-0.05616508145750321,-0.007259417915258304,0.7417234295231038
2019-05-02 13:30:00,0.003333062713718531,1.302081843467141,-0.05520364118914871,0.008265955994330628,0.7439592580606229
2019-05-03 13:30:00,0.0009785532854143346,1.301322672321681,-0.05186563466487448,0.009868531203998629,0.7448562426589609
2019-05-06 13:30:00,0.0066368443151527705,1.3069809524039393,-0.051409417477052965,0.012440573119613255,0.7478859544778577
2019-05-07 13:30:00,0.008552101239515109,1.3081150022182975,-0.026623883486291522,-0.015687402399627886,0.7602985793092035
2019-05-08 13:30:00,-0.0017224384287117208,1.2726369226529588,-0.023823107328393878,0.0010768961173668323,0.7620928108183648
2019-05-09 13:30:00,0.0026538907489400544,1.278285668052396,-0.026975604610458115,-1.8727631922899057e-05,0.7562622293779452
2019-05-10 13:30:00,0.002028411286491198,1.2837999362008299,-0.02799563152475404,0.002594712575546665,0.757651413895152
2019-05-13 13:30:00,0.0028906244087959984,1.2848509112113544,-0.0289755490413611,-0.02003085523173498,0.7652037674925568
2019-05-14 13:30:00,-0.0020231825643430767,1.2817110687094646,-0.03363130677289394,0.003872194933619233,0.7570637672903727
2019-05-15 13:30:00,0.0004364916948343383,1.2940059973525335,-0.03676175430392725,0.003963490663075146,0.7575668765154179
2019-05-16 13:30:00,-0.008897859491201305,1.2923713185283814,-0.03516822220519589,0.000803412566134513,0.7569942001354347
2019-05-17 13:30:00,0.0005313343775986722,1.275231833840375,-0.03386145557412784,-0.001825615626626272,0.7489250255669129
2019-05-20 13:30:00,0.0031647561798199657,1.2817978590067067,-0.034594014271793316,0.0033350353070247993,0.7503333213994212
2019-05-21 13:30:00,0.0013993666878408754,1.3088742377348588,-0.03831539184434729,0.012502768012855695,0.7540583780573442
2019-05-22 13:30:00,-0.008677575994026457,1.2992947977299414,-0.030335622464385148,-0.0010365524197076075,0.7485583066910432
2019-05-23 13:30:00,-0.010310146234629666,1.2572571191215167,-0.012825013434168309,-0.01452429774266284,0.7590560879531235
2019-05-24 13:30:00,0.005658916008836894,1.2306993916945,0.005280659431475376,0.007516214538230592,0.7640182096518723
2019-05-28 13:30:00,0.0049925230568259055,1.2138952933336176,0.017600640288002234,-0.012543794898654611,0.7645298381525459
2019-05-29 13:30:00,0.004625013822355827,1.189095453458589,0.03137746886743398,-0.007114584401834582,0.7582240131424953
2019-05-30 13:30:00,-9.728669938187991e-05,1.1382611981837099,0.0471268003845533,0.005896715215666963,0.7575070749005288
2019-05-31 13:30:00,0.003785218739004308,1.1432532659813912,0.04387231789686008,-0.005162197755721169,0.7486538389991665
2019-06-03 13:30:00,-0.00266555417449204,1.148885472135166,0.024166250738081985,0.0003789884682173043,0.7447028160491972
2019-06-04 13:30:00,0.0035210803609415572,1.1626114782271246,0.016431642762701593,0.02323478376892744,0.7564122728246142
2019-06-05 13:30:00,-0.005878834403785676,1.1761616098871386,0.01588826610133265,0.00299650747068018,0.7387272507287092
2019-06-06 13:30:00,-0.003349031679076094,1.1524393889620947,0.02584310414695734,0.00217295912149588,0.7353566196647776
2019-06-07 13:30:00,-0.0010793100972124707,1.1313057238243094,0.036411136683492495,0.01138990115745527,0.736194400346679
2019-06-10 13:30:00,0.005614227676668705,1.1267654474419042,0.034503938118042754,0.008644538907299918,0.7381168007602
2019-06-11 13:30:00,-0.004806646447724916,1.1405021927330723,0.028337702481143978,-0.006994937447470114,0.7466068544757231
2019-06-12 13:30:00,-0.005912365732093508,1.1388637586704904,0.03582838009954581,-0.00017534711220579258,0.7561459882780044
2019-06-13 13:30:00,0.007497758467934568,1.1442497648386418,0.029314125255530676,0.00658946257821628,0.7540805988679473
2019-06-14 13:30:00,-0.0006227566957526538,1.1168777782336934,0.04720410221975424,-0.0040570818539652125,0.7574737551908292
2019-06-17 13:30:00,-0.00021519788326760086,1.1086979347088357,0.04941859775695656,0.007106999615219693,0.7529903197354076
2019-06-18 13:30:00,-0.004019854222757949,1.1220276665632833,0.03585589844005965,0.00620476821441085,0.7335960424196148
2019-06-19 13:30:00,0.000254549559923602,1.1141030064647428,0.026870731825422545,0.010267134835716396,0.7406017137540365
2019-06-20 13:30:00,-0.007803961568503444,1.1118013672916214,0.028053311824691826,-0.0029228869834491134,0.7444036064358546
2019-06-21 13:30:00,-0.00047394418695575254,1.0925715207777214,0.05192092062028408,0.00494637187088746,0.7384913608551367
2019-06-24 13:30:00,0.0021496279883081526,1.092622764000471,0.053628677890922974,-0.0051177179863822015,0.7384601054458436
2019-06-25 13:30:00,0.0018531111477764306,1.097623277140928,0.04811741054717211,-0.00280150046201925,0.7332296263864091
2019-06-26 13:30:00,0.0012476910638610714,1.0980110655399387,0.04914720457172961,-0.012942202028256503,0.7393068553546818
2019-06-27 13:30:00,0.0018856652037721397,1.093453129673257,0.05037194717800708,0.010810290376615553,0.7420152386665909
2019-06-28 13:30:00,0.003254573000349502,1.0815527977336086,0.059141925818051666,0.008097101688443168,0.743837405617974
2019-07-01 13:30:00,-0.004613372639852224,1.0795441165930006,0.062221608467486145,0.0011301147485670941,0.7449218459087686
2019-07-02 13:30:00,-0.00487181303249407,1.0738271293363586,0.06536600285892069,0.0004290583796912051,0.7463940199358484
2019-07-03 13:30:00,-0.0034229823927678406,1.058109868822667,0.0719166724393615,0.006662652074257869,0.7475017519776403
2019-07-05 13:30:00,0.012168100853667195,1.055300239183683,0.06932711537290837,0.0035915591730397343,0.7442748565837499
2019-07-08 13:30:00,0.003547621060765287,1.0462044534775723,0.0635520319269004,-0.005320721622885364,0.7454875118001753
2019-07-09 13:30:00,-0.008447049187367701,1.0426699789025504,0.06213299470564526,-0.006554508418150122,0.7466970482321454
2019-07-10 13:30:00,0.004190050869186425,1.0582120697702808,0.04843837111675675,0.007914460553382074,0.7591988599759145
2019-07-11 13:30:00,0.019197889570227306,1.050677721034526,0.049500016665806224,0.018741240021342326,0.753841180009411
2019-07-12 13:30:00,0.015506912308317038,1.0773925353836433,0.02827041691759591,0.0034810286925077336,0.7043466366733361
2019-07-15 13:30:00,-0.004782292769657163,0.8363247738165343,0.11031091983782204,-0.0025101079572091844,0.6302998577757828
2019-07-16 13:30:00,2.512594797206974e-05,0.7557818483027596,0.10944910762613508,-0.004641930037579585,0.6302805947553372
2019-07-17 13:30:00,0.0001963443468922127,0.7510034878252068,0.11331631209936846,0.00046520004232612305,0.6245730570316408
2019-07-18 13:30:00,-0.0012478304191270752,0.7515782360578758,0.11296669471989547,0.004641732598146597,0.595490146005912
2019-07-19 13:30:00,0.0006825763797220462,0.714399732755408,0.10530234929877655,-0.008145730173189017,0.6033352275180542
2019-07-22 13:30:00,-0.0013787472599664007,0.7074063464995809,0.11408235667812067,-0.0024569402734459325,0.6003333419481072
2019-07-23 13:30:00,0.0015506073656911352,0.7199186618607993,0.1102168500870154,0.0052747730928057734,0.5949621550666503
2019-07-24 13:30:00,0.004519088637527545,0.7021153535752523,0.11089969860301616,0.005901077512228237,0.5862654623037019
2019-07-25 13:30:00,-0.0019526935864199544,0.6953597501776926,0.11466451789236268,-0.007944306616578448,0.6083700841879022
2019-07-26 13:30:00,0.00752935994566158,0.7181273768738708,0.1072462237804014,0.012050053050938944,0.6014419845623552
2019-07-29 13:30:00,0.002287049355261654,0.7182928930262944,0.1087350909974798,0.005010401830055855,0.5997457187173465
2019-07-30 13:30:00,0.0030910864223575654,0.7210108805241597,0.10574020659245567,0.001567702710228695,0.5971671680381373
2019-07-31 13:30:00,-0.0019735934139444057,0.7083479300515648,0.10976996291682314,-0.010330217208957845,0.6069422713356656
2019-08-01 13:30:00,-0.00997762631439043,0.7204693939684569,0.10208603877995015,-0.008754940087491558,0.5922677128118433
2019-08-02 13:30:00,-0.003667339160071335,0.723629058722329,0.10089069546175927,-0.0075521388712084985,0.598305548373062
2019-08-05 13:30:00,-0.006992650161650592,0.7162229008184244,0.10903013573573053,-0.027369086241036844,0.653241142796241
2019-08-06 13:30:00,0.0020191629589550175,0.7766374761519962,0.10604047738657485,0.014399555820417817,0.6604544621107439
2019-08-07 13:30:00,0.007469642382900156,0.7795919880119694,0.10780009364299346,0.008053696803037655,0.6219011372891279
2019-08-08 13:30:00,0.0024471946162515565,0.7704916029045473,0.10765977354516187,0.0146095464385488,0.6349373220449692
2019-08-09 13:30:00,-0.001397597854319576,0.7771006538523616,0.11038793604001523,-0.0014636316765837727,0.6359635133735441
2019-08-12 13:30:00,-0.005323556576184449,0.7734107227745839,0.11278540110888657,-0.01494866379677103,0.6549903241657952
2019-08-13 13:30:00,0.002764762645897499,0.8023704270425774,0.1173836270138722,0.014848118380038485,0.6700748671548449
2019-08-14 13:30:00,-0.0022678739348510925,0.8110362423816462,0.11696787485784521,-0.02812515688970511,0.714273769192192
2019-08-15 13:30:00,9.41604361756822e-05,0.8173285023935398,0.12791996160638286,0.0014883088644836635,0.7147316456977318
2019-08-16 13:30:00,-0.0005860025283317173,0.8162116794614709,0.12793116350241662,0.012843343576634044,0.7239272033278922
2019-08-19 13:30:00,-0.005050365339913988,0.833964126867232,0.11718897048147442,0.004283889243981524,0.7239446552786396
2019-08-20 13:30:00,-0.0002521956369150938,0.8204319494358804,0.1106444121608004,-0.00847283710868163,0.7232511251986523
2019-08-21 13:30:00,-0.0012747111918915048,0.8290446015483585,0.10462702352209545,0.005855706703646731,0.7175736156187792
2019-08-22 13:30:00,-0.002811463521962921,0.825196880838064,0.10477019413737843,-0.008941877356887784,0.7165387148049117
2019-08-23 13:30:00,-0.0005279165823739752,0.8269295072092887,0.10918338620063109,-0.022556390766411066,0.7357544660960768
2019-08-26 13:30:00,-0.0019026511530283,0.8282828175150729,0.11079351718464936,0.00783551701178816,0.7354087447734221
2019-08-27 13:30:00,-0.010223479046211481,0.8227743535878855,0.11396594799519871,-0.01690428213995628,0.7142049382127734
2019-08-28 13:30:00,8.535685101000376e-05,0.8200995053219413,0.12765634460314884,0.007908054269669304,0.7013667627786478
2019-08-29 13:30:00,0.0071683445121153,0.8046996864616649,0.12300156298811205,0.014874446694004728,0.7201196859923057
2019-08-30 13:30:00,0.004965075286078674,0.8219676683703392,0.12251543711524698,0.004846410211604517,0.7202291447271039
2019-09-03 13:30:00,-0.002944459248909467,0.8343213035559458,0.11458111013566341,-0.010262987408319471,0.7196867907956093
2019-09-04 13:30:00,-0.0036802007823334214,0.8308187895377181,0.1200427081634241,-0.002348595423648736,0.7159802538347763
2019-09-05 13:30:00,0.0003513423316180552,0.8135454508863922,0.1286343023760822,0.0102858268841437,0.7171969228903673
2019-09-06 13:30:00,0.0016742000797409454,0.8192401022852513,0.12352692601584325,0.002586796244345768,0.7185129259672524
2019-09-09 13:30:00,0.007553703936469258,0.8287405308759612,0.12121924627187519,-0.0003024673331790684,0.6718847958343229
2019-09-10 13:30:00,8.372307132338466e-05,0.8187045910580466,0.11903648013199108,0.0060544831620321276,0.6624072106109545
2019-09-11 13:30:00,-0.0006663329585818653,0.8207197780493329,0.11726794229369031,0.009845667129511959,0.6602729766403668
2019-09-12 13:30:00,-0.003954773026398567,0.8000372504551774,0.13291906912006402,-0.00541237065965224,0.6481852427472156
2019-09-13 13:30:00,0.001428432908855682,0.7933899183310213,0.1431591602945076,0.0006315152082935205,0.6359058599135058
2019-09-16 13:30:00,0.0028762167296325597,0.7816502136129252,0.14781530166884616,0.0037503557637870166,0.6379136768486559
2019-09-17 13:30:00,-0.005833404456161522,0.7855620942334889,0.14937734272489012,-0.005145502814857372,0.6322558398290972
2019-09-18 13:30:00,-0.000525137739320598,0.7755782409988007,0.1547053221317879,-0.0020537388823362126,0.6301783819069714
2019-09-19 13:30:00,-7.32579260889995e-05,0.7627627547247449,0.16695927224957963,0.003231084768730389,0.6295534408594515
2019-09-20 13:30:00,-0.0016731431319521118,0.7622356589600584,0.1673733951222639,0.0027036060423790698,0.6217128333384752
2019-09-23 13:30:00,0.0002948259789960859,0.7444233255453592,0.17339701080144043,-0.005766515105106433,0.6191424288372044
2019-09-24 13:30:00,-0.0042872553633286955,0.7461874632606496,0.17111503796807404,-0.01517871058462413,0.6246114728010471
2019-09-25 13:30:00,8.67204556179342e-05,0.7499293517503665,0.17436365612095728,-0.004645135367204715,0.6262503631697475
2019-09-26 13:30:00,-0.00610860121048103,0.754245833696809,0.17486686818725483,-0.015228857613078314,0.6262552487126558
2019-09-27 13:30:00,-0.0019893103899043104,0.7446512053511003,0.19007661606779447,-0.006764419338515719,0.6237681571045371
2019-09-30 13:30:00,0.00520261240285357,0.7496373969678654,0.1922282985868744,0.011412836861745731,0.6338306063731916
2019-10-01 13:30:00,-0.0018800250778913136,0.7692205999256732,0.198924335493193,-0.01356436935456636,0.6395769319805424
2019-10-02 13:30:00,-0.003380383738646256,0.7718565119647327,0.20446606240293608,-0.013226252653465553,0.6435854979709738
2019-10-03 13:30:00,-0.004996599108737858,0.7756956448696044,0.2132788830318244,0.0062274281901265605,0.6396204333867367
2019-10-04 13:30:00,0.0008543189884809704,0.7691568296207187,0.20636526937821298,0.01333275304541178,0.6634093828234425
2019-10-07 13:30:00,6.6650019810014e-05,0.7221290973888694,0.2454756183942901,-0.002944034248412571,0.6813194858648745
2019-10-08 13:30:00,-0.0028636067620415213,0.7789652620511852,0.22076924905634376,-0.02224395641621124,0.6931210917006156
2019-10-09 13:30:00,0.006012853019456084,0.7892718520295499,0.2215350669491103,0.01077143310426143,0.6984862304417626
2019-10-10 13:30:00,-0.0024066586425233938,0.8129095747317795,0.2107582207283587,0.005374174500135591,0.7026736202851555
2019-10-11 13:30:00,-0.0013164269388918817,0.8156396570159454,0.2066342635695253,0.008357598794221563,0.7057960181421001
2019-10-14 13:30:00,-0.002042974913018027,0.8137524639589003,0.20940925700288682,-0.0028937802059954367,0.7039400442853837
2019-10-15 13:30:00,0.005963893472334211,0.820591726539855,0.20943236156411793,0.02615998100901133,0.7037523256857613
2019-10-16 13:30:00,0.0032334134077679428,0.8350067078944237,0.21458606758008336,0.0017850013810454257,0.7003594325770622
2019-10-17 13:30:00,0.005933151163467834,0.8267308086116658,0.21892784181718494,0.014529555585389708,0.7061152495184171
2019-10-18 13:30:00,0.005827712766581007,0.8376072150504824,0.21654643388241546,0.00012430446036167572,0.7038921408558702
2019-10-21 13:30:00,-0.006204486755336363,0.8382367682325802,0.21354718780791204,-0.0032081912718180026,0.7067312074244678
2019-10-22 13:30:00,-0.00217516479299681,0.8737159786390628,0.1823334815641019,0.00121099290542163,0.6812983165344034
2019-10-23 13:30:00,-0.0018145133138682346,0.8708831018010561,0.18272784201461678,0.0028879909689933925,0.6769288010174708
2019-10-24 13:30:00,-0.002939842354486309,0.8820567748857284,0.17436103460264518,-0.008032016715245968,0.6759880612090297
2019-10-25 13:30:00,-0.001475407637835051,0.8885580564655233,0.17261329312202411,0.002075113768727377,0.6762458450520198
2019-10-28 13:30:00,-0.0014003958396464483,0.8887634375220811,0.1738991966310337,0.010186734818446416,0.6791816926062307
2019-10-29 13:30:00,0.00034898634118686253,0.8914170066595717,0.1697794081202142,0.012464514804469603,0.6545510341394911
2019-10-30 13:30:00,-0.0008475226974096728,0.8941126014764774,0.1672044888707746,0.003322071221834292,0.6482953930708921
2019-10-31 13:30:00,-0.0055030053162141625,0.8933233906018979,0.1684781623947096,-0.006889167020934191,0.6518915161904086
2019-11-01 13:30:00,0.00626570172431324,0.902135257548362,0.1633853881985112,0.011471672581654787,0.6303964354409407
2019-11-04 14:30:00,0.00831610751135143,0.8755580587149301,0.18712638557366837,0.004476512580182816,0.6246216143590587
2019-11-05 14:30:00,0.0028851605730328763,0.8720851377799328,0.1841766245273322,-0.003292514651898689,0.6093343357413836
2019-11-06 14:30:00,0.007417819261630735,0.8599330598395285,0.1851241851737401,0.007186108650390451,0.6026276323806523
2019-11-07 14:30:00,0.004894258934824281,0.8833444262619445,0.16437726436011935,0.007285205476227796,0.5594670770172848
2019-11-08 14:30:00,-0.003826428229807659,0.8939387233880172,0.16458771169229366,0.006782962063055731,0.5616508755612588
2019-11-11 14:30:00,-0.0019474662407191106,0.8965757694295223,0.15679847452978268,-0.0061274986558328415,0.5534275252864522
2019-11-12 14:30:00,0.0027180144883475294,0.9015537225940543,0.16045232653972422,0.008679178353970732,0.5582982024055497
2019-11-13 14:30:00,4.578988013798969e-05,0.9195756598402719,0.16073965312608193,0.0016237061031724547,0.5558043564889458
2019-11-14 14:30:00,0.003368952694522456,0.9224083435880297,0.16096994621965133,0.0023765260751100747,0.5544386564089724
2019-11-15 14:30:00,0.004914778537622795,0.9284393517345003,0.1588830714486127,0.026791775442049397,0.5866476482419819
2019-11-18 14:30:00,0.0016159023455610234,0.9587255982043129,0.15127414450276033,-0.0012026617051608495,0.5491805907821452
2019-11-19 14:30:00,-0.002720262787744312,0.9792027598177573,0.1544609671666335,0.007893866641335808,0.5501886866045295
2019-11-20 14:30:00,-0.00015177329221150425,0.9928411154241671,0.14711910461340472,-0.000999324456064062,0.5728333132423026
2019-11-21 14:30:00,-0.0017179349393343297,0.9849534656737521,0.1349289727003724,0.0010190393256943227,0.5700192010302642
2019-11-22 14:30:00,-0.003653575428699898,0.9852882380955718,0.13659888193971215,0.0006638294541489639,0.5602023726108896
2019-11-25 14:30:00,-0.00031081310072724605,0.9777002546519742,0.1311832327784629,0.016713161796933385,0.5728588097836491
2019-11-26 14:30:00,-0.007226038247697286,0.9718984737663093,0.13614865996516967,-0.007800759879995474,0.555847814319366
2019-11-27 14:30:00,-0.0004610853528782795,0.9783485112054386,0.13148756293565,0.006548098883936519,0.557791779944688
2019-11-29 14:30:00,-0.0013648668748653158,0.9747903964333997,0.1333258001794383,-0.00445384251344431,0.5572742845834324
2019-12-02 14:30:00,0.000262863592023729,0.9803447260285245,0.13310487642761681,-0.005962992288497652,0.5615234533472578
2019-12-03 14:30:00,-0.00020099892837930136,0.977017013986462,0.1352525349442717,-0.00037846127387586304,0.5989394817034237
2019-12-04 14:30:00,-0.004255363576455541,1.015436676255871,0.1279040374196243,0.006780756619304773,0.6080109863469768
2019-12-05 14:30:00,0.0030296141993809552,1.0054540904571332,0.12861217012419568,0.0009140953440100278,0.6113403940329127
2019-12-06 14:30:00,0.001795919189972451,1.0146277822712655,0.1243495056906675,0.010042420429821805,0.6313019905782448
2019-12-09 14:30:00,-0.006507322520470771,1.0188019394341343,0.12106832165719972,-0.013481738303210236,0.6507009976803318
2019-12-10 14:30:00,-0.0044776907876241485,1.0418750926990255,0.11570420220817645,-0.000954777408094983,0.6556552480772377
2019-12-11 14:30:00,0.00011885479619899166,1.0618768429828411,0.100230367172643,-0.00024695228251048196,0.6677420006758332
2019-12-12 14:30:00,-0.002923175737829113,1.0671917522619727,0.09482290000748028,0.0075529452711612,0.6725738512910056
2019-12-13 14:30:00,-0.0030207224103964477,1.0602860399294656,0.09528488036691984,-0.003213313733110512,0.6644540552634436
2019-12-16 14:30:00,-0.0015796448835691517,1.0666971258664955,0.09201747445152009,0.011094245757076108,0.6667817087744506
2019-12-17 14:30:00,-0.0008750803706160971,1.0692189022522927,0.0895964187125281,-0.0020840252002186643,0.6642380740513953
2019-12-18 14:30:00,0.004210530711058829,1.0711103806348379,0.09104364356407668,0.005154344137081934,0.6520614464228845
2019-12-19 14:30:00,-0.0003390014748514223,1.071435753048494,0.07932049655423745,0.004275943144342431,0.6520704217583376
2019-12-20 14:30:00,-0.003808450862023174,1.0736233944057796,0.07984061062944947,0.0040171662108861765,0.6533163638253273
2019-12-23 14:30:00,-0.00023242075341912537,1.0712523268605723,0.05661904891249936,0.004635413541827764,0.6478374966146757
2019-12-24 14:30:00,0.0013232255096422105,1.0690583356784888,0.05518736508993882,0.00039937733914052753,0.6442326922789259
2019-12-26 14:30:00,-0.0006150280085945297,1.0582698077379544,0.06057494390702356,-0.0018575370294310334,0.6289903548418372
2019-12-27 14:30:00,0.0011368050959416804,1.0538879566467896,0.05689585382141604,0.0006455264186662202,0.6137912235389024
2019-12-30 14:30:00,0.0019208112499685221,1.0721369232455384,0.048735631338789,-0.005265241236114789,0.6311198740720431
2019-12-31 14:30:00,0.0013699029394574026,1.07314600839525,0.052319866022541905,0.0036744129516221857,0.6248912304080455
2020-01-02 14:30:00,-0.004400165249299351,1.1025823371706491,0.043043356884851725,-0.0016722388756712874,0.6192475198542963
2020-01-03 14:30:00,0.005029091005996164,1.0971856351517477,0.0492463205508864,-0.0052189421470737836,0.5802745045607681
2020-01-06 14:30:00,0.002142616671316759,1.0717223025736,0.04449325823433292,0.009197999134835136,0.5823523910569904
2020-01-07 14:30:00,0.0003377861200702171,1.0608028049123797,0.051437723179714956,-0.001662874188324744,0.5831547649221731
2020-01-08 14:30:00,0.002015290097874963,1.0595675301682284,0.05338125334327859,0.009623562516484144,0.588309307512643
2020-01-09 14:30:00,-0.004262167882495471,1.0642605081586707,0.056041405093108065,0.0004369209295865077,0.5746184689394621
2020-01-10 14:30:00,0.003013724794447569,1.0552821531944119,0.05743598352462065,0.0027284243567947306,0.5511303892146552
2020-01-13 14:30:00,0.0019474106820281372,1.0162367781890773,0.04759219888061028,-0.0025699779004998424,0.550795013741691
2020-01-14 14:30:00,-0.0026721240574885466,1.0210115458465094,0.04349215089541525,0.0047852391638385505,0.5427497019870806
2020-01-15 14:30:00,0.0014630237301485605,1.009141242420509,0.03233873229075579,0.010414524237935577,0.5483939041606557
2020-01-16 14:30:00,0.0064116842614414405,1.021506594107655,0.03720376885609955,0.011999778797890862,0.5528431694471081
2020-01-17 14:30:00,-0.0009319184259160503,1.0150846985930726,0.046757015176455696,-0.001322045002982127,0.6099789238667385
2020-01-21 14:30:00,0.0023940448566006694,1.0131557114537768,0.0496053500265623,0.002656814908930253,0.6272831365342096
2020-01-22 14:30:00,0.004168417051661925,1.032719475426993,0.03799277375440824,0.00536393183181801,0.6148732045465017
2020-01-23 14:30:00,0.0010784024753847637,1.019279971900434,0.03688211313564249,-0.004559954278389326,0.6194770623123359
2020-01-24 14:30:00,0.0027001172041968644,1.0174166152429618,0.03631615469941263,-0.015266825174696871,0.6377882448477673
2020-01-27 14:30:00,-0.004828274351667912,1.0048243814798372,0.034838391043074846,-0.012723306324318876,0.6441758345632852
2020-01-28 14:30:00,0.0052582206015727205,1.0586755867828344,0.023197784160236323,0.010893968731513345,0.6537511538820201
2020-01-29 14:30:00,-0.0029429374647156744,1.068901160303853,0.026047083586042685,-0.005931665028149198,0.6622312112647402
2020-01-30 14:30:00,0.00012012806225899023,1.0702056765834849,0.024685631333695945,-0.007969871907728798,0.6951159444155323
2020-01-31 14:30:00,-0.0029864345273554263,1.126367032044763,-0.013137031927378695,-0.02529348374522533,0.7556240126369834
2020-02-03 14:30:00,-0.005126024133135602,1.1718645515141723,-0.017557139965755142,0.005118176279522639,0.77143277183812
2020-02-04 14:30:00,-0.0032291799289868826,1.195572088021823,-0.03524527016968626,0.016798846210183866,0.7821995571504167
2020-02-05 14:30:00,0.002209797694307635,1.1633067264757093,-0.026831991508059483,0.02394015961004518,0.7718310266472396
2020-02-06 14:30:00,0.00045973688945236016,1.1756267962692082,-0.027088598146298826,0.0014514494319839792,0.7713919157341373
2020-02-07 14:30:00,-0.0024927228075160134,1.1732872405821704,-0.024124526407132585,-0.011435997194521966,0.7765753434232788
2020-02-10 14:30:00,0.0011895738617761298,1.1785924352753674,-0.02447025850368556,0.007080279659157289,0.7760991865083442
2020-02-11 14:30:00,0.007043120814681712,1.1719817825424332,-0.02040084866090719,0.014082836418746933,0.7825485408539103
2020-02-12 14:30:00,0.008478349878201069,1.2002424750357223,-0.03377051173237444,0.009539287307004263,0.7550688488643965
2020-02-13 14:30:00,0.006869096155413636,1.1722072853690846,-0.013434812219278669,0.0015137563304347124,0.7265728956458578
2020-02-14 14:30:00,-0.0006954798901783843,1.1418319218809072,-0.012176527858136055,0.00016289885883917035,0.7215863048014093
2020-02-18 14:30:00,0.0041444304618447406,1.1522376269886359,-0.016129865505791874,-4.418492796324595e-05,0.7116644036229557
2020-02-19 14:30:00,0.004489560718812424,1.1337268222252432,-0.008626122944155656,0.009678969999576884,0.7130375606159557
2020-02-20 14:30:00,-0.004960815043159452,1.1390126913032408,-0.008449573848556824,-0.01224933338347911,0.7179859693475527
2020-02-21 14:30:00,-0.005317004638597311,1.1613460267927216,-0.01346671143101097,-0.004567348468907014,0.718929430230411
2020-02-24 14:30:00,-0.0029848695260641725,1.1539192062615462,-0.0055338154704860365,-0.03916524807742353,0.7676836314515464
2020-02-25 14:30:00,-0.0024485394370571956,1.2042680850407579,-0.03171261946787418,-0.038033977517967554,0.8199771096936094
2020-02-26 14:30:00,-0.008579143512616395,1.2196191183223783,-0.03186195823577942,-0.008865273115420255,0.8216398299590203
2020-02-27 14:30:00,0.009796993095031254,1.2332274756993178,-0.04386552736049554,-0.03020849813118383,0.8377487041074273
2020-02-28 14:30:00,-0.001281986009158742,1.1801747181181512,-0.04694547087923817,-0.01736592625418587,0.8348817440449913
2020-03-02 14:30:00,-0.010366078985160516,1.1952321044897243,-0.05832225822975756,0.04334429092657843,0.8604139740832645
2020-03-03 14:30:00,-0.004986323668426225,1.1225616045072715,-0.046190065718617945,-0.03158058981439812,0.8688256830057188
2020-03-04 14:30:00,4.471743274525597e-05,1.1364237445600498,-0.043252673721430046,0.06352507302836563,0.8952099389977161
2020-03-05 14:30:00,-0.005258323626837154,1.1366526921991873,-0.04249968997549469,-0.03086493086669369,0.8978516084231999
2020-03-06 14:30:00,-0.007060544973259419,1.1530715743567947,-0.05134114066762474,-0.011813472198712316,0.8980670149783062
2020-03-09 13:30:00,-0.006461097757231644,1.1180444167248622,-0.01642547501501257,-0.06325496691664456,0.906657354167362
2020-03-10 13:30:00,-0.005174952423537028,1.108596841214582,0.011728093816949392,0.033181448244324084,0.9030949282120385
2020-03-11 13:30:00,-0.0015169790590788337,1.0923106209746618,0.017271296396818014,-0.0444447809174963,0.9069095270401357
2020-03-12 13:30:00,0.0006592071039933367,1.0926548796126818,0.020301992222424015,-0.08308187895592174,0.9279058774397001
2020-03-13 13:30:00,-0.007942056247531915,1.0892425834183603,0.020639989832304972,0.0689040427418035,0.9372073359905686
2020-03-16 13:30:00,-0.024011717050376274,1.051033846588423,0.03714948904538051,-0.13224095044376574,0.9563172267101824
2020-03-17 13:30:00,-0.02834778583642173,1.088752016524552,0.05679926861885132,0.042048308963460755,0.9561685300791406
2020-03-18 13:30:00,-0.016469382817486902,0.9217763410789532,0.16687663257137175,-0.051944937071622545,0.9505749298312236
2020-03-19 13:30:00,0.034125693775338764,0.9542623053990149,0.14758315183416493,0.023079933234999017,0.9297968923633446
2020-03-20 13:30:00,-0.017892625161514346,0.7342969547462548,0.33911961639894295,-0.05103561115486688,0.9318914606716667
2020-03-23 13:30:00,0.0066074899425000305,0.7795736250675579,0.30952011447734085,-0.03634525902368091,0.9218286619603289
2020-03-24 13:30:00,0.0072739978821733525,0.7536020000948364,0.32805415036289803,0.09242286580082348,0.924028464521312
2020-03-25 13:30:00,0.014548038740113095,0.7623570239390367,0.33110384304490875,0.029202619311508915,0.9241895294401541
2020-03-26 13:30:00,0.006506270052625093,0.7619511802961945,0.33577290343403016,0.07046569698818879,0.9286720813107122
2020-03-27 13:30:00,-0.004438200528353201,0.7770262417522186,0.32886383893441684,-0.03062172184655439,0.9284878422250379
2020-03-30 13:30:00,0.0016004439227893519,0.7767970825128396,0.3304466300919234,0.046982233100178496,0.9287372307924103
2020-03-31 13:30:00,-0.0004044864291191143,0.780733849865805,0.32805665413876844,-0.006307606390331048,0.9285002891745817
2020-04-01 13:30:00,-0.008231434553077704,0.7799128227607603,0.3296850809799395,-0.05569846657386435,0.9295186765674378
2020-04-02 13:30:00,-0.023276188927641668,0.7780964534913342,0.336027293375708,0.01052103565603361,0.9227299978953343
2020-04-03 13:30:00,-0.014071065755302415,0.7796242860601748,0.3234086235986343,-0.025661972405055227,0.9209385809765238
2020-04-06 13:30:00,0.009127406938335136,0.7786359519385838,0.325771003196479,0.07406103555816339,0.9260060268839516
2020-04-07 13:30:00,0.01406048999624859,0.7754951053601855,0.3375346954033258,0.0009332460330642167,0.9251383854027039
2020-04-08 13:30:00,0.012210586486385823,0.7788025231415434,0.3325156730725035,0.05736368729325777,0.927732907470924
2020-04-09 13:30:00,0.004119773475610463,0.78163588145041,0.33806917586340246,0.014787041531332257,0.9272588616993751
2020-04-13 13:30:00,-0.010304588636982227,0.7673374884604778,0.35375603206394735,-0.017571743590227323,0.9274557941336234
2020-04-14 13:30:00,-0.008000839964242182,0.7724046270623711,0.34960713448015523,0.03161244544438505,0.9283049359495372
2020-04-15 13:30:00,0.006953705816313661,0.7720701651370966,0.3457533091235161,-0.005562436483249426,0.9279162290944841
2020-04-16 13:30:00,-0.006715624309836212,0.7782903655023862,0.3390249785760905,0.019429730913352056,0.927202483006163
2020-04-17 13:30:00,-0.014491902159302319,0.7706581846755068,0.3445189979333225,0.020488679429055818,0.924766844706323
2020-04-20 13:30:00,-0.018792824922876986,0.7887483336418577,0.32259635788707053,-0.013038161065619466,0.9246537653502349
2020-04-21 13:30:00,-0.0021514750282913622,0.8250739567014256,0.2889892129329815,-0.036033669575303996,0.9254988143357331
2020-04-22 13:30:00,-0.003068038480548362,0.8229778796746272,0.29315433272657676,0.0151001053888468,0.9256592593186862
2020-04-23 13:30:00,0.006720409361100774,0.822629306394866,0.2929188614215592,0.011077810822811562,0.9247273684510247
2020-04-24 13:30:00,-0.005563214156593933,0.8276860768493965,0.2883274058750027,0.015491392405280635,0.9251293923402284
2020-04-27 13:30:00,0.01483699748976747,0.8305003985587338,0.2847537835337747,0.029335321695214727,0.923647762624669
2020-04-28 13:30:00,0.006091010512516468,0.8334383635678447,0.2850491345249694,-0.0195430990144162,0.9222162433091738
2020-04-29 13:30:00,0.015142022798390978,0.8335307360497052,0.28181320043034563,0.022237205320473796,0.9218147725933542
2020-04-30 13:30:00,-0.005362303997220801,0.8331098078944521,0.28448783755164386,-0.0163441432513222,0.9215452903558714
2020-05-01 13:30:00,-0.0041387265937498086,0.8279780082698226,0.2911216039030339,-0.027893119290754664,0.923410635028366
2020-05-04 13:30:00,-0.017679699648189752,0.8275442612791254,0.2919772082162563,-0.003315704476306099,0.9233730148546725
2020-05-05 13:30:00,0.0024452186114530157,0.8618409217200468,0.2581450264696221,0.026730652483951234,0.9236753761175639
2020-05-06 13:30:00,-0.008156802690468565,0.8630988188631856,0.25786006531008143,-0.015414204873154591,0.9233659096800141
2020-05-07 13:30:00,0.006891562367295796,0.8678569414928985,0.25417034052567666,0.007192853796957481,0.9215925782842461
2020-05-08 13:30:00,0.010807426993988274,0.8632003915017024,0.2578817367413516,0.01901658224684381,0.9209869136978815
2020-05-11 13:30:00,-0.01597517771476123,0.862698698520424,0.2591524088205449,0.011227191531676691,0.9208826010107897
2020-05-12 13:30:00,-0.0012706884218861847,0.8734196352276073,0.2457731042429896,-0.019873258444726316,0.9215611325682042
2020-05-13 13:30:00,-0.009195005353426756,0.8734207668096564,0.24570718721729368,-0.023554270683043388,0.9225097074307911
2020-05-14 13:30:00,0.0008804286629730028,0.8726110430167674,0.24778284634288483,0.008169319056472002,0.9223312835669005
2020-05-15 13:30:00,-9.588230100850831e-05,0.8752284456558599,0.2452534116281534,0.016070631119512086,0.9213294527273249
2020-05-18 13:30:00,0.015661588107561443,0.8734960823963607,0.24682369744102584,0.03006935807319418,0.9187628460983205
2020-05-19 13:30:00,0.01159830037868817,0.8637578708894078,0.25824803739569546,-0.006165940593682806,0.9181284024619257
2020-05-20 13:30:00,-0.000870910776045228,0.8695416730087847,0.24956006333380087,0.007392752512526431,0.9165558234787253
2020-05-21 13:30:00,0.00863655812219302,0.8681077805427109,0.2496561507159466,0.00026041210047119306,0.9149688422055698
2020-05-22 13:30:00,-0.003568466629480826,0.86658387889889,0.24984402086541546,0.0012660934849107648,0.913894580376863
2020-05-26 13:30:00,0.014118473134966607,0.8686605515823419,0.25334337857365496,0.006576815538106036,0.9128847552726707
2020-05-27 13:30:00,0.008205937621388023,0.8677533959652372,0.25136275770161287,0.017266867419212833,0.9115806454202992
2020-05-28 13:30:00,-0.003574195720351064,0.8800012221916926,0.24513869044739678,0.00543852353890073,0.9098922929805884
2020-05-29 13:30:00,-0.009333604372458967,0.875924105228317,0.24760793733361108,0.003714754599685436,0.9088717630781148
2020-06-01 13:30:00,0.004372909109026957,0.8705811427497956,0.24970161933969925,-0.0029213350588336664,0.9079758629335055
2020-06-02 13:30:00,-0.0026212544029706577,0.8639554747220335,0.25307755444538016,0.00587707597059343,0.9076607660712912
2020-06-03 13:30:00,0.0036892190988294677,0.8643275115334416,0.25256216177805957,-0.0018483607684911159,0.9038001818960276
2020-06-04 13:30:00,-0.002085084377983373,0.8658804914763747,0.2529307668052113,-0.013461933731984307,0.9047360465463492
2020-06-05 13:30:00,0.014146266206722262,0.8682340462986678,0.25259523094269265,0.03021896555990855,0.9036342946565284
2020-06-08 13:30:00,0.004448904041259839,0.8738878507705446,0.2551142138607546,0.015170614590558129,0.8943855966288262
2020-06-09 13:30:00,-0.00908522935574829,0.8730412336396676,0.27232371331253613,-0.018625950652619478,0.8908219015129796
2020-06-10 13:30:00,-0.010765075141969976,0.8909001382855708,0.2687571164322775,-0.011817095489283336,0.8582997817889515
2020-06-11 13:30:00,-0.0035749728251789764,0.8784149989501284,0.24910883638679704,-0.06619142112077296,0.8680877571931304
2020-06-12 13:30:00,0.0038959771525795012,0.9410679550253949,0.22654699311693327,0.012894125404030158,0.8704242478629546
2020-06-15 13:30:00,0.004654137050511905,0.9288131393214079,0.224215325573362,0.013078344516531152,0.8882174265730017
2020-06-16 13:30:00,-0.009716709255974593,1.0535781100091448,0.1136094909014369,0.01799319221433926,0.8822398222146733
2020-06-17 13:30:00,-0.004382352272783061,1.0193590893275815,0.1300163644306377,-0.005300008561002582,0.8855651812293756
2020-06-18 13:30:00,0.0008367557148424606,1.1020883155382057,0.08353868228127936,-0.0020118546302852294,0.8740322018809565
2020-06-19 13:30:00,-0.010242684244882706,1.0991378209820843,0.08417443557641158,0.00271701932655836,0.8751815183731283
2020-06-22 13:30:00,0.0014067750993322337,1.098927984660056,0.07688836654846876,-0.0005521436258274504,0.8666450946589447
2020-06-23 13:30:00,0.0006437357444120349,1.1248493487890068,0.06791470357169227,0.00652629055907424,0.8645825625244591
2020-06-24 13:30:00,-0.0036740726871803096,1.1217343817456862,0.06602698172678778,-0.03430778039694874,0.8637153144198765
2020-06-25 13:30:00,0.0013254610452012872,1.1638752463858673,0.049577700456851614,0.013979517467878807,0.8638635686554531
2020-06-26 13:30:00,0.0019895827515340313,1.1636618742646094,0.050047225866639566,-0.013800672537862805,0.8498643670433266
2020-06-29 13:30:00,0.0008387922382998604,1.1536873560309808,0.03960118769876764,0.01124339665080091,0.8680892338445854
2020-06-30 13:30:00,0.00027925595369572564,1.190244096260543,0.03907061171717263,0.02115110235671791,0.8713758992288736
2020-07-01 13:30:00,-0.0028435868251425614,1.1877274091924754,0.03203375285599397,0.006444392925612459,0.8469057039693134
2020-07-02 13:30:00,-0.00401622625600032,1.160430389294798,0.027595340192476447,0.004832622306808661,0.8486777415426797
2020-07-06 13:30:00,0.0019452406326095507,1.1526614688361145,0.03984658618346337,0.013641180418839586,0.8347748258733146
2020-07-07 13:30:00,-0.008628590422371405,1.1243407343160923,0.04375553967839907,-0.01755718119477571,0.836763236342971
2020-07-08 13:30:00,0.0002129581109271266,1.147672345888656,0.026776444286747525,0.0007284138769535486,0.8338638800936132
2020-07-09 13:30:00,-0.0024252448954392904,1.139451537532207,0.02860288957915036,-0.011548306527918828,0.8239344254156133
2020-07-10 13:30:00,0.00762410519012097,1.1628713598733968,0.02833981892886106,0.004571484745750198,0.823421607119379
2020-07-13 13:30:00,-0.005892182540914737,1.1658999664074978,0.02411025954211765,8.362961129863382e-05,0.8277908971254861
2020-07-14 13:30:00,-0.0018860313556104263,1.162769592521733,0.03682067675078038,0.02212753038128734,0.8381950523966689
2020-07-15 13:30:00,0.009243634544880898,1.1586783921078474,0.04763149032289693,0.025287960247093084,0.8406869403747156
2020-07-16 13:30:00,0.0011616067317493043,1.1418322520842343,0.06779432667836072,-0.0012374413517620697,0.8283346430558179
2020-07-17 13:30:00,-0.003648746739106543,1.142501714193406,0.06746078257489807,0.013406868346209707,0.8236591629200686
2020-07-20 13:30:00,-0.0075059597525405156,1.1442266361717133,0.06644809221683512,-0.006815461753884848,0.8255557024074528
2020-07-21 13:30:00,0.018899445059591926,1.1470897593715992,0.06325542525112082,0.01682705286400658,0.8178816974701736
2020-07-22 13:30:00,-0.0014871119468140691,1.1728796955480656,0.03889983687595544,0.0088564185815078,0.8172122333862534
2020-07-23 13:30:00,0.01001822006228893,1.151050012328782,0.04322016791957162,0.003968941715810119,0.8172094741761299
2020-07-24 13:30:00,0.0056034795721620085,1.1628249910970119,0.036020483038924356,-0.008041866973885795,0.8156894908986713
2020-07-27 13:30:00,-0.004479268571205143,1.1501336377805922,0.03459111924637415,0.005062822299933785,0.8114239181423404
2020-07-28 13:30:00,-0.005056232402454038,1.1622460955321186,0.013844384555870226,-0.006727017153140946,0.803338531174365
2020-07-29 13:30:00,0.014018108483023276,1.1444391555878248,0.019586538280960575,0.025710813974801388,0.8090105842874756
2020-07-30 13:30:00,0.0072323662871367,1.1665878144966324,0.00930408975606889,-0.0007115326370877861,0.8019856287956372
2020-07-31 13:30:00,-0.0012860087705963046,1.1519959566132618,0.017657613222604063,-0.008321345482460182,0.8010862807843759
2020-08-03 13:30:00,-0.0044795940529938835,1.1392352005859534,0.025510825639729395,0.008358453085662557,0.8116497396607354
2020-08-04 13:30:00,0.003901295830380184,1.1459856598110272,0.014919477354164767,-0.0011964576880978035,0.8190596383549691
2020-08-05 13:30:00,0.001852448563786805,1.145195505049484,0.009031051005740975,0.007203905626290179,0.8180714900004534
2020-08-06 13:30:00,0.004603065900054465,1.1441854655962334,0.028215901533611087,-0.0016556314618904795,0.8096967292175496
2020-08-07 13:30:00,0.0011777057157278123,1.137452686200439,0.026745258301385855,0.00484946560053771,0.8016700975613072
2020-08-10 13:30:00,0.0030220387741157627,1.1281138420751438,0.01871990883001695,-0.0007960261095916188,0.8037140409840534
2020-08-11 13:30:00,-0.0006685402128873991,1.141215062958988,0.011021764153261948,-0.008316941626528554,0.808949370257654
2020-08-12 13:30:00,-0.005482065010789303,1.1425227887113092,0.007440898335035584,0.013731993042517635,0.8136462362285588
2020-08-13 13:30:00,0.001324603545414052,1.1348758556998315,-0.014250670719204939,-0.00035416588325506054,0.8154847342224097
2020-08-14 13:30:00,0.0005793675667234873,1.1373168654443284,-0.0064653265995812115,-0.0015921053698758996,0.8131509207547039
2020-08-17 13:30:00,-0.0032283923396123717,1.1475540730314542,-0.017223188701458336,0.002937638502879721,0.8208202477927394
2020-08-18 13:30:00,-0.001488879782336233,1.1607494957356774,-0.024441146280569814,-0.0015985995366247785,0.8216846417176202
2020-08-19 13:30:00,0.0015951514760890093,1.159268552054228,-0.02234971507115846,-0.0021451220439196637,0.8293995915530826
2020-08-20 13:30:00,-0.001956254552409256,1.1502437054593062,-0.010409205488805862,-0.005607746942530449,0.8338836634282801
2020-08-21 13:30:00,-0.002435386716537832,1.1428629871406364,-0.007238236014297961,-0.0011684057990270686,0.838340721701759
2020-08-24 13:30:00,-0.0015382568701160452,1.1713824907666963,-0.02122855217095798,-0.006404853686612588,0.8450941005168645
2020-08-25 13:30:00,-0.000147474713157009,1.1870935160377982,-0.020538759952692054,0.007643732048616829,0.8448347638248327
2020-08-26 13:30:00,-0.0028021495545960456,1.207983866992927,-0.030026513814792044,-0.0038984862556352327,0.8438822756194192
2020-08-27 13:30:00,0.0024597968530603864,1.2063165802679034,-0.026987728492266494,0.012155366496739983,0.8453531616484776
2020-08-28 13:30:00,0.0010955376657613707,1.210733744783558,-0.029593327896804245,0.0035397107978084965,0.8438591294618267
2020-08-31 13:30:00,-0.0032718875424174176,1.2084034677464852,-0.03265108556568441,-0.0012690503500292956,0.8340785288590148
2020-09-01 13:30:00,0.0064943020115861595,1.1864621008258034,-0.03242297164162711,-0.0034841096602420407,0.838083278151435
2020-09-02 13:30:00,-0.0013886919549676822,1.1833177248750966,-0.04276245830934833,0.021906567379811854,0.840264211804011
2020-09-03 13:30:00,0.002725618513237365,1.1645424370826483,-0.03758887992271576,-0.027581159800401028,0.8526404531902897
2020-09-04 13:30:00,-0.004002920471836034,1.1532443261441077,-0.03675703637011474,-0.011818300695719283,0.7853323863802575
2020-09-08 13:30:00,0.0024578517705330406,1.1096957810774153,-0.033999179035063665,-0.015350891807343836,0.7889668153638975
2020-09-09 13:30:00,-0.0034661922534285072,1.1010018304314584,-0.03576454066950152,0.015228628671888567,0.7837109847790472
2020-09-10 13:30:00,0.005809609115009372,1.1125186792908124,-0.05783164117696665,-0.010320967909764148,0.7837210548421262
2020-09-11 13:30:00,-0.009702060822544819,1.140502873662696,-0.06413583637006509,-0.005170618223037955,0.787624798240099
2020-09-14 13:30:00,0.006834476190660032,1.129204992294523,-0.060150660750254326,0.018882420854816246,0.7909973250178401
2020-09-15 13:30:00,-0.0035164924474278434,1.122411550506469,-0.042097254536040185,-0.0024312188325752806,0.7897108083524151
2020-09-16 13:30:00,0.006106909040674206,1.1259949094371007,-0.036385017977294876,0.0034015044518628246,0.7857498862212228
2020-09-17 13:30:00,-0.0007397114388238979,1.127909447761779,-0.03715264118172401,-0.00440434160276267,0.7851306563566567
2020-09-18 13:30:00,0.000682274869750832,1.1296358881674118,-0.03858314993385231,-0.0014503957948683495,0.7485314431353144
2020-09-21 13:30:00,-0.0022328274514168793,1.089999190017902,-0.033032555243549644,-0.02119707578266609,0.7571587054913147
2020-09-22 13:30:00,-0.0061867055302297054,1.095893585857866,-0.033997741342767465,-0.008732655119580471,0.7523741615530568
2020-09-23 13:30:00,-0.007681056199664381,1.102775808711324,-0.04055298347095482,-0.01775029774201013,0.7592368874097154
2020-09-24 13:30:00,0.0059949196362952305,1.10557308240822,-0.03090663127238223,0.0007676905003842771,0.7315257950930304
2020-09-25 13:30:00,0.009140720582680041,1.0915043350198463,-0.030567979073657048,0.025913353306217246,0.7467956634851015
2020-09-28 13:30:00,0.0001803326881739016,1.1178491013967993,-0.028912517268296793,0.010237530855404353,0.7504627380756833
2020-09-29 13:30:00,0.004751701346897119,1.1242091666072018,-0.03013632114344729,0.003142025607031066,0.7462978511499155
2020-09-30 13:30:00,0.0024690883877834663,1.1148101033925635,-0.02638613120562855,0.020355600345430602,0.7491010520025673
2020-10-01 13:30:00,0.0016380669017731454,1.0866259906684925,-0.012107834571205622,-0.0022227606831239552,0.7494062835664214
2020-10-02 13:30:00,0.009449229727231095,1.0846836384252452,-0.011102474701586762,-0.0002135016726087328,0.7493827971980399
2020-10-05 13:30:00,0.004034149054564822,1.0670087272325164,-0.013898147429724284,0.02526963584958808,0.7681202956619355
2020-10-06 13:30:00,0.005698192997135804,1.071544029103907,-0.007821407629386212,-0.00845272257372002,0.7744030941123712
2020-10-07 13:30:00,-0.0015684343892303602,1.0852143254913025,-0.02073064497791466,0.018252905220504267,0.7690156377465094
2020-10-08 13:30:00,0.0011985540630452427,1.0783885489866205,-0.021640382854890006,0.006339860991031084,0.7624416586136528
2020-10-09 13:30:00,-0.003972774441851727,1.0587240993893057,-0.023560820814356287,0.005372389691201462,0.7598445646547988
2020-10-12 13:30:00,-0.0026872715701893044,1.0500293337934767,-0.02260452690119097,0.004427248516675271,0.765770190830329
2020-10-13 13:30:00,0.007242146956733896,1.0466799408162926,-0.02071896662225503,-0.0010042522581749462,0.7681296991271683
2020-10-14 13:30:00,0.003066954849890379,1.013122496163946,-0.0036601499491404343,-0.002760356057356065,0.7853224517872336
2020-10-15 13:30:00,0.01157896757276647,0.9852412529077521,0.016740504084049923,0.0044714539718860484,0.7810052901167764
2020-10-16 13:30:00,-0.0031825897115067975,0.9623247432471173,0.02429419863102944,0.006454094567789337,0.7824907810190215
2020-10-19 13:30:00,0.002022498778141096,0.9467455197733075,0.03504224921533727,-0.013655449010846402,0.7858879648525888
2020-10-20 13:30:00,0.0011696371015095506,0.945905426869349,0.036604924271576356,0.0019307240462753672,0.7908146832804501
2020-10-21 13:30:00,0.0037445107125575706,0.9454630278757723,0.040469774473692044,-0.0019276341620737176,0.7886887274524973
2020-10-22 13:30:00,-0.0014342501153582939,0.9595283058654038,0.02753768850241678,0.013820289370757818,0.7806408233709966
2020-10-23 13:30:00,0.0042842541769432235,0.8777238138625914,0.06301432761128456,0.007870306247020306,0.7782974441805485
2020-10-26 13:30:00,-0.003804789444592142,0.8944931491246537,0.0558290727396904,-0.01451008070263308,0.7802042740872182
2020-10-27 13:30:00,0.0004726477139717902,0.9061445423487589,0.051783260439059675,-0.005115433128652406,0.7788162119166125
2020-10-28 13:30:00,-0.0012787393326615347,0.9016727236855855,0.0600790948814095,-0.031542464728052964,0.8085036521804488
2020-10-29 13:30:00,-0.002070575149655112,0.9152067302800625,0.05759841567282231,-0.009059052302684853,0.8035631063542894
2020-10-30 13:30:00,-0.00048374502193152826,0.9219704298077461,0.05356770854552001,-0.001890332162724347,0.8122018035643149
2020-11-02 14:30:00,0.005236295307015568,0.9217075067682771,0.055237032471067815,0.021823164095829295,0.8086751899042324
2020-11-03 14:30:00,0.015125158030461138,0.9415140701071378,0.04788629415432405,0.030161887053512155,0.8190778048634764
2020-11-04 14:30:00,-0.021160470579412987,0.9593341668064931,0.05633437345337333,0.024883744885553522,0.797134810333147
2020-11-05 14:30:00,0.013282287922158775,0.8722499064341662,0.04518252657078026,0.014991957480140853,0.7973031086652678
2020-11-06 14:30:00,-1.451424518642973e-06,0.8869030864917955,0.037534005669753956,-0.0005861876051038717,0.7910611311676402
2020-11-09 14:30:00,0.004684039713327556,0.8837962980248386,0.03988494597497583,0.013131875185572758,0.7849369831174114
2020-11-10 14:30:00,0.0053563711012190405,0.8906802858537886,0.037156625310670544,0.00841631486723208,0.7682083354132612
2020-11-11 14:30:00,-0.0012256940426664936,0.8772789598558377,0.05061247876205832,-0.0016240753449859868,0.7668741612124443
2020-11-12 14:30:00,-0.0021965839914524486,0.8828239211078841,0.04640866931537635,-0.005427344090137121,0.7646756640582405
2020-11-13 14:30:00,0.0019085272603562853,0.8856319773971497,0.04530330490528478,0.013586465949818308,0.7664115605884855
2020-11-16 14:30:00,0.0020158640547173682,0.8844551882824032,0.04580658538724902,0.0007369505024423054,0.7672810983737661
2020-11-17 14:30:00,-0.0013749431047896882,0.8875767236320333,0.04311657949953518,-0.006786174718886502,0.7674540242641014
2020-11-18 14:30:00,-0.0006142172803716706,0.8969431408928255,0.03590235399100561,-0.017990909534162824,0.7757902975982903
2020-11-19 14:30:00,-0.0006767414234485478,0.9007468657852911,0.0356095756985616,-0.0011278961839267614,0.7747936154147025
2020-11-20 14:30:00,0.0012079620453270754,0.9058275129905888,0.031110708961717193,-0.0006275304296018414,0.7733115699477344
2020-11-23 14:30:00,0.0036801895643172877,0.8937845083262486,0.03833125261232595,0.0015168409436595216,0.7702698928458274
2020-11-24 14:30:00,0.0036959542420425787,0.8918935225966961,0.03924550207617439,0.006192500275317037,0.7690130212925327
2020-11-25 14:30:00,-0.0041294942659506634,0.8823133519573072,0.04872824439508083,-0.007078205897194915,0.770418936969642
2020-11-27 14:30:00,0.00016231774192907757,0.8880011983284829,0.0491343029795942,0.010148827223565101,0.7631929190205957
2020-11-30 14:30:00,-0.004860399088661417,0.8787233874850978,0.05151731186926867,-0.0017697068936701015,0.7448992350693576
2020-12-01 14:30:00,-0.0024192422291095285,0.8747967961136399,0.04643675533079361,0.004824044253868583,0.7421881261396918
2020-12-02 14:30:00,-0.0001714405638721982,0.8643687117113729,0.04798570031909977,0.006268130129206166,0.735126902170807
2020-12-03 14:30:00,0.0024988930732484614,0.8580776261300641,0.049805101500974946,0.0017590618099356803,0.7404384604554969
2020-12-04 14:30:00,0.007164344362693814,0.8616703707091067,0.05006052247015591,0.017301439145815795,0.7416665833960584
2020-12-07 14:30:00,-0.0017863871468156182,0.8726272932102233,0.05131048876292921,-0.006658050819010312,0.747575814426988
2020-12-08 14:30:00,0.0020094599588335654,0.8913752082216597,0.04080384729416486,0.009569875050927509,0.7373832115743051
2020-12-09 14:30:00,0.0008701370556739342,0.9000509888470063,0.03078150347580144,-0.0028682144192530012,0.7391368112444417
2020-12-10 14:30:00,0.0035304874398157764,0.8961291820396972,0.0345298565116926,0.0032896167078658354,0.738226069060473
2020-12-11 14:30:00,-0.008864457933451222,0.8942718555162152,0.036339983296492906,-0.012394310519140491,0.7379314904349353
2020-12-14 14:30:00,0.0012814465841832594,0.9008283077492736,0.034917899585141354,-0.004566375346360581,0.7410034634323006
2020-12-15 14:30:00,0.0049460429555685526,0.8984283167409641,0.03653057679403926,0.014740264327043784,0.7331435211516174
2020-12-16 14:30:00,-0.002184262612084499,0.9035317426605585,0.02482588344128589,-0.0051507587168361235,0.7380899012826446
2020-12-17 14:30:00,0.003094707400360386,0.8934011586340118,0.032632314178672184,0.013172588034027951,0.7307201280467929
2020-12-18 14:30:00,0.001968459183303491,0.901475066488554,0.012725147081616983,0.0027651650859786083,0.7408648374527499
2020-12-21 14:30:00,0.0024459638592663636,0.9019123113763653,0.015536952987366681,-0.006317291381809476,0.7271189135356075
2020-12-22 14:30:00,0.006603301703565739,0.8856336057089214,0.012246912954145261,0.004005193433000172,0.7263960074894978
2020-12-23 14:30:00,0.0047719354206406245,0.8781343406331252,0.016231637177354652,0.005405448737298831,0.7217957041976265
2020-12-24 14:30:00,-0.0024392743260759566,0.8808782177274657,0.014063095726776553,-8.511738861849416e-06,0.7091851831350193
2020-12-28 14:30:00,0.0010374112670887398,0.8549188902564192,0.029012461453972516,0.002498571327744633,0.7098076908900759
2020-12-29 14:30:00,-0.004779836529803801,0.8518529115823363,0.031240190974932913,-0.0016548397017737877,0.7156162180123372
2020-12-30 14:30:00,0.0009370418579463808,0.833151311265874,0.05747433826186776,0.0015608286235448965,0.6970215978219646
2020-12-31 14:30:00,0.00036810920991566746,0.8298425217437446,0.04784871201722607,0.00799493816798491,0.6925458777618654
2021-01-04 14:30:00,0.0012632693610772523,0.831379898637499,0.049580916551366205,-0.0022681994727511054,0.6828999814109061
2021-01-05 14:30:00,0.003268607454048702,0.8313489838515147,0.049716000465909405,0.009127708242277674,0.6779920523133312
2021-01-06 14:30:00,0.017741695093905434,0.8343554884111124,0.047920445835954895,0.03016163337247583,0.6910097954092015
2021-01-07 14:30:00,0.004056249546363022,0.8642025076951259,0.05644378320078347,0.01761581308075481,0.6999251853617109
2021-01-08 14:30:00,-0.002939810086723652,0.8681826879456604,0.06026570924721342,0.0013548452947462024,0.6901501809212217
2021-01-11 14:30:00,-0.0075712313892771135,0.8733270565700808,0.05724470566812678,-0.004046006885942662,0.6933455447867459
2021-01-12 14:30:00,0.00844545766577503,0.860452124541198,0.06989582491904844,-0.00028387828262806575,0.6858867858376266
2021-01-13 14:30:00,-0.004576200278669431,0.8556400985055791,0.07415691013280157,-0.00261660521122975,0.6714531741256028
2021-01-14 14:30:00,-0.004380587652017745,0.8570045098596413,0.07640649685035628,-0.004591832323153818,0.6577456108506841
2021-01-15 14:30:00,-0.00188165553861033,0.8713745882356531,0.06525962758041437,8.537372813218387e-05,0.6569919148499634
2021-01-19 14:30:00,-0.0017818767516871135,0.86761649053262,0.06918853328974306,0.005880945763828693,0.6571482896953976
2021-01-20 14:30:00,0.004298408255111355,0.8657134760239051,0.07302934810335737,0.009030684223641247,0.6549788387958443
2021-01-21 14:30:00,0.004061852424598002,0.8726315830092941,0.07272814278191841,-0.0016428306306583245,0.657985702533881
2021-01-22 14:30:00,0.0014807824082570965,0.871413330838879,0.06843278859908442,-0.0002972606206786595,0.6490914697303335
2021-01-25 14:30:00,-0.006159377750501855,0.8622131476983288,0.06621261397222244,0.0014743802151466756,0.6480465369534866
2021-01-26 14:30:00,-0.003780058029632597,0.8622923771511601,0.05719981886663539,-0.007990378457150523,0.5961602428406921
2021-01-27 14:30:00,-0.0005658434858718808,0.8398494187967265,0.06117679665781417,-0.026887541656317644,0.6384902374267858
2021-01-28 14:30:00,0.003979863198244159,0.8401755937832152,0.06333515461230055,0.015976633059710938,0.6401883219661345
2021-01-29 14:30:00,0.0036712991809081247,0.8499153299470888,0.05775943408885886,-0.003036032186074844,0.6342650463525096
2021-02-01 14:30:00,0.008379166360273247,0.8236746487855441,0.0657920273303737,0.014430222052307817,0.5922880723564795
2021-02-02 14:30:00,-0.0021254650572405656,0.7870267760734198,0.07089686431206688,0.0017317575566958565,0.5847176630289822
2021-02-03 14:30:00,0.007166922986514833,0.9514436555386203,0.10476931293631708,-0.0009631552182480426,0.5655660034207867
2021-02-04 14:30:00,-0.0025193031883471192,0.9345234190711715,0.1037721714318326,0.0024771040554784443,0.5737215374372914
2021-02-05 14:30:00,0.0002450314476294775,0.9314495385170865,0.1046960791988808,0.004518659782876762,0.5741343670760921
2021-02-08 14:30:00,0.0038370125537767535,0.9231860323078609,0.10544796700287618,0.009512712647062957,0.6029976770126595
2021-02-09 14:30:00,0.007031595707871582,0.9186000422116807,0.111294765154475,0.00701777305271963,0.6049879166706084
2021-02-10 14:30:00,-0.0017962140096701752,0.9210189552339988,0.10569233181396998,-0.0024964630956466984,0.6036298181859695
2021-02-11 14:30:00,0.005631613626463222,0.9152391559178531,0.10923125252662846,0.005947219358404254,0.592775437364956
2021-02-12 14:30:00,-0.00408279022012113,0.918636282582794,0.104213079761593,0.00183374831876922,0.5814873629888772
2021-02-16 14:30:00,-0.001401974944234545,0.9084451804119136,0.10854163784998605,-0.013135043702893423,0.5916162814744768
2021-02-17 14:30:00,-0.007635429088259227,0.9076071201304374,0.11227682810715922,-0.00396016326210354,0.5605164046136899
2021-02-18 14:30:00,-0.0026744025383572748,0.9030387430079785,0.11345813367506485,-0.011281845445211602,0.572077899224174
2021-02-19 14:30:00,0.006432801198031475,0.9069942831209976,0.11801738567736852,-0.002624000554429906,0.5681759606607469
2021-02-22 14:30:00,-0.005085727135834177,0.882239705363111,0.12334996815188393,-0.010874546639242403,0.5815966689843518
2021-02-23 14:30:00,0.003405058177160845,0.8864993526499345,0.13183274971253167,-0.0010271058986755326,0.5854336745693699
2021-02-24 14:30:00,0.004747849843313409,0.8831619753944123,0.12970499014054426,0.012822938348132048,0.58333608904937
2021-02-25 14:30:00,-0.011789933862549205,0.8821958920487571,0.1326577283365875,-0.026021290271933745,0.6107547212922568
2021-02-26 14:30:00,0.003895201362335837,0.9140104425003736,0.15785401100919305,-0.0027867435137653254,0.6173765317306905
2021-03-01 14:30:00,0.0005108269716043272,0.9065279411679732,0.16263143041325445,0.01630041669139981,0.6283822960390999
2021-03-02 14:30:00,0.0043302879945929795,0.9135188658114445,0.16143984304412018,-0.0033705913151566755,0.6289971202269916
2021-03-03 14:30:00,9.375100673906026e-05,0.9154397425981631,0.15602213452022184,-0.018836649232769065,0.648765119696663
2021-03-04 14:30:00,-0.0013200607159299486,0.9173572791939049,0.15651066813826242,-0.01869797887992708,0.6455936138869878
2021-03-05 14:30:00,0.00040884157700298365,0.9126676447937682,0.15665423458765182,0.022558416582627878,0.6619260559216852
2021-03-08 14:30:00,0.007469576360478201,0.9061047962887127,0.15841083093675568,0.0008414017988872166,0.6407707761201316
2021-03-09 14:30:00,-9.646620130060457e-05,0.9091066674366218,0.15204234352511048,0.0122907378526107,0.6454851122219948
2021-03-10 14:30:00,-0.00021588457690224728,0.9099048553770153,0.1526246058346693,0.0021731054721919976,0.6475313387929679
2021-03-11 14:30:00,0.0034976781621312864,0.9067652913927724,0.15481903301226418,0.014988137969963308,0.6535459281033767
2021-03-12 14:30:00,0.004494144148704084,0.8961962734031671,0.1594141268368866,0.005975929849125612,0.6453671857148048
2021-03-15 13:30:00,0.001224457572642756,0.888366890378084,0.16272061282141387,0.009247767285868994,0.6409140300934862
2021-03-16 13:30:00,-0.008289817863880788,0.877465339034158,0.16426655430788523,-0.011404265177357154,0.6423928495263155
2021-03-17 13:30:00,0.0016031030235511183,0.8737108974868459,0.1691574714384504,0.0003225171087323601,0.6335935772190521
2021-03-18 13:30:00,0.005498949415034547,0.871066583087307,0.16958225900481627,-0.004413050533114175,0.6325293587076882
2021-03-19 13:30:00,-0.002548485666249667,0.8765337986709031,0.16184759268291693,0.0058622299149794594,0.6320706496840373
2021-03-22 13:30:00,-0.00591278374156098,0.8737964014805022,0.15941896324840182,0.003989218262963316,0.6291734737902455
2021-03-23 13:30:00,0.004470145585064296,0.8688138393689911,0.1559857288255146,-0.01341501092203993,0.6394173649871359
2021-03-24 13:30:00,0.0035820097782593013,0.86626443586373,0.15017586947903616,-0.005119300677660643,0.6378179044560691
2021-03-25 13:30:00,0.0010051664701998756,0.8729813077365514,0.14514963132813552,0.008854959868792589,0.6366065309179261
2021-03-26 13:30:00,-0.0014032697502786868,0.8680364295573039,0.14787325236653737,0.012646224564232478,0.6353307408331967
2021-03-29 13:30:00,-0.002795070177286807,0.8612010621144827,0.14810776852083363,-0.0028659626854825593,0.6349727874388539
2021-03-30 13:30:00,0.0041776327029162,0.8534178675193151,0.15184923953631724,-0.002636254724430335,0.6339843947124003
2021-03-31 13:30:00,-0.002420674811553847,0.8362501578405739,0.15599521493159252,0.0058722021343485436,0.6350413676312595
2021-04-01 13:30:00,0.0015330668937882845,0.8408760792155585,0.15208433318321224,0.0005592007665694565,0.6356548228504701
2021-04-05 13:30:00,-0.00017628368764518402,0.8335979231303552,0.1535749749328963,0.007418403441452466,0.631134490248437
2021-04-06 13:30:00,0.003831887229393761,0.7871079708092465,0.151893097546629,-0.003167682955798723,0.6192564307395102
2021-04-07 13:30:00,-0.0023386052351830324,0.7845255768619542,0.14911681476797367,-0.007675534833516943,0.6277067987111642
2021-04-08 13:30:00,0.003144252484509287,0.7879490094480546,0.1505092059929879,0.005298453472252218,0.6272893212852141
2021-04-09 13:30:00,0.007551917033461003,0.7998538521765174,0.1481396809689609,0.013041962639829633,0.6417194731964995
2021-04-12 13:30:00,-0.00014520624428362777,0.8507717803402132,0.13656384842722735,-0.001997596136602516,0.6577559466352335
2021-04-13 13:30:00,-0.001209871914529437,0.8541695785069141,0.13608083646598135,0.004327125687493309,0.6496714881445019
2021-04-14 13:30:00,-0.0033670021071358375,0.8367374498190544,0.14374429830872015,0.00036481014259311567,0.6451621934968907
2021-04-15 13:30:00,0.0030534915045839044,0.8434064435612976,0.13968116312027978,0.018720236046043597,0.6533710034698813
2021-04-16 13:30:00,0.00046843950338840666,0.8581315843395252,0.13998992830255652,0.00484929591038985,0.6507450951211834
2021-04-19 13:30:00,-0.003774869854381746,0.8527288014596112,0.14059299213709509,-0.006588932293859595,0.6520647690190399
2021-04-20 13:30:00,-0.005201676441975535,0.8540493255592475,0.14487049202604196,-0.002381908698698809,0.6553512137308514
2021-04-21 13:30:00,0.002025885767817096,0.8489243371589004,0.14562454726125829,0.017132893886803686,0.6648864277804277
2021-04-22 13:30:00,0.004401540608914337,0.8552770709512626,0.15344554071494554,0.0026356637472038833,0.6616127680338274
2021-04-23 13:30:00,0.002957616603630554,0.8460523733266262,0.1550044202211439,0.00825872620318687,0.6372619629269378
2021-04-26 13:30:00,-0.0018971781925280146,0.8519174146807957,0.15435527450009834,0.0005656409376229762,0.6269806287673608
2021-04-27 13:30:00,8.734332134323602e-05,0.8425440490872531,0.15338499806834704,-0.0043353730538893505,0.6301115090439061
2021-04-28 13:30:00,0.0018294495246555956,0.8528260008040538,0.15167241431065448,-0.0003753079354413084,0.6380643996173846
2021-04-29 13:30:00,0.004916252387703698,0.854397403303466,0.14708146339810402,-0.0002265066034789672,0.644341689137412
2021-04-30 13:30:00,-0.0026650647184515977,0.8464221830104998,0.1499534467094079,-0.006732965922154037,0.6569308048081143
2021-05-03 13:30:00,-0.0020784244722902795,0.8664794912105122,0.15009997073015013,0.005986007791435026,0.6613219675141353
2021-05-04 13:30:00,0.004650110216297049,0.8577090574003403,0.15282754765007533,-0.00030584042719687216,0.6460235273136322
2021-05-05 13:30:00,-0.0035156927853521583,0.8621204224293244,0.14970818725968515,-0.004497433433627518,0.6470682615539874
2021-05-06 13:30:00,0.0014933816907469878,0.8617011618181272,0.1493245034875974,0.00035548458911149883,0.649144170893383
2021-05-07 13:30:00,0.004104686018028715,0.8590423741847963,0.15076982163582953,0.012489688383315064,0.6475015094780332
2021-05-10 13:30:00,-0.004241001015637798,0.8644890593237604,0.15159666533699634,-0.008644605884104761,0.6511280085836589
2021-05-11 13:30:00,-0.0037582642367103942,0.854380486315514,0.1580119916693451,-0.010393710009612792,0.6580104688017935
2021-05-12 13:30:00,-0.008881775528081387,0.8826184569624782,0.15224418658831518,-0.018405869329398028,0.6690708780340889
2021-05-13 13:30:00,-0.0010415705575928663,0.9109411717699831,0.14968287933825541,0.005212293374571815,0.6723100694101003
2021-05-14 13:30:00,-0.0013586672660458182,0.9122427734230797,0.15143212561905994,0.008735560283134122,0.6707930563504645
2021-05-17 13:30:00,-0.001369066482429741,0.9090580654240022,0.14900598872856896,-0.0034031786456383273,0.6751781915244481
2021-05-18 13:30:00,0.001515033951415842,0.9427701154000228,0.1424228140437711,0.0024396655295285305,0.6698446416911267
2021-05-19 13:30:00,0.0037836419560044947,0.9405463199569497,0.13976351715365887,-0.000269416413361571,0.669617231498212
2021-05-20 13:30:00,-0.0037744670927825907,0.9397772001935902,0.140253910794076,0.009018620179942852,0.6664147037259817
2021-05-21 13:30:00,0.0038394349933796017,0.9256446298187115,0.13749199419448543,0.0030184406554453203,0.6478909791182753
2021-05-24 13:30:00,0.0018889396801894756,0.8931896935630701,0.128580356065624,0.0019082831543072813,0.6453627329579574
2021-05-25 13:30:00,0.006948707689890704,0.908617072411315,0.12579397739385223,0.002668445852046508,0.6317947752434322
2021-05-26 13:30:00,0.004056810974348849,0.895721223449831,0.12448029007501571,0.0015650994509455174,0.6187861846255897
2021-05-27 13:30:00,0.002417256564663235,0.8843537625246526,0.13020943539622853,0.0021540410219422768,0.5894948435204245
2021-05-28 13:30:00,-0.0009133592315140144,0.872499289196951,0.1293147577940607,0.0019954254766548774,0.5620906013300412
2021-06-01 13:30:00,0.0036663058942107436,0.8529542642869248,0.12754497389383912,-0.011985430953743123,0.5264937220586534
2021-06-02 13:30:00,-0.004610358490849688,0.8188732196937688,0.1270118062240636,-0.005433274763104586,0.5605378146847545
2021-06-03 13:30:00,-0.0004105578602868903,0.8321810877383863,0.12999744324916057,0.0016367244188385903,0.5530994489597701
2021-06-04 13:30:00,-0.0003777337162403269,0.8306989628851833,0.12862277609170802,0.0022841358928891906,0.5488063959265846
2021-06-07 13:30:00,-0.00780422717654916,0.8302352860903217,0.12865276979300522,0.0011252364966382415,0.5184720691551978
2021-06-08 13:30:00,0.004974542827854133,0.8244099206976361,0.10992970681333203,0.003122527608192427,0.5237391112167438
2021-06-09 13:30:00,-0.008377599242433243,0.8134192249518413,0.1119064271483795,0.0005283512445714381,0.5075473095464464
2021-06-10 13:30:00,-0.0053771144497262585,0.7816083470996325,0.10945343083465187,0.009116377216290772,0.4954987123907048
2021-06-11 13:30:00,0.005038245768686446,0.7470830524562613,0.1046967401073905,-0.00046231481581212225,0.5026042165598653
2021-06-14 13:30:00,-0.0030612980920081433,0.7356511759756214,0.10449581750623427,-0.0017577113467718286,0.5116366849613685
2021-06-15 13:30:00,0.004250121309822576,0.7374789915393755,0.10683324705183002,0.0019464027867225713,0.5088748156558712
2021-06-16 13:30:00,-0.0016341560527636835,0.7376669965070136,0.10391717027585196,-0.0043489883303730785,0.5136370907999759
2021-06-17 13:30:00,0.0018562998565009878,0.7513395101850318,0.1055041945059193,0.008226198060179732,0.4956601953155099
2021-06-18 13:30:00,-0.0055023102125817454,0.7552660342543982,0.10604837246879262,-0.014762181899458734,0.5230333171113518
2021-06-21 13:30:00,0.0075853062148643555,0.7809578341165929,0.10929734365771326,0.01795889575958598,0.548709079802221
2021-06-22 13:30:00,0.005040750342943407,0.8054771159021697,0.10853989667074933,0.005890423282420325,0.5465472799843681
2021-06-23 13:30:00,0.0004779721890348426,0.815104100646193,0.1052462042556358,-0.0024165498790727304,0.5474835793856356
2021-06-24 13:30:00,-0.003775476861716574,0.8224835664616422,0.09899012252758982,0.002649180369576065,0.5460672254985792
2021-06-25 13:30:00,0.0009219593848312103,0.8344046702576928,0.09302211178154102,0.005664847655325822,0.5476229121279174
2021-06-28 13:30:00,0.0016927939073115939,0.8352456638069021,0.09316219335712553,0.002397582374299286,0.5512654656119645
2021-06-29 13:30:00,-0.0017174751954580829,0.8394281776280494,0.0913176356128946,-0.0021817639087173455,0.5464938291807285
2021-06-30 13:30:00,-0.00427906536333218,0.8382001390856916,0.09274258277578801,-0.005043398046659986,0.5563873553117006
2021-07-01 13:30:00,-0.0013326464455022946,0.8449707533265964,0.09655640929539006,0.00838477179719499,0.5598549762804041
2021-07-02 13:30:00,-0.0035499040154170543,0.8386242625568548,0.09024498841550033,0.003224356636075565,0.5588568509203993
2021-07-06 13:30:00,0.0007379883088479643,0.8269853630608848,0.09283391150984288,-0.002034490024237464,0.543348000453214
2021-07-07 13:30:00,-0.0009109945231780504,0.7995953895440294,0.10160678877485049,0.0024384930447656217,0.5405623674151163
2021-07-08 13:30:00,-0.0037833317462496697,0.797874372145831,0.10171247618439477,-0.007741691875872221,0.5663741741262353
2021-07-09 13:30:00,0.0024196528545866614,0.8084846469896937,0.10058389268264017,0.006634069789351586,0.5707944717124542
2021-07-12 13:30:00,0.004365029140870504,0.8068526033729486,0.10605753562802349,0.00437070152234494,0.5407480899701841
2021-07-13 13:30:00,-0.006465792033074321,0.7829687301796016,0.10149235224118869,-0.008888257056536508,0.542616652525394
2021-07-14 13:30:00,-0.007996736245151338,0.7839262437666545,0.10811791643136086,-0.011795965889924265,0.5489328431840665
2021-07-15 13:30:00,0.0008977993795728813,0.7854984729765492,0.11545560574717242,-0.0018574445788525074,0.548948101783052
2021-07-16 13:30:00,-0.002628133910697601,0.7900184914950363,0.11427969320185108,-0.00047256343139675155,0.513136554268467
2021-07-19 13:30:00,-0.0026251253317475486,0.7711215267256173,0.1063497621631817,-0.01054993129065455,0.5226676491737939
2021-07-20 13:30:00,0.008431715323261653,0.7953989259321987,0.10036334407920611,0.020442030626382612,0.5538149242782099
2021-07-21 13:30:00,0.0012697039150250853,0.8231826499815886,0.11142227629829554,0.0036391450054799046,0.5539361651233948
2021-07-22 13:30:00,-0.005073518306430516,0.8224881272024984,0.11301355514403155,-0.0009961747197074027,0.5358565427991473
2021-07-23 13:30:00,0.0006294794732266597,0.8079776516798474,0.11902103667267483,0.008595872229171983,0.5431580803904641
2021-07-26 13:30:00,-0.0013050754347169492,0.8162240691090377,0.11732307999469849,-0.008705592866237066,0.5626146388949287
2021-07-27 13:30:00,0.001994406565502309,0.8276158227584558,0.12050418260812235,0.004656200607374483,0.5593688001983984
2021-07-28 13:30:00,-0.007165508864558557,0.8275393168397371,0.11778462288149327,-8.375058740010359e-05,0.5590938656384341
2021-07-29 13:30:00,0.002933703074103582,0.8363262893968644,0.10178722372821009,0.003278307460416056,0.6003201564317068
2021-07-30 13:30:00,0.003543303024316072,0.8360714246409398,0.1059856869275323,0.0028129737053014248,0.597508836184996
2021-08-02 13:30:00,0.001714807244588272,0.8402674925190975,0.09828937111194763,0.0032736022540161094,0.5937617892641537
2021-08-03 13:30:00,-0.004710832317979536,0.8394367234807075,0.10000475450457304,0.007679245610319925,0.6031904528974857
2021-08-04 13:30:00,-0.003805152015516321,0.8091348895864268,0.09455237576601058,-0.007257669552285055,0.6085994514305576
2021-08-05 13:30:00,-0.009815808591537691,0.8242776616938806,0.07817018885100852,-0.010240261829293532,0.5826241071545616
2021-08-06 13:30:00,0.0016653289181603863,0.8450205656200643,0.05584924417455489,-3.257042581898221e-06,0.5423683038813559
2021-08-09 13:30:00,-0.006857335342424386,0.8010329407507483,0.051565852215712166,-0.0036870401315232115,0.5431810228700805
2021-08-10 13:30:00,-0.010475686647277903,0.7983910689612911,0.05037172039268534,-0.01274521005555751,0.5526358319901888
2021-08-11 13:30:00,0.004248022998930548,0.8110405093794051,0.04679633716407165,-0.004096162423381955,0.5578987308160204
2021-08-12 13:30:00,-0.0017469118291214211,0.7873170381909735,0.046519601987550965,0.004882816543282376,0.5589408991599151
2021-08-13 13:30:00,-0.006169193680351992,0.7857897638101632,0.045127122448024505,-0.002032649976836128,0.5551199783785791
2021-08-16 13:30:00,-0.0003541426303759771,0.7727744528002644,0.05608166230181165,0.007158538618788013,0.5514454196224036
2021-08-17 13:30:00,-0.0066828587089330285,0.7729110770818043,0.05492720472334367,0.0033246955104859386,0.5492330740645041
2021-08-18 13:30:00,-0.001131798566614644,0.7530478814406114,0.05144417015360629,-0.013449994883911668,0.5702280640646726
2021-08-19 13:30:00,0.00048454468447180037,0.7547296207452412,0.052634124323682197,0.0026379185811488126,0.5608246191431698
2021-08-20 13:30:00,0.006610521184376323,0.7653867863451874,0.054866386464331396,0.01255517674002952,0.5894059758941878
2021-08-23 13:30:00,-0.000546327776253339,0.7893887764753699,0.0588767472029732,0.0024482989473092833,0.5780175933790085
2021-08-24 13:30:00,0.007801595107403431,0.7961083438718315,0.05644839739196426,0.004999375975353122,0.5792646312579791
2021-08-25 13:30:00,0.0008973337299114263,0.7792263284585951,0.05781124665143813,-0.0005894439094776457,0.6082032367155956
2021-08-26 13:30:00,-0.001992765561998772,0.7926678560208437,0.05992090586420529,-0.0053666984905056765,0.6078139499137428
2021-08-27 13:30:00,0.008312084837026602,0.7893834376091085,0.061583263752583134,0.00908591963848182,0.6011766658114007
2021-08-30 13:30:00,0.002198654908489841,0.7728599005414066,0.07594083681125557,0.00633142888252151,0.6057343215255271
2021-08-31 13:30:00,0.003992239107128662,0.7772619480666442,0.07509043994286646,0.003649164777029368,0.61200568216224
2021-09-01 13:30:00,0.001877601993176979,0.7691143506834813,0.09110181847190352,0.0036413156546300693,0.6236980948788108
2021-09-02 13:30:00,0.004542379935821288,0.7781667353637121,0.09096569931142684,0.013861432767931984,0.639293298727973
2021-09-03 13:30:00,-0.001359027109248876,0.8162320142354409,0.09599475252987238,-0.0021085449638707323,0.645651904393957
2021-09-07 13:30:00,0.0018056101770955587,0.8515266633969054,0.09858079679642277,-0.003701269104160687,0.6460464917602516
2021-09-08 13:30:00,-0.0036265168214809672,0.8678772949939793,0.09769393196125133,-0.004858371558132402,0.6444570008607159
2021-09-09 13:30:00,0.007053010230133086,0.868830568707738,0.10027724890794049,-0.0025910749670129776,0.6356831171923613
2021-09-10 13:30:00,-0.005470370874354178,0.8280433384410902,0.11093777722367075,-0.013966189360622957,0.6462111868370503
2021-09-13 13:30:00,0.0053765983089077716,0.846227165017012,0.11259319247891339,-0.00038025935057831955,0.6038867445966358
2021-09-14 13:30:00,-0.003483897421668721,0.8261659884887264,0.11139372571208969,-0.005384872346333484,0.5664398137771264
2021-09-15 13:30:00,0.00011161508083790822,0.8048327235526831,0.113979013943587,0.006613759269758823,0.5413979377611077
2021-09-16 13:30:00,0.00019647450358717291,0.771135144255974,0.11150384229206006,-0.00128435806818424,0.537472218828027
2021-09-17 13:30:00,0.006076102189703482,0.7664052070161785,0.11468290327633374,0.008471605455068717,0.5422609866656894
2021-09-20 13:30:00,-0.0062351931121497305,0.7657759677472539,0.12029328941176652,-0.01795593377079241,0.5767496548572806
2021-09-21 13:30:00,8.12561350030062e-05,0.7931281085206985,0.13383357220610115,0.002839570776296707,0.5759745723249446
2021-09-22 13:30:00,0.0012972400169658962,0.7915881099150734,0.13357167335888398,0.0030027500757078274,0.5746650436571993
2021-09-23 13:30:00,-0.004436482656636974,0.7909990010746157,0.13476079681951914,0.0038025005368574525,0.5780721940375128
2021-09-24 13:30:00,-9.225787288420512e-05,0.7829469191492003,0.13045836672131064,-0.0059297455205836,0.5799991569176701
2021-09-27 13:30:00,0.005537435181386677,0.7802081497431594,0.12971255188410663,-0.0040439653652109,0.5301137642214702
2021-09-28 13:30:00,-0.002731350497304455,0.7474261380318843,0.1372626598577179,-0.01988197960202424,0.5665431277789423
2021-09-29 13:30:00,-0.0005125235041598137,0.7668308308688955,0.13847850457093636,0.003256889478451782,0.572052009002408
2021-09-30 13:30:00,-0.004611273691192651,0.7659227180249225,0.14106446236434111,-0.013911254586312446,0.5851996733810093
2021-10-01 13:30:00,0.0018680072151381474,0.7828681556427641,0.13964194814315678,0.002563701482001246,0.5816652358608878
2021-10-04 13:30:00,-0.0016469848452745003,0.7754358188507743,0.1418636744085171,-0.016778651226641832,0.601595381584703
2021-10-05 13:30:00,-0.0019195358884755297,0.7791579723136876,0.14107759168705902,0.003176013702011001,0.6008034854805806
2021-10-06 13:30:00,0.0008088128470671706,0.7697894939674002,0.1459646471320588,-0.0021418110793690235,0.5969536676816213
2021-10-07 13:30:00,0.0003549100184844379,0.771405179808831,0.14024509063977442,0.012444199649383073,0.6002160620936122
2021-10-08 13:30:00,-0.000158270669496168,0.779615738450185,0.1285599033690935,-0.004556844271853137,0.599384229049624
2021-10-11 13:30:00,-0.0062428097727529695,0.7806821351181039,0.12839107889648815,-0.011676034270909278,0.612950142862361
2021-10-12 13:30:00,0.005307700015962011,0.7976736750189781,0.12453128113208103,0.0019864246551209255,0.6070226303441603
2021-10-13 13:30:00,-0.0031938524538111476,0.7816682129303479,0.128132844112314,-0.001535282816237049,0.5778467282220178
2021-10-14 13:30:00,0.0032787836287032305,0.7533011802921612,0.11851919658143889,0.01606125322011313,0.5953332041758225
2021-10-15 13:30:00,0.0037327997628896162,0.7673436983322037,0.11970484409293924,0.005626597876349522,0.609969474322776
2021-10-18 13:30:00,0.00012390587664647644,0.7889948709782229,0.10872807258981687,-0.007508811109246394,0.6083612039283847
2021-10-19 13:30:00,0.002955577105997592,0.7840340541767068,0.10957399937702555,0.014339883638757156,0.6188288503714351
2021-10-20 13:30:00,0.006800257596844793,0.7946493333381218,0.10853025339475209,0.017786236183016113,0.6349383114754992
2021-10-21 13:30:00,0.006183205259019676,0.8216057482209164,0.10463984876424703,0.010009661994497895,0.6419022304812089
2021-10-22 13:30:00,-0.0012850182798425807,0.8249468431470737,0.12158157377200762,0.0023828446291713026,0.6401283538553212
2021-10-25 13:30:00,-0.005657208920882796,0.8188124277377767,0.12580895510385331,-0.004449646993087623,0.6420916015437292
2021-10-26 13:30:00,-0.0034590159995857347,0.8137101087267169,0.12976263460612358,0.00015670565511631077,0.6409374164241368
2021-10-27 13:30:00,-0.00041423366867735303,0.808136629660407,0.13083378912933574,-0.00870773632376524,0.6433798699682827
2021-10-28 13:30:00,0.0018139236098717263,0.8257448178608312,0.1305100983946394,0.012942796681696104,0.6300990332105727
2021-10-29 13:30:00,0.0007701712997132092,0.8232255745808865,0.13477719552513157,0.0073304993982020355,0.6495097868777404
2021-11-01 13:30:00,0.000264188071201309,0.7854713260364247,0.17240870504753725,0.005927896822047825,0.642988906131923
2021-11-02 13:30:00,-0.013156746913203654,0.7833678480482429,0.17689414084449862,-0.005953907591946583,0.6377279322932458
2021-11-03 13:30:00,0.010082210719620465,0.7743172440994983,0.16863202996151083,0.018343189244084773,0.6222666779164886
2021-11-04 13:30:00,0.002191893848517948,0.777377418048635,0.1755885906092013,-0.004382473994858582,0.6200124892664337
2021-11-05 13:30:00,0.009672186217577702,0.7862901034071682,0.1752827042793449,-0.0015928241449319664,0.6098596110769733
2021-11-08 14:30:00,0.0039060965883930716,0.7675843036275746,0.17147773987917603,0.007412646777315309,0.616866896543291
2021-11-09 14:30:00,0.000196808429793964,0.787524030636915,0.16157849875841912,-0.005017993309809121,0.619846217860087
2021-11-10 14:30:00,-0.0021487344604373087,0.7809594707010175,0.16517300844488203,-0.0030533569661910973,0.6273902579338791
2021-11-11 14:30:00,0.001984128226219375,0.8035301931662882,0.1731585668006721,-0.00019793629065171606,0.6141522189049543
2021-11-12 14:30:00,0.0008050194682026153,0.8064104405127182,0.17378633256600018,0.005118667444804492,0.622439032603781
2021-11-15 14:30:00,0.0017030009692315488,0.7984642485531345,0.17933275515449898,-0.007005345447546385,0.6197189109745481
2021-11-16 14:30:00,-0.0004145374561308826,0.7972023318135637,0.17391658585684688,0.0038130399276009586,0.6203509730954703
2021-11-17 14:30:00,-0.002210689469189581,0.7736655773886761,0.2023772360253736,-0.0036781918463090943,0.6215074718507548
2021-11-18 14:30:00,-0.00860957962836628,0.7780780020754601,0.2039432247072961,-0.009496469490402245,0.6236613748097899
2021-11-19 14:30:00,-0.007607137652708992,0.7703310075807356,0.21045204702455733,-0.012787748473485258,0.6180134420162521
2021-11-22 14:30:00,0.0022464977870602504,0.784717249539398,0.2078845488574017,-0.005795917625275204,0.6191502403373356
2021-11-23 14:30:00,-0.005747659585291719,0.7961383324743575,0.19284694718186868,-0.0047440857522309905,0.6122195268026073
2021-11-24 14:30:00,0.0005204497013541456,0.789322864896073,0.19351705312037026,0.0013088365727198514,0.6113002619010851
2021-11-26 14:30:00,-0.01170445254644909,0.7928350871637604,0.19047333484947415,-0.019825405694062253,0.624387137612753
2021-11-29 14:30:00,0.001373561422190136,0.7818485546374674,0.2165569910344306,0.0002981750683765198,0.6106279145451523
2021-11-30 14:30:00,-0.012063622307281183,0.7749275221635654,0.21329742636682325,-0.02502764659995745,0.6454800658979084
2021-12-01 14:30:00,-0.002467777599838742,0.8583293622346422,0.18485729310744525,-0.01057163117611041,0.6439350231831917
2021-12-02 14:30:00,0.008090217430877643,0.8585538526153496,0.1906524226200218,0.016415782021588665,0.6596653736675281
2021-12-03 14:30:00,-0.0016605457878856606,0.8623254824379547,0.20321117709129322,-0.009009689699590337,0.6631752713079467
2021-12-06 14:30:00,0.01311648976018102,0.8850862024792701,0.20044091999963143,0.01823195631986933,0.6743646833704179
2021-12-07 14:30:00,-0.0031690959386386323,0.8981633244809542,0.1998011132285814,0.018363733570984902,0.7110914085959386
2021-12-08 14:30:00,0.0002678556886489582,0.9062942516788866,0.19028505935325168,0.009821389185364163,0.7319697218949841
2021-12-09 14:30:00,-0.00021532602979400413,0.9084527377550574,0.18862412292532083,-0.006047286478193414,0.726387446983945
2021-12-10 14:30:00,0.005571305289613345,0.9098890793567487,0.189492587525537,0.00559013382659231,0.7239409133429907
2021-12-13 14:30:00,-0.010208506805734072,0.9203634691614881,0.18378560016996837,-3.514710961760592e-05,0.7195044943401473
2021-12-14 14:30:00,-0.0016943782757849538,0.900339120303827,0.17720102914628222,-0.008586039210420301,0.692087343881802
2021-12-15 14:30:00,-0.008235002123233397,0.8953689235225504,0.17504125818522986,0.017530958796761437,0.7033287660213329
2021-12-16 14:30:00,-0.009391862639590878,0.8668772258979472,0.1636931611881488,-0.008646609456211651,0.70095084449824
2021-12-17 14:30:00,0.006038647863345404,0.8416348312891873,0.1777907075924431,0.008652247620985007,0.6940839891612981
2021-12-20 14:30:00,-0.00741378420091176,0.8199532692359661,0.19895619773668805,-0.012069631131057376,0.6985467259815805
2021-12-21 14:30:00,0.013914309511197575,0.8354418998365652,0.19718653192880542,0.01874693894767998,0.7292394293240437
2021-12-22 14:30:00,0.003563104161619632,0.8749772213102289,0.19330000539516867,0.013672618366226649,0.7206131883334143
2021-12-23 14:30:00,0.0002598236685650889,0.8943719782289953,0.19304874928877236,0.006751147276204443,0.7211984731181512
2021-12-27 14:30:00,0.0032588825832496364,0.895376194352005,0.19307382580382448,0.007726448343517249,0.7166408069292989
2021-12-28 14:30:00,0.0030358896354637957,0.896065261239767,0.18945365926472457,-0.002543624716488576,0.7142375178001248
2021-12-29 14:30:00,-0.0018073543837141062,0.8947727622787093,0.18706623919251375,0.002514330515539509,0.7052522537915421
2021-12-30 14:30:00,0.0012379751621014066,0.899748376451575,0.18807747961902177,0.003920071915162045,0.7084839676200443
2021-12-31 14:30:00,0.0015066736409201816,0.9026011779149778,0.18862226506215057,-0.004453080995181713,0.7127492913700451
2022-01-03 14:30:00,0.004541060677913415,0.9012401094354053,0.18871793358586958,0.0011318924497102367,0.7046631614270308
2022-01-04 14:30:00,0.0027220388227511584,0.8850426640720365,0.19751831219137728,-0.015937653703489613,0.7168311373457236
2022-01-05 14:30:00,-0.0023096925415599136,0.8763354768664224,0.19470026907637605,-0.019268687783830323,0.7213931050237736
2022-01-06 14:30:00,-0.012517717087600315,0.8590362825606013,0.20261115574169808,-0.022510135276839833,0.7115007901730435
2022-01-07 14:30:00,-0.003669326490065657,0.9234386797700092,0.1933469575273239,-0.012449359275861918,0.716761229888366
2022-01-10 14:30:00,-0.002690397699852437,0.9277834629593429,0.19580910302202326,0.007124481424954032,0.7141614313338067
2022-01-11 14:30:00,0.0066001009938377875,0.92193476448456,0.19617848297810003,0.015362477730488896,0.7208054207857023
2022-01-12 14:30:00,9.283566949198734e-05,0.9270435248657468,0.20030517579607365,-0.008893136705658536,0.7120734818714548
2022-01-13 14:30:00,0.00518788888109869,0.9334184635940701,0.20133606845931473,-0.014320874993236607,0.7098766778079756
2022-01-14 14:30:00,-0.007423561116744195,0.9077969952512969,0.19986553114531425,-0.004109176451953744,0.700372929487567
2022-01-18 14:30:00,-0.0027344648839363224,0.8940386121660073,0.19452511920633553,-0.026827570339268452,0.71850629904608
2022-01-19 14:30:00,-0.0014975766006316837,0.8944458651745422,0.19679507814537067,-0.007275044771588764,0.7167753669086606
2022-01-20 14:30:00,0.007412336032482699,0.8967060882448775,0.19698112832859216,-0.0016687130460595334,0.7140440061613814
2022-01-21 14:30:00,-0.0009226265898758107,0.884434767959209,0.19666391223528978,-0.013997121923682077,0.7207018159035238
2022-01-24 14:30:00,0.009838761558168811,0.8910713785933392,0.1963216798491435,0.01141495875249062,0.7101862019908666
2022-01-25 14:30:00,-0.0134274341274664,0.8735751937435483,0.20727555291533872,-0.020689115375299567,0.7239017029744578
2022-01-26 14:30:00,-0.0008451235508533991,0.8989086163926905,0.20672068747445838,-0.009591996188344018,0.7238640629736189
2022-01-27 14:30:00,-0.0007872462766026879,0.8953679495503386,0.20757328288283217,-0.007923475465681914,0.7222311945206382
2022-01-28 14:30:00,-0.004278174008326627,0.8930368548648904,0.20930587764537856,0.02146426689060325,0.7400399647735941
2022-01-31 14:30:00,0.003259368133373172,0.89228481439209,0.2124425949813118,0.020020205599175094,0.7502807346979073
2022-02-01 14:30:00,-0.0037562998592917114,0.8835403725521592,0.21265620330460144,0.0020368724913101635,0.7477382512579843
2022-02-02 14:30:00,0.0022524028732242313,0.890051971072182,0.20988407903816197,0.007394305392630122,0.749886798658412
2022-02-03 14:30:00,0.007344758988759664,0.9376798085905071,0.2053146916060279,-0.0020505770965539107,0.7462388829574934
2022-02-04 14:30:00,-0.0009853269667831328,0.9267650362259788,0.2023063549052797,-0.0012819466652592333,0.7454157527654818
2022-02-07 14:30:00,-0.0077022106230469865,0.9290187358777837,0.20219921751116998,-0.003838549936375483,0.7442596597781322
2022-02-08 14:30:00,0.014921094746818967,0.9413984950049887,0.19443788644451354,0.021973044432817,0.755395049515704
2022-02-09 14:30:00,-0.00191429438147378,0.9799586763781098,0.19040297336648115,0.014516586837354684,0.7545525259403297
2022-02-10 14:30:00,0.010727661659402579,0.9786600771196884,0.18870479533799378,-0.010215393439347001,0.7541609657489715
2022-02-11 14:30:00,-6.518991347764791e-05,0.943495035607425,0.18727726933763322,-0.01514238006789074,0.7583866043060411
2022-02-14 14:30:00,0.0009287855265141375,0.9430933260131424,0.18744222090072127,-0.01179341253306739,0.7604318893030597
2022-02-15 14:30:00,0.0035875634074199886,0.9420609437787815,0.18674439480503868,0.021973352418963588,0.7666328595769397
2022-02-16 14:30:00,0.0028644092127018544,0.9500010341887277,0.18939018162828203,0.0023615422005135076,0.7719975319084159
2022-02-17 14:30:00,-0.005728287330953343,0.9417820598371608,0.1902011015158246,-0.028993865916028632,0.7876018987689783
2022-02-18 14:30:00,-0.002513901964912692,0.9582688241865861,0.1939245119025138,-0.01228539952501003,0.7950494879785683
2022-02-22 14:30:00,5.3973213565557294e-05,0.9630967112691524,0.19445370083903057,-0.0039078230128498275,0.7894828755363652
2022-02-23 14:30:00,0.005484124731639791,0.9632547148781202,0.1943009454550757,-0.007206533488069951,0.7894086500872785
2022-02-24 14:30:00,0.007758888959164004,0.9636881480993713,0.18458284431964123,0.020101659514982106,0.7908294387219615
2022-02-25 14:30:00,-0.0002559755828123837,0.9594612534923428,0.19298996020286452,0.03085304594058839,0.7957669541749958
2022-02-28 14:30:00,0.0038382847774693137,0.9113964425968062,0.2026165424149886,-0.002984250086296547,0.796823455557352
2022-03-01 14:30:00,0.00391022648274083,0.9068004083863421,0.20196752929219264,-0.0027772777144448035,0.7935876557211351
2022-03-02 14:30:00,-0.0007506291473399346,0.9016394540545069,0.19859855746300303,0.013366123771244501,0.795155257756094
2022-03-03 14:30:00,0.0005216970011559446,0.9020593217654507,0.19604496876696986,-0.0007316382924472306,0.7915702616928965
2022-03-04 14:30:00,0.003962376526302136,0.888837409486279,0.19703826097859733,0.002157909514272157,0.7839390750727282
2022-03-07 14:30:00,-0.006177458456510205,0.8990614401798449,0.19756027579098623,-0.022178747746299392,0.7880471691056997
2022-03-08 14:30:00,0.0018761156491683278,0.9230664477516477,0.19381153061272494,-0.015685409622226087,0.7791223057441821
2022-03-09 14:30:00,0.0013741086692288552,0.9178810451047376,0.19454105660140875,0.028222774346463735,0.7937886034969531
2022-03-10 14:30:00,-0.004076372382180837,0.9140310008000629,0.19784355660161212,-0.005457166656050523,0.7932779440946889
2022-03-11 14:30:00,-0.0037602456374871383,0.9299215291574374,0.1983563948930417,-0.018301457628865,0.8075622476778322
2022-03-14 13:30:00,-0.011192199574884116,0.9307002852396128,0.20094861712071732,-0.01303130063713768,0.7979201145756466
2022-03-15 13:30:00,0.0036325557781886654,0.9330274286977789,0.22163003643482915,0.025496147489951326,0.8121868690973303
2022-03-16 13:30:00,0.0013444837707090943,0.9582760353439115,0.21494836319262112,0.023118144365917786,0.8190601733186452
2022-03-17 13:30:00,-0.0030005245890217837,0.9709648016290184,0.20843990692711523,0.020507435081469644,0.8225948620671395
2022-03-18 13:30:00,-0.004815551062786075,0.956130144362867,0.20845510834860292,0.007135110223281653,0.8180553245232631
2022-03-21 13:30:00,-0.00155456678857322,0.9501716578356966,0.2028761629502044,-0.009190423774721975,0.8163112863840443
2022-03-22 13:30:00,0.0006814961309537394,0.9436544478112242,0.2050197547922863,0.008235647502546314,0.8142032042026699
2022-03-23 13:30:00,-9.311890456317057e-05,0.9433466247812909,0.205528054701555,-0.022264081126081654,0.8154787257700691
2022-03-24 13:30:00,-0.0024200304929479135,0.9365903708455439,0.2081456239570565,0.013183928282358556,0.8186849453174135
2022-03-25 13:30:00,0.002906237989655188,0.9323748496040323,0.20847589155117363,0.0023527669860190135,0.8170898589328423
2022-03-28 13:30:00,0.0022678525633049312,0.9391902768695906,0.2061401507631616,0.009297838524467306,0.8169118604378056
2022-03-29 13:30:00,0.003711711206990171,0.9415547596630982,0.20576965486589094,0.018076007472978883,0.8123287403126228
2022-03-30 13:30:00,0.00020856559988830046,0.9411131262190515,0.20911984931161987,-0.004366533907712171,0.8126055769036894
2022-03-31 13:30:00,0.0006715059936036692,0.9536119289039757,0.20419492211147727,-0.010435677519539555,0.807059599325699
2022-04-01 13:30:00,-0.0018706482739108809,0.9580132235081822,0.20567464638754207,0.01341646890908558,0.8074209398926099
2022-04-04 13:30:00,-0.008127902533050771,0.9584046723560679,0.202555311567994,-0.009963907740057879,0.8242762267017983
2022-04-05 13:30:00,-0.003992159163397794,0.9542978290551123,0.1982675215360188,-0.007830804989175174,0.8177072191137155
2022-04-06 13:30:00,-0.011541841888550614,0.9477517626283907,0.20030788442704128,0.0030662687674550084,0.8108495195474367
2022-04-07 13:30:00,-0.002930543640782492,0.9223276502794174,0.20427452042078564,0.012844193167334947,0.8069292404183726
2022-04-08 13:30:00,0.00027563945298079615,0.905738437969683,0.20636492042109889,0.0010319478283297527,0.8082140037053304
2022-04-11 13:30:00,0.005482453532349257,0.9061627054581445,0.20632527161231695,-0.019432708022366702,0.8098078645080031
2022-04-12 13:30:00,0.007687188686828387,0.9022348336384133,0.20576479804116388,-0.0014787348487869112,0.8063690264804256
2022-04-13 13:30:00,-0.002744212758130882,0.880531758329538,0.2133994129599568,0.009557465955288466,0.8002698015129089
2022-04-14 13:30:00,0.001960586841023737,0.8797445842216566,0.20867863213793508,-0.008363878487139894,0.8029453335404831
2022-04-18 13:30:00,0.005562928184728824,0.8784662373456488,0.2075252173802049,-0.014014995189366775,0.806436217886432
2022-04-19 13:30:00,0.009046224554881683,0.8805615424118016,0.2044989547549162,0.01993041802931021,0.8045956021945564
2022-04-20 13:30:00,0.004031040401629344,0.888353885481437,0.20502686714451973,0.01642868943122955,0.811090657179209
2022-04-21 13:30:00,-0.000977915694077583,0.9086149187338978,0.1974320587642877,-0.019470089510590077,0.8101367465951027
2022-04-22 13:30:00,-0.013328946261292413,0.8945852483141761,0.1991457938045279,-0.04919670827000836,0.8352861475787211
2022-04-25 13:30:00,-0.0011956664375054344,0.9599588209593339,0.19084689835282176,0.009403361470351701,0.8358088710610998
2022-04-26 13:30:00,-0.0007064760794006503,0.9623738720005903,0.18802500687914925,-0.028904362270571544,0.8399840754106839
2022-04-27 13:30:00,-0.003193029297474997,0.972740452404202,0.19085039403844584,-0.0072432681573855184,0.8391328667694867
2022-04-28 13:30:00,-0.005474028976045155,0.97623517131021,0.1863164985478616,0.008658130675368062,0.8409898836083177
2022-04-29 13:30:00,0.0010378308749725423,0.9659788807003464,0.18903529256878226,-0.029666048543895207,0.8538990288092657
2022-05-02 13:30:00,-0.0021053453345275205,0.9624244908352777,0.1895515774601323,-0.0005147174216603526,0.8543404619807734
2022-05-03 13:30:00,-0.0034373160826203543,0.965935563306872,0.19025352252141026,-0.00020510505198164294,0.8544572051237798
2022-05-04 13:30:00,0.004084271575991172,0.9640651132395188,0.19065200238124125,0.029751944644862343,0.8611031451599405
2022-05-05 13:30:00,-0.00013196175354302647,0.9647721683353903,0.1969584853290054,-0.030735103978147233,0.8651207091319592
2022-05-06 13:30:00,0.002418875030623267,0.9488596144444522,0.20092316368837915,-0.010690245140323648,0.8614758328944779
2022-05-09 13:30:00,-0.002325519663544391,0.9503699744573942,0.20046680182518684,-0.04339564558295983,0.8732936692046464
2022-05-10 13:30:00,-0.011853284558387028,0.965920338788109,0.20436584900829435,0.0021572852658795862,0.8733979150957606
2022-05-11 13:30:00,0.0030599252305883035,0.980541041883499,0.1902622267096834,-0.017174922116440894,0.8720559784813992
2022-05-12 13:30:00,-0.0023511647677760296,0.986024980520756,0.18579288338317557,0.013405587655147322,0.8705550083920205
2022-05-13 13:30:00,0.007803988141659897,0.9849943447965654,0.18219149292881665,0.02861118645371641,0.8748214403888017
2022-05-16 13:30:00,-0.007461423102383273,0.9812011997346836,0.19084118038890419,-0.0006027105781878742,0.8698366483774352
2022-05-17 13:30:00,0.002374102649558174,0.9698094946087936,0.19030074570290045,0.02403836556739858,0.8707807660353463
2022-05-18 13:30:00,-0.0008624485131892359,0.9694832708410307,0.1920171568155411,-0.03553403741852242,0.8760361401428276
2022-05-19 13:30:00,0.0016405516169684413,0.970553277798534,0.19211610453959127,0.008095461581226612,0.876212824798393
2022-05-20 13:30:00,-0.005182377634675007,0.9674294860121858,0.1966642758716014,0.009223480796938096,0.8770084554736188
2022-05-23 13:30:00,-0.002223481888331667,0.9701185330274243,0.1893719896713718,0.005786429254966159,0.8725412190169175
2022-05-24 13:30:00,-0.001984962832211521,0.9677458955666746,0.18985315360604793,-0.006518498126804458,0.8708603003009107
2022-05-25 13:30:00,0.0048980243702113225,0.972112983659084,0.18922162829331046,0.0055283408218216685,0.8687391505516416
2022-05-26 13:30:00,0.0009660752320258675,0.9735273804781214,0.18995627737111043,0.0071943757690031696,0.868778950646434
2022-05-27 13:30:00,-0.0024652145864441505,0.9757099046920804,0.1899574066230305,0.021012412851229678,0.8712063915736863
2022-05-31 13:30:00,0.004722734519204189,0.9728215979326038,0.18989109102562285,-0.01444104826720971,0.8701943468990295
2022-06-01 13:30:00,-0.0030310544034055573,0.9604202168221989,0.1921145826873215,-0.020322618565970174,0.8704154278623942
2022-06-02 13:30:00,0.010936601865709768,0.9523779555348008,0.1945592342010355,0.02203591820206241,0.8792506468335716
2022-06-03 13:30:00,-0.014076373016839692,0.969012705610071,0.19365672682126,-0.018565591236663497,0.8769379533547643
2022-06-06 13:30:00,0.005823963512442269,1.0103385711764832,0.1763119712892376,0.0009533422471817247,0.8783866509799351
2022-06-07 13:30:00,-0.011597069025774833,1.0160107487241352,0.17259279182992426,0.010159833958400958,0.8772374478781303
2022-06-08 13:30:00,-0.003868716358785951,1.0139646358595904,0.16359405581076047,-0.010511538029664425,0.8819263476908072
2022-06-09 13:30:00,0.007916647603271803,1.050408810750254,0.14769428518006888,-0.021781474036223176,0.8806286594521006
2022-06-10 13:30:00,0.011840726666495395,1.0237566041683075,0.14849357689312837,-0.0114409540387956,0.8790966554288668
2022-06-13 13:30:00,0.001261854236412438,1.0127225189239486,0.14040600574527762,-0.03717605713476513,0.8824080762647233
2022-06-14 13:30:00,-0.002268260475687709,1.0085364300299577,0.14039007973804563,-0.011660250227253513,0.8809261654062324
2022-06-15 13:30:00,-0.001118416331157777,1.0108771544296462,0.14093591737766087,0.014135757668850038,0.8833753279620646
2022-06-16 13:30:00,-0.006031913865891386,1.014612755380202,0.13840118234428345,-0.024552323295122802,0.8872132617631169
2022-06-17 13:30:00,0.0014904815464721732,1.0253405419227124,0.1352338067174491,0.008587299727660072,0.8840740470779652
2022-06-21 13:30:00,-0.016475793957096974,1.0214434493379387,0.13798674670266708,0.015961656232015953,0.8766999547177731
2022-06-22 13:30:00,-0.00253631629467568,0.9798802841170108,0.14015685862019567,0.014573228646592717,0.8793613501695158
2022-06-23 13:30:00,-0.0029933210707199405,0.9747222851972661,0.14137189064883915,0.02762863109077555,0.8835764599261436
2022-06-24 13:30:00,7.630539812252327e-05,0.9692434374084854,0.14101565228116664,0.01770334277730205,0.8886920576866904
2022-06-27 13:30:00,-0.0008665091344013387,0.9767755938440081,0.13490291858695347,0.002307105175335167,0.8893651048013792
2022-06-28 13:30:00,0.0030220077875150915,0.9784509651502891,0.13408815111026118,-0.018813689107369802,0.8928546528005108
2022-06-29 13:30:00,-0.0032180325886816278,0.9754136023636784,0.13323826079652867,0.006610489456187733,0.8916032513071416
2022-06-30 13:30:00,-0.010830995246614373,0.9740795206058238,0.13226302113327604,-0.013965977158437245,0.8902921853759852
2022-07-01 13:30:00,0.009645880181961336,0.9628668202716439,0.13795447229531332,0.024674158717914896,0.895465776080786
2022-07-05 13:30:00,0.002400468622209913,0.974349994061013,0.13788925430305865,0.004782244247191351,0.893602919731995
2022-07-06 13:30:00,-0.003964379441781805,0.9891966524019216,0.13686640954468177,0.0027443909890216833,0.8942485750049615
2022-07-07 13:30:00,0.010731354357510759,1.0000852985004143,0.13345064021705066,0.019005159625175905,0.892744661269525
2022-07-08 13:30:00,-0.0008065023747126023,0.9976526644877403,0.13821788822252246,0.0037848369182648853,0.8919682703125297
2022-07-11 13:30:00,-0.00608826168382802,1.0065902078207363,0.13815027988761486,-0.014748576372314267,0.8924267924864105
2022-07-12 13:30:00,0.004452970675645676,1.0105502474824584,0.1402682265649573,-0.0063593773987690545,0.8884164702526659
2022-07-13 13:30:00,-0.0012354604359897945,0.9977602190593724,0.14454375926137542,-0.008503556120592651,0.8871886485029569
2022-07-14 13:30:00,0.0034518536551501225,0.9978951743842133,0.14491857185204535,-0.002786905027702883,0.8865244803762975
2022-07-15 13:30:00,0.0037681336250597088,0.9988870545962283,0.14629170448704717,0.029778793470283338,0.8884188949035323
2022-07-18 13:30:00,0.009793138036037138,1.0031824251907775,0.1444712969662051,-0.016008160752243317,0.8906100647948102
2022-07-19 13:30:00,0.0043355384816737425,0.9786026039195207,0.1465512809855058,0.02761367438488353,0.8927542237384163
2022-07-20 13:30:00,0.004747364877134534,0.9834928792004881,0.14721145835173888,-0.0028803515445853614,0.8746033167158905
2022-07-21 13:30:00,0.008698478507302132,0.9200524850645545,0.16224792512124508,0.02263704871206877,0.8720805137594022
2022-07-22 13:30:00,0.003666106229894983,0.9447785370016157,0.15522464341312492,-0.006736323197383561,0.8648886802537897
2022-07-25 13:30:00,-0.0020119588332267084,0.9482055460037704,0.14990965857517946,0.0034374363116085327,0.8642600424605676
2022-07-26 13:30:00,-0.0030715145088284633,0.9472554521271519,0.14957007404000666,0.0024566050461410547,0.8650127532599701
2022-07-27 13:30:00,0.0017822690583281786,0.9553203990863992,0.14753698985031594,0.011564811677158579,0.8575497893011265
2022-07-28 13:30:00,0.0013374526250778344,0.954140229695797,0.14822108637648024,0.0058098132297122644,0.8574766268945145
2022-07-29 13:30:00,0.003610552051224756,0.9550459214336553,0.14798064648463127,-0.0020101557738695743,0.8555262632557592
2022-08-01 13:30:00,0.008885059870927223,0.9571438948589359,0.14653107423475187,-0.001197561455525668,0.8484085039384487
2022-08-02 13:30:00,0.0071278131220500664,0.9383887604744238,0.1471450504255415,0.0065673726714101655,0.8413358549759219
2022-08-03 13:30:00,-0.0029682494290759944,0.9255301621383375,0.14858608363200865,0.011164595880549374,0.8446383620063744
2022-08-04 13:30:00,-0.01297234739527514,0.9265562965824248,0.14620502642493205,-0.009441871274320205,0.8272142211797103
2022-08-05 13:30:00,0.00499494719301363,0.9566323412045129,0.11849390800252868,0.009426465588343222,0.8259803628459933
2022-08-08 13:30:00,0.00042371176548950014,0.9392040681900861,0.13069448001777062,0.004890034214117415,0.8245276781223331
2022-08-09 13:30:00,-0.00615343588000208,0.9433509151869578,0.1268855723867166,-0.013260631673360149,0.8233900372129641
2022-08-10 13:30:00,0.01883110647775856,0.9369205235992031,0.13323258400483007,0.033434783052966134,0.8084701640224544
2022-08-11 13:30:00,0.0002483759449365668,0.9529120694295445,0.12858982785527773,-0.009996782612237206,0.8056093654624483
2022-08-12 13:30:00,0.0010269076407854391,0.9648931412042951,0.12487642448231073,0.017513779059041685,0.8057377232495675
2022-08-15 13:30:00,-0.005995746263233172,0.9620754529828368,0.12255847973453915,0.0002917046529061403,0.7918812390996228
2022-08-16 13:30:00,-0.006300724926033681,0.9459124880085885,0.1200972345267256,-0.01201276502461468,0.7904244700159877
2022-08-17 13:30:00,-0.004805010547725731,0.9425936455502899,0.1240456583936641,-0.014080633481797037,0.7945667064828843
2022-08-18 13:30:00,0.002761070784209328,0.9488047391516281,0.1266687313295919,-0.0024330680899615023,0.7968502367878161
2022-08-19 13:30:00,-0.008725858755829163,0.9528621889800647,0.1248956048912484,-0.008386725146623308,0.7958110915184505
2022-08-22 13:30:00,0.0069639676130584995,0.9515722706277451,0.12504184906226679,-0.007412787295378198,0.7895245828745203
2022-08-23 13:30:00,0.0010325075106215904,0.9416481895421227,0.12499183365658373,-0.009412666037751852,0.7888378261978269
2022-08-24 13:30:00,0.003601808533578369,0.9391968102699296,0.12557730906831277,0.007409954831976225,0.7853844327090584
2022-08-25 13:30:00,0.004291086710832313,0.9377629458249905,0.12678453875553874,0.014278016865918971,0.7875192893752168
2022-08-26 13:30:00,-0.00330234085778653,0.9477486256706774,0.12524042009582081,-0.03578920174894155,0.7990482936341577
2022-08-29 13:30:00,0.003754545296307887,0.950290898565056,0.12631220491307515,-0.00449395194794359,0.7973123247893961
2022-08-30 13:30:00,-0.002690582179319191,0.9388341040790577,0.12491445588715011,-0.010209298628030475,0.7936187010362367
2022-08-31 13:30:00,0.0016521494784626249,0.8973607769697846,0.14319022890311284,-0.00303132786025051,0.7936288784814441
2022-09-01 13:30:00,-0.016158789686261256,0.8890464674394585,0.14798330508565194,0.001667276987591726,0.7886902123708835
2022-09-02 13:30:00,0.005317408042188252,0.8561428749957865,0.15845391924837238,-0.010286704114131573,0.7886289817780491
2022-09-06 13:30:00,-0.00031570998216899583,0.8408218048742039,0.16063782453829212,-0.0040936873148307296,0.7824231517206955
2022-09-07 13:30:00,0.006692856311921291,0.8468312166981757,0.16242969593683998,0.027390388835894102,0.7897372686038203
2022-09-08 13:30:00,-6.714028319240381e-05,0.8617316394199209,0.17302066613051814,0.020277290414519495,0.77356807761512
2022-09-09 13:30:00,0.002847150199774563,0.8554464202371534,0.17200419959257995,0.011546930341715575,0.773388412145683
2022-09-12 13:30:00,0.0045104183726720525,0.8513057669355464,0.17261136035544866,0.011499526456105746,0.7722061711744187
2022-09-13 13:30:00,0.0036112311507422445,0.8553174112477112,0.1725831145913711,-0.033480695426368556,0.7795279557262592
2022-09-14 13:30:00,-0.005442776186339338,0.8327625277991078,0.16930938556503117,-0.00307220002089111,0.780618406279246
2022-09-15 13:30:00,-0.0017672537451732858,0.831940070190703,0.17002159711024223,0.005097998131143311,0.7795492203683896
2022-09-16 13:30:00,-0.0032302896247420783,0.8765728094277804,0.1679003840581491,-0.011406321382976814,0.7789968314208485
2022-09-19 13:30:00,0.003959858096344536,0.876354325509886,0.17242752714603093,-0.0029156625403328196,0.7677378957090979
2022-09-20 13:30:00,-0.0017139561932305591,0.880795810678472,0.17522713952215418,-0.012549990775800065,0.7687830415014624
2022-09-21 13:30:00,0.003979209071563225,0.8850104791148083,0.17446108445581165,-0.01678795777214359,0.7743380175852729
2022-09-22 13:30:00,-0.01474414214488002,0.8815852460100353,0.17252609242558659,-0.012341786037309621,0.7706139408961145
2022-09-23 13:30:00,-0.0027029644560905546,0.8574381957836007,0.18478749773225844,-0.010489464892063519,0.7710994452241193
2022-09-26 13:30:00,0.004463203935918231,0.8623118949806479,0.18587541194830426,-0.007613026506640974,0.7711586196535208
2022-09-27 13:30:00,-0.008195609772666618,0.8596522973619659,0.18254665056499425,-0.005559010631431309,0.7621233071879784
2022-09-28 13:30:00,-0.0036457045898848246,0.8640681345615666,0.16964833352268216,0.023992130033873533,0.7807619722323652
2022-09-29 13:30:00,0.0021199658914180953,0.8534407495369455,0.16810512880919404,-0.009891502617955647,0.7826271543171254
2022-09-30 13:30:00,-0.003201288863019203,0.8587549553634586,0.16568544317899553,-0.01405322294857192,0.7887076746738818
2022-10-03 13:30:00,0.007348495361892596,0.8741100238623228,0.15412241312369754,0.026602453204982817,0.7991999568380219
2022-10-04 13:30:00,0.002902534032063569,0.8991505333146872,0.14948484477805596,0.029425289767638807,0.8118386243747159
2022-10-05 13:30:00,-0.00401618066998714,0.9170873155341345,0.13977623253015603,-0.0015261812749961152,0.8147488615129613
2022-10-06 13:30:00,0.0002141073268989973,0.9212682186883516,0.138200607371482,-0.01154784459293782,0.8183572641424676
2022-10-07 13:30:00,-0.0020699016588891297,0.9153955952351158,0.1408576548226116,-0.02751711874878604,0.8198784422924864
2022-10-10 13:30:00,-0.0012229073036730594,0.9171302727704361,0.14438347049636946,-0.009628918298245822,0.8145914956388162
2022-10-11 13:30:00,-0.0030277116902166774,0.8937777024486702,0.15024737037825103,0.0029397646740451457,0.8115726966861353
2022-10-12 13:30:00,-0.003992709415457399,0.9091850826040745,0.15083075920368902,-0.007617151740854866,0.8025862543567728
2022-10-13 13:30:00,-0.005029980667266256,0.9085857961788013,0.14440298023664144,0.01865167533852537,0.816093383310562
2022-10-14 13:30:00,-0.007760589320512518,0.9010739708706053,0.14282920196483007,-0.017841875669947178,0.8193669633521005
2022-10-17 13:30:00,-0.0017159531535831628,0.8633570786013653,0.1595908787615129,0.01805684016693358,0.8245230784279064
2022-10-18 13:30:00,0.002445744144559672,0.853869803236778,0.165481360692892,0.00797282985575006,0.8262973751984585
2022-10-19 13:30:00,0.0035303710302818335,0.8579900942884011,0.1646123134255677,-0.016526238718576097,0.8277228374185807
2022-10-20 13:30:00,0.0043022691134259414,0.8614161351704579,0.15928216179980187,-0.00381861672456818,0.819147188743004
2022-10-21 13:30:00,-0.016994808768209368,0.8554672969569762,0.1590979802797189,0.00661783184175276,0.8160071973755043
2022-10-24 13:30:00,-0.0009428412337819138,0.7990320796938589,0.1666701994633425,0.013703260051508273,0.8187300028547346
2022-10-25 13:30:00,0.008376379256350633,0.7962048554945209,0.16917663138023603,0.01895301592716218,0.8249421724226478
2022-10-26 13:30:00,0.0010990873510677585,0.7963005285988971,0.17915612627612632,0.012901370718238233,0.826420448657008
2022-10-27 13:30:00,-0.00522534241724485,0.8115182799731164,0.17201328163362062,-0.011607199879993516,0.8285345602377637
2022-10-28 13:30:00,-0.0038490713712174204,0.8113532791958634,0.17518273625479863,0.01566702892461443,0.8326417171678498
2022-10-31 13:30:00,0.006039643908709365,0.7272493079592286,0.22324992692045986,0.0011464017270121547,0.8343522087380087
2022-11-01 13:30:00,0.0018220771367648569,0.7410909788497505,0.21349315794425305,0.004009999045059868,0.8318789942343603
2022-11-02 13:30:00,-0.004491526732343803,0.7391684810253911,0.21483566851349334,-0.021322031400840952,0.8335809598413272
2022-11-03 13:30:00,-0.007833398951083845,0.7558736399712576,0.2073952339923245,-0.012422560759946114,0.8510881816598124
2022-11-04 13:30:00,-0.0017381553122671086,0.7723936027811038,0.1832240914167187,0.0014324698984055824,0.8461668745061174
2022-11-07 14:30:00,-0.00014223247477651406,0.7686290457219034,0.18642182050663192,0.006125558554856525,0.8438609731367892
2022-11-08 14:30:00,-0.00870834057012282,0.7722262170387765,0.18207494067043806,-0.0031506953000094797,0.841858910406052
2022-11-09 14:30:00,-0.004841426522925961,0.7709867735742408,0.1818782985795352,-0.01919670943324488,0.8437395010761161
2022-11-10 14:30:00,0.007928137022442931,0.7759109039562868,0.18044672108064674,0.04148187201991719,0.8483081903804767
2022-11-11 14:30:00,0.0035796189810143857,0.7685116717056029,0.19901058124800552,-0.0019021493916365761,0.8284586782708553
2022-11-14 14:30:00,-0.010158983093314606,0.7510089820594873,0.20859749937763494,-0.011180146795429521,0.8343241771562683
2022-11-15 14:30:00,0.006105814657429169,0.7550666016400923,0.20629566484577133,0.004602743446381896,0.8387765798584005
2022-11-16 14:30:00,-0.0065936567266944215,0.7647788864251098,0.2047000770188643,-0.012699926084878355,0.8353015973559317
2022-11-17 14:30:00,-0.008064794050863928,0.7403753150589876,0.21924933090083598,-0.010954658654072191,0.8369328729595872
2022-11-18 14:30:00,0.004611897589152496,0.7409804992874724,0.2192051037196885,0.014863515018084398,0.8349032858951562
2022-11-21 14:30:00,-0.002766220517911812,0.7320784123171933,0.22407032042916197,-0.00559289183464821,0.8205518242670227
2022-11-22 14:30:00,-0.002261480604370339,0.7214376901387176,0.22438282402971327,0.0070983741193525835,0.8211047230524161
2022-11-23 14:30:00,0.007716954877818257,0.7249430139733056,0.22414555777214576,0.01068268604448678,0.8220443264123611
2022-11-25 14:30:00,0.002344543252957061,0.7279760770059674,0.22261542012667346,0.006834413112258113,0.8220553671037588
2022-11-28 14:30:00,-0.00538311983019958,0.7342320048999669,0.22011869146184085,-0.014726231812501323,0.8278108941927993
2022-11-29 14:30:00,0.002391877984909332,0.7608896861807735,0.2206862505426903,0.0014058261579625124,0.8264851148295875
2022-11-30 14:30:00,0.0023934492601529397,0.7691396865140367,0.22148981849144309,0.030826838856361727,0.8362103536100888
2022-12-01 14:30:00,0.0006606637860109414,0.7666365340602586,0.22834228051857353,0.0014194398376872937,0.825421110528143
2022-12-02 14:30:00,-0.00440569504145118,0.771034605156819,0.21911126419800298,0.004362267490547578,0.8188696020668841
2022-12-05 14:30:00,0.0008630754729762411,0.7787475186140935,0.21237462625294093,-0.013494639957384017,0.8188658041450281
2022-12-06 14:30:00,0.001283752722097341,0.7737860072449029,0.2116362036240741,-0.010432825314117414,0.8165947300703859
2022-12-07 14:30:00,-0.001519375485195343,0.7708344097102793,0.20963083192415333,0.006121125987269253,0.8027566814801403
2022-12-08 14:30:00,-0.0006090357081309367,0.7886293639782701,0.20905377839462502,0.007770853336599881,0.8050202941120922
2022-12-09 14:30:00,0.004956598909386068,0.7830258068303529,0.21267095243296916,-0.010415475532616939,0.8156837409869846
2022-12-12 14:30:00,-0.00408869544509082,0.7733722337660671,0.21224898328660935,0.009487956132775274,0.8152339560771152
2022-12-13 14:30:00,-0.0013674727184728877,0.7754911386166431,0.208422764558961,0.004321757959957188,0.8109758275240163
2022-12-14 14:30:00,-0.003572783985208736,0.7792295376980043,0.20880260875513404,-0.001666353026209914,0.8078741797914208
2022-12-15 14:30:00,-0.003337419544082409,0.774496362717984,0.2101618764854286,-0.02361543807664142,0.8125629429696469
2022-12-16 14:30:00,0.0005123536186261782,0.7877177332544548,0.2118977263984277,-0.01023369025345322,0.8103078448065957
2022-12-19 14:30:00,-0.0016093258989666338,0.8079271098122908,0.19966735475422603,-0.008720174536387256,0.8096568494812092
2022-12-20 14:30:00,-0.002921106587352894,0.807728752519986,0.1991694423914574,0.0006158031478944818,0.8089960801421904
2022-12-21 14:30:00,-0.00023267403824946652,0.8163223847078103,0.19867420268324798,0.014941813332461548,0.8115702048942337
2022-12-22 14:30:00,-0.0033315929870983635,0.7856167580777784,0.21669274723938775,-0.0037975906518790494,0.8076642089557424
2022-12-23 14:30:00,0.0018871992026364159,0.789356617828921,0.22043380752566408,-0.002812187967470773,0.8072323062845429
2022-12-27 14:30:00,0.0037289625663809393,0.7948423371816943,0.2200902446943396,-0.004682602961327387,0.8029551648528076
2022-12-28 14:30:00,-0.002348041255827709,0.7858792487556034,0.21953607656456275,-0.006631877390728458,0.7930254689451576
2022-12-29 14:30:00,-0.0006954491318776103,0.742917998771801,0.2321279773365477,0.01753151458802534,0.7809598320547361
2022-12-30 14:30:00,-0.0004749052406272504,0.7295976911226809,0.23193318960761106,-0.001039036046239931,0.7810694149362787
2023-01-03 14:30:00,-0.0009296428699856899,0.7301393593749453,0.23166588707679592,-0.007128626059131449,0.7754268708728164
2023-01-04 14:30:00,-5.2697204654152986e-05,0.7248926032437581,0.2333402004280142,0.006767823357123004,0.7572440484405223
2023-01-05 14:30:00,-0.0038548037101353502,0.7199962965578033,0.23402837917457722,-0.013247711688606315,0.7569759404983113
2023-01-06 14:30:00,-0.00039636703839080085,0.7281858577667029,0.23242769487103315,0.008122988263615424,0.7558935155073879
2023-01-09 14:30:00,0.01581376890752942,0.7300633092750953,0.2323379462665236,-0.001681931683098788,0.7503369275226116
2023-01-10 14:30:00,0.0035377295166613663,0.6632824232996807,0.24254957436948976,0.01600085465678373,0.7386214837634745
2023-01-11 14:30:00,0.00023680534604268808,0.6633523432057968,0.2462630399897149,0.006341921489768125,0.7303275787876434
2023-01-12 14:30:00,-0.005516564716738148,0.6662599763420702,0.23987875740555842,0.0024291927568051244,0.7215833193910982
2023-01-13 14:30:00,0.006794612793046894,0.6940374132977731,0.2264181150581253,0.009779364192649428,0.7196256319643829
2023-01-17 14:30:00,0.006226394051201165,0.6989491486179633,0.22415354668516496,0.00037402287413705143,0.7139532227408815
2023-01-18 14:30:00,-0.0005656058815621031,0.6952474440513671,0.23019115665216022,-0.013225763922268633,0.7323923822285776
2023-01-19 14:30:00,0.0022088874735651954,0.7043727755291312,0.22843252641254097,0.0015344759907139904,0.7333819502084022
2023-01-20 14:30:00,0.0009549787564317909,0.77656980020604,0.220354697085974,0.01031105826039854,0.7352428094572923
2023-01-23 14:30:00,0.0046041583339143256,0.7759835749812034,0.22141428668746677,0.007702563838918319,0.7289490781219982
2023-01-24 14:30:00,-0.013964324815866291,0.7815649846541268,0.21347336581321963,-0.015075282243502705,0.7321256295398912
2023-01-25 14:30:00,0.0018519038570468816,0.8371955124726445,0.18927988589090605,0.0022729986335754773,0.7244626734968014
2023-01-26 14:30:00,0.005024067415483169,0.8344212001142017,0.18779801129278673,0.005931658525006804,0.7210653601937471
2023-01-27 14:30:00,0.004402787033528412,0.8511408669394533,0.1877660428191099,0.00030820266843278876,0.7194097239326176
2023-01-30 14:30:00,0.004434672518114972,0.8274650946953516,0.19968322604261768,-0.008154445260387111,0.7235438536368927
2023-01-31 14:30:00,0.004627490574602187,0.8255030428387338,0.195240704933747,0.019321337348357098,0.721210544354935
2023-02-01 14:30:00,0.0066265202891197614,0.8245828719556147,0.19623455978743942,0.012376174661391884,0.7210076750507809
2023-02-02 14:30:00,0.0018276897117398534,0.8229196889225208,0.19606216267324195,0.0011107499531342786,0.705553834992182
2023-02-03 14:30:00,-0.004659975904820155,0.8219299032614955,0.19677465916795978,-0.010449221590382122,0.7103742910410892
2023-02-06 14:30:00,-0.009416652161289563,0.822613874677238,0.19959678754561738,-0.015527924313363547,0.7183391228501389
2023-02-07 14:30:00,0.004942357304985294,0.8440894789646325,0.1995642356703915,0.011759104435602538,0.7159020762075828
2023-02-08 14:30:00,0.008406546212343153,0.8510193881025896,0.19360099996130697,-0.000801663156790496,0.6644807842260633
2023-02-09 14:30:00,-0.0020575199412249546,0.8542569920356067,0.16495981104615243,-0.011622622656858797,0.6874373161874526
2023-02-10 14:30:00,-0.0005933212972365539,0.8935397116765763,0.15237689535829935,0.007016449339481608,0.6836016325327744
2023-02-13 14:30:00,-0.0027747460258084377,0.9028782782505738,0.14608526020247414,0.004619334122837697,0.6926012991996092
2023-02-14 14:30:00,0.0011232074780630455,0.8938022479504738,0.14930493023300784,-0.0036042191603036975,0.6978433845404016
2023-02-15 14:30:00,0.011711269847563247,0.9142511761995255,0.13290865526452955,0.007446306566341043,0.6933354050038808
2023-02-16 14:30:00,0.010069343822878558,0.902727299172287,0.13065622317609593,-0.0009069894689414845,0.6818645142352695
2023-02-17 14:30:00,-0.007499134020017497,0.8728414105627006,0.13125521778528482,0.0034505192047145825,0.6826925066739152
2023-02-21 14:30:00,-0.005193741663807816,0.8719372237732346,0.11942526492534566,-0.022034934185554578,0.7012795476390705
2023-02-22 14:30:00,0.00357487503982474,0.8788886947970838,0.13103190609179283,0.0019679710412499793,0.6956608421915588
2023-02-23 14:30:00,-0.000501605810764258,0.8613724913680839,0.13677955315973822,0.0015586333844689697,0.6957129323553416
2023-02-24 14:30:00,0.0011894374039682805,0.857002881008446,0.13805771606950212,-0.013177383242235904,0.6954703471733187
2023-02-27 14:30:00,0.0012724149804664094,0.8510729462469931,0.13437703985313038,-0.00022192560056962426,0.6953698741869495
2023-02-28 14:30:00,0.0006483652547876412,0.8525437593059311,0.13381250078408574,-0.004500000105499742,0.6457401900238757
2023-03-01 14:30:00,-0.0051497591796262855,0.8317718525631375,0.13155963335779933,-0.0061262769286859475,0.6544396579039004
2023-03-02 14:30:00,-0.0002443928146739914,0.8361156613254863,0.12954292866944445,0.003832353141708785,0.6479272436778962
2023-03-03 14:30:00,0.0037297682493242206,0.8290718891435381,0.13509656505190085,0.014928702128797378,0.6563791635658456
2023-03-06 14:30:00,-0.011299810441581268,0.839297796446345,0.1317209785637769,-0.013927347804857937,0.6525659616009812
2023-03-07 14:30:00,-0.0008966469667643171,0.8172961804845583,0.14561430954558569,-0.01424073695744077,0.6601815390285767
2023-03-08 14:30:00,0.0025534852501221754,0.8314107234855405,0.14294707125194633,-0.003360125503352592,0.6618947796474337
2023-03-09 14:30:00,-0.0037999199724501817,0.8346409622738624,0.1415517523605743,-0.016611926710087932,0.664271381582013
2023-03-10 14:30:00,-0.005925262896591026,0.8437152967764013,0.14980867992394267,-0.017973174009054182,0.672055669385769
2023-03-13 13:30:00,-0.010705447012669326,0.8466920855007333,0.1650509220968152,0.0020048089875013644,0.6747161460668253
2023-03-14 13:30:00,0.0010855682239793874,0.8283320696013464,0.15521301244270752,0.010821514072735757,0.6805091817521234
2023-03-15 13:30:00,-0.002739221531596503,0.8336551230459646,0.1551782459466059,-0.0053887190109836265,0.656707370772231
2023-03-16 13:30:00,0.009873439778004374,0.8115003009785356,0.15611742716230625,0.017814026716031457,0.6708086601500843
2023-03-17 13:30:00,-0.0013098396649136312,0.8532119650061993,0.14810443555393396,-0.015559682876538306,0.6822144611942385
2023-03-20 13:30:00,-0.0016357336106241887,0.8608307633382768,0.14543730175895914,0.009807006471122722,0.6840383026633297
2023-03-21 13:30:00,0.013244776863302549,0.8463875770085166,0.15057852289269447,0.016887598804223563,0.6841161321795769
2023-03-22 13:30:00,0.0003388349797946409,0.8900994284693177,0.13603085049709052,-0.0182820471167164,0.695855266582098
2023-03-23 13:30:00,-0.008497573707457835,0.8893362692006191,0.13782092181651406,-0.00908222579905064,0.6931232486362325
2023-03-24 13:30:00,-0.0013491139615978455,0.9023348641381314,0.1297746922550359,0.011982676526871053,0.6999201157073319
2023-03-27 13:30:00,0.004979838536479259,0.8911087306681262,0.13264353130178747,0.009978525901539248,0.7001349687249543
2023-03-28 13:30:00,-0.003493522346061478,0.8894226820369746,0.13564229562684843,-0.009756160629530183,0.6932614676515568
2023-03-29 13:30:00,-0.0021468007826773374,0.8948719508278065,0.13289333376099932,0.003656337988859152,0.6944102993905915
2023-03-30 13:30:00,0.0009340958401640536,0.898287059152417,0.12815593479500575,0.0030284499556761935,0.6953771320212981
2023-03-31 13:30:00,0.00016141445625452236,0.901216282824215,0.12481145659368331,0.012374745714942645,0.7175567340288885
2023-04-03 13:30:00,-0.0013483429402347934,0.9007846852282346,0.12317460955371617,0.010114567705524732,0.6934414835814101
2023-04-04 13:30:00,0.0023514132523576384,0.884588806390719,0.12457892933342452,7.767529074631518e-05,0.6929533660498274
2023-04-05 13:30:00,-0.002870835786202475,0.8919484731946125,0.12216338661581205,0.012218204401078866,0.6931877812881179
2023-04-06 13:30:00,-0.004255527836526947,0.9306979663271916,0.13003591805676462,0.0006206996808019541,0.6985664694923438
2023-04-10 13:30:00,0.005571758739598295,0.9315629465123292,0.11875658027387914,0.003831398270844851,0.697414470187759
2023-04-11 13:30:00,0.00753612333508358,0.9339996059435266,0.11633267379894907,0.011801414420689863,0.7031740238464312
2023-04-12 13:30:00,-0.004520541053482052,0.9357789476525662,0.12025270977905234,-0.005539559459580475,0.701410317932368
2023-04-13 13:30:00,-0.004797584770875005,0.9238950286954686,0.12509652745871158,0.01276685856008782,0.7077283637490464
2023-04-14 13:30:00,-0.0009071701082062778,0.9261535712873491,0.11567425438679868,-0.01015465220153644,0.7007399263599302
2023-04-17 13:30:00,-0.0025562915979936134,0.9327393632498024,0.11540735498598975,0.002053725103118076,0.7012887714518331
2023-04-18 13:30:00,0.00353382016021189,0.9430209786656538,0.10760236101927634,-0.003575873810361433,0.698663102080857
2023-04-19 13:30:00,-0.0026828943307202514,0.9369405868456375,0.1047707857914919,0.0015076469004702646,0.6358417302978578
2023-04-20 13:30:00,-0.0009815514950164365,0.9328579548045017,0.10347530090136481,-0.006985772936641266,0.6319398144904191
2023-04-21 13:30:00,0.004329420245349828,0.8874288580133912,0.12517971875409484,0.01287876495472758,0.6357220772309186
2023-04-24 13:30:00,0.0021243781614308475,0.8898610064721272,0.12849221838107128,0.005453858967318241,0.6324827332350149
2023-04-25 13:30:00,-0.0020501939512451977,0.8918953762425308,0.12748187274202594,-0.0134593513571033,0.6385403301291904
2023-04-26 13:30:00,0.005249926037781525,0.9153817211708448,0.12070555053960719,-0.008763198380394447,0.6397526033833519
2023-04-27 13:30:00,0.008390162075484747,0.8963988700639276,0.12717269986797564,0.012204769571631635,0.6340268789654027
2023-04-28 13:30:00,-0.00438274915261377,0.9014297318778729,0.11872204044399703,0.0054199763885819,0.6359289813374026
2023-05-01 13:30:00,-0.004015385584666371,0.8905580397122845,0.11370461596523662,0.0032377986438556863,0.6648966855565023
2023-05-02 13:30:00,-0.012579543750546908,0.9144041804536722,0.09775737268912421,-0.0193182241426972,0.6632522618508089
2023-05-03 13:30:00,-0.004963090335408195,0.9065770914485446,0.1105086035383468,-0.0013608474374335138,0.6530236976287744
2023-05-04 13:30:00,-0.005022907062492422,0.9109754195239123,0.0984147766839476,-0.011347586264925972,0.6531714085283503
2023-05-05 13:30:00,0.009381871141919634,0.9186367892543232,0.09293154328395625,0.019187630390000415,0.664357171844152
2023-05-08 13:30:00,0.0025381674944180157,0.9262012196448662,0.10659882413118227,5.332447728082871e-05,0.6712862815906323
2023-05-09 13:30:00,0.0004389995872196052,0.9208696364092064,0.10626287524711045,-0.004571625917276445,0.6674198835634013
2023-05-10 13:30:00,-0.0012903746501877937,0.9214618623004294,0.10626995815591578,0.0029789797247752325,0.666649709546682
2023-05-11 13:30:00,7.245407528828126e-05,0.929750582366469,0.10362404609523002,-0.004306245420034845,0.6689318926657774
2023-05-12 13:30:00,-9.41779274259793e-05,0.9339929122292963,0.10221616090248331,-0.002053504916337453,0.6692068677973962
2023-05-15 13:30:00,0.0009266221651310802,0.9581961228185192,0.09572449668959793,0.0016349819549322797,0.6793517989328614
2023-05-16 13:30:00,0.0006091469652398027,0.9809020184948336,0.09923921474971553,-0.010424046361421654,0.6828568215754821
2023-05-17 13:30:00,0.006298621525157531,0.9898821905247372,0.10287287469921125,0.008368033187315197,0.6552455678759058
2023-05-18 13:30:00,0.0002974574141911012,0.9835790884552941,0.09810947981333806,-0.003260648325758971,0.6566798755884262
2023-05-19 13:30:00,-0.003569338351421374,0.9930288556404756,0.09377334140481353,0.0017736600099358402,0.656708982136508
2023-05-22 13:30:00,0.00022734269495895817,0.9901543001205105,0.09330812422871104,0.0035029995846844,0.64893554670233
2023-05-23 13:30:00,-0.0053863302051098474,0.9963294322801675,0.09535823996719694,-0.01627994010612051,0.6508175989072661
2023-05-24 13:30:00,0.0009198041263026435,1.020246585296289,0.09013261284467489,-0.007816250830417629,0.6577388518166706
2023-05-25 13:30:00,0.000984054406612079,1.028426491169466,0.086127915296899,-0.011779292615912854,0.6622703111632678
2023-05-26 13:30:00,0.001921868284919364,1.0219054135148018,0.0861653166589954,0.000626344675780377,0.6699325676450162
2023-05-30 13:30:00,-6.142271118036308e-05,1.0220254061324414,0.0865652730258577,-0.007593641238499223,0.6632988673861436
2023-05-31 13:30:00,-0.0018072345636828925,1.0127728394392719,0.0866071620741064,0.007715427046315189,0.6674233673252471
2023-06-01 13:30:00,0.00640310629671911,1.0237542881318964,0.07504026166702282,0.014167697938031631,0.6672720143617119
2023-06-02 13:30:00,0.00393229697969923,1.0510570100555094,0.07323817554667078,0.018572719774042474,0.672730799914127
2023-06-05 13:30:00,-0.0015741417577372452,1.0708354031781644,0.07318392317259437,0.0025245033902897194,0.6645618295182231
2023-06-06 13:30:00,0.0062273870302473585,1.0641171949140142,0.06974446764769071,-0.0015065500392111852,0.6410251376908326
2023-06-07 13:30:00,0.002470156769002048,1.0358047037470277,0.06521120025225624,-0.001536134599231372,0.6463626227562244
2023-06-08 13:30:00,-0.004240611443934152,1.044235188772996,0.076243971187262,0.002390407220876911,0.6433161600786095
2023-06-09 13:30:00,-0.002810210721124423,1.033059698182814,0.07902764713411725,-4.4695546132104504e-05,0.6393632600377216
2023-06-12 13:30:00,0.000393503244574548,1.030561062175068,0.07792342608740699,0.004951976046114304,0.6247645180470659
2023-06-13 13:30:00,0.0024187611349650888,1.0039407298869985,0.08319387434850722,0.009001990287948866,0.6122691031714941
2023-06-14 13:30:00,-0.006880648084320354,1.0021447495690685,0.08429923782510762,-0.018416920150148768,0.5457428579862774
2023-06-15 13:30:00,-0.0014273464024825728,1.0398221456606636,0.08341459422854514,0.014986843140605796,0.5446907114780154
2023-06-16 13:30:00,-0.0015229639710414187,0.9962522556320276,0.099345111651708,-0.003291418059524598,0.5181101807725444
2023-06-20 13:30:00,0.0006697529192662272,0.9974901397106923,0.10227391290970012,-0.0004829834746287916,0.5145653837533539
2023-06-21 13:30:00,0.002452088802126289,0.9856291157642912,0.10633811884318212,0.0020194505027761136,0.5015867216797795
2023-06-22 13:30:00,-0.0018067190435281134,0.9987078657948866,0.1033221469984209,0.004350772769037503,0.49752738133905056
2023-06-23 13:30:00,-0.00044536090199743996,0.9887852194757407,0.10385682285850018,-0.005493491790218186,0.4917992085930183
2023-06-26 13:30:00,0.007521376853044378,0.9823625383039363,0.10382014373103532,-0.00043853238397306704,0.4911032698396407
2023-06-27 13:30:00,0.007701228841862008,0.9746377713715357,0.09721310097401037,0.005181294759184607,0.4880825117150715
2023-06-28 13:30:00,0.003392622713296444,0.9694851797557575,0.09582838846862107,0.001508247121993563,0.47542389086177916
2023-06-29 13:30:00,0.003341137125189437,0.9626204567266197,0.09916275740210123,0.008003480592111497,0.4962418155450776
2023-06-30 13:30:00,-0.0011063862799744646,0.9834392044177371,0.09397077293335732,0.00965865180879962,0.5041464090320144
2023-07-03 13:30:00,-0.0017462979963604377,0.9758179749438617,0.0964522884768767,-0.010061168976829368,0.5082142504606721
2023-07-05 13:30:00,-0.00464116909815141,1.0235649836152045,0.08759949493889885,-0.005111386222687364,0.5097537805660858
2023-07-06 13:30:00,0.001491482151709007,1.0231397597735254,0.0920423255365086,-0.008104199410103763,0.5179495486449865
2023-07-07 13:30:00,0.008753431255209328,1.0169794085447605,0.09510070018412409,-0.0030201813587700612,0.5085218946876028
2023-07-10 13:30:00,0.0021950985369841077,0.9673373526061412,0.1003521759629703,0.012850181547163627,0.5223857656299642
2023-07-11 13:30:00,0.004188108260250853,0.9768511822181332,0.09807514793299288,0.003947704342217954,0.5111753206914639
2023-07-12 13:30:00,-0.005389358252530358,0.9931413289761679,0.106266653191322,-0.006857853199221571,0.49256342873596787
2023-07-13 13:30:00,0.0009440678811947712,1.0010966110241257,0.10028411526022674,0.001211674326699071,0.49226362960570014
2023-07-14 13:30:00,0.0006857863402814843,0.9918463699158645,0.10925003658435473,0.01525666099038836,0.4945164577188949
2023-07-17 13:30:00,0.002933566463764517,1.0009071105925889,0.1091816883271659,0.00010682056662114636,0.5658532179473624
2023-07-18 13:30:00,0.0004752621690610123,0.9956092110428879,0.11549753158338705,0.0075992817770303605,0.5583334795130863
2023-07-19 13:30:00,0.0014556864162947507,0.9952976997611687,0.1139475808336623,0.0062925615798974,0.5515900378839929
2023-07-20 13:30:00,-0.009268361969683418,0.9922025902105784,0.1097647141373117,0.005353268297281777,0.5472312300546879
2023-07-21 13:30:00,-0.0074981011749134414,0.9231011287733372,0.13343641499985692,0.002821965609222173,0.5319564763729369
2023-07-24 13:30:00,-5.1813079152484426e-05,0.89250548180984,0.13168822815197856,-0.0044192062675825206,0.526268936226309
2023-07-25 13:30:00,0.002880010058307805,0.9173012761496712,0.13198848387418805,0.0020636989895336613,0.5162527117799316
2023-07-26 13:30:00,-0.0029576570504157504,0.8985295186787638,0.13851606572890163,-0.003736211102152276,0.5111177877252757
2023-07-27 13:30:00,-0.004850746919139769,0.9105329900554134,0.14351817060978744,-0.013767852616912898,0.5252456544455045
2023-07-28 13:30:00,-0.0035534129847782196,0.9245419989093049,0.1562205949732854,0.003087667797482485,0.5119866175497226
2023-07-31 13:30:00,0.00891000896990125,0.922124566840897,0.12453883281763278,0.00252921743105979,0.497290777414832
2023-08-01 13:30:00,0.0008580791711965416,0.8744612950990059,0.15910813444498217,-0.005573541225390295,0.48707739614958756
2023-08-02 13:30:00,-0.0004164255059893663,0.8493663213841831,0.16825474673888552,-0.0023481678701750366,0.47277999316138275
2023-08-03 13:30:00,-0.0008959387305687199,0.8277426497677249,0.16007713991421801,-0.006590026929942076,0.4775148766711112
2023-08-04 13:30:00,-0.0011600810911921028,0.8310616203503653,0.16137072601902058,-0.004199156533462589,0.47972351361150123
2023-08-07 13:30:00,0.0018989448749666899,0.8293538101797631,0.1628172167367934,0.006411099177994206,0.4818136570195237
2023-08-08 13:30:00,-0.017441549659238754,0.8382126356010059,0.16132503226765005,-0.009682946927010883,0.4885695885113048
2023-08-09 13:30:00,-0.005281702731452133,0.7983062136660701,0.1519252379520456,-0.005652458152640483,0.49114735675944193
2023-08-10 13:30:00,-0.0031614508084145637,0.7997988537909992,0.1515695849727734,-0.002394572978744384,0.4916197377595846
2023-08-11 13:30:00,-0.0012824421399503954,0.8010904160307287,0.1503161717584407,0.003576672347799311,0.4861089532493355
2023-08-14 13:30:00,-0.0013765771005904814,0.7996574402877885,0.1520864455937152,0.0013447896693897417,0.4904036891536083
2023-08-15 13:30:00,-0.004954109175189325,0.8002369918025498,0.14578844409059966,-0.008277075242611898,0.499027320034396
2023-08-16 13:30:00,-0.0017213166368906102,0.8079874441267263,0.14629508341060138,-0.01104837062679361,0.5100465671891534
2023-08-17 13:30:00,-0.008379963765598082,0.8139979664553748,0.15093940510456982,-0.0170379208365683,0.5264115044277563
2023-08-18 13:30:00,-6.278151401109175e-05,0.8320614806782763,0.16089998064269584,0.0014616173336837734,0.5062547448271126
2023-08-21 13:30:00,9.608779450819092e-05,0.801055300438644,0.16734355934390732,0.0027924020756966428,0.5009672814422746
2023-08-22 13:30:00,-1.5205090427458396e-05,0.8030295210608845,0.16951319219953132,-0.00288215882533475,0.4854954923186119
2023-08-23 13:30:00,-0.0010091661405943774,0.8060190817841547,0.1721282362874086,0.0024875030379458707,0.4837061431915071
2023-08-24 13:30:00,5.104947527331295e-05,0.8071224830466642,0.17030473165494509,-0.009202817627655069,0.48670866578967437
2023-08-25 13:30:00,-0.0026563888888683626,0.80624200537059,0.17003342867417726,0.0051495552978900365,0.4822546606385096
2023-08-28 13:30:00,0.0018214686503974296,0.8030058137129396,0.16782097784064076,0.0041991775194939835,0.46371180940791756
2023-08-29 13:30:00,0.003536447508342781,0.7930860953327381,0.15829437507236432,0.011375541113840018,0.45549236110823116
2023-08-30 13:30:00,0.0037602188779274643,0.7792560451941731,0.14978697261840312,0.003919526557201476,0.45677425180817083
2023-08-31 13:30:00,-0.0056806987459218795,0.7763647099409197,0.15333937226435257,-0.01587570423713136,0.4959736981300043
2023-09-01 13:30:00,-0.006392332878712141,0.8139768046585376,0.1451103345396042,-0.000656431159939778,0.49928416239964407
2023-09-05 13:30:00,-0.004332267668610938,0.8208582185236427,0.12658744998956017,-0.015122407161772822,0.5053366462176078
2023-09-06 13:30:00,0.004159758713272302,0.8378027231596008,0.13096625784357463,-8.796191624564168e-06,0.5070303295677444
2023-09-07 13:30:00,-0.004307320515735829,0.8276447427219165,0.13426334759884717,-0.0024922704781897473,0.4936851185547589
2023-09-08 13:30:00,-0.006726605654933355,0.8185210423589299,0.13899792686755252,-0.006920731444344279,0.4912123247850208
2023-09-11 13:30:00,0.00018693701210226003,0.816554052651989,0.13174042302476574,0.0061151387437637554,0.5723927805490662
2023-09-12 13:30:00,-0.007336985728026177,0.7927250072954898,0.12408585823852936,-0.00787827118132641,0.5508291913350684
2023-09-13 13:30:00,0.0008347335822428339,0.7801316611447211,0.11919433473506469,-0.00031300265702557023,0.5601963623968973
2023-09-14 13:30:00,-0.0009530640623360393,0.7810216558108951,0.11669644397957435,0.0013975445480865674,0.5618955632940447
2023-09-15 13:30:00,0.003894853870034212,0.7816356613921598,0.11639391483897998,-0.0039020195180709725,0.5654306511018196
2023-09-18 13:30:00,0.0014453745337965947,0.7681255395312152,0.1127285065242366,-0.0014173703144274574,0.5629924356965712
2023-09-19 13:30:00,-0.0023885938144650415,0.7662026524670136,0.1099544744051395,-0.0016896378168972752,0.5620794735070427
2023-09-20 13:30:00,0.0022292372507943204,0.7656541872588934,0.10905529879153397,-8.031966405948794e-05,0.5510802273345256
2023-09-21 13:30:00,-0.0003629939509116262,0.7793271157411411,0.11844592633580753,-0.008194679156807272,0.5499846735942925
2023-09-22 13:30:00,0.0012206340404156597,0.7850918768989533,0.1184709878767386,-0.001594222507585637,0.5582397111499336
2023-09-25 13:30:00,0.005616336187671048,0.7915252416866789,0.10931111110840941,0.00831626198401462,0.5547224983588133
2023-09-26 13:30:00,-0.008114329678695352,0.7915361448168745,0.10875179393582912,-0.012816093427048961,0.5537790567006732
2023-09-27 13:30:00,0.0005780858478222277,0.8141617477755301,0.08801154665185129,-0.0025628517057231606,0.5469702219605665
2023-09-28 13:30:00,0.008111974448756637,0.8034440816976974,0.09111756344874666,0.011699412269047915,0.5613105836606611
2023-09-29 13:30:00,-0.0034191577777336734,0.8221128550429225,0.08961113912460938,-0.010540895389547278,0.5656674139786871
2023-10-02 13:30:00,0.004482789433596187,0.8314339335808524,0.09252650130324291,0.0003171789465014803,0.5697710668064994
2023-10-03 13:30:00,-0.007617999617695053,0.8737831494534392,0.06977501806483655,-0.015464980403637862,0.5605252190561093
2023-10-04 13:30:00,0.0006949852274014874,0.88501014054067,0.04917803970383672,0.0039785284881305545,0.557272391639531
2023-10-05 13:30:00,-0.006525268817020456,0.887986388069873,0.04860417329105016,-8.866224241606731e-05,0.5838984686170235
2023-10-06 13:30:00,-7.3481652238961e-06,0.8753629082784821,0.03597403179412462,0.009217542263654233,0.5965925822371205
2023-10-09 13:30:00,-0.001138516651062292,0.8811469486486239,0.03575509373913255,0.0016293492505444023,0.5883767798432114
2023-10-10 13:30:00,0.00789509035437993,0.8571548010535598,0.03746620026532144,0.012198399721145744,0.6023097358502615
2023-10-11 13:30:00,-0.021337707838147993,0.8880307837132526,0.03395355870111527,-0.025634196579407836,0.6186783381894887
2023-10-12 13:30:00,-0.011523848433984227,0.9127977127644761,0.0480341101407753,-0.02110881004461958,0.6341326094548894
2023-10-13 13:30:00,0.003994548971429634,0.9271301946243465,0.07494830119433604,0.010758552373139421,0.6474710734982991
2023-10-16 13:30:00,-9.643458047275261e-05,1.0134626395834994,0.06329665242517757,0.008087090499932689,0.6570406499350429
2023-10-17 13:30:00,0.010319276257463738,1.0513121851641787,0.06623060960947291,0.008961582420019912,0.6594147454541063
2023-10-18 13:30:00,0.009743262999533731,1.0420477270602395,0.07294627313932422,-0.0012037407094162011,0.6523984153411608
2023-10-19 13:30:00,0.005395112760311714,1.0122857671180598,0.054412185016380676,-0.0056957336793519815,0.6613036575615746
2023-10-20 13:30:00,-0.002859697128297198,0.9890113658003112,0.04825819630979833,-0.006905277691463836,0.6480264917969225
2023-10-23 13:30:00,0.00023810663806371826,0.9801353906544068,0.04445149294707229,-0.006854534718641466,0.6502562400811372
2023-10-24 13:30:00,0.0014993916357638826,0.978275874615575,0.041865488690503994,0.005539821337383917,0.6700019476225486
2023-10-25 13:30:00,-0.0044335994298722575,1.0292874392676798,0.031242636451762174,-0.01436617626414601,0.6731045516569356
2023-10-26 13:30:00,0.0022160952425352466,1.0403282476133877,0.035732183051049304,-0.007692138580207564,0.680765872352766
2023-10-27 13:30:00,0.010927878987524266,1.021950531442361,0.04160569006928805,-0.0076634927800474095,0.6803683730732307
2023-10-30 13:30:00,-0.0023194413624056764,0.9570055255542835,0.026754527064133726,0.003489446967310831,0.6803853563288543
2023-10-31 13:30:00,0.007903807117443755,0.9559419483986429,0.02506450769120505,0.013784733308552491,0.6935065168734363
2023-11-01 13:30:00,-0.0017796995898781889,0.9997759611375882,0.022608635053695147,0.0007752278501739207,0.6789092791626817
2023-11-02 13:30:00,-0.006036950688371756,1.0663324891688992,0.02016973324380622,0.011077825389029053,0.6869955426992992
2023-11-03 13:30:00,0.00704804512971083,1.0263442396584048,0.025053256936238166,0.013322606919133229,0.6734267636295694
2023-11-06 14:30:00,-0.0076405410570047835,1.0052572817412744,0.054991031562883985,-0.002149976515803361,0.6684307409225824
2023-11-07 14:30:00,-0.000829108488092782,0.970638145354757,0.07127777703485783,0.0015247620422403167,0.6611264935202915
2023-11-08 14:30:00,-0.005493348468503301,0.9729766537436874,0.07067509183557696,-0.008923119036432467,0.6624226034569228
2023-11-09 14:30:00,0.004873932850468211,0.956169880216096,0.08156359777497313,-0.018231759578254885,0.6721609812480631
2023-11-10 14:30:00,0.0020874689114754865,0.9251087993918804,0.07514673057636945,0.008021205940430912,0.6769912357451773
2023-11-13 14:30:00,0.003946767622141816,0.9141833744301261,0.07302160165590676,0.009591922696759347,0.6805091511318316
2023-11-14 14:30:00,0.015259260149239782,0.9244947790518114,0.07202677136857882,0.025405755200317293,0.6895538402490079
2023-11-15 14:30:00,0.0038302651200365105,0.8978610268737932,0.11758337459389168,0.004847478838735005,0.6921931268687557
2023-11-16 14:30:00,0.000966524035629926,0.8991895162744421,0.11804454237197504,0.0032210350546308573,0.6868776780055894
2023-11-17 14:30:00,-0.0006039091879038257,0.902979895986888,0.11719597343941701,0.0017970852612046635,0.6798336096058318
2023-11-20 14:30:00,0.0006510385772617484,0.9058000405712607,0.11552721529166987,0.0074796632324688845,0.6803967788727544
2023-11-21 14:30:00,-0.000939902955249006,0.9141000402654347,0.1159052241075712,0.0022360909959259954,0.6753973169521065
2023-11-22 14:30:00,0.004433579607086702,0.9081779830537042,0.11753527094276395,0.010076930076814428,0.6731071638140284
2023-11-24 14:30:00,-0.0009779477770007847,0.9045884962521213,0.11982220526119447,0.005292583429132192,0.6743622229711086
2023-11-27 14:30:00,0.0016739508738070775,0.9052286727799245,0.11806549185125337,-0.0046761817741272456,0.6761821289977558
2023-11-28 14:30:00,-0.0017036835204138987,0.8795313524397328,0.12118283579764766,-0.0065566468097831105,0.6783328479144753
2023-11-29 14:30:00,-0.00941957202194902,0.8795461832439878,0.12842365116897447,-0.007706388083270288,0.6527260476035714
2023-11-30 14:30:00,-0.0035867038601278284,0.8730848575302181,0.12109345683867667,0.010125778988133568,0.6468022806291932
2023-12-01 14:30:00,0.0071307742982989804,0.8707962557472524,0.11696366290853477,0.014156951821110134,0.6629013995532965
2023-12-04 14:30:00,0.0019098704167813388,0.8809778874162585,0.12155763267852254,0.005704813656216705,0.6580295850560548
2023-12-05 14:30:00,-0.006775137927761568,0.8806640028225938,0.12234364854058244,-0.008511215246816936,0.6573609139803046
2023-12-06 14:30:00,-0.0017672381242604064,0.8836219951852454,0.12340089013706168,6.136464074520583e-05,0.6543182635953793
2023-12-07 14:30:00,-0.0014847198861347112,0.8777217426659616,0.12477962880220539,-0.0010111967342866606,0.6533777740837529
2023-12-08 14:30:00,0.005056854761209918,0.8799387160271734,0.12376316759061745,0.004680758875373892,0.65290388806984
2023-12-11 14:30:00,0.0008343991667603941,0.8923422377190549,0.1184870643593594,0.006025421608226574,0.6539204774833495
2023-12-12 14:30:00,0.002943263087594479,0.9053171302153469,0.11886945278296646,0.008663919341130125,0.6569963543044576
2023-12-13 14:30:00,-0.003910783278401369,0.9065901428439597,0.12117618201756664,0.018649869921897027,0.6711228233587391
2023-12-14 14:30:00,0.005597613619311145,0.8899328990126052,0.11659169796920588,0.0034026186512775927,0.6694160211149391
2023-12-15 14:30:00,-0.010509509242517994,0.8673420056234382,0.12591644589842665,-0.017527586389722256,0.6887334353804709
2023-12-18 14:30:00,0.0014381340622667406,0.9098062398417037,0.11813391852660571,0.0010678968689486295,0.6881107066685322
2023-12-19 14:30:00,0.0019725040065927645,0.9123021642312867,0.11743174896450859,0.011088878429893256,0.6917993288418084
2023-12-20 14:30:00,0.0022133290314899565,0.8962008356833533,0.12534057484465622,-0.016326666947334867,0.6961017875835623
2023-12-21 14:30:00,0.005294692108020471,0.847612368184578,0.13625794723714524,0.018953231749773147,0.7078231086704685
2023-12-22 14:30:00,-0.004400400803613763,0.8631187022494462,0.13682371265804494,0.004671052217378735,0.7043993511780845
2023-12-26 14:30:00,-0.0003190501188883232,0.8497557656345365,0.1360725443968066,0.004426713038861478,0.7002584922397957
2023-12-27 14:30:00,-0.00470819614168453,0.8425433932452431,0.1359151065925358,0.0009220098613411665,0.7045430953349986
2023-12-28 14:30:00,-0.002829550641698595,0.8256914689194612,0.1450207084073326,-0.0006550782192499641,0.6940369915273547
2023-12-29 14:30:00,-0.0022051542044290028,0.7877132627488432,0.15180997128810525,-0.004018719256537444,0.6954542523954145
2024-01-02 14:30:00,-0.0074172805474529546,0.7767191394873154,0.15683227311089631,0.007902270774586162,0.6775906942453226
2024-01-03 14:30:00,-0.009547256411891445,0.7182994265968201,0.17739575777428152,-0.014728630007519375,0.686506334698362
2024-01-04 14:30:00,-0.0018508602602137821,0.6993054223322208,0.19037848596722162,0.004329897251942327,0.689381389531373
2024-01-05 14:30:00,-0.0008507861701029331,0.6960926624758966,0.19081252656197123,-0.0017707906126468072,0.6862626912381211
2024-01-08 14:30:00,-0.00017160715292344197,0.6845242291157115,0.19280708238546862,0.014775950645946168,0.6858302184510898
2024-01-09 14:30:00,-0.00021437547535008164,0.6612540776612199,0.18750619708984884,5.263904707183039e-05,0.6773853796630546
2024-01-10 14:30:00,0.002637230964351442,0.6565937800907427,0.17571692992853527,0.0036230636274349193,0.6624527502248395
2024-01-11 14:30:00,0.004909958845617368,0.6576053572982183,0.1730342638968988,0.0005912131160543677,0.6588629540190092
2024-01-12 14:30:00,-0.00668133687747151,0.6617233470737989,0.16776330438385922,-0.008417951155089587,0.659155010822655
2024-01-16 14:30:00,0.0019978675682317364,0.6795646194303926,0.16633513757854523,-0.0045664889058437685,0.6630804739170578
2024-01-17 14:30:00,-0.001629385289637774,0.692919069411458,0.17174894428395304,-0.004406998860269851,0.6612527175106561
2024-01-18 14:30:00,0.004274109428593818,0.7080400734001768,0.17371182541690033,0.0016555336634649365,0.6489618077470326
2024-01-19 14:30:00,-0.004581722472577154,0.705779010864121,0.17027813137939973,-0.004195884457909971,0.6427316692084372
2024-01-22 14:30:00,0.004044299847418755,0.7077327303822272,0.17202828813651483,0.01101323931491042,0.6409259610692467
2024-01-23 14:30:00,-0.0029874086029650668,0.7055081788256717,0.17564671736026694,-0.0030570316451699795,0.632030224652925
2024-01-24 14:30:00,5.4907154777553493e-05,0.6985059763320541,0.17320503366571194,-0.009263933334029565,0.6334652251723707
2024-01-25 14:30:00,-0.0013914534880133471,0.6813858110885972,0.17694014839880567,-0.0008499595026414027,0.6052696392620432
2024-01-26 14:30:00,-0.001648024920290167,0.749762429919988,0.17774783936830718,0.002107167785229236,0.6056155428989568
2024-01-29 14:30:00,-0.0005251420146679901,0.7489332724092376,0.17975418664169707,0.009960003808361964,0.6009630310915793
2024-01-30 14:30:00,-0.0022128798383823332,0.7419043980110435,0.17808302886502358,-0.00450168806566927,0.6092772601464685
2024-01-31 14:30:00,0.004706481665054633,0.7310662727279983,0.18412133604260528,0.0009390447951576434,0.6029517579748933
2024-02-01 14:30:00,-0.00276438447083404,0.7468439630694109,0.1781909748564714,0.010057172851426563,0.6113390161966309
2024-02-02 14:30:00,0.0030402506835980896,0.7387682919086418,0.17577102163266944,-2.650945078312243e-05,0.6129573788829167
2024-02-05 14:30:00,-0.013813523276116972,0.7556218576392724,0.16753481950294136,-0.010634141452851723,0.6245449404199827
2024-02-06 14:30:00,0.00444080208582104,0.7384316303093101,0.1723749880295692,0.015108844631351278,0.628248254846804
2024-02-07 14:30:00,0.003002381965928143,0.7632496195109535,0.1660173925458841,0.0019441461826157729,0.5940745591017184
2024-02-08 14:30:00,0.0022486249794076048,0.8217973722748263,0.16199941559227904,0.002940990253538519,0.5822440698553215
2024-02-09 14:30:00,0.0011704813129731128,0.8054313977678755,0.16566606223420388,0.003935030253821581,0.5781296945635269
2024-02-12 14:30:00,0.006385097343627257,0.7885429034532534,0.1695626282550785,0.011262185632748537,0.5501845674420792
2024-02-13 14:30:00,-0.004169681468388586,0.7991169197915884,0.14660014629222973,-0.01849237426181786,0.5758995654256407
2024-02-14 14:30:00,-0.000924904555361301,0.8075312949134752,0.15353116924707122,0.01027206161999176,0.5830475267635343
2024-02-15 14:30:00,-0.0003243858044483742,0.7976156964819953,0.1569302036504424,0.009155129661821896,0.5918508774089695
2024-02-16 14:30:00,-0.0065771370329328616,0.7857363041918186,0.16176604094006064,-0.004241024540944697,0.5912810802172198
2024-02-20 14:30:00,0.0020657250570780836,0.7734515071355511,0.16512666630321238,-0.0019019575234417625,0.5919706275935784
2024-02-21 14:30:00,-0.002030330268069083,0.7560548116449639,0.1689536939337395,-0.00019865988683305988,0.588484734869749
2024-02-22 14:30:00,-0.007201965647457205,0.7492244524032188,0.16892179455170486,0.004675448501121338,0.587261655926542
2024-02-23 14:30:00,-0.003818182844379935,0.7164568846629655,0.1718290030692069,0.0006847350345619748,0.5845155510911292
2024-02-26 14:30:00,-0.0033371697803514506,0.7194715503176552,0.17171238978367387,-0.002341437615162404,0.5715727200950296
2024-02-27 14:30:00,-0.00026403099552931453,0.7333629590206902,0.16616054599529795,0.0074150173386394735,0.5749756207183965
2024-02-28 14:30:00,-0.004830317530780465,0.7125734975618985,0.17285152054900454,-0.010659852475690235,0.592107873359208
2024-02-29 14:30:00,0.008675785041376217,0.7326087752865706,0.17385941457825604,-0.0026206301445416504,0.5826206796256362
2024-03-01 14:30:00,-0.010663714175534363,0.7184255277352302,0.15669389618004537,0.0018281774314896637,0.5783705130593878
2024-03-04 14:30:00,0.00918049589737741,0.6969256960140437,0.14916734525407604,0.006957453611418825,0.5791346179789558
2024-03-05 14:30:00,-0.00305436395134765,0.6838965538254836,0.1447873499443968,-0.009981535092121704,0.5875707450939122
2024-03-06 14:30:00,0.002147984852306808,0.6920220385821914,0.1451323252171628,0.007834974821271157,0.5892301486654988
2024-03-07 14:30:00,0.010487876121031848,0.6957365422950585,0.14517467049139532,0.011799453148894376,0.5991529212393482
2024-03-08 14:30:00,0.00023084053583182428,0.7232859041146283,0.1375171800905245,-0.0008778774596584308,0.5980789097528624
2024-03-11 13:30:00,0.002009760572848493,0.711518355790081,0.14052524390066778,-0.0013896438236055502,0.5812188498387628
2024-03-12 13:30:00,-0.000636061394044544,0.7138933973047629,0.13610568058601058,0.00179539033824568,0.5563607677910655
2024-03-13 13:30:00,-0.0029654843686630706,0.7171232156397049,0.1367150443771028,-0.004466406722019737,0.5680878721250268
2024-03-14 13:30:00,-0.0009726318356518583,0.7565340086873821,0.12636857554760028,-0.007107540320499243,0.5471563031188992
2024-03-15 13:30:00,0.0006226387329261167,0.6785652579013259,0.1401698318478718,-0.0016883885047020246,0.5457070655227252
2024-03-18 13:30:00,0.006172095383273129,0.668997201394754,0.14357371658320067,0.0034255917972182783,0.5411950337896471
2024-03-19 13:30:00,0.004663501544477715,0.6743822193729158,0.1343981154998407,0.010435308574173593,0.5198479998550054
2024-03-20 13:30:00,-0.00030893414006089004,0.6867398428633524,0.1335745378187188,8.679785596932277e-07,0.48130402466865885
2024-03-21 13:30:00,-0.00026248835605879113,0.6437059830852486,0.13233827094007228,0.0006341268488102939,0.47966209864170956
2024-03-22 13:30:00,-0.0018776307612044406,0.6413990258552477,0.13693730271813775,-0.005117360398908237,0.4803705310565727
2024-03-25 13:30:00,-0.0010037962818601055,0.6420258196799736,0.1377932754572015,-0.003197542576278948,0.4818722542266314
2024-03-26 13:30:00,0.004700314764573884,0.644960545619808,0.14010791831011882,0.007084122312240278,0.48889397555686226
2024-03-27 13:30:00,0.0018613685760813462,0.6563253991956636,0.13838064791219876,0.013910469094066494,0.5046210656118925
2024-03-28 13:30:00,0.005360819761551935,0.6721007813405038,0.1362351711118523,0.0054231269142569856,0.5261741504319677
2024-04-01 13:30:00,-0.0020772766588443414,0.7346279690002814,0.12887011145212107,-0.009755447092760957,0.5160708585611764
2024-04-02 13:30:00,-0.012961499159603068,0.7558023871852992,0.11509184233444458,-0.028613937520620653,0.5635442791528525
2024-04-03 13:30:00,0.0035110276063084187,0.8574610879220789,0.11838232860003761,0.0030294169698894535,0.5633256478104037
2024-04-04 13:30:00,0.003863459760020631,0.8506121383677665,0.12003523635407148,-0.010464233101627585,0.5639474858223114
2024-04-05 13:30:00,0.00019869328521068645,0.8197890558769014,0.11841883945057596,0.008446170695326197,0.5688610992863041
2024-04-08 13:30:00,0.0022363610806873514,0.8207143480354209,0.11833937378921155,-0.0001108025675773024,0.5827986514898451
2024-04-09 13:30:00,0.0020595797259310867,0.8097811429954194,0.1213136005402965,0.006616491351252307,0.585151611828174
2024-04-10 13:30:00,-0.0032332662430438128,0.8026993461016324,0.1282748601525056,-0.015011464740205241,0.5998756637807539
2024-04-11 13:30:00,-0.0022684827242762705,0.8092658093181962,0.12967326221180064,-0.0036662988388294813,0.5974506999871699
2024-04-12 13:30:00,0.002319309211768067,0.8235268255331305,0.12706512544493842,-0.014302085565195632,0.6102597122343562
2024-04-15 13:30:00,-0.0014569624826713838,0.8120735646660933,0.12500246310940455,-0.005646279914683065,0.6212943700087127
2024-04-16 13:30:00,0.00029062909811587354,0.8043824249812986,0.1302779295485661,-0.0005357234951225051,0.6183403901010653
2024-04-17 13:30:00,-0.001540444199810842,0.8063990955534832,0.12973446375891118,-0.004390716693563427,0.6058813498179202
2024-04-18 13:30:00,0.0025578832416631343,0.8063575305029137,0.12564636838456977,0.0007628076423488173,0.5983877839032244
2024-04-19 13:30:00,0.005026730029008526,0.8083300866412688,0.12411607778903011,0.007096817645584119,0.5892640521441938
2024-04-22 13:30:00,-0.002962008467506488,0.823918864839482,0.11964773018734576,0.0015096301055286625,0.6163397540250513
2024-04-23 13:30:00,0.0001028900611589837,0.8199854227374096,0.11908475659794171,0.012139068402497344,0.6236590987619227
2024-04-24 13:30:00,0.0038762890213864492,0.8278898796372318,0.11727184660892731,0.0002595731854090714,0.6174873686339962
2024-04-25 13:30:00,0.0009266960614575303,0.8238898599056647,0.11573697324442689,-0.00694287621196162,0.6223837265167239
2024-04-26 13:30:00,-0.0008336163235656761,0.8379997743498573,0.10804193769926485,0.0010750514201840478,0.625478430144958
2024-04-29 13:30:00,0.0009720132783616513,0.8365168750933777,0.10998582053866701,0.006455176612066553,0.6227112884596541
2024-04-30 13:30:00,-0.006112642915822721,0.8521488290012775,0.1102895992772448,-0.007880051481658748,0.6240464569567351
2024-05-01 13:30:00,-0.008213499299186404,0.8457317591591651,0.11570447267912809,-0.003001400065844003,0.6245933855729322
2024-05-02 13:30:00,0.0021813579541459923,0.885582535859877,0.09930446526547218,0.0026997639849937194,0.6100486845998546
2024-05-03 13:30:00,-0.001413361461406791,0.8625057005186987,0.10199573734587623,0.0026292349323685147,0.6169525359245162
2024-05-06 13:30:00,0.000301566629420132,0.8569823380079908,0.10304775247506481,0.00445703173542189,0.6227699448194842
2024-05-07 13:30:00,0.0024245556056264354,0.8650860648883822,0.09982065262039197,0.00941778084069204,0.6344535584174027
2024-05-08 13:30:00,-0.0055455477516525055,0.8854218721132545,0.09324166204608497,-0.009949960428423813,0.6409064010305304
2024-05-09 13:30:00,0.005442551485493019,0.9026465680493954,0.08478827585593318,0.013069563646983159,0.6393808150709606
2024-05-10 13:30:00,-0.0012879018189906367,0.9321616566030472,0.0638013953672446,-3.894659337884872e-06,0.639106239640388
2024-05-13 13:30:00,-0.00057595125551321,0.9284434649252205,0.0644472996366039,-0.0002087990363005554,0.62517499238023
2024-05-14 13:30:00,0.0004824323951637087,0.9282078405936878,0.06269148132350855,0.005057371527329361,0.6288157289854515
2024-05-15 13:30:00,-0.003898333247569146,0.9437459533012356,0.0597296392329727,0.011325061874143985,0.6386629510945863
2024-05-16 13:30:00,-0.0003041263870723391,0.9221626274230454,0.060535360789631065,-0.001389611157919431,0.6405799577663474
2024-05-17 13:30:00,-4.745134063433541e-06,0.9247116129692718,0.06013579894668053,0.000852711289325736,0.6399026267391973
2024-05-20 13:30:00,-0.0011582983379614274,0.9591378331279423,0.06103428995984772,-0.002460997699893941,0.637126449500767
2024-05-21 13:30:00,-0.0029334542946737284,0.9712880339535324,0.0595639531082941,-0.0017221314811500799,0.6445837423314104
2024-05-22 13:30:00,-0.004373382087160985,0.971049035893958,0.059436503016502606,-0.0022577806666842135,0.6611827388654684
2024-05-23 13:30:00,-0.0024660961438537216,1.0474275821545171,0.01255575886154503,-0.014292849012056666,0.6707857212377019
2024-05-24 13:30:00,0.007827302535334224,1.0456770429247755,0.01360660290876381,0.004216508618682169,0.6474270997551238
2024-05-28 13:30:00,0.00778836130261082,1.0359113673846914,0.02679646664381874,-0.004673546898091112,0.6550631126356555
2024-05-29 13:30:00,-0.0004436475365654346,0.988364258008929,0.06615357773337782,-0.00935793140923169,0.6514061055072243
2024-05-30 13:30:00,0.00405168923416428,0.9880119491704116,0.07069382216254205,0.005736467064087518,0.6408280156197704
2024-05-31 13:30:00,-0.0020815819281033206,0.9740081401818842,0.07781825442729584,0.012302625942250659,0.6332313770899215
2024-06-03 13:30:00,-0.009805046003725535,0.9547916674926621,0.08156077520376104,-0.0009987943884025574,0.622393511317135
2024-06-04 13:30:00,-0.0010138399722901404,0.9149111148073006,0.07975516096362878,0.0014234342874384816,0.6208293729518782
2024-06-05 13:30:00,0.001068323889444547,0.9142700176426255,0.07985463649617075,0.007809938043147409,0.6315171097662581
2024-06-06 13:30:00,-0.0020217057821968715,0.9093058548539628,0.0849813220733533,-0.00020163347566689213,0.630064586493156
2024-06-07 13:30:00,-0.00322699752000453,0.9083359027538996,0.08618153682265095,-0.0035611078712143676,0.6234533691842733
2024-06-10 13:30:00,-0.0032285137862781183,0.8940739731193956,0.0936491766625368,0.0006835708716087888,0.6231528674715633
2024-06-11 13:30:00,-0.000730085273070624,0.8930100737561757,0.09021317051560329,-0.003975620688049982,0.6260613403935568
2024-06-12 13:30:00,0.004636027267293143,0.8999346485491447,0.087928738300867,0.004023238962531872,0.62246168281408
2024-06-13 13:30:00,-0.0030038734540481283,0.8701351286768338,0.10700364439591137,-0.003718770292487424,0.6129246498065845
2024-06-14 13:30:00,8.548527442612695e-05,0.8619800391688035,0.10648533590689269,-0.0025594564411861955,0.6159848929611879
2024-06-17 13:30:00,0.001695653803224748,0.8658755826905313,0.10415193771221787,-0.0005115634927142324,0.6153654350338597
2024-06-18 13:30:00,7.111349170300878e-05,0.8681468529265963,0.1019950482675297,0.00020098515368475547,0.6110845439413476
2024-06-20 13:30:00,-0.0053492342940414436,0.8716859260018088,0.09880600980013088,-0.0022725149049337054,0.5950447224402616
2024-06-21 13:30:00,-0.0024339982501816273,0.8645801834862257,0.09917705611646177,0.002734580494424469,0.591242608407398
2024-06-24 13:30:00,-0.006881124397030892,0.8607014159116869,0.09631542553957684,-0.00032106269151558714,0.5527787597541808
2024-06-25 13:30:00,-0.0024679858323083358,0.8494778076641465,0.09109485679331475,-0.0057656280192442955,0.5474479234158727
2024-06-26 13:30:00,0.0034727652592883764,0.8505771873871624,0.09172072525558472,-0.00042080068509213014,0.5409407904671953
2024-06-27 13:30:00,0.002307100732286285,0.8437880387192793,0.09007908538436649,0.0015756759247084935,0.47004478497239494
2024-06-28 13:30:00,0.0013921640870479595,0.7710748080135887,0.07728884963566474,0.0006330799199641598,0.4650890352655481
2024-07-01 13:30:00,-0.0070963521342743115,0.7755291875868404,0.07515546658586258,-0.011191966785871643,0.4626494724035893
2024-07-02 13:30:00,0.006115491204135468,0.8235443984534041,0.06795756950152798,0.0018766588732601248,0.45493811369177095
2024-07-03 13:30:00,0.002805097709155186,0.8156048121238921,0.06012736098801308,-0.003730417746014717,0.45773417254216325
2024-07-05 13:30:00,-0.005607666708934189,0.807959933597392,0.05982303517017562,0.0012038123283401776,0.43142882245256214
2024-07-08 13:30:00,-0.002760940259873708,0.7862551845079709,0.05732748574053875,-0.0026819709745903677,0.396458704401381
2024-07-09 13:30:00,-0.00648444015407511,0.7673779235173839,0.05234740130011972,-0.00212056589401155,0.3975547890435662
2024-07-10 13:30:00,-0.0027995452615443795,0.7540627696965048,0.05058245662112326,0.004922680278803678,0.36373494367284875
2024-07-11 13:30:00,0.01052841565801996,0.7376555600426653,0.049395558231608794,0.017003893235529127,0.3957519283617741
2024-07-12 13:30:00,0.00414466027814505,0.7550612419380389,0.06269000259960578,0.009498928075386917,0.41767106486772
2024-07-15 13:30:00,-0.003663373744861914,0.7673663764605256,0.06349865152126233,-0.005751481713984393,0.4287914770570376
2024-07-16 13:30:00,0.020191595868523315,0.7800123201833468,0.057456311479807676,0.03245242470218165,0.5222067211987106
2024-07-17 13:30:00,-0.002076384239319009,0.9132099860043666,0.06239363745819848,0.0008114286263752509,0.5300286199295733
2024-07-18 13:30:00,-0.0003637137755013349,0.8928261701602156,0.07288686668938682,-0.022297688534320532,0.5833138666956881
2024-07-19 13:30:00,0.0005610911142426012,0.8937912638469941,0.07405169036459247,0.005094813451711071,0.552482960793425
2024-07-22 13:30:00,0.00045288358052776156,0.896176806538612,0.07337585990822526,0.00664292978809707,0.5540953872006525
2024-07-23 13:30:00,0.003113862995033686,0.901138095269076,0.07656515062191727,0.003242026508390191,0.5482485431810513
2024-07-24 13:30:00,-0.0010702806253123564,0.8976227593619389,0.08067208960506422,0.005836232712420915,0.5510944729670194
2024-07-25 13:30:00,-0.00016694538692911065,0.8942930263365858,0.08188420658841,-0.0030383910295366614,0.47523589862526444
2024-07-26 13:30:00,0.0012668908704761813,0.8947426399106346,0.07898424727325959,0.0067452780742952205,0.434237269413216
2024-07-29 13:30:00,0.002681755367962069,0.8999012939811691,0.07183387242492367,0.0023232789355477346,0.43354627579810256
2024-07-30 13:30:00,0.011909500525576896,0.8863815053154971,0.08715220678550761,0.011564759010366762,0.43391346553390847
2024-07-31 13:30:00,-0.0038572195141433224,0.906228745079218,0.06670244555844052,-0.007128648786725367,0.4302623757803958
2024-08-01 13:30:00,-0.0060138378690163825,0.914308272672313,0.06676852651472709,0.003072212510466151,0.4229441271423217
2024-08-02 13:30:00,-0.00023656948997748204,0.8851452545494085,0.07490553334344019,-0.0036633773641380576,0.4026890979778351
2024-08-05 13:30:00,0.0009593654537004594,0.8761850441871462,0.07738642099820225,-0.024885297283672243,0.453442608741259
2024-08-06 13:30:00,0.0007891826778268938,0.8666219323739047,0.07031154852417276,0.005562768580737491,0.4362284789478437
2024-08-07 13:30:00,-0.0005450154977063165,0.8464112917028759,0.07689772083114954,-0.010845757796017189,0.4469009998643055
2024-08-08 13:30:00,-0.002932455742797522,0.8489403259293639,0.07634213781611365,0.01802991151356063,0.47557876625641526
2024-08-09 13:30:00,-0.006144164556758611,0.8316614585426364,0.07686569254691888,-0.001583484292680959,0.47576552140957035
2024-08-12 13:30:00,-0.0019320454320560384,0.8246827230447827,0.0763297272908049,-0.004850605888891783,0.47183874950716226
2024-08-13 13:30:00,0.0016490146889263542,0.8361357825792741,0.0760869359397377,0.012683523980577815,0.48251721514605656
2024-08-14 13:30:00,-0.003966755425890068,0.842012758032857,0.07587487225680278,-0.0016332229455413572,0.47863618161000915
2024-08-15 13:30:00,0.005325304258280313,0.8322862710013164,0.08209315140549633,0.011919590455057158,0.49007587504666117
2024-08-16 13:30:00,0.003210420965299813,0.8305455450581765,0.0901131457075679,0.004135906995089848,0.4926786749767033
2024-08-19 13:30:00,-0.004172282860856077,0.8342808538134493,0.08736414134030945,0.003655390235276945,0.4959577182549117
2024-08-20 13:30:00,-0.008760790834977081,0.8389513391543226,0.07899518826594565,-0.005394556300556667,0.48023309571518497
2024-08-21 13:30:00,0.004272871613992034,0.8238845558211969,0.07824564500057474,0.006428343784806427,0.4961863098855008
2024-08-22 13:30:00,0.0035477160835018493,0.8282679913851609,0.08384262293615641,0.002699854869431695,0.4949834918479403
2024-08-23 13:30:00,0.008513396964865399,0.8660204792287568,0.06799191361419699,0.013192282786429107,0.4947730581506912
2024-08-26 13:30:00,-0.002719423025250005,0.8631159345670485,0.0741542910485935,-0.0030248420285772606,0.5002619203667942
2024-08-27 13:30:00,0.000635596553971905,0.8744973163148622,0.06662376957675242,0.0015737054741392642,0.5034631349901719
2024-08-28 13:30:00,-0.0013393464161705992,0.8779676488886157,0.06514733127312688,-0.0006654050939817191,0.5043691002498666
2024-08-29 13:30:00,0.0023205511939937127,0.8736442986947216,0.08308246441690614,0.004477063888740733,0.505371795071558
2024-08-30 13:30:00,-0.0013023140946621433,0.8750477809073737,0.08275576438920262,0.005037942991839461,0.5070383964068444
2024-09-03 13:30:00,0.001971578054722872,0.8752325032045456,0.07942380082269573,-0.001738016147604086,0.5063333719271003
2024-09-04 13:30:00,-0.0001621090534633079,0.8852314902996344,0.06986330090361925,-0.0017844949186647623,0.5120031094076161
2024-09-05 13:30:00,0.0036048290538449445,0.8932488372248272,0.06277713055059242,-0.008937013871797683,0.5200405813506046
2024-09-06 13:30:00,-0.005410413182219329,0.8747239378190529,0.06802945489405676,-0.009493428098480047,0.5154809508127425
2024-09-09 13:30:00,-0.0052721930077592035,0.870605554310238,0.07709799670486328,0.0019296168078432412,0.512564550628766
2024-09-10 13:30:00,-0.0005172864526562519,0.8820975834721241,0.06257722459223164,0.0036568344660335614,0.5131904118847074
2024-09-11 13:30:00,0.002554886799895469,0.8791825170490043,0.06323152307809676,0.00047370858000309973,0.5126900696076745
2024-09-12 13:30:00,0.001975172839753626,0.874169355624429,0.06463932926295235,0.005232342520603857,0.5153059303376057
2024-09-13 13:30:00,0.005785855240964815,0.8750358320217397,0.06577927961685537,0.009010414545531975,0.5146262662678451
2024-09-16 13:30:00,-0.0024670283390228237,0.8618550509225731,0.07895688269707257,0.003548115925059362,0.5230255532424976
2024-09-17 13:30:00,-2.5504530909357254e-05,0.8596439594772998,0.0799638416003009,-0.00914282844721733,0.5283930660374486
2024-09-18 13:30:00,0.0015836177659669097,0.8542665156979895,0.08661652815301235,3.622177247360655e-05,0.5398603842651412
2024-09-19 13:30:00,-0.0023932775935474,0.8532004415435589,0.09572775958392021,0.0022205371568575862,0.5412965283427313
2024-09-20 13:30:00,-0.0015814185016578344,0.854249893891609,0.0897648346170512,-0.005806457146775523,0.5437289909626385
2024-09-23 13:30:00,0.004809688493498102,0.8570068771398525,0.0936438398135433,0.00091435510391961,0.5436212270397738
2024-09-24 13:30:00,-0.002452024177382223,0.870922093076508,0.07855232753644792,-0.004580709563171618,0.5483984809758589
2024-09-25 13:30:00,0.001593713695110942,0.8727015775427717,0.07963846359669335,-0.007676165613648663,0.5454102292985569
2024-09-26 13:30:00,6.624778759495688e-05,0.8466919290268496,0.08851884876125604,0.0032946020632539743,0.5449638921314629
2024-09-27 13:30:00,0.002977669072579303,0.8419006880591346,0.10032595299270053,0.0027830323457103865,0.5430521060919332
2024-09-30 13:30:00,0.00018368505048183426,0.8479755449934823,0.10029299540972558,0.006102190786426783,0.5583472808669959
2024-10-01 13:30:00,-0.010423674433781303,0.8592504577914638,0.10106548983206354,-0.015791581015944984,0.5753782546095657
2024-10-02 13:30:00,-0.0017125569258716852,0.861915629413806,0.11413562388775228,-0.0033167629202596562,0.5755441931081717
2024-10-03 13:30:00,-0.0020367459766329667,0.8644838766754233,0.12125360852641925,-0.011631497411189481,0.585207711466489
2024-10-04 13:30:00,0.0017987782862989004,0.8799605466209477,0.12409537995151654,0.0036128414345923954,0.5773464012176418
2024-10-07 13:30:00,-0.005814590049758985,0.8861317481358801,0.10572522736196807,-0.011009271615735986,0.5830910352619663
2024-10-08 13:30:00,0.0009531930403336554,0.8855919308566603,0.10990287809241661,0.0066418654404122686,0.580813890758196
2024-10-09 13:30:00,-0.0007366036062796738,0.8733721368138512,0.11834590113063387,0.007218903425499172,0.5563223696044708
2024-10-10 13:30:00,0.002107708192569991,0.8147911234621356,0.104252032079439,-0.0010184029090030504,0.5533515623826589
2024-10-11 13:30:00,9.761536372579135e-05,0.8142889892206695,0.10301085125330978,0.008700975309957023,0.5086083262916592
2024-10-14 13:30:00,0.008025636562706842,0.8023645911758303,0.10395564344699054,0.012868247257381707,0.5352849224268109
2024-10-15 13:30:00,-0.0037262717075225264,0.8146203558318441,0.10301988160162454,-0.01342647231147672,0.5067585447063737
2024-10-16 13:30:00,0.009116388537446438,0.838509991652082,0.09418642053934162,0.012366862809502685,0.5117785918608303
2024-10-17 13:30:00,-0.008037652311006326,0.8409211686734261,0.09936176698024154,-0.013861975846360952,0.5118223599794217
2024-10-18 13:30:00,0.000733146763910543,0.8561746547947069,0.10178398723569262,0.005433971848318286,0.548257801958583
2024-10-21 13:30:00,-0.001552066410925446,0.8524467994398434,0.10495983600576428,-0.013338563011319896,0.6123957345218441
2024-10-22 13:30:00,-0.0010172013369370448,0.8551240038292494,0.10572152631512599,-0.0021311651913062946,0.6127475686714993
2024-10-23 13:30:00,-0.0010337557939998623,0.8481372136453091,0.11207768884398506,-0.006843694358662981,0.6232895831584249
2024-10-24 13:30:00,0.004219118956419504,0.8124068174311443,0.1421995759868373,-0.0002752221071770459,0.6262442994969158
2024-10-25 13:30:00,-0.0013634596082152048,0.7832541222128853,0.15594949677083125,-0.0058226276107025505,0.6351913913451878
2024-10-28 13:30:00,-0.001933583961985474,0.8132725249838807,0.14348148588279586,0.0012496208605865533,0.6448597483905628
2024-10-29 13:30:00,0.007518537655948452,0.8119327667766003,0.1444910629158438,0.005384194567622218,0.5898484957974802
2024-10-30 13:30:00,-0.002218880577810358,0.813730619388193,0.14948999481477165,-0.003966606067847415,0.5863359636812758
2024-10-31 13:30:00,-0.003737043352750694,0.8153523704104668,0.14921148972767728,-0.012725190630572055,0.5847221973141545
2024-11-01 13:30:00,0.005908585043502123,0.8258215533603865,0.15487103133775193,0.014375822519562265,0.5743117343985638
2024-11-04 14:30:00,0.0038132174750650613,0.8736285000770615,0.1747967699765387,-0.0020106882484292785,0.575503462412176
2024-11-05 14:30:00,-0.00016531377263494934,0.8763909073574986,0.17780355029275374,0.008792430615527147,0.578656627611721
2024-11-06 14:30:00,0.01658573420754674,0.8689913417824745,0.17986500262336547,0.020955598739381093,0.5712968289515358
2024-11-07 14:30:00,-0.004358208166516449,0.8348282202257172,0.2228496254777993,0.002915932670229678,0.571985096428865
2024-11-08 14:30:00,-0.010513899698006356,0.8270907424023741,0.2186605948693865,-0.002095384736748048,0.536381142644096
2024-11-11 14:30:00,0.020495046889421532,0.7848179311690345,0.21094037062586135,0.014580252219536701,0.5410043908257194
2024-11-12 14:30:00,0.0054887901667319255,0.7274533043962802,0.20845545387920905,-0.01072659694995796,0.5390930519685951
2024-11-13 14:30:00,-0.006191052234741645,0.6951319916284695,0.23013513786170264,-0.009177411061952209,0.5469966428514048
2024-11-14 14:30:00,-0.0003079748663250871,0.7288367755060475,0.22402385880532383,-0.01860619648202107,0.5638688481154951
2024-11-15 14:30:00,0.014830223445821028,0.7335986435251922,0.22297800122158076,-0.010571470348853676,0.5583031766804926
2024-11-18 14:30:00,0.004878498151084739,0.7053478665385124,0.1745235100460671,0.005622993080643217,0.556411773803896
2024-11-19 14:30:00,-0.00022236696655206028,0.7052905673611514,0.1659072737570132,-0.0016666986033352,0.5523010025319152
2024-11-20 14:30:00,-0.002477227820063721,0.7100535738680425,0.16434477610709514,0.007401897063953962,0.5459477836762792
2024-11-21 14:30:00,0.004191773989848592,0.6865916323075911,0.16973724402004997,0.010241446145632827,0.553319761440992
2024-11-22 14:30:00,-0.0011408592410068487,0.7083509269208389,0.16328389817868044,0.0028578205094078233,0.5472570897477448
2024-11-25 14:30:00,0.008319663698228778,0.71179836814606,0.15827761610941649,0.016678763441426787,0.5524097308723815
2024-11-26 14:30:00,-0.008230309667392754,0.740909042051663,0.15861975783784443,-0.002273261224342756,0.5557280690345713
2024-11-27 14:30:00,-0.0034514284270363077,0.7110174087328599,0.16606602980300728,0.002274695050231035,0.5561158719163856
2024-11-29 14:30:00,0.0025712573833004742,0.7045727823122667,0.16432667874053322,0.004152469094145905,0.5514672017185079
2024-12-02 14:30:00,2.4588925096773575e-05,0.7207335016403393,0.1583971574735361,-0.0017395948396573917,0.5534058922110447
2024-12-03 14:30:00,-0.0017321675285966696,0.7317688095352852,0.14741579582490533,-0.005778045231001523,0.5622068086007418
2024-12-04 14:30:00,0.004524700972375211,0.7377348312965796,0.15601887015963883,0.005879489026269891,0.5619485887215914
2024-12-05 14:30:00,-0.009157519090739667,0.7308289256102813,0.16213784182132565,-0.019721645334631426,0.5867298397501174
2024-12-06 14:30:00,-0.004574258873931199,0.769731539435869,0.1606104035210893,-0.005937389923579395,0.5810983710052606
2024-12-09 14:30:00,0.0021733670009234205,0.8023676787528247,0.14175748336466798,0.003222325381693092,0.5804461860117885
2024-12-10 14:30:00,-0.00031847171676353207,0.8201963603881564,0.12754690132267613,-0.0047842233943459584,0.5739945608591891
2024-12-11 14:30:00,0.003412525419419235,0.8353030138596387,0.12340613121576682,-0.008518793535615762,0.5530423125696172
2024-12-12 14:30:00,-0.001274034393573143,0.8108134826335129,0.13038971917091527,-0.011444761309240695,0.5636299103354233
2024-12-13 14:30:00,0.0007921195050751646,0.8076413075332146,0.13556438935696324,-0.0004735667065076295,0.5595184696434266
2024-12-16 14:30:00,-0.0012029739975561926,0.8071661745071252,0.14045224210219226,-0.008775789774375356,0.5518537791949286
2024-12-17 14:30:00,-0.011625425923559547,0.8224731333745998,0.13240938130488406,-0.012453535656099413,0.5475478002373374
2024-12-18 14:30:00,0.0025627574254730237,0.7920025573054628,0.15286787192474022,-0.015720715643583055,0.5302886079137763
2024-12-19 14:30:00,0.00017399139331329434,0.797272672691888,0.14308771442084411,-0.0060555330355325605,0.5282990666912987
2024-12-20 14:30:00,0.0011217536654747808,0.8013784304706808,0.1424948664693349,0.01356850618188917,0.5411868448697955
2024-12-23 14:30:00,-0.006323836095472704,0.8058581732064196,0.1421560071654402,0.0026789055748241233,0.5411282707601143
2024-12-24 14:30:00,0.0006253635024920075,0.7732901874596658,0.1483116095556844,0.003947470421625725,0.5390412623831804
2024-12-26 14:30:00,0.0026291167854443466,0.7734118761623525,0.14823646312810707,0.005263345355498883,0.5280505469366495
2024-12-27 14:30:00,-3.4764010773576104e-05,0.7663900799193734,0.14621285474166298,-0.005654882707905928,0.5291848140951081
2024-12-30 14:30:00,0.0016688578659031176,0.764568892406242,0.14754584682383404,-0.010098508090731354,0.5257009059211456
2024-12-31 14:30:00,-0.00271189626242959,0.7556154803528576,0.1463626633654027,-0.0006181001000580277,0.5242608587549206
2025-01-02 14:30:00,-0.0023772582606489774,0.7512054487944346,0.146253358805509,0.00022825506115324115,0.5169306988316175
2025-01-03 14:30:00,0.007181102422473197,0.7586214649830676,0.13582375322035647,0.015929462081991048,0.537169736540755
2025-01-06 14:30:00,0.004713856505506489,0.7839349275533211,0.1318667876414437,0.004766876034709415,0.5358469302318039
2025-01-07 14:30:00,0.0019035511158100316,0.7923390233299556,0.12853523422277188,0.006756203273403723,0.538277426023007
2025-01-08 14:30:00,0.007577746536021439,0.7966861884410978,0.12777969278027637,0.010912845180701089,0.5418965395451799
2025-01-10 14:30:00,-0.003262239771134509,0.8277396937440117,0.1173336248167079,-0.011566605466598897,0.5385365929983829
2025-01-13 14:30:00,0.006095644043260901,0.7953962146351834,0.13292655960597194,0.016001584637364747,0.5332618409650065
2025-01-14 14:30:00,0.010411014156592365,0.807431868111473,0.1297925024043537,-0.001519134424297038,0.5306809994024339
2025-01-15 14:30:00,0.0018299514427822369,0.8004556409709502,0.11021981479336873,0.007492859325037553,0.5273923137856306
2025-01-16 14:30:00,-0.0005858482910102943,0.7891086545584582,0.1109484190992076,0.0017306296386345732,0.5475939694634493
2025-01-17 14:30:00,0.009640755917866605,0.7835103935370433,0.11315506034871203,0.004469543834772087,0.537539031284954
2025-01-21 14:30:00,0.007171557690977295,0.7452276260854147,0.12301224155514168,0.02305712992198483,0.5707164393749217
2025-01-22 14:30:00,0.002070702912830365,0.7677911004023656,0.12719683264529635,0.0013301465758326358,0.5688199701617064
2025-01-23 14:30:00,0.0015840563763093885,0.7672990009399637,0.12551595883324612,0.014273641921136004,0.579535409573587
2025-01-24 14:30:00,-0.00030378250892585003,0.779391039089999,0.12084995876775395,0.0002644021999782901,0.5774774287547199
2025-01-27 14:30:00,-0.002922802998817418,0.7698932918149736,0.12432967118608673,0.014564399314190032,0.5857036362956783
2025-01-28 14:30:00,0.0036699111034784147,0.7291671484229898,0.13967258518488257,-0.0005605281288519892,0.5887053334906183
2025-01-29 14:30:00,0.0009866211571879962,0.7280044632286882,0.14050314816916964,-0.004191054987807401,0.5966519599077126
2025-01-30 14:30:00,-0.0021292208736340577,0.7261821587267794,0.14105984967088336,0.007708946800917567,0.5936757649885475
2025-01-31 14:30:00,-0.003801746957117375,0.7067676179764577,0.1404740782662618,-0.0073628627545729115,0.5859771936378428
2025-02-03 14:30:00,0.002237965459354544,0.7121970546844805,0.13294400845432475,0.003208835263183052,0.5831941309632677
2025-02-04 14:30:00,0.0004562347507538503,0.7197241186620635,0.12958503747737982,0.0001337516724999229,0.5797314478201309
2025-02-05 14:30:00,-0.003967433995708054,0.720991623701614,0.12810668551427018,0.005893857754797782,0.5714316234438929
2025-02-06 14:30:00,-0.015484860433834152,0.7505975420158335,0.09176604565923085,-0.0234982705250113,0.6078104214558934
2025-02-07 14:30:00,0.0021176926139169373,0.7865146749036473,0.09366375067593236,-0.003707805572208289,0.6267010628891052
2025-02-10 14:30:00,0.00963466655677142,0.7990179383939143,0.0949679469058683,0.007988399961236977,0.6277137756242527
2025-02-11 14:30:00,-3.169391789076053e-05,0.8367496369549492,0.08339641714610047,-0.00276672366175564,0.6291842826172888
2025-02-12 14:30:00,-0.004059946876629502,0.8423112482900245,0.08683018437981205,-0.004373985632251405,0.6256910571908808
2025-02-13 14:30:00,0.013561163663091699,0.8467883731758976,0.08080288390648582,0.017589503255560263,0.6244058241955636
2025-02-14 14:30:00,0.0024477236799920364,0.8408597138469849,0.08456783204709517,-0.006088911725121419,0.6310556026435742
2025-02-18 14:30:00,0.0006289558422937801,0.8470577323386392,0.11905474426113836,-0.0011130689679914225,0.6239968735959841
2025-02-19 14:30:00,0.0013215821192473342,0.8471944647645104,0.11855978741581591,0.013899967988736087,0.6347260932172771
2025-02-20 14:30:00,-0.01040445819324716,0.8516041006716919,0.11746310821084181,-0.005393287073353181,0.6414212171739653
2025-02-21 14:30:00,-0.020354605348279597,0.8474699298084156,0.11982224222105226,-0.026220336240466786,0.6509487190179759
2025-02-24 14:30:00,-0.0008363660774521396,0.8620657397804066,0.1317828278932397,0.0038842525881081316,0.6564392498380124
2025-02-25 14:30:00,-0.0015443334713239605,0.8567187371673881,0.13554926692883829,0.0036902632226767005,0.6283511830794763
2025-02-26 14:30:00,-0.0016695903673379676,0.840391647745778,0.13255350484299122,-0.00836670517279022,0.6204961628803042
2025-02-27 14:30:00,0.0011225114809718245,0.8477180056768475,0.14036914177924542,-0.00414755547402997,0.6020502208360999
2025-02-28 14:30:00,-0.00918204920800774,0.8493149082587764,0.1432940934891047,0.0033316054423471555,0.5956922230959526
2025-03-03 14:30:00,-0.006347307055526538,0.8288738739331782,0.13472922538453735,-0.007452952232462562,0.5915493742860278
2025-03-04 14:30:00,0.0037029945326492093,0.8050335903858962,0.15497001500463792,-0.002818389091048997,0.5813881629736147
2025-03-05 14:30:00,-0.001575212866532857,0.7918777223703254,0.15894394497038478,0.00950540311920367,0.5850213458751963
2025-03-06 14:30:00,-0.0057142467170776855,0.795700774050911,0.15153572926379377,-0.009205083721238294,0.5435096225049366
2025-03-07 14:30:00,0.003944605855272631,0.7756939278581998,0.1512945116321538,0.004413607755977396,0.5436587188844216
2025-03-10 13:30:00,-0.008538514112291675,0.7570427676679017,0.16382248634020646,-0.018692423802122993,0.5616479165467684
2025-03-11 13:30:00,0.005875433218125401,0.7774504894225385,0.16592715185483453,-0.002735598113032811,0.5645555998557736
2025-03-12 13:30:00,-0.004028455093350327,0.7561512108023835,0.17194211041549545,-0.009631263763513975,0.5845014059407372
2025-03-13 13:30:00,-0.002450188061166831,0.7834248000043086,0.16199863561085892,-0.008815450916413595,0.5852544297057478
2025-03-14 13:30:00,0.005364490205683629,0.7851741804153434,0.16271696224828935,0.01356494176705314,0.5963124680059457
2025-03-17 13:30:00,0.0045681070072209375,0.7905806535885511,0.16789280879591162,0.016840414495424987,0.6171833017728342
2025-03-18 13:30:00,0.004825732568338597,0.7925357126116761,0.17426339634397314,0.0010192774300157303,0.6226758829116844
2025-03-19 13:30:00,0.0011758354961049437,0.795002842392468,0.1656340902850444,0.004088678824156089,0.631374374727021
2025-03-20 13:30:00,-0.0011616733048279474,0.7959397034849335,0.17846747705299623,-0.002449574687212519,0.6305769308658553
2025-03-21 13:30:00,-0.0019954516041110325,0.7949972510881708,0.1798215548621213,-0.0031118224913347556,0.622995286811736
2025-03-24 13:30:00,0.005082663522242379,0.7982803455981627,0.17725516404380032,0.014646836559325674,0.6317250765836327
2025-03-25 13:30:00,0.009527225377617056,0.8175039726063947,0.18464749024997956,-0.0045345040854876855,0.6338893852860242
2025-03-26 13:30:00,0.005743864545749495,0.7908125463787472,0.17764850349125538,-0.0012214800680113713,0.6312912980585792
2025-03-27 13:30:00,0.0012265749705919465,0.7931417931534513,0.1671572666293496,0.0033711885021459054,0.6290289133576984
2025-03-28 13:30:00,-0.00491776416372466,0.792831053137248,0.16734239144747975,-0.009589802229164649,0.6278308443528354
2025-03-31 13:30:00,0.008249989540161146,0.800700133932611,0.17282827309598914,0.009747637097794767,0.6302108248133288
2025-04-01 13:30:00,0.017582451223471154,0.8404013540235511,0.14563310324396672,-0.0030649524017803222,0.6323620258725013
2025-04-02 13:30:00,-0.004878826367478323,0.7779717323771302,0.12498808573810238,0.0042175151135908084,0.6209361192431101
2025-04-03 13:30:00,0.003201538565533249,0.7677915743576209,0.11058750516418403,-0.0063857500072216355,0.5828344328883666
2025-04-04 13:30:00,0.0019441062392304628,0.7661271314716382,0.10666846547997355,-0.04619003507636832,0.6668647481705087
2025-04-07 13:30:00,0.0014649764577205964,0.755994930767712,0.105678612569439,-0.004022744556135531,0.6551661908261837
2025-04-08 13:30:00,0.013539949495639974,0.7460137913099306,0.10965104461971453,0.0004813989429320135,0.6266264228537404
2025-04-09 13:30:00,0.014270754414621903,0.758078155239047,0.07434621873078118,0.05263166039508086,0.7057470309770476
2025-04-10 13:30:00,0.009053679150478534,0.7813292679796808,0.10442431235321681,-0.017297685162571425,0.6964526772360639
2025-04-11 13:30:00,-0.0068679601544268006,0.7635953513026089,0.10725601688737874,0.008414565933727802,0.6996628147075592
2025-04-14 13:30:00,-0.00638588293704026,0.7675241540101634,0.09351085121140823,0.005759210449867047,0.7155389500498471
2025-04-15 13:30:00,-0.0025901893142095296,0.7702444702743109,0.08444259598281778,-0.00731593741853002,0.7163795672694714
2025-04-16 13:30:00,0.0040589991561567115,0.7886379829044884,0.07574178452093794,-0.005355078812819936,0.704259854020913
2025-04-17 13:30:00,-0.022925226147961456,0.7800629194881927,0.06902913036363978,-0.026768855437602806,0.638844100481541
2025-04-21 13:30:00,-0.01670949205480356,0.8315776275886027,0.03640815769479322,-0.03483259017823289,0.6440147761991479
2025-04-22 13:30:00,0.004574858973303723,0.8880009317976991,0.012890552847355852,0.021617341687884133,0.6551171477502055
2025-04-23 13:30:00,0.010995887963209473,0.8949297801959258,0.015350560463988527,0.01572415078161134,0.6572000646500734
2025-04-24 13:30:00,0.0019620881909745355,0.9122577230448518,0.017150494881697842,0.013507125442328386,0.6567388464788159
2025-04-25 13:30:00,-0.005351641827342958,0.9246420081848169,0.012148266685373721,-0.0010058466536118453,0.6543661577740992
2025-04-28 13:30:00,-0.0017211805975991764,0.9173442614293916,0.016344994287311176,0.0021616178558799457,0.6534242746269029
2025-04-29 13:30:00,0.000791182337341846,0.9219944504825499,0.014826748838982162,0.005407669241572617,0.6541132769672218
2025-04-30 13:30:00,-0.00649438008569895,0.9229740042995377,0.013700946043312845,0.0015705074025908299,0.6537082388402612
2025-05-01 13:30:00,0.017230321030105064,0.9187809317125475,0.012398949060067,-0.007888162906566428,0.6546165676218363
2025-05-02 13:30:00,0.002127933974314532,0.8428738288036198,0.04070943695448004,0.014280138111978516,0.6592014714644986
2025-05-05 13:30:00,0.0010846244645916433,0.8464651529261077,0.042782562133000135,-0.0017339236047564006,0.6516134351310349
2025-05-06 13:30:00,0.025158402891735283,0.8386348096535425,0.039439080518335334,-0.0005867054190909308,0.6488001812144332
2025-05-07 13:30:00,0.0024338725591678493,0.8410209609661023,-0.008593634305499753,0.008862498450704562,0.6489775707166551
2025-05-08 13:30:00,0.005499260844512216,0.8382366495851192,-0.005324982790844479,-0.002103262649959451,0.6479118033266672
2025-05-09 13:30:00,0.004612770438225781,0.8287095261880113,-0.0003321264040772043,-0.004400174656035372,0.6472479072278888
2025-05-12 13:30:00,-0.006015106766858885,0.8239317139510772,0.0009008090313815664,0.014389574471255218,0.6458484269853803
2025-05-13 13:30:00,0.00033097737669622596,0.814302652470801,-0.007151202420258573,-0.023994136865648958,0.6258854395860252
2025-05-14 13:30:00,0.014299161895578966,0.8201594133027691,-0.01042280024968456,-0.004822465740479546,0.6302840663849357
2025-05-15 13:30:00,-0.003250938018804506,0.7833995512758998,0.001425496645358626,0.007053081597039472,0.624185395169578
2025-05-16 13:30:00,0.00463661360221081,0.775467381391256,0.0017006791576856806,0.020301112523969083,0.6316563682675453
2025-05-19 13:30:00,-0.004520388562001033,0.7919370829723336,-0.002229991976721468,0.0030763198799410954,0.6303867111635665
2025-05-20 13:30:00,0.0008988357708105896,0.7873051845077614,-0.007230460989420262,0.0026800429345082235,0.6283372588971236
2025-05-21 13:30:00,-0.009119880760127465,0.7973547698312159,-0.01349078656188174,-0.02724556100453679,0.6500193886549671
2025-05-22 13:30:00,-0.010263967896734125,0.8273660650918823,-0.023053218928695496,-0.01671718013681563,0.6556907857480073
2025-05-23 13:30:00,-0.0024905300629558995,0.8370281785374148,-0.02816088727556998,-0.003762525259126089,0.6609685537014228
2025-05-27 13:30:00,0.00337798265536904,0.837661294077402,-0.028959487573203158,0.01497948080664487,0.6673913684966027
2025-05-28 13:30:00,-0.0014782540571178053,0.8476497046412281,-0.02975273429039882,-0.005640754439144986,0.6718825345343403
2025-05-29 13:30:00,0.0016080884569971664,0.9039287198493717,-0.07029433566354626,0.006149801045563989,0.6740848003202203
2025-05-30 13:30:00,0.0034278138981434026,0.9136950431191627,-0.07589813389038158,0.006558736625926542,0.6733799693396058
2025-06-02 13:30:00,-0.0020393184147097106,0.9181373317082498,-0.07942576887520758,-0.0035416896458504064,0.683369877170065
2025-06-03 13:30:00,0.0034749756134404416,0.9286354458736297,-0.0887814241490173,0.0044418608991073265,0.6848409182320161
2025-06-04 13:30:00,-0.0027960923636403635,0.9274324469671469,-0.0876464634059993,-0.0011325381124365579,0.6818975789557458
2025-06-05 13:30:00,0.0024634017982637585,0.9186913333520522,-0.08717595578606618,0.0011383154185229394,0.6828246527964484
2025-06-06 13:30:00,0.0007938110589600514,0.9284697387709708,-0.09183471089761158,0.007761425401946909,0.6797957188376236
2025-06-09 13:30:00,-0.005287695315326716,0.9268004646684221,-0.09110537448591433,-0.006884881414421081,0.6799434357236973
2025-06-10 13:30:00,-0.010150403404802062,0.9305950698345735,-0.09538031099197103,-0.0006799550476343322,0.6775508865651935
2025-06-11 13:30:00,-0.002782431358064735,0.9147157220851397,-0.09371745851041172,-0.0013105141602633614,0.6727770229041786
2025-06-12 13:30:00,-0.005433246856230005,0.9027563051334746,-0.08888538362311732,0.001626410825422031,0.6729265705086295
2025-06-13 13:30:00,-0.0026421020216136648,0.8982605175923619,-0.08821156366377775,-0.00631207968283017,0.6735034550203025
2025-06-16 13:30:00,0.004282242365784404,0.9028971419758647,-0.0915351631552242,0.0017484927041109637,0.6748693904747253
2025-06-17 13:30:00,0.00626589860051021,0.9081802379598989,-0.09567122881205489,-0.00726702950985747,0.6741446803080233
2025-06-18 13:30:00,0.005424979822957509,0.8992631272023691,-0.09325120082207489,0.0032393862358754224,0.6702616161078616
2025-06-20 13:30:00,0.0005997378646780006,0.897699204992219,-0.09653662573732164,-0.00338530685067695,0.6694784737274597
2025-06-23 13:30:00,-0.0035209180160490922,0.8992215490167397,-0.0949785468526596,-0.002107536235535353,0.6694842478018285
2025-06-24 13:30:00,0.007838541152529735,0.8980406804088404,-0.09479995909718844,0.01706055671667898,0.6747862561619398
2025-06-25 13:30:00,-0.007950239054351353,0.903187166187209,-0.09381589204421528,-0.006524538172546723,0.6746509297315901
2025-06-26 13:30:00,0.005921479485911905,0.9022862533311664,-0.09505056469596979,0.00760984534444642,0.6703703363624235
2025-06-27 13:30:00,0.008878898347053498,0.9368370132050035,-0.11836289747294709,0.007802355175155373,0.6709948454157068
2025-06-30 13:30:00,0.0017252820837865878,0.9368775250138415,-0.11028625309313267,0.007847577813171025,0.6719497485872018
2025-07-01 13:30:00,-0.00809774966202361,0.9395059099233135,-0.11224432819558211,0.005081876897465014,0.6879067435352706
2025-07-02 13:30:00,-0.02241078936023331,0.9161898545376275,-0.10229288423826866,-0.03356354650210073,0.6480024200153071
2025-07-03 13:30:00,0.002869692168374075,1.0105887985075024,-0.17253145002411263,0.0029993228278786255,0.6527968610432919
2025-07-07 13:30:00,-0.005924178741009324,1.0102812773917051,-0.1722440072692818,-0.011069565839820291,0.6780319190718199
2025-07-08 13:30:00,0.002138245242453338,0.992348126142622,-0.15006709921977834,0.004614582923472092,0.6221952572991364
2025-07-09 13:30:00,0.003952000175334377,0.954074925864022,-0.19939166774920336,0.0001897196258746995,0.6572029492913823
2025-07-10 13:30:00,-0.008059690170465974,0.9429584473159001,-0.18658986021772028,-0.0033661923936599094,0.6515771620098918
2025-07-11 13:30:00,-0.008966694600999067,0.9341723786641349,-0.1863374638067269,-0.013843026236766106,0.651742299721569
2025-07-14 13:30:00,0.006519451200001997,0.9328173504499176,-0.17625493105442525,0.002883609837341261,0.6512997478165249
2025-07-15 13:30:00,-0.004154534695727206,0.9202027879357513,-0.16596687905881846,-0.01627701746750443,0.6575218685573373
2025-07-16 13:30:00,-0.005746143160034255,0.9236708718603197,-0.1598742172901042,0.002192958488527482,0.6977627474827012
2025-07-17 13:30:00,-0.0016337882696869453,0.8716647749698627,-0.13156982994371202,-0.012017310595226963,0.6702168082729464
2025-07-18 13:30:00,-0.011569584296429758,0.7992860650071079,-0.10394369453093288,-0.014687081005932967,0.6428429013155422
2025-07-21 13:30:00,0.002761478405340293,0.7694374988849224,-0.08831812515662907,-0.0012060216643701531,0.6318329931738463
2025-07-22 13:30:00,-0.005348376834678958,0.7778407571635815,-0.10646489706865447,0.0080633584429081,0.6410887406506954
2025-07-23 13:30:00,0.0033629727979751483,0.7553894181923202,-0.10627672544674882,0.017037636200170663,0.654570447020563
2025-07-24 13:30:00,-0.02308644889145604,0.7791941326096883,-0.11749245622782767,-0.025030534232907686,0.6616452982965431
2025-07-25 13:30:00,0.006211912025276247,0.7727834892687435,-0.10260314953820326,0.010169718198745162,0.66354749283175
2025-07-28 13:30:00,0.0027915578798220577,0.7800350094772808,-0.10701104768345959,-0.002739517400878929,0.6650076262750919
2025-07-29 13:30:00,-0.0014474013797527692,0.78062283892819,-0.10767125618483053,-0.005501618379434081,0.6595191030682237
2025-07-30 13:30:00,0.013461944091969881,0.8714520017013636,-0.1468981787198771,0.01122165646188785,0.6485460665023616
2025-07-31 13:30:00,-0.0017817282925614124,0.8462032680774195,-0.13458959972203566,-0.02458720445784383,0.6679123443091703
2025-08-01 13:30:00,-0.017789859787792486,0.8532258655118516,-0.1376370455054099,-0.013644409584486835,0.6690197595025715
2025-08-04 13:30:00,0.005570960259097368,0.8007111312911861,-0.035820813520440975,0.016679620659322863,0.6708522096470961
2025-08-05 13:30:00,0.005279737308285371,0.8099609689967824,-0.03646175427113996,0.002161470235441887,0.6580840001145952
2025-08-06 13:30:00,0.0016658438381799666,0.8272429437976098,-0.05028301453559292,-0.010341569917839041,0.6594406919394433
2025-08-07 13:30:00,0.015307354232822475,0.8180189478056346,-0.03872994371318306,0.006269738036902635,0.6528773054493099
2025-08-08 13:30:00,0.013449098328909458,0.8007026052624289,-0.03490191951338484,0.020541725493333995,0.6876704223008937
2025-08-11 13:30:00,-0.002300752367680539,0.8367100989088264,-0.05303421473270298,-0.0012977053796732196,0.6863066215378898
2025-08-12 13:30:00,0.008575737318754061,0.8994464726045936,-0.05784788032828925,0.013593509229217279,0.6935552102934137
2025-08-13 13:30:00,0.003414557671213226,0.8990213414783136,-0.036826379855474545,0.016703788088567356,0.6817318933518463
2025-08-14 13:30:00,-0.005493985165103075,0.8894111560714427,-0.027204648706521395,-0.001038266966171005,0.685378996073717
2025-08-15 13:30:00,0.002529759656990765,0.8900703453165942,-0.024154458028678882,0.017180020139633417,0.6797172111496677
2025-08-18 13:30:00,0.0030294699978972084,0.9049695282729454,-0.031247136994616898,0.0010654243891776345,0.6505304824030095
2025-08-19 13:30:00,-0.0018600605763870997,0.8840838930613967,-0.04211108721308576,0.004458094586985799,0.6447938807070577
2025-08-20 13:30:00,-5.860726156789887e-05,0.8600330037919105,-0.03262028070324907,0.004440681908734774,0.6403546679244374
2025-08-21 13:30:00,0.0022190411183791495,0.8600986180536521,-0.03344325495868483,-0.0009207615003798223,0.625556878867416
2025-08-22 13:30:00,0.008539908844172422,0.8417742045203291,-0.024755050800087552,0.015205739772527002,0.6333766149645713
2025-08-25 13:30:00,-0.00017083756236234773,0.8508862845519193,-0.02186072027016117,-0.011790407081009313,0.6390630210117059
2025-08-26 13:30:00,-0.004759207450980889,0.8515747472144293,-0.02487355993449969,0.000244233952856406,0.6396393789714631
2025-08-27 13:30:00,0.004992378224616463,0.8369444399445238,-0.014553471847121857,0.004440779472358621,0.6364592931858654
2025-08-28 13:30:00,0.0009481793944445312,0.8216651040883314,0.0018121471297924963,-0.002291308901506676,0.63561167540155
2025-08-29 13:30:00,0.0028505921432431134,0.8236209043496052,-0.002897783211968319,0.008901757164013535,0.6373829446714173
2025-09-02 13:30:00,-0.0016935221887735337,0.833991103263509,-0.009878227574600884,-0.001237781926650879,0.6348146860172419
2025-09-03 13:30:00,-7.507321032411505e-05,0.8403661418890639,-0.016433031785942354,-0.004182107949387263,0.6352258182020877
2025-09-04 13:30:00,0.0019517812162311498,0.839579714605881,-0.01672444551306762,0.005172678021654257,0.6343995494510436
2025-09-05 13:30:00,0.0035799467734284485,0.8405350488872501,-0.01878048149061662,0.006052646477112529,0.6377610985808961
2025-09-08 13:30:00,0.0008693345345327074,0.8545237260379227,-0.008336806697431753,0.0006504659669109477,0.6387341092751946
2025-09-09 13:30:00,0.0003574768583603444,0.8582976525276553,-0.013073303240854206,0.004888694811382137,0.6324342393924473
2025-09-10 13:30:00,-0.009241175679386118,0.870749011496894,-0.01905354756232902,-0.016941103959054016,0.6349553779511634
2025-09-11 13:30:00,0.004319664017420842,0.8805225877128138,-0.01377146865457124,0.019379778090646022,0.649251741229865
2025-09-12 13:30:00,0.0020477450768959862,0.8939261651420682,-0.010821230758811029,-0.008074281190908028,0.6512765616056357
2025-09-15 13:30:00,-0.004194751643658725,0.9118215214400391,-0.010156026834522991,-0.011911028979738725,0.6571538890479904
2025-09-16 13:30:00,-0.005158216678359411,0.9237088454389687,-0.013850536767532007,-0.005204172423094418,0.6565719329263852
2025-09-17 13:30:00,0.0015930091997429926,0.9263596430277657,-0.014781996476326609,0.003414994196977069,0.6597945894853228
2025-09-18 13:30:00,0.007487844508928809,0.9295019938487963,-0.017428489641873046,0.008776176055755869,0.6492749884405592
2025-09-19 13:30:00,-0.004725810112664505,0.8994386605832914,0.0044858255634789845,-0.0059535252995217185,0.6492639896650237
2025-09-22 13:30:00,0.010122722194173647,0.9027286360246654,0.002975224352234518,0.009945263862469004,0.6513798629253572
2025-09-23 13:30:00,4.5362128826626196e-05,0.8825121985649386,0.02289913099471208,0.0019229863791297985,0.6488910617835236
2025-09-24 13:30:00,0.004776600649364537,0.8791183099236375,0.03301292087265839,0.001474325640440255,0.640761468550838
2025-09-25 13:30:00,0.002893094944343484,0.865317003253722,0.04084605617066883,-0.012107686464016313,0.6504178126966392
2025-09-26 13:30:00,0.0018839663970823244,0.8856188475653444,0.027492405990663493,0.011529098898745834,0.671297657358603
2025-09-29 13:30:00,-0.005718117092251998,0.7504935966252688,0.12446398558850891,-0.0016602432614093814,0.6709529909414108
2025-09-30 13:30:00,-0.01180166265409631,0.7546739096855718,0.11681523921963155,0.007297388928086734,0.6652992788434836
2025-10-01 13:30:00,-0.027283266045510093,0.6880719351919473,0.13616750908861186,-0.00440642198918421,0.667927582070814
2025-10-02 13:30:00,0.005871290967595042,0.5295065359543344,0.18777726622976287,0.007060301183737201,0.669825663794647
2025-10-03 13:30:00,0.0025604861733710058,0.4914399714298197,0.23767092015863495,0.010494690625449795,0.6789481812680265
2025-10-06 13:30:00,-0.0009678853829928986,0.5021417320281909,0.23646936997752044,-0.0033037262370587683,0.6727694153695967
2025-10-07 13:30:00,0.0028666474310389198,0.5021352934777903,0.22676391221866066,0.003337399433231858,0.6679206319433514
2025-10-08 13:30:00,0.0009414057105193415,0.5035207668274453,0.22487132827057815,0.0057361498030437845,0.6615902370208143
2025-10-09 13:30:00,-0.009447736251087411,0.5006954135738231,0.22461116501310624,-0.008255789111144515,0.6655645095916092
2025-10-10 13:30:00,-0.01059251584221274,0.5200284963510191,0.22656651963025182,-0.02134839894149439,0.6851290937732862
2025-10-13 13:30:00,0.0017692460904403118,0.5179065823037139,0.24631541565249976,0.0018429773687234825,0.6990529549660275
2025-10-14 13:30:00,0.010109654736774505,0.5222133571979337,0.22874230621686825,0.011218474278064031,0.7015886780269107
2025-10-15 13:30:00,-0.004960298435227335,0.5332496276597676,0.22056832336720694,0.002683255871902842,0.6984496223662932
2025-10-16 13:30:00,-0.0009658860212882286,0.5614692131240921,0.19712681100756307,-0.0027478422858049356,0.6906472712443378
2025-10-17 13:30:00,0.0005374094630736783,0.5540238803392176,0.19812768346812948,0.004033581059339745,0.6819988914524683
2025-10-20 13:30:00,0.0077450930458613145,0.5558104107515357,0.1709181855896979,0.017399573648842443,0.6906917982528169
2025-10-21 13:30:00,0.0004218865417386949,0.5507284181052803,0.18791720900761144,0.0006745805377964542,0.6903725016153945
2025-10-22 13:30:00,0.007399281042827631,0.5541096757179744,0.19281045901258542,0.0066261746809070194,0.6627306364606028
2025-10-23 13:30:00,-0.0019530158613458167,0.575852599205013,0.1671542609489342,-0.0012636719763159387,0.6682344825028482
2025-10-24 13:30:00,0.004337334916766179,0.5856195504151989,0.1629464888253248,0.005554700543162723,0.6230348923743677
2025-10-27 13:30:00,-0.001683881469393943,0.5267057816173921,0.17688032038807333,0.004764483693339557,0.625721126508666
2025-10-28 13:30:00,-0.0032074259881149873,0.550437214796342,0.16183286445744044,-0.006072545892328973,0.6270091092720508
2025-10-29 13:30:00,-0.002607035346298364,0.5399791791294859,0.16191769293026992,-0.009567891048632279,0.6439614201879158
2025-10-30 13:30:00,-0.022337027115481703,0.5506148869709919,0.1637184030572953,-0.01971155804795784,0.6311991595769667
2025-10-31 13:30:00,-0.00658363912793727,0.5515699975753814,0.1532447972760686,-0.0056793186402080975,0.6434697025769517
2025-11-03 14:30:00,0.010844152034737318,0.5960849522335516,0.15683417819903728,0.007704889884840194,0.6283865884449475
2025-11-04 14:30:00,0.004973939469207704,0.5858866664900619,0.13512994011398066,0.005371772823919023,0.6276803860416565
2025-11-05 14:30:00,-0.006554455129025274,0.5985237345575682,0.12200006271833053,-0.00292340739261876,0.6212063775151848
2025-11-06 14:30:00,-0.01101263129685117,0.5969563433339411,0.10846104206751933,-0.009785623683249386,0.6099524808027077
2025-11-07 14:30:00,0.006549456019155366,0.5841925110795767,0.10430040645645183,0.0070350994471630734,0.6109609741666163
2025-11-10 14:30:00,-0.009759037785039242,0.5916144882777432,0.09747296449321313,-0.004133159842975798,0.6185288980817386
2025-11-11 14:30:00,-0.002923833034276232,0.5514586468079598,0.09577633137459546,0.01321708744502792,0.6288197500386083
2025-11-12 14:30:00,-0.0019135137138977147,0.5437936307405703,0.09383965698062591,0.005891965783907087,0.6213766100595414
2025-11-13 14:30:00,-0.008817433166718385,0.5295882521495576,0.10349019164068274,-0.0110899537577737,0.6272011035992214
2025-11-14 14:30:00,-0.00762184300435153,0.518124802882203,0.1223985725917035,-0.008411972398310893,0.6393659712698921
2025-11-17 14:30:00,-0.003758296745814399,0.5418633762064673,0.10766322411779194,-0.003447856824435639,0.6230027330890227
2025-11-18 14:30:00,-0.005145251027484851,0.5306270284513626,0.1037894024403157,-0.001715795446651754,0.612768750328487
2025-11-19 14:30:00,0.00010251562352443485,0.5238713810436204,0.10426843257701696,-0.001405732228434653,0.6099781181616587
2025-11-20 14:30:00,-0.0003734193491610263,0.5256010444502934,0.10505491953481733,-0.004128022832465199,0.6048901122873905
2025-11-21 14:30:00,0.015914886713771084,0.5283042609877535,0.10360633316174156,0.029611536700823837,0.6477348772605224
2025-11-24 14:30:00,0.00835365360538995,0.5923242314604129,0.11580636561180452,0.01375269008714223,0.6487228499530449
2025-11-25 14:30:00,0.005490901215980485,0.5699062483714694,0.14230705410314415,0.020505138027244223,0.6700636777809524
2025-11-26 14:30:00,-0.0002938549660002872,0.5841732192474406,0.15759728808338025,0.0003400633157143451,0.6678361777004316
2025-11-28 14:30:00,0.002422706801055262,0.5790256407933079,0.16018440718545318,1.2583605065989248e-05,0.6703939092572785
2025-12-01 14:30:00,-0.00046650816962748136,0.569291159941657,0.16499314016448835,-0.01342300981784302,0.6801287766695424
2025-12-02 14:30:00,-0.0018684679724231693,0.5702039256720857,0.16110761381862032,-0.007151855892991203,0.6823524287769588
2025-12-03 14:30:00,-0.00730505031237172,0.5683091767988548,0.16719838368603618,0.00010231959709165277,0.6950926525713457
2025-12-04 14:30:00,0.0034548284221363303,0.5753632894566194,0.15297188295830844,0.000859858420488487,0.6897403814291838
2025-12-05 14:30:00,-0.003452174180208051,0.5481831399170427,0.15300448270903866,-0.005533104796693704,0.6701487388901506
2025-12-08 14:30:00,-0.003793749040569027,0.5287629486530357,0.15024550254657698,-0.009803173025793662,0.6664401162015213
2025-12-09 14:30:00,0.005012445515228215,0.5402609065336443,0.1501635243333087,-0.0032314347998529205,0.6573008728822353
2025-12-10 14:30:00,-0.0012848612246882012,0.5253980791650776,0.13778348664193774,0.007330760170222013,0.6615200690438577
2025-12-11 14:30:00,0.006335763757906462,0.5223990233588515,0.13813162574106386,0.01237799713821123,0.6512018559169345
2025-12-12 14:30:00,-0.0004367744664663185,0.5325256910096087,0.13804739201973093,0.0013510458582864926,0.6539067196195298
2025-12-15 14:30:00,-0.004683389439564617,0.5414929581609195,0.12557342770493085,0.0021911163623916283,0.649700326024541
2025-12-16 14:30:00,-0.005034102976575728,0.5304113756439316,0.12718850823479366,-0.012791181943045885,0.6561314870387093
2025-12-17 14:30:00,2.3655175590109323e-05,0.5555215265627125,0.1122515016881751,-0.001970373229465139,0.6572354283791753
2025-12-18 14:30:00,-0.0004211312129768919,0.5538638933319815,0.11352074046209754,-0.0008619453690653645,0.6660447840837368
2025-12-19 14:30:00,-0.0025499280305652395,0.5607394814364015,0.10955637164762017,0.004324770303212692,0.6583634164807322
2025-12-22 14:30:00,-0.0008440040042121044,0.5619071946454897,0.10616687275313885,0.005351420914958623,0.6562727763314702
2025-12-23 14:30:00,-0.004354078127900788,0.558991650383053,0.10077265064718999,-0.0062862595993248655,0.6587719348958513
2025-12-24 14:30:00,-0.0009955766317392037,0.5571505818020144,0.1079351704002866,0.0031347195366970095,0.6568661795224676
2025-12-26 14:30:00,0.00402654262274737,0.5900856990059367,0.10021349823319314,0.00392608316093231,0.6571564106631618
2025-12-29 14:30:00,-0.001394139493456484,0.8020644405854331,0.05168312767554817,-0.003285245901617421,0.6589021078219531
2025-12-30 14:30:00,0.0010233633484395316,0.8188956117725733,0.041816274376919815,-0.00024281903722689346,0.6555483136566087
2025-12-31 14:30:00,-0.0035545380289255073,0.8158182728036691,0.03919244881722228,-0.00808226880354875,0.6584838234154237
2026-01-02 14:30:00,-0.0005577492778545811,0.8247768373318584,0.03724670693094001,0.0030998483470754032,0.6632573160125123
2026-01-05 14:30:00,0.021171531340819876,0.8253524607755913,0.037603157375918794,0.018253053597254487,0.6774389854585801
2026-01-06 14:30:00,0.005549731231897923,0.8256158624520797,0.008420041223168084,0.02192761924583464,0.6935967228088961
2026-01-07 14:30:00,-0.017523972364063826,0.8420087389873521,0.013933583115024906,-0.008666662350910773,0.6688795903801462
2026-01-08 14:30:00,0.01116617046485524,0.8136094240168832,-0.030163983526180327,0.003967441369349049,0.6648609201081239
2026-01-09 14:30:00,-0.0025971224642361377,0.7985917248531589,-0.04590122147046216,-0.00698120805871764,0.662677641236375
2026-01-12 14:30:00,-0.005801400952811186,0.7981252578063044,-0.0434779429681067,-0.005247168719316335,0.6643780058190591
2026-01-13 14:30:00,-0.007662930937607462,0.8059701602712843,-0.04978428023412995,-0.010908350242506804,0.6699000406348586
2026-01-14 14:30:00,-0.0022553867415718233,0.8169471219252956,-0.0518993998481978,0.0023376139901621165,0.6768532756431701
2026-01-15 14:30:00,0.014860734042644746,0.8190502759731837,-0.05519530729193434,0.01126620876867975,0.6524907331576798
2026-01-16 14:30:00,-0.007249377657774641,0.8027511559127608,-0.08973559331104441,-0.013366312394234914,0.661590101399099
2026-01-20 14:30:00,-0.000822584048949789,0.8219583658233505,-0.09434158463336917,-0.003460340833158937,0.6983299172968959
2026-01-21 14:30:00,-0.004435436161979745,0.8199992935656099,-0.09281593872625515,0.008514998072731187,0.7015512782934895
2026-01-22 14:30:00,0.004353458832386263,0.8067124235319806,-0.09405787868294957,0.0020187710090890563,0.676850744506751
2026-01-23 14:30:00,-0.0027648980491002304,0.799476212111041,-0.08583562641226061,-0.004552953559752604,0.6786152831915473
2026-01-26 14:30:00,1.5633186710271516e-05,0.8129253431593946,-0.09741058429609184,0.003353119649883126,0.6753357138665187
2026-01-27 14:30:00,-0.03422448372414456,0.8144862064874505,-0.09814844638935794,-0.0483909158713155,0.6180719031530161
2026-01-28 14:30:00,0.003464630289827965,1.0028244046826547,-0.16435350976941887,-0.0005778223434168191,0.6059779069965878
2026-01-29 14:30:00,0.0026028022888524146,0.9946185215404331,-0.16084072783104642,-0.0015771521444667795,0.6002026834762265
2026-01-30 14:30:00,-0.004701947167948117,0.985482949362243,-0.1558587274562686,0.003639580907869755,0.5951484756945842
2026-02-02 14:30:00,-0.0034595068729095365,0.9648882141895134,-0.13819670831748743,-0.0004160924586669538,0.5891293818256536
2026-02-03 14:30:00,0.0039546488673100665,0.9663358309257821,-0.14200731919433296,-0.006248591266146149,0.5907347261500625
2026-02-04 14:30:00,-0.031536721759225145,0.950081099904499,-0.13449540230340185,-0.017151077715544288,0.6081759082304321
2026-02-05 14:30:00,0.006746288828583592,0.808208738513456,-0.04895130914661261,0.0023677692641291084,0.6046730074652703
2026-02-06 14:30:00,-0.0055409057110812525,0.8107551663159005,-0.06661134889898357,0.00684362882523241,0.6177612817149462
2026-02-09 14:30:00,-0.0019111900099228864,0.8134318455492049,-0.07270843649907899,-0.009428013420627638,0.6125526297754594
2026-02-10 14:30:00,0.009479779920660555,0.8217917804899819,-0.0714820394105018,0.0047116380211650695,0.6176559830750419
2026-02-11 14:30:00,0.010622290287092676,0.826554064237844,-0.07816507849518062,0.01594811141162163,0.6213126933864804
2026-02-12 14:30:00,-0.011915214107122995,0.8673252047334323,-0.1102620489129017,-0.012002587615672558,0.6131969785310498
2026-02-13 14:30:00,0.004244761215571989,0.8588239096253342,-0.09741773830557565,0.013691703330123817,0.6234201935004892
2026-02-17 14:30:00,0.006144820276577634,0.8728528589043727,-0.10231162501362145,0.0030100180715325977,0.6198986630020701
2026-02-18 14:30:00,0.005969244943578302,0.8690236287772575,-0.09525481640354372,0.006884581386694381,0.6173540737302529
2026-02-19 14:30:00,-0.0015160146792965604,0.8680424093922368,-0.09265625788862086,-0.004614298429172751,0.6229268043858779
2026-02-20 14:30:00,0.0008686027832460076,0.8708964572380062,-0.09366657163698888,-0.000119505194039915,0.5916479422632082
2026-02-23 14:30:00,-0.008527043198754481,0.8121374816003085,-0.09975940611522471,-0.0013704336411980804,0.5867097750975561
2026-02-24 14:30:00,-0.0053405906868494715,0.80924322775289,-0.12793347818842093,-0.010967179931018626,0.5633120226964038
2026-02-25 14:30:00,0.010870209837210326,0.7913041679141757,-0.13242353063009937,0.011572043967411924,0.5692461800761086
2026-02-26 14:30:00,0.008296297069761345,0.8052003692476107,-0.14518081514223802,0.006895002401476964,0.5708201085222034
2026-02-27 14:30:00,-0.0137793098175089,0.8103528612185869,-0.15030123468770307,0.0008844619403196585,0.5597679333358475
2026-03-02 14:30:00,0.004793917448425291,0.7285089008922031,-0.13660971328251303,-0.001920952502214875,0.5517329059575452
2026-03-03 14:30:00,-0.005682455789579713,0.7098561656559795,-0.13823172698131236,-0.010366052359562561,0.559238548756748
2026-03-04 14:30:00,0.006407558086730986,0.7187968081636745,-0.1347667976328648,0.004642863347160575,0.5565123785755901
2026-03-05 14:30:00,-0.002350878425775473,0.7377097152911949,-0.1348936566022595,-0.014411492749324148,0.5721131364713744
2026-03-06 14:30:00,-0.007633942714587397,0.7421037241224646,-0.13399202831749624,-0.013576299498499441,0.5794587215137592
2026-03-09 13:30:00,0.0020090764499851345,0.7589451816683208,-0.13888857649526776,0.006267884386077134,0.5817532589257661
2026-03-10 13:30:00,-0.010758527516240079,0.7645837520801261,-0.13274083505058643,-0.016583977601613786,0.5913889039387868
2026-03-11 13:30:00,-0.0009834180095577932,0.7946246035720175,-0.14099537557469266,-0.0013780141228129095,0.593846946770773
2026-03-12 13:30:00,-0.009841819744812297,0.7786068748811261,-0.14013022746798676,-0.019375470401326183,0.6075734740203332
2026-03-13 13:30:00,0.0029795512330569795,0.8011214087060567,-0.13078626741962415,0.0018480939648147048,0.6073938527272614
2026-03-16 13:30:00,0.0033837719354752535,0.8348809290599514,-0.14313462292059376,0.007739923046629811,0.6001802917413732
2026-03-17 13:30:00,0.012188881485866445,0.8340196845232528,-0.13919160656140894,0.004307927723393501,0.6019270210121559
2026-03-18 13:30:00,-0.003434828372368477,0.7958642951605528,-0.1274965283181314,-0.013569077565455445,0.6089692153737261
2026-03-19 13:30:00,-0.001087763596424634,0.8048352358076569,-0.12710033452261787,-0.00526721818563447,0.6082668802173764
2026-03-20 13:30:00,-0.00724632358410229,0.8062668706331955,-0.133499310254354,-0.012081040213594388,0.608512935740647
2026-03-23 13:30:00,0.0031575827457338964,0.8113926118773971,-0.1347893412188636,0.001796529504121162,0.6060585676009218
2026-03-24 13:30:00,-0.0045102809445118144,0.810452085802885,-0.13371585573214242,-0.002025134399922579,0.6035276573181455
2026-03-25 13:30:00,-0.0006056425733319964,0.8025857197327239,-0.12867732534987036,0.002717152174154025,0.602670403934205
2026-03-26 13:30:00,-0.0023401139224928807,0.7986946192953751,-0.1254228884709837,-0.00505063454262374,0.6014458426448823
2026-03-27 13:30:00,-0.014382968976291453,0.8022779034003592,-0.1283905273601943,-0.02356891614328893,0.6199110942326408
2026-03-30 13:30:00,-0.008244730212847539,0.8234864087199504,-0.11025168838609925,-0.00427890502920832,0.6168389833798381
2026-03-31 13:30:00,0.010128935647654165,0.8052155885280013,-0.10192444711100318,0.018069511293891855,0.6339934243130335
2026-04-01 13:30:00,-0.0014234451209533417,0.7974729156594252,-0.0645583063811882,0.004254251331448078,0.6209552606999452
2026-04-02 13:30:00,0.008604104990745329,0.7874878548264331,-0.05058892598171982,0.00353864142713071,0.5958220496599721
2026-04-06 13:30:00,0.010581551863731057,0.721817496757578,-0.03609334451074098,0.008020462938509665,0.600185086005684
2026-04-07 13:30:00,0.014582547681121692,0.7195576468442142,-0.016345819579167364,0.016002800251357623,0.5942796914667349
2026-04-08 13:30:00,-0.0006660553966207367,0.7440936717034821,-0.011912744479144755,0.014905292318853588,0.6005744126600957
2026-04-09 13:30:00,-0.003271733051083711,0.7427942306950561,-0.010791452274364843,-0.005055722910174383,0.6025219053305099
2026-04-10 13:30:00,-0.0068466851960502315,0.7492672376398442,-0.014681676811696964,-0.016717054145928206,0.6037712481817478
2026-04-13 13:30:00,0.012222428965837778,0.7555367133975093,-0.012190854706074283,0.015361695401614103,0.6141616606602532
2026-04-14 13:30:00,0.0005356593320347339,0.7544945183351162,0.0012507857970833758,0.004955497564102407,0.6178156655200467
2026-04-15 13:30:00,0.004198890151729348,0.7469418381593531,0.020121090106020922,-0.001012758993940303,0.6124599455792684
2026-04-16 13:30:00,0.005996226564532945,0.7241876240627179,0.026917752210927848,0.00011602723392156733,0.5927592991343595
2026-04-17 13:30:00,0.0052527840013851055,0.7142693231369568,0.027717183208352147,0.016579087103116397,0.601205383426264
2026-04-20 13:30:00,0.004848481438771675,0.7477776867363157,0.027706420916419394,-0.0022624143225495517,0.6213559189850163
2026-04-21 13:30:00,0.0012550816328209284,0.741598913009116,0.025941363648552596,-0.00655424067382578,0.5905931800949283
2026-04-22 13:30:00,0.00726044175202994,0.7382101932260142,0.026652310772525056,0.00976734944197677,0.5900512314142609
2026-04-23 13:30:00,0.0008432993737493533,0.7425079284071847,0.027310776029679462,-0.0004276810592645323,0.6434343705012421
2026-04-24 13:30:00,0.008881177362318358,0.5468187469958644,0.09509873343687464,0.0003228151180179421,0.6453535725604554
2026-04-27 13:30:00,0.009389575753974078,0.5188145679980307,0.10519054554648832,0.006609365644042168,0.6466786707449436
2026-04-28 13:30:00,1.5175321227304389e-05,0.5091364837448539,0.10727969149878686,-0.00015226586563166222,0.6408785572385763
2026-04-29 13:30:00,-0.00041122996044728674,0.5002532230391319,0.11190942886311461,-0.0058173571054780755,0.6023949531497795
2026-04-30 13:30:00,-0.01022977271832803,0.5017548566043577,0.11752067733565799,0.0030507813807344832,0.5906856003758344
2026-05-01 13:30:00,0.001602265283056752,0.44415601111826297,0.1286148477679625,-0.0018140845703003006,0.5729789751520048
2026-05-04 13:30:00,-0.003352871265070336,0.5874260410722796,0.058366296206885826,-0.0037146715469260996,0.5755848634536451
2026-05-05 13:30:00,-0.01354828557875178,0.5801588197718268,0.07227046740554904,-0.011106390151766435,0.566076394246049
2026-05-06 13:30:00,0.007653554030074914,0.5725339499997113,0.08854038076612103,0.010621888420965528,0.5638602997504744
2026-05-07 13:30:00,0.009646084474912105,0.5381364465888653,0.11121829430266017,0.0038820471158122296,0.5639570295004326
2026-05-08 13:30:00,0.011846602569933303,0.5663831719904248,0.09136227150056214,0.007750551326541529,0.5208874766708841
2026-05-11 13:30:00,-0.010442860819849197,0.4898213220613573,0.12433150187727215,-0.0119420880766364,0.5168644933490928
2026-05-12 13:30:00,0.013210725911008315,0.5090586334972609,0.11212855841456659,0.023344266909284855,0.5383168915345545
2026-05-13 13:30:00,-0.001538601169227355,0.5593349966369556,0.09666802270550795,0.0024330228074161964,0.5426449101404532
2026-05-14 13:30:00,0.0003787387218585057,0.5596977862579007,0.09464623528952654,-0.0006231685004347565,0.5403227089119574
2026-05-15 13:30:00,-0.0005932388595278545,0.5584649624854472,0.09361535039162006,-0.009308398011216079,0.5417538851577798
2026-05-18 13:30:00,0.011074232808745536,0.552374924397028,0.0987007075981855,0.011153633341025296,0.5362576513156584
2026-05-19 13:30:00,-0.004697254543033963,0.5911969050872714,0.07638129419679834,0.0012676428019674502,0.5350471914601225
2026-05-20 13:30:00,0.003185708254208214,0.5880982328750113,0.0869230648046048,0.005800233931792557,0.53192432586166
2026-05-21 13:30:00,-0.011470363511763863,0.5556913802018633,0.1087358484673594,-0.006734672008299951,0.5291010123318524
2026-05-22 13:30:00,-0.0006831121408454209,0.5270853298840259,0.11732566706675845,0.004517793464329604,0.5285191708372551
2026-05-26 13:30:00,-0.004506486127073795,0.5235397275889234,0.12081797026530833,-0.007775714551876718,0.5265565201792518
2026-05-27 13:30:00,-0.0030133000960131913,0.5837535561162771,0.09949396375625097,-0.0010920124018155934,0.5104570040740833
2026-05-28 13:30:00,-0.003181312395891819,0.5920395974898915,0.09751744247291921,0.006251906595612959,0.5051219889445145
2026-05-29 13:30:00,-0.0032318909505931904,0.5798714335588061,0.09780343488548326,-0.008147513768196299,0.5081654232670885
2026-06-01 13:30:00,0.009438154935590899,0.5896868015486757,0.0933378925376876,0.0009111427593077778,0.49610151359289995
2026-06-02 13:30:00,-0.0025612859576989964,0.5774113121821745,0.08592478360979722,-0.011953679137202022,0.4931413434291871
2026-06-03 13:30:00,-0.0021812899746946625,0.5555708687473135,0.09739596107748189,0.003760890375927787,0.4918472871428192
2026-06-04 13:30:00,0.007366340591368186,0.5551160931815502,0.09816368944869103,0.027123554417303408,0.5184605253747352
2026-06-05 13:30:00,0.0052950307335934005,0.5688878069543534,0.10236100442956297,0.005129657422613991,0.5195511195786414
2026-06-08 13:30:00,0.001345736178282779,0.5858100211828571,0.09114804923736564,-0.00020259782763480208,0.49533615742541076
2026-06-09 13:30:00,0.014078184869997347,0.5692345812772139,0.08666752712733466,0.023228710863534657,0.5182696962330563
2026-06-10 13:30:00,-0.0008836090276688417,0.5882660693642121,0.09353926566741966,-0.0092309172644874,0.5213727274954411
2026-06-11 13:30:00,-0.0026852193809490986,0.590768359504035,0.09426008935670505,0.004953082266608326,0.5200270961539317
2026-06-12 13:30:00,0.004440087291824191,0.6109405268744093,0.08424020987797953,0.003996249282910425,0.5088224435826252
2026-06-15 13:30:00,0.0033955275767570256,0.6018422664208509,0.08527560252213806,0.0014592673748014355,0.5070463432039842
2026-06-16 13:30:00,0.001370854453194056,0.5877364835737432,0.09212689560605136,0.0008471562399171203,0.49857765616495636
2026-06-17 13:30:00,-0.014085041199424522,0.580256569823829,0.08916431083545018,-0.019877513698771998,0.528935977585021
2026-06-18 13:30:00,0.0121466610796522,0.6506727981596652,0.05694076890968458,0.007034144170762535,0.5220769010792381
2026-06-22 13:30:00,-0.008837758061895084,0.6274463480972139,0.06353831076579786,-0.0009009613062953559,0.5175789271857263
2026-06-23 13:30:00,0.0014213753001765094,0.629319815051049,0.05892686209774367,0.010784859977282698,0.5208122176811646
2026-06-24 13:30:00,0.005599475186841354,0.6270441434531949,0.05899736820454038,0.011495793602390725,0.48781746469901394
2026-06-25 13:30:00,0.006006547802564632,0.6058392197610888,0.0472168644069364,0.015607057060246307,0.49377430497191915
2026-06-26 13:30:00,0.0008272414624234774,0.6240644480783706,0.04098784522360599,0.020738713980106,0.4980290776851228
2026-06-29 13:30:00,-0.006530323686176015,0.6199649947647808,0.037079507737854844,-0.0042844559944277645,0.5006218389490392
2026-06-30 13:30:00,0.00298917969431438,0.6265992031492663,0.029541290699554135,-0.005130311760593087,0.49240426262636605
2026-07-01 13:30:00,0.021547082050795682,0.6311158003078015,0.028288268741452294,0.024743607824078955,0.508852800490771
2026-07-02 13:30:00,0.0011810911352610337,0.6632917242306235,0.008683474837008043,0.018859631576430152,0.5195024596210992
2026-07-06 13:30:00,0.004412031541243059,0.6593290036361654,0.01119127233700934,-0.002731048185593221,0.5098686013308641
2026-07-07 13:30:00,-0.007085339773426218,0.6559814831433196,0.01224001558819321,0.0031922193408044177,0.49985379553312476
2026-07-08 13:30:00,-0.00632253850878786,0.637125754266306,0.012129969068959134,-0.014680623989495397,0.5033651836095325
2026-07-09 13:30:00,0.006390968695290942,0.6382424229341601,0.0052945940145952,0.005922285765805742,0.49488447044274037
2026-07-10 13:30:00,0.00023602152408916648,0.6379509532863463,-0.0022669656134106653,-0.004923547069868158,0.4931297917842777
2026-07-13 13:30:00,0.0009793892827684582,0.6379639203552359,0.0004166684992353842,0.003230627211969983,0.4923834353804432
2026-07-14 13:30:00,-0.00606674870541188,0.6401358548781716,0.00033583894536515224,-0.01844015851832285,0.515967126498926
2026-07-15 13:30:00,0.0027744187238502027,0.6681675492066589,-0.004426768871235942,0.002752491216542604,0.4942467977765837
2026-07-16 13:30:00,0.0016456532973890148,0.6604889208047164,-0.007860275959109986,0.016504030704860728,0.4689822278959
2026-07-17 13:30:00,-0.005380294612673477,0.665184000199077,-0.008329534086223611,-0.00842308507197805,0.48173464574575525
2026-07-20 13:30:00,0.0035573675759231487,0.6718110880161198,-0.014060247214688348,-0.003813563357023838,0.47920093294353366
2026-07-21 13:30:00,0.00027971889815126124,0.6684067853947733,-0.017338941297534438,0.004067987916143934,0.4725838471935839
2026-07-22 13:30:00,-0.012097405030420694,0.6687278522781095,-0.019461443080762364,-0.01521826518276126,0.48523856270938986
2026-07-23 13:30:00,-0.013298477240253619,0.6920483743428043,-0.009309311374732898,-0.004580837989268301,0.4843513343959107
2026-07-24 13:30:00,0.004986261374313721,0.6787128731245364,-0.003888162967382258,0.009781633013987786,0.49183698555851435
2026-07-27 13:30:00,0.006536607703991975,0.6849788274994233,-0.009741109580330587,0.010026584857189066,0.5117979899633044
2026-07-28 13:30:00,0.007208097147797382,0.6863963023399315,-0.012081607279543882,0.023487832605911068,0.5383567527654575
2026-07-29 13:30:00,-0.002476232158591261,0.7362557662170391,-0.013485808863264115,-0.006797715598285903,0.524023398910138
2026-07-30 13:30:00,0.007544943246379331,0.7403228855528059,-0.011359559228758642,-0.0048407827011541045,0.5244455319642828
2026-07-31 13:30:00,-0.003192504026874544,0.7183767285711308,0.0007239038521531516,-0.007475186075944292,0.5282614777619093
2026-08-03 13:30:00,0.018656124254332572,0.7235390014712638,0.005608912261617638,0.017287716031803752,0.537616949600157
2026-08-04 13:30:00,-0.005364285670237743,0.7212524175691847,-0.004647941457214977,-0.006130858826336387,0.5383027391063057
2026-08-05 13:30:00,-0.008708437107238646,0.728923775198552,-0.005794032282498307,0.0005117565017463965,0.5661892897924763
2026-08-06 13:30:00,-0.0070911474761574,0.737075920412852,-0.012602350507028626,-0.005911803239514901,0.5589286972595194
2026-08-07 13:30:00,0.011854344559985137,0.7318997936174828,-0.015287518960733437,0.0170445720913166,0.5394707691941912
2026-08-10 13:30:00,-0.000777852649344938,0.7157432386504443,-0.004140720471246362,0.0111281179764909,0.5430703677815568
2026-08-11 13:30:00,-0.00823345371498571,0.7139389529056873,-0.0034822509291324577,-0.010056939272954738,0.5292166815217013
2026-08-12 13:30:00,0.005660416379546129,0.7191754451524475,-0.0037260627310662375,0.0074699723595037515,0.522820483191956
2026-08-13 13:30:00,-0.00030016923484476915,0.7160174348945825,-0.006076835977327555,-0.0004587537030523725,0.5269045899853447
2026-08-14 13:30:00,0.005465366877839838,0.7101700802304411,0.005104833935037134,0.0012233855139540302,0.5285648867970807
2026-08-17 13:30:00,-0.01118142582374342,0.7146076640551838,0.0006865781974658702,-0.012538426172166902,0.5409741973891262
2026-08-18 13:30:00,-0.008260446286605853,0.7322966633480698,-0.01939266517945082,0.0034173248826377955,0.5368525659811717
2026-08-19 13:30:00,-0.014036212098819513,0.7224388868913638,-0.014816255428617309,0.010415800855355576,0.5363048879969917
2026-08-20 13:30:00,0.0027116374801950775,0.6935682558524907,-0.04599395231966996,-0.008603209846850443,0.5404729147133576
2026-08-21 13:30:00,0.0035728132466174654,0.6880288655434925,-0.04756854902257379,0.011788783340348127,0.5626576389865958
2026-08-24 13:30:00,-0.0018790090202581793,0.6900216879081312,-0.046306498844728594,-0.00112699905203828,0.5617196760834096
2026-08-25 13:30:00,-0.0020912818666895755,0.694025377909956,-0.044757515179731144,-0.0010914848302258455,0.5564822949447936
