Unnamed: 0,resid,resid_l2,resid_l2l3,regime,vix,vix3m,vix_term,baa10y,hy_oas,t10y2y
2016-12-30 14:30:00,0.010565682850397,,,complacency,14.04,16.54,0.8488512696493349,2.28,,1.25
2017-01-03 14:30:00,0.0007165041888694,,,complacency,12.85,15.56,0.8258354755784061,2.27,,1.23
2017-01-04 14:30:00,0.0102039460995753,,,complacency,11.85,14.84,0.7985175202156334,2.25,,1.22
2017-01-05 14:30:00,-0.0088466309509807,,,complacency,11.67,14.7,0.7938775510204082,2.25,,1.2
2017-01-06 14:30:00,-0.0041859414824435,,,complacency,11.32,14.56,0.7774725274725275,2.24,,1.2
2017-01-09 14:30:00,-0.0113874284990166,,,complacency,11.56,14.63,0.7901572112098428,2.24,,1.17
2017-01-10 14:30:00,0.0055075760098438,,,complacency,11.49,14.66,0.7837653478854024,2.24,,1.19
2017-01-11 14:30:00,-0.0056205274612367,,,complacency,11.26,14.47,0.7781617138908086,2.22,,1.18
2017-01-12 14:30:00,0.0028559215054295,,,complacency,11.54,14.58,0.7914951989026062,2.25,,1.18
2017-01-13 14:30:00,0.0156065204628862,,,complacency,11.23,14.54,0.7723521320495187,2.23,,1.19
2017-01-17 14:30:00,-0.0110851775028339,,,complacency,11.87,14.89,0.7971793149764942,2.26,,1.16
2017-01-18 14:30:00,0.0061923912919953,,,complacency,12.48,14.94,0.8353413654618475,2.22,,1.19
2017-01-19 14:30:00,0.0049468191098277,,,complacency,12.78,15.02,0.8508655126498003,2.21,,1.22
2017-01-20 14:30:00,0.0012018534375257,,,complacency,11.54,14.49,0.7964113181504485,2.21,,1.28
2017-01-23 14:30:00,0.0035602945170871,,,complacency,11.77,14.54,0.8094910591471802,2.21,,1.25
2017-01-24 14:30:00,0.0251311985600858,,,complacency,11.07,13.87,0.7981254506128335,2.22,,1.26
2017-01-25 14:30:00,0.003428211468523,,,complacency,10.81,13.61,0.7942689199118296,2.21,,1.3
2017-01-26 14:30:00,0.0002481237752187,,,complacency,10.63,13.63,0.7798972853998533,2.2,,1.3
2017-01-27 14:30:00,-0.011878398845908,,,complacency,10.58,13.68,0.7733918128654971,2.19,,1.27
2017-01-30 14:30:00,-0.0076279285552826,,,complacency,11.88,14.41,0.8244274809160306,2.21,,1.27
2017-01-31 14:30:00,-0.0157864384271799,,,complacency,11.99,14.48,0.8280386740331491,2.23,,1.26
2017-02-01 14:30:00,0.0100790759409022,,,complacency,11.81,14.29,0.8264520643806859,2.23,,1.26
2017-02-02 14:30:00,-0.0148749662162848,,,complacency,11.93,14.59,0.8176833447566827,2.23,,1.27
2017-02-03 14:30:00,0.0160043240553217,,,complacency,10.97,14.05,0.7807829181494662,2.24,,1.28
2017-02-06 14:30:00,0.0086780880783361,,,complacency,11.37,14.24,0.7984550561797752,2.25,,1.26
2017-02-07 14:30:00,-0.0055472624186803,,,complacency,11.29,14.35,0.786759581881533,2.24,,1.24
2017-02-08 14:30:00,-0.0119047843805551,,,complacency,11.45,14.56,0.7864010989010988,2.25,,1.19
2017-02-09 14:30:00,0.0155915224661885,,,complacency,10.88,14.17,0.7678193366266761,2.24,,1.2
2017-02-10 14:30:00,0.006268333665441,,,complacency,10.85,13.91,0.7800143781452192,2.23,,1.21
2017-02-13 14:30:00,-0.0064315721234873,,,complacency,11.07,13.68,0.8092105263157895,2.23,,1.23
2017-02-14 14:30:00,0.0030580848351156,,,complacency,10.74,13.19,0.8142532221379833,2.21,,1.22
2017-02-15 14:30:00,-0.0049670382299878,,,complacency,11.97,13.41,0.8926174496644296,2.19,,1.24
2017-02-16 14:30:00,-0.0114452902285211,,,complacency,11.76,13.63,0.8628026412325751,2.2,,1.23
2017-02-17 14:30:00,-0.0115892450129861,,,complacency,11.49,13.72,0.8374635568513119,2.21,,1.21
2017-02-21 14:30:00,-0.006528668336113,,,complacency,11.57,14.04,0.8240740740740742,2.2,,1.21
2017-02-22 14:30:00,-0.0149197283087303,,,complacency,11.74,14.39,0.8158443363446838,2.21,,1.2
2017-02-23 14:30:00,-0.020426393701466,,,complacency,11.71,14.74,0.7944369063772049,2.23,,1.2
2017-02-24 14:30:00,-0.0023371972151183,,,complacency,11.47,14.76,0.7771002710027101,2.23,,1.19
2017-02-27 14:30:00,-0.0024484292000225,,,complacency,12.09,14.91,0.8108651911468813,2.21,,1.16
2017-02-28 14:30:00,-0.0145155802897551,,,complacency,12.92,15.28,0.8455497382198953,2.19,,1.14
2017-03-01 05:00:00,0.0004052081253193,,,complacency,12.54,14.86,0.8438761776581426,2.18,,1.17
2017-03-01 14:30:00,-0.0027524820021122,,,complacency,12.54,14.86,0.8438761776581426,2.18,,1.17
2017-03-02 14:30:00,-0.00600404351944,,,complacency,11.81,14.77,0.7995937711577522,2.16,,1.17
2017-03-03 14:30:00,0.0032461160838982,,,complacency,10.96,14.26,0.7685834502103788,2.16,,1.17
2017-03-06 14:30:00,-0.0029966991492428,,,complacency,11.24,14.34,0.7838214783821479,2.17,,1.18
2017-03-07 14:30:00,-0.0021141989704829,,,complacency,11.45,14.41,0.7945870922970159,2.15,,1.2
2017-03-08 14:30:00,-0.004492699942772,,,complacency,11.86,14.54,0.8156808803301238,2.15,,1.21
2017-03-09 14:30:00,-0.0177600342942106,,,complacency,12.3,14.78,0.8322056833558864,2.17,,1.23
2017-03-10 14:30:00,0.0098738677035727,,,complacency,11.66,14.38,0.8108484005563282,2.18,,1.22
2017-03-13 13:30:00,0.0127831202120319,,,complacency,11.35,14.36,0.7903899721448469,2.17,,1.22
2017-03-14 13:30:00,-0.0056494561226379,,,complacency,12.3,14.63,0.8407382091592618,2.18,,1.2
2017-03-15 13:30:00,0.0009403671147716,,,complacency,11.63,14.2,0.8190140845070424,2.2,,1.18
2017-03-16 13:30:00,-0.0005928847234626,,,complacency,11.21,13.78,0.8134978229317853,2.21,,1.18
2017-03-17 13:30:00,-0.0047751701923196,,,complacency,11.28,13.92,0.8103448275862069,2.22,,1.17
2017-03-20 13:30:00,0.0018379029447621,,,complacency,11.34,13.9,0.8158273381294964,2.23,,1.17
2017-03-21 13:30:00,-0.0030866401877151,,,complacency,12.47,14.62,0.8529411764705883,2.23,,1.16
2017-03-22 13:30:00,-0.0074061852755247,,,complacency,12.81,14.68,0.8726158038147139,2.23,,1.13
2017-03-23 13:30:00,0.00380039835805,,,complacency,13.12,14.91,0.879946344735077,2.24,,1.15
2017-03-24 13:30:00,-0.0044910275914494,,,complacency,12.96,14.55,0.8907216494845361,2.22,,1.14
2017-03-27 13:30:00,-0.0024847809489913,,,complacency,12.5,14.23,0.8784258608573436,2.23,,1.11
2017-03-28 13:30:00,0.0001171564420039,,,complacency,11.53,13.68,0.8428362573099415,2.22,,1.12
2017-03-29 13:30:00,0.0059176109216669,0.005147743576889548,0.0016691625061170242,complacency,11.42,13.43,0.8503350707371556,2.23,,1.13
2017-03-30 13:30:00,0.0043111223553533,0.004034599539472118,0.003276378816617651,complacency,11.54,13.37,0.8631264023934181,2.23,,1.14
2017-03-31 13:30:00,0.0004846491298838,0.006966477056895811,0.0009290786999342561,complacency,12.37,13.6,0.9095588235294118,2.24,,1.13
2017-04-03 13:30:00,-0.0035975758951994,-0.00015224791012234846,0.007007139626875422,complacency,12.38,13.67,0.9056327724945136,2.26,,1.11
2017-04-04 13:30:00,0.0017020196432619,-0.0015260723341963334,0.002712866093742477,complacency,11.79,13.37,0.8818249813014211,2.26,,1.11
2017-04-05 13:30:00,-0.0046961487304106,0.004386995826566069,0.005779922554779593,complacency,12.89,14.12,0.9128895184135978,2.29,,1.1
2017-04-06 13:30:00,0.0010486402523123,-0.002752906142889466,-0.0073024771823205804,complacency,12.39,13.66,0.9070278184480235,2.27,,1.1
2017-04-07 13:30:00,-0.00069635259615,0.0005639041281743155,-0.0006074180025592005,complacency,12.87,14.06,0.9153627311522048,2.24,,1.09
2017-04-10 13:30:00,0.0037946118481602,0.01078883837269259,0.00590893978809217,complacency,14.05,14.58,0.9636488340192044,2.24,,1.08
2017-04-11 13:30:00,0.0025307699739344,0.006992364797528863,-0.0007226947934937367,complacency,15.07,15.16,0.9940633245382586,2.24,,1.08
2017-04-12 13:30:00,-0.0097211687295758,-0.0009267567429720215,0.0033606412022994074,stress,15.77,15.28,1.0320680628272252,2.28,,1.04
2017-04-13 13:30:00,0.0007626793879346,0.002302320592418312,0.00387141263670987,stress,15.96,15.75,1.0133333333333334,2.28,,1.03
2017-04-17 13:30:00,-0.0076373395667295,,,complacency,14.66,14.86,0.9865410497981157,2.29,,1.05
2017-04-18 13:30:00,0.0042230936932792,0.0076251567664662075,0.005307307163148339,complacency,14.42,14.76,0.9769647696476965,2.29,,1.0
2017-04-19 13:30:00,-0.0088799101508741,-0.00798840912708608,-0.013044977829056005,complacency,14.93,15.08,0.9900530503978779,2.29,,1.02
2017-04-20 13:30:00,-0.0144013976638653,-0.01887230133184719,-0.01965730096414559,complacency,14.15,14.53,0.973847212663455,2.28,,1.03
2017-04-21 13:30:00,-0.0104791487176166,-0.008599998246104315,-0.00965200238584687,complacency,14.63,14.75,0.991864406779661,2.29,,1.04
2017-04-24 13:30:00,0.0035437870481595,-0.010037158936699184,-0.0055947648837124855,complacency,10.84,12.9,0.8403100775193798,2.28,,1.03
2017-04-25 13:30:00,-0.0064498936259006,-0.00909174858752009,-0.009615891008145723,complacency,10.76,12.85,0.8373540856031129,2.26,,1.06
2017-04-26 13:30:00,0.0099838188344346,0.01126116848686037,0.007517877306447014,complacency,10.85,12.98,0.8359013867488443,2.27,,1.04
2017-04-27 13:30:00,-0.0207030242546342,-0.021530538023489594,-0.02014825078220573,complacency,10.36,12.8,0.809375,2.28,,1.05
2017-04-28 13:30:00,-0.0182080811377257,-0.017810473218663237,-0.01086704965214081,complacency,10.82,12.93,0.8368136117556072,2.28,,1.01
2017-05-01 13:30:00,-0.007766963634954,-0.009669311798191818,-0.005794578655044531,complacency,10.11,12.63,0.8004750593824227,2.29,,1.05
2017-05-02 13:30:00,-0.0075847679585451,-0.005999723313011827,-0.005773506364697411,complacency,10.59,12.83,0.8254091971940763,2.3,,1.02
2017-05-03 13:30:00,0.0020928514736166,-0.005083311536167661,0.0035136108981009533,complacency,10.68,13.09,0.8158899923605806,2.23,,1.03
2017-05-04 13:30:00,-0.0055458169143647,-0.004001007309298655,-0.002568066210956822,complacency,10.46,12.83,0.8152766952455184,2.25,,1.04
2017-05-05 13:30:00,0.003421819958093,0.0026327224054778268,-0.002444630099572452,complacency,10.57,12.85,0.8225680933852141,2.24,,1.04
2017-05-08 13:30:00,-0.0046800735483902,-0.006452414002397547,-0.0011670585012011135,complacency,9.77,12.59,0.7760127084988085,2.23,,1.06
2017-05-09 13:30:00,-0.0026723552479442,-0.0036011066347029306,-0.004090199573860578,complacency,9.96,12.71,0.7836349331235248,2.22,,1.05
2017-05-10 13:30:00,-0.0046740005635983,-0.004010260569329662,-0.008594511954737573,complacency,10.21,12.91,0.7908597986057321,2.22,,1.06
2017-05-11 13:30:00,0.0037429528132266,0.005522578384037258,0.009899914572690299,complacency,10.6,13.01,0.8147578785549577,2.24,,1.04
2017-05-12 13:30:00,-0.0110013355954532,-0.010505836900058088,-0.005704482530055521,complacency,10.4,12.97,0.8018504240555127,2.25,,1.04
2017-05-15 13:30:00,-0.0011218041767845,-0.0014351922818490164,-0.0029441668139069273,complacency,10.42,12.78,0.8153364632237872,2.25,,1.03
2017-05-16 13:30:00,-0.016504854319529,-0.016465971427158936,-0.014121133885061863,complacency,10.65,12.65,0.841897233201581,2.24,,1.04
2017-05-17 13:30:00,0.0151201332388797,0.020816929350308065,0.018813900110218218,complacency,15.59,15.6,0.9993589743589744,2.26,,0.96
2017-05-18 13:30:00,-0.0161592325738421,-0.016059879843398392,-0.013031260619662949,complacency,14.66,14.97,0.9792919171676686,2.26,,0.96
2017-05-19 13:30:00,0.010596781887429,0.010640958150908156,0.007327485524089471,complacency,12.04,13.49,0.8925129725722757,2.26,,0.95
2017-05-22 13:30:00,-0.0125740305896362,-0.012965169096853585,-0.013661240976270519,complacency,10.93,12.96,0.8433641975308641,2.24,,0.96
2017-05-23 13:30:00,0.0002554519375753,0.0013922085654926497,0.005099800916942001,complacency,10.72,12.9,0.8310077519379845,2.22,,0.98
2017-05-24 13:30:00,-0.0106710115205678,-0.009643047929989046,-0.009579290371078178,complacency,10.02,12.59,0.795869737887212,2.25,,0.97
2017-05-25 13:30:00,-0.016563745144475,-0.019737725296698042,-0.01741486281127568,complacency,9.99,12.51,0.7985611510791367,2.24,,0.95
2017-05-26 13:30:00,0.0033127190555636,0.0033344849069582897,0.0033040350090398607,complacency,9.81,12.44,0.7885852090032155,2.24,,0.95
2017-05-30 13:30:00,-0.0053867308506002,-0.006800244561784675,-0.003783423333333409,complacency,10.38,12.74,0.814756671899529,2.25,,0.93
2017-05-31 13:30:00,-0.0060832504597865,-0.007567431010164176,-0.009773811316768605,complacency,10.41,12.63,0.8242280285035629,2.23,,0.93
2017-06-01 04:00:00,0.0713939103753561,0.07215138690264127,0.06547159317657915,complacency,9.89,12.42,0.7962962962962964,2.24,,0.93
2017-06-01 13:30:00,-0.0162461505152851,-0.016430039568605153,-0.029784541602101377,complacency,9.89,12.42,0.7962962962962964,2.24,,0.93
2017-06-02 13:30:00,0.0012995565506892,-0.0042991610148065094,-0.003324306367227356,complacency,9.75,12.46,0.7825040128410914,2.24,,0.87
2017-06-05 13:30:00,-0.0045785619345536,-0.005147858553814935,0.0001403198116247499,complacency,10.07,12.85,0.7836575875486381,2.24,,0.86
2017-06-06 13:30:00,0.0028977952038873,0.0017770517005866087,0.0015355668351579106,complacency,10.45,13.08,0.7989296636085627,2.25,,0.84
2017-06-07 13:30:00,0.0006917220754555,0.0020448642386002034,0.005025864549928427,complacency,10.39,13.09,0.7937356760886173,2.23,,0.86
2017-06-08 13:30:00,0.0007449662028014,0.0007614877950888202,-0.006572427276568496,complacency,10.16,12.76,0.7962382445141066,2.23,,0.86
2017-06-09 13:30:00,0.0183302826755306,0.018261182078197814,0.006106519722249237,complacency,10.7,12.96,0.8256172839506172,2.21,,0.86
2017-06-12 13:30:00,0.0029214202408684,0.0028996254608158107,0.0003920496241962782,complacency,11.46,13.3,0.8616541353383459,2.22,,0.86
2017-06-13 13:30:00,0.0133239484434952,0.012019060628233581,0.00650004818765051,complacency,10.42,12.73,0.8185388845247447,2.21,,0.83
2017-06-14 13:30:00,0.0058760998769658,0.0028023256581944673,0.00665979431945842,complacency,10.64,12.77,0.8332028191072828,2.19,,0.8
2017-06-15 13:30:00,0.0001787834237148,0.000468802511806835,0.0037598355339633206,complacency,10.9,12.91,0.8443067389620449,2.18,,0.81
2017-06-16 13:30:00,0.0100792645526386,0.013303022722799355,0.015971193477731477,complacency,10.38,12.71,0.8166797797010228,2.19,,0.84
2017-06-19 13:30:00,0.005089361898046,0.0035564076386274098,0.00945431620224359,complacency,10.37,12.4,0.8362903225806451,2.17,,0.83
2017-06-20 13:30:00,-0.0091829630880051,-0.012113141700131067,-0.00802168918731294,complacency,10.86,12.69,0.8557919621749409,2.16,,0.8
2017-06-21 13:30:00,-0.0175644821668053,-0.017967364235385235,-0.010579591280916747,complacency,10.75,12.76,0.8424764890282131,2.15,,0.8
2017-06-22 13:30:00,-0.0054659908919057,-0.004404815836789068,-0.008174574105308507,complacency,10.48,12.62,0.8304278922345484,2.16,,0.81
2017-06-23 13:30:00,0.008554011837694,0.008140922094504842,0.0027208883973630065,complacency,10.02,12.36,0.8106796116504854,2.15,,0.81
2017-06-26 13:30:00,0.0111337656840294,0.00849446997923216,0.0007111382166340753,complacency,9.9,12.27,0.8068459657701712,2.15,,0.78
2017-06-27 13:30:00,-0.0109286796492029,-0.007245284755394427,-0.008035808535260655,complacency,11.06,12.96,0.8533950617283951,2.12,,0.83
2017-06-28 13:30:00,0.0006850449721884,0.006636520461927282,0.007920582155280341,complacency,10.03,12.4,0.8088709677419355,2.14,,0.88
2017-06-29 13:30:00,-0.0154728566764602,-0.014653330577007321,-0.019604061451836387,complacency,11.44,13.15,0.8699619771863117,2.11,,0.89
2017-06-30 13:30:00,0.0167498642541143,0.02059266083857641,0.02051096070598718,complacency,11.18,13.14,0.8508371385083713,2.09,,0.93
2017-07-03 13:30:00,0.0017996336196464,0.002348712085519897,-0.0074941709869247065,complacency,11.22,13.31,0.8429752066115702,2.07,,0.94
2017-07-05 13:30:00,-0.008677318809836,-0.01009374321742676,0.0028661044836060332,complacency,11.07,13.31,0.8317054845980466,2.08,,0.92
2017-07-06 13:30:00,-0.0043550889486006,-7.244696723539019e-05,0.010273386021201737,complacency,12.54,14.11,0.888731396172927,2.07,,0.97
2017-07-07 13:30:00,0.0054270299083233,0.006075313965661138,0.004807477969486022,complacency,11.19,13.52,0.8276627218934911,2.08,,0.99
2017-07-10 13:30:00,0.0063694898129389,0.005608599956979348,0.009455744318768541,complacency,11.11,13.35,0.8322097378277153,2.08,,0.98
2017-07-11 13:30:00,0.0001909806599948,0.0014511728340791126,0.0010901939917126774,complacency,10.89,13.16,0.8275075987841946,2.08,,1.0
2017-07-12 13:30:00,0.0054265917351164,0.0034425486824743064,0.004498550974918478,complacency,10.3,12.78,0.8059467918622849,2.09,,0.98
2017-07-13 13:30:00,-0.0052494414783756,-0.005566244891538063,-0.009234058796974743,complacency,9.9,12.55,0.7888446215139442,2.09,,0.98
2017-07-14 13:30:00,0.0054807383982987,0.005214492190399685,0.006767600315092406,complacency,9.51,12.23,0.7775960752248569,2.09,,0.98
2017-07-17 13:30:00,-0.0037357867936123,-0.005365406298035045,-0.010375660463034625,complacency,9.82,12.28,0.7996742671009772,2.09,,0.95
2017-07-18 13:30:00,-0.0041197770241958,-0.005952904296085718,0.002491531021592894,complacency,9.89,12.25,0.8073469387755102,2.08,,0.91
2017-07-19 13:30:00,0.0049174769120954,0.004728860418219283,-0.00199860198502067,complacency,9.79,12.0,0.8158333333333333,2.07,,0.9
2017-07-20 13:30:00,0.0006600943716862,0.0010517298147446226,0.0037034885524429373,complacency,9.58,12.04,0.7956810631229236,2.05,,0.9
2017-07-21 13:30:00,0.0097378242943895,0.008800796800870102,0.006365836989667658,complacency,9.36,12.06,0.7761194029850745,2.05,,0.88
2017-07-24 13:30:00,0.0018108157385536,0.0018504708393246635,0.0030337093414053657,complacency,9.43,12.04,0.7832225913621262,2.06,,0.89
2017-07-25 13:30:00,0.0045687122333734,0.007216808669772848,0.0020235622757226045,complacency,9.43,12.05,0.7825726141078837,2.05,,0.93
2017-07-26 13:30:00,-0.0003109796041466,-0.0011651724655655712,0.005835845474778215,complacency,9.6,12.11,0.7927332782824112,2.07,,0.93
2017-07-27 13:30:00,0.0020211601087513,0.0037006187348538,0.0054287523704408935,complacency,10.11,12.42,0.8140096618357487,2.07,,0.96
2017-07-28 13:30:00,-0.0067051069890609,-0.004811608167317936,-0.003139436905267228,complacency,10.29,12.58,0.8179650238473767,2.05,,0.96
2017-07-31 13:30:00,0.0035626530857367,0.002366981763301917,0.0016032233103656576,complacency,10.26,12.47,0.8227746591820368,2.06,,0.96
2017-08-01 13:30:00,-0.0021260178244097,-0.003515748583114418,-0.00028930382083233903,complacency,10.09,12.4,0.8137096774193548,2.06,,0.92
2017-08-02 13:30:00,0.001225688935603,0.0022950388322778657,0.015733124205641835,complacency,10.28,12.56,0.8184713375796178,2.05,,0.91
2017-08-03 13:30:00,0.0096406229376375,0.009467228129968471,0.011271330393994937,complacency,10.44,12.74,0.8194662480376765,2.05,,0.9
2017-08-04 13:30:00,0.0179544447037748,0.018000060172347353,0.01898347957237974,complacency,10.03,12.75,0.7866666666666666,2.05,,0.91
2017-08-07 13:30:00,0.004966388330139,0.003415389546299625,0.005421688455305034,complacency,9.93,12.66,0.7843601895734597,2.06,,0.9
2017-08-08 13:30:00,0.0045494303994729,0.004188891951174281,0.005078266941829992,complacency,10.96,13.2,0.8303030303030304,2.07,,0.93
2017-08-09 13:30:00,-0.0044473220159595,-0.007761134522193896,-0.0037821544225089525,complacency,11.11,13.49,0.8235730170496663,2.09,,0.91
2017-08-10 13:30:00,-0.0121471177747338,-0.012632649992109333,-0.01134245858973647,normal,16.04,16.21,0.9895126465144971,2.11,,0.87
2017-08-11 13:30:00,-0.0029678396292138,-0.0059790933957732575,-0.0023281145486601434,complacency,15.51,16.39,0.9463087248322147,2.12,,0.89
2017-08-14 13:30:00,0.0118896133047053,0.0015575579865743892,0.0033784241609586523,complacency,12.33,13.92,0.8857758620689655,2.11,,0.89
2017-08-15 13:30:00,0.0036137486097852,0.0033521924801355,0.01070713914458089,complacency,12.04,13.9,0.8661870503597121,2.09,,0.92
2017-08-16 13:30:00,-0.0022118983712121,-0.0028558808593890242,-0.005111695647355054,complacency,11.74,13.58,0.8645066273932254,2.09,,0.9
2017-08-17 13:30:00,-0.0231275205309711,-0.008486649516608104,-0.010724061932287749,complacency,15.55,16.14,0.9634448574969021,2.11,,0.87
2017-08-18 13:30:00,0.0129522976635548,0.006497045308420373,0.007385905943842878,complacency,14.26,15.65,0.9111821086261981,2.12,,0.86
2017-08-21 13:30:00,0.0026698609339686,-0.0024701251106275636,-0.0029888893826221464,complacency,13.19,14.99,0.8799199466310873,2.12,,0.86
2017-08-22 13:30:00,0.0082695550760414,0.0002559197548424267,0.003848472778548599,complacency,11.35,13.63,0.8327219369038884,2.1,,0.89
2017-08-23 13:30:00,0.0020842572122049,0.0054954982535082,0.002536825093045703,complacency,12.25,14.33,0.8548499651081647,2.12,,0.85
2017-08-24 13:30:00,-0.0041250277840812,-0.0043383058566513625,-0.00666724313154701,complacency,12.23,14.39,0.8498957609451008,2.12,,0.86
2017-08-25 13:30:00,0.0064171966940261,0.0027035927773334323,-0.0006776685275584312,complacency,11.28,13.99,0.806290207290922,2.12,,0.82
2017-08-28 13:30:00,0.0010223257088655,0.0011592112465777346,0.005184938257959508,complacency,11.32,13.99,0.8091493924231594,2.13,,0.83
2017-08-29 13:30:00,0.0012930565915872,0.002939223450104809,0.007057798939323517,complacency,11.7,14.12,0.8286118980169972,2.15,,0.8
2017-08-30 13:30:00,-0.0073170280512442,-0.009295137056656506,-0.008573874734039033,complacency,11.22,14.14,0.7934936350777935,2.14,,0.82
2017-08-31 13:30:00,0.0118436564557062,0.009094233549828338,0.011362270376001652,complacency,10.59,13.8,0.767391304347826,2.14,,0.79
2017-09-01 04:00:00,0.0587587724652647,0.057022485630594096,0.0514734447755722,complacency,10.13,13.59,0.7454010301692422,2.15,,0.81
2017-09-01 13:30:00,-0.0342271447723968,-0.03773008912104322,-0.04630020961529235,complacency,10.13,13.59,0.7454010301692422,2.15,,0.81
2017-09-05 13:30:00,0.0010297969411909,0.010077709322804572,0.009083182156253257,complacency,12.23,14.58,0.8388203017832647,2.16,,0.77
2017-09-06 13:30:00,-0.0075517270923298,-0.0107253364458227,-0.012200417122423798,complacency,11.63,14.4,0.8076388888888889,2.17,,0.8
2017-09-07 13:30:00,0.0091248718460395,0.008655418286442094,0.008217316889710521,complacency,11.55,14.32,0.8065642458100559,2.17,,0.78
2017-09-08 13:30:00,0.0153509701031391,0.017799666410981723,0.014855090009396572,complacency,12.12,14.69,0.8250510551395507,2.17,,0.79
2017-09-11 13:30:00,0.0120047147494961,0.0076989342569854765,0.008910207021919919,complacency,10.73,13.86,0.7741702741702743,2.15,,0.82
2017-09-12 13:30:00,-0.0116877307049272,-0.012821600098653718,-0.013229364473010624,complacency,10.58,13.56,0.7802359882005899,2.16,,0.84
2017-09-13 13:30:00,-0.006866050478026,-0.005823464954391621,-0.002782554323501667,complacency,10.5,13.23,0.7936507936507936,2.13,,0.85
2017-09-14 13:30:00,0.0183746781208599,0.018812762202196236,0.018595690924542857,complacency,10.44,13.16,0.7933130699088146,2.11,,0.83
2017-09-15 13:30:00,0.003673427708779,0.0017611312499121116,0.002716121927370371,complacency,10.17,12.96,0.7847222222222222,2.1,,0.81
2017-09-18 13:30:00,-0.002020269968036,-0.0014518257475021291,0.0012908368980634752,complacency,10.15,12.69,0.7998423955870765,2.1,,0.83
2017-09-19 13:30:00,-0.0048675504720203,-0.004348229456516791,0.0002927618455781794,complacency,10.18,12.73,0.7996857816182246,2.09,,0.84
2017-09-20 13:30:00,0.0047360386385595,0.0032337915615227994,0.002297248586771793,complacency,9.78,12.66,0.7725118483412322,2.06,,0.83
2017-09-21 13:30:00,0.0036502790359098,0.002960983186310287,0.0027104560653074005,complacency,9.67,12.66,0.7638230647709321,2.05,,0.82
2017-09-22 13:30:00,-0.0086635529602713,-0.009205517449075192,-0.011591296755785298,complacency,9.59,12.85,0.7463035019455253,2.05,,0.8
2017-09-25 13:30:00,0.0151410095205502,0.01766356161552973,0.013032060997632204,complacency,10.21,13.06,0.7817764165390506,2.06,,0.78
2017-09-26 13:30:00,0.0022658795721047,0.0023089845620625515,0.0019930023502785963,complacency,10.17,13.02,0.7811059907834101,2.04,,0.79
2017-09-27 13:30:00,-0.0137062433533006,-0.013496930137540254,-0.009596507151984703,complacency,9.87,12.91,0.7645236250968241,2.06,,0.84
2017-09-28 13:30:00,-0.0019126979341876,-0.002241347456351978,-0.0007784229350102445,complacency,9.55,12.76,0.7484326018808778,2.05,,0.86
2017-09-29 13:30:00,-0.0012204797395746,-0.002650165930294769,-0.0025804785596254534,complacency,9.51,12.49,0.7614091273018414,2.0,,0.86
2017-10-02 13:30:00,0.0089528921907938,0.008021307192397197,0.012251192085405437,complacency,9.45,12.36,0.7645631067961165,1.99,,0.85
2017-10-03 13:30:00,-0.0036467091310921,-0.002650404176090978,-0.0018136170977727643,complacency,9.51,12.31,0.7725426482534524,2.0,,0.86
2017-10-04 13:30:00,0.0105130683041672,0.01112577776994633,0.007836544720674053,complacency,9.63,12.38,0.7778675282714055,2.01,,0.86
2017-10-05 13:30:00,0.0008676997305174,-0.000880988719601642,0.0018407715598180636,complacency,9.19,12.18,0.7545155993431856,2.0,,0.86
2017-10-06 13:30:00,-0.0069191386872154,-0.007154058495927291,-0.00443539670385127,complacency,9.65,12.44,0.7757234726688104,1.98,,0.83
2017-10-09 13:30:00,0.0024988455421968,,,complacency,10.33,12.73,0.8114689709347996,,,
2017-10-10 13:30:00,0.0092385583201743,,,complacency,10.08,12.47,0.8083400160384924,1.97,,0.84
2017-10-11 13:30:00,0.0106664506499482,0.009744542207854643,0.011911687516671036,complacency,9.85,12.24,0.8047385620915032,1.97,,0.84
2017-10-12 13:30:00,0.0079220091963068,0.006656569711456554,0.003101414783296702,complacency,9.91,12.26,0.8083197389885808,1.97,,0.82
2017-10-13 13:30:00,-0.0127186319521027,-0.01787206418827721,-0.018141319095844512,complacency,9.61,11.98,0.8021702838063438,1.97,,0.77
2017-10-16 13:30:00,0.0042155667948512,0.0049250405418268745,0.006610642945908102,complacency,9.91,11.94,0.8299832495812396,1.97,,0.76
2017-10-17 13:30:00,-0.0022932601999071,-0.0008020880328346003,-0.00028092629932493845,complacency,10.31,12.05,0.8556016597510373,1.95,,0.76
2017-10-18 13:30:00,-0.0077765167571681,-0.009140141827023716,-0.007151756318189855,complacency,10.07,11.92,0.8447986577181208,1.95,,0.75
2017-10-19 13:30:00,0.0127111284415999,0.01274497680604598,0.009632207661150999,complacency,10.05,11.96,0.8403010033444817,1.94,,0.75
2017-10-20 13:30:00,0.0096803368324113,0.011254440587020721,0.006261691940417511,complacency,9.97,11.85,0.8413502109704643,1.94,,0.79
2017-10-23 13:30:00,0.0092010563968818,0.013338338148707229,0.010593193198815605,complacency,11.07,12.55,0.8820717131474103,1.94,,0.8
2017-10-24 13:30:00,0.0102600195113998,0.010671346234535575,0.012727992416267805,complacency,11.16,12.67,0.8808208366219417,1.92,,0.82
2017-10-25 13:30:00,0.0025793465550636,0.0033218922858292447,0.007726708521048768,complacency,11.23,12.95,0.8671814671814673,1.93,,0.83
2017-10-26 13:30:00,0.0104244213127197,0.010073837096823022,0.009011896238686052,complacency,11.3,12.93,0.8739365815931942,1.91,,0.83
2017-10-27 13:30:00,-0.0049839813899499,-0.008800798517188547,0.006659503410178608,complacency,9.8,12.23,0.8013082583810303,1.93,,0.83
2017-10-30 13:30:00,-0.0304555929598407,-0.0302118259999331,-0.02943663558909308,complacency,10.5,12.57,0.8353221957040573,1.92,,0.79
2017-10-31 13:30:00,0.0160758690266197,0.014918726772385465,0.016280011688795077,complacency,10.18,12.38,0.8222940226171244,1.91,,0.78
2017-11-01 13:30:00,-0.006744589763319,-0.006026808483072706,-0.0055894810008671,complacency,10.2,12.57,0.8114558472553699,1.92,,0.76
2017-11-02 13:30:00,-0.0106010146365576,-0.011858368152803146,-0.009724579132697777,complacency,9.93,12.68,0.7831230283911672,1.91,,0.74
2017-11-03 13:30:00,-0.0102995855720444,-0.012301999542532862,-0.009171035819007689,complacency,9.14,12.42,0.7359098228663447,1.91,,0.71
2017-11-06 14:30:00,0.0045695043635841,0.005801257823881895,-0.001361974609604859,complacency,9.4,12.57,0.7478122513922036,1.92,,0.71
2017-11-07 14:30:00,0.0059995042488035,0.00723800856480913,0.007977708066625622,complacency,9.89,12.76,0.7750783699059561,1.9,,0.69
2017-11-08 14:30:00,0.001586526215452,0.0031513002085297136,0.003528253987163037,complacency,9.78,12.88,0.7593167701863353,1.92,,0.67
2017-11-09 14:30:00,-0.0206180881729858,-0.019177924168845145,-0.020603363428992216,complacency,10.5,13.14,0.7990867579908676,1.93,,0.7
2017-11-10 14:30:00,0.0038937388387739,,,complacency,11.29,13.61,0.8295371050698016,,,0.73
2017-11-13 14:30:00,0.0276335947821948,,,complacency,11.5,13.75,0.8363636363636363,1.93,,0.7
2017-11-14 14:30:00,0.0037492850581482,0.003826745232230851,-0.0006433598161169553,complacency,11.59,13.93,0.8320172290021536,1.93,,0.7
2017-11-15 14:30:00,-0.0177341135022967,-0.015077103902214875,-0.011371822218084266,complacency,13.13,14.66,0.8956343792633016,1.95,,0.65
2017-11-16 14:30:00,0.0019667057809984,-0.0032425630368585127,-0.004117213534893149,complacency,11.76,13.96,0.8424068767908309,1.92,,0.65
2017-11-17 14:30:00,-0.0069310593267914,-0.005312689026739463,-0.017286351721922645,complacency,11.43,13.8,0.8282608695652173,1.93,,0.62
2017-11-20 14:30:00,-0.0022831894396992,-0.00373921739941885,-0.0027710922547537395,complacency,10.65,13.28,0.8019578313253013,1.91,,0.6
2017-11-21 14:30:00,0.0081547750468436,0.005308052628125053,0.011390267857475756,complacency,9.73,12.55,0.7752988047808765,1.88,,0.59
2017-11-22 14:30:00,0.0052946115646445,0.009497708641561766,0.008732925954972739,complacency,9.88,12.44,0.7942122186495177,1.91,,0.58
2017-11-24 14:30:00,-0.0059809029190843,-0.007848943127548564,-0.005170530759116722,complacency,9.67,12.42,0.7785829307568438,1.9,,0.59
2017-11-27 14:30:00,-0.0017217156315325,0.002234414356729917,0.003028444240241346,complacency,9.87,12.57,0.7852028639618137,1.93,,0.58
2017-11-28 14:30:00,0.020419566330911,0.01668731395474724,0.01733089228135361,complacency,10.03,12.27,0.817440912795436,1.91,,0.59
2017-11-29 14:30:00,0.0067632245091001,0.00786687051994988,-2.4158289749104736e-05,complacency,10.7,12.82,0.8346333853354133,1.92,,0.59
2017-11-30 14:30:00,0.0016930716718523,-0.008303860974869999,-0.006819304083970431,complacency,11.28,13.04,0.8650306748466258,1.88,,0.64
2017-12-01 05:00:00,0.0022526897677117,0.005189436488929163,0.0053570741028103885,complacency,11.43,13.28,0.8606927710843374,1.87,,0.59
2017-12-01 14:30:00,-0.0077894633593967,-0.005019014368966061,-0.004878164415206452,complacency,11.43,13.28,0.8606927710843374,1.87,,0.59
2017-12-04 14:30:00,0.0044809096369854,0.006274008336651751,-0.0010221554573535997,complacency,11.68,13.55,0.8619926199261992,1.87,,0.57
2017-12-05 14:30:00,-0.0264471377516526,-0.027183912669860234,-0.023992878840600845,complacency,11.33,13.54,0.8367799113737076,1.84,,0.53
2017-12-06 14:30:00,-0.0027362879151717,-0.003975158101720689,-0.00177213856255631,complacency,11.02,13.45,0.8193308550185874,1.86,,0.55
2017-12-07 14:30:00,0.0128244420722573,0.012090315123231386,0.006226285965526497,complacency,10.16,12.93,0.785769528228925,1.88,,0.57
2017-12-08 14:30:00,0.0080519105722748,0.0059377008808378234,0.0006737437904757691,complacency,9.58,12.46,0.768860353130016,1.87,,0.58
2017-12-11 14:30:00,0.0069986921900177,0.007394151831911993,0.010643928174618117,complacency,9.34,12.28,0.760586319218241,1.85,,0.57
2017-12-12 14:30:00,-0.0042018199202675,-0.004180282372927267,0.00024468671266832283,complacency,9.92,12.48,0.7948717948717948,1.84,,0.57
2017-12-13 14:30:00,-0.019178491597811,-0.0193782577442636,-0.015402442978663052,complacency,10.18,12.5,0.8144,1.83,,0.57
2017-12-14 14:30:00,-0.0163532099248562,-0.010655910402900242,-0.007178917990691333,complacency,10.49,12.8,0.8195312499999999,1.82,,0.53
2017-12-15 14:30:00,0.0057615588188856,0.006769176583036952,0.002941562473080217,complacency,9.42,12.08,0.7798013245033113,1.8,,0.51
2017-12-18 14:30:00,0.0102580209660128,0.004883955124253288,0.004715291461777126,complacency,9.53,12.07,0.7895608947804473,1.81,,0.55
2017-12-19 14:30:00,-0.0035698365781052,-0.00876489478542635,-0.009841158142101644,complacency,10.03,12.51,0.8017585931254996,1.81,,0.59
2017-12-20 14:30:00,0.0097135591016356,0.004760121285659457,0.003337943621065392,complacency,9.72,12.37,0.7857720291026679,1.82,,0.62
2017-12-21 14:30:00,0.0093752244848985,0.014663431316233145,0.013164966823811379,complacency,9.62,12.35,0.7789473684210526,1.79,,0.59
2017-12-22 14:30:00,-0.0051461280318012,-0.00042518336846717516,-0.0027701217456289158,complacency,9.9,12.49,0.7926341072858287,1.79,,0.57
2017-12-26 14:30:00,-0.004181216198596,0.00042501863142747117,-0.004732940836640811,complacency,10.25,12.62,0.812202852614897,1.78,,0.55
2017-12-27 14:30:00,0.0030894268446349,0.006955704346728108,0.007557361302716413,complacency,10.47,12.65,0.8276679841897233,1.76,,0.53
2017-12-28 14:30:00,0.0037387554969867,0.004685975502210727,0.003162635396933588,complacency,10.18,12.76,0.7978056426332288,1.76,,0.52
2017-12-29 14:30:00,0.0112291332776668,0.01654869551851016,0.018953243828514158,complacency,11.04,13.09,0.8433919022154316,1.77,,0.51
2018-01-02 14:30:00,-0.0036221052945466,-0.012490642519410835,-0.014253664217235682,complacency,9.77,12.61,0.774781919111816,1.78,,0.54
2018-01-03 14:30:00,0.0117138615422104,0.017030835159627663,0.01821217783707827,complacency,9.15,12.32,0.7426948051948052,1.77,,0.5
2018-01-04 14:30:00,-0.002620579396229,-0.003516763113616856,-0.0024901433390271885,complacency,9.22,12.24,0.7532679738562091,1.75,,0.5
2018-01-05 14:30:00,0.00046775621439,-0.0006212931498207493,0.0031443122953202425,complacency,9.22,12.06,0.7645107794361526,1.76,,0.51
2018-01-08 14:30:00,0.0003859924189588,-0.0030422905765024014,-0.005622480477605481,complacency,9.52,12.15,0.7835390946502057,1.74,,0.53
2018-01-09 14:30:00,-0.0103547037334348,-0.015229557295758856,-0.010750749451795917,complacency,10.08,12.41,0.8122481869460113,1.74,,0.57
2018-01-10 14:30:00,-0.0057739978673362,-0.007000988911061009,-0.00464589504967983,complacency,9.82,12.36,0.7944983818770227,1.73,,0.57
2018-01-11 14:30:00,0.0152082899146821,0.014855079990533022,0.009953775160279614,complacency,9.88,12.16,0.8125,1.69,,0.56
2018-01-12 14:30:00,0.001484736726598,0.0014495782229075728,0.002066461024790177,complacency,10.16,12.2,0.8327868852459017,1.68,,0.56
2018-01-16 14:30:00,-0.0200221234511822,-0.011079963760655237,-0.0021248806265630263,complacency,11.66,13.23,0.8813303099017384,1.66,,0.51
2018-01-17 14:30:00,0.0074679838541008,0.0070124437468344295,0.009771223500039943,complacency,11.91,13.25,0.8988679245283019,1.66,,0.52
2018-01-18 14:30:00,0.0032542354279492,-0.0035868020466728306,-8.375507563491372e-05,complacency,12.22,13.58,0.8998527245949927,1.64,,0.57
2018-01-19 14:30:00,0.0162487838923868,0.01103359329002563,0.005618533300759265,complacency,11.27,13.04,0.8642638036809817,1.64,,0.58
2018-01-22 14:30:00,-0.0055797355925687,-0.006719207000597578,-0.004400034380497565,complacency,11.03,12.99,0.8491147036181678,1.64,,0.58
2018-01-23 14:30:00,-0.0003944422032805,0.001112959214832563,-0.0004011052552642481,complacency,11.1,13.22,0.8396369137670197,1.64,,0.57
2018-01-24 14:30:00,0.0042096981124143,0.006399557902580663,0.00585114051340296,complacency,11.47,13.53,0.8477457501847747,1.65,,0.57
2018-01-25 14:30:00,0.009140453149472,0.011426069679735612,0.011662163836316651,complacency,11.58,13.68,0.8464912280701755,1.61,,0.55
2018-01-26 14:30:00,0.0007002005267568,-0.0002439815811725799,0.004272555574271866,complacency,11.08,13.46,0.8231797919762258,1.6,,0.53
2018-01-29 14:30:00,-0.0092488022165055,-0.003162047981662367,-0.001129151242653571,complacency,13.84,14.99,0.923282188125417,1.59,,0.59
2018-01-30 14:30:00,-0.0096252232826177,-0.00600500409532978,-0.003972720184621484,complacency,14.79,15.83,0.9343019583070119,1.59,,0.6
2018-01-31 14:30:00,0.003032172719083,-0.0027381491903024015,-0.0035947020455023696,complacency,13.54,14.9,0.9087248322147651,1.56,,0.58
2018-02-01 14:30:00,0.0188238451330217,0.015478592676305542,0.01858664722270174,complacency,13.47,14.72,0.9150815217391305,1.56,,0.62
2018-02-02 14:30:00,-0.0286424605348347,-0.013556977943148855,-0.016171411144606882,stress,17.31,17.03,1.016441573693482,1.58,,0.69
2018-02-05 14:30:00,-0.0145469880772243,0.12108607838179478,0.1106721658383473,stress,37.32,28.13,1.326697476004266,1.63,,0.69
2018-02-06 14:30:00,-0.0088776263816812,-0.018149765646099582,-0.008805195152084864,stress,29.98,23.75,1.2623157894736843,1.61,,0.69
2018-02-07 14:30:00,-0.004312298947873,-0.005922634669404949,-0.013544530706995857,stress,27.73,23.03,1.2040816326530612,1.62,,0.69
2018-02-08 14:30:00,-0.0058695810157464,-0.0021508523905231797,-0.005546081381006406,stress,33.46,27.33,1.2242956458104648,1.63,,0.72
2018-02-09 14:30:00,0.0024944679378346,-0.0022911737466760384,0.0020299288328985013,stress,29.06,24.92,1.1661316211878008,1.67,,0.78
2018-02-12 14:30:00,-0.0023824703784205,-0.006228867553710391,-0.0038721524304860815,stress,25.61,22.86,1.1202974628171478,1.64,,0.77
2018-02-13 14:30:00,-0.0015899695733665,3.379191408009333e-05,0.0021811880864002374,stress,24.97,22.65,1.1024282560706402,1.69,,0.73
2018-02-14 14:30:00,-0.0056470749223256,-0.011073840980775455,-0.01885312516379755,normal,19.26,19.34,0.9958634953464324,1.66,,0.74
2018-02-15 14:30:00,-0.0004463606737277,-0.00020838396854557233,0.0027844506170653246,stress,19.13,19.08,1.0026205450733754,1.63,,0.71
2018-02-16 14:30:00,0.0093579442104017,0.01067739349125349,0.009272881218567406,stress,19.46,19.17,1.015127803860198,1.66,,0.66
2018-02-20 14:30:00,-0.0073505403398631,-0.006545700123864183,-0.005306881671377665,stress,20.6,20.01,1.0294852573713142,1.67,,0.63
2018-02-21 14:30:00,-0.0042336624505614,-0.005201502143711469,-0.00517550261739549,stress,20.02,20.03,0.9995007488766849,1.67,,0.68
2018-02-22 14:30:00,0.0128431416577939,0.011915084958616748,0.013757310263780529,normal,18.72,19.06,0.9821615949632739,1.68,,0.67
2018-02-23 14:30:00,-0.0097442973307399,-0.011388150970587234,-0.01089864822627155,normal,16.49,17.5,0.9422857142857142,1.68,,0.63
2018-02-26 14:30:00,-0.0110504549749771,-0.012222846368617254,-0.004013133444586706,complacency,15.8,16.92,0.9338061465721039,1.7,,0.64
2018-02-27 14:30:00,0.0012190469243726,0.0034109820950542465,0.005619667386808356,normal,18.59,19.02,0.9773922187171399,1.69,,0.63
2018-02-28 14:30:00,-0.0069339550718309,-0.005860147953363485,-0.0028412180519939,normal,19.85,19.89,0.9979889391654098,1.68,,0.62
2018-03-01 05:00:00,0.0560260012945172,0.057448922225033644,0.04911317954939648,stress,22.47,21.42,1.049019607843137,1.72,,0.59
2018-03-01 14:30:00,-0.0264908765031412,-0.031543142037270495,-0.04391159110285492,stress,22.47,21.42,1.049019607843137,1.72,,0.59
2018-03-02 14:30:00,0.0097149933478209,0.00810860953531693,0.0002866546052773776,normal,19.59,19.86,0.9864048338368581,1.72,,0.61
2018-03-05 14:30:00,-0.006137215218811,-0.005520426696240522,-0.005372595237068534,normal,18.73,19.21,0.9750130140551796,1.72,,0.64
2018-03-06 14:30:00,0.0202784928906482,0.01791883212670686,0.013178592821421975,normal,18.36,19.24,0.9542619542619543,1.75,,0.63
2018-03-07 14:30:00,0.008747076353265,0.0074235512410342095,0.004802788212734296,normal,17.76,18.84,0.9426751592356689,1.77,,0.64
2018-03-08 14:30:00,-0.0012217490423015,-0.004638961511837751,0.000762830585564237,normal,16.54,18.18,0.9097909790979097,1.78,,0.61
2018-03-09 14:30:00,0.0068310582917065,0.007175466355687227,0.009113408515190677,complacency,14.64,17.01,0.8606701940035273,1.77,,0.63
2018-03-12 13:30:00,-0.0145434113957557,-0.016642945381809653,-0.017348474232626494,complacency,15.78,17.8,0.8865168539325842,1.79,,0.6
2018-03-13 13:30:00,-9.1003425069857e-05,-0.0009374686116082994,-0.003361815890012239,normal,16.35,18.05,0.9058171745152355,1.8,,0.58
2018-03-14 13:30:00,-0.0150713992736688,-0.015906029636419683,-0.015861805213007316,normal,17.23,18.78,0.917465388711395,1.8,,0.55
2018-03-15 13:30:00,0.0072773421882521,0.005503094720046736,0.009454821639393145,normal,16.59,18.21,0.9110378912685337,1.81,,0.53
2018-03-16 13:30:00,0.0003195796251452,0.0012259699336868663,-0.004903199864265951,complacency,15.8,17.74,0.890642615558061,1.79,,0.54
2018-03-19 13:30:00,-0.0019884300189173,-2.591285825083835e-05,-0.0025558534225592075,normal,19.02,19.38,0.9814241486068112,1.8,,0.54
2018-03-20 13:30:00,0.0028522100901082,0.0032397084365989983,0.00431821900115022,normal,18.2,18.88,0.9639830508474576,1.79,,0.55
2018-03-21 13:30:00,0.0171745705361374,0.016662364440168623,0.012477236249450113,normal,17.86,18.71,0.9545697487974345,1.82,,0.58
2018-03-22 13:30:00,-0.008767199515149,-0.007349308930566184,-0.009317005106894998,stress,23.34,21.66,1.077562326869806,1.84,,0.54
2018-03-23 13:30:00,-0.0008966880347061,-0.0017675543716120902,-0.0011791813312560175,stress,24.87,22.79,1.091268100043879,1.87,,0.54
2018-03-26 13:30:00,0.0092429992127456,0.007415081996419214,0.010806163720206307,stress,21.03,20.7,1.0159420289855072,1.84,,0.52
2018-03-27 13:30:00,0.0047224149576793,0.004687954522899512,0.005061899518918045,stress,22.5,21.94,1.0255241567912488,1.86,,0.52
2018-03-28 13:30:00,0.0062255542665301,0.005535981505342705,0.002189282484677206,stress,22.87,22.31,1.0251008516360378,1.86,,0.49
2018-03-29 13:30:00,-0.007805664209788,-0.01048226333445642,-0.010550947539538462,normal,19.97,20.55,0.9717761557177614,1.85,,0.47
2018-04-02 13:30:00,-0.0076746418837503,,,stress,23.62,22.57,1.0465219317678334,1.86,,0.48
2018-04-03 13:30:00,0.0070905671880745,0.007025411094587138,0.004864093196691234,stress,21.1,21.02,1.0038058991436727,1.84,,0.51
2018-04-04 13:30:00,-0.0051880814821499,-0.006837023572711946,-0.008541601215447643,stress,20.06,20.42,0.9823702252693436,1.85,,0.51
2018-04-05 13:30:00,-0.008930514263208,-0.008855164799875768,-0.008990014471434715,normal,18.94,19.61,0.9658337582865886,1.84,,0.53
2018-04-06 13:30:00,-0.0153995123716778,-0.013595913830327523,-0.015936201929249057,stress,21.49,21.2,1.0136792452830188,1.84,,0.5
2018-04-09 13:30:00,0.0122300040194634,0.013192683918758495,0.016511450624893738,stress,21.77,21.23,1.0254357041921809,1.83,,0.49
2018-04-10 13:30:00,0.0143397274431184,0.016174087843366384,0.011843481281592164,stress,20.47,20.4,1.0034313725490196,1.8,,0.48
2018-04-11 13:30:00,0.0023688625659104,0.0020745633738845303,-0.00396689272312703,stress,20.24,20.37,0.9936180657830141,1.8,,0.47
2018-04-12 13:30:00,0.0035953284472913,0.003218742636090762,0.0032662700773126285,normal,18.49,19.28,0.95902489626556,1.79,,0.49
2018-04-13 13:30:00,-2.7982439696500744e-06,-0.0020894275850589627,-0.000933809990612228,normal,17.41,18.55,0.938544474393531,1.79,,0.45
2018-04-16 13:30:00,-8.43958221097979e-05,0.00016610700498243273,-0.0014558236818589894,normal,16.56,17.82,0.9292929292929292,1.77,,0.44
2018-04-17 13:30:00,-0.0068120562734556,-0.008441545487288343,-0.010517786180725212,complacency,15.25,16.8,0.9077380952380952,1.76,,0.41
2018-04-18 13:30:00,0.0047346872851292,0.006346103261184069,0.0060803863281085595,complacency,15.6,16.8,0.9285714285714285,1.76,,0.45
2018-04-19 13:30:00,-0.0012343709535237,-0.0008241616903706298,0.0009420229119497642,complacency,15.96,17.12,0.9322429906542056,1.77,,0.48
2018-04-20 13:30:00,0.003858910901403,0.0045208709898341875,0.003385066012548103,normal,16.88,17.72,0.9525959367945824,1.78,,0.5
2018-04-23 13:30:00,0.0025363340458662,0.0037555293621705076,0.003818029006753797,normal,16.34,17.35,0.94178674351585,1.76,,0.49
2018-04-24 13:30:00,-0.0113525855190396,-0.010101458717538595,-0.01432271498336112,normal,18.02,18.23,0.988480526604498,1.77,,0.52
2018-04-25 13:30:00,0.0064853586548511,0.004146723114673144,0.008721736605785273,normal,17.84,18.23,0.9786066922654965,1.8,,0.54
2018-04-26 13:30:00,-0.016910694399657,-0.01889238798368832,-0.01649571900674133,normal,16.24,17.29,0.9392712550607287,1.8,,0.51
2018-04-27 13:30:00,-0.0005479736293511,-0.0013963284796890633,5.048682542165917e-05,complacency,15.41,17.08,0.902224824355972,1.8,,0.47
2018-04-30 13:30:00,-0.0024429276836065,-0.0011653223852028042,-0.0008103444940123993,complacency,15.93,17.34,0.9186851211072664,1.79,,0.46
2018-05-01 13:30:00,-0.0063853006881741,-0.010222575978352012,-0.011159234874839559,complacency,15.49,16.91,0.9160260201064458,1.82,,0.47
2018-05-02 13:30:00,0.0005491798161829,-0.00046539483480483165,-0.005444807834522722,complacency,15.97,17.26,0.925260718424102,1.83,,0.48
2018-05-03 13:30:00,0.0197445435651731,0.017917287159111422,0.019816309779376748,complacency,15.9,17.03,0.9336465061655901,1.86,,0.45
2018-05-04 13:30:00,0.0044997418647178,0.0037373091386574612,0.003492163741307334,complacency,14.77,16.65,0.8870870870870872,1.86,,0.44
2018-05-07 13:30:00,0.0112169844902132,0.00967945335261036,0.007860069243365951,complacency,14.75,16.65,0.885885885885886,1.87,,0.46
2018-05-08 13:30:00,0.0062565120590491,0.006218781682014786,0.003670516540283717,complacency,14.71,16.48,0.8925970873786409,1.87,,0.46
2018-05-09 13:30:00,0.0044710426683998,0.004613088118747815,0.006162404471177291,complacency,13.42,15.78,0.8504435994930292,1.86,,0.46
2018-05-10 13:30:00,-0.0060803042038147,-0.002117404499381456,-0.001713564680833518,complacency,13.23,15.24,0.8681102362204725,1.84,,0.43
2018-05-11 13:30:00,0.0014690913539814,0.0039002105225218785,0.0036949330992655455,complacency,12.65,14.82,0.8535762483130904,1.82,,0.43
2018-05-14 13:30:00,0.0046347872491867,0.0060018203908576845,0.008504888736365545,complacency,12.93,14.53,0.8898830006882312,1.81,,0.45
2018-05-15 13:30:00,0.0094231075533014,0.009182051948389931,0.00738737812658132,complacency,14.63,15.79,0.9265357821405954,1.81,,0.5
2018-05-16 13:30:00,0.004260394220929,0.00370580392654215,-0.00031015401253327995,complacency,13.42,15.14,0.8863936591809775,1.8,,0.51
2018-05-17 13:30:00,0.0031730698435653,-0.0019701163009365344,-0.0033284894875034504,complacency,13.43,15.02,0.8941411451398136,1.82,,0.54
2018-05-18 13:30:00,0.0070205836272677,0.008006343624505275,0.005483323945079974,complacency,13.42,15.19,0.8834759710335748,1.83,,0.51
2018-05-21 13:30:00,0.003509303441038,0.0047545064854924955,0.004453955012747496,complacency,13.08,14.69,0.8904016337644657,1.83,,0.48
2018-05-22 13:30:00,-0.0076218888024995,-0.006827288888231138,-0.005024269718134357,complacency,13.22,14.88,0.8884408602150538,1.83,,0.47
2018-05-23 13:30:00,-0.0135975526558989,-0.017116650932424135,-0.015758749960004554,complacency,12.58,14.48,0.8687845303867403,1.84,,0.48
2018-05-24 13:30:00,0.0082182834452865,0.008143678167388332,0.006639868265495738,complacency,12.53,14.43,0.8683298683298682,1.84,,0.48
2018-05-25 13:30:00,-0.0062878100257311,-0.002450444032680808,-0.002642005210377196,complacency,13.22,14.83,0.8914362778152394,1.85,,0.45
2018-05-29 13:30:00,-0.0017224786281174,-0.00565774180504186,-0.006475883039286898,normal,17.02,17.13,0.9935785172212493,1.96,,0.45
2018-05-30 13:30:00,0.0099536702600895,0.012229595024782483,0.00868852024877783,complacency,14.94,16.0,0.93375,1.91,,0.42
2018-05-31 13:30:00,-0.0042208803561082,-0.0033538399366542506,-0.0015185176823174894,complacency,15.43,16.33,0.9448867115737907,1.89,,0.43
2018-06-01 04:00:00,-0.0150926235552921,-0.017412590587744657,-0.017090802908390185,complacency,13.46,15.27,0.8814669286182057,1.9,,0.42
2018-06-01 13:30:00,0.004893933481009,0.0038495826083413697,0.004083320785710159,complacency,13.46,15.27,0.8814669286182057,1.9,,0.42
2018-06-04 13:30:00,-0.0052733705930612,-0.0061189936212598176,-0.006332830830523099,complacency,12.74,14.9,0.8550335570469798,1.88,,0.42
2018-06-05 13:30:00,0.016451874789205,0.015108740639905619,0.013495235317835436,complacency,12.4,14.72,0.842391304347826,1.9,,0.43
2018-06-06 13:30:00,0.0018030457912469,-0.0009756844495896172,-0.00014952235198046585,complacency,11.64,14.19,0.8202959830866808,1.91,,0.45
2018-06-07 13:30:00,0.0073396975177604,0.009997488111078739,0.011459670967981624,complacency,12.13,14.43,0.8406098406098407,1.89,,0.43
2018-06-08 13:30:00,-0.0017839142982102,-0.001819926089359735,-0.0021415069170682456,complacency,12.18,14.6,0.8342465753424657,1.9,,0.43
2018-06-11 13:30:00,-0.0089288603541494,-0.009464504944348856,-0.00950972723645661,complacency,12.35,14.55,0.8487972508591065,1.89,,0.44
2018-06-12 13:30:00,-0.0022585061922503,-0.0008711476875351617,-0.0032327269407737844,complacency,12.34,14.59,0.8457847840986977,1.88,,0.42
2018-06-13 13:30:00,1.301728177711267e-05,0.002656374005336299,0.002871316375019217,complacency,12.94,14.92,0.8672922252010724,1.87,,0.39
2018-06-14 13:30:00,-0.0209664206595781,-0.019194606949199357,-0.02144663130402771,complacency,12.12,14.4,0.8416666666666666,1.88,,0.35
2018-06-15 13:30:00,-0.0036946256966751,-0.006366350325845021,-0.006539021713317472,complacency,11.98,14.42,0.8307905686546464,1.87,,0.38
2018-06-18 13:30:00,-0.0011579898294659,0.0010531321558677432,-0.00023043583752828595,complacency,12.31,14.48,0.8501381215469613,1.9,,0.36
2018-06-19 13:30:00,-0.0053205447539347,-0.00412457352403981,-0.004742491963692121,complacency,13.35,15.17,0.8800263678312459,1.91,,0.35
2018-06-20 13:30:00,-0.0023893034665101,-0.0034282866361896955,-0.004649889314811547,complacency,12.79,14.79,0.8647734956051386,1.92,,0.37
2018-06-21 13:30:00,-0.0008566954589035,0.0020858236740615185,0.00319814791442167,complacency,14.64,15.87,0.9224952741020794,1.95,,0.34
2018-06-22 13:30:00,-0.0073578130426398,-0.006900388084351622,-0.0055753437935074,complacency,13.77,15.5,0.8883870967741935,1.97,,0.34
2018-06-25 13:30:00,0.0079874785690902,0.010223891636657219,0.011938565684968481,normal,17.33,17.52,0.9891552511415524,1.99,,0.33
2018-06-26 13:30:00,0.0030018854141403,0.0020937289639910207,0.0015709192874662809,complacency,15.92,16.87,0.943687018375815,1.99,,0.35
2018-06-27 13:30:00,0.0021500804779257,0.003392748639572503,0.004124636645416414,normal,17.91,18.05,0.9922437673130193,1.98,,0.31
2018-06-28 13:30:00,-0.0137725992325603,-0.013179021324279042,-0.012837784419464354,normal,16.85,17.52,0.96175799086758,2.0,,0.32
2018-06-29 13:30:00,0.0038604636451605,0.003128887771277308,0.0035276787295357667,normal,16.09,17.14,0.9387397899649941,1.99,,0.33
2018-07-02 13:30:00,0.0056601399545855,0.0060651509610527895,0.004331023060719318,complacency,15.6,16.95,0.9203539823008849,1.97,,0.3
2018-07-03 13:30:00,-0.0074343710541363,-0.006616921524780699,-0.008758250721438111,normal,16.14,17.35,0.9302593659942363,1.99,,0.3
2018-07-05 13:30:00,-0.004551555328058,-0.005183109681134158,-0.006110417028254434,complacency,14.97,16.53,0.9056261343012704,1.95,,0.29
2018-07-06 13:30:00,0.0006988230460313,0.0030620483512140305,0.003029779068085864,complacency,13.37,15.71,0.8510502864417567,1.96,,0.29
2018-07-09 13:30:00,-0.0015149883408259,-0.002186002197444319,-0.0018095113699543876,complacency,12.69,14.87,0.8533960995292535,1.93,,0.29
2018-07-10 13:30:00,0.0091618562726064,0.008698349496968438,0.009670158435783172,complacency,12.64,14.71,0.8592794017675051,1.91,,0.28
2018-07-11 13:30:00,-0.0158666019606637,-0.016727293560693017,-0.01654829886788311,complacency,13.63,15.38,0.8862158647594278,1.91,,0.27
2018-07-12 13:30:00,0.0012536068001568,0.002549497847483307,0.003270265615489351,complacency,12.58,14.76,0.8523035230352304,1.9,,0.25
2018-07-13 13:30:00,0.0085063297367016,0.009192812189303987,0.009391150118342477,complacency,12.18,14.54,0.8376891334250344,1.9,,0.24
2018-07-16 13:30:00,-0.0010585945801811,-0.0018448864096033647,-0.0012506770214779513,complacency,12.83,14.85,0.863973063973064,1.91,,0.26
2018-07-17 13:30:00,-0.0033595662605807,-0.0026010617841101683,-0.002662206873115112,complacency,12.06,14.4,0.8375,1.9,,0.24
2018-07-18 13:30:00,0.0013196133823445,-0.00043088396872698206,-0.00033533179282495295,complacency,12.1,14.39,0.8408617095205003,1.89,,0.28
2018-07-19 13:30:00,0.0010107426811269,0.0026024186671585706,-0.0002868449499265082,complacency,12.87,14.97,0.8597194388777554,1.9,,0.24
2018-07-20 13:30:00,-0.0057412359237429,-0.007192641728183941,-0.005394486338906438,complacency,12.86,15.08,0.8527851458885941,1.91,,0.29
2018-07-23 13:30:00,-0.0150122148615492,-0.015183275267142414,-0.014426053195536036,complacency,12.62,14.86,0.8492597577388964,1.91,,0.32
2018-07-24 13:30:00,-0.0024065462416067,-0.0035948830602748425,0.0007881195527272618,complacency,12.41,14.7,0.84421768707483,1.88,,0.32
2018-07-25 13:30:00,0.0060100109936881,0.0054427528855678,0.005565765765159373,complacency,12.29,14.55,0.8446735395189002,1.87,,0.28
2018-07-26 13:30:00,0.0159456878307799,0.015404257953412485,0.011316006132152664,complacency,12.14,14.4,0.8430555555555556,1.85,,0.29
2018-07-27 13:30:00,0.0046124261529166,0.003235065866895228,0.0033982966303041677,complacency,13.03,15.0,0.8686666666666666,1.84,,0.29
2018-07-30 13:30:00,-0.0056400730439723,-0.007896794115525572,-0.008115965799361228,complacency,14.26,15.66,0.9106002554278416,1.84,,0.32
2018-07-31 13:30:00,0.0271504090433178,0.028490194305805072,0.024873415863854012,complacency,12.83,14.87,0.8628110289172831,1.83,,0.29
2018-08-01 13:30:00,-0.0035335805696516,-0.0029013542202216127,0.005381014513313029,complacency,13.15,15.22,0.8639947437582128,1.83,,0.33
2018-08-02 13:30:00,-0.001600028879357,-0.0003637530988785103,0.0016468520161694057,complacency,12.19,14.76,0.825880758807588,1.84,,0.32
2018-08-03 13:30:00,0.0015135960295207,0.0019407633337226123,0.0011659028468610957,complacency,11.64,14.49,0.8033126293995859,1.84,,0.32
2018-08-06 13:30:00,0.0065153037289967,0.004367501169341729,0.005804312461454971,complacency,11.27,14.23,0.791988756148981,1.82,,0.3
2018-08-07 13:30:00,0.0048331372573582,0.005111049800558346,0.007081347435369938,complacency,10.93,13.93,0.7846374730796841,1.82,,0.3
2018-08-08 13:30:00,-0.0053914528662181,-0.004319208413775382,-0.0016044440258131077,complacency,10.85,13.96,0.7772206303724928,1.84,,0.28
2018-08-09 13:30:00,-0.0005654327687869,0.0006443637564233188,0.000333421834151909,complacency,11.27,14.13,0.7975937721160651,1.85,,0.29
2018-08-10 13:30:00,-0.0131342359013984,-0.014195432047738907,-0.0127134504923977,complacency,13.16,15.22,0.8646517739816031,1.87,,0.26
2018-08-13 13:30:00,-0.018324052152254,-0.014572381548236488,-0.011154931097455092,complacency,14.78,16.21,0.9117828500925353,1.91,,0.27
2018-08-14 13:30:00,0.0054425990318689,0.003972494179225251,-5.987104680034612e-05,complacency,13.31,15.35,0.8671009771986972,1.9,,0.26
2018-08-15 13:30:00,-0.001302996915885,-0.0018381812792789042,-0.002475683121645399,complacency,14.64,16.19,0.9042618900555899,1.9,,0.25
2018-08-16 13:30:00,0.0022642502299307,0.000676421719767759,0.0005299109575975965,complacency,13.45,15.51,0.8671824629271437,1.89,,0.24
2018-08-17 13:30:00,0.0118176602043994,0.012679347895705661,0.00898242222454564,complacency,12.64,15.17,0.8332234673698089,1.89,,0.26
2018-08-20 13:30:00,0.0025022055424464,0.0008643411504472077,-0.002902752251303739,complacency,12.49,15.0,0.8326666666666667,1.89,,0.22
2018-08-21 13:30:00,0.0006368924275493,0.0007456726388767441,0.00028275844104184555,complacency,12.86,15.19,0.8466096115865701,1.88,,0.24
2018-08-22 13:30:00,-0.0052087033972135,-0.0017746639199542583,0.002193273271810881,complacency,12.25,15.08,0.8123342175066313,1.91,,0.22
2018-08-23 13:30:00,-0.003779731502519,-0.005668479643228172,-0.003640417877408256,complacency,12.41,15.06,0.8240371845949535,1.9,,0.21
2018-08-24 13:30:00,0.000174739158825,-0.0007686528313050876,0.00043494056674942054,complacency,11.99,14.82,0.8090418353576249,1.9,,0.19
2018-08-27 13:30:00,0.0044142600013856,0.0027268432748492506,0.006023150196967501,complacency,12.16,14.79,0.8221771467207574,1.89,,0.18
2018-08-28 13:30:00,0.0039692179635205,0.006998733774560503,0.006031807515129652,complacency,12.5,15.11,0.827266710787558,1.9,,0.21
2018-08-29 13:30:00,0.0016515960478053,-0.001375415466515689,0.0004307916386575097,complacency,12.25,14.95,0.8193979933110368,1.88,,0.22
2018-08-30 13:30:00,0.0017171637615181,0.006107235322677964,0.01152129892893827,complacency,13.53,15.54,0.8706563706563707,1.9,,0.22
2018-08-31 13:30:00,0.003967840951831,0.00834319334598032,0.007742616230627006,complacency,12.86,15.15,0.8488448844884487,1.92,,0.24
2018-09-04 13:30:00,0.0091872290091644,0.012657709497316694,0.011452721492697847,complacency,13.16,15.45,0.851779935275081,1.94,,0.24
2018-09-05 13:30:00,0.0121260246856433,0.01403910254453563,0.00935369103799212,complacency,13.91,15.92,0.8737437185929648,1.95,,0.24
2018-09-06 13:30:00,-0.0024407777299145,-0.005264427773341951,-0.007752892875506942,complacency,14.65,16.34,0.8965728274173806,1.93,,0.24
2018-09-07 13:30:00,-0.0030833977161996,-0.0032851859081065513,9.19640538106798e-05,complacency,14.88,16.59,0.8969258589511755,1.93,,0.23
2018-09-10 13:30:00,0.0135568641847986,0.01115021854984518,0.0072835674518885,complacency,14.16,16.17,0.8756957328385899,1.92,,0.21
2018-09-11 13:30:00,-0.0013114418736116,-0.0041518795148890895,-0.00043398690819711184,complacency,13.22,15.54,0.8507078507078508,1.9,,0.22
2018-09-12 13:30:00,0.0144612559044669,0.013815355398201012,0.010044565955426969,complacency,13.14,15.32,0.8577023498694517,1.89,,0.23
2018-09-13 13:30:00,-0.0096273376965001,-0.014347960877121325,-0.011960526513090097,complacency,12.37,14.77,0.8375084631008801,1.87,,0.21
2018-09-14 13:30:00,0.0050909368806484,0.006091248518516338,0.004223148093916285,complacency,12.07,14.37,0.8399443284620738,1.88,,0.21
2018-09-17 13:30:00,0.0045718029782176,0.005904183928520969,0.002258607621095888,complacency,13.68,15.28,0.8952879581151832,1.88,,0.21
2018-09-18 13:30:00,-0.0063765427373107,-0.005556670782340149,-0.005698307149643195,complacency,12.79,15.04,0.8503989361702128,1.88,,0.24
2018-09-19 13:30:00,0.0086774196431873,0.009577652941146557,0.010174774935989162,complacency,11.75,14.65,0.8020477815699658,1.88,,0.27
2018-09-20 13:30:00,0.0026408103875006,-0.0010766956723219805,0.003409502253801367,complacency,11.8,14.51,0.8132322536181944,1.85,,0.26
2018-09-21 13:30:00,0.0065960095307743,0.004178562700921087,-0.0001964071490031371,complacency,11.68,14.58,0.8010973936899862,1.83,,0.26
2018-09-24 13:30:00,-0.0045652329672028,-0.002793630194544509,0.005933158757447355,complacency,12.2,14.77,0.8259986459038592,1.84,,0.25
2018-09-25 13:30:00,-0.0101176332340611,-0.009692192836355187,-0.005818756774312149,complacency,12.42,14.92,0.8324396782841823,1.83,,0.27
2018-09-26 13:30:00,-0.0011573052106868,-0.0008100416091085111,0.0007916212247791115,complacency,12.89,15.15,0.8508250825082508,1.84,,0.23
2018-09-27 13:30:00,-0.0037149711462094,-0.005776310661673974,-0.000764943032192344,complacency,12.41,14.89,0.8334452652787105,1.83,,0.23
2018-09-28 13:30:00,0.0113776173815264,0.01161317618765257,0.008084002337443667,complacency,12.12,14.77,0.8205822613405551,1.84,,0.24
2018-10-01 13:30:00,0.0089400207508565,0.008905051234424314,0.01278925365392757,complacency,12.0,14.74,0.8141112618724559,1.83,,0.27
2018-10-02 13:30:00,0.0012684969193238,0.0010813339934613423,0.0009331394704025942,complacency,12.05,14.84,0.8119946091644206,1.84,,0.23
2018-10-03 13:30:00,0.0035461118864138,0.00310457883055338,0.0040783812301424084,complacency,11.61,14.68,0.7908719346049046,1.83,,0.3
2018-10-04 13:30:00,-0.0071567431617709,0.00292654138374012,-5.4025287054321365e-05,complacency,14.22,15.84,0.8977272727272728,1.84,,0.32
2018-10-05 13:30:00,-0.0022693767748671,0.0011467223809851776,-0.00203646486366369,complacency,14.82,16.25,0.912,1.85,,0.35
2018-10-08 13:30:00,-0.001524656866577,,,complacency,15.69,16.51,0.9503331314354935,,,
2018-10-09 13:30:00,-0.0128677864250575,,,complacency,15.95,16.63,0.9591100420926038,1.84,,0.33
2018-10-10 13:30:00,-0.0036438798551788,0.0189758785551676,0.017774602532163356,stress,22.96,20.7,1.1091787439613527,1.86,,0.34
2018-10-11 13:30:00,-0.0077421834183057,-0.0040469814391431115,-0.00014528749965875363,stress,24.98,21.56,1.1586270871985158,1.88,,0.29
2018-10-12 13:30:00,-0.0131508793779901,-0.01871909818473656,-0.012626505093071607,stress,21.31,19.84,1.0740927419354838,1.88,,0.3
2018-10-15 13:30:00,-0.0003265700397219,0.0014672646720011535,-0.011018456264681157,stress,21.3,20.29,1.0497782158698867,1.89,,0.31
2018-10-16 13:30:00,0.0002025244768576,-0.004513929065150484,-0.003257458083889407,normal,17.62,17.96,0.9810690423162584,1.88,,0.29
2018-10-17 13:30:00,-0.0114172157399404,-0.011525312177817597,-0.007613558219713193,normal,17.4,18.1,0.9613259668508286,1.88,,0.3
2018-10-18 13:30:00,-0.0068973864842096,0.001281565550526751,-0.001222934938853882,stress,20.06,19.86,1.0100704934541793,1.92,,0.3
2018-10-19 13:30:00,-0.015846444975926,-0.016030309058445144,-0.011238499545517634,stress,19.89,19.84,1.0025201612903225,1.92,,0.28
2018-10-22 13:30:00,-0.0008203250177956,-0.0009680840925700861,0.0035812921943322103,normal,19.64,19.82,0.9909182643794148,1.92,,0.28
2018-10-23 13:30:00,-0.0207774106244262,-0.01465544923187246,-0.010479017824417281,stress,20.71,20.28,1.0212031558185404,1.96,,0.28
2018-10-24 13:30:00,-0.018166327141655,-0.0103277654322406,-0.013746011305203469,stress,25.23,22.62,1.1153846153846154,1.99,,0.26
2018-10-25 13:30:00,0.003551570487106,0.00036857644625312453,0.008047209461122301,stress,24.22,22.44,1.0793226381461674,1.98,,0.28
2018-10-26 13:30:00,0.0156773283698614,0.02314711984294426,0.01903404935941463,stress,24.16,22.48,1.0747330960854093,2.02,,0.27
2018-10-29 13:30:00,-0.0024523203834384,-0.001954599770475027,-0.012963919547571546,stress,24.7,23.06,1.0711188204683435,2.02,,0.27
2018-10-30 13:30:00,-0.0049232353574029,-0.00562145260548154,-0.014714990855808217,stress,23.35,22.23,1.0503823661718399,2.03,,0.28
2018-10-31 13:30:00,0.0051167660002621,0.0033047535338019958,0.009779358416319262,stress,21.23,21.15,1.0037825059101655,2.03,,0.28
2018-11-01 13:30:00,0.034145798467729,0.032394535462532896,0.02527153173477401,normal,19.34,20.07,0.9636273044344793,2.04,,0.3
2018-11-02 13:30:00,0.0356340492088515,0.03408881080336959,0.027911395834177687,normal,19.51,20.3,0.9610837438423646,2.02,,0.31
2018-11-05 14:30:00,0.0153105867598137,0.01752321667052037,0.01660928378662395,normal,19.96,20.2,0.9881188118811882,2.02,,0.29
2018-11-06 14:30:00,-0.0054367711073235,-0.010099918166479715,-0.012049723240121506,stress,19.91,19.58,1.0168539325842698,1.98,,0.29
2018-11-07 14:30:00,-0.0066957246571106,-0.009771367926207277,-0.002959220275583856,normal,16.36,17.62,0.9284903518728717,1.96,,0.26
2018-11-08 14:30:00,-0.0100779623120581,-0.009729772067078276,-0.010795664802436098,normal,16.72,17.68,0.9457013574660633,1.96,,0.26
2018-11-09 14:30:00,-0.0025055151348436,-0.00027870721747679395,0.002485089022886166,normal,17.36,18.46,0.9404117009750812,1.98,,0.25
2018-11-12 14:30:00,0.0067321382015749,,,stress,20.45,20.23,1.0108749382105784,,,
2018-11-13 14:30:00,-0.0052255445597938,,,stress,20.02,20.27,0.9876665022200296,2.04,,0.25
2018-11-14 14:30:00,-0.0006936950677511,0.0013818484157465086,0.004592536647147651,stress,21.25,21.22,1.0014137606032045,2.09,,0.26
2018-11-15 14:30:00,-0.0027455128147363,-0.001530205893180673,8.636359599555532e-05,normal,19.98,20.31,0.9837518463810931,2.13,,0.25
2018-11-16 14:30:00,0.0079786526760353,0.004458198069485296,0.00309898169133625,normal,18.14,19.35,0.9374677002583979,2.13,,0.27
2018-11-19 14:30:00,0.0059648134738064,0.008984518683654595,0.007424521570711141,stress,20.1,20.64,0.9738372093023256,2.16,,0.27
2018-11-20 14:30:00,-0.0126898648287388,-0.01025860056810842,-0.009010174077027741,stress,22.48,22.27,1.009429726088909,2.17,,0.27
2018-11-21 14:30:00,0.0128182687122339,0.012917363226048775,0.0018675011499046552,stress,20.8,21.32,0.975609756097561,2.17,,0.25
2018-11-23 14:30:00,0.0013476310242835,0.0032617168935471954,-0.00436275378735062,stress,21.52,21.75,0.9894252873563218,2.18,,0.24
2018-11-26 14:30:00,0.0060136240102316,0.0032119205009260667,0.005410629990168414,normal,18.9,20.11,0.939830929885629,2.16,,0.23
2018-11-27 14:30:00,-0.0041465666496451,-0.0029572592855633606,0.007756159115728964,normal,19.02,19.94,0.9538615847542627,2.2,,0.23
2018-11-28 14:30:00,-0.0041146194675508,-0.005600766618262092,0.002190312030149349,normal,18.49,19.28,0.95902489626556,2.22,,0.25
2018-11-29 14:30:00,-0.00614375862028,-0.0015930670991446136,9.088393545097356e-05,normal,18.79,19.59,0.9591628381827463,2.26,,0.22
2018-11-30 14:30:00,0.0105088153270354,0.010986768649608486,0.013660712400259147,normal,18.07,18.89,0.9565907887771308,2.27,,0.21
2018-12-03 14:30:00,0.009176555042381,0.010832358059638248,0.010988264602982654,normal,16.44,17.95,0.9158774373259054,2.26,,0.15
2018-12-04 14:30:00,-0.0193962820585766,-0.012971003758484798,-0.009845564029313095,stress,20.74,20.75,0.9995180722891566,2.25,,0.11
2018-12-06 14:30:00,-0.0112687378437276,-0.009957488198426387,-0.006346262497629687,stress,21.19,21.06,1.0061728395061729,2.29,,0.12
2018-12-07 14:30:00,-0.0076484043712465,-0.004066140362462009,-0.004755508200958276,stress,23.23,22.44,1.035204991087344,2.31,,0.13
2018-12-10 14:30:00,-0.0161571833012693,-0.017110911529470134,-0.010649797372272653,stress,22.64,22.01,1.028623353021354,2.31,,0.13
2018-12-11 14:30:00,-0.0003237008175679,-0.0034758643303899432,-0.0033427912272524568,stress,21.76,21.72,1.0018416206261511,2.26,,0.11
2018-12-12 14:30:00,0.0107666992977417,0.007592633904987848,0.0061828813228108825,stress,21.46,21.59,0.9939786938397407,2.24,,0.14
2018-12-13 14:30:00,-0.0043322794074333,-0.006388104385554261,0.0053266356769323606,stress,20.65,21.35,0.9672131147540982,2.25,,0.16
2018-12-14 14:30:00,0.0067335814879447,0.008322727058870438,0.0020505727872312867,stress,21.63,21.96,0.9849726775956283,2.25,,0.16
2018-12-17 14:30:00,-0.0127833094807157,-0.00832207395897612,-0.0019067350099492252,stress,24.52,23.41,1.0474156343442973,2.25,,0.16
2018-12-18 14:30:00,-0.013526634141405,-0.011871230403923159,-0.010267890181020438,stress,25.58,23.9,1.0702928870292887,2.26,,0.17
2018-12-19 14:30:00,-0.0012500750843165,0.001000558248781074,0.003683886426009232,stress,25.58,24.02,1.0649458784346377,2.27,,0.14
2018-12-20 14:30:00,-0.0086988769629142,-0.0021685910919526418,-0.0007679985607361994,stress,28.38,25.24,1.124405705229794,2.28,,0.12
2018-12-21 14:30:00,-0.0034920657012813,-0.0015965197706096683,-0.0007730865697239083,stress,30.11,26.23,1.1479222264582538,2.31,,0.16
2018-12-24 14:30:00,0.0026977141356641,0.013202471557961164,0.015104721881739508,stress,36.07,28.84,1.2506934812760055,2.35,,0.19
2018-12-26 14:30:00,0.0182290062611426,0.00801068026071646,0.011952575703895657,stress,30.41,25.69,1.1837290774620475,2.33,,0.2
2018-12-27 14:30:00,0.0078268425604583,0.007967666262543206,0.008209222745885168,stress,29.96,25.89,1.157203553495558,2.36,,0.21
2018-12-28 14:30:00,-0.0040588448994142,-0.0026860420911394207,-0.006825408727259043,stress,28.34,25.32,1.1192733017377567,2.44,,0.2
2018-12-31 14:30:00,0.007286662687474,0.0021350482016099905,0.00209398898379438,stress,25.42,23.73,1.0712178676780448,2.45,,0.21
2019-01-02 14:30:00,-0.0107447925420273,-0.009381769345856255,-0.01479138154442837,stress,23.22,22.75,1.0206593406593407,2.45,,0.16
2019-01-03 14:30:00,0.0016959260483875,0.005595491414725646,-0.0015004968008127996,stress,25.45,24.11,1.055578598092078,2.48,,0.17
2019-01-04 14:30:00,0.0158907307368087,0.00808686730552837,0.003160142388885628,stress,21.38,21.86,0.9780420860018298,2.45,,0.17
2019-01-07 14:30:00,0.0016097892118871,-0.00019750871911417044,-0.009080558169093837,stress,21.4,21.62,0.9898242368177612,2.42,,0.17
2019-01-08 14:30:00,-0.0037796078881575,-0.004395334933491472,-0.010180263460784803,stress,20.47,21.14,0.9683065279091768,2.39,,0.15
2019-01-09 14:30:00,-0.0019262631083154,-0.0068070378220263334,-0.011111339290806946,normal,19.98,20.69,0.9656839052682454,2.39,,0.18
2019-01-10 14:30:00,0.0209084422183002,0.021483736533682365,0.016959326491837873,normal,19.5,20.52,0.9502923976608187,2.42,,0.18
2019-01-11 14:30:00,-0.0030593649905175,-0.003157785320174741,-0.004987578802088754,normal,18.19,19.74,0.9214792299898684,2.42,,0.16
2019-01-14 14:30:00,0.0022241714500699,0.002353830821311088,0.003706096219402536,normal,19.07,19.93,0.9568489713998997,2.46,,0.18
2019-01-15 14:30:00,-0.0141921984206509,-0.01677030036817486,-0.010212657605161539,normal,18.6,19.24,0.9667359667359668,2.46,,0.19
2019-01-16 14:30:00,0.0083451704339907,0.010567552735821549,0.00830030960042722,normal,19.04,19.53,0.9749103942652328,2.45,,0.18
2019-01-17 14:30:00,0.0106033671908275,0.006301831274047866,0.0031543924614914932,normal,18.06,19.17,0.9420970266040687,2.43,,0.19
2019-01-18 14:30:00,0.0026014553334316,0.0027609953767259113,0.0018987239836740525,normal,17.8,18.84,0.9447983014861996,2.38,,0.17
2019-01-22 14:30:00,0.0052385911331252,0.013394881766172283,0.016203238542588563,stress,20.8,20.69,1.0053165780570323,2.38,,0.16
2019-01-23 14:30:00,0.0015435054444901,-0.003968961518484606,0.0017189436771731152,normal,19.52,20.08,0.9721115537848606,2.37,,0.18
2019-01-24 14:30:00,-0.0017090274632039,-0.0006441306875833404,-0.008917687917422373,normal,18.89,19.67,0.9603457041179461,2.37,,0.16
2019-01-25 14:30:00,0.0103795291305836,0.0067194333503682625,0.0018183082586935694,normal,17.42,18.82,0.9256110520722636,2.34,,0.16
2019-01-28 14:30:00,-0.0022162598126511,0.0028326273090618793,-0.0020756570779571267,normal,18.87,19.58,0.963738508682329,2.36,,0.15
2019-01-29 14:30:00,0.016816250972243,0.01599344024646591,0.012405098038655499,normal,19.13,19.6,0.9760204081632652,2.36,,0.16
2019-01-30 14:30:00,-0.0007246065052639,-0.005828134869124204,0.003226002052433243,normal,17.66,18.68,0.9453961456102784,2.37,,0.18
2019-01-31 14:30:00,0.0077361599035527,0.006302245869025729,0.008935563425171232,normal,16.57,17.88,0.9267337807606265,2.38,,0.18
2019-02-01 14:30:00,-0.0044764696624569,-0.009385597733827078,-0.011212301242803533,normal,16.14,17.59,0.9175667993177943,2.31,,0.18
2019-02-04 14:30:00,0.0025271828926425,7.904454948492665e-05,0.0021155617673485503,normal,15.73,17.19,0.915066899360093,2.3,,0.2
2019-02-05 14:30:00,-0.0091739985799617,-0.007992882646363067,-0.006221540686364983,normal,15.57,17.07,0.9121265377855887,2.27,,0.18
2019-02-06 14:30:00,0.0030213644126943,0.002815515868678132,0.0017464211214185215,normal,15.38,16.9,0.9100591715976333,2.28,,0.18
2019-02-07 14:30:00,0.0020164448891003,0.005325151815887077,0.0021270277878774712,normal,16.37,17.52,0.9343607305936074,2.31,,0.17
2019-02-08 14:30:00,0.0011442663079026,-0.0011329103660271884,-0.002643446618990064,normal,15.72,17.26,0.910776361529548,2.3,,0.18
2019-02-11 14:30:00,0.0049522859207328,0.006292271661163541,0.002420091567737615,normal,15.97,17.22,0.9274099883855983,2.3,,0.17
2019-02-12 14:30:00,0.0058357664549986,0.00395705589337892,0.00406343667773619,normal,15.43,16.82,0.917360285374554,2.3,,0.18
2019-02-13 14:30:00,0.0040823609992854,0.004102157346394312,0.0033593007137368803,normal,15.65,16.96,0.9227594339622641,2.27,,0.18
2019-02-14 14:30:00,-0.0017779524768509,0.0015593055335122938,0.0013248369116936596,normal,16.22,17.32,0.9364896073903002,2.3,,0.16
2019-02-15 14:30:00,0.0093605158387183,0.008171287273437028,0.006691149729904296,normal,14.91,16.48,0.9047330097087378,2.28,,0.14
2019-02-19 14:30:00,-0.0012299050052428,-0.0020395906457188833,-0.0026577682965713383,normal,14.88,16.45,0.9045592705167174,2.28,,0.15
2019-02-20 14:30:00,0.012684985530605,0.00996397591288516,0.00785599465937065,complacency,14.02,15.82,0.8862199747155499,2.23,,0.15
2019-02-21 14:30:00,-0.0015847859399049,-0.0015074181821398524,-0.000985189945461656,complacency,14.46,16.16,0.8948019801980198,2.23,,0.16
2019-02-22 14:30:00,0.003728890725636,0.0017825997574817854,0.0009597415100341933,normal,13.51,15.46,0.8738680465717982,2.25,,0.17
2019-02-25 14:30:00,-0.0039956912864824,-0.0012843277621878107,0.002256983239692401,complacency,14.85,16.0,0.928125,2.23,,0.16
2019-02-26 14:30:00,-0.011598184122645,-0.010670888263481159,-0.006759282532291664,normal,15.17,16.3,0.9306748466257668,2.24,,0.16
2019-02-27 14:30:00,-0.0002027202067161,-0.0033964219353064228,-0.005902214466497473,normal,14.7,15.99,0.9193245778611632,2.25,,0.19
2019-02-28 14:30:00,-0.0076315706221655,-0.010055833861184462,-0.008502610014594117,complacency,14.78,16.1,0.9180124223602484,2.22,,0.21
2019-03-01 05:00:00,-0.0224130532859554,-0.024823082406863255,-0.027134986313014222,complacency,13.57,15.38,0.8823146944083224,2.22,,0.21
2019-03-01 14:30:00,0.0302137803288832,0.02806499453547879,0.025912992600140253,complacency,13.57,15.38,0.8823146944083224,2.22,,0.21
2019-03-04 14:30:00,-0.0099754195679406,-0.0036407627619853052,0.0015516876738344617,complacency,14.63,16.03,0.9126637554585153,2.22,,0.17
2019-03-05 14:30:00,-0.0035925639758308,-0.00340984665479018,7.286647208774649e-05,complacency,14.74,16.15,0.9126934984520125,2.22,,0.17
2019-03-06 14:30:00,-0.0013994358906028,0.0007414630593219271,0.00873364003068135,normal,15.74,16.74,0.9402628434886501,2.25,,0.17
2019-03-07 14:30:00,-0.0032976029455546,-0.0019202817694284574,-0.002133499027084216,normal,16.59,17.3,0.9589595375722543,2.25,,0.17
2019-03-08 14:30:00,0.0027619359947858,0.0020799187482485066,0.002502307761870693,normal,16.05,17.11,0.9380479251899475,2.27,,0.17
2019-03-11 13:30:00,-0.000504283016364,-0.003425907395862562,-0.003100706118155005,normal,14.33,16.01,0.8950655840099937,2.27,,0.17
2019-03-12 13:30:00,0.0078062210924578,0.007629029195484406,0.009031063786159785,normal,13.77,15.65,0.8798722044728434,2.25,,0.16
2019-03-13 13:30:00,0.0020891010352702,0.0015695562401704002,0.0023028914501928,normal,13.41,15.33,0.8747553816046967,2.26,,0.16
2019-03-14 13:30:00,0.000848519508084,0.00010385955011389246,0.0012548423912053543,normal,13.5,15.3,0.8823529411764706,2.27,,0.17
2019-03-15 13:30:00,-0.0027085951648357,-0.0025910434462169587,-0.001243153096727917,normal,12.88,14.98,0.8598130841121495,2.28,,0.16
2019-03-18 13:30:00,0.0080272555841454,0.009294887233490576,0.008120784719811164,normal,13.1,15.24,0.8595800524934383,2.27,,0.15
2019-03-19 13:30:00,-0.0043248277347765,-0.0036688125525286223,-0.000356810698392559,normal,13.56,15.56,0.87146529562982,2.27,,0.15
2019-03-20 13:30:00,-0.0075995322137237,-0.005835065694058026,-0.00048211899735271357,normal,13.91,15.79,0.8809373020899304,2.29,,0.14
2019-03-21 13:30:00,0.00424339592185,0.004914850915924343,0.0029099181427767024,normal,13.63,15.51,0.8787878787878789,2.28,,0.13
2019-03-22 13:30:00,-0.0097935004112856,-0.004521294481930263,-0.0022554676270824074,normal,16.48,17.37,0.948762233736327,2.3,,0.13
2019-03-25 13:30:00,0.0041936460830404,-0.0003127922073573137,-0.0020682789494876593,normal,16.33,17.45,0.9358166189111747,2.28,,0.17
2019-03-26 13:30:00,0.0004211750915493,-0.00153940254206935,-0.004738904907180649,normal,14.68,16.45,0.8924012158054712,2.3,,0.17
2019-03-27 13:30:00,0.0015643529410821,0.002054093725201811,-0.000294187577137916,normal,15.15,16.78,0.902860548271752,2.28,,0.17
2019-03-28 13:30:00,0.002014968233862,0.0015879755937234904,-0.0014292198314142177,normal,14.43,16.3,0.8852760736196319,2.27,,0.16
2019-03-29 13:30:00,0.0055113445738218,0.0046831382448694735,0.0057028840661240456,normal,13.71,15.8,0.8677215189873417,2.26,,0.14
2019-04-01 13:30:00,0.0076271552250702,0.00639292242812115,0.005328940081027287,normal,13.4,15.46,0.8667529107373868,2.24,,0.16
2019-04-02 13:30:00,0.0044546950064016,0.0037095266731092444,0.005501813978723479,normal,13.36,15.54,0.8597168597168597,2.24,,0.18
2019-04-03 13:30:00,-0.0029439808025315,-0.002763819430182897,-0.004805006045075793,complacency,13.74,15.63,0.8790786948176583,2.23,,0.19
2019-04-04 13:30:00,0.0028096508094375,0.0026193243482501454,0.001963425749783725,complacency,13.58,15.48,0.8772609819121446,2.22,,0.18
2019-04-05 13:30:00,0.0008900436437288,0.0004940209142526527,-0.0017821088852691411,complacency,12.82,15.06,0.851261620185923,2.22,,0.15
2019-04-08 13:30:00,0.0009818762691379,0.0007308013314658161,0.001316763259199738,complacency,13.18,15.28,0.862565445026178,2.21,,0.16
2019-04-09 13:30:00,-0.0149842852363706,-0.013876144925623038,-0.008340157209368135,complacency,14.28,15.99,0.8930581613508443,2.19,,0.16
2019-04-10 13:30:00,0.00521286775611,0.003554800532389888,-0.001287643004845523,complacency,13.3,15.38,0.8647594278283485,2.21,,0.17
2019-04-11 13:30:00,0.0094799751486006,0.008866068205089048,0.007780426880749631,complacency,13.02,15.25,0.8537704918032787,2.2,,0.16
2019-04-12 13:30:00,0.0091287029955121,0.005341136346112912,0.0053591455023281965,complacency,12.01,14.46,0.8305670816044259,2.15,,0.16
2019-04-15 13:30:00,-0.0038299041339013,-0.0028178934907738813,0.0008710010407013474,complacency,12.32,14.53,0.8479008947006195,2.15,,0.15
2019-04-16 13:30:00,-0.0029185766727473,-0.005306272599441204,-0.005104347052969152,complacency,12.18,14.47,0.8417415342087076,2.12,,0.19
2019-04-17 13:30:00,-0.0057648056970104,-0.004131475569973829,0.0006453173273803271,complacency,12.6,14.82,0.8502024291497975,2.13,,0.19
2019-04-18 13:30:00,0.0063102964297407,0.004274774766758936,0.002868809608894615,complacency,12.09,14.57,0.8297872340425532,2.12,,0.19
2019-04-22 13:30:00,-0.0017205174804636,,,complacency,12.42,14.72,0.84375,2.14,,0.21
2019-04-23 13:30:00,0.0057400622396872,0.005241182593830572,0.006130558318054076,complacency,12.28,14.54,0.844566712517194,2.14,,0.21
2019-04-24 13:30:00,0.003276287246499,0.006443629421038677,0.0033238976187080285,complacency,13.14,15.04,0.8736702127659576,2.14,,0.21
2019-04-25 13:30:00,-0.0072715931062834,-0.00686231697823769,0.002066575290267686,complacency,13.25,15.21,0.871137409598948,2.14,,0.21
2019-04-26 13:30:00,0.0057890467755647,0.0033471993225023897,0.0015799584312562783,complacency,12.73,14.89,0.854936198791135,2.13,,0.23
2019-04-29 13:30:00,-0.0015093784797105,-0.000172873568218386,0.0029919827540182894,complacency,13.11,15.23,0.860801050558109,2.13,,0.24
2019-04-30 13:30:00,0.0064743196151359,0.007000525550843338,0.0006501422905639178,complacency,13.12,15.23,0.861457649376231,2.14,,0.24
2019-05-01 13:30:00,-0.0062451263005788,-0.0007010264450669794,0.004673838738044441,complacency,14.8,16.19,0.9141445336627547,2.11,,0.21
2019-05-02 13:30:00,-0.0030896603624271,-0.004075071473378474,-0.007799800558099397,complacency,14.42,16.03,0.8995633187772925,2.12,,0.2
2019-05-03 13:30:00,-0.0157153810166336,-0.022379495685452958,-0.018277505533865063,complacency,12.87,15.07,0.8540145985401459,2.11,,0.21
2019-05-06 13:30:00,-0.0066408117420647,0.00392809083109298,0.00481395273037006,complacency,15.44,16.4,0.9414634146341464,2.14,,0.2
2019-05-07 13:30:00,-0.0047763227470532,0.008970643349544678,0.0037906218639249933,stress,19.32,18.78,1.0287539936102237,2.17,,0.17
2019-05-08 13:30:00,-0.016139678523082,-0.01560297706205206,-0.016131981831581866,stress,19.4,18.75,1.0346666666666666,2.17,,0.19
2019-05-09 13:30:00,-0.0049660337477802,-0.0030141688272277214,-0.008465964690632117,stress,19.1,18.44,1.0357917570498916,2.21,,0.19
2019-05-10 13:30:00,0.0035776744171471,-0.004283209711321455,-0.001977641547767346,normal,16.04,16.9,0.9491124260355029,2.2,,0.21
2019-05-13 13:30:00,-0.0192323314916722,-0.003978024119415254,-0.007789201121829735,stress,20.55,19.79,1.0384032339565439,2.25,,0.22
2019-05-14 13:30:00,-0.0004510532204642,-0.007565717440869154,-0.008244784031736589,normal,18.06,18.29,0.9874248223072717,2.24,,0.22
2019-05-15 13:30:00,-0.0078873077532082,-0.010545967761326696,-0.005855797027928379,normal,16.44,17.49,0.939965694682676,2.26,,0.21
2019-05-16 13:30:00,0.0016573552612094,-0.0024374128565198662,0.00209422335990082,normal,15.29,16.74,0.9133811230585425,2.24,,0.2
2019-05-17 13:30:00,-0.0030257225846681,-0.0018553249076134974,-0.0027991212159140986,normal,15.96,17.06,0.9355216881594374,2.24,,0.19
2019-05-20 13:30:00,0.0080153244139156,0.008996324297921458,0.008492157263608933,normal,16.31,17.29,0.9433198380566802,2.24,,0.2
2019-05-21 13:30:00,0.0162655617819239,0.012232146691016795,0.00910515772149802,complacency,14.95,16.42,0.9104750304506698,2.23,,0.17
2019-05-22 13:30:00,-0.0080434529104339,-0.006593987452346131,-0.0038556947330890537,normal,14.75,16.42,0.8982947624847746,2.26,,0.16
2019-05-23 13:30:00,-0.0054311014013985,0.002428783420246102,0.001550162410328875,normal,16.92,17.69,0.9564725833804409,2.28,,0.19
2019-05-24 13:30:00,-0.000137367343596,1.3611218006450365e-05,0.0013009804999258535,normal,15.85,17.09,0.9274429490930368,2.31,,0.16
2019-05-28 13:30:00,-0.0055696027066184,-0.001539910967317393,0.001709433807344442,normal,17.5,17.9,0.9776536312849162,2.32,,0.14
2019-05-29 13:30:00,-0.0026916226089564,-0.0002541088217957125,-0.00015809004532875816,normal,17.9,18.24,0.981359649122807,2.33,,0.16
2019-05-30 13:30:00,-0.0090203601856723,-0.010081890961541011,-0.008828501087870918,normal,17.3,17.96,0.9632516703786191,2.33,,0.16
2019-05-31 13:30:00,0.0022075199190083,0.010793171469751787,0.006260789176545507,normal,18.71,18.83,0.9936271906532131,2.37,,0.19
2019-06-03 13:30:00,0.0315815485825539,0.03858658584967821,0.022806436319338017,stress,18.86,18.77,1.0047948854555142,2.42,,0.25
2019-06-04 13:30:00,0.017675405685836,0.014608967446340616,0.012708620381961827,normal,16.97,17.59,0.9647527003979534,2.42,,0.24
2019-06-05 13:30:00,0.0048641754920598,-0.000725866999353,0.006662066431883785,normal,16.09,17.13,0.9392877991827204,2.45,,0.29
2019-06-06 13:30:00,-0.0082959169641372,-0.005065382154421078,-0.0067103156690523245,normal,15.93,16.92,0.9414893617021276,2.44,,0.24
2019-06-07 13:30:00,-0.0091038689707961,-0.008255535375674436,0.0003190144207509075,normal,16.3,17.15,0.9504373177842567,2.42,,0.24
2019-06-10 13:30:00,-0.0096696509777296,-0.011228364281023074,-0.007584177662591162,normal,15.94,16.88,0.9443127962085308,2.39,,0.25
2019-06-11 13:30:00,0.0056286743401277,0.008385261353912016,0.007539573944235526,normal,15.99,16.99,0.9411418481459684,2.38,,0.22
2019-06-12 13:30:00,-0.0034575765401321,-0.006341430399820445,-0.003608360132678332,normal,15.91,17.05,0.9331378299120234,2.41,,0.25
2019-06-13 13:30:00,0.0018928802875066,0.00015281816580158696,-0.0018328573632906623,normal,15.82,16.86,0.9383155397390274,2.42,,0.27
2019-06-14 13:30:00,-0.0040636418526877,-0.004113826094314316,-0.001878236459316152,normal,15.28,16.6,0.9204819277108433,2.42,,0.25
2019-06-17 13:30:00,-0.0161630069835491,-0.014435730196617045,-0.009586839600648557,normal,15.35,16.61,0.9241420830824805,2.41,,0.23
2019-06-18 13:30:00,0.012524107150896,0.014659426927669344,0.013933937499407318,normal,15.15,16.5,0.9181818181818182,2.4,,0.2
2019-06-19 13:30:00,0.0057507473782893,-0.0020294988738335197,0.0019359327535492543,normal,14.33,16.1,0.8900621118012422,2.41,,0.29
2019-06-20 13:30:00,0.0154306271044641,0.01745570019710181,0.01634825032802778,normal,14.75,16.14,0.9138785625774473,2.38,,0.29
2019-06-21 13:30:00,-0.0032113137951978,-0.0019792101166983397,-0.0029982550598362584,normal,15.4,16.67,0.9238152369526094,2.35,,0.3
2019-06-24 13:30:00,-0.0107036968529519,-0.010738709675237228,-0.005302372783680111,normal,15.26,16.47,0.9265330904675168,2.33,,0.3
2019-06-25 13:30:00,0.0004248113678326,0.003217529629791921,-0.008720338338938491,normal,16.28,17.12,0.9509345794392523,2.34,,0.29
2019-06-26 13:30:00,-0.0176752412057167,-0.016745936852087334,-0.017261648517546628,normal,16.21,17.05,0.950733137829912,2.32,,0.28
2019-06-27 13:30:00,6.526333580147807e-05,0.00012943673336751155,-0.006538353918773993,normal,15.82,16.76,0.9439140811455846,2.31,,0.27
2019-06-28 13:30:00,0.0091468017622694,0.008371318735216243,-0.003452691574594312,normal,15.08,16.06,0.9389788293897884,2.31,,0.25
2019-07-01 13:30:00,0.0020049650453999,0.0004242981838804231,0.0036512113214815095,normal,14.06,15.43,0.9112119248217758,2.29,,0.25
2019-07-02 13:30:00,-0.0138589719907256,-0.01487491222117538,-0.007399394063290452,normal,12.93,14.72,0.8783967391304347,2.29,,0.21
2019-07-03 13:30:00,-0.0034493602227974,-0.0017079642237531343,-0.00955077868662539,normal,12.57,14.53,0.8651066758430833,2.26,,0.19
2019-07-05 13:30:00,-0.0035353018500178,-0.0005691450908340877,-0.0007307161814640202,normal,13.28,14.98,0.8865153538050734,2.26,,0.17
2019-07-08 13:30:00,-0.0023378641538243,5.079374293991482e-07,-0.0032344360668966157,complacency,13.96,15.48,0.9018087855297158,2.23,,0.17
2019-07-09 13:30:00,-0.0086151834632716,-0.006706174663431156,-0.0038064678560696336,complacency,14.09,15.57,0.9049454078355812,2.22,,0.15
2019-07-10 13:30:00,-0.0158816966862297,-0.026411616701154068,-0.007457288096437753,normal,13.03,15.19,0.857801184990125,2.25,,0.25
2019-07-11 13:30:00,-0.0010110028705349,-0.0017124787364836119,-0.0017586927276026434,normal,12.93,14.98,0.8631508678237649,2.25,,0.28
2019-07-12 13:30:00,0.0158075180422875,0.014826550455196505,0.00835921693252225,normal,12.39,14.8,0.8371621621621622,2.25,,0.28
2019-07-15 13:30:00,-0.0068565788869483,-0.005959898563194955,-0.0040304250684945735,normal,12.68,15.04,0.8430851063829787,2.25,,0.26
2019-07-16 13:30:00,-0.0020443748091106,-0.0008832761418462657,-0.006113720573911701,complacency,12.86,15.22,0.8449408672798948,2.23,,0.26
2019-07-17 13:30:00,-0.0026474491893294,-0.0004401244638454248,0.004642286788979061,complacency,13.97,15.82,0.8830594184576486,2.24,,0.23
2019-07-18 13:30:00,-0.0039172084005094,-0.006770142546838049,-0.0038443472981236253,normal,13.53,15.54,0.8706563706563707,2.27,,0.27
2019-07-19 13:30:00,0.003348088784405,0.005715108940158475,0.00016529481640435457,normal,14.45,15.93,0.9070935342121782,2.26,,0.25
2019-07-22 13:30:00,-0.0130642681794186,-0.01397153642604456,-0.00954098069630672,complacency,13.53,15.47,0.874595992243051,2.24,,0.25
2019-07-23 13:30:00,0.0064992679890512,0.00537716226223864,-0.0010377474531103542,complacency,12.61,14.93,0.8446081714668453,2.23,,0.25
2019-07-24 13:30:00,0.0071283866402512,0.010347436921203403,-0.0014801757757116514,complacency,12.07,14.56,0.8289835164835164,2.15,,0.22
2019-07-25 13:30:00,0.0021519934002585,0.003440422127654573,0.006892127844987566,complacency,12.74,15.05,0.8465116279069768,2.14,,0.22
2019-07-26 13:30:00,-0.0087491802785154,-0.00957546770111799,-0.0024322621227682636,complacency,12.16,14.69,0.8277739959155889,2.13,,0.22
2019-07-29 13:30:00,0.0009798171923863,0.0021284360964980657,0.0044576068024743355,complacency,12.83,15.0,0.8553333333333334,2.13,,0.21
2019-07-30 13:30:00,0.0137139678014344,0.015293136114863248,0.008502382044740553,complacency,13.94,15.7,0.8878980891719745,2.14,,0.21
2019-07-31 13:30:00,-0.0072808609801129,-0.0026281209511142397,-0.007637823979716703,normal,16.12,16.91,0.9532820816085157,2.13,,0.13
2019-08-01 13:30:00,-0.0191236340132853,-0.017442002634127356,0.00029472773751973436,normal,17.87,17.99,0.9933296275708728,2.17,,0.17
2019-08-02 13:30:00,-0.0052696216597199,-0.005551292055338223,-0.004679690414865198,normal,17.61,17.89,0.9843487982112912,2.18,,0.14
2019-08-05 13:30:00,-0.0035497051194208,0.010055052037677318,0.009465511253188664,stress,24.59,21.9,1.1228310502283105,2.24,,0.16
2019-08-06 13:30:00,0.0142128736132618,0.008577421899020573,0.015384803785488536,stress,20.17,19.69,1.0243778567800914,2.25,,0.13
2019-08-07 13:30:00,-0.0118055288816151,-0.012554270927152788,-0.016668002206636914,normal,19.49,19.5,0.9994871794871794,2.23,,0.12
2019-08-08 13:30:00,0.0130597275398008,0.008807633835542145,0.012549904635925459,normal,16.91,17.86,0.946808510638298,2.25,,0.1
2019-08-09 13:30:00,-0.0002868825561262,0.002561674195916564,0.010688579888397401,normal,17.97,18.56,0.9682112068965517,2.23,,0.11
2019-08-12 13:30:00,-0.0085015158586031,-0.0029415953850785237,0.0006868129774073705,stress,21.09,20.5,1.028780487804878,2.23,,0.07
2019-08-13 13:30:00,0.0048014316847392,-0.0014604933045877164,0.00280771153712596,normal,17.52,18.53,0.9454937938478143,2.22,,0.02
2019-08-14 13:30:00,-0.0163826136670576,-0.008504244316103403,-0.0008535618160036944,stress,22.1,21.3,1.0375586854460095,2.23,,0.01
2019-08-15 13:30:00,0.008863488506049,0.0044787351194762095,0.012049977557007046,stress,21.18,21.07,1.005220692928334,2.27,,0.04
2019-08-16 13:30:00,0.0194635845663896,0.014524023159447706,0.010364110340976838,normal,18.47,19.7,0.9375634517766497,2.26,,0.07
2019-08-19 13:30:00,0.0015066966188448,-0.004404322307514233,-0.0035544886997111707,normal,16.88,18.36,0.9193899782135077,2.29,,0.07
2019-08-20 13:30:00,-0.0006965487037995,0.00024970845847724083,0.0018271274806674269,normal,17.5,18.87,0.9273979862215156,2.3,,0.05
2019-08-21 13:30:00,0.0021434127942096,0.002242704027797992,-6.981696311435595e-05,normal,15.8,17.72,0.8916478555304741,2.25,,0.03
2019-08-22 13:30:00,0.0015601048656962,0.003727776736891431,0.00012311640377315612,normal,16.68,18.23,0.9149753154141524,2.25,,0.01
2019-08-23 13:30:00,0.0095839148297404,0.015311506811491042,0.020963327144203743,normal,19.87,20.36,0.975933202357564,2.27,,0.01
2019-08-26 13:30:00,-0.0069806494934235,-0.008043217550148097,-0.001201248335077486,normal,19.32,19.82,0.9747729566094854,2.27,,0.0
2019-08-27 13:30:00,-0.0079861642530385,-0.004936278680645108,-0.003121984553596362,stress,20.31,20.64,0.9840116279069766,2.26,,-0.04
2019-08-28 13:30:00,0.0056653494252578,0.0039053833443201853,-0.0003964794647709725,normal,19.35,20.05,0.9650872817955113,2.26,,-0.03
2019-08-29 13:30:00,0.0068206670842201,0.003852187320469141,0.0018949622137713965,normal,17.88,19.03,0.9395691014188123,2.27,,-0.03
2019-08-30 13:30:00,0.0174323226842738,0.020072730636395593,0.01820571713086716,normal,18.98,19.54,0.9713408393039918,2.26,,0.0
2019-09-03 13:30:00,-0.082788817256309,-0.08203410135638373,-0.08596206104473073,normal,19.66,20.12,0.9771371769383698,2.28,,0.0
2019-09-04 13:30:00,0.0018717087236035,-0.0021570350153485183,-0.001970624617161104,normal,17.33,18.81,0.9213184476342371,2.29,,0.04
2019-09-05 13:30:00,0.0291051019485029,0.027092259651996818,0.02210648579766652,normal,16.27,18.08,0.8998893805309736,2.28,,0.02
2019-09-06 13:30:00,0.008207623605696,0.004537418487830795,0.005576618123133586,normal,15.0,17.46,0.8591065292096219,2.26,,0.02
2019-09-09 13:30:00,0.027020771732723,0.02494923429683125,0.012372928001163151,complacency,15.27,17.55,0.87008547008547,2.23,,0.05
2019-09-10 13:30:00,0.0352073196197987,0.0339983200844931,0.01931144254627183,complacency,15.2,17.41,0.8730614589316484,2.22,,0.05
2019-09-11 13:30:00,-0.0121430994584742,-0.014064796653623186,-0.023191647993818995,complacency,14.61,17.1,0.8543859649122806,2.22,,0.07
2019-09-12 13:30:00,-0.0052720066645152,-0.005915191667894132,6.560268355642555e-05,complacency,14.22,16.81,0.8459250446162999,2.22,,0.07
2019-09-13 13:30:00,0.0137595700080801,0.010098454721867389,0.008656708967559618,complacency,13.74,16.67,0.8242351529694061,2.21,,0.11
2019-09-16 13:30:00,0.0087854644207478,0.009501490818670985,-0.0007907530556211535,complacency,14.67,17.2,0.852906976744186,2.2,,0.1
2019-09-17 13:30:00,-0.0211818520452896,-0.01997624587452608,-0.013555375192886469,complacency,14.44,17.23,0.8380731282646546,2.21,,0.09
2019-09-18 13:30:00,-0.0071834528506523,-0.008789284057856646,-9.92084052808817e-05,complacency,13.95,16.86,0.8274021352313167,2.18,,0.03
2019-09-19 13:30:00,-0.0146396228229095,-0.017234920567504693,-0.006527464165993976,complacency,14.05,16.79,0.8368076235854677,2.17,,0.05
2019-09-20 13:30:00,9.414047343403594e-05,0.0047390092605770155,0.0010887383326766533,complacency,15.32,17.71,0.8650479954827781,2.19,,0.05
2019-09-23 13:30:00,0.0033633020794086,0.0004568111641734831,-0.0006282755375018843,complacency,14.91,17.87,0.834359261331841,2.17,,0.04
2019-09-24 13:30:00,-0.0200322932034605,-0.012539803773857104,-0.00915760622105506,normal,17.05,18.55,0.9191374663072777,2.2,,0.04
2019-09-25 13:30:00,-0.0007964670255418,-0.0030833645483414754,-0.0066598171466866595,complacency,15.96,18.0,0.8866666666666667,2.2,,0.05
2019-09-26 13:30:00,-0.0104976919423812,-0.012921966020008535,-0.0029789790343364804,normal,16.07,18.12,0.8868653421633553,2.18,,0.04
2019-09-27 13:30:00,0.0146510070092566,0.01700263521862838,0.014973287896981359,normal,17.22,18.75,0.9184,2.19,,0.06
2019-09-30 13:30:00,-0.0056644798296862,-0.0051141915451539295,-0.005806995031006313,normal,16.24,17.96,0.9042316258351892,2.2,,0.05
2019-10-01 13:30:00,-0.0150661811940236,-0.010878903634362303,0.004787105225857673,normal,18.56,19.35,0.959173126614987,2.22,,0.09
2019-10-02 13:30:00,0.0111807272639873,0.01918622018093204,0.011644721083432414,stress,20.56,20.74,0.991321118611379,2.26,,0.12
2019-10-03 13:30:00,-0.0040998266289562,-0.00363056916751475,-0.0013400935601385494,normal,19.12,19.78,0.9666329625884732,2.29,,0.15
2019-10-04 13:30:00,-0.0117127358318183,-0.01190499361419874,-0.00676356448872227,normal,17.04,18.59,0.9166218396987628,2.29,,0.12
2019-10-07 13:30:00,0.005979878728736,0.007957254903543771,0.008112734386860077,normal,17.86,18.91,0.9444738233738762,2.28,,0.1
2019-10-08 13:30:00,0.0128509919272043,0.016960052523444222,0.02089866135229069,stress,20.28,20.39,0.9946051986267779,2.3,,0.12
2019-10-09 13:30:00,-0.0065102194607176,-0.009955293640775168,-0.0037026449905933653,normal,18.64,19.51,0.9554074833418759,2.29,,0.12
2019-10-10 13:30:00,0.0056439769528381,-0.0009948069455305592,0.004050938540050026,normal,17.57,18.79,0.9350718467269825,2.27,,0.14
2019-10-11 13:30:00,0.0207964898980872,0.01200948326950922,0.005329439011350119,complacency,15.58,17.55,0.8877492877492877,2.22,,0.13
2019-10-14 13:30:00,0.0062340246951649,,,complacency,14.57,17.12,0.8510514018691588,,,
2019-10-15 13:30:00,0.005091775993598,,,complacency,13.54,16.48,0.8216019417475727,2.21,,0.16
2019-10-16 13:30:00,-0.0102587086528853,-0.009630852118322169,-0.012773114580043134,complacency,13.68,16.48,0.8300970873786407,2.22,,0.17
2019-10-17 13:30:00,-0.0003281012676969,-0.0007040799641061863,-0.009516822358184927,complacency,13.79,16.44,0.8388077858880777,2.21,,0.16
2019-10-18 13:30:00,0.01271502440763,0.010543666676866069,0.008008165871151525,complacency,14.25,16.65,0.8558558558558559,2.21,,0.18
2019-10-21 13:30:00,-0.0015347112355847,-0.005913161574034138,-0.0069910636918039965,complacency,14.0,16.28,0.8599508599508598,2.19,,0.18
2019-10-22 13:30:00,0.0064149358721671,0.002861947097157842,-0.003171030939176777,complacency,14.46,16.55,0.8737160120845922,2.17,,0.18
2019-10-23 13:30:00,-0.0052865147903226,-0.005161436109284517,-0.00425479425721906,complacency,14.01,16.29,0.860036832412523,2.18,,0.19
2019-10-24 13:30:00,-0.0136095698421439,-0.016087817098991295,-0.009899002674595333,complacency,13.71,16.25,0.8436923076923077,2.17,,0.19
2019-10-25 13:30:00,0.0218598744033342,0.021538281450388098,0.01984986230409383,complacency,12.65,15.71,0.8052196053469127,2.16,,0.17
2019-10-28 13:30:00,0.0268595471417001,0.021245594962558054,0.025370891196036787,complacency,13.11,15.99,0.8198874296435271,2.16,,0.21
2019-10-29 13:30:00,0.0090882540436916,0.009059099715122997,0.003634394255830139,complacency,13.2,16.09,0.8203853325046613,2.15,,0.2
2019-10-30 13:30:00,-0.0157549117687343,-0.007069929088068265,-0.003124569638157954,complacency,12.33,15.69,0.7858508604206501,2.17,,0.17
2019-10-31 13:30:00,-0.0123603785968277,-0.00862010233648891,-0.0048529418747019284,complacency,13.22,16.05,0.8236760124610591,2.18,,0.17
2019-11-01 13:30:00,0.0130285110343037,0.0061606058203598464,-0.002843947129578533,complacency,12.3,15.42,0.7976653696498055,2.16,,0.17
2019-11-04 14:30:00,0.0317466445377051,0.02748789947743437,0.02690619667365595,complacency,12.83,15.62,0.8213828425096031,2.16,,0.19
2019-11-05 14:30:00,-0.0003673032382539,-0.014085903416275981,-0.011114947554683677,complacency,13.1,15.91,0.8233815210559396,2.15,,0.23
2019-11-06 14:30:00,-0.012453110732261,-0.008905409483751348,-0.0024951524443715123,complacency,12.62,15.83,0.7972204674668351,2.14,,0.2
2019-11-07 14:30:00,0.0193726098497433,0.004976742257120123,0.014372986098770989,complacency,12.73,15.8,0.8056962025316455,2.13,,0.24
2019-11-08 14:30:00,0.0031117232475182,-0.009327640505630988,-0.003750967958140682,complacency,12.07,15.53,0.7772054088860271,2.11,,0.26
2019-11-11 14:30:00,0.0084647869700008,,,complacency,12.69,15.6,0.8134615384615385,,,
2019-11-12 14:30:00,-0.0025836596055468,,,complacency,12.68,15.49,0.8185926404131697,2.1,,0.26
2019-11-13 14:30:00,-0.0331375581781185,-0.026808391526914548,-0.02278448286878608,complacency,13.0,15.62,0.8322663252240717,2.11,,0.25
2019-11-14 14:30:00,-0.0002678329343136,0.011801116439782242,0.008933986822712093,complacency,13.05,15.6,0.8365384615384616,2.13,,0.24
2019-11-15 14:30:00,-0.0050974467940008,-0.0009901483849959012,0.0004864684154755822,complacency,12.05,14.99,0.8038692461641095,2.13,,0.23
2019-11-18 14:30:00,-0.0039424142548807,0.005669166357342164,0.007287973948921292,complacency,12.46,15.17,0.8213579433091629,2.14,,0.21
2019-11-19 14:30:00,-0.0037367556508526,-0.0032712830976963404,-0.00900267411945518,complacency,12.86,15.5,0.8296774193548386,2.13,,0.19
2019-11-20 14:30:00,0.0024627937569048,0.022216204798462588,0.014818651399152605,complacency,12.78,15.64,0.8171355498721227,2.16,,0.17
2019-11-21 14:30:00,0.0008943218984476,-0.0034483318222815708,0.0036349649130171567,complacency,13.13,15.82,0.8299620733249052,2.15,,0.17
2019-11-22 14:30:00,0.0032688611955171,0.0018166040712587126,0.0004500237342025238,complacency,12.34,15.4,0.8012987012987013,2.14,,0.16
2019-11-25 14:30:00,-0.004798889466864,-0.006403135906727352,-0.02567314357921155,complacency,11.87,14.99,0.7918612408272181,2.13,,0.15
2019-11-26 14:30:00,-0.007255830658932,-0.018062486003161862,-0.010486332093054341,complacency,11.54,14.85,0.7771043771043771,2.11,,0.16
2019-11-27 14:30:00,0.0040160656857785,0.0016009057567566106,0.0037191592971819853,complacency,11.75,14.96,0.785427807486631,2.09,,0.14
2019-11-29 14:30:00,-0.0017997766700328,-0.012122514292368448,-0.0041853890590773605,complacency,12.62,15.51,0.8136686009026434,2.08,,0.17
2019-12-02 14:30:00,0.0400147587661507,0.035363251904914815,0.03433409394884912,complacency,14.91,16.84,0.8853919239904988,2.11,,0.22
2019-12-03 14:30:00,-0.0067373540506488,-0.0013321592479714614,-0.00021164127672198326,complacency,15.96,17.63,0.9052750992626206,2.11,,0.19
2019-12-04 14:30:00,-0.0142668684786777,-0.011940461353734801,-0.01598676907665755,complacency,14.8,16.98,0.8716136631330977,2.11,,0.19
2019-12-05 14:30:00,-0.0030049815177327,-0.014385032351396883,-0.010122361416358243,complacency,14.52,16.78,0.8653158522050058,2.09,,0.22
2019-12-06 14:30:00,-0.0024941464831115,-0.007294071149452188,-0.006951524659812426,complacency,13.62,16.21,0.8402220851326341,2.07,,0.23
2019-12-09 14:30:00,-0.0101966336212872,-0.011669367541202512,-0.01013054005755903,complacency,15.86,17.3,0.9167630057803468,2.05,,0.2
2019-12-10 14:30:00,-0.0028049742773399,-0.009639769981812582,-0.005846527895338039,complacency,15.68,17.13,0.9153531815528313,2.01,,0.2
2019-12-11 14:30:00,0.0080365756763971,0.018292563829551814,0.016061083037236454,complacency,14.99,16.91,0.8864577173270254,2.04,,0.18
2019-12-12 14:30:00,0.0132804838686279,-0.0014037192414096886,-0.001766156658556844,complacency,13.94,16.09,0.8663766314481044,2.02,,0.24
2019-12-13 14:30:00,-0.0028405372310829,0.004826397800093619,0.016581376305354743,complacency,12.63,15.28,0.8265706806282723,2.02,,0.21
2019-12-16 14:30:00,0.017246409491472,0.00850242573506991,0.012504225365819239,complacency,12.14,14.98,0.8104138851802404,2.0,,0.24
2019-12-17 14:30:00,0.004156649183864,-0.0018604934048124184,-0.003978653977785484,complacency,12.29,15.15,0.8112211221122111,1.99,,0.26
2019-12-18 14:30:00,-0.0010082837240939,-0.00954563990700862,-0.011572370695934711,complacency,12.58,15.2,0.8276315789473685,1.98,,0.29
2019-12-19 14:30:00,0.0050166366912291,0.0015023206006384068,0.005401398136835752,complacency,12.5,15.14,0.8256274768824307,1.96,,0.3
2019-12-20 14:30:00,0.0073244482547681,0.009649209792529558,0.010071599145449778,complacency,12.51,15.32,0.8165796344647519,1.96,,0.29
2019-12-23 14:30:00,-0.010575162863121,-0.010676551064026537,-0.00880150553841021,complacency,12.61,15.5,0.8135483870967741,1.96,,0.29
2019-12-24 14:30:00,-0.005299663307701,-0.0023490268445981524,-0.006552504566520146,complacency,12.67,15.52,0.8163659793814433,1.97,,0.28
2019-12-26 14:30:00,-0.0010256343760887,0.0034307927494181528,0.012563664820325806,complacency,12.65,15.52,0.8150773195876289,1.97,,0.26
2019-12-27 14:30:00,-0.0042308565831966,-0.013513857361338423,-0.007707666908486745,complacency,13.43,15.95,0.8420062695924765,1.96,,0.29
2019-12-30 14:30:00,-0.0007976784604017,-0.009160431042518695,-0.01391471726828261,complacency,14.82,16.68,0.8884892086330936,1.97,,0.32
2019-12-31 14:30:00,0.0046519240332227,0.001004150057316831,-0.0008910302512024236,complacency,13.78,15.87,0.8683049779458097,1.98,,0.34
2020-01-02 14:30:00,-0.003653588204446,0.0064493526870031985,0.017665727722473004,complacency,12.47,15.19,0.8209348255431206,1.98,,0.3
2020-01-03 14:30:00,-0.0013853175287398,0.005762157850638516,0.0022681834330066956,complacency,14.02,16.01,0.8757026858213616,1.99,,0.27
2020-01-06 14:30:00,-0.0023712353302156,-0.0017244099557040004,-0.0009553536808568485,complacency,13.85,15.92,0.8699748743718593,2.02,,0.27
2020-01-07 14:30:00,-0.0025482151400937,-0.006900703561847054,-0.008523672777354382,complacency,13.79,15.86,0.8694829760403531,2.03,,0.29
2020-01-08 14:30:00,0.00690508109835,0.007521206469388968,0.00851471633759844,complacency,13.45,15.4,0.8733766233766234,2.05,,0.29
2020-01-09 14:30:00,0.0097823318919614,0.015895411195178295,0.019735114498064362,complacency,12.54,14.95,0.8387959866220736,2.03,,0.27
2020-01-10 14:30:00,-0.0028678801815226,-0.0018582994877426858,-1.837598905913944e-05,complacency,12.56,14.95,0.8401337792642142,1.99,,0.27
2020-01-13 14:30:00,0.0051201917387006,0.00517747832619141,0.00527747519725383,complacency,12.32,14.64,0.8415300546448087,1.99,,0.27
2020-01-14 14:30:00,-0.003075003921774,0.003839809837153162,0.0011324348960148217,complacency,12.39,14.64,0.8463114754098361,1.99,,0.24
2020-01-15 14:30:00,0.0095807570949169,0.01090362641701323,0.00846211219507606,complacency,12.42,14.63,0.8489405331510594,2.01,,0.23
2020-01-16 14:30:00,0.0243711759995794,0.02499038631176217,0.022279310310819173,complacency,12.32,14.45,0.8525951557093426,2.0,,0.23
2020-01-17 14:30:00,0.0093024201144794,0.00366162939847882,0.009077664861425276,complacency,12.1,14.41,0.8396946564885496,1.98,,0.26
2020-01-21 14:30:00,-0.0001645245720505,0.0026120916320858238,0.007581913293127295,complacency,12.85,14.87,0.8641560188298588,1.97,,0.25
2020-01-22 14:30:00,0.0121029260935545,0.01439680700324536,0.014305871182569891,complacency,12.91,14.98,0.8618157543391188,1.97,,0.24
2020-01-23 14:30:00,0.0142794178829075,0.01593637090118611,0.01776361896425132,complacency,12.98,14.99,0.8659106070713809,1.98,,0.23
2020-01-24 14:30:00,-0.0215902129236595,-0.017660682168094362,-0.015521327059832689,complacency,14.56,16.07,0.9060360920970754,1.98,,0.21
2020-01-27 14:30:00,-0.0292205558212687,-0.02279742541906532,-0.02508320806818937,stress,18.23,18.16,1.0038546255506609,2.04,,0.17
2020-01-28 14:30:00,0.0143048426764185,0.002789506505768846,0.003579579495203074,normal,16.28,17.03,0.9559600704638873,2.04,,0.2
2020-01-29 14:30:00,0.0139798001896647,0.018545771559776398,0.02008127802394243,normal,16.39,17.03,0.9624192601291838,2.05,,0.18
2020-01-30 14:30:00,0.012469587747416,0.012859398554055622,0.01307697986653469,complacency,15.49,16.59,0.9336949969861362,2.08,,0.16
2020-01-31 14:30:00,-0.0199877287775837,-0.021453944881319655,-0.02136987323676077,stress,18.84,18.63,1.0112721417069244,2.13,,0.18
2020-02-03 14:30:00,0.0101114853757389,0.008795441936324503,0.008389748058439537,normal,17.97,18.04,0.996119733924612,2.1,,0.18
2020-02-04 14:30:00,1.062102967391322e-05,-0.010609134155893044,-0.01093331557483299,normal,16.05,16.7,0.9610778443113773,2.09,,0.2
2020-02-05 14:30:00,0.0152338920830386,0.009321127935113475,0.009120302636839819,complacency,15.15,16.11,0.9404096834264433,2.07,,0.22
2020-02-06 14:30:00,-0.0132281047776359,-0.011375481476010174,-0.010042665373937264,complacency,14.96,15.89,0.9414726242920076,2.05,,0.21
2020-02-07 14:30:00,0.0021191418145545,0.009396005997705577,0.010770747510127758,complacency,15.47,16.29,0.9496623695518724,2.05,,0.18
2020-02-10 14:30:00,0.0102565137701213,0.006544837989520651,0.008458690417962288,complacency,15.04,16.13,0.9324240545567266,2.06,,0.19
2020-02-11 14:30:00,0.0234482278823319,0.02622621068336389,0.024462103163711783,complacency,15.18,16.14,0.9405204460966542,2.05,,0.18
2020-02-12 14:30:00,0.0061330841666389,0.0007104224243987788,0.0001231843466745616,complacency,13.74,15.36,0.89453125,2.06,,0.18
2020-02-13 14:30:00,0.0104507183534299,0.013938723380652392,0.014817600069042211,complacency,14.15,15.68,0.9024234693877552,2.05,,0.17
2020-02-14 14:30:00,0.009668472996068,0.008508398384439642,0.008782738101454904,complacency,13.68,15.5,0.8825806451612903,2.04,,0.17
2020-02-18 14:30:00,0.009663488101987,0.017719208044533145,0.01767717719966272,complacency,14.83,16.1,0.9211180124223601,2.05,,0.14
2020-02-19 14:30:00,-0.0269341738929383,-0.028401100907205448,-0.026268539687556162,complacency,14.38,15.82,0.9089759797724399,2.05,,0.14
2020-02-20 14:30:00,0.0077107422098101,0.012576911178611962,0.00829126047284638,complacency,15.56,16.6,0.9373493975903614,2.05,,0.13
2020-02-21 14:30:00,0.0090916979087196,0.0134822441080235,0.010709312376457636,normal,17.08,17.61,0.9699034639409426,2.09,,0.12
2020-02-24 14:30:00,-0.0355849034662593,-0.015998542626583942,-0.018087982670852862,stress,25.03,21.92,1.1418795620437956,2.13,,0.12
2020-02-25 14:30:00,-0.0525605231904194,-0.04602747956660181,-0.04022590934318171,stress,27.85,23.86,1.1672254819782062,2.19,,0.13
2020-02-26 14:30:00,-0.0280136724138025,-0.0322873695001052,-0.018900844893626107,stress,27.56,23.7,1.1628691983122363,2.2,,0.17
2020-02-27 14:30:00,-0.0297635303100993,0.019402865896458097,0.023252544315203596,stress,39.16,29.92,1.3088235294117645,2.27,,0.19
2020-02-28 14:30:00,-0.0506921964357491,-0.04301194357448873,-0.030180821103215225,stress,40.11,29.85,1.343718592964824,2.38,,0.27
2020-03-02 14:30:00,0.0165324743612561,0.013004785115415122,0.010958704591708533,stress,33.42,27.7,1.2064981949458484,2.44,,0.26
2020-03-03 14:30:00,0.0101525298051336,0.03331334654576233,0.024195087699761732,stress,36.82,30.17,1.2204176334106729,2.48,,0.31
2020-03-04 14:30:00,-0.0150667496511745,-0.027754730596485668,-0.02430190499666092,stress,31.99,27.51,1.1628498727735368,2.47,,0.35
2020-03-05 14:30:00,-0.0092653805244615,0.016526396956422953,0.031462277711221356,stress,39.62,32.57,1.2164568621430765,2.52,,0.33
2020-03-06 14:30:00,-0.0005861430083504,0.002913976915640592,0.012464419986551475,stress,41.94,35.46,1.182741116751269,2.55,,0.25
2020-03-09 13:30:00,-0.0456722512947347,0.05094963631153796,0.05714451335774632,stress,54.46,43.05,1.2650406504065042,2.93,,0.16
2020-03-10 13:30:00,0.0192106890489226,0.018150218038343678,0.028311651060375635,stress,47.3,39.44,1.199290060851927,2.93,,0.26
2020-03-11 13:30:00,-0.0005703106023058,0.027311293010456917,0.048964655446710824,stress,53.9,44.37,1.214784764480505,2.99,,0.32
2020-03-12 13:30:00,-0.0003051090491091,0.06935590632989998,0.08048536263916509,stress,75.47,57.24,1.3184835779175401,3.2,,0.38
2020-03-13 13:30:00,0.0132845653385104,0.015866467760562216,0.012186726424506767,stress,57.83,48.31,1.1970606499689505,3.3,,0.45
2020-03-16 13:30:00,0.0369468740805504,0.06487554320886738,0.0674728432013898,stress,82.69,67.7,1.2214180206794683,3.38,,0.37
2020-03-17 13:30:00,-0.1475872539351885,-0.12636052962255417,-0.1302618152448612,stress,75.91,65.27,1.1630151677646698,3.49,,0.55
2020-03-18 13:30:00,-0.0237921465332613,0.05466938077735688,0.06098443935233151,stress,76.45,72.98,1.0475472732255413,3.81,,0.64
2020-03-19 13:30:00,0.0710046372569833,0.1044026365053515,0.15066237170267982,stress,72.0,69.47,1.0364185979559521,4.01,,0.68
2020-03-20 13:30:00,-0.0156039601720627,-0.04008301574160726,-0.06825545389238735,stress,66.04,65.59,1.006860801951517,4.23,,0.55
2020-03-23 13:30:00,-0.0778105012990385,-0.08601825871032051,-0.12036289966804282,stress,61.59,56.64,1.0873940677966103,4.31,,0.48
2020-03-24 13:30:00,0.0835155533108555,0.06879438146912319,0.07215472682796456,stress,61.67,52.11,1.1834580694684322,4.19,,0.46
2020-03-25 13:30:00,0.049081011468667,0.052717181679585244,0.040039959453401004,stress,63.95,53.85,1.1875580315691736,4.13,,0.54
2020-03-26 13:30:00,-0.0203243521942444,-0.03337167749970564,-0.02546076093976322,stress,61.0,49.79,1.2251456115685881,4.04,,0.53
2020-03-27 13:30:00,0.0034230273834328,-0.012789786066105662,-0.012332096155706245,stress,65.54,55.75,1.1756053811659195,3.98,,0.47
2020-03-30 13:30:00,-0.0238720011654727,-0.03260069163649149,-0.015374104653155047,stress,57.08,51.26,1.1135388216933282,3.89,,0.47
2020-03-31 13:30:00,0.0304115169688183,0.03685728575682028,0.04440485700999601,stress,53.54,48.32,1.1080298013245033,3.93,,0.47
2020-04-01 13:30:00,0.0114749478243381,0.00623450379400347,0.00939101963082025,stress,57.06,51.17,1.115106507719367,3.97,,0.39
2020-04-02 13:30:00,-0.0100261069302362,-0.012639082543942467,0.0054933436408046935,stress,50.91,47.3,1.076321353065539,3.92,,0.4
2020-04-03 13:30:00,0.007194342010538,0.007738849941812535,0.008898263820137711,stress,46.8,44.84,1.0437109723461193,3.92,,0.39
2020-04-06 13:30:00,-0.0212193180728621,-0.02066446216563858,-0.03870322911113245,stress,45.24,43.09,1.049895567417034,3.91,,0.4
2020-04-07 13:30:00,-0.0005721768832877,-0.007176926950626743,-0.011013245120698147,stress,46.7,43.42,1.0755412252418242,3.79,,0.47
2020-04-08 13:30:00,0.0191786360239601,0.01942042535828933,0.008549225961003565,stress,43.35,41.59,1.0423178648713634,3.75,,0.5
2020-04-09 13:30:00,-0.0083315165828735,-0.023944361688739695,-0.027659645223713197,stress,41.67,40.61,1.0261019453336617,3.61,,0.5
2020-04-13 13:30:00,-0.0343544508856689,,,stress,41.17,39.97,1.0300225168876658,3.41,,0.51
2020-04-14 13:30:00,-0.0167388694197073,-0.018601106601380445,-0.011086478802972859,stress,37.76,36.46,1.0356555128908391,3.36,,0.53
2020-04-15 13:30:00,-0.0310139576892344,-0.046723526057740244,-0.030142957913003005,stress,40.84,39.28,1.039714867617108,3.33,,0.43
2020-04-16 13:30:00,-0.0130964266654259,-0.019395361251414625,-0.008629163414425222,stress,40.11,39.21,1.0229533282325938,3.28,,0.41
2020-04-17 13:30:00,0.0480836984205101,0.05122694203238283,0.032639134104682804,stress,38.15,37.28,1.0233369098712446,3.27,,0.45
2020-04-20 13:30:00,-0.0055923861685572,-0.008054804723509784,0.0005096355045192168,stress,43.83,40.97,1.0698071759824261,3.28,,0.43
2020-04-21 13:30:00,0.0176802863513733,0.014616191805612199,0.008509212319508245,stress,45.41,43.28,1.0492144177449167,3.29,,0.38
2020-04-22 13:30:00,-0.0100318855038078,-0.0055373423548268404,0.0020885518253688853,stress,41.98,40.92,1.0259042033235581,3.3,,0.41
2020-04-23 13:30:00,0.0115539497391389,0.006236014434468368,0.0071193599031296505,stress,41.38,40.86,1.0127263827704358,3.26,,0.39
2020-04-24 13:30:00,0.0067370428294377,0.006950186089262557,0.005010762993223248,stress,35.93,37.81,0.9502777043110288,3.25,,0.38
2020-04-27 13:30:00,0.0321116122201166,0.036498391961332276,0.005786970953326302,stress,33.29,35.33,0.9422587036512878,3.24,,0.43
2020-04-28 13:30:00,0.0373593022972206,0.03748821134898056,-0.012117392444780668,stress,33.57,35.37,0.9491094147582698,3.25,,0.42
2020-04-29 13:30:00,-0.0015378464134181,-0.0008742228788641364,-0.018524710952336522,stress,31.23,33.33,0.936993699369937,3.24,,0.43
2020-04-30 13:30:00,-0.0022693511003814,-0.0035983092729338973,0.03590971964674646,stress,34.15,35.05,0.9743223965763196,3.23,,0.44
2020-05-01 13:30:00,0.0067166481203354,0.007532770999441047,0.026360233611811553,stress,37.19,37.97,0.9794574664208585,3.25,,0.44
2020-05-04 13:30:00,-0.0305416920629188,-0.026391778735481066,-0.023206283347089886,stress,35.97,37.0,0.9721621621621621,3.28,,0.45
2020-05-05 13:30:00,-0.006504112534229,-0.0039567034446618046,0.0071192147916399025,stress,33.61,35.52,0.9462274774774774,3.28,,0.47
2020-05-06 13:30:00,-0.0091087584158307,8.836590003618444e-05,0.019733098403930935,stress,34.12,35.68,0.9562780269058295,3.31,,0.55
2020-05-07 13:30:00,-0.0199697152161412,-0.019973669601324056,-0.03659076264939956,stress,31.44,34.01,0.9244339900029404,3.34,,0.5
2020-05-08 13:30:00,0.019467120299307,0.02608653885939324,0.007486269164508397,stress,27.98,31.64,0.8843236409608091,3.37,,0.53
2020-05-11 13:30:00,-0.0312847268238932,-0.025205487661912544,-0.00462172840012379,stress,27.57,30.39,0.9072063178677197,3.41,,0.56
2020-05-12 13:30:00,-0.0135064770682352,-0.019574302258470493,-0.010129110334751433,stress,33.04,34.26,0.9643899591360187,3.4,,0.52
2020-05-13 13:30:00,-0.0254458892070667,-0.026138792136491687,-0.00872373000032739,stress,35.28,36.51,0.9663105998356616,3.43,,0.48
2020-05-14 13:30:00,0.0157722729075865,0.01431736863902722,0.007958866349078374,stress,32.61,34.9,0.9343839541547279,3.41,,0.47
2020-05-15 13:30:00,-0.0002475365457312,0.0006169177687424371,0.007009725743771193,stress,31.89,34.51,0.9240799768183136,3.41,,0.48
2020-05-18 13:30:00,0.0354190050086761,0.03768683820715846,-0.00115569290586056,stress,29.3,31.77,0.9222536984576645,3.38,,0.55
2020-05-19 13:30:00,-0.0088359926623684,-0.018179512395107476,-0.008482589997907939,stress,30.53,32.81,0.9305089911612313,3.3,,0.53
2020-05-20 13:30:00,0.0057758891112027,0.0006409669021132137,0.0018837155094083534,stress,27.99,31.11,0.8997107039537126,3.24,,0.52
2020-05-21 13:30:00,0.0096534120243048,0.002812843722586206,0.001251870595622354,stress,29.53,32.38,0.9119827053736874,3.18,,0.51
2020-05-22 13:30:00,0.0015296029346406,0.001528751456786476,0.0024638974886821326,stress,28.16,31.54,0.8928344958782499,3.18,,0.49
2020-05-26 13:30:00,0.0306953400796338,0.027500579963460146,-0.006487471750924935,stress,28.01,30.85,0.9079416531604538,3.14,,0.51
2020-05-27 13:30:00,0.0247282772397125,0.022120393600055372,0.004868217207193534,stress,27.62,30.19,0.9148724743292481,3.11,,0.49
2020-05-28 13:30:00,-0.0109221125175232,-0.012549410858341839,0.0060384238681109575,stress,28.59,31.21,0.9160525472604935,3.1,,0.53
2020-05-29 13:30:00,-0.0164687744186243,-0.018001926762169336,-0.0076536824092639216,stress,27.51,30.27,0.9088206144697721,3.08,,0.49
2020-06-01 04:00:00,0.0434622104622627,0.04493097046197292,0.03157322580258236,stress,28.23,30.92,0.9130012936610608,3.1,,0.52
2020-06-01 13:30:00,-0.0088697988888374,-0.0076878724180928035,-0.021423720934650333,stress,28.23,30.92,0.9130012936610608,3.1,,0.52
2020-06-02 13:30:00,0.0063702013481337,0.005628675163712804,-0.0011076291697678618,stress,26.84,29.93,0.8967591045773472,3.08,,0.51
2020-06-03 13:30:00,0.0169805138907825,0.014536994393490913,-0.001891362210938774,stress,25.66,28.91,0.8875821515046697,3.02,,0.58
2020-06-04 13:30:00,0.017371801123267,0.016042645732752627,0.008029347458455762,stress,25.81,28.85,0.8946273830155979,2.99,,0.63
2020-06-05 13:30:00,0.0151957087578968,0.007324195233187865,0.0019468195230376226,stress,24.52,27.42,0.8942377826404084,2.86,,0.69
2020-06-08 13:30:00,0.0126568303683412,0.007199198705650334,-0.016204314112467567,stress,25.81,28.08,0.9191595441595442,2.81,,0.66
2020-06-09 13:30:00,-0.0255525125278708,-0.029664682272398938,0.0016129887160249504,stress,27.57,29.67,0.929221435793731,2.8,,0.64
2020-06-10 13:30:00,-0.0319787833468106,-0.027189572391122643,0.002549473287131142,stress,27.57,29.57,0.9323638823131553,2.86,,0.58
2020-06-11 13:30:00,-0.0172694552039138,0.0014254405877258958,-0.005438771700466225,stress,40.79,40.43,1.008904279000742,2.91,,0.47
2020-06-12 13:30:00,0.0087377749348297,-0.0008621378779356311,-0.006771618907946711,stress,36.09,38.05,0.9484888304862025,2.91,,0.52
2020-06-15 13:30:00,-0.0035783715633653,-0.0007227561871131047,0.0003025309880719711,stress,34.4,36.43,0.9442766950315673,2.93,,0.52
2020-06-16 13:30:00,0.0109419771038095,0.002489639138985641,0.0089331271809601,stress,33.67,35.8,0.9405027932960895,2.89,,0.54
2020-06-17 13:30:00,-0.0030815390212268,-0.006446415496760231,0.0073914792205222206,stress,33.47,35.72,0.937010078387458,2.87,,0.55
2020-06-18 13:30:00,-0.0111711197568405,-0.004239193614351445,-0.005778339246298477,stress,32.94,35.14,0.9373932840068298,2.86,,0.52
2020-06-19 13:30:00,0.0135133480183324,0.014708011480321777,0.01966989038524903,stress,35.12,36.68,0.9574700109051254,2.87,,0.51
2020-06-22 13:30:00,-0.0190721571482604,-0.020072055301197596,-0.008876804911207403,stress,31.77,33.75,0.9413333333333334,2.86,,0.52
2020-06-23 13:30:00,-0.0119830973334036,-0.015658716677409503,-0.008245602952102731,stress,31.37,33.06,0.9488808227465214,2.87,,0.54
2020-06-24 13:30:00,-0.0118817732833401,-0.004555068657027003,-0.0006778524104807688,stress,33.84,35.39,0.9562023170387116,2.89,,0.5
2020-06-25 13:30:00,0.0181219136144014,0.01791201452355385,0.01907981369793005,stress,32.22,34.09,0.9451452038721031,2.92,,0.51
2020-06-26 13:30:00,0.0064239513712262,0.014078025420627489,0.0018593457854543683,stress,34.73,35.8,0.9701117318435754,2.92,,0.47
2020-06-29 13:30:00,0.0040505535506754,0.0027527946312848233,-0.002727846965670364,stress,31.78,33.91,0.9371866705986436,2.94,,0.48
2020-06-30 13:30:00,-0.0146416706250348,-0.018893450942365497,-0.015575691911241604,stress,30.43,32.52,0.9357318573185731,2.93,,0.5
2020-07-01 13:30:00,-0.0217949348102548,-0.027547923165415076,-0.005880114817918811,stress,28.62,31.68,0.9034090909090909,2.89,,0.52
2020-07-02 13:30:00,0.0004930154435154,-0.000601709020061531,0.0014432890639703455,stress,27.68,30.87,0.8966634272756722,2.87,,0.52
2020-07-06 13:30:00,-0.0051542918962994,,,stress,27.94,30.98,0.9018721755971595,2.83,,0.53
2020-07-07 13:30:00,-0.0075495763400641,-0.0021875110760689077,0.002849542681509388,stress,29.43,32.07,0.9176800748362955,2.81,,0.49
2020-07-08 13:30:00,-0.0149347840068449,-0.022273975091217965,-0.008115321202576117,stress,28.08,31.19,0.9002885540237254,2.77,,0.51
2020-07-09 13:30:00,-0.0264108736613241,-0.02119012154743713,-0.007389919274943899,stress,29.26,32.06,0.9126637554585153,2.73,,0.46
2020-07-10 13:30:00,-0.0085177410359084,-0.012770203466902887,-0.01871055844681739,stress,27.29,31.02,0.8797549967762733,2.74,,0.49
2020-07-13 13:30:00,0.0288576242464349,0.030113704671497817,0.017879635408227082,stress,32.19,34.54,0.9319629415170816,2.74,,0.48
2020-07-14 13:30:00,0.0132078975747506,0.009523586329394011,0.010795226847156541,stress,29.52,32.56,0.9066339066339065,2.71,,0.49
2020-07-15 13:30:00,0.0268443364775903,0.02932442403813847,0.006737059063415467,stress,27.76,31.56,0.8795944233206592,2.71,,0.48
2020-07-16 13:30:00,0.002064225502948,0.002991476892228403,-7.655461413292415e-05,stress,28.0,31.55,0.8874801901743264,2.69,,0.46
2020-07-17 13:30:00,-0.0003216790389798,-0.007580823405987526,-0.000358392448749884,stress,25.68,30.37,0.845571287454725,2.68,,0.5
2020-07-20 13:30:00,-0.0357401945720294,-0.03064817768534838,-0.010092376617354633,stress,24.46,29.1,0.8405498281786942,2.66,,0.46
2020-07-21 13:30:00,0.0153248197117165,0.009981985314504654,0.00028997822532419136,stress,24.84,29.47,0.8428910756701731,2.63,,0.47
2020-07-22 13:30:00,-0.00187406153899,-0.001612933084138086,-0.0037497934107724893,stress,24.32,29.05,0.8371772805507746,2.61,,0.46
2020-07-23 13:30:00,0.0159138495324132,0.016880808057430363,-0.0014112136152544912,stress,26.08,30.25,0.8621487603305784,2.58,,0.43
2020-07-24 13:30:00,0.0017374436096245,-0.0019072978216385847,0.0025652398088811808,stress,25.84,30.56,0.8455497382198953,2.58,,0.45
2020-07-27 13:30:00,-0.0114097549373538,-0.01681691478895294,-0.006932041888884466,stress,24.74,30.0,0.8246666666666667,2.56,,0.47
2020-07-28 13:30:00,-0.0085645937783262,-0.00411058881247243,-0.008074897181851377,stress,25.44,30.1,0.8451827242524917,2.57,,0.45
2020-07-29 13:30:00,0.0180524454568213,0.021630793030855154,0.011607618160071456,stress,24.1,29.29,0.8228064185728918,2.61,,0.46
2020-07-30 13:30:00,-0.022458629416771,-0.019843787643480847,-0.015530561099641106,stress,24.76,29.76,0.831989247311828,2.6,,0.44
2020-07-31 13:30:00,-0.0246291948876817,-0.02431677953840685,-0.008042243793205256,stress,24.46,29.71,0.8232918209357118,2.6,,0.44
2020-08-03 13:30:00,0.0124190202848396,0.012168352709989423,0.018478413456259116,stress,24.28,29.66,0.8186109238031019,2.63,,0.45
2020-08-04 13:30:00,-0.0066919774080497,0.0030726798041085055,-0.006638994281998805,stress,23.76,29.09,0.8167755242351324,2.62,,0.41
2020-08-05 13:30:00,0.0111779999118643,0.002768160862647787,0.005622041701835395,stress,22.99,28.6,0.8038461538461538,2.59,,0.44
2020-08-06 13:30:00,0.0177385836789182,0.017460021912696418,0.031884267211532404,stress,22.65,28.2,0.8031914893617021,2.57,,0.44
2020-08-07 13:30:00,0.0137199153287268,0.014383494813863156,-0.0024056450567238406,stress,22.21,28.28,0.7853606789250354,2.57,,0.44
2020-08-10 13:30:00,0.0289704590536189,0.02597716632512231,0.01673204035046762,stress,22.13,28.05,0.7889483065953654,2.56,,0.45
2020-08-11 13:30:00,0.0391099157312096,0.02736578324591618,0.021560551558596826,stress,24.03,29.17,0.823791566678094,2.59,,0.48
2020-08-12 13:30:00,-0.0154067753224981,-0.02707169628817347,-0.0015905093246166516,stress,22.28,28.12,0.7923186344238976,2.55,,0.53
2020-08-13 13:30:00,-0.0077430480002653,-0.012945410657417833,-0.008457721131936016,stress,22.13,28.17,0.7855875044373446,2.59,,0.55
2020-08-14 13:30:00,0.0015322955950165,-0.0037778063860693456,-0.005820207779361224,stress,22.05,28.37,0.7772294677476207,2.61,,0.57
2020-08-17 13:30:00,0.0068572302202581,0.013955651336346688,0.01200906191418398,stress,21.35,27.45,0.7777777777777779,2.64,,0.55
2020-08-18 13:30:00,0.0047500901974569,0.010000276444876442,0.021621624540420492,stress,21.51,27.35,0.7864716636197441,2.64,,0.53
2020-08-19 13:30:00,-0.0053840493256101,-0.010317024749776742,-0.010875274581122833,stress,22.54,28.11,0.8018498754891498,2.65,,0.54
2020-08-20 13:30:00,-0.0167276844381772,-0.011436304873301356,-0.0020294879692493665,stress,22.72,28.13,0.8076786349093494,2.65,,0.52
2020-08-21 13:30:00,-0.0078058447996082,0.005753379142908806,0.00816141486855441,stress,22.54,28.17,0.8001419950301739,2.64,,0.48
2020-08-24 13:30:00,0.0132409720940286,0.004634423841573396,0.0016047847240892622,stress,22.37,28.1,0.796085409252669,2.63,,0.51
2020-08-25 13:30:00,-0.0019768820139304,-0.009644965233568812,0.0011214552185485256,stress,22.03,27.91,0.7893228233608026,2.63,,0.54
2020-08-26 13:30:00,-0.0071395569875379,-0.007664282628984721,0.009670187482932233,stress,23.27,28.7,0.810801393728223,2.66,,0.53
2020-08-27 13:30:00,0.0013293905192051,-0.01756268805658323,-0.0160677868369563,stress,24.47,29.93,0.8175743401269628,2.71,,0.58
2020-08-28 13:30:00,0.0071379717125278,0.004839527217294439,0.0047640242902777874,stress,22.96,29.62,0.775151924375422,2.71,,0.6
2020-08-31 13:30:00,-0.0115269382216588,-0.0128752836589905,-0.005090339970083391,stress,26.41,31.85,0.8291993720565148,2.67,,0.58
2020-09-01 04:00:00,0.0845244773322179,0.09267129504535142,0.09422622131688016,stress,26.12,32.1,0.8137071651090343,2.67,,0.55
2020-09-01 13:30:00,-0.0385409109757162,-0.03296628431078595,-0.03325759733964339,stress,26.12,32.1,0.8137071651090343,2.67,,0.55
2020-09-02 13:30:00,-0.0031575320922305,0.004176276650552431,-0.0024163846055016676,stress,26.57,32.67,0.8132843587389041,2.64,,0.52
2020-09-03 13:30:00,-0.0306265167412089,-0.03238051317139036,-0.05561565675462214,stress,33.6,37.63,0.8929045973956949,2.64,,0.5
2020-09-04 13:30:00,-0.0041871118194619,-0.01739794720137414,-0.014823739682475141,stress,30.75,34.75,0.8848920863309353,2.68,,0.58
2020-09-08 13:30:00,-0.0245021654877964,-0.02141868394210264,-0.03265989810164463,stress,31.46,34.31,0.9169338385310405,2.67,,0.55
2020-09-09 13:30:00,0.0193342929924588,0.0159487784934867,0.024821453072009832,stress,28.81,32.12,0.8969489414694894,2.69,,0.57
2020-09-10 13:30:00,-0.0096814720237158,-0.007810817993522703,-0.012799604374712732,stress,29.71,32.92,0.9024908869987849,2.69,,0.54
2020-09-11 13:30:00,0.012823640548625,0.013180714461643102,0.014813555293021507,stress,26.87,31.13,0.8631545133311919,2.69,,0.54
2020-09-14 13:30:00,0.0063580578035953,0.011427160895697546,0.002732319234662703,stress,25.85,30.48,0.8480971128608924,2.66,,0.54
2020-09-15 13:30:00,-0.0113522152541154,-0.014626714836908403,-0.010033462641357939,stress,25.59,30.27,0.8453914767096135,2.68,,0.54
2020-09-16 13:30:00,0.0106227190955408,0.011808965956535774,-0.0006245224511082417,stress,26.04,30.57,0.8518155053974484,2.67,,0.55
2020-09-17 13:30:00,0.0002364536978555,0.002665807626316922,-0.0004148700614755302,stress,26.46,30.75,0.8604878048780488,2.65,,0.56
2020-09-18 13:30:00,-0.0021472920252304,-0.004002937717183565,-0.007693505985569888,stress,25.83,30.46,0.8479973736047274,2.66,,0.56
2020-09-21 13:30:00,-0.0355139064244714,-0.03355707108390797,-0.014929438667622953,stress,27.78,31.64,0.8780025284450064,2.66,,0.54
2020-09-22 13:30:00,0.0097412661701799,0.008208705150572782,0.0134869207142959,stress,26.86,31.67,0.8481212503946952,2.66,,0.55
2020-09-23 13:30:00,0.0150631153807913,0.014754782236203492,0.01757920102510293,stress,28.58,33.28,0.8587740384615384,2.68,,0.54
2020-09-24 13:30:00,-0.0030551347033546,-0.0049672824428888705,-0.0036237533602866577,stress,28.51,33.06,0.8623714458560193,2.7,,0.53
2020-09-25 13:30:00,-0.0051526106976893,-0.01205044787680023,-0.01117201693606272,stress,26.38,32.03,0.823602872307212,2.74,,0.54
2020-09-28 13:30:00,0.0169938120054232,0.016371013845581952,0.009620376475186328,stress,26.19,31.74,0.8251417769376183,2.76,,0.53
2020-09-29 13:30:00,0.0049991494941758,0.004887377836512583,0.00802627360418277,stress,26.27,31.09,0.8449662270826632,2.74,,0.55
2020-09-30 13:30:00,0.0040852428175661,0.002228418033550696,0.006826057763769315,stress,26.37,31.64,0.8334386852085968,2.75,,0.56
2020-10-01 13:30:00,-0.0222471620493884,-0.019635263173074437,-0.024434224086332113,stress,26.7,31.72,0.8417402269861286,2.75,,0.54
2020-10-02 13:30:00,0.0039394685012737,0.000995186162645175,-0.012289731256697512,stress,27.63,32.39,0.8530410620561901,2.76,,0.57
2020-10-05 13:30:00,0.0098639934730666,0.0027725778716846568,0.005998642815111958,stress,27.96,31.28,0.8938618925831202,2.74,,0.64
2020-10-06 13:30:00,-0.0106922815625339,-0.0036928921755246353,-0.010354294150058842,stress,29.48,31.88,0.9247176913425346,2.7,,0.62
2020-10-07 13:30:00,0.0141894984562527,0.008563367666206979,0.0075550359815968445,stress,28.06,30.7,0.9140065146579804,2.69,,0.65
2020-10-08 13:30:00,0.0005721017716595,-0.0018540252860241749,-0.008279649311893634,stress,26.36,29.49,0.8938623262122753,2.68,,0.65
2020-10-09 13:30:00,-0.0006532775395999,0.00022958378415453102,0.0038091375314813535,stress,25.0,28.28,0.884016973125884,2.67,,0.63
2020-10-12 13:30:00,0.0152847658255886,,,stress,25.07,27.98,0.8959971408148678,,,
2020-10-13 13:30:00,-0.0010147171447358,,,stress,26.07,28.35,0.9195767195767195,2.65,,0.58
2020-10-14 13:30:00,0.0173019988755452,0.017673359598859233,0.01827871334419842,stress,26.4,28.24,0.9348441926345609,2.64,,0.59
2020-10-15 13:30:00,0.0071684492158666,0.007191564485846618,0.0011079611003553301,stress,26.97,28.72,0.939066852367688,2.65,,0.6
2020-10-16 13:30:00,-0.0036358670761072,-0.0040635465503707216,-0.0019735290970876672,stress,27.41,29.21,0.9383772680588839,2.64,,0.62
2020-10-19 13:30:00,-0.0049084550341662,0.0015993394346312693,0.0009776448100574705,stress,29.18,30.4,0.9598684210526316,2.61,,0.62
2020-10-20 13:30:00,0.0067606138919246,2.1459576376037758e-05,0.00238342154295751,stress,29.35,30.11,0.9747592162072402,2.64,,0.67
2020-10-21 13:30:00,-0.0071314193405691,-0.010678005116436972,-0.007126733581796068,stress,28.65,29.61,0.96757852077001,2.63,,0.69
2020-10-22 13:30:00,-0.008086669215398,-0.010747291178239448,-0.016649495055385106,stress,28.11,29.3,0.9593856655290102,2.61,,0.71
2020-10-23 13:30:00,0.0079332056627013,0.010681582500495227,0.00739600022868903,stress,27.55,28.99,0.9503276992066231,2.6,,0.67
2020-10-26 13:30:00,-0.0197048831220808,-0.005257609278404516,-0.0015664506932857696,stress,32.46,32.07,1.0121608980355472,2.6,,0.65
2020-10-27 13:30:00,-0.0170624680847161,-0.013016456651958445,-0.008577562227807884,stress,33.35,32.72,1.0192542787286065,2.6,,0.63
2020-10-28 13:30:00,-0.0104706479490342,0.009242068312238417,0.009189240106682631,stress,40.28,37.75,1.067019867549669,2.62,,0.63
2020-10-29 13:30:00,0.0169760911096317,0.005902086290134525,0.007703409781494024,stress,37.59,35.84,1.048828125,2.61,,0.69
2020-10-30 13:30:00,0.0016917213146007,-0.0012432939122765157,-0.0027911321351293174,stress,38.02,36.27,1.0482492417976288,2.61,,0.74
2020-11-02 14:30:00,0.0175008715289829,0.018231523428826567,0.008650476398132887,stress,37.13,35.06,1.0590416428978893,2.6,,0.71
2020-11-03 14:30:00,0.0170480217099518,0.012922957863769327,0.010482056048550752,stress,35.55,33.52,1.060560859188544,2.58,,0.73
2020-11-04 14:30:00,-0.0078269022903974,-0.024107180841808573,-0.015222669997046748,stress,29.57,29.98,0.986324216144096,2.58,,0.64
2020-11-05 14:30:00,0.017725099891154,0.008040897652141317,0.008946186319279063,stress,27.58,29.05,0.9493975903614457,2.52,,0.65
2020-11-06 14:30:00,0.0024830561638412,-0.008216006636881792,-0.00472136566847919,stress,24.86,27.37,0.908293752283522,2.51,,0.67
2020-11-09 14:30:00,-0.0036608243261623,-0.017246886760156538,-0.024205305551402958,stress,25.75,26.88,0.9579613095238095,2.47,,0.79
2020-11-10 14:30:00,0.0096393010565784,0.005928287386932324,0.0003056233702620637,stress,24.8,26.49,0.9362023405058514,2.44,,0.79
2020-11-11 14:30:00,-0.0060439549548103,,,stress,23.45,25.62,0.9153005464480873,,,
2020-11-12 14:30:00,0.0048712646640195,,,stress,25.35,27.22,0.9313005143277003,2.45,,0.71
2020-11-13 14:30:00,0.0141652913603433,0.006566056166001612,0.004027206758762445,stress,23.1,25.69,0.899182561307902,2.44,,0.72
2020-11-16 14:30:00,0.0006792851643321,-0.0020085942444153003,-0.0055637314059388075,stress,22.45,25.35,0.8856015779092702,2.42,,0.72
2020-11-17 14:30:00,0.0033460037277486,0.00639044154584137,0.0014952898297274052,stress,22.71,25.38,0.8947990543735225,2.42,,0.69
2020-11-18 14:30:00,0.0144609913860806,0.014451391537581293,0.018276415877644704,stress,23.84,26.39,0.9033724895793861,2.39,,0.72
2020-11-19 14:30:00,0.0204448983419942,0.019808099934540604,0.018922526151441823,stress,23.11,25.8,0.8957364341085271,2.35,,0.68
2020-11-20 14:30:00,-0.016434221330866,-0.01406336667380545,-0.016820110920677075,stress,23.7,26.06,0.9094397544128934,2.35,,0.67
2020-11-23 14:30:00,0.0248231011629772,0.01804922053515723,0.015532394099296997,stress,22.66,25.43,0.891073535194652,2.33,,0.7
2020-11-24 14:30:00,0.020831888342383,0.014346151924147234,0.014430783458133326,stress,21.64,24.84,0.8711755233494364,2.31,,0.72
2020-11-25 14:30:00,-0.0079222978506387,-0.006445432824402055,-0.004999516751374647,stress,21.25,24.42,0.8701883701883701,2.32,,0.71
2020-11-27 14:30:00,0.0132880726029732,0.015339080511979485,0.01474122071014961,stress,20.84,24.43,0.8530495292672943,2.32,,0.68
2020-11-30 14:30:00,-0.0093143124527853,-0.01387934520815143,-0.009016089378329553,stress,20.57,24.33,0.8454582819564325,2.29,,0.68
2020-12-01 05:00:00,0.0609198200328088,0.053662783488235395,0.05895351387854965,stress,20.77,24.49,0.8481012658227849,2.28,,0.75
2020-12-01 14:30:00,-0.050439609237995,-0.06307754168488174,-0.06089738046169757,stress,20.77,24.49,0.8481012658227849,2.28,,0.75
2020-12-02 14:30:00,-0.0168945421064004,-0.02275418420519815,-0.01827900937658305,stress,21.17,24.54,0.8626731866340669,2.24,,0.79
2020-12-03 14:30:00,0.0061844706579182,0.008508019040319828,0.002920678985565332,stress,21.28,24.56,0.8664495114006515,2.23,,0.76
2020-12-04 14:30:00,0.0286542475734968,0.023469979493560892,0.02021967942673742,stress,20.79,24.29,0.8559077809798271,2.23,,0.81
2020-12-07 14:30:00,-0.0095876365681482,-0.00774854711796138,-0.006605632139541157,stress,21.3,24.52,0.8686786296900489,2.22,,0.8
2020-12-08 14:30:00,0.0043090207067453,0.004593768305212485,0.001004113366416297,stress,20.68,23.87,0.8663594470046082,2.22,,0.78
2020-12-09 14:30:00,0.0129221501589785,0.016780105744705762,0.013467503134102244,stress,22.27,24.73,0.900525677315002,2.24,,0.79
2020-12-10 14:30:00,-0.0072769505570355,-0.005657294385682385,-0.007673838045518529,stress,22.52,25.05,0.899001996007984,2.22,,0.78
2020-12-11 14:30:00,-0.0137386692875627,-0.012661687595905724,-0.008297114611544391,stress,23.31,26.05,0.8948176583493281,2.23,,0.79
2020-12-14 14:30:00,-0.0203287393468388,-0.014405810011462707,-0.014914194829344633,stress,24.72,27.11,0.9118406492069346,2.24,,0.77
2020-12-15 14:30:00,-0.0007568146949494,-0.008779888954767598,-0.00942353916983424,stress,22.89,25.87,0.8848086586780054,2.26,,0.81
2020-12-16 14:30:00,-0.0041958813341262,-0.0037384141888345394,-0.002597289312964992,stress,22.5,25.47,0.88339222614841,2.25,,0.79
2020-12-17 14:30:00,-0.009158899099333,-0.013508738054261456,-0.01168938887097654,stress,21.93,25.15,0.8719681908548708,2.23,,0.81
2020-12-18 14:30:00,0.0038976083391628,0.0025438438007207766,0.001348258086638039,stress,21.57,25.17,0.8569725864123957,2.24,,0.82
2020-12-21 14:30:00,0.0154604284379922,0.025075612020966566,0.030754098590095126,stress,25.16,27.58,0.9122552574329225,2.23,,0.82
2020-12-22 14:30:00,0.0138445354277835,0.01314408980071159,0.013275167668859798,stress,24.23,27.25,0.8891743119266056,2.22,,0.8
2020-12-23 14:30:00,0.0186774899455441,0.015155107383604245,0.012460898127390695,stress,23.31,26.26,0.8876618431073876,2.24,,0.83
2020-12-24 14:30:00,-0.0002834840769902,-0.0028347194225683834,-0.0026566049700115055,stress,21.53,25.37,0.8486401261332283,2.23,,0.81
2020-12-28 14:30:00,-0.0018486289289201,,,stress,21.7,25.15,0.8628230616302187,2.22,,0.81
2020-12-29 14:30:00,-0.0059223404971209,-0.003686795003031138,0.00314962871461588,stress,23.08,26.24,0.8795731707317073,2.22,,0.82
2020-12-30 14:30:00,0.0137766054746251,0.013465921290382874,0.009385038181624214,stress,22.77,25.44,0.8950471698113207,2.2,,0.81
2020-12-31 14:30:00,-0.0067413313056832,-0.007062866312360145,-0.005508227560390362,stress,22.75,25.28,0.8999208860759493,2.18,,0.8
2021-01-04 14:30:00,0.0003388588966753,,,stress,26.97,28.26,0.954352441613588,2.19,,0.82
2021-01-05 14:30:00,0.01910002964006,0.016621979511183552,0.011557058342681295,stress,25.34,27.25,0.929908256880734,2.23,,0.83
2021-01-06 14:30:00,0.0285057280395644,0.022886340862488835,0.007355947247353795,stress,25.07,26.79,0.9357969391564017,2.27,,0.9
2021-01-07 14:30:00,0.0213529266654978,0.012933148209257882,0.017757295103488224,stress,22.37,25.02,0.8940847322142287,2.23,,0.94
2021-01-08 14:30:00,-0.0071464409734069,-0.012659030348859571,-0.0050829505726350515,stress,21.56,24.9,0.8658634538152611,2.19,,0.99
2021-01-11 14:30:00,0.0146023943247374,0.021759622035514105,0.018549230824379,stress,24.08,26.7,0.9018726591760299,2.15,,1.01
2021-01-12 14:30:00,0.0202626131761558,0.01826056883976,0.00802938953726417,stress,23.33,26.2,0.8904580152671755,2.16,,1.01
2021-01-13 14:30:00,-0.0336458370591016,-0.03077475551856125,-0.028595855319851066,stress,22.21,25.55,0.8692759295499022,2.13,,0.96
2021-01-14 14:30:00,0.008575540808582,0.008132832916269395,-0.004519584718836242,stress,23.25,26.32,0.8833586626139818,2.12,,0.99
2021-01-15 14:30:00,-0.0147996437104223,-0.011878428619988158,-0.007908139420968312,stress,24.34,27.26,0.8928833455612619,2.13,,0.98
2021-01-19 14:30:00,0.0180678386431126,0.019204257883352695,0.014519036889817587,stress,23.24,26.69,0.8707381041588609,2.11,,0.96
2021-01-20 14:30:00,-0.0116086515826479,-0.01688442167940868,-0.009187667014874754,stress,21.58,25.72,0.8390357698289269,2.11,,0.97
2021-01-21 14:30:00,-0.0084580070259288,-0.011948989497202106,-0.00287085776281696,stress,21.32,25.7,0.8295719844357977,2.12,,0.99
2021-01-22 14:30:00,-0.0008395586517929,0.002162331545627629,-0.008474740786227225,stress,21.91,25.99,0.8430165448249327,2.14,,0.97
2021-01-25 14:30:00,-0.0449699634072157,-0.03738137610999531,-0.03635015256336924,stress,23.19,26.88,0.8627232142857144,2.15,,0.92
2021-01-26 14:30:00,0.0008494450715329,-0.0025258590592575443,0.0032392265055438143,stress,23.02,26.89,0.8560803272592041,2.16,,0.94
2021-01-27 14:30:00,-0.0088369271726566,0.02873400537659538,0.028808740675565464,stress,37.21,35.73,1.0414217744192555,2.16,,0.92
2021-01-28 14:30:00,0.0010157973885101,-0.011484204824851438,-0.0025140461399557634,stress,30.21,31.77,0.9508970727101039,2.17,,0.95
2021-01-29 14:30:00,-0.0030916574860426,-0.007430473836300213,-0.006545421168406838,stress,33.09,33.88,0.9766824085005903,2.17,,1.0
2021-02-01 14:30:00,0.0167239878982452,0.016802110251065774,0.00851456515548879,stress,30.24,32.53,0.9296034429757146,2.19,,0.98
2021-02-02 14:30:00,0.0031981271033394,-0.005597424320981252,-0.0063307232147889105,stress,25.56,29.36,0.8705722070844686,2.18,,1.01
2021-02-03 14:30:00,0.0021619553249238,-0.003565003555910929,-0.005162136240382501,stress,22.91,27.57,0.8309756982227058,2.17,,1.04
2021-02-04 14:30:00,-0.0071348866737759,-0.00913707728523868,-0.015070019413799677,stress,21.77,26.79,0.8126166480029862,2.19,,1.04
2021-02-05 14:30:00,0.0005273127556914,-0.009963032390323341,-0.013749899414205794,stress,20.87,26.52,0.7869532428355959,2.18,,1.1
2021-02-08 14:30:00,-0.0021587312043042,0.0018223031978004027,-0.016976962982787818,stress,21.24,26.65,0.7969981238273921,2.14,,1.08
2021-02-09 14:30:00,0.005419320512062,0.007110209553692435,0.004553441780096256,stress,21.63,27.11,0.7978605680560679,2.15,,1.07
2021-02-10 14:30:00,0.0025209669704152,0.007133392548562768,0.006254646965485062,stress,21.99,27.49,0.7999272462713714,2.16,,1.04
2021-02-11 14:30:00,0.0086345325702651,0.0061273462144354526,0.010230232339103085,stress,21.25,27.22,0.7806759735488612,2.18,,1.05
2021-02-12 14:30:00,0.0019735085537352,-0.005135991205533754,-0.002534708513122846,normal,19.97,26.5,0.7535849056603773,2.19,,1.09
2021-02-16 14:30:00,0.018314140816267,0.008567967756549038,0.012509327901663828,stress,21.46,27.55,0.7789473684210526,2.15,,1.17
2021-02-17 14:30:00,0.0012480640948718,0.0002520750315205785,0.0033468636689501716,stress,21.5,27.52,0.78125,2.13,,1.18
2021-02-18 14:30:00,0.0136345921590984,0.014228298259072247,0.02014782428645539,stress,22.49,27.86,0.8072505384063172,2.13,,1.18
2021-02-19 14:30:00,0.020319950880837,0.01058019450081802,-0.002208039389746643,stress,22.05,27.09,0.813953488372093,2.14,,1.23
2021-02-22 14:30:00,0.0398706942301002,0.0333101608280305,0.028214445903013263,stress,23.45,27.81,0.8432218626393384,2.16,,1.26
2021-02-23 14:30:00,0.0046845819166211,-0.0013032129100973974,0.003011477254058179,stress,23.11,27.12,0.8521386430678466,2.2,,1.26
2021-02-24 14:30:00,0.0232027046840151,0.01975387744886281,0.01262709949379159,stress,21.34,25.89,0.8242564696794129,2.22,,1.26
2021-02-25 14:30:00,0.0173879584559276,0.014746839281377856,0.016761303847188824,stress,28.89,30.24,0.9553571428571429,2.12,,1.37
2021-02-26 14:30:00,-0.0807722644034404,-0.06640469342763629,-0.07030739399714046,stress,27.95,29.6,0.9442567567567567,2.12,,1.3
2021-03-01 05:00:00,0.0054199707966247,-0.001130472412689789,0.0015674563258541215,stress,23.35,26.78,0.8719193427931292,2.13,,1.32
2021-03-01 14:30:00,0.001998133181432,-0.005768613670248201,-0.004473260141371492,stress,23.35,26.78,0.8719193427931292,2.13,,1.32
2021-03-02 14:30:00,-0.0166434031612822,-0.009667516844891089,-0.012071921055976664,stress,24.1,27.16,0.8873343151693668,2.15,,1.29
2021-03-03 14:30:00,0.0039552112072954,-0.008350342472215477,-0.014724340442649576,stress,26.67,28.79,0.9263633205974298,2.14,,1.33
2021-03-04 14:30:00,0.0175916904213469,-0.003963662977291834,0.004785090797537856,stress,28.57,30.08,0.9498005319148937,2.13,,1.4
2021-03-05 14:30:00,0.006769843519324,0.00025942534279924274,-0.004375076471017982,stress,24.66,27.89,0.8841878809609178,2.13,,1.42
2021-03-08 14:30:00,0.0190232403182126,0.017705406140817753,0.006290900275870521,stress,25.47,28.13,0.9054390330607892,2.14,,1.42
2021-03-09 14:30:00,-0.0234173956446998,-0.013030041437520429,-0.002270003738998702,stress,24.03,27.28,0.8808651026392962,2.16,,1.38
2021-03-10 14:30:00,0.0272732091971638,0.02935031888244409,0.023044566138527827,stress,22.56,26.68,0.8455772113943029,2.17,,1.37
2021-03-11 14:30:00,-0.0021381811048438,-0.013389511553776327,-0.009260459931756197,stress,21.91,26.09,0.8397853583748562,2.18,,1.4
2021-03-12 14:30:00,-0.0082225584082649,-0.04119278025406378,-0.041120416069290594,stress,20.69,25.74,0.8038073038073039,2.19,,1.5
2021-03-15 13:30:00,-0.0051676076127025,0.001449711352820902,-0.003072613818733844,stress,20.03,24.89,0.8047408597830454,2.18,,1.48
2021-03-16 13:30:00,-0.0189531876869176,-0.017423545684751456,-0.005620193707017386,normal,19.79,24.71,0.800890327802509,2.19,,1.47
2021-03-17 13:30:00,0.0010056740220158,-0.011438402390643565,-0.008645636515011376,normal,19.23,23.88,0.8052763819095478,2.23,,1.5
2021-03-18 13:30:00,-0.0186599435667889,-0.026736946769399875,-0.028978313560556617,stress,21.58,25.28,0.853639240506329,2.17,,1.55
2021-03-19 13:30:00,-0.0021247873522656,-0.001144276921549327,-0.008827403078190469,stress,20.95,24.99,0.8383353341336535,2.1,,1.58
2021-03-22 13:30:00,-0.0085387369832609,0.005193551526312736,0.01082697701527915,normal,18.88,22.94,0.8230165649520488,2.08,,1.54
2021-03-23 13:30:00,-0.0250871086161858,-0.012515160774331251,-0.0011510642696282748,stress,20.3,23.8,0.8529411764705882,2.11,,1.48
2021-03-24 13:30:00,0.0059487795680707,0.007350390356938038,0.006688580986916607,stress,21.2,24.4,0.8688524590163935,2.1,,1.48
2021-03-25 13:30:00,0.0059064521599522,0.001667880777995314,-0.007492316529358813,normal,19.81,23.37,0.8476679503637141,2.11,,1.49
2021-03-26 13:30:00,0.0157499987967105,0.006911171125604739,0.005110942140808471,normal,18.86,22.32,0.8449820788530465,2.09,,1.53
2021-03-29 13:30:00,-0.0032209605486009,-0.019122854965616935,-0.00507230389977785,stress,20.74,23.2,0.8939655172413793,2.08,,1.59
2021-03-30 13:30:00,0.0251108299498268,0.0358491951805944,0.02298221318298628,normal,19.61,22.31,0.8789780367548184,2.04,,1.57
2021-03-31 13:30:00,-0.0089804587041553,-0.01077724749002126,-0.007921669713903179,normal,19.4,22.15,0.8758465011286681,2.03,,1.58
2021-04-01 13:30:00,0.0089087201272874,0.027113015203257318,0.019307273146055515,normal,17.33,20.97,0.826418693371483,1.98,,1.52
2021-04-05 13:30:00,0.009363337497992,,,normal,17.91,20.96,0.8544847328244275,1.93,,1.56
2021-04-06 13:30:00,-0.0014575893679031,0.008706230742684819,0.003942492328430539,normal,18.12,21.16,0.8563327032136107,1.95,,1.51
2021-04-07 13:30:00,-0.0084139574676059,-0.011050672574003976,-0.0004020665923893489,normal,17.16,20.66,0.8305905130687319,1.96,,1.52
2021-04-08 13:30:00,-0.0011425763056726,0.0025201219042646807,0.005213994470370562,normal,16.95,20.59,0.8232151529868869,1.98,,1.5
2021-04-09 13:30:00,0.0078977673192347,0.006019696219689947,0.009520669964011923,normal,16.69,20.74,0.8047251687560272,1.96,,1.51
2021-04-12 13:30:00,-0.0066803225759001,-0.006704412364561037,-0.007933545995844645,normal,16.91,20.82,0.8121998078770413,1.95,,1.51
2021-04-13 13:30:00,-0.000903843937101,0.004826208368537345,0.010689033485609999,normal,16.65,20.78,0.8012512030798844,1.97,,1.48
2021-04-14 13:30:00,-3.740093392636933e-05,0.00021159825738186361,-0.008219401739386168,normal,16.99,21.06,0.8067426400759734,1.98,,1.48
2021-04-15 13:30:00,0.0041595528201545,0.019852426582634856,0.020467996060247892,normal,16.57,20.76,0.7981695568400771,1.95,,1.4
2021-04-16 13:30:00,-0.005115364999583,-0.010073295293623922,-0.009856151671870195,normal,16.25,20.53,0.7915245981490501,1.97,,1.43
2021-04-19 13:30:00,0.0041060800308201,0.0016456753344446682,0.0034669414326717737,normal,17.29,21.37,0.8090781469349555,1.99,,1.45
2021-04-20 13:30:00,-0.0215408417662815,-0.017203002346000966,-0.01673535220323801,normal,18.68,22.35,0.8357941834451901,2.0,,1.43
2021-04-21 13:30:00,0.017881797075137,0.01903580276618083,0.012154837652890542,normal,17.5,21.49,0.8143322475570033,2.01,,1.42
2021-04-22 13:30:00,-0.0001216139267348,0.001700926294003423,-0.0031757722769378675,normal,18.71,22.52,0.8308170515097691,1.99,,1.41
2021-04-23 13:30:00,0.0116048142561001,0.009342746825489716,0.008719980976503715,normal,17.33,21.57,0.8034306907742234,1.99,,1.42
2021-04-26 13:30:00,-0.0038966368817944,-0.0007032850459347895,-0.002319966150287847,normal,17.64,21.54,0.818941504178273,1.98,,1.4
2021-04-27 13:30:00,0.0049910195476519,-0.004759930918958985,-0.003907407005155167,normal,17.56,21.32,0.823639774859287,1.97,,1.46
2021-04-28 13:30:00,-0.0015806314887555,-0.0015505221745170043,-0.002442047877996815,normal,17.28,21.13,0.81779460482726,1.98,,1.46
2021-04-29 13:30:00,0.0041994804465331,-0.0006354345198923321,0.0017331332425895214,normal,17.61,21.31,0.8263725950258095,1.97,,1.49
2021-04-30 13:30:00,-0.0208054188703684,-0.020298497129456538,-0.01886304835269184,normal,18.61,22.07,0.8432260987766198,1.96,,1.49
2021-05-03 13:30:00,0.0036458552815053,0.0067145171415308805,0.00028326112978348077,normal,18.31,21.74,0.8422263109475621,1.96,,1.47
2021-05-04 13:30:00,-0.0064523640026303,-0.0016276658309263524,-0.008836335690314662,normal,19.48,22.67,0.8592853992059991,1.97,,1.45
2021-05-05 13:30:00,0.0103098442917903,0.01363864237924601,0.011403328812433217,normal,19.15,22.26,0.8602875112309073,1.98,,1.43
2021-05-06 13:30:00,-0.0019814092227319,-0.0014545786736335005,0.002921550020184459,normal,18.39,21.88,0.8404936014625229,1.96,,1.42
2021-05-07 13:30:00,0.0061768493183102,-0.0024892577241499075,-0.0048502059409449285,normal,16.69,20.79,0.8027898027898028,1.97,,1.46
2021-05-10 13:30:00,-0.0068713899223539,-0.005156634003991582,-0.01164935980958833,normal,19.66,22.4,0.8776785714285715,1.98,,1.47
2021-05-11 13:30:00,0.0035064468810313,0.005226221532184615,0.008859761453128225,stress,21.84,24.23,0.9013619479983491,2.01,,1.48
2021-05-12 13:30:00,-0.011486730531834,-0.013477868686997536,-0.00991571302851385,stress,27.59,28.18,0.9790631653655074,2.02,,1.53
2021-05-13 13:30:00,0.0010100230914731,0.00010441648189301591,-0.0018961915939490277,stress,23.13,25.26,0.9156769596199524,2.04,,1.5
2021-05-14 13:30:00,0.0141164878585188,0.012179936677118261,0.010682994361736864,normal,18.81,22.26,0.8450134770889487,2.03,,1.47
2021-05-17 13:30:00,-0.0079992924407029,-0.008467963174491295,-0.011389654099657393,normal,19.72,23.14,0.8522039757994814,2.02,,1.48
2021-05-18 13:30:00,-0.0140033853224952,-0.009988098708830277,-0.01105272989648744,stress,21.34,24.22,0.8810900082576384,2.03,,1.48
2021-05-19 13:30:00,-0.0016567894977268,-0.0067259114858887695,-0.001978349138768915,stress,22.18,25.27,0.8777206173328057,2.02,,1.52
2021-05-20 13:30:00,-0.0069479296147589,-0.0042164881075673405,-0.0006926818823405796,stress,20.67,23.81,0.8681226375472492,2.02,,1.48
2021-05-21 13:30:00,0.0065722610846601,0.007409997130319529,0.0041448378325743985,stress,20.15,23.49,0.8578118348233291,2.01,,1.46
2021-05-24 13:30:00,-0.0007093658340783,-0.0053374648672254305,0.0013168064400030737,normal,18.4,22.23,0.8277103013945118,2.0,,1.46
2021-05-25 13:30:00,-0.0003946231849115,0.0042919594546656,0.005885313697155424,normal,18.84,22.4,0.8410714285714286,2.01,,1.41
2021-05-26 13:30:00,0.0027090392762153,-0.004773436870573147,-0.008024348197993008,normal,17.36,21.3,0.8150234741784037,1.98,,1.44
2021-05-27 13:30:00,0.0079257762676739,0.004881832271959994,-0.00013091139831781368,normal,16.74,20.31,0.8242245199409158,1.98,,1.47
2021-05-28 13:30:00,0.0005592334875731,0.002705043624138938,0.0016532726706404606,normal,16.76,20.48,0.8183593750000001,1.99,,1.44
2021-06-01 04:00:00,0.092872746624077,0.09437512147797297,0.08668376476762463,normal,17.9,21.34,0.8388003748828491,1.97,,1.46
2021-06-01 13:30:00,-0.0319250601334131,-0.032974977891873695,-0.04411298679900376,normal,17.9,21.34,0.8388003748828491,1.97,,1.46
2021-06-02 13:30:00,-0.0048002703963711,-0.0048050185797045165,-0.00350491794257128,normal,17.48,21.42,0.8160597572362278,1.98,,1.46
2021-06-03 13:30:00,0.0219338665655001,0.02135923691551561,0.021845387731141648,normal,18.04,21.82,0.8267644362969752,1.96,,1.47
2021-06-04 13:30:00,-0.009051759947485,-0.008496323668197404,-0.004171417237627028,normal,16.42,20.62,0.7963142580019399,1.98,,1.42
2021-06-07 13:30:00,-0.0050695197448434,-0.004627378733008853,-0.010863488199351626,normal,16.42,20.55,0.7990267639902677,1.98,,1.41
2021-06-08 13:30:00,0.0171285707225694,0.02028998528692158,0.013903938563325823,normal,17.07,20.85,0.818705035971223,1.98,,1.39
2021-06-09 13:30:00,-0.0034692181187158,-0.0002952054526169476,0.0017500365981270296,normal,17.89,21.28,0.8406954887218044,1.96,,1.34
2021-06-10 13:30:00,-0.0122605607902709,-0.010836477859746016,-0.0041432055254886566,normal,16.1,20.08,0.8017928286852591,2.0,,1.31
2021-06-11 13:30:00,0.0082335738017144,0.003839565569703672,0.0010213686907587938,complacency,15.65,19.64,0.7968431771894093,1.97,,1.31
2021-06-14 13:30:00,-0.0142750184356252,-0.017828131366317904,-0.008052554189098157,normal,16.39,20.14,0.8138033763654419,1.96,,1.35
2021-06-15 13:30:00,0.0146250545418233,0.01579591721239609,0.013188820890722193,normal,17.02,20.68,0.8230174081237911,1.96,,1.35
2021-06-16 13:30:00,-0.0131495377482902,-0.024041004844785357,-0.021026716830778412,normal,18.15,21.26,0.8537158984007525,1.91,,1.36
2021-06-17 13:30:00,-0.0320291251397644,-0.04147772429178197,-0.025150575694114295,normal,17.75,20.98,0.8460438512869399,1.84,,1.29
2021-06-18 13:30:00,-0.0251901443974341,-0.008022579287054861,-0.007093210751259512,stress,20.7,22.93,0.9027474923680767,1.85,,1.19
2021-06-21 13:30:00,0.0233219383248477,0.013688341605806386,0.007456686819964243,normal,17.89,21.12,0.8470643939393939,1.88,,1.23
2021-06-22 13:30:00,-0.0069916179295961,-0.009458275642419599,-0.002299513531288355,normal,16.66,20.07,0.8300946686596911,1.9,,1.23
2021-06-23 13:30:00,0.0030279524389002,0.000334600882400898,0.0006238360525444718,normal,16.32,19.7,0.8284263959390863,1.89,,1.24
2021-06-24 13:30:00,0.0152023776516983,0.015380316643179561,0.010482038406484264,complacency,15.97,19.26,0.8291796469366562,1.88,,1.23
2021-06-25 13:30:00,0.0074582317647146,0.0033580282061827877,0.0015113249367896039,complacency,15.62,19.0,0.8221052631578947,1.9,,1.26
2021-06-28 13:30:00,-0.0074002350022092,-0.004541872998000376,0.007422955532012254,complacency,15.76,19.02,0.8286014721345951,1.88,,1.24
2021-06-29 13:30:00,-0.0131074976325797,-0.009779153684327982,-0.007733487171344365,normal,16.02,19.49,0.8219599794766548,1.87,,1.22
2021-06-30 13:30:00,0.0078212047577596,0.010294401713960025,0.006851508819772961,complacency,15.83,19.51,0.8113787801127627,1.87,,1.2
2021-07-01 13:30:00,0.0109100290873168,0.00557707946251772,0.004929880125143626,complacency,15.48,19.45,0.7958868894601543,1.86,,1.23
2021-07-02 13:30:00,-0.009150696787527,-0.00562310322218005,0.007125078025592013,complacency,15.07,19.3,0.7808290155440414,1.87,,1.2
2021-07-06 13:30:00,-0.0255444539497309,-0.014357402414681773,-0.004001590152527039,normal,16.44,20.26,0.8114511352418559,1.9,,1.15
2021-07-07 13:30:00,0.0227928193405294,0.02847346442396302,0.03134842747427268,normal,16.2,20.41,0.7937285644292014,1.89,,1.11
2021-07-08 13:30:00,-0.0118682166391501,-0.00347463480276438,-0.002717884270991811,normal,19.0,21.98,0.8644222020018199,1.91,,1.11
2021-07-09 13:30:00,0.020801113900058,0.008386351705242375,0.0040066450500134965,normal,16.18,20.44,0.7915851272015655,1.91,,1.14
2021-07-12 13:30:00,0.0025807548229458,0.0008163325424232477,0.0037745641209239273,normal,16.17,20.46,0.7903225806451614,1.91,,1.15
2021-07-13 13:30:00,-0.0136902765269741,-0.01271841391052546,0.004891481590416942,normal,17.12,21.13,0.8102224325603409,1.91,,1.16
2021-07-14 13:30:00,-0.0073778518043161,-0.006238076350158339,0.0034767398858492103,normal,16.33,20.62,0.7919495635305528,1.91,,1.14
2021-07-15 13:30:00,0.0052444943037468,0.017749111725650864,0.008818453569348236,normal,17.01,21.09,0.806543385490754,1.92,,1.08
2021-07-16 13:30:00,0.0023975210948164,0.00953481789690511,0.0066121586896667585,normal,18.45,22.07,0.8359764386044404,1.93,,1.06
2021-07-19 13:30:00,-0.0262032882161435,-0.002832737987103727,-0.007092797490630753,stress,22.5,24.9,0.9036144578313253,1.97,,0.98
2021-07-20 13:30:00,0.017932905697392,0.0027500423121479597,-0.0028031942569305655,normal,19.73,23.2,0.8504310344827587,1.98,,1.03
2021-07-21 13:30:00,0.0050137140923285,-0.008138871285528902,-0.007982150158205978,normal,17.91,21.87,0.8189300411522633,1.96,,1.08
2021-07-22 13:30:00,0.0022879827910966,0.0032421255052230177,0.01622807578139746,normal,17.69,21.86,0.8092406221408966,1.95,,1.07
2021-07-23 13:30:00,-0.005339263485131,-0.008354393802425319,-0.002889896432428185,normal,17.2,21.65,0.7944572748267898,1.93,,1.08
2021-07-26 13:30:00,-0.0081992119433207,-0.005630684674938427,-0.007376143680259051,normal,17.58,21.74,0.8086476540938362,1.94,,1.07
2021-07-27 13:30:00,0.0103789223447323,0.018102174018537146,0.009784521986506313,normal,19.36,23.0,0.8417391304347825,1.95,,1.05
2021-07-28 13:30:00,0.0058552438366468,0.0018881133641963487,0.0008278773193473171,normal,18.31,22.35,0.8192393736017896,1.96,,1.06
2021-07-29 13:30:00,0.0076500100737117,0.0029517640547753222,-0.0048331965639241085,normal,17.7,21.88,0.8089579524680073,1.94,,1.08
2021-07-30 13:30:00,0.0018190699539494,0.008041715310760932,-0.001268030418203574,normal,18.24,22.18,0.8223624887285842,1.95,,1.05
2021-08-02 13:30:00,-0.0147827677456063,-0.00880851698412317,-0.013598924164392397,normal,19.46,23.05,0.8442516268980478,1.95,,1.03
2021-08-03 13:30:00,0.013514471968185,0.011931034753583144,0.01216153893521128,normal,18.04,22.18,0.8133453561767358,1.97,,1.02
2021-08-04 13:30:00,-0.0117256696126119,-0.01185208593023568,0.0007321947595284439,normal,17.97,22.17,0.8105548037889038,1.96,,1.02
2021-08-05 13:30:00,-0.0069198919162121,-0.008626993665259727,-0.010286179319081988,normal,17.28,21.52,0.8029739776951673,1.95,,1.02
2021-08-06 13:30:00,0.0114401452386258,-0.004831136716888293,-0.0014247541763778675,normal,16.15,20.87,0.7738380450407282,1.94,,1.1
2021-08-09 13:30:00,0.0038959407730953,0.005067483563500741,0.01013341669542566,normal,16.72,21.27,0.7860836859426422,1.95,,1.1
2021-08-10 13:30:00,0.0142576987619517,0.01091649556055566,0.0015332690430071936,normal,16.79,21.21,0.7916077322017915,1.95,,1.12
2021-08-11 13:30:00,0.0065018202341032,0.004385881551846822,-0.004824689255997837,normal,16.06,20.67,0.7769714562167391,1.99,,1.12
2021-08-12 13:30:00,0.0029535908226463,0.0003879847960227942,0.012875465462844387,complacency,15.59,20.25,0.7698765432098765,1.99,,1.13
2021-08-13 13:30:00,-0.0072718382124145,0.006930492613188151,-0.0030831092957535585,complacency,15.45,20.26,0.7625863770977295,1.98,,1.06
2021-08-16 13:30:00,-0.00976056640229,-0.006649578167473122,-0.005715803095389618,normal,16.12,20.64,0.7810077519379846,1.97,,1.05
2021-08-17 13:30:00,0.002877599681242,0.008815957405838331,0.009548121253747075,normal,17.91,21.7,0.8253456221198157,1.98,,1.03
2021-08-18 13:30:00,0.0128004225031405,0.016053039576162716,0.015623042246242709,stress,21.57,23.8,0.9063025210084034,1.97,,1.04
2021-08-19 13:30:00,-0.0103537771645434,-0.006352883901393962,0.0012776970328183587,stress,21.67,24.2,0.8954545454545455,1.98,,1.02
2021-08-20 13:30:00,-0.0053365494249395,-0.009429455250108777,-0.006052050334265318,normal,18.56,22.41,0.8282016956715751,1.96,,1.03
2021-08-23 13:30:00,-0.0084380490297537,-0.007113255462197904,-0.0003736335036124364,normal,17.15,21.2,0.8089622641509434,1.97,,1.02
2021-08-24 13:30:00,0.0123754993124257,0.006138320859548431,0.0020861338987410664,normal,17.22,21.22,0.8114985862393967,1.95,,1.05
2021-08-25 13:30:00,0.020513349704141,0.009501874791489942,0.0060422311595331735,normal,16.79,20.79,0.8075998075998075,1.93,,1.12
2021-08-26 13:30:00,-0.008777412776215,-7.539444367325211e-05,-0.0035767713034954903,normal,18.84,21.86,0.8618481244281794,1.92,,1.09
2021-08-27 13:30:00,0.0062084958400979,0.003635579455723292,0.0036717910515267215,normal,16.39,20.61,0.7952450266860748,1.92,,1.09
2021-08-30 13:30:00,-0.0031614257148566,-0.0034156608529968316,0.013486069726355805,normal,16.19,20.4,0.7936274509803922,1.92,,1.09
2021-08-31 13:30:00,-0.0026627473199909,-0.005787281112843101,-0.0050826163913105585,normal,16.48,20.42,0.8070519098922624,1.94,,1.1
2021-09-01 04:00:00,0.0526562167267054,0.051742812542334454,0.053531829313927824,normal,16.11,20.08,0.8022908366533865,1.92,,1.11
2021-09-01 13:30:00,-0.0200412757166452,-0.021893355250999603,-0.020340673357266633,normal,16.11,20.08,0.8022908366533865,1.92,,1.11
2021-09-02 13:30:00,0.0437794268109787,0.04824937794952254,0.035572380669180496,normal,16.41,20.13,0.8152011922503726,1.92,,1.09
2021-09-03 13:30:00,0.0010990636614129,-0.003390402486527805,0.007813979138417727,normal,16.41,20.32,0.8075787401574803,1.91,,1.12
2021-09-07 13:30:00,-0.009184795803705,-0.012960836273637269,0.006877027632589792,normal,18.14,21.53,0.8425452856479331,1.91,,1.16
2021-09-08 13:30:00,0.0026600494282394,0.007663251700172769,-0.0011709768527664423,normal,17.96,21.59,0.8318666049096805,1.91,,1.13
2021-09-09 13:30:00,-0.0109500928742057,0.0020344001530010324,-0.00938800047307153,normal,18.8,22.06,0.8522212148685404,1.9,,1.07
2021-09-10 13:30:00,-0.0030301614473503,-0.0066216397000957924,-0.011223997675351923,stress,20.95,23.31,0.8987558987558988,1.88,,1.12
2021-09-13 13:30:00,-0.0029097487305357,-0.007158659857061818,-0.006735195499603441,normal,19.37,22.47,0.8620382732532266,1.87,,1.12
2021-09-14 13:30:00,-0.0115430434122504,-0.005302805067913612,-0.0057645615802835795,normal,19.46,22.55,0.8629711751662972,1.87,,1.07
2021-09-15 13:30:00,0.0251914864032106,0.017769224564445373,0.017931647050867704,normal,18.18,21.76,0.8354779411764706,1.85,,1.1
2021-09-16 13:30:00,-0.0154738312916408,-0.016366737656231554,-0.015143787168942893,normal,18.69,21.81,0.8569463548830812,1.84,,1.11
2021-09-17 13:30:00,0.0027913998056528,0.003365615300059097,0.0044229160237018676,stress,20.81,23.22,0.8962101636520241,1.83,,1.14
2021-09-20 13:30:00,-0.0115800790187627,0.007013596466476445,-0.005481468655660852,stress,25.71,26.4,0.9738636363636365,1.84,,1.08
2021-09-21 13:30:00,-0.0085810738555113,-0.01546975518552861,-0.005528296507648793,stress,24.36,25.47,0.9564193168433451,1.83,,1.11
2021-09-22 13:30:00,0.0055588861395994,0.003466391169330771,-0.0002590436189008,stress,20.87,23.05,0.9054229934924078,1.83,,1.07
2021-09-23 13:30:00,0.0124908926618621,-0.0006737125712284672,-0.004645081750419732,normal,18.63,21.37,0.8717828731867102,1.81,,1.14
2021-09-24 13:30:00,-0.0091004416199968,-0.01571378868478792,-0.017213272517127183,normal,17.75,20.82,0.8525456292026897,1.8,,1.18
2021-09-27 13:30:00,-0.0083424483812158,-0.007276949842367237,-0.020869775536651227,normal,18.76,21.4,0.8766355140186918,1.78,,1.17
2021-09-28 13:30:00,-0.0029917984819129,0.001648333038798307,-0.013525922616008166,stress,23.25,24.03,0.9675405742821472,1.8,,1.23
2021-09-29 13:30:00,0.0028593883675268,-4.227556045272637e-06,-0.0018288828048330678,stress,22.56,23.72,0.9510961214165261,1.81,,1.25
2021-09-30 13:30:00,-0.0104035329839028,-0.008602726653227555,0.0037593143051792496,stress,23.14,23.87,0.9694176790950985,1.85,,1.24
2021-10-01 13:30:00,0.0043451592249321,0.004056033232489894,-0.0002647054873276102,stress,21.15,23.05,0.9175704989154012,1.85,,1.21
2021-10-04 13:30:00,-0.0055242710100919,-0.00365921762125305,-0.016694997315177235,stress,22.96,24.11,0.9523019493985898,1.85,,1.22
2021-10-05 13:30:00,0.0070275461267921,0.00014370231211067227,0.005627600631725705,stress,21.3,23.11,0.9216789268714842,1.84,,1.26
2021-10-06 13:30:00,0.0003047001475091,0.0028752342606306338,0.0052045097093410585,stress,21.0,22.84,0.9194395796847635,1.84,,1.23
2021-10-07 13:30:00,0.0133463078898951,0.00831180777947485,0.010296417510871708,normal,19.54,22.12,0.8833634719710668,1.85,,1.26
2021-10-08 13:30:00,-0.0018131823401481,-0.006557134212959457,-0.006641830753757272,normal,18.77,21.88,0.8578610603290676,1.84,,1.29
2021-10-11 13:30:00,-0.0112527161072031,,,stress,20.0,22.39,0.8932559178204555,,,
2021-10-12 13:30:00,0.007181916252336,,,normal,19.85,22.33,0.8889386475593374,1.82,,1.24
2021-10-13 13:30:00,0.0363743320721656,0.03941220898221598,0.041184449452040924,normal,18.64,21.54,0.8653667595171775,1.79,,1.19
2021-10-14 13:30:00,0.009349278285801,0.010239685213273456,0.008121783113947786,normal,16.86,20.37,0.8276877761413843,1.81,,1.16
2021-10-15 13:30:00,0.0011478585209404,-0.00528658929155807,-0.0001383499585010735,normal,16.3,20.3,0.8029556650246306,1.76,,1.18
2021-10-18 13:30:00,-0.0089777249661951,-0.01065208087954319,-0.008443147413418093,normal,16.31,20.29,0.8038442582552981,1.72,,1.15
2021-10-19 13:30:00,-0.0027115944158543,-0.008925640954407576,-0.004953431232105365,complacency,15.7,19.98,0.7857857857857857,1.72,,1.24
2021-10-20 13:30:00,0.0088842726176009,0.0097101910888795,0.0050171159238841636,complacency,15.49,19.87,0.7795671867136387,1.75,,1.25
2021-10-21 13:30:00,-0.0011739091683691,-0.0015109633727064743,-0.00021053417680061523,complacency,15.01,19.48,0.7705338809034907,1.74,,1.23
2021-10-22 13:30:00,0.0074595566874366,0.00998050344746395,0.002259688472640381,complacency,15.43,20.01,0.7711144427786106,1.72,,1.18
2021-10-25 13:30:00,0.0109856969004725,0.011563077845841922,0.016945350028379803,complacency,15.24,19.56,0.7791411042944786,1.73,,1.17
2021-10-26 13:30:00,-0.0058557915355309,-0.004965125619132493,-0.0013737085211360783,complacency,15.98,20.11,0.7946295375435107,1.71,,1.16
2021-10-27 13:30:00,-0.0093096592648113,-0.0036367030091596,0.006916032172007796,normal,16.98,20.89,0.8128291048348492,1.69,,1.04
2021-10-28 13:30:00,0.0240901642039861,0.02187288286251189,0.02172504125050588,normal,16.53,20.48,0.80712890625,1.69,,1.07
2021-10-29 13:30:00,-0.0068125294464193,-0.007296126345662289,-0.0028371862656073905,normal,16.26,20.37,0.7982326951399117,1.69,,1.07
2021-11-01 13:30:00,0.0042195492343519,0.003961523234053643,-0.006830677296453152,normal,16.41,20.39,0.8048062775870525,1.69,,1.08
2021-11-02 13:30:00,0.0102486814999443,0.009509294111917395,0.012356727778738651,normal,16.03,20.1,0.7975124378109453,1.71,,1.1
2021-11-03 13:30:00,-0.0214277903016405,-0.025050813973946214,-0.02599095044935106,complacency,15.1,19.5,0.7743589743589744,1.7,,1.13
2021-11-04 13:30:00,-0.0165924736695295,-0.014161874313524215,-0.005672922400781866,complacency,15.44,19.7,0.783756345177665,1.73,,1.12
2021-11-05 13:30:00,0.0320636364589528,0.0364088659347764,0.029806395590629902,normal,16.48,20.49,0.8042947779404589,1.73,,1.06
2021-11-08 14:30:00,0.0015806450887661,-0.002102433752875739,-0.002902826294320195,normal,17.22,20.98,0.8207816968541467,1.67,,1.06
2021-11-09 14:30:00,-0.0087904209221162,-0.007874584706488622,-0.012847973292207968,normal,17.78,21.41,0.8304530593180757,1.67,,1.05
2021-11-10 14:30:00,-0.0063859588345712,-0.005720312914007694,-0.007231502186220543,normal,18.73,22.0,0.8513636363636364,1.66,,1.05
2021-11-11 14:30:00,0.0004996637453023,,,normal,17.66,21.38,0.8260056127221703,,,
2021-11-12 14:30:00,0.0033381562194347,,,normal,16.29,20.69,0.7873368777187046,1.69,,1.05
2021-11-15 14:30:00,0.0188086560729466,0.01960342347332088,0.019113258248372032,normal,16.49,20.87,0.7901293723047436,1.7,,1.1
2021-11-16 14:30:00,0.0032557191745758,0.003925655351772401,0.007505962842429233,normal,16.37,20.9,0.7832535885167465,1.72,,1.09
2021-11-17 14:30:00,-0.0082793455352112,-0.005636476497554057,-0.0011990043980871293,normal,17.11,21.58,0.7928637627432809,1.74,,1.08
2021-11-18 14:30:00,-0.0001048626710024,0.0008546380209218115,0.010191949912022796,normal,17.59,21.9,0.8031963470319635,1.73,,1.07
2021-11-19 14:30:00,-7.575561363367669e-05,0.0005387314394480003,0.005725572086885169,normal,17.91,21.92,0.8170620437956204,1.73,,1.02
2021-11-22 14:30:00,0.0035249343576525,0.006104813409481148,0.0016568976714948403,normal,19.17,22.63,0.8471056120194433,1.71,,1.0
2021-11-23 14:30:00,0.0074067714474265,0.008815298198118075,0.007637222061997925,normal,19.38,22.45,0.8632516703786192,1.73,,1.07
2021-11-24 14:30:00,-0.0006169781213582,-0.002680700773752826,-0.0018448771434157734,normal,18.58,21.9,0.8484018264840183,1.72,,1.0
2021-11-26 14:30:00,-0.0179628699494372,0.0030349999246441703,0.013138791041412284,stress,28.62,29.17,0.9811450119986287,1.82,,0.98
2021-11-29 14:30:00,-0.0124481556546712,-0.025116673863423845,-0.02028637581280318,stress,22.96,25.04,0.9169329073482428,1.81,,1.01
2021-11-30 14:30:00,-0.010530440414914,-0.0035451533952908084,0.0010146469054714384,stress,27.19,28.13,0.9665837184500534,1.81,,0.91
2021-12-01 05:00:00,-0.0310958263712914,-0.024610978627123928,-0.021918156646511512,stress,31.12,30.79,1.010717765508282,1.81,,0.87
2021-12-01 14:30:00,0.0226415002904138,0.030699640354654792,0.03391591422031065,stress,31.12,30.79,1.010717765508282,1.81,,0.87
2021-12-02 14:30:00,0.0181352378830235,0.014345310277757631,0.0035829307264618436,stress,27.95,29.15,0.9588336192109778,1.8,,0.81
2021-12-03 14:30:00,-0.0008796254486103,0.0036472148308010193,0.001481128391964522,stress,30.67,31.78,0.9650723725613594,1.81,,0.75
2021-12-06 14:30:00,0.0012196644424784,-0.004640371250283485,-0.007531689995507924,stress,27.18,28.88,0.9411357340720222,1.79,,0.78
2021-12-07 14:30:00,-0.0063963835508226,-0.01536584987221848,-0.011446151581344599,stress,21.89,24.96,0.8770032051282051,1.75,,0.78
2021-12-08 14:30:00,-0.0015888514529814,-0.0038227721234467046,-0.0036657638126783177,normal,19.9,23.63,0.8421498095641133,1.79,,0.84
2021-12-09 14:30:00,-0.0064486266081223,-0.005112544239001853,-0.0037058837521754782,stress,21.58,24.66,0.8751013787510137,1.81,,0.79
2021-12-10 14:30:00,8.994413311185813e-05,-0.0031949805503032574,0.0021077055463356886,normal,18.69,23.18,0.8062985332182917,1.83,,0.81
2021-12-13 14:30:00,-0.0093941960629653,-0.008091017019725186,-0.009281644972654024,stress,20.31,24.32,0.8351151315789473,1.82,,0.76
2021-12-14 14:30:00,-0.0046917572961833,-0.0026051987797001018,-0.0029354731152973733,stress,21.89,25.35,0.8635108481262327,1.82,,0.77
2021-12-15 14:30:00,-0.0042984221618782,-0.0074283659556927326,-0.003531639074534208,normal,19.29,23.3,0.8278969957081544,1.83,,0.78
2021-12-16 14:30:00,0.0129760600977931,0.015261299704516349,0.01122979586563282,stress,20.57,24.37,0.8440705785802216,1.87,,0.8
2021-12-17 14:30:00,-0.0020337718426641,-0.0016274803178270578,-0.00299757053599934,stress,21.57,25.38,0.8498817966903074,1.87,,0.75
2021-12-20 14:30:00,-0.0040765498499395,-0.002390169300373053,-0.001834140195736615,stress,22.87,26.31,0.8692512352717598,1.89,,0.78
2021-12-21 14:30:00,0.0175926278004359,0.015474965883137369,0.010865828144162029,stress,21.01,25.0,0.8404,1.88,,0.78
2021-12-22 14:30:00,0.0005222965584207,-0.0025450274457583222,0.0013870515620199998,normal,18.63,23.56,0.7907470288624788,1.86,,0.78
2021-12-23 14:30:00,-0.0050681293637784,-0.005774688630211751,-0.006483937531031765,normal,17.96,23.24,0.7728055077452669,1.86,,0.79
2021-12-27 14:30:00,0.0040453201956588,,,normal,17.68,22.74,0.7774846086191733,1.86,,0.72
2021-12-28 14:30:00,-0.0018156261590241,-0.0015234079322676251,-0.0021960788146391953,normal,17.54,22.33,0.7854903716972683,1.86,,0.75
2021-12-29 14:30:00,-0.0036195563672869,-0.003488328389262385,-0.004271776249219646,normal,16.95,21.83,0.7764544205222171,1.85,,0.8
2021-12-30 14:30:00,0.0034587520361596,0.003730877502364699,0.0013651258489260861,normal,17.33,21.88,0.7920475319926873,1.85,,0.79
2021-12-31 14:30:00,0.0159250477253324,,,normal,17.22,21.88,0.7870201096892139,,,0.79
2022-01-03 14:30:00,-0.0164068238539453,,,normal,16.6,21.53,0.7710171853228054,1.82,,0.85
2022-01-04 14:30:00,0.0213719939880946,0.022481464939333125,0.013275118907555016,normal,16.91,21.62,0.7821461609620721,1.84,,0.89
2022-01-05 14:30:00,-0.0165372326471903,-0.012661096907227911,-0.015420409557943004,normal,19.73,23.47,0.8406476352790797,1.8,,0.88
2022-01-06 14:30:00,0.010265564786267,0.010429077558323122,0.003926315078583141,normal,19.61,23.5,0.8344680851063829,1.78,,0.85
2022-01-07 14:30:00,-0.0045915565450638,-0.005534540716578847,-0.005142300523253926,normal,18.76,22.87,0.820288587669436,1.78,,0.89
2022-01-10 14:30:00,-0.0011226041471259,0.00062030715610271,0.0052255223434759905,normal,19.4,22.68,0.8553791887125219,1.76,,0.86
2022-01-11 14:30:00,0.0059654962124308,0.004739684729561911,0.0035285317287730568,normal,18.41,21.98,0.8375796178343949,1.76,,0.85
2022-01-12 14:30:00,0.0108757284402425,0.009292650004483257,0.013487270174041924,normal,17.62,21.58,0.8164967562557925,1.77,,0.82
2022-01-13 14:30:00,-0.0022830588775556,-0.0007519622627047899,-0.01731950123787905,stress,20.31,23.41,0.867577958137548,1.8,,0.79
2022-01-14 14:30:00,-0.0037694020714276,-0.004658002995890774,-0.0022310059973521396,normal,19.19,22.82,0.8409290096406661,1.79,,0.79
2022-01-18 14:30:00,0.0037933834166468,0.008621135025343315,0.011494301885385878,stress,22.79,25.12,0.9072452229299363,1.78,,0.81
2022-01-19 14:30:00,-0.0123871373643366,-0.010798984534561375,-0.009821315529468258,stress,23.85,25.81,0.9240604416892678,1.77,,0.79
2022-01-20 14:30:00,-0.0163817686212776,-0.01507082499491898,-0.013652149862063616,stress,25.59,27.25,0.9390825688073394,1.79,,0.75
2022-01-21 14:30:00,0.0094436941661153,0.011624969591197212,0.0035605648636868777,stress,28.85,29.95,0.9632721202003339,1.84,,0.74
2022-01-24 14:30:00,0.0089354946819866,0.007960135031053875,-0.0015508619500347268,stress,29.9,30.82,0.9701492537313432,1.89,,0.76
2022-01-25 14:30:00,-0.0016723444140186,-0.00147955475595521,-0.004984507351252429,stress,31.16,31.76,0.9811083123425692,1.91,,0.76
2022-01-26 14:30:00,0.003120240911712,0.007559898205137914,0.016458517429563998,stress,31.96,31.95,1.0003129890453835,1.84,,0.72
2022-01-27 14:30:00,-0.007422300056165,-0.010378357974708333,-0.008087757754007231,stress,30.49,30.87,0.9876903142209263,1.86,,0.63
2022-01-28 14:30:00,-0.0071121854129507,-0.010255191538328165,0.001072648986393445,stress,27.66,28.82,0.9597501734906315,1.91,,0.63
2022-01-31 14:30:00,-0.0035285369442994,-0.0045930258702306815,-0.006924515492961674,stress,24.83,26.85,0.9247672253258844,1.93,,0.61
2022-02-01 14:30:00,0.0010642805204358,-0.0009756953817064904,-0.002654984251437861,stress,21.96,24.76,0.8869143780290791,1.92,,0.63
2022-02-02 14:30:00,0.0065944956846185,0.007124693399138078,0.014488602732401285,stress,22.09,25.14,0.8786793953858393,1.91,,0.62
2022-02-03 14:30:00,0.0016220960948875,0.002352932881194663,-0.007823651604074082,stress,24.35,26.67,0.9130108736407949,1.92,,0.63
2022-02-04 14:30:00,-0.0223708606546253,-0.022460856810328823,-0.01802531092399451,stress,23.22,26.25,0.8845714285714286,1.92,,0.62
2022-02-07 14:30:00,0.0015126742700203,0.001442013657063841,-0.0035742015197051547,stress,22.86,25.69,0.8898404048267807,1.93,,0.62
2022-02-08 14:30:00,0.0126420515294194,0.01251564589456029,0.009754976451919925,stress,21.44,24.54,0.8736756316218419,1.91,,0.61
2022-02-09 14:30:00,0.0152921851999754,0.01637629648921272,0.012082241247601773,normal,19.96,23.49,0.8497232865048958,1.92,,0.58
2022-02-10 14:30:00,-0.0005665277861313,0.006173766199102035,-0.0019050796628864775,stress,23.91,26.07,0.9171461449942463,1.91,,0.42
2022-02-11 14:30:00,-0.0047233420144327,-0.0023525150863533666,-0.009788582307172,stress,27.36,28.83,0.9490114464099896,2.0,,0.42
2022-02-14 14:30:00,0.0004773491781675,0.0014002547289330377,0.006002337380173855,stress,28.33,29.44,0.9622961956521738,2.0,,0.4
2022-02-15 14:30:00,0.0152361549482699,0.012413368432368288,0.01287223339229744,stress,25.7,27.28,0.9420821114369501,1.99,,0.47
2022-02-16 14:30:00,0.0084478459483446,0.007161664428869702,0.006503688383888192,stress,24.29,26.26,0.924980959634425,2.05,,0.51
2022-02-17 14:30:00,-0.0076380185124881,-0.00427879420199714,-0.005612650769702132,stress,28.11,29.32,0.958731241473397,2.12,,0.48
2022-02-18 14:30:00,0.0065816907731215,0.007109455747169098,0.004355677898907876,stress,27.75,29.22,0.9496919917864477,2.13,,0.45
2022-02-22 14:30:00,-0.0051467137065202,-0.0027514836025892323,-0.004143381967181966,stress,28.81,29.11,0.9896942631398145,2.13,,0.38
2022-02-23 14:30:00,0.0008983027657123,0.001349250591618723,-0.0004274414820079237,stress,31.02,30.88,1.0045336787564767,2.1,,0.41
2022-02-24 14:30:00,0.0279454867508225,0.025505489288352716,0.03462320554984372,stress,30.32,30.05,1.0089850249584027,2.24,,0.42
2022-02-25 14:30:00,-0.0080164202323284,-0.007750371336407293,-0.012496044787059363,stress,27.59,28.04,0.9839514978601998,2.2,,0.42
2022-02-28 14:30:00,0.013598610884489,0.005985856644559504,0.007763052440503775,stress,30.15,29.65,1.0168634064080944,2.34,,0.39
2022-03-01 05:00:00,-0.0097064658871512,-2.9788518898846844e-05,0.0021828907403335183,stress,33.32,32.59,1.0223995090518563,2.25,,0.41
2022-03-01 14:30:00,-0.0079749651655839,0.00047594740574596374,0.0020167855511576595,stress,33.32,32.59,1.0223995090518563,2.25,,0.41
2022-03-02 14:30:00,0.0092088922203612,0.010609425058582733,0.007015931647297059,stress,30.74,30.97,0.9925734581853406,2.24,,0.36
2022-03-03 14:30:00,0.0154948585295463,0.016230873927888124,0.01613612448077832,stress,30.48,30.8,0.9896103896103896,2.24,,0.33
2022-03-04 14:30:00,-0.0071134374740748,-0.009159126561681798,-0.008514772625749113,stress,31.98,32.34,0.9888682745825602,2.31,,0.24
2022-03-07 14:30:00,0.00901646575514,0.012944211241816966,0.011861167176643584,stress,36.45,35.74,1.0198656966983772,2.32,,0.23
2022-03-08 14:30:00,0.0388682563802281,0.03562345439191837,0.03225315301324802,stress,35.13,35.0,1.0037142857142858,2.35,,0.23
2022-03-09 14:30:00,-0.010741645954747,-0.012268612449567935,-0.010521043383919043,stress,32.45,33.06,0.9815486993345433,2.32,,0.26
2022-03-10 14:30:00,0.0110638388724094,0.0038132071471920414,0.002499542393665309,stress,30.23,31.52,0.9590736040609137,2.38,,0.26
2022-03-11 14:30:00,0.014564025022091,0.018052246433146985,0.01720755275219724,stress,30.75,32.34,0.9508348794063078,2.35,,0.25
2022-03-14 13:30:00,0.014279250395148,0.016183208455980418,0.01850665795868607,stress,31.77,33.32,0.9534813925570228,2.33,,0.27
2022-03-15 13:30:00,-0.0232954594428342,-0.028591198209561,-0.02277501453548556,stress,29.83,31.96,0.9333541927409261,2.36,,0.3
2022-03-16 13:30:00,-0.0091592509494452,-0.0007514633711142079,-0.007954021392157794,stress,26.67,28.96,0.9209254143646409,2.23,,0.24
2022-03-17 13:30:00,-0.0018193519482786,0.0013332008040711253,-0.0009207234399416101,stress,25.67,28.22,0.9096385542168676,2.17,,0.26
2022-03-18 13:30:00,-0.0043550441449142,-0.00018353869373889144,0.0007099278178159044,stress,23.87,26.55,0.8990583804143126,2.14,,0.17
2022-03-21 13:30:00,-0.0004977187223341,0.004248432491576264,0.007625255222113981,stress,23.53,26.38,0.8919636087945414,2.07,,0.18
2022-03-22 13:30:00,-0.0013577055290294,-0.0008821094359669948,0.0015063082675174809,stress,22.94,25.85,0.8874274661508704,2.05,,0.2
2022-03-23 13:30:00,-0.008166979560895,-0.0060416830164208325,-0.004073969159459581,stress,23.57,26.41,0.8924649753881105,2.03,,0.19
2022-03-24 13:30:00,-0.001214628006091,-0.0013959346532391554,0.0014944077668642486,stress,21.67,25.3,0.8565217391304348,2.01,,0.21
2022-03-25 13:30:00,0.0140734730505416,0.01861781125427739,0.016925196426127952,stress,20.81,24.72,0.8418284789644013,1.96,,0.18
2022-03-28 13:30:00,-0.0019542586314751,0.0012984975862313387,0.004836752490575432,normal,19.63,24.18,0.8118279569892473,1.94,,0.11
2022-03-29 13:30:00,-0.0071067997053261,-0.0035962094760072613,-0.01268283002636816,normal,18.9,23.19,0.8150064683053039,1.91,,0.06
2022-03-30 13:30:00,-0.0060643580588288,-0.006466886067562419,-0.0017879491461526746,normal,19.33,23.57,0.8201103097157403,1.93,,0.04
2022-03-31 13:30:00,0.0005842919581883,0.0012731342914582642,-0.0008802260662058418,stress,20.56,24.46,0.8405560098119378,1.93,,0.04
2022-04-01 13:30:00,0.0008963063563559,0.010732231471310829,0.006116163797436196,normal,19.63,24.21,0.8108219743907475,1.81,,-0.05
2022-04-04 13:30:00,-0.0143318625777914,-0.015786182891337253,-0.010634035988200207,normal,18.57,23.03,0.8063395570994355,1.81,,-0.01
2022-04-05 13:30:00,0.0017238996454093,0.0040595235063402004,0.0057728165247665835,stress,21.03,24.9,0.8445783132530121,1.77,,0.03
2022-04-06 13:30:00,0.007715498133967,0.006323447018805724,0.0041220673141467,stress,22.1,25.8,0.8565891472868218,1.77,,0.11
2022-04-07 13:30:00,0.0108879263050901,0.008090876614258665,0.011339942130077354,stress,21.55,25.23,0.8541418945699564,1.78,,0.19
2022-04-08 13:30:00,0.0150238723674243,0.014925965698093964,0.012695484700521778,stress,21.16,25.17,0.8406833531982518,1.78,,0.19
2022-04-11 13:30:00,0.0003549806138296,-0.004454868409412574,-0.011596088926863458,stress,24.37,27.0,0.9025925925925926,1.82,,0.29
2022-04-12 13:30:00,0.0008833201442433,-0.005705598665322479,-0.0061705456432982735,stress,24.26,27.17,0.8928965771071035,1.92,,0.33
2022-04-13 13:30:00,-0.0098524796412172,-0.01174185449471938,-0.014112367593597248,stress,21.82,25.54,0.8543461237274863,1.94,,0.33
2022-04-14 13:30:00,0.0118525772020871,0.01173381633473523,0.007218188003829287,stress,22.7,26.03,0.8720706876680753,1.93,,0.36
2022-04-18 13:30:00,0.017123761592487,,,stress,22.17,25.75,0.8609708737864078,1.94,,0.39
2022-04-19 13:30:00,0.0046673948238471,0.007575422963137063,0.004719681197920212,stress,21.37,25.06,0.8527533918595372,1.91,,0.32
2022-04-20 13:30:00,0.030470460832168,0.03170946201302881,0.024438545121250963,stress,20.32,24.15,0.8414078674948241,1.91,,0.25
2022-04-21 13:30:00,-0.0207997335508199,-0.021107765486572706,-0.01914921642390242,stress,22.68,26.11,0.868632707774799,1.93,,0.22
2022-04-22 13:30:00,-0.0081089901357442,-0.006532415904121701,-0.0032168883167214167,stress,28.21,29.87,0.9444258453297623,1.96,,0.18
2022-04-25 13:30:00,-0.0062638597342726,-0.010542474374718974,-0.007803401551190801,stress,27.02,29.07,0.9294805641554867,2.03,,0.18
2022-04-26 13:30:00,0.0035657629036737,0.007078341316808614,0.005087963588926459,stress,33.52,33.14,1.011466505733253,2.06,,0.23
2022-04-27 13:30:00,0.0083631918531626,0.00728653292193959,0.008375937948050893,stress,31.6,32.2,0.9813664596273292,2.05,,0.24
2022-04-28 13:30:00,-0.0104965404495755,-0.012234793189589869,-0.002819017594875843,stress,29.99,31.15,0.962760834670947,2.06,,0.22
2022-04-29 13:30:00,0.0156546923113804,0.019016315470042643,0.011068537417333057,stress,33.4,33.18,1.0066305003013862,2.05,,0.19
2022-05-02 13:30:00,-0.0052004879236456,-0.007639732521164174,-0.005007397126450977,stress,32.34,33.01,0.979703120266586,2.08,,0.26
2022-05-03 13:30:00,0.0140861983242649,0.013477445203899749,0.00570008787396468,stress,29.25,30.81,0.949367088607595,2.05,,0.19
2022-05-04 13:30:00,-0.0002164408343301,-0.004122851583773731,-0.0024761401317336218,stress,25.42,28.09,0.9049483802064793,2.08,,0.27
2022-05-05 13:30:00,0.0164400714721981,0.019739136938916334,0.016811634684471714,stress,31.2,32.68,0.9547123623011016,2.1,,0.34
2022-05-06 13:30:00,0.0069755071499533,0.00694302223740602,0.01280905458141847,stress,30.19,32.31,0.9343856391210151,2.09,,0.4
2022-05-09 13:30:00,-0.0321041208822619,-0.03421158782533528,-0.031862891460926905,stress,34.75,35.05,0.9914407988587732,2.17,,0.44
2022-05-10 13:30:00,-0.0075518278450008,-0.008552997931757147,-0.0008470568665440402,stress,32.99,33.97,0.9711510156020019,2.16,,0.37
2022-05-11 13:30:00,3.699163565985125e-05,-0.0003400026194260867,-0.0003239722484916349,stress,32.56,33.63,0.968183169788879,2.17,,0.25
2022-05-12 13:30:00,-0.0031314308562316,-0.004333908379554215,-0.01801668164856568,stress,31.77,33.08,0.9603990326481258,2.2,,0.28
2022-05-13 13:30:00,0.0064740512304761,0.004466494552337261,0.00104015136177731,stress,28.87,30.7,0.9403908794788274,2.24,,0.32
2022-05-16 13:30:00,0.0031002920469204,0.0007428022069542431,-0.000675921689291749,stress,27.47,29.51,0.930870891223314,2.29,,0.3
2022-05-17 13:30:00,0.0035465100925644,0.0035721582371422084,-0.000631843512546507,stress,26.1,28.37,0.9199859005992246,2.27,,0.27
2022-05-18 13:30:00,-0.0005168051447415,-0.0013989628780955359,-0.002229059466911055,stress,30.96,32.8,0.9439024390243903,2.31,,0.21
2022-05-19 13:30:00,0.0219486804575562,0.019398143948659963,0.01083734140217034,stress,29.35,30.79,0.9532315686911336,2.37,,0.21
2022-05-20 13:30:00,-0.0168666320504038,-0.016952418554826373,-0.015485429652652403,stress,29.43,31.14,0.9450867052023121,2.36,,0.18
2022-05-23 13:30:00,0.0124817817875429,0.012831949649324827,0.020934287563239555,stress,28.48,30.29,0.9402443050511721,2.33,,0.21
2022-05-24 13:30:00,-0.0100943671090523,-0.009800714653524948,-0.01280577585028152,stress,29.45,30.74,0.9580351333767079,2.34,,0.26
2022-05-25 13:30:00,0.0102341574117567,0.009397471406710265,0.00036441721540891175,stress,28.37,29.73,0.9542549613185335,2.29,,0.27
2022-05-26 13:30:00,-0.0027888804262428,-0.004074103413504599,-0.008786527068220699,stress,27.5,29.28,0.9392076502732241,2.25,,0.29
2022-05-27 13:30:00,0.0036457871204089,0.0036387057083982315,0.004660016552760535,stress,25.72,28.02,0.9179157744468237,2.26,,0.27
2022-05-31 13:30:00,-0.0095657492391223,,,stress,26.19,27.99,0.9356913183279744,2.18,,0.32
2022-06-01 04:00:00,0.0255619361932814,0.024081664152584892,0.02828317861900239,stress,25.69,27.72,0.9267676767676769,2.08,,0.28
2022-06-01 13:30:00,-0.0182762667756063,-0.02177912945503004,-0.018152257920771315,stress,25.69,27.72,0.9267676767676769,2.08,,0.28
2022-06-02 13:30:00,0.0111560279260655,0.011761570171825194,0.01504483404268425,stress,24.72,27.06,0.9135254988913526,2.1,,0.27
2022-06-03 13:30:00,0.0192131586749717,0.018522049058589403,0.009479456949166262,stress,24.79,27.33,0.907061836809367,2.09,,0.3
2022-06-06 13:30:00,0.014230052587573,0.01364194092206524,0.012943063463255983,stress,25.07,27.22,0.9210139603232917,2.08,,0.31
2022-06-07 13:30:00,0.0223370564396781,0.0234233422172035,0.02255901096920715,stress,24.02,26.52,0.9057315233785822,2.07,,0.23
2022-06-08 13:30:00,-0.0090848352457297,-0.009207188990462243,-0.002795558627865625,stress,23.96,26.54,0.9027882441597589,2.07,,0.25
2022-06-09 13:30:00,0.0047723543304529,0.006180320468386443,0.00743055599903532,stress,26.09,28.01,0.9314530524812566,2.07,,0.21
2022-06-10 13:30:00,-0.0191245644274882,-0.018689877710240995,-0.019599336772638955,stress,27.75,29.72,0.9337146702557201,2.04,,0.09
2022-06-13 13:30:00,-0.0075932369309527,-0.004228540997181757,0.00833207675341022,stress,34.02,34.24,0.9935747663551402,1.98,,0.03
2022-06-14 13:30:00,-0.0115181835968229,-0.012522991458207514,-0.009688677502985644,stress,32.69,33.28,0.9822716346153845,1.99,,0.04
2022-06-15 13:30:00,7.968582346730077e-05,0.0008286771091929859,0.0074578483597858795,stress,29.62,30.78,0.9623131903833658,2.1,,0.13
2022-06-16 13:30:00,-0.0312060183297356,-0.027120532119532706,-0.018766068346560326,stress,32.95,33.49,0.9838757838160646,2.13,,0.14
2022-06-17 13:30:00,-0.0057554220668301,-0.006152413234221726,-0.008397958672604308,stress,31.13,32.36,0.9619901112484549,2.13,,0.08
2022-06-21 13:30:00,0.0090357958284682,,,stress,30.19,31.25,0.96608,2.13,,0.1
2022-06-22 13:30:00,-0.0055936008145424,-0.004469505140088522,-0.007710679763281264,stress,28.95,30.24,0.9573412698412699,2.17,,0.1
2022-06-23 13:30:00,0.0027957390814527,0.005397450214516122,0.008176183886453407,stress,29.05,30.19,0.9622391520370983,2.2,,0.08
2022-06-24 13:30:00,0.0084206511060367,0.007483791794375806,0.005015367584804876,stress,27.23,28.95,0.940587219343696,2.22,,0.09
2022-06-27 13:30:00,0.0102096022313453,0.007282779743703435,-0.00149814993302143,stress,26.95,28.18,0.9563520227111426,2.19,,0.12
2022-06-28 13:30:00,-0.0127585224462441,-0.0087122153486918,-0.017079995173645324,stress,28.36,29.15,0.9728987993138937,2.22,,0.1
2022-06-29 13:30:00,-0.0227543869723019,-0.019706127532020678,-0.007296517984244681,stress,28.16,29.0,0.9710344827586207,2.24,,0.04
2022-06-30 13:30:00,0.0113767908928411,0.017397597007189756,0.014803910478329544,stress,28.71,29.71,0.9663412992258499,2.31,,0.06
2022-07-01 13:30:00,-0.0002173064123527,0.0072144652693455465,0.002963046763356758,stress,26.7,28.52,0.9361851332398317,2.42,,0.04
2022-07-05 13:30:00,-0.012856647491869,,,stress,27.54,28.9,0.9529411764705883,2.41,,0.0
2022-07-06 13:30:00,-0.0057284854994529,-0.006644917462986943,0.0023169569519193344,stress,26.73,28.39,0.9415287072912998,2.39,,-0.04
2022-07-07 13:30:00,0.0221118972514563,0.016548600079179243,0.012396109568476397,stress,26.08,28.03,0.9304316803424901,2.33,,-0.02
2022-07-08 13:30:00,-0.0063586086474969,-0.009269987612087433,-0.00577200999763143,stress,24.64,27.3,0.9025641025641026,2.31,,-0.03
2022-07-11 13:30:00,0.0018574993105085,0.006545166947343222,0.008973917718926337,stress,26.17,28.25,0.9263716814159293,2.32,,-0.08
2022-07-12 13:30:00,0.0006830367930095,0.0008763753678538218,-0.008341340657124142,stress,27.29,28.82,0.9469118667591949,2.31,,-0.07
2022-07-13 13:30:00,0.0031901108779026,0.008781406713774104,0.008116265324484964,stress,26.82,28.56,0.939075630252101,2.32,,-0.22
2022-07-14 13:30:00,0.00035649798032,-0.0017670399824285484,0.010494989991665975,stress,26.4,28.61,0.9227542817196784,2.31,,-0.19
2022-07-15 13:30:00,-0.0012547899997271,-0.004465137043352209,-0.005880903197745943,stress,24.23,27.08,0.8947562776957164,2.3,,-0.2
2022-07-18 13:30:00,0.0044943152634093,0.0038126374704432384,-0.003750614892678559,stress,25.3,27.82,0.9094176851186198,2.28,,-0.19
2022-07-19 13:30:00,0.0238964164732386,0.022880697768091644,0.016191479495776245,stress,24.5,27.31,0.8971072867081655,2.26,,-0.22
2022-07-20 13:30:00,0.0069301926048492,0.0013892237471450127,-0.0049926400636278075,stress,23.88,26.7,0.8943820224719101,2.2,,-0.21
2022-07-21 13:30:00,0.000612087186455,0.001229455304731813,0.006589028027262038,stress,23.11,26.22,0.8813882532418001,2.23,,-0.19
2022-07-22 13:30:00,-0.0061062500793527,-0.00186993963236876,-0.0015564409668898504,stress,23.03,25.97,0.8867924528301888,2.28,,-0.21
2022-07-25 13:30:00,0.0051587226594085,0.007202250545039759,0.0028564573877916228,stress,23.36,25.8,0.9054263565891473,2.31,,-0.19
2022-07-26 13:30:00,0.0144908453695063,0.01547348145246577,0.008007350460809259,stress,24.69,26.42,0.9345193035579107,2.29,,-0.21
2022-07-27 13:30:00,-0.0068467800307978,-0.009354328229377918,-0.0011908610233952142,stress,23.24,25.31,0.9182141446068748,2.3,,-0.18
2022-07-28 13:30:00,0.0339884908566627,0.041039873664402364,0.03641274575238128,stress,22.33,24.33,0.917796958487464,2.42,,-0.17
2022-07-29 13:30:00,-0.0068387092757959,-0.00838554647709106,0.003118476911331493,stress,21.33,23.79,0.8965952080706179,2.36,,-0.22
2022-08-01 13:30:00,-0.008705077603815,-0.002306659103268386,-0.005501754410182772,stress,22.84,24.86,0.918744971842317,2.38,,-0.3
2022-08-02 13:30:00,-0.0027516731704599,-0.002153164061973482,-0.006433932953427792,stress,23.93,25.66,0.9325798908807482,2.29,,-0.31
2022-08-03 13:30:00,-0.0076670114450265,-0.011143275183434095,-0.006047190472475452,stress,21.95,24.37,0.9006975789905621,2.29,,-0.37
2022-08-04 13:30:00,-0.009295262253885,-0.010744686956380374,-0.008304646339126791,stress,21.44,24.32,0.8815789473684211,2.32,,-0.35
2022-08-05 13:30:00,-0.0003054834206193,0.0010271672141643953,-0.008572450202584717,stress,21.15,24.18,0.8746898263027295,2.29,,-0.41
2022-08-08 13:30:00,0.0011330194495129,0.0021946665871560665,-0.009702479594905037,stress,21.29,24.48,0.86968954248366,2.26,,-0.44
2022-08-09 13:30:00,-0.0087937007053449,-0.006421958129517678,0.0037097185054248832,stress,21.77,24.69,0.8817334953422438,2.26,,-0.48
2022-08-10 13:30:00,0.0122149835968389,0.007880171953776346,0.000889787148383659,normal,19.74,23.46,0.8414322250639386,2.29,,-0.45
2022-08-11 13:30:00,0.0084616076710214,0.005237633061427319,-0.001750094320728356,stress,20.2,23.71,0.8519611978068325,2.29,,-0.36
2022-08-12 13:30:00,0.0047673132325065,0.00591367150355752,0.0036321447555827877,normal,19.53,23.31,0.8378378378378379,2.27,,-0.41
2022-08-15 13:30:00,-0.0067334514713076,-0.005859983613531329,-0.0047603603483913105,normal,19.95,23.32,0.8554888507718696,2.27,,-0.41
2022-08-16 13:30:00,-0.0023899634849993,-0.0018981721876595936,8.327974066619495e-05,normal,19.69,23.32,0.8443396226415095,2.27,,-0.43
2022-08-17 13:30:00,0.0017980005791985,-0.0005080240352905324,0.010160396364926765,normal,19.9,23.6,0.8432203389830507,2.24,,-0.39
2022-08-18 13:30:00,0.0052144874477008,0.0023774333062649765,-0.0008265635314657323,normal,19.56,23.39,0.8362548097477553,2.24,,-0.34
2022-08-19 13:30:00,-0.0135957444446756,-0.015184383550076517,-0.009119372141838424,stress,20.6,24.32,0.8470394736842106,2.25,,-0.27
2022-08-22 13:30:00,-0.0060489696706029,0.000662372852597768,-0.0015771021460991332,stress,23.8,26.0,0.9153846153846155,2.24,,-0.29
2022-08-23 13:30:00,0.0020641993038993,0.0006741616351517827,-0.002896275556345645,stress,24.11,25.92,0.9301697530864197,2.24,,-0.24
2022-08-24 13:30:00,0.0146291827623481,0.01223629504423316,0.007855070001140677,stress,22.82,24.89,0.9168340699075934,2.23,,-0.25
2022-08-25 13:30:00,0.0098528755902928,0.009945202832102753,0.008454842417819927,stress,21.78,24.13,0.9026108578532948,2.21,,-0.32
2022-08-26 13:30:00,-0.009531801440539,-0.0018624552915616974,-0.005711434822083193,stress,25.56,26.56,0.9623493975903614,2.19,,-0.33
2022-08-29 13:30:00,-0.0006087854092156,-0.0001886819096460629,0.0007615153882721968,stress,26.21,26.82,0.9772557792692022,2.19,,-0.3
2022-08-30 13:30:00,-0.0055321172248125,-0.004333184088726347,-0.002263391597693513,stress,26.21,26.91,0.9739873652917131,2.17,,-0.35
2022-08-31 13:30:00,0.0101482268650457,0.008119875579360208,0.0063557862949952006,stress,25.87,26.65,0.9707317073170733,2.18,,-0.3
2022-09-01 04:00:00,0.1122239730021776,0.11080340069241928,0.1227662592808445,stress,25.56,26.43,0.9670828603859251,2.22,,-0.25
2022-09-01 13:30:00,-0.0376165637012786,-0.043364338206086164,-0.04396361920165641,stress,25.56,26.43,0.9670828603859251,2.22,,-0.25
2022-09-02 13:30:00,0.0062918930980058,0.002327075925993914,-0.0026704108508991417,stress,25.47,26.48,0.961858006042296,2.24,,-0.2
2022-09-06 13:30:00,-0.0039704287660259,,,stress,26.91,27.59,0.975353388909025,2.27,,-0.17
2022-09-07 13:30:00,0.0054376588230224,0.001725318704064692,-0.00702549103388919,stress,24.64,26.1,0.9440613026819923,2.24,,-0.18
2022-09-08 13:30:00,0.0164101690214121,0.014694027329502415,0.010284675745937999,stress,23.61,25.52,0.9251567398119123,2.25,,-0.19
2022-09-09 13:30:00,0.0028879587267622,0.003710597979794697,0.005760471355283837,stress,22.79,25.14,0.9065234685759744,2.2,,-0.23
2022-09-12 13:30:00,0.0040793801170732,0.005771292398076064,0.008451586101209885,stress,23.87,25.37,0.9408750492707922,2.2,,-0.21
2022-09-13 13:30:00,-0.0129908740690045,0.005265699007563053,0.002569453955191956,stress,27.27,27.95,0.9756708407871199,2.18,,-0.33
2022-09-14 13:30:00,0.0053461471511663,0.0072646120424915235,0.010471238714558444,stress,26.16,27.46,0.9526584122359796,2.15,,-0.37
2022-09-15 13:30:00,-0.0052775023864501,-3.3694597161668983e-05,-0.004266981646090264,stress,26.27,27.6,0.9518115942028985,2.12,,-0.42
2022-09-16 13:30:00,-0.0087141548349938,-0.012598981771860987,-0.009128815816880688,stress,26.3,27.63,0.9518639160332972,2.18,,-0.4
2022-09-19 13:30:00,0.0145036186629256,0.018820572630199213,0.018385981451420997,stress,25.76,27.01,0.953720844131803,2.15,,-0.46
2022-09-20 13:30:00,-0.0119081519118564,-0.013132141701674916,-0.006214670049491781,stress,27.16,27.88,0.9741750358680058,2.13,,-0.39
2022-09-21 13:30:00,-0.0075709316588481,0.002280834015390935,0.002736558103732704,stress,27.99,28.76,0.9732267037552155,2.12,,-0.51
2022-09-22 13:30:00,-0.0098030066636367,-0.015910428551486777,-0.009773787412034907,stress,27.35,28.22,0.9691708008504607,2.08,,-0.41
2022-09-23 13:30:00,-0.0230090379137768,-0.013909555025796033,-0.009762654109609413,stress,29.92,30.32,0.9868073878627969,2.09,,-0.51
2022-09-26 13:30:00,-0.0185524192383712,-0.013210958565567126,-0.00796694750142474,stress,32.26,31.77,1.015423355366698,2.01,,-0.39
2022-09-27 13:30:00,-0.0109553018129737,-0.01745851277493375,-0.016254035679415118,stress,32.6,32.12,1.0149439601494397,2.08,,-0.33
2022-09-28 13:30:00,0.015253631087467,-0.004153864843754776,-0.005504097166446157,stress,30.18,30.58,0.9869195552648791,2.25,,-0.35
2022-09-29 13:30:00,-0.0065214565615696,-0.0005805181812821121,-0.0011964106348832746,stress,31.84,31.74,1.0031505986137366,2.27,,-0.4
2022-09-30 13:30:00,-0.0017893661190234,-0.0007327853038912424,-0.008519076382116476,stress,31.62,31.86,0.992467043314501,2.24,,-0.39
2022-10-03 13:30:00,0.0185794972145565,0.010981792973392662,0.009567839977644791,stress,30.1,30.69,0.9807754969045291,2.29,,-0.45
2022-10-04 13:30:00,0.0354304448267769,0.03332302448758585,0.028823857699057154,stress,29.07,29.67,0.9797775530839231,2.27,,-0.48
2022-10-05 13:30:00,-0.000628085118806,-0.0009833433641115953,-0.003075676044265524,stress,28.55,29.43,0.9700985389058784,2.22,,-0.39
2022-10-06 13:30:00,-0.0089986228200244,0.002904942969710854,0.005333098488730776,stress,30.52,30.79,0.9912309191295875,2.16,,-0.4
2022-10-07 13:30:00,-0.0161151993647519,-0.013083033480784595,-0.02045781872177669,stress,31.36,32.1,0.9769470404984423,2.17,,-0.41
2022-10-10 13:30:00,-9.265881443752676e-05,,,stress,32.45,32.73,0.991445157347999,,,
2022-10-11 13:30:00,0.0089965182785309,,,stress,33.63,33.36,1.0080935251798562,2.23,,-0.37
2022-10-12 13:30:00,-0.0125214168725217,-0.015134616301653598,-0.010823862782463835,stress,33.57,33.13,1.0132810141865378,2.27,,-0.37
2022-10-13 13:30:00,0.0092499726103392,0.0030268472515369866,0.008381400996145972,stress,31.94,31.8,1.0044025157232706,2.28,,-0.5
2022-10-14 13:30:00,-0.0184879459199898,-0.018366507110725395,-0.020794345315810862,stress,32.02,32.45,0.986748844375963,2.28,,-0.48
2022-10-17 13:30:00,0.0217874091359207,0.01848479626977694,0.026626163714960384,stress,31.37,31.74,0.9883427851291746,2.28,,-0.43
2022-10-18 13:30:00,0.0184821611668731,0.014347834326873372,0.009493453063817258,stress,30.5,30.98,0.9845061329890251,2.28,,-0.42
2022-10-19 13:30:00,-0.0086875646150156,-0.0057110767343380945,-0.0017308523603108122,stress,30.76,31.35,0.9811802232854865,2.25,,-0.41
2022-10-20 13:30:00,-0.0199711946897936,-0.023944953415134827,-0.022043868942246886,stress,29.98,30.81,0.973060694579682,2.24,,-0.38
2022-10-21 13:30:00,0.0087053325088339,0.001405289636297712,0.0037618979018291965,stress,29.69,30.47,0.9744010502133247,2.36,,-0.28
2022-10-24 13:30:00,0.0057801313406905,0.006962219317442344,0.006886865007113029,stress,29.85,30.33,0.9841740850642929,2.34,,-0.25
2022-10-25 13:30:00,0.0198589278495171,0.01246057260226104,0.011082158866029649,stress,28.46,29.29,0.9716626835097304,2.37,,-0.32
2022-10-26 13:30:00,0.0049157500262365,0.0004369720219090543,-0.009402594425336305,stress,27.28,28.46,0.9585382993675334,2.33,,-0.35
2022-10-27 13:30:00,0.0136758228761885,0.013934160667635129,0.010234018162459328,stress,27.39,28.28,0.9685289957567185,2.34,,-0.34
2022-10-28 13:30:00,0.0096829199244136,0.002134240590252386,0.004640732643158641,stress,25.75,26.9,0.9572490706319703,2.3,,-0.39
2022-10-31 13:30:00,0.0075105129528837,0.00910780947992476,0.007652225971182809,stress,25.88,26.92,0.9613670133729568,2.28,,-0.41
2022-11-01 13:30:00,0.0080288559004174,0.010096705619198662,0.005889432161930571,stress,25.81,26.69,0.967028849756463,2.22,,-0.47
2022-11-02 13:30:00,0.0026602841392451,0.004271767094797768,0.0035154169072321717,stress,25.86,27.22,0.9500367376928729,2.18,,-0.51
2022-11-03 13:30:00,0.0423171180061888,0.0385121962617775,0.035686371248599885,stress,25.3,26.7,0.9475655430711611,2.19,,-0.57
2022-11-04 13:30:00,0.001576334698182,-0.0026043815046183634,-0.005048257238132608,stress,24.55,26.39,0.9302766199317923,2.22,,-0.49
2022-11-07 14:30:00,0.0120922227019128,0.010680560762512736,0.011690874477658198,stress,24.35,26.26,0.9272658035034272,2.22,,-0.5
2022-11-08 14:30:00,0.0010924758220218,0.007044649606292955,0.006283495499029335,stress,25.54,27.1,0.9424354243542434,2.23,,-0.53
2022-11-09 14:30:00,-0.0101840152318532,-0.010148320981377234,-0.013834183111425959,stress,26.09,27.91,0.9347903977069151,2.33,,-0.49
2022-11-10 14:30:00,0.0003314326922955,-0.01680005126596773,-0.014701204324143307,stress,23.53,26.18,0.89877769289534,2.36,,-0.52
2022-11-11 14:30:00,-0.0213506862072711,,,stress,22.52,25.74,0.874902874902875,,,
2022-11-14 14:30:00,-0.0161250973743612,,,stress,23.73,26.13,0.9081515499425947,2.27,,-0.52
2022-11-15 14:30:00,-0.0043294464443695,0.00042706398488212994,0.001518920034195734,stress,24.54,26.59,0.9229033471229785,2.23,,-0.57
2022-11-16 14:30:00,0.0105396182078729,0.005701614245078413,0.007909098222102624,stress,24.11,26.03,0.9262389550518632,2.24,,-0.68
2022-11-17 14:30:00,0.0044235242179338,0.005477604879862038,0.005785762072445544,stress,23.93,25.83,0.9264421215640728,2.18,,-0.66
2022-11-18 14:30:00,0.0080943423377256,0.0041549880588845935,0.0013536466960182656,stress,23.12,25.33,0.9127516778523491,2.13,,-0.69
2022-11-21 14:30:00,0.0014600758169117,-0.00130020430459342,-0.006071947460716173,stress,22.36,24.72,0.9045307443365695,2.08,,-0.65
2022-11-22 14:30:00,0.0034458178545625,-0.0042345776130592915,-0.004658845379578789,stress,21.29,23.83,0.8934116659672682,2.07,,-0.71
2022-11-23 14:30:00,-0.0028008839873725,-0.008116757539374181,-0.007309400362748804,stress,20.35,23.38,0.8704020530367836,2.02,,-0.75
2022-11-25 14:30:00,0.0087876586361495,,,stress,20.5,23.59,0.8690122933446376,2.06,,-0.74
2022-11-28 14:30:00,-0.0146946750795958,-0.00612920397197916,-0.00324681061127248,stress,22.21,24.9,0.8919678714859438,2.05,,-0.77
2022-11-29 14:30:00,0.0144107184771371,0.014065735680429133,0.009060253045134973,stress,21.89,24.65,0.8880324543610548,2.06,,-0.73
2022-11-30 14:30:00,-0.013414280773151,-0.02090729516901982,-0.01370289736839976,stress,20.58,23.53,0.8746281342966424,2.15,,-0.7
2022-12-01 05:00:00,0.0252032143900675,0.019381754497093062,0.018504666449290188,normal,19.84,23.31,0.8511368511368512,2.09,,-0.72
2022-12-01 14:30:00,-0.0084196914810517,-0.015437437899291539,-0.017020589979430782,normal,19.84,23.31,0.8511368511368512,2.09,,-0.72
2022-12-02 14:30:00,-0.0004573146653017,-0.008386753923345015,-0.009782351643577129,normal,19.06,22.96,0.8301393728222995,2.03,,-0.77
2022-12-05 14:30:00,-0.0116904938253131,-0.0034523870775621853,0.0006521012964285193,stress,20.75,23.89,0.8685642528254499,1.99,,-0.81
2022-12-06 14:30:00,-0.0046876307276138,0.003329145379375319,-0.0001947411470350482,stress,22.17,24.72,0.8968446601941749,1.97,,-0.83
2022-12-07 14:30:00,-0.0011703859431961,0.0014845661614895907,0.0016369658027659301,stress,22.68,25.18,0.9007148530579825,1.95,,-0.84
2022-12-08 14:30:00,0.0002957906051738,-0.002445881945551502,-0.0008845301438794536,stress,22.29,24.73,0.9013344116457743,1.91,,-0.83
2022-12-09 14:30:00,0.0027994712361518,0.009385702609448189,0.008837227446273323,stress,22.83,25.21,0.9055930186433954,1.9,,-0.76
2022-12-12 14:30:00,-0.0030730192126283,0.009925303747925104,0.009370721966171915,stress,25.0,25.67,0.9738994935722632,1.88,,-0.78
2022-12-13 14:30:00,0.0078253502844757,-0.004100477155171197,-0.0038104027298005733,stress,22.55,24.29,0.9283655825442569,1.91,,-0.71
2022-12-14 14:30:00,-0.0026096286359712,-0.011847586855859129,-0.011095579203051507,stress,21.14,23.46,0.9011082693947144,1.95,,-0.74
2022-12-15 14:30:00,-0.0141991733278647,-0.006688872403024669,-0.008998971514882236,stress,22.83,25.08,0.9102870813397129,1.97,,-0.79
2022-12-16 14:30:00,0.0043890709742386,0.006814973724165462,0.004835590940599862,stress,22.62,25.15,0.8994035785288271,1.98,,-0.69
2022-12-19 14:30:00,0.0029357623226248,0.002250654499324061,0.002835940372924933,stress,22.42,25.08,0.893939393939394,1.98,,-0.68
2022-12-20 14:30:00,0.0031460103565687,0.002663960775374559,0.0010431664207264679,stress,21.48,24.4,0.8803278688524591,1.99,,-0.56
2022-12-21 14:30:00,0.0025661435462528,-0.003616610127281354,-0.004598113112020006,stress,20.07,23.35,0.8595289079229121,2.01,,-0.53
2022-12-22 14:30:00,-0.0091029801987833,-0.0010609833441319449,-0.0047172699246812114,stress,21.97,24.78,0.8866020984665052,1.99,,-0.57
2022-12-23 14:30:00,0.0023874397322478,-0.002786377456724437,-0.003184012894752414,stress,20.87,24.13,0.8648984666390386,2.0,,-0.56
2022-12-27 14:30:00,-0.0034348863069378,0.0034216530584954765,-0.001678952831883723,stress,21.65,24.43,0.8862054850593533,2.02,,-0.48
2022-12-28 14:30:00,-0.0009064643202824,0.0025046781637999838,0.005091912041154164,stress,22.14,24.58,0.90073230268511,2.01,,-0.43
2022-12-29 14:30:00,0.0033056089419514,-0.0013965584853420309,-0.0023483482241712385,stress,21.44,23.95,0.8951983298538623,2.01,,-0.51
2022-12-30 14:30:00,-0.0066004786671873,-0.006360199051947275,-0.004661652369197638,stress,21.67,24.29,0.8921366817620421,1.99,,-0.53
2023-01-03 14:30:00,-0.0149684553547494,-0.009690572201951554,-0.012643734068996743,stress,22.9,24.58,0.9316517493897478,2.03,,-0.61
2023-01-04 14:30:00,-0.0025966623778925,-0.005913577152513059,-0.015028032653023946,stress,22.01,23.81,0.9244015119697607,2.07,,-0.67
2023-01-05 14:30:00,0.0008599521039572,0.0010575887633795195,0.0007786831861934546,stress,22.46,24.07,0.933111757374325,2.03,,-0.74
2023-01-06 14:30:00,0.0012082739974901,-0.0029834634743080967,-0.0040821319121053905,stress,21.13,23.18,0.9115616911130284,2.07,,-0.69
2023-01-09 14:30:00,-0.0072875688525957,-0.0049096344357563194,-0.006542945232229222,stress,21.97,23.74,0.9254422914911542,2.02,,-0.66
2023-01-10 14:30:00,-0.0023016274387618,-0.008101378641447408,-0.010401707433385279,stress,20.58,22.74,0.9050131926121372,2.02,,-0.63
2023-01-11 14:30:00,0.0071576911836165,0.008261064158883304,0.009015858875762839,stress,21.09,22.74,0.9274406332453826,1.99,,-0.66
2023-01-12 14:30:00,0.0214341177940559,0.01158694925994505,0.012421254423726734,normal,18.83,21.58,0.8725671918443003,1.97,,-0.69
2023-01-13 14:30:00,-0.0021886262124193,-0.005478306548857545,-0.003719089288568644,normal,18.35,21.14,0.8680227057710502,1.95,,-0.73
2023-01-17 14:30:00,-0.0074685259771319,,,normal,19.36,21.45,0.9025641025641026,1.91,,-0.65
2023-01-18 14:30:00,-0.0114684403848863,-0.0059737008130860535,-0.005917447386581339,stress,20.34,22.27,0.9133363268971711,1.96,,-0.69
2023-01-19 14:30:00,-0.007407405467289,-0.0049864578255115555,-0.002020432295468653,stress,20.52,22.45,0.9140311804008909,1.99,,-0.7
2023-01-20 14:30:00,0.0134756352359447,0.010425223803859344,0.011279440259776785,normal,19.85,21.72,0.9139042357274403,1.98,,-0.66
2023-01-23 14:30:00,0.0210265853724923,0.01938661808041095,0.018870743696185542,normal,19.81,21.6,0.9171296296296295,1.96,,-0.69
2023-01-24 14:30:00,0.0122836154021673,0.008262729798540407,0.009175966479034339,normal,19.2,20.91,0.9182209469153515,1.94,,-0.66
2023-01-25 14:30:00,-0.0059591484155077,-0.004848298631886422,-0.006614775913412394,normal,19.08,20.94,0.9111747851002864,1.96,,-0.65
2023-01-26 14:30:00,0.0042732163028181,-0.0016189900419151656,0.0006416974687642315,normal,18.73,20.7,0.9048309178743962,1.91,,-0.68
2023-01-27 14:30:00,-0.0009760141053818,-0.004360421007751614,-0.003529273214016795,normal,18.51,20.47,0.9042501221299464,1.88,,-0.67
2023-01-30 14:30:00,-0.0028450273827622,0.0027456324590151974,0.0013805266707171003,normal,19.94,21.37,0.9330837622835751,1.87,,-0.7
2023-01-31 14:30:00,0.0126335387863565,0.012587282246308881,0.012074661752924872,normal,19.4,20.81,0.9322441134070159,1.9,,-0.69
2023-02-01 14:30:00,0.0003797338405188,-0.004908291712504012,-0.004842880111789317,normal,17.87,19.97,0.8948422633950928,1.91,,-0.7
2023-02-02 14:30:00,-0.0129597280045893,-0.012242713881400141,-0.009736724138806134,normal,18.73,20.84,0.8987523992322457,1.88,,-0.69
2023-02-03 14:30:00,0.0161351179611675,0.011593137951780831,0.012886257447221213,normal,18.33,20.78,0.8820981713185754,1.83,,-0.77
2023-02-06 14:30:00,-0.0040928858892062,-0.004225635297693541,-0.003859653521224138,normal,19.43,21.43,0.9066728884741018,1.77,,-0.81
2023-02-07 14:30:00,0.0070990127481227,0.004396839988535168,0.006468983596788722,normal,18.66,20.78,0.8979788257940327,1.78,,-0.8
2023-02-08 14:30:00,0.0152781409992418,0.024546698005309342,0.024214818970114495,normal,19.63,21.82,0.8996333638863427,1.83,,-0.82
2023-02-09 14:30:00,0.0045943731614573,0.00993526782434279,0.010079231018822247,stress,20.71,22.5,0.9204444444444445,1.84,,-0.81
2023-02-10 14:30:00,-0.0004980527953236,-0.0009351387738639287,-0.0014685364989315934,stress,20.53,22.55,0.9104212860310421,1.85,,-0.76
2023-02-13 14:30:00,0.0067481954948241,0.005520010376702831,0.005796099406465896,stress,20.34,21.97,0.9258079198907602,1.84,,-0.8
2023-02-14 14:30:00,-0.0022518667878876,-0.00961224825518814,-0.008894857563102068,normal,18.91,21.14,0.8945127719962157,1.81,,-0.83
2023-02-15 14:30:00,0.0061638932595309,0.003871103297145579,0.002421205393703297,normal,18.23,20.68,0.8815280464216635,1.82,,-0.81
2023-02-16 14:30:00,-0.0013042224127283,0.006459040222518364,0.004626623720966949,stress,20.17,21.88,0.9218464351005485,1.84,,-0.76
2023-02-17 14:30:00,-0.00238140546282,0.0006499911259745758,0.0004135699516266229,stress,20.02,21.77,0.9196141479099679,1.89,,-0.78
2023-02-21 14:30:00,-0.0112908746850776,,,stress,22.87,23.38,0.9781864841745083,1.87,,-0.72
2023-02-22 14:30:00,0.0006806696066616,-0.0027056119661087175,-0.0031844107982722802,stress,22.29,22.68,0.9828042328042328,1.85,,-0.73
2023-02-23 14:30:00,0.0311422721358083,0.028479014137192234,0.029553680286891936,stress,21.14,21.74,0.9724011039558419,1.86,,-0.78
2023-02-24 14:30:00,0.0040923242655535,0.006430604130524802,0.005573314469583523,stress,21.67,22.43,0.966116807846634,1.86,,-0.83
2023-02-27 14:30:00,0.0081117778368423,0.005691033648785717,0.00639969129246299,stress,20.95,21.59,0.9703566465956461,1.87,,-0.86
2023-02-28 14:30:00,0.0059246721216863,0.005673986694164088,0.00576124771968086,stress,20.7,21.32,0.9709193245778611,1.9,,-0.89
2023-03-01 05:00:00,-0.006369244209265,-0.00722692973348803,-0.00545015639789727,stress,20.58,21.36,0.9634831460674157,1.84,,-0.88
2023-03-01 14:30:00,0.0086907916189573,0.00751994178577948,0.009348642000243294,stress,20.58,21.36,0.9634831460674157,1.84,,-0.88
2023-03-02 14:30:00,-0.0141640571913924,-0.01834622217402641,-0.017473982661836293,normal,19.59,20.63,0.9495879786718372,1.82,,-0.81
2023-03-03 14:30:00,7.199799477434522e-05,-0.006749977398989526,-0.006485493381701639,normal,18.49,19.98,0.9254254254254253,1.79,,-0.89
2023-03-06 14:30:00,0.0437272598759256,0.04382621996688714,0.04372877929420765,normal,18.61,19.99,0.9309654827413707,1.79,,-0.91
2023-03-07 14:30:00,0.0366249519231143,0.03735821901738658,0.036758127864117855,normal,19.59,20.59,0.9514327343370568,1.79,,-1.03
2023-03-08 14:30:00,-0.0064577166106318,-0.010054466512512662,-0.008958687429598617,normal,19.11,20.19,0.9465081723625556,1.79,,-1.07
2023-03-09 14:30:00,-0.0062479067819097,0.010599272993300633,-0.0010333250815217207,stress,22.61,22.87,0.9886313948404022,1.85,,-0.97
2023-03-10 14:30:00,-0.0186059987785305,-0.00920910774483284,-0.02323771905655959,stress,24.8,25.39,0.9767625049231982,1.96,,-0.9
2023-03-13 13:30:00,-0.0164998088423868,0.013168110129065911,0.002978743370145951,stress,26.52,26.64,0.9954954954954954,2.14,,-0.48
2023-03-14 13:30:00,0.0158323082349018,0.0036633470618249054,-0.0009919399339652218,stress,23.73,24.87,0.9541616405307599,2.11,,-0.56
2023-03-15 13:30:00,-0.0547501847961736,-0.041637076489841954,-0.04719501677647238,stress,26.14,27.2,0.9610294117647059,2.22,,-0.42
2023-03-16 13:30:00,0.0141248355961457,-0.007400229585703038,-0.012841480694834236,stress,22.99,24.56,0.9360749185667753,2.16,,-0.58
2023-03-17 13:30:00,-0.0154455428300678,0.0023993165159367554,0.0009257887595838007,stress,25.51,27.42,0.9303428154631656,2.21,,-0.42
2023-03-20 13:30:00,0.0119208144376409,0.005368603605434307,0.005995262041031321,stress,24.15,25.85,0.9342359767891681,2.19,,-0.45
2023-03-21 13:30:00,0.0162725790808431,-0.0018849314112841069,-0.002508177801790669,stress,21.38,23.57,0.90708527789563,2.11,,-0.58
2023-03-22 13:30:00,-0.0089197476082764,0.0004702995127433326,-0.0007956569937730765,stress,22.26,24.38,0.9130434782608696,2.16,,-0.48
2023-03-23 13:30:00,-0.0109441021824277,-0.0017340578767602172,-0.002384173661159927,stress,22.61,24.53,0.9217284957195271,2.26,,-0.38
2023-03-24 13:30:00,-0.0124532549136553,-0.01573588334746961,-0.015471906153000717,stress,21.74,23.96,0.9073455759599331,2.24,,-0.38
2023-03-27 13:30:00,0.0042296671595125,-0.0020793390625567475,-0.0006653951799081553,stress,20.6,22.87,0.9007433318758199,2.19,,-0.41
2023-03-28 13:30:00,0.0095843594878643,0.004208880212770546,0.005240510090792927,normal,19.97,22.38,0.8923145665773011,2.19,,-0.47
2023-03-29 13:30:00,-0.0002188805914695,-0.005965929905799951,-0.006417551702178169,normal,19.12,21.49,0.8897161470451374,2.15,,-0.51
2023-03-30 13:30:00,0.0008182703333882,-0.0025896676456217487,-0.0034142530466058562,normal,19.02,21.45,0.8867132867132868,2.11,,-0.55
2023-03-31 13:30:00,0.001103961694126,-0.0021129715014550554,-0.0018105404053939181,normal,18.7,21.23,0.8808290155440414,2.11,,-0.58
2023-04-03 13:30:00,-0.0053359191124977,-0.0025160896982745723,-0.002432511003932214,normal,18.55,20.83,0.8905424867978877,2.11,,-0.54
2023-04-04 13:30:00,-0.0255337987117565,-0.020293388202898784,-0.020749241343596403,normal,19.0,21.34,0.8903467666354264,2.1,,-0.49
2023-04-05 13:30:00,-0.00335267746692,-0.003787092521855433,-0.00398972119862979,normal,19.08,21.48,0.8882681564245809,2.14,,-0.49
2023-04-06 13:30:00,-0.0082128451512423,-0.012161306572812666,-0.011314341611120136,normal,18.4,21.0,0.8761904761904761,2.11,,-0.52
2023-04-10 13:30:00,0.0128804135188293,,,normal,18.97,21.07,0.9003322259136212,2.09,,-0.59
2023-04-11 13:30:00,0.0143824102270015,0.014498536018268119,0.012783628868872745,normal,19.1,21.01,0.9090909090909091,2.05,,-0.6
2023-04-12 13:30:00,0.012557769160677,0.01740007216845366,0.017026806628904878,normal,19.09,21.05,0.9068883610451306,2.08,,-0.54
2023-04-13 13:30:00,-0.0092986108342852,-0.009744869958985375,-0.006695029879902101,normal,17.8,20.26,0.8785784797630799,2.07,,-0.51
2023-04-14 13:30:00,0.0014370975974344,-0.004156799957169019,-0.00279922707160516,normal,17.07,20.03,0.8522216674987518,2.05,,-0.56
2023-04-17 13:30:00,0.0002075011209613,-0.001022509014590369,-0.0022002092620675056,normal,16.95,19.65,0.8625954198473282,2.02,,-0.58
2023-04-18 13:30:00,0.0042819426192799,0.001361795291467678,0.0017846846316419622,normal,16.83,19.82,0.8491422805247224,2.01,,-0.61
2023-04-19 13:30:00,-0.0051838871396824,-0.008904792025740065,-0.009014359465333213,normal,16.46,20.02,0.8221778221778222,2.01,,-0.64
2023-04-20 13:30:00,-0.0011014312252272,0.002436998707980984,0.0018494545014375184,normal,17.17,20.55,0.8355231143552312,2.05,,-0.6
2023-04-21 13:30:00,-0.0048819370865701,-0.005049733234914084,-0.004626542446414345,normal,16.77,20.39,0.8224619911721431,2.04,,-0.6
2023-04-24 13:30:00,0.0070355290464692,0.0072318645979508964,0.0065317494159316015,normal,16.89,20.4,0.8279411764705883,2.04,,-0.6
2023-04-25 13:30:00,0.0033344058734658,0.018869448431054994,0.01773904935611116,normal,18.76,21.65,0.866512702078522,2.09,,-0.46
2023-04-26 13:30:00,-0.0177175192724337,-0.019520798938107826,-0.014482525411011131,normal,18.84,21.54,0.8746518105849582,2.11,,-0.47
2023-04-27 13:30:00,0.0108328019701054,0.003288443055047976,0.0060517206616334035,normal,17.03,20.37,0.836033382425135,2.07,,-0.54
2023-04-28 13:30:00,0.0069385323089149,-0.000670943603168119,-0.004736612159285452,normal,15.78,19.54,0.8075742067553736,2.08,,-0.6
2023-05-01 13:30:00,-0.0029819645564014,0.0023646793213074804,0.0029444097071471094,normal,16.08,19.67,0.817488561260803,2.06,,-0.55
2023-05-02 13:30:00,0.0074639929896813,0.00887091737245385,0.009043936388196163,normal,17.78,20.75,0.8568674698795181,2.16,,-0.53
2023-05-03 13:30:00,0.0007770788317629,0.0021696175275772063,0.0032348995251847853,normal,18.34,21.29,0.8614372945044623,2.2,,-0.51
2023-05-04 13:30:00,-0.0092831504199613,0.0034539155124364354,0.004719053427365233,stress,20.09,22.77,0.8823012736056215,2.24,,-0.38
2023-05-05 13:30:00,0.0098675107694653,-0.0004944944829146404,0.0018539671588871775,normal,17.19,20.78,0.8272377285851781,2.2,,-0.48
2023-05-08 13:30:00,-0.0084672598505608,-0.008598069909333133,-0.007122354784833739,normal,16.98,20.71,0.8198937711250603,2.2,,-0.48
2023-05-09 13:30:00,0.0266612777544937,0.02697800184941367,0.026902699551367683,normal,17.71,21.17,0.83656117146906,2.21,,-0.48
2023-05-10 13:30:00,0.0001391996740871,0.0005250448090045189,0.003102534923370144,normal,16.94,20.69,0.818753020782987,2.26,,-0.47
2023-05-11 13:30:00,-0.0106199406709,-0.013384978460141405,-0.010250390627447413,normal,16.93,20.62,0.8210475266731329,2.25,,-0.5
2023-05-12 13:30:00,0.0049632080689838,0.0034699767259922295,0.0037401123596097026,normal,17.03,20.66,0.8242981606969991,2.21,,-0.52
2023-05-15 13:30:00,0.0052363399786598,0.007572212868001532,0.003918232596800713,normal,17.12,20.31,0.842934515017233,2.27,,-0.49
2023-05-16 13:30:00,-0.0238430459052539,-0.026547773816275804,-0.01823172766007877,normal,17.99,20.9,0.8607655502392344,2.28,,-0.52
2023-05-17 13:30:00,0.0028716072551059,-0.000640824539094198,0.0007691575969235032,normal,16.87,20.05,0.8413965087281796,2.26,,-0.55
2023-05-18 13:30:00,0.0023636966312658,-0.0009317105970682283,0.003510389329906155,normal,16.05,19.33,0.8303155716502847,2.2,,-0.59
2023-05-19 13:30:00,0.0010197562320621,0.0024153860192780833,0.005023157696145003,normal,16.81,20.04,0.8388223552894212,2.18,,-0.58
2023-05-22 13:30:00,-0.0031881492629713,-0.0021341455692440456,-0.0009559920019075962,normal,17.21,20.36,0.8452848722986248,2.19,,-0.57
2023-05-23 13:30:00,-0.0061774764579854,-0.004572588539115815,-0.002031162282795796,normal,18.53,21.06,0.8798670465337133,2.19,,-0.56
2023-05-24 13:30:00,-0.0053816118978271,-0.005859491192128005,0.0016632864940234627,stress,20.03,22.02,0.9096276112624887,2.18,,-0.58
2023-05-25 13:30:00,0.014603773356902,0.006641258674622787,0.021196434185201764,normal,19.14,21.38,0.8952291861552854,2.1,,-0.67
2023-05-26 13:30:00,-0.0019052167051804,-0.00846764847446421,-0.0031998564463366127,normal,17.95,20.44,0.8781800391389432,2.1,,-0.74
2023-05-30 13:30:00,0.0028764501240566,,,normal,17.46,20.13,0.8673621460506707,2.14,,-0.77
2023-05-31 13:30:00,-0.0137076850621008,-0.01224302064666865,-0.00937903870413146,normal,17.94,20.21,0.8876793666501732,2.16,,-0.76
2023-06-01 04:00:00,0.1318533907066996,0.13086054842863126,0.1326753469192936,normal,15.65,18.75,0.8346666666666667,2.15,,-0.72
2023-06-01 13:30:00,-0.0608580587217568,-0.08397398203989642,-0.08216552701900569,normal,15.65,18.75,0.8346666666666667,2.15,,-0.72
2023-06-02 13:30:00,0.0080698033356912,0.00155351906428235,-0.0026975382506612324,normal,14.6,17.92,0.8147321428571428,2.11,,-0.81
2023-06-05 13:30:00,-0.0066406919496738,-0.006875224979908097,-0.008782352637950202,normal,14.73,17.9,0.8229050279329609,2.1,,-0.77
2023-06-06 13:30:00,0.0023277835704462,-0.002750160039056308,-0.0022477089176541694,complacency,13.96,17.04,0.8192488262910799,2.08,,-0.81
2023-06-07 13:30:00,0.0425336621479496,0.04080908267100188,0.029598103110964606,complacency,13.94,17.14,0.8133022170361727,2.06,,-0.77
2023-06-08 13:30:00,-0.0282805601994437,-0.02850469509468484,-0.02009982712810883,complacency,13.65,16.86,0.8096085409252669,2.07,,-0.79
2023-06-09 13:30:00,-0.0045393505949522,-0.001635389324024654,0.0030892933498534907,complacency,13.83,16.96,0.8154481132075472,2.05,,-0.84
2023-06-12 13:30:00,-0.0183806979941321,-0.009854743597956048,-0.007866892690241748,normal,15.01,17.28,0.8686342592592592,2.1,,-0.82
2023-06-13 13:30:00,-0.0021738381796016,-0.010042194859832139,-0.01027330314774282,complacency,14.61,17.23,0.8479396401625072,2.0,,-0.83
2023-06-14 13:30:00,-0.013283153121489,-0.015491058734801019,-0.009359015200063193,complacency,13.88,16.86,0.8232502965599052,1.94,,-0.91
2023-06-15 13:30:00,-0.0098080040461469,-0.003805349691539557,-0.0067396726145378056,complacency,14.5,17.18,0.8440046565774156,2.02,,-0.9
2023-06-16 13:30:00,-0.0065836704142979,-0.012596216500290969,-0.016228898624691485,complacency,13.54,16.75,0.8083582089552238,1.96,,-0.93
2023-06-20 13:30:00,0.0155616227853887,,,complacency,13.88,17.3,0.8023121387283237,1.95,,-0.94
2023-06-21 13:30:00,0.0277472353239276,0.02496860916626604,0.01778322132585002,complacency,13.2,16.89,0.7815275310834813,1.96,,-0.96
2023-06-22 13:30:00,-0.0111196936787603,-0.01251059044889437,0.0025516935744557337,complacency,12.91,16.56,0.7795893719806763,1.94,,-0.97
2023-06-23 13:30:00,0.0170700954454857,0.021106595547477326,0.021661954723271933,complacency,13.44,16.87,0.7966804979253111,1.96,,-0.97
2023-06-26 13:30:00,0.0285613237993345,0.030905677053050556,0.009191367735445585,complacency,14.25,17.05,0.8357771260997067,1.98,,-0.93
2023-06-27 13:30:00,-0.0129749230677773,-0.01274427822087479,-0.014587195864354124,complacency,13.74,16.44,0.8357664233576642,1.94,,-0.97
2023-06-28 13:30:00,0.0033517966458281,0.004058462000220882,0.008687395067658709,complacency,13.43,15.9,0.8446540880503144,1.96,,-1.0
2023-06-29 13:30:00,0.0159147206364516,0.01885601824863337,0.013084349163856132,complacency,13.54,16.1,0.8409937888198756,1.92,,-1.02
2023-06-30 13:30:00,-0.023418285123793,-0.019315304811445787,-0.013522976235351968,complacency,13.59,16.02,0.848314606741573,1.88,,-1.06
2023-07-03 13:30:00,-0.0148238149960569,-0.01282528150044912,-0.014742697197558646,complacency,13.57,16.07,0.8444306160547604,1.85,,-1.08
2023-07-05 13:30:00,-0.005621082258009,,,complacency,14.18,16.51,0.8588734100545123,1.83,,-0.99
2023-07-06 13:30:00,0.0177031990756701,0.02018774876749352,0.02346202505311642,complacency,15.44,17.52,0.8812785388127854,1.8,,-0.94
2023-07-07 13:30:00,0.0115146612183932,-0.0005495813231674342,-0.006886150328809128,complacency,14.83,17.24,0.8602088167053366,1.81,,-0.88
2023-07-10 13:30:00,0.0188554007658612,0.016197556721106884,0.005438001925511816,complacency,15.07,17.25,0.8736231884057971,1.86,,-0.84
2023-07-11 13:30:00,-0.0175510025210915,-0.011913520361537021,-0.023409864467369708,complacency,14.84,16.97,0.8744843842074249,1.84,,-0.89
2023-07-12 13:30:00,-0.0326183758004668,-0.04734545385746926,-0.04032746656243094,complacency,13.54,16.11,0.840471756672874,1.88,,-0.86
2023-07-13 13:30:00,-0.0244865075286745,-0.026785114158098405,-0.01972800909443132,complacency,13.61,16.12,0.8442928039702232,1.91,,-0.83
2023-07-14 13:30:00,-0.0062984335715258,0.0006076692186617744,0.008213784885698128,complacency,13.34,16.04,0.8316708229426434,1.87,,-0.91
2023-07-17 13:30:00,0.0028295564164278,0.007938879638510397,0.011722673241646518,complacency,13.48,16.27,0.8285187461585741,1.9,,-0.93
2023-07-18 13:30:00,0.0102581940193191,0.01004190565633148,0.014407402564532379,complacency,13.3,16.13,0.824550526968382,1.89,,-0.94
2023-07-19 13:30:00,-0.0011880824014303,0.006869358390241992,3.244412809707458e-05,complacency,13.76,16.56,0.8309178743961353,1.87,,-0.99
2023-07-20 13:30:00,0.0215129903632095,0.01661428617436775,0.006898855996534116,complacency,13.99,16.66,0.8397358943577431,1.85,,-0.95
2023-07-21 13:30:00,0.0008998119601733,0.003033450107665643,-0.0028940951783067185,complacency,13.6,16.4,0.8292682926829269,1.85,,-0.98
2023-07-24 13:30:00,0.0025388390691674,-0.0004921074251955371,0.00471491366353222,complacency,13.91,16.26,0.8554735547355473,1.84,,-0.95
2023-07-25 13:30:00,-0.0130822682127343,-0.016416416050916195,-0.01094160296858935,complacency,13.86,16.22,0.8545006165228114,1.81,,-0.94
2023-07-26 13:30:00,-0.0011217848401063,-0.0006850960683152738,-0.005896300590095503,complacency,13.19,15.79,0.8353388220392653,1.83,,-0.96
2023-07-27 13:30:00,0.0123707259669583,0.006562039223670094,0.015849044589001705,complacency,14.41,16.63,0.8665063138905593,1.78,,-0.9
2023-07-28 13:30:00,-0.0296529305814129,-0.03196347569431159,-0.023360384378850078,complacency,13.33,15.92,0.8373115577889447,1.8,,-0.91
2023-07-31 13:30:00,0.0081189986479255,0.005968870249975514,0.006512631237207031,complacency,13.63,16.01,0.8513429106808245,1.77,,-0.91
2023-08-01 13:30:00,0.0355455618886341,0.029118728606645918,0.033713438251876816,complacency,13.93,16.34,0.8525091799265606,1.77,,-0.87
2023-08-02 13:30:00,0.033887581202188,0.03219796334043514,0.026734616804214406,normal,16.09,17.96,0.8958797327394209,1.82,,-0.8
2023-08-03 13:30:00,0.0211202562265478,-0.00010436445374169961,0.009232688570537786,complacency,15.92,17.72,0.8984198645598195,1.84,,-0.7
2023-08-04 13:30:00,0.0178194651449254,0.03520663103729391,0.033202594617236764,normal,17.1,18.61,0.9188608275120904,1.9,,-0.73
2023-08-07 13:30:00,0.0010010809609891,-0.013435917147198181,-0.01279303676135988,complacency,15.77,17.72,0.8899548532731377,1.9,,-0.67
2023-08-08 13:30:00,0.0093311234701822,0.02161859290060094,0.020076806912472177,complacency,15.99,18.13,0.8819635962493106,1.93,,-0.72
2023-08-09 13:30:00,0.0286941811824101,0.040384605266055085,0.02972289284425881,complacency,15.96,18.05,0.8842105263157894,1.92,,-0.79
2023-08-10 13:30:00,-0.0020155099225959,-0.012942715576939278,-0.007454820710098476,complacency,15.85,18.16,0.8727973568281938,1.89,,-0.73
2023-08-11 13:30:00,8.657624682289079e-05,-0.0008103610587604436,-0.0032668271856598936,complacency,14.84,17.56,0.8451025056947609,1.87,,-0.73
2023-08-14 13:30:00,-0.000471728684895,0.003354932796927431,0.014211896653790093,complacency,14.82,17.41,0.8512349224583573,1.84,,-0.77
2023-08-15 13:30:00,0.0251804211084376,0.018024865365887825,0.02470619709758772,normal,16.46,18.59,0.8854222700376547,1.86,,-0.71
2023-08-16 13:30:00,0.0027121255507214,-0.001166013865770248,-0.0009741861050209287,normal,16.78,18.97,0.8845545598313127,1.84,,-0.69
2023-08-17 13:30:00,0.0097279484221265,0.0033924442473628833,0.0049312854264075235,normal,17.89,19.83,0.9021684316691883,1.87,,-0.64
2023-08-18 13:30:00,0.0042836222747498,0.008576509862788108,0.005270310437909939,normal,17.3,19.24,0.8991683991683993,1.89,,-0.66
2023-08-21 13:30:00,-0.0135705884462347,-0.017641234438810178,-0.004789549666905448,normal,17.13,18.77,0.9126265316995205,1.88,,-0.63
2023-08-22 13:30:00,0.0033067070773571,0.009060550659837484,0.012696931158991868,normal,16.97,18.72,0.906517094017094,1.82,,-0.68
2023-08-23 13:30:00,-0.0091396584569249,0.004005692949650719,0.009087960696630362,complacency,15.98,17.94,0.890746934225195,1.83,,-0.76
2023-08-24 13:30:00,0.0197144061326296,0.015176125954804439,0.007276984084217567,normal,17.2,18.75,0.9173333333333333,1.8,,-0.75
2023-08-25 13:30:00,-0.0042849107078133,0.002523504966135331,0.005574503944052176,complacency,15.68,17.72,0.8848758465011287,1.76,,-0.78
2023-08-28 13:30:00,-0.0008631740717126,0.008928512095999095,0.0044260364121410664,complacency,15.08,17.12,0.880841121495327,1.82,3.86,-0.78
2023-08-29 13:30:00,0.0040919079924145,0.007959000472882304,0.014828434269931998,complacency,14.45,16.56,0.8725845410628019,1.84,3.87,-0.75
2023-08-30 13:30:00,0.0147746813259687,0.02177103071650708,0.02280986738858186,complacency,13.88,16.18,0.857849196538937,1.82,3.8,-0.78
2023-08-31 13:30:00,0.0036748030296938,0.004779060036267411,0.009325556253653201,complacency,13.57,15.92,0.8523869346733669,1.83,3.85,-0.76
2023-09-01 04:00:00,0.0057084165169719,0.0029012338855993447,-0.0016672515175773957,complacency,13.09,15.74,0.8316391359593392,1.82,3.81,-0.69
2023-09-01 13:30:00,0.0147238309613261,0.013403649668929811,0.009442012667692831,complacency,13.09,15.74,0.8316391359593392,1.82,3.81,-0.69
2023-09-05 13:30:00,-0.0007437225326003,,,complacency,14.01,16.24,0.8626847290640395,1.84,3.83,-0.67
2023-09-06 13:30:00,0.0083285008683469,0.006993357076453353,0.0010871398080884165,complacency,14.45,16.61,0.8699578567128236,1.79,3.86,-0.71
2023-09-07 13:30:00,0.0083279902507232,0.005935763185012415,0.0068828452174565825,complacency,14.4,16.58,0.8685162846803378,1.81,3.9,-0.67
2023-09-08 13:30:00,0.0027007512792859,0.011642119956717536,0.011750332457908642,complacency,13.84,16.14,0.8574969021065675,1.79,3.85,-0.72
2023-09-11 13:30:00,-0.0072234159098656,-0.009380028676896841,-5.360005200969256e-05,complacency,13.8,16.02,0.8614232209737829,1.8,3.82,-0.68
2023-09-12 13:30:00,-0.0127234975637277,-0.015156318289923854,-0.02164863465058328,complacency,14.23,16.25,0.8756923076923078,1.79,3.84,-0.71
2023-09-13 13:30:00,-0.0252978762521757,-0.018861878367705462,-0.013166055551374498,complacency,13.48,15.92,0.8467336683417086,1.81,3.85,-0.71
2023-09-14 13:30:00,-0.0014087051360139,0.005591644161214044,-0.0012735656854779508,complacency,12.82,15.34,0.8357235984354628,1.8,3.78,-0.71
2023-09-15 13:30:00,-0.0084426599950061,-0.01986861389145258,-0.023615322932405456,complacency,13.79,16.02,0.8607990012484394,1.78,3.79,-0.69
2023-09-18 13:30:00,0.0054303259269006,0.0060707680384145535,0.010337005995358868,complacency,14.0,16.13,0.8679479231246126,1.77,3.82,-0.73
2023-09-19 13:30:00,-0.0069800553453469,-0.008981449168254453,-0.00955017088684117,complacency,14.11,16.13,0.8747675139491631,1.75,3.82,-0.71
2023-09-20 13:30:00,-0.0072138266778042,-0.01312292222263226,-0.01856157010896333,complacency,15.14,16.81,0.9006543723973827,1.73,3.77,-0.77
2023-09-21 13:30:00,-0.0020210569344399,-0.03144854799388276,-0.02698476892301208,normal,17.54,18.24,0.9616228070175439,1.66,3.89,-0.63
2023-09-22 13:30:00,0.0045917009185283,0.004388790431044224,0.006680521811923873,normal,17.2,18.09,0.9508015478164732,1.73,3.93,-0.66
2023-09-25 13:30:00,0.0063626957766401,0.00257860177506869,0.003563586897812063,normal,16.9,18.02,0.9378468368479467,1.75,3.97,-0.54
2023-09-26 13:30:00,-0.0101298163264116,-0.02805972858823385,-0.024993968485439496,normal,18.94,19.72,0.9604462474645031,1.77,4.04,-0.48
2023-09-27 13:30:00,0.0200102338183322,0.02447858851173117,0.027127757140581778,normal,18.22,19.11,0.9534275248560963,1.77,4.03,-0.49
2023-09-28 13:30:00,-0.0003467990889862,0.002511112582427387,-0.0011682534470657752,normal,17.34,18.38,0.9434167573449402,1.8,4.09,-0.45
2023-09-29 13:30:00,-0.0095588797816067,-0.01007574819977498,-0.009769075827080273,normal,17.52,18.51,0.946515397082658,1.78,4.03,-0.44
2023-10-02 13:30:00,-0.028436066846379,,,normal,17.61,18.62,0.9457572502685284,1.78,4.11,-0.43
2023-10-03 13:30:00,-0.0185272283213657,-0.03271041177595725,-0.03348868690439357,normal,19.78,20.41,0.9691327780499756,1.82,4.26,-0.34
2023-10-04 13:30:00,-0.0057099159325925,-0.0009776882630879134,-0.0017155110472538765,normal,18.58,19.52,0.9518442622950819,1.83,4.37,-0.32
2023-10-05 13:30:00,-0.0096875562686861,-0.009787039724391306,-0.006265837608931483,normal,18.49,19.5,0.9482051282051281,1.85,4.38,-0.31
2023-10-06 13:30:00,0.0083248323566919,0.0114906650878602,0.014558734935475232,normal,17.45,18.73,0.9316604378003203,1.84,4.33,-0.3
2023-10-09 13:30:00,0.0063869855914543,,,normal,17.7,18.81,0.9409888357256778,,4.34,
2023-10-10 13:30:00,0.0045694793773131,,,normal,17.03,18.27,0.9321291735084839,1.83,4.26,-0.3
2023-10-11 13:30:00,0.0077858301895496,0.011832817333024801,0.014769311309309703,normal,16.09,17.63,0.9126488939307998,1.82,4.25,-0.41
2023-10-12 13:30:00,-0.0049405839815589,-0.006877454022133597,0.0023135042816690883,normal,16.69,18.09,0.9226091763405198,1.83,4.25,-0.36
2023-10-13 13:30:00,-0.0217870880109048,-0.02902582643178806,-0.028096658492929017,normal,19.32,20.57,0.9392318911035489,1.82,4.3,-0.41
2023-10-16 13:30:00,0.0105339030143773,0.011520979135595716,0.005480183141365516,normal,17.21,18.79,0.9159127195316659,1.83,4.27,-0.38
2023-10-17 13:30:00,0.0107153173520505,0.010743272620727735,0.0041658949654137835,normal,17.88,19.26,0.9283489096573208,1.8,4.25,-0.36
2023-10-18 13:30:00,-0.0227306216018434,-0.025046890641943324,-0.020390905236091494,normal,19.22,20.47,0.9389350268685882,1.78,4.32,-0.28
2023-10-19 13:30:00,-0.0075688470263532,-0.010153122719094762,-0.0032534559375415033,stress,21.4,22.19,0.9643983776475888,1.82,4.37,-0.16
2023-10-20 13:30:00,-0.0109685605343093,-0.012638560773585125,-0.013419954394125693,stress,21.71,22.44,0.9674688057040998,1.88,4.52,-0.14
2023-10-23 13:30:00,0.0037688649613183,0.0032052473118728913,0.01040497210755256,stress,20.37,21.33,0.9549929676511956,1.85,4.51,-0.19
2023-10-24 13:30:00,0.0096950037864193,0.008423523983315782,0.008183609792623274,normal,18.97,20.21,0.9386442355269667,1.84,4.41,-0.19
2023-10-25 13:30:00,0.0059403857028884,0.00799037917822758,0.006952226854453106,stress,20.19,21.33,0.9465541490857948,1.83,4.37,-0.13
2023-10-26 13:30:00,0.0090802058469666,0.010020169923792777,-0.002063242399356343,stress,20.68,21.57,0.9587389893370422,1.82,4.5,-0.16
2023-10-27 13:30:00,-0.0134816624234018,-0.011497012438089076,-0.0056569397749672325,stress,21.27,22.27,0.9550965424337674,1.88,4.53,-0.15
2023-10-30 13:30:00,0.0027158828830085,-0.002295016171082724,0.0028680962760679746,normal,19.75,20.8,0.9495192307692307,1.86,4.5,-0.15
2023-10-31 13:30:00,0.0188088210020829,0.013934157180594039,0.01158379064366687,normal,18.14,19.49,0.9307337095946641,1.85,4.42,-0.19
2023-11-01 13:30:00,-0.0025113715325453,-0.0023951672919898083,0.0029160030822836104,normal,16.87,18.55,0.909433962264151,1.91,4.47,-0.18
2023-11-02 13:30:00,0.0280354638019081,0.02160070964425799,0.018053191764858638,complacency,15.66,17.8,0.8797752808988764,1.84,4.15,-0.31
2023-11-03 13:30:00,-0.0163681569648763,-0.01740413367561664,-0.030886230656354006,complacency,14.91,17.22,0.8658536585365855,1.86,4.04,-0.26
2023-11-06 14:30:00,0.0031693311155459,0.0010912024445875056,0.008363116481687733,complacency,14.89,17.03,0.8743394010569583,1.84,4.0,-0.26
2023-11-07 14:30:00,-0.01535268308111,-0.016634051605218136,-0.013895685432641103,complacency,14.81,16.92,0.8752955082742316,1.83,4.08,-0.33
2023-11-08 14:30:00,0.0134626547605465,0.014024795864353162,0.01694061297343385,complacency,14.45,16.64,0.868389423076923,1.84,4.08,-0.44
2023-11-09 14:30:00,0.007393603335248,0.009809890038879367,0.011003408249010254,complacency,15.29,17.3,0.883815028901734,1.83,4.04,-0.41
2023-11-10 14:30:00,0.0016367487535815,-0.006722072843162416,-0.003642400170017221,complacency,14.17,16.52,0.8577481840193705,1.8,4.03,-0.43
2023-11-13 14:30:00,0.0095961920875877,0.010976660901090993,0.011747200568853797,complacency,14.76,16.61,0.8886213124623721,1.79,4.03,-0.39
2023-11-14 14:30:00,0.0069929272363257,0.00948935251022972,0.0010905049540063955,complacency,14.16,16.29,0.8692449355432781,1.83,3.92,-0.36
2023-11-15 14:30:00,-0.0063016585013995,-0.009879664759157249,-0.010835429253802969,complacency,14.18,16.28,0.8710073710073709,1.8,3.89,-0.37
2023-11-16 14:30:00,-0.0007591367190423,0.0008975902148600191,0.005402131041772895,complacency,14.32,16.14,0.8872366790582403,1.81,4.02,-0.38
2023-11-17 14:30:00,0.0012964271544215,-0.004340754871653962,-0.007720831306159785,complacency,13.8,15.85,0.8706624605678234,1.78,3.99,-0.44
2023-11-20 14:30:00,-0.0053832166015127,-0.009608023770780554,-0.008663466235299197,complacency,13.41,15.69,0.8546845124282983,1.76,3.92,-0.47
2023-11-21 14:30:00,-0.0013890480880532,-0.0005968349405810375,0.0006866426416789035,complacency,13.35,15.5,0.8612903225806451,1.77,3.95,-0.45
2023-11-22 14:30:00,0.0033842314772442,-0.005907419337569502,-0.005749257042891575,complacency,12.85,15.48,0.8301033591731266,1.71,3.9,-0.47
2023-11-24 14:30:00,-0.0022885135248883,,,complacency,12.46,15.12,0.8240740740740742,1.72,3.85,-0.45
2023-11-27 14:30:00,0.0130881999981175,0.013158078392424504,0.013514193047112731,complacency,12.69,15.34,0.8272490221642764,1.71,3.89,-0.45
2023-11-28 14:30:00,-0.0204686076247205,-0.01617257985177522,-0.01547601596406285,complacency,12.69,15.24,0.8326771653543307,1.75,3.9,-0.39
2023-11-29 14:30:00,0.0108171287816899,0.009100631668573623,0.00739708249571951,complacency,12.98,15.51,0.8368794326241135,1.72,3.8,-0.37
2023-11-30 14:30:00,0.0118891174404954,0.0059849233882411585,0.004887624520160127,complacency,12.92,15.44,0.8367875647668394,1.67,3.84,-0.36
2023-12-01 05:00:00,0.1295108952703149,0.13314353843846405,0.127217664252938,complacency,12.63,15.36,0.8222656250000001,1.71,3.87,-0.34
2023-12-01 14:30:00,-0.0581274390984807,-0.05867169687449638,-0.08062448084882523,complacency,12.63,15.36,0.8222656250000001,1.71,3.87,-0.34
2023-12-04 14:30:00,0.0190209463763202,0.018422010179099134,0.010226173193239521,complacency,13.08,15.68,0.8341836734693878,1.67,3.8,-0.36
2023-12-05 14:30:00,-0.0036353624094073,-0.006545068124557409,0.0031299883475935614,complacency,12.85,15.57,0.8253050738599871,1.65,3.8,-0.39
2023-12-06 14:30:00,0.0014114238020914,-0.0009145651867142322,-0.005102601067811494,complacency,12.97,15.74,0.8240152477763659,1.63,3.79,-0.48
2023-12-07 14:30:00,-0.0075528758640736,-0.00654601443808163,-0.0050468603613579585,complacency,13.06,15.65,0.8345047923322684,1.63,3.77,-0.44
2023-12-08 14:30:00,0.0064919439822691,0.0011826814097589157,0.0009465351596675536,complacency,12.35,15.16,0.8146437994722955,1.61,3.75,-0.48
2023-12-11 14:30:00,-0.0094919952916266,-0.00815195348184897,-0.01107432913552112,complacency,12.63,15.19,0.8314680710994076,1.61,3.79,-0.48
2023-12-12 14:30:00,0.0019007420010388,-0.00213567856914511,0.0013370887196775154,complacency,12.07,14.83,0.8138907619689818,1.6,3.76,-0.53
2023-12-13 14:30:00,-0.020141263328068,-0.017736175090036332,-0.02832594172991567,complacency,12.19,14.66,0.8315143246930422,1.61,3.79,-0.42
2023-12-14 14:30:00,0.0099941803528722,0.00785772025035757,-0.004653032941086517,complacency,12.48,14.79,0.8438133874239352,1.57,3.47,-0.45
2023-12-15 14:30:00,-0.00270787278552,-0.0066644457043929664,-0.002522031912773131,complacency,12.28,15.13,0.8116325181758096,1.57,3.51,-0.53
2023-12-18 14:30:00,-0.0095994980167014,-0.00619603764462134,-0.0011643488726166638,complacency,12.56,15.47,0.8118939883645766,1.58,3.51,-0.48
2023-12-19 14:30:00,-0.0031860296254701,-0.003957204196197041,-0.007845300198369931,complacency,12.53,15.64,0.8011508951406648,1.57,3.46,-0.48
2023-12-20 14:30:00,0.0181199586734843,0.027040306778214215,0.02850275168371936,complacency,13.67,16.58,0.8244873341375152,1.63,3.43,-0.48
2023-12-21 14:30:00,-0.0142784301858257,-0.011839988294883088,-0.014668822177988036,complacency,13.65,16.3,0.8374233128834355,1.64,3.41,-0.44
2023-12-22 14:30:00,0.0027275843273408,0.002617593886319822,0.0009478260724781816,complacency,13.03,15.99,0.8148843026891807,1.65,3.39,-0.41
2023-12-26 14:30:00,-0.0075702644943612,-0.005693780529768025,-0.006569491240309795,complacency,12.99,15.88,0.8180100755667506,1.64,3.37,-0.37
2023-12-27 14:30:00,0.0010329959164587,-0.003305940036607959,-0.0032188932141205785,complacency,12.43,15.27,0.8140144073346431,1.64,3.34,-0.41
2023-12-28 14:30:00,0.004195814328508,0.0032466684180831704,0.001840356571970912,complacency,12.47,15.23,0.8187787261982928,1.62,3.32,-0.42
2023-12-29 14:30:00,0.0044914604997292,0.008039257952231468,0.009574069162077014,complacency,12.45,15.26,0.8158584534731324,1.61,3.34,-0.35
2024-01-02 14:30:00,0.011323157003351,,,complacency,13.2,15.48,0.8527131782945736,1.62,3.54,-0.38
2024-01-03 14:30:00,-0.0012321191463797,0.0004191464530350277,0.00491470538336179,complacency,14.04,16.04,0.8753117206982544,1.66,3.71,-0.42
2024-01-04 14:30:00,0.0107422051861391,0.012362551907914496,0.011519809685611145,complacency,14.13,16.04,0.880922693266833,1.65,3.69,-0.39
2024-01-05 14:30:00,-0.0022161113198128,-0.0029697440196953325,-0.00522899145855053,complacency,13.35,15.51,0.8607350096711799,1.65,3.68,-0.35
2024-01-08 14:30:00,-0.0160806263904446,-0.016986696335239568,-0.012435002624831517,complacency,13.08,15.14,0.8639365918097754,1.65,3.63,-0.35
2024-01-09 14:30:00,0.0002224586625341,-0.0008178894912611872,0.0039162075219234555,complacency,12.76,14.9,0.8563758389261744,1.63,3.59,-0.34
2024-01-10 14:30:00,-0.0199177059801327,-0.020360886489597798,-0.01328807880250418,complacency,12.69,14.73,0.8615071283095722,1.59,3.5,-0.33
2024-01-11 14:30:00,0.0063164549408879,0.010609101005450431,0.011966557098824371,complacency,12.44,14.56,0.8543956043956044,1.63,3.55,-0.28
2024-01-12 14:30:00,-0.0007512869105137,0.00750023294300206,0.013249241541369071,complacency,12.7,14.94,0.8500669344042838,1.64,3.56,-0.18
2024-01-16 14:30:00,0.0006873863011369,,,complacency,13.84,15.74,0.8792884371029225,1.65,3.58,-0.15
2024-01-17 14:30:00,0.0075845924585427,0.0017443761962634367,0.005629791036896541,complacency,14.79,16.38,0.9029304029304029,1.63,3.62,-0.24
2024-01-18 14:30:00,-0.0183131615723294,-0.015711940655480677,-0.00992218516768302,complacency,14.13,15.84,0.8920454545454546,1.62,3.58,-0.2
2024-01-19 14:30:00,-0.0198976183864506,-0.022603977049989517,-0.015747299172657138,complacency,13.3,15.26,0.871559633027523,1.59,3.54,-0.24
2024-01-22 14:30:00,-0.0018725063721425,-0.0032175760777375536,-0.0037863467400423394,complacency,13.19,14.97,0.8810955243820975,1.59,3.49,-0.26
2024-01-23 14:30:00,-0.0225276702747543,-0.015713382987642032,-0.013692842791911268,complacency,12.55,14.52,0.8643250688705235,1.62,3.51,-0.17
2024-01-24 14:30:00,-0.0207481966135066,-0.020413669181305327,-0.009978429323922608,complacency,13.14,14.97,0.8777555110220441,1.61,3.44,-0.16
2024-01-25 14:30:00,0.0207711026862181,0.02286429742022151,0.015758200123880788,complacency,13.45,15.1,0.890728476821192,1.6,3.45,-0.14
2024-01-26 14:30:00,0.0109305565466581,0.007573338366377416,0.004545698780229401,complacency,13.26,15.03,0.8822355289421158,1.58,3.39,-0.19
2024-01-29 14:30:00,-0.0165378450445442,-0.02030896558170093,-0.01481749269050717,complacency,13.6,15.22,0.8935611038107752,1.6,3.41,-0.21
2024-01-30 14:30:00,0.0204772985063145,0.014368077134349441,0.007192264496786432,complacency,13.31,15.14,0.8791281373844122,1.58,3.42,-0.3
2024-01-31 14:30:00,0.0239077005943066,0.019338612927050296,0.008237663101001644,complacency,14.35,15.96,0.8991228070175438,1.61,3.59,-0.28
2024-02-01 14:30:00,0.02946255788356,0.026843912695767528,0.027778545521399987,complacency,13.88,15.5,0.895483870967742,1.63,3.56,-0.33
2024-02-02 14:30:00,-0.0026945816588159,0.0014333094617723016,0.025217533129679972,complacency,13.85,15.61,0.8872517616912236,1.59,3.47,-0.33
2024-02-05 14:30:00,-0.0070529363953599,0.0007846829985626771,0.008517565814683522,complacency,13.67,15.33,0.8917155903457273,1.56,3.5,-0.29
2024-02-06 14:30:00,0.0107431240567661,0.010207725644154906,0.0038459744635854706,complacency,13.06,14.99,0.8712474983322215,1.58,3.52,-0.3
2024-02-07 14:30:00,-0.0086771859512652,-0.012272679069703895,-0.007403059079264124,complacency,12.83,14.85,0.863973063973064,1.6,3.43,-0.32
2024-02-08 14:30:00,-0.0095852552484644,-0.00845023292866835,-0.006779222142340713,complacency,12.79,14.93,0.8566644340254521,1.6,3.38,-0.31
2024-02-09 14:30:00,-0.0076894405997377,-0.007053921745381823,0.00827995860205644,complacency,12.93,15.08,0.8574270557029178,1.59,3.33,-0.31
2024-02-12 14:30:00,-0.0029641602690948,-0.003467923952044339,-0.01026938158756771,complacency,13.93,15.67,0.8889597957881302,1.58,3.35,-0.29
2024-02-13 14:30:00,0.0380479454961107,0.031792553895733044,0.030287384083721877,complacency,15.85,16.82,0.9423305588585017,1.54,3.36,-0.33
2024-02-14 14:30:00,-0.0083416371625631,0.004969142962133341,0.00883059405980155,complacency,14.38,15.93,0.9026993094789706,1.56,3.38,-0.29
2024-02-15 14:30:00,-0.0002725476340178,-0.0017856112364658032,-0.00567787470205138,complacency,14.01,15.76,0.8889593908629442,1.57,3.35,-0.32
2024-02-16 14:30:00,0.0168612195091632,0.015980537697597667,0.010672967759211152,complacency,14.24,15.86,0.8978562421185372,1.53,3.34,-0.34
2024-02-20 14:30:00,0.0132577038743345,,,complacency,15.42,16.41,0.9396709323583181,1.56,3.37,-0.32
2024-02-21 14:30:00,0.0079346078075059,0.009886288892360087,0.0033052704492143982,complacency,15.34,16.23,0.9451632778804683,1.54,3.34,-0.32
2024-02-22 14:30:00,0.0019305838796037,0.006473091869675659,0.022804550878819645,complacency,14.54,15.77,0.922003804692454,1.49,3.22,-0.36
2024-02-23 14:30:00,0.0126192238353039,0.0124214534176959,0.004644584251595495,complacency,13.75,15.25,0.9016393442622951,1.49,3.23,-0.41
2024-02-26 14:30:00,0.0098729649192205,0.006505018674994262,0.014034041167251259,complacency,13.74,15.22,0.9027595269382391,1.53,3.23,-0.41
2024-02-27 14:30:00,0.009019086954029,0.013210246991850746,0.014239229181912161,complacency,13.43,14.89,0.9019476158495634,1.53,3.26,-0.39
2024-02-28 14:30:00,0.0248369202314914,0.022195522462162033,0.01597523121708999,complacency,13.84,15.22,0.9093298291721419,1.55,3.31,-0.37
2024-02-29 14:30:00,0.0035073964892701,0.004969658546034755,0.004952580591994295,complacency,13.4,14.93,0.8975217682518419,1.55,3.29,-0.39
2024-03-01 05:00:00,0.1433648670040507,0.1491175707058791,0.15350925901901905,complacency,13.11,14.93,0.8780977896851976,1.57,3.32,-0.35
2024-03-01 14:30:00,-0.072608969609928,-0.07118017576260705,-0.06823096538702715,complacency,13.11,14.93,0.8780977896851976,1.57,3.32,-0.35
2024-03-04 14:30:00,0.0028532160600223,-0.0032504504915896616,-0.00650596652384958,complacency,13.49,15.23,0.8857518056467498,1.57,3.26,-0.39
2024-03-05 14:30:00,0.0212087611488826,0.011364794119874906,0.005616177372553377,complacency,14.46,15.91,0.9088623507228158,1.59,3.31,-0.41
2024-03-06 14:30:00,0.0014960917372217,0.000453224252606033,0.001495862842265966,complacency,14.5,15.97,0.9079524107701941,1.57,3.27,-0.44
2024-03-07 14:30:00,-0.0088889596719809,-0.007865705440076086,-0.0058035915543569305,complacency,14.44,15.91,0.907605279698303,1.59,3.27,-0.41
2024-03-08 14:30:00,-0.0039602955818167,-0.004039096028613511,-0.008470740750228462,complacency,14.74,16.3,0.9042944785276074,1.59,3.26,-0.39
2024-03-11 13:30:00,-0.0264943057248416,-0.031721212562297124,-0.03940459797338995,complacency,15.22,16.46,0.9246658566221142,1.59,3.26,-0.41
2024-03-12 13:30:00,0.0222401548613774,0.033962954085071384,0.03498018829946281,complacency,13.84,15.66,0.8837803320561941,1.55,3.2,-0.42
2024-03-13 13:30:00,0.0059641085046626,0.006330942163620461,0.0065457714393064685,complacency,13.75,15.6,0.8814102564102564,1.55,3.15,-0.42
2024-03-14 13:30:00,0.025748140271639,0.02760250011297082,0.03035319543925783,complacency,14.4,16.12,0.8933002481389578,1.53,3.15,-0.39
2024-03-15 13:30:00,-0.0007905937908272,0.00023024861987879387,0.000973571732101273,complacency,14.41,16.41,0.8781230956733699,1.49,3.16,-0.41
2024-03-18 13:30:00,-0.00887628227535,-0.0070883684590223785,-0.011609956985378159,complacency,14.33,16.22,0.8834771886559803,1.49,3.13,-0.39
2024-03-19 13:30:00,-0.0001511026579845,0.002427948541883444,-0.0014167575580598386,complacency,13.82,15.77,0.8763474952441345,1.5,3.1,-0.38
2024-03-20 13:30:00,0.0132831081084909,0.017481782125849242,0.02159738017613083,complacency,13.04,15.28,0.8534031413612565,1.56,3.14,-0.32
2024-03-21 13:30:00,0.0205286584723706,0.0216379055795382,0.022324095005373194,complacency,12.92,15.18,0.8511198945981555,1.53,3.05,-0.35
2024-03-22 13:30:00,0.0007420958212198,-0.0010708668200455679,-0.0013376224689879636,complacency,13.06,15.3,0.85359477124183,1.53,3.08,-0.37
2024-03-25 13:30:00,0.0016655258006306,0.005923657850152309,0.008476889166695792,complacency,13.19,15.38,0.8576072821846553,1.53,3.11,-0.29
2024-03-26 13:30:00,0.0102452321926632,0.00827162563662236,0.007336521458415759,complacency,13.24,15.29,0.8659254414650098,1.53,3.15,-0.32
2024-03-27 13:30:00,-0.0405806391872317,-0.040587330439896575,-0.04520137511515756,complacency,12.78,15.01,0.8514323784143903,1.54,3.15,-0.34
2024-03-28 13:30:00,-0.0033388063433764,-0.005230394730359163,-0.005124779085206326,complacency,13.01,15.19,0.8564845292955893,1.5,3.12,-0.39
2024-04-01 13:30:00,0.0144200809891194,,,complacency,13.65,15.52,0.8795103092783506,1.49,3.12,-0.39
2024-04-02 13:30:00,0.0031161467582589,-0.0010436436670397298,-0.004645048041495384,complacency,14.61,16.09,0.9080174021131137,1.51,3.23,-0.34
2024-04-03 13:30:00,0.0304166469237469,0.03481812241021343,0.037965997356591896,complacency,14.33,15.91,0.9006913890634821,1.49,3.23,-0.32
2024-04-04 13:30:00,-0.0016102396990168,-0.01368975642305488,-0.008524646372108213,normal,16.35,17.16,0.9527972027972029,1.51,3.24,-0.34
2024-04-05 13:30:00,0.0229784240707756,0.024820844148237004,0.0240712068850958,normal,16.03,17.18,0.9330616996507568,1.49,3.18,-0.34
2024-04-08 13:30:00,-0.0197676151085421,-0.018042373042241943,-0.018204516418074204,complacency,15.19,16.56,0.9172705314009663,1.46,3.15,-0.36
2024-04-09 13:30:00,-0.0539041761622021,-0.05361498929743341,-0.05318903293912899,complacency,14.98,16.42,0.9123020706455541,1.44,3.14,-0.38
2024-04-10 13:30:00,0.0386094954261835,0.03528890541896723,0.03232521030931325,complacency,15.8,17.04,0.9272300469483569,1.4,3.1,-0.42
2024-04-11 13:30:00,0.0002081123815046,0.006194238119502259,0.0040167208021587,complacency,14.91,16.49,0.9041843541540329,1.41,3.16,-0.37
2024-04-12 13:30:00,0.0143174083015329,0.001082224862682309,-7.775687343271852e-05,normal,17.31,18.2,0.951098901098901,1.45,3.25,-0.38
2024-04-15 13:30:00,0.011873461791669,0.0032504293476763885,0.006710035120675469,normal,19.23,19.55,0.9836317135549872,1.46,3.28,-0.3
2024-04-16 13:30:00,0.0160126280672037,0.019668011547488345,0.01692651225770347,normal,18.4,18.84,0.9766454352441613,1.46,3.36,-0.3
2024-04-17 13:30:00,-0.0218587190977833,-0.021427803153925267,-0.02556455930609094,normal,18.21,18.77,0.97016515716569,1.48,3.42,-0.34
2024-04-18 13:30:00,-0.0168522462915032,-0.016555140817645957,-0.015217066130417506,normal,18.0,18.66,0.9646302250803859,1.47,3.39,-0.34
2024-04-19 13:30:00,-0.0091518841152347,-0.012384718713559348,0.000685816381550873,normal,18.71,19.25,0.971948051948052,1.46,3.37,-0.35
2024-04-22 13:30:00,-0.0104384274128966,-0.0036590144413254045,-0.005057561236520841,normal,16.94,17.63,0.9608621667612026,1.46,3.29,-0.35
2024-04-23 13:30:00,-0.0011417703564773,0.0006949553011475448,0.0019389880852086867,complacency,15.69,16.68,0.9406474820143885,1.46,3.2,-0.25
2024-04-24 13:30:00,0.0053947975048517,0.004360199932459488,0.0038950853541512656,complacency,15.97,16.84,0.9483372921615202,1.48,3.19,-0.24
2024-04-25 13:30:00,0.0123560310213024,0.015871401621814815,0.017989213388642643,complacency,15.37,16.37,0.9389126450824679,1.47,3.24,-0.26
2024-04-26 13:30:00,0.0137584614555533,0.01562754282249715,0.0054465300628881545,complacency,15.03,16.27,0.9237861094038107,1.45,3.16,-0.29
2024-04-29 13:30:00,0.0035906967916157,0.00884745278814606,0.011809508264716061,complacency,14.67,16.0,0.916875,1.45,3.12,-0.34
2024-04-30 13:30:00,0.006513029540883,0.001806215320695739,0.002706615187583222,complacency,15.65,16.59,0.9433393610608801,1.44,3.18,-0.35
2024-05-01 13:30:00,-0.0137578350196811,-0.015537934772380147,-0.01317515443983446,complacency,15.39,16.57,0.9287869643934822,1.43,3.21,-0.33
2024-05-02 13:30:00,-0.0070468479874508,-0.0020271502867302846,-0.006160402780537727,complacency,14.68,16.05,0.9146417445482865,1.47,3.16,-0.29
2024-05-03 13:30:00,-0.019117163392796,-0.009226957063882924,-0.019188691493574404,complacency,13.49,15.27,0.8834315651604454,1.49,3.08,-0.31
2024-05-06 13:30:00,0.0122891609962638,0.011316951177828148,0.008965881441944743,complacency,13.49,15.02,0.8981358189081226,1.47,3.03,-0.33
2024-05-07 13:30:00,-0.0252975719186184,-0.025033679781697234,-0.021229372184689788,complacency,13.23,14.95,0.8849498327759198,1.45,3.06,-0.35
2024-05-08 13:30:00,0.0168795142787799,0.022193774837394625,0.020682384011122268,complacency,13.0,14.9,0.87248322147651,1.47,3.1,-0.36
2024-05-09 13:30:00,-0.0006959343789773,0.0006714671531341969,0.005686347027366959,complacency,12.69,14.71,0.8626784500339904,1.48,3.14,-0.35
2024-05-10 13:30:00,-0.0015375920062117,0.001097052343711026,0.0020702367823220405,complacency,12.55,14.66,0.8560709413369714,1.48,3.12,-0.37
2024-05-13 13:30:00,-0.023850720165795,-0.028329369082425122,-0.031865844041969,complacency,13.6,14.89,0.9133646742780389,1.48,3.14,-0.37
2024-05-14 13:30:00,-0.0075173705927461,-0.00797645418808113,-0.007868038300028817,complacency,13.42,14.7,0.9129251700680272,1.48,3.14,-0.36
2024-05-15 13:30:00,-0.0043597027145798,0.00034599315006567707,-0.005406824003812547,complacency,12.45,14.08,0.8842329545454545,1.49,3.13,-0.37
2024-05-16 13:30:00,-0.0216516321277351,-0.01996164856461651,-0.019776280882777504,complacency,12.42,14.22,0.8734177215189873,1.47,3.08,-0.4
2024-05-17 13:30:00,0.003373554232731,0.006302497879199376,0.006640640327104254,complacency,11.99,13.99,0.8570407433881344,1.48,3.09,-0.41
2024-05-20 13:30:00,-0.0065788759677514,-0.011499207308692739,-0.013810902721368666,complacency,12.15,14.11,0.8610914245216159,1.47,3.07,-0.38
2024-05-21 13:30:00,0.0024340136119435,0.007788517826718889,0.0016826264824748574,complacency,11.86,13.95,0.850179211469534,1.48,3.07,-0.41
2024-05-22 13:30:00,0.017765034701235,0.01726083840725983,0.013615804208185934,complacency,12.29,14.31,0.8588399720475192,1.46,3.11,-0.43
2024-05-23 13:30:00,0.0473262997873742,0.04583501943554916,0.031738053109444234,complacency,12.77,14.67,0.8704839809134287,1.45,3.1,-0.44
2024-05-24 13:30:00,0.006507851544657,0.014456228119259944,0.014740448333945028,complacency,11.93,14.17,0.8419195483415667,1.46,3.11,-0.47
2024-05-28 13:30:00,0.0031441966133534,,,complacency,12.92,14.72,0.8777173913043478,1.45,3.09,-0.4
2024-05-29 13:30:00,-0.0038437886079774,-0.010316011063722631,-0.021563526339689706,complacency,14.28,15.45,0.9242718446601942,1.47,3.15,-0.35
2024-05-30 13:30:00,0.017570126774763,0.01654000081709053,0.03757633021233818,complacency,14.47,15.59,0.9281590763309815,1.46,3.19,-0.37
2024-05-31 13:30:00,-0.0285069892754749,-0.0222877267064664,-0.011725091822960852,complacency,12.92,14.66,0.8813096862210096,1.46,3.2,-0.38
2024-06-03 13:30:00,0.0412251895851707,0.04434190932930974,0.03130561571034269,complacency,13.11,14.8,0.8858108108108107,1.47,3.17,-0.41
2024-06-04 13:30:00,-0.0240888810712021,-0.020276858098045445,-0.027638301370087638,complacency,13.16,14.88,0.8844086021505376,1.49,3.22,-0.44
2024-06-05 13:30:00,0.0307037475123681,0.039218656819601704,0.026488128995239113,complacency,12.63,14.54,0.8686382393397525,1.53,3.2,-0.43
2024-06-06 13:30:00,-0.0335725345444998,-0.035683110977482876,-0.03855447158673664,complacency,12.58,14.54,0.8651994497936727,1.5,3.2,-0.44
2024-06-07 13:30:00,0.0117779811890499,0.013568034713240851,0.014216001737632888,complacency,12.22,14.41,0.8480222068008328,1.46,3.15,-0.44
2024-06-10 13:30:00,0.0084092965827236,0.004071153054304629,0.003895124724186098,complacency,12.74,14.6,0.8726027397260274,1.46,3.15,-0.4
2024-06-11 13:30:00,0.0129926223157409,0.013034509424584685,0.000995118966035765,complacency,12.85,14.49,0.8868184955141476,1.48,3.19,-0.42
2024-06-12 13:30:00,0.0172415355567194,0.021744304490721292,0.0122410260086123,complacency,12.04,14.12,0.8526912181303116,1.48,3.09,-0.44
2024-06-13 13:30:00,-0.0104983507636271,-0.010306970357321418,-0.013430447576956439,complacency,11.94,14.17,0.8426252646436132,1.51,3.2,-0.44
2024-06-14 13:30:00,-0.0148382293372219,-0.017489879350968036,-0.025873994871867124,complacency,12.66,14.84,0.8530997304582211,1.53,3.29,-0.47
2024-06-17 13:30:00,0.0073375797110094,0.0062655692922408725,0.0031414291895354033,complacency,12.75,14.79,0.8620689655172414,1.52,3.26,-0.47
2024-06-18 13:30:00,0.0222987602798506,0.024437785453763797,0.026124044244742028,complacency,12.3,14.69,0.8373042886317223,1.52,3.24,-0.47
2024-06-20 13:30:00,-0.0189703665362639,,,complacency,13.28,15.41,0.8617780661907851,1.54,3.23,-0.45
2024-06-21 13:30:00,-0.0013628734221396,-0.0005730502936898965,0.00447442012075341,complacency,13.2,15.17,0.8701384311140409,1.55,3.21,-0.45
2024-06-24 13:30:00,-0.0055238800988568,-0.006632287880569882,0.005390342051861244,complacency,13.33,15.23,0.8752462245567958,1.53,3.19,-0.46
2024-06-25 13:30:00,0.0122910383481513,0.013585057278385835,0.0003569176676728996,complacency,12.84,14.86,0.8640646029609691,1.55,3.19,-0.42
2024-06-26 13:30:00,-0.0240580999597802,-0.023786022492068803,-0.029367489103583947,complacency,12.55,14.71,0.8531611148878314,1.55,3.18,-0.39
2024-06-27 13:30:00,0.0015245499980067,0.00296353478805559,-0.003936813187734226,complacency,12.24,14.42,0.8488210818307906,1.55,3.21,-0.41
2024-06-28 13:30:00,-0.0061677517504587,-0.007694627800448056,-0.0009591647947317641,complacency,12.44,14.52,0.8567493112947658,1.55,3.18,-0.35
2024-07-01 13:30:00,0.002715716179482,,,complacency,12.22,14.19,0.861169837914024,1.55,3.21,-0.29
2024-07-02 13:30:00,-0.0056007295428614,-0.0056572064327837495,-0.007255179063825445,complacency,12.03,14.01,0.8586723768736616,1.56,3.23,-0.31
2024-07-03 13:30:00,0.0211285469287172,0.02198373178154373,0.012464911553941471,complacency,12.09,14.02,0.8623395149786021,1.53,3.25,-0.35
2024-07-05 13:30:00,-0.0170845292968485,,,complacency,12.48,14.35,0.8696864111498258,1.56,3.27,-0.32
2024-07-08 13:30:00,0.0155417303963033,0.014271118359840308,0.008721125654280848,complacency,12.37,14.29,0.8656403079076277,1.54,3.2,-0.34
2024-07-09 13:30:00,-0.0095319083391552,-0.009610087325087125,-0.00727511200842734,complacency,12.51,14.39,0.8693537178596247,1.56,3.21,-0.32
2024-07-10 13:30:00,0.0005179817288228,-0.0016264235843495324,-0.006898734857405456,complacency,12.85,14.5,0.8862068965517241,1.56,3.17,-0.34
2024-07-11 13:30:00,-0.0109315811872178,-0.00940231440389981,-0.013197927639998316,complacency,12.92,14.67,0.8807089297886844,1.58,3.18,-0.3
2024-07-12 13:30:00,-0.0054938426950886,-0.002565976921275303,0.0008016094371928427,complacency,12.46,14.37,0.8670842032011136,1.58,3.19,-0.27
2024-07-15 13:30:00,-0.0029449173892764,-0.0006732427532656279,-0.018600485215338095,complacency,13.12,14.87,0.8823133826496301,1.58,3.13,-0.21
2024-07-16 13:30:00,-0.0041427092178371,-0.008575308506675145,-0.014494643962544535,complacency,13.19,14.91,0.8846411804158283,1.56,3.08,-0.26
2024-07-17 13:30:00,-0.0705289382195724,-0.07397344323561253,-0.06316489049977633,complacency,14.48,15.79,0.9170360987967069,1.56,3.09,-0.26
2024-07-18 13:30:00,0.0297603004390793,0.03253642804734413,0.03670903423892148,complacency,15.93,16.56,0.9619565217391305,1.57,3.09,-0.26
2024-07-19 13:30:00,-0.0025256941912267,-0.0004961016452113233,-0.0031718497019121872,normal,16.52,17.16,0.9627039627039626,1.57,3.09,-0.24
2024-07-22 13:30:00,0.0121794645808998,0.012118500449322809,0.009212503474696435,complacency,14.91,16.09,0.9266625233064015,1.58,3.05,-0.24
2024-07-23 13:30:00,0.0132074789764793,0.022386453392027515,0.013656302029493155,complacency,14.72,16.01,0.9194253591505309,1.59,3.02,-0.15
2024-07-24 13:30:00,-0.0707676801584871,-0.0653879485138202,-0.04552251963641614,normal,18.04,18.43,0.9788388497015735,1.65,3.1,-0.09
2024-07-25 13:30:00,-6.167788796768853e-05,-0.0035054818365523994,-0.014663965615523902,normal,18.46,18.69,0.9876939539860888,1.62,3.08,-0.14
2024-07-26 13:30:00,-0.0038856902046922,-0.016305663604546442,0.003587927519643394,normal,16.39,17.24,0.9506960556844549,1.65,3.1,-0.16
2024-07-29 13:30:00,-0.0103963887418839,-0.008943062003763366,0.002419147130480432,normal,16.6,17.16,0.9673659673659675,1.66,3.13,-0.19
2024-07-30 13:30:00,-0.0261062967923278,-0.020328473590777153,-0.008766611096973867,normal,17.69,18.01,0.9822320932815103,1.65,3.2,-0.2
2024-07-31 13:30:00,0.0434415098213003,0.03735322751986695,0.0232536033750705,normal,16.36,16.97,0.9640542133176193,1.68,3.25,-0.2
2024-08-01 13:30:00,-0.0455656712659328,-0.020796619340240862,-0.00302283455765847,normal,18.59,19.14,0.9712643678160919,1.71,3.35,-0.17
2024-08-02 13:30:00,-0.0334795158188519,0.027614091319699566,0.0206032223725763,stress,23.39,23.34,1.0021422450728363,1.8,3.72,-0.08
2024-08-05 13:30:00,0.0607879251642463,0.20359597331574222,0.09643709381276885,stress,38.57,33.71,1.1441708691782853,1.85,3.93,-0.11
2024-08-06 13:30:00,0.0166929316516059,0.03249651764386133,0.07131219784317913,stress,27.71,26.76,1.0355007473841553,1.78,3.67,-0.09
2024-08-07 13:30:00,-0.001442013885435,0.009126300763764658,0.01484983576667743,stress,27.85,27.01,1.0310995927434283,1.8,3.57,-0.04
2024-08-08 13:30:00,0.0267860151789798,0.026438323046061588,0.01545870191880258,stress,23.79,24.13,0.9859096560298384,1.78,3.48,-0.05
2024-08-09 13:30:00,-0.0114487015232508,-0.019934456142190388,-0.010673824701775253,stress,20.37,21.18,0.9617563739376771,1.77,3.49,-0.11
2024-08-12 13:30:00,-0.0108748660322817,-0.00969025765656426,-0.016739072615418557,stress,20.71,21.63,0.9574664817383265,1.78,3.52,-0.11
2024-08-13 13:30:00,-0.0104422288975769,-0.0007424278997962205,-0.012911505934561193,normal,18.12,19.86,0.9123867069486405,1.8,3.54,-0.08
2024-08-14 13:30:00,0.0010005074648221,-0.011939337338363483,-0.0016108723858729722,normal,16.19,18.45,0.8775067750677508,1.74,3.46,-0.11
2024-08-15 13:30:00,-0.0022873433223331,-0.017782835357271605,-0.04461712518392112,complacency,15.23,17.88,0.8517897091722596,1.68,3.31,-0.16
2024-08-16 13:30:00,-0.0258853368366214,-0.025655059945510126,-0.024034636693111507,complacency,14.8,17.81,0.8309938236945538,1.69,3.29,-0.17
2024-08-19 13:30:00,-0.0133771191162921,-0.018549727003482067,-0.027983236578331128,complacency,14.65,17.59,0.8328595793064242,1.68,3.21,-0.2
2024-08-20 13:30:00,-0.0012819931725485,0.0025002528004817674,0.003920350671181474,complacency,15.88,18.28,0.8687089715536105,1.69,3.25,-0.17
2024-08-21 13:30:00,0.0013958056005821,0.005908749784922344,0.0041708079571105335,normal,16.27,18.58,0.8756727664155006,1.69,3.27,-0.13
2024-08-22 13:30:00,0.0166443929561953,0.016697447893792076,0.03171043888594961,normal,17.55,19.36,0.90650826446281,1.7,3.21,-0.13
2024-08-23 13:30:00,0.0042879229165819,0.010258667033239084,-0.0051983232410701165,complacency,15.86,18.19,0.8719076415612973,1.7,3.19,-0.09
2024-08-26 13:30:00,-0.0121420978863775,-0.012386837763530367,-0.009273556945157937,normal,16.15,18.25,0.884931506849315,1.7,3.15,-0.09
2024-08-27 13:30:00,0.0091163831189251,0.020057383715949433,0.027118308561690722,complacency,15.43,17.73,0.8702763677382966,1.71,3.17,0.0
2024-08-28 13:30:00,-0.0019583385614428,-0.0022640927202051803,0.004240247407014361,normal,17.11,18.9,0.9052910052910054,1.71,3.19,0.01
2024-08-29 13:30:00,0.0191776657393544,0.01699214006079438,0.023521049297990655,complacency,15.65,18.0,0.8694444444444445,1.69,3.15,0.0
2024-08-30 13:30:00,-0.0089228751902068,-0.008510110652349996,-0.00887167517212634,complacency,15.0,17.43,0.8605851979345955,1.69,3.13,0.0
2024-09-03 13:30:00,-0.0398567343542359,,,stress,20.72,21.7,0.9548387096774194,1.73,3.31,-0.04
2024-09-04 13:30:00,-0.0126925350146733,-0.011121414220841199,-0.01226250971085598,stress,21.32,22.07,0.966017217942909,1.73,3.35,0.01
2024-09-05 13:30:00,-0.0092630550155309,-0.009267296143646232,-0.014108903231867838,normal,19.9,20.93,0.9507883420926898,1.73,3.29,-0.02
2024-09-06 13:30:00,0.0481397753499026,0.049896171949146396,0.06163298963258403,stress,22.38,22.74,0.9841688654353562,1.73,3.39,0.06
2024-09-09 13:30:00,-0.0267985204614944,-0.020189783551948073,-0.01183194105733399,normal,19.45,20.88,0.9315134099616859,1.73,3.36,0.02
2024-09-10 13:30:00,-0.0198560902126805,-0.017293372237100136,-0.023248051555936497,normal,19.08,20.55,0.9284671532846714,1.74,3.46,0.06
2024-09-11 13:30:00,0.0059296318441834,0.014009391760466379,-0.0015189875176791177,normal,17.69,19.59,0.9030117406840226,1.75,3.44,0.03
2024-09-12 13:30:00,-0.0038394584676755,-0.006173150263554179,-0.01391735448746519,normal,17.07,19.48,0.8762833675564682,1.74,3.39,0.04
2024-09-13 13:30:00,-0.0106493494285319,-0.017456892770125167,-0.020408159128649885,normal,16.56,19.28,0.858921161825726,1.72,3.37,0.09
2024-09-16 13:30:00,0.0092300054603412,0.0020237267098689084,0.013060325073979208,normal,17.14,19.81,0.8652195860676427,1.7,3.32,0.07
2024-09-17 13:30:00,0.0158611518340377,0.008659678102268888,0.005390474961053524,normal,17.61,20.13,0.8748137108792846,1.68,3.25,0.06
2024-09-18 13:30:00,0.0231693869687555,0.01814877683041329,0.016762616924331952,normal,18.23,20.35,0.8958230958230958,1.67,3.21,0.09
2024-09-19 13:30:00,0.0168637399574143,0.020093614993864743,0.005264814629513349,normal,16.33,19.07,0.8563188253801782,1.67,3.1,0.14
2024-09-20 13:30:00,0.0082910272017355,0.007513523029466887,0.007608119260489387,normal,16.15,18.94,0.8526927138331573,1.67,3.15,0.18
2024-09-23 13:30:00,-0.0074423483850724,-0.01447542442354623,-0.00457567229951749,complacency,15.89,18.7,0.8497326203208557,1.65,3.15,0.18
2024-09-24 13:30:00,0.0093594066963564,0.011293802651910224,0.007840165709709272,complacency,15.39,18.47,0.8332430969139145,1.66,3.21,0.25
2024-09-25 13:30:00,0.0085302441153679,0.004109161336252661,-0.0006083037777919967,complacency,15.41,18.57,0.8298330640818524,1.65,3.19,0.26
2024-09-26 13:30:00,-0.0087354849827844,-0.004556281783277732,0.0070580440643981425,complacency,15.37,18.45,0.8330623306233063,1.65,3.14,0.19
2024-09-27 13:30:00,-0.0054127373988964,-0.005852220225152592,-0.0005473308768917115,normal,16.96,19.54,0.8679631525076766,1.66,3.14,0.2
2024-09-30 13:30:00,-0.0063638026877806,-0.013689772388817814,-0.019670272353518335,normal,16.73,19.22,0.8704474505723205,1.63,3.03,0.15
2024-10-01 13:30:00,0.0106764180936236,0.013915192008815863,0.02160151003571917,normal,19.26,20.89,0.9219722355193873,1.65,3.07,0.13
2024-10-02 13:30:00,0.0083175209399047,0.0036208492632355416,0.0015562687934793807,normal,18.9,20.59,0.917921321029626,1.64,3.06,0.16
2024-10-03 13:30:00,0.0189281610339337,0.00918803499564666,0.0024017498830842254,stress,20.49,21.63,0.9472954230235784,1.62,3.04,0.15
2024-10-04 13:30:00,0.0138152921190692,0.005755658157797754,0.0021330023880190927,normal,19.21,20.65,0.930266343825666,1.57,2.89,0.05
2024-10-07 13:30:00,0.0497129874243725,0.03164084871793467,0.027131263976708307,stress,22.64,22.59,1.0022133687472332,1.54,2.95,0.04
2024-10-08 13:30:00,-0.0310888844324331,-0.02501620850581137,-0.03811773793270799,stress,21.42,21.52,0.9953531598513012,1.55,2.99,0.06
2024-10-09 13:30:00,-0.0038635519521168,-0.007435317339571545,-0.004531630799769459,stress,20.86,20.91,0.9976087996174079,1.54,2.94,0.07
2024-10-10 13:30:00,0.0056132370556881,0.002411438094314949,-0.002037068783460656,stress,20.93,21.02,0.9957183634633682,1.54,2.99,0.11
2024-10-11 13:30:00,-0.0096790187702614,-0.009645844368486185,-0.006973976743651082,stress,20.46,20.77,0.9850746268656717,1.54,2.98,0.13
2024-10-14 13:30:00,-0.0133029547348291,,,normal,19.7,20.12,0.9791252485089462,,2.97,
2024-10-15 13:30:00,-0.0120657241292665,,,stress,20.64,20.8,0.9923076923076923,1.53,2.93,0.08
2024-10-16 13:30:00,-0.0100833075505453,-0.017023035091439376,-0.015941647996040403,normal,19.58,20.32,0.9635826771653543,1.51,2.9,0.09
2024-10-17 13:30:00,0.0049835698362232,0.013115736100559437,0.010841364779269978,normal,19.11,19.81,0.9646643109540637,1.53,2.89,0.13
2024-10-18 13:30:00,-0.0098718190784637,-0.006418901199642871,-0.0046372730034497794,normal,18.03,19.19,0.9395518499218343,1.53,2.88,0.13
2024-10-21 13:30:00,0.0059898460111981,0.005476095476690038,9.833183726234204e-05,normal,18.37,19.24,0.9547817047817049,1.54,2.88,0.17
2024-10-22 13:30:00,-0.0160675290879126,-0.011361819882522616,-0.0160606584287255,normal,18.2,19.17,0.9494001043296817,1.55,2.92,0.17
2024-10-23 13:30:00,-0.0021133595827134,-0.009925464553716356,-0.0025040593248212583,normal,19.24,20.04,0.9600798403193612,1.54,2.95,0.17
2024-10-24 13:30:00,0.0055020396603387,0.00034006136996883336,-0.0021660109519171175,normal,19.08,19.85,0.9612090680100754,1.52,2.93,0.14
2024-10-25 13:30:00,0.0193350606940761,0.008156006182257583,0.0064724364552179205,stress,20.33,20.94,0.9708691499522444,1.51,2.89,0.14
2024-10-28 13:30:00,-0.001047309617737,-0.0013733265597979647,-0.00026662888725050916,normal,19.8,20.17,0.9816559246405552,1.51,2.82,0.16
2024-10-29 13:30:00,0.0348229200566317,0.026346601516423707,0.025606341840814367,normal,19.34,19.96,0.9689378757515029,1.49,2.85,0.17
2024-10-30 13:30:00,0.0040662648434903,-0.018608267718553846,-0.019403734160819863,stress,20.35,20.76,0.9802504816955684,1.44,2.8,0.14
2024-10-31 13:30:00,-0.009220746522429,-0.009699752902391215,-0.006639326483718164,stress,23.16,22.64,1.0229681978798586,1.46,2.88,0.12
2024-11-01 13:30:00,0.030868669135628,0.0296505926333568,0.028790806839874485,stress,21.88,21.91,0.9986307622090369,1.46,2.83,0.16
2024-11-04 14:30:00,0.0171031338212329,0.019887462699723538,0.021887812316288488,stress,21.98,21.57,1.0190078813166434,1.46,2.87,0.14
2024-11-05 14:30:00,-0.0142529062316711,0.0009717492331119525,0.0012223861956875502,stress,20.49,20.19,1.0148588410104011,1.45,2.86,0.07
2024-11-06 14:30:00,0.0117290189871583,0.0018607299777505474,0.0029254026660001445,normal,16.27,17.67,0.9207696661007356,1.4,2.74,0.15
2024-11-07 14:30:00,0.0106610265005658,0.04022378253594307,0.03693898160124382,complacency,15.2,16.95,0.8967551622418879,1.44,2.73,0.1
2024-11-08 14:30:00,-0.0100930813166891,-0.01905438728900717,-0.017668689528926085,complacency,14.94,16.83,0.8877005347593584,1.38,2.63,0.04
2024-11-11 14:30:00,0.0078492822961136,,,complacency,14.97,16.8,0.8910714285714286,,2.63,
2024-11-12 14:30:00,0.0129864005382316,,,complacency,14.71,16.71,0.8803111909036505,1.36,2.61,0.09
2024-11-13 14:30:00,0.005785806620269,0.011727495550076038,0.0170159364155461,complacency,14.02,16.51,0.8491823137492428,1.41,2.64,0.17
2024-11-14 14:30:00,-0.000706313814355,0.003294363678715483,0.0022929003610004496,complacency,14.31,16.68,0.8579136690647482,1.39,2.6,0.09
2024-11-15 14:30:00,0.0138087053347145,0.006435730662614338,0.010359875488038149,normal,16.14,17.81,0.9062324536777092,1.41,2.72,0.12
2024-11-18 14:30:00,-0.0143179310902899,-0.010957633786247213,-0.009402963009725094,complacency,15.58,17.19,0.9063408958696916,1.42,2.72,0.13
2024-11-19 14:30:00,0.0026225090117655,0.0004141709463353748,-0.010546731071269563,normal,16.35,17.69,0.9242509892594687,1.42,2.69,0.12
2024-11-20 14:30:00,-0.0020047777829005,-0.000971668856471319,0.0008894095758424179,normal,17.16,18.26,0.9397590361445782,1.43,2.67,0.1
2024-11-21 14:30:00,0.0016939011027851,0.004211774398013496,0.010858647894996765,normal,16.87,18.18,0.927942794279428,1.43,2.61,0.09
2024-11-22 14:30:00,0.0068194322879142,0.020641101769003065,0.024783673502393914,complacency,15.24,17.3,0.8809248554913295,1.43,2.61,0.04
2024-11-25 14:30:00,-0.0220053741042973,-0.02324732307978105,-0.01886560672378293,complacency,14.6,16.87,0.8654416123295791,1.42,2.64,0.06
2024-11-26 14:30:00,-0.0133442102176161,-0.012187870974398897,-0.013913251338695143,complacency,14.1,16.53,0.8529945553539019,1.43,2.68,0.09
2024-11-27 14:30:00,-0.0158259259156345,-0.012797749318287593,-0.012161368064147655,complacency,14.1,16.6,0.8493975903614457,1.43,2.69,0.06
2024-11-29 14:30:00,0.0054420547771933,,,complacency,13.51,16.26,0.8308733087330873,1.44,2.72,0.05
2024-12-02 14:30:00,0.048641187796381,,,complacency,13.34,16.34,0.8164014687882497,1.41,2.68,0.02
2024-12-03 14:30:00,0.0100993977885936,0.004731041035022916,0.0020728023071411514,complacency,13.3,16.24,0.8189655172413794,1.4,2.66,0.06
2024-12-04 14:30:00,-0.0037318461979779,-0.00607819542915343,-0.01420023733031878,complacency,13.45,16.39,0.8206223306894447,1.39,2.66,0.06
2024-12-05 14:30:00,-0.0071194477661087,-0.0021952910680863207,-0.004585795180302196,complacency,13.54,16.58,0.8166465621230399,1.4,2.66,0.02
2024-12-06 14:30:00,0.0057135386421478,0.00944033255562128,0.006073953813148571,complacency,12.77,16.32,0.7824754901960784,1.42,2.67,0.05
2024-12-09 14:30:00,-0.0085702243344088,-0.015967412791761976,-0.017001340708583543,complacency,14.19,17.09,0.8303101228788765,1.42,2.67,0.07
2024-12-10 14:30:00,-0.0049414150304352,-0.0069346654816644475,-0.009792796453197847,complacency,14.18,16.98,0.8351001177856301,1.41,2.67,0.07
2024-12-11 14:30:00,0.0150174145546451,0.01453248104707214,0.008115990351551836,complacency,13.58,16.88,0.8045023696682465,1.42,2.64,0.11
2024-12-12 14:30:00,0.0069911261786571,0.006102432741064614,0.010612869084403677,complacency,13.92,17.35,0.8023054755043227,1.44,2.66,0.14
2024-12-13 14:30:00,-0.0130560248910992,-0.017228165139715035,-0.017449959626060853,complacency,13.81,17.15,0.8052478134110788,1.42,2.68,0.15
2024-12-16 14:30:00,-0.0003824078550452,-0.002358922503726563,-0.01466836144390005,complacency,14.69,17.57,0.836084234490609,1.42,2.69,0.14
2024-12-17 14:30:00,-0.0128923362413672,-0.022321344998623215,-0.023781553653424804,complacency,15.87,18.13,0.8753447324875896,1.39,2.75,0.15
2024-12-18 14:30:00,0.0479181071440674,0.012402107370216998,0.0027325062392199798,stress,27.62,24.24,1.1394389438943895,1.37,2.73,0.15
2024-12-19 14:30:00,0.0105403025154438,0.01840535004439793,0.020509065248468378,stress,24.09,24.14,0.9979287489643744,1.4,2.91,0.25
2024-12-20 14:30:00,-0.0212989780745602,0.0037822401702063344,0.008555101211571658,normal,18.36,20.1,0.9134328358208954,1.43,2.86,0.22
2024-12-23 14:30:00,-0.0157040719891509,-0.01846999453771989,-0.016962856012078854,normal,16.78,18.65,0.8997319034852548,1.42,2.85,0.29
2024-12-24 14:30:00,-0.0102859724578138,-0.005454829678503751,-0.003039376470148932,complacency,14.27,17.2,0.8296511627906977,1.39,2.86,0.3
2024-12-26 14:30:00,0.0048744960242737,0.005629889126487397,0.0010738986309394298,complacency,14.73,17.36,0.8485023041474655,1.4,2.86,0.28
2024-12-27 14:30:00,-0.0045057619474866,-0.010732085246642993,-0.006067906159947935,complacency,15.95,18.07,0.8826784726065301,1.4,2.84,0.31
2024-12-30 14:30:00,0.0156341738257773,0.01350083888044012,0.009422283098113247,normal,17.4,18.94,0.918690601900739,1.43,2.94,0.31
2024-12-31 14:30:00,0.001228113322611,-0.0004778051822217227,0.003496478130590415,normal,17.35,18.98,0.9141201264488936,1.42,2.92,0.33
2025-01-02 14:30:00,0.0169555781930033,0.016723040564236603,0.011500283892443088,normal,17.93,19.33,0.9275737196068289,1.45,2.88,0.32
2025-01-03 14:30:00,0.0140361797080959,0.019898423118331107,0.01760116057266116,normal,16.13,18.14,0.8891951488423373,1.44,2.81,0.32
2025-01-06 14:30:00,0.0170290789220103,0.01558256574832595,0.010605104408116399,normal,16.04,18.03,0.8896283971159178,1.44,2.76,0.34
2025-01-07 14:30:00,0.011035417362432,0.002337257677570582,0.007579492884191078,normal,17.82,19.19,0.9286086503387181,1.47,2.79,0.37
2025-01-08 14:30:00,-0.0117343926523015,-0.013522143605502798,-0.010965070440894866,normal,17.7,19.34,0.9152016546018614,1.48,2.84,0.39
2025-01-10 14:30:00,0.0380074422890758,0.03861468782745803,0.045568100613361064,normal,19.54,20.97,0.9318073438245112,1.42,2.81,0.37
2025-01-13 14:30:00,0.0146549604642259,0.01456676843363523,0.020835316198734924,normal,19.19,20.43,0.9393049437102301,1.44,2.85,0.39
2025-01-14 14:30:00,0.0005900269411205,0.0005082215204516829,0.0030887536151103854,normal,18.71,19.99,0.9359679839919961,1.44,2.8,0.41
2025-01-15 14:30:00,-0.0395751637170217,-0.030565262312622868,-0.036890056922482324,normal,16.12,18.23,0.884256719692814,1.44,2.72,0.39
2025-01-16 14:30:00,-0.017821976543809,-0.01805436640934695,-0.015668108981988574,normal,16.6,18.35,0.9046321525885559,1.46,2.73,0.38
2025-01-17 14:30:00,-0.021912550949922,-0.016112594089345088,-0.017380216361493006,complacency,15.97,18.19,0.8779549202858713,1.46,2.64,0.34
2025-01-21 14:30:00,0.0285893328360688,,,complacency,15.06,17.5,0.8605714285714287,1.46,2.61,0.28
2025-01-22 14:30:00,0.0401281720742313,0.03578126789446586,0.0359236739736815,complacency,15.1,17.81,0.8478382930937676,1.43,2.59,0.31
2025-01-23 14:30:00,-0.0046368169454031,-0.010529539672036823,-0.010413992701879905,complacency,15.02,17.52,0.8573059360730594,1.43,2.61,0.36
2025-01-24 14:30:00,-0.0104924575589397,-0.009936133429131282,-0.008407799442978002,complacency,14.85,17.55,0.8461538461538461,1.43,2.6,0.36
2025-01-27 14:30:00,-0.1413573552475587,-0.1497618653860264,-0.14320682461791756,normal,17.9,18.97,0.9435951502372166,1.45,2.66,0.36
2025-01-28 14:30:00,0.0383362848583323,0.040501376328083864,0.015636594139177666,normal,16.41,18.13,0.9051296194153338,1.45,2.66,0.36
2025-01-29 14:30:00,0.0209547620212396,0.023121126010632837,0.024063963115348697,normal,16.56,18.15,0.912396694214876,1.45,2.68,0.34
2025-01-30 14:30:00,0.0243224083102141,0.02524001816245866,0.03719274194730962,complacency,15.84,17.91,0.8844221105527638,1.45,2.67,0.34
2025-01-31 14:30:00,-0.0051218551462379,-0.007981884342377036,-0.013384905636417309,normal,16.43,18.43,0.8914812805208898,1.45,2.68,0.36
2025-02-03 14:30:00,-0.0152370567937899,-0.009579039071919794,-0.011195409160004386,normal,18.62,19.55,0.9524296675191816,1.46,2.73,0.28
2025-02-04 14:30:00,-0.0045637654544105,-0.005839378768276288,-0.01801020344733082,normal,17.21,18.64,0.9232832618025751,1.46,2.71,0.31
2025-02-05 14:30:00,-0.0197054748451387,-0.01460718187774487,-0.012567271032824574,complacency,15.77,17.96,0.8780623608017817,1.45,2.69,0.26
2025-02-06 14:30:00,0.0059342813066212,0.0069006049053748466,-3.356309620342057e-05,complacency,15.5,17.94,0.8639910813823857,1.44,2.66,0.24
2025-02-07 14:30:00,0.0138541498872609,0.01978994976507448,0.02386063174732292,normal,16.54,18.63,0.8878153515834676,1.45,2.67,0.2
2025-02-10 14:30:00,-0.0284985683569329,-0.03068715267940708,-0.03547657755580818,complacency,15.81,18.23,0.8672517827756445,1.45,2.66,0.23
2025-02-11 14:30:00,-0.019838987939313,-0.019755116947848636,-0.021508975485382022,normal,16.02,18.28,0.8763676148796498,1.46,2.66,0.25
2025-02-12 14:30:00,-0.0113703086825743,-0.014525603704785181,-0.015253394492354074,complacency,15.89,18.31,0.8678317859093393,1.45,2.65,0.26
2025-02-13 14:30:00,-0.0360259438687709,-0.03367915284126452,-0.035724494427986385,complacency,15.1,17.84,0.8464125560538116,1.44,2.65,0.21
2025-02-14 14:30:00,0.0015210473348458,0.007050616069932485,0.0015748679900363506,complacency,14.77,17.81,0.8293093767546322,1.46,2.62,0.21
2025-02-18 14:30:00,-0.0104618086607433,,,complacency,15.35,17.82,0.8613916947250281,1.44,2.62,0.26
2025-02-19 14:30:00,-0.0087328648359089,-0.002568054891702246,-0.005653360593183548,complacency,15.27,17.93,0.8516452872281093,1.46,2.68,0.25
2025-02-20 14:30:00,-0.0194157497738437,-0.014437476053854523,-0.012534057808529005,complacency,15.66,18.01,0.869516935036091,1.47,2.66,0.22
2025-02-21 14:30:00,-0.0251532375299204,-0.024865663144435085,-0.021256378523584973,normal,18.21,19.48,0.9348049281314169,1.49,2.78,0.23
2025-02-24 14:30:00,-0.0121545467542427,-0.02041647437157898,-0.004526530413833834,normal,18.98,19.86,0.9556898288016114,1.48,2.78,0.27
2025-02-25 14:30:00,0.0195635209898363,0.02909118209750626,0.03563968924051622,normal,19.43,20.03,0.9700449326010983,1.5,2.84,0.23
2025-02-26 14:30:00,0.0307219945218158,0.03658627576745317,0.028217560842121285,normal,19.1,19.75,0.9670886075949368,1.51,2.81,0.2
2025-02-27 14:30:00,0.019026968102707,0.017232254672057527,0.027078652290454638,stress,21.13,21.22,0.9957587181903864,1.52,2.81,0.22
2025-02-28 14:30:00,-0.0356761259317121,-0.025006975161901278,-0.0417228610233239,normal,19.63,20.18,0.9727452923686818,1.57,2.87,0.25
2025-03-03 14:30:00,-0.0813583350883784,-0.07129970094321422,-0.06775227364932666,stress,22.78,22.18,1.0270513976555455,1.61,2.94,0.2
2025-03-04 14:30:00,0.0374033350485563,0.029488568337156976,0.018806753837188647,stress,23.51,22.78,1.0320456540825285,1.61,2.99,0.26
2025-03-05 14:30:00,0.0185506457642835,-0.0017789158778062537,0.008662864727036144,stress,21.93,21.72,1.009668508287293,1.57,2.88,0.29
2025-03-06 14:30:00,-0.0102586484259718,-0.010068665996338884,-0.007544789336149752,stress,24.87,23.7,1.049367088607595,1.59,2.99,0.33
2025-03-07 14:30:00,-0.0196538377756005,-0.009787272675612075,0.0014297486776263732,stress,23.37,22.59,1.0345285524568393,1.61,2.97,0.33
2025-03-10 13:30:00,-0.0310809743415748,-0.021002719677860836,-0.011022130847899294,stress,27.86,25.72,1.0832037325038881,1.64,3.16,0.33
2025-03-11 13:30:00,0.0526281345621136,0.07087291877504728,0.045276696929016355,stress,26.92,25.34,1.0623520126282557,1.68,3.22,0.34
2025-03-12 13:30:00,0.0350179303686973,0.029359583831811358,0.020860024692418835,stress,24.23,23.67,1.0236586396282212,1.65,3.2,0.31
2025-03-13 13:30:00,-0.0101118734957803,0.008197600466107707,0.009196915717188697,stress,24.66,24.06,1.0249376558603491,1.7,3.4,0.33
2025-03-14 13:30:00,-0.0009402927859518,-0.016361576426619236,-0.006150568791411599,stress,21.77,22.17,0.9819576003608479,1.65,3.25,0.29
2025-03-17 13:30:00,0.0069164655178151,0.004549213077356878,0.021683044606775545,stress,20.51,21.3,0.9629107981220658,1.63,3.18,0.25
2025-03-18 13:30:00,0.0044399469529226,0.004297422454183691,0.013316710942562867,stress,21.7,21.97,0.9877105143377333,1.63,3.23,0.25
2025-03-19 13:30:00,0.0129614774868907,0.01645539185090245,0.0035243145377842344,normal,19.9,20.83,0.9553528564570332,1.64,3.19,0.26
2025-03-20 13:30:00,0.0041344621355392,9.291514431714141e-05,0.0034123806914696476,normal,19.8,20.71,0.9560598744567842,1.64,3.17,0.29
2025-03-21 13:30:00,0.000528972698415,0.009755979872879558,0.007299060267691143,normal,19.28,20.35,0.9474201474201475,1.68,3.21,0.31
2025-03-24 13:30:00,0.0168559633923291,0.0006455695926921544,-0.006235657120803741,normal,17.48,19.04,0.9180672268907564,1.64,3.05,0.3
2025-03-25 13:30:00,0.0066735333052217,0.0025003400653914763,0.006089814498718924,normal,17.15,19.05,0.900262467191601,1.66,3.09,0.35
2025-03-26 13:30:00,-0.0508725765321021,-0.04842808659689031,-0.030649712365825945,normal,18.33,19.84,0.923891129032258,1.66,3.19,0.37
2025-03-27 13:30:00,-0.0204909558795485,-0.019559554110338204,-0.0172614622569973,normal,18.69,19.89,0.9396681749622926,1.68,3.27,0.41
2025-03-28 13:30:00,0.0010097700727115,0.035332721729745706,0.022478358539425605,stress,21.65,22.01,0.9836437982735119,1.73,3.47,0.38
2025-03-31 13:30:00,-0.0236843061123782,-0.008104125365245497,0.009838780472409867,stress,22.28,21.97,1.0141101502048249,1.76,3.55,0.34
2025-04-01 13:30:00,0.0144281122917851,0.009291475131437838,0.010929610070153344,stress,21.77,21.82,0.9977085242896425,1.73,3.5,0.3
2025-04-02 13:30:00,0.0185295307853852,0.01851307208920448,0.012189707704338078,stress,21.51,21.45,1.002797202797203,1.73,3.42,0.29
2025-04-03 13:30:00,-0.0414145665519955,0.042097777461817136,-0.004114632233953454,stress,30.02,27.38,1.0964207450693937,1.89,4.01,0.35
2025-04-04 13:30:00,0.0680048259018509,0.14683445149398705,0.01945551230130358,stress,45.31,36.71,1.2342685916643967,1.94,4.45,0.33
2025-04-07 13:30:00,0.0463682475464862,0.06745893491885287,0.048425631684997375,stress,46.98,36.88,1.2738611713665942,2.02,4.61,0.42
2025-04-08 13:30:00,0.0160564720016702,-0.024562883144144315,-0.01615938832704405,stress,52.33,41.5,1.2609638554216867,2.0,4.57,0.55
2025-04-09 13:30:00,-0.0111136145712242,0.03450208184370048,0.012874928320342413,stress,33.62,29.92,1.123663101604278,2.02,4.37,0.43
2025-04-10 13:30:00,-0.0068993911893246,-0.03661765312866305,-0.010571651574684409,stress,40.72,35.71,1.1402968356202743,1.97,4.42,0.56
2025-04-11 13:30:00,-0.0027093045839612,-0.011539027820895848,-0.0031879477849823244,stress,37.56,33.91,1.107637864936597,1.9,4.26,0.52
2025-04-14 13:30:00,-0.0143999319625828,-0.01631658851005706,0.015742586143364348,stress,30.89,29.63,1.0425244684441446,1.9,4.14,0.54
2025-04-15 13:30:00,0.0058591204550048,0.008376075861876482,-0.000790648824678197,stress,30.12,29.0,1.0386206896551724,1.9,4.09,0.51
2025-04-16 13:30:00,0.0198047668209285,0.022173591274042993,0.026755535412737085,stress,32.64,30.94,1.054945054945055,1.92,4.16,0.52
2025-04-17 13:30:00,-0.015069622255796,-0.01509829101506215,0.004312980111989231,stress,29.65,29.35,1.010221465076661,1.92,4.02,0.53
2025-04-21 13:30:00,-0.0108376586271947,,,stress,33.82,31.83,1.0625196355639335,1.96,4.16,0.67
2025-04-22 13:30:00,-0.0085458460023747,-0.01103840059497952,-0.005660097936687772,stress,30.57,29.45,1.0380305602716469,1.93,3.99,0.65
2025-04-23 13:30:00,0.0280451331187934,0.021871930858723094,0.009057180601597898,stress,28.45,28.02,1.015346181299072,1.86,3.75,0.59
2025-04-24 13:30:00,0.0122296268405666,0.014969089978482359,0.007599818067252717,stress,26.47,26.44,1.0011346444780636,1.86,3.73,0.55
2025-04-25 13:30:00,0.0081676322743274,0.006470978487389958,8.693316018189637e-06,stress,24.84,25.37,0.9791091840756799,1.84,3.67,0.55
2025-04-28 13:30:00,0.0071799796337199,0.011502237077994606,0.006296026665306075,stress,25.15,25.73,0.9774582199766808,1.87,3.73,0.56
2025-04-29 13:30:00,-0.0050742189492577,-0.002174585614196736,-0.001705672780617278,stress,24.17,25.22,0.9583663758921492,1.88,3.74,0.54
2025-04-30 13:30:00,0.0083311473268476,0.01963979135678742,0.030243931726212384,stress,24.7,25.54,0.9671104150352389,1.96,3.94,0.57
2025-05-01 13:30:00,0.04894857441391,0.04795807429850507,0.023850539661329676,stress,24.6,25.49,0.9650843468026679,1.95,3.78,0.55
2025-05-02 13:30:00,-0.0148836484563216,-0.020106508832449826,-0.01845242196986446,stress,22.68,24.0,0.945,1.9,3.6,0.5
2025-05-05 13:30:00,0.0094604057931679,0.009749411376253556,0.019811529459097824,stress,23.64,24.55,0.9629327902240326,1.91,3.6,0.53
2025-05-06 13:30:00,0.0069546336679014,0.011401179494934969,0.01586601048460407,stress,24.76,25.41,0.9744195198740654,1.95,3.66,0.52
2025-05-07 13:30:00,-0.0062473001765095,-0.004603617190640604,0.011562241299625776,stress,23.55,24.7,0.9534412955465588,1.95,3.67,0.48
2025-05-08 13:30:00,0.0074930239628748,0.0005088713079301563,-0.01846954406897741,stress,22.48,23.76,0.946127946127946,1.89,3.51,0.47
2025-05-09 13:30:00,-0.0099218910120809,-0.010073726467698491,-0.0047347931061131575,stress,21.9,23.38,0.9366980325064157,1.89,3.53,0.49
2025-05-12 13:30:00,0.0144383655466183,0.008441141295850902,-0.0031244996861407165,normal,18.39,20.22,0.9094955489614244,1.82,3.15,0.47
2025-05-13 13:30:00,0.0276275441597771,0.02778822250324304,0.018802142892160957,normal,18.22,20.09,0.9069188651070184,1.82,3.09,0.47
2025-05-14 13:30:00,-0.005805686974412,-0.009251864248001417,-0.009920974959175613,normal,18.62,20.58,0.9047619047619049,1.8,3.1,0.48
2025-05-15 13:30:00,-0.0223054384069371,-0.01730980238822126,-0.008703328086487612,normal,17.83,20.25,0.8804938271604937,1.83,3.2,0.49
2025-05-16 13:30:00,0.0063283341928052,0.005572910905713065,0.018976094532548282,normal,17.24,20.08,0.8585657370517928,1.82,3.16,0.45
2025-05-19 13:30:00,-0.001180991101291,0.0010898102371441573,0.003850079137368079,normal,18.14,20.69,0.8767520541324311,1.84,3.21,0.49
2025-05-20 13:30:00,0.0001127915732713,-0.002566708274294099,-0.008713650249675586,normal,18.09,20.72,0.8730694980694981,1.82,3.2,0.51
2025-05-21 13:30:00,0.0001376022720455,0.0016935286487332849,0.00020705928984590197,stress,20.87,22.66,0.9210061782877317,1.85,3.25,0.58
2025-05-22 13:30:00,-0.0008690771074495,0.0030539880644438857,-0.009936886435797637,stress,20.28,22.32,0.9086021505376345,1.87,3.32,0.54
2025-05-23 13:30:00,0.0150975127985203,0.01512007227476705,0.013680070464793938,stress,22.29,23.8,0.9365546218487394,1.88,3.4,0.51
2025-05-27 13:30:00,0.0031207260637588,,,normal,18.96,21.29,0.8905589478628465,1.84,3.24,0.51
2025-05-28 13:30:00,0.0008645733741285,-0.0008215837124648837,0.002139000256093397,normal,19.31,21.67,0.8910936778957083,1.83,3.23,0.51
2025-05-29 13:30:00,-0.0096547866564342,-0.011533077000354532,-0.01262451909947758,normal,19.18,21.62,0.8871415356151711,1.81,3.22,0.51
2025-05-30 13:30:00,0.0009180228702009,0.005466056960599757,0.014506637985720702,normal,18.57,21.38,0.8685687558465857,1.84,3.31,0.52
2025-06-02 13:30:00,-0.0355014771757724,,,normal,18.36,21.09,0.8705547652916074,1.84,3.27,0.52
2025-06-03 13:30:00,0.0245499456327724,0.02142320094280335,0.012159748115870457,normal,17.69,20.72,0.8537644787644789,1.81,3.19,0.5
2025-06-04 13:30:00,-0.0102045509706229,-0.010927846205611333,-0.010979660952160974,normal,17.61,20.66,0.8523717328170377,1.8,3.23,0.5
2025-06-05 13:30:00,0.0065352216221345,0.0006200178105280063,0.0006304366346248742,normal,18.48,21.11,0.8754144954997631,1.77,3.18,0.48
2025-06-06 13:30:00,-0.0008537909145222,-0.002454088760260303,-0.0152542812768749,normal,16.77,20.02,0.8376623376623377,1.73,3.09,0.47
2025-06-09 13:30:00,-0.0219042589752143,-0.022550667962032256,-0.03925602862864906,normal,17.16,20.09,0.8541562966650075,1.72,3.12,0.48
2025-06-10 13:30:00,-0.0261646111429142,-0.028631835248238712,-0.027139763365723883,normal,16.95,19.94,0.850050150451354,1.71,3.12,0.46
2025-06-11 13:30:00,0.0172463942576484,0.0199942905232459,0.018371602245019637,normal,17.26,20.3,0.8502463054187193,1.74,3.12,0.47
2025-06-12 13:30:00,0.0197982813889786,0.016619856557933993,0.02956044418845442,normal,18.02,20.65,0.8726392251815981,1.73,3.17,0.46
2025-06-13 13:30:00,0.0092052424382201,0.004172488305031195,0.01168467366368858,stress,20.82,22.62,0.9204244031830239,1.75,3.18,0.45
2025-06-16 13:30:00,0.0052804585291848,0.012150964951960318,0.006215002773543697,normal,19.11,21.23,0.9001413094677343,1.74,3.1,0.49
2025-06-17 13:30:00,0.0030553021204421,-0.005919946792311706,-0.003774192327553769,stress,21.6,22.91,0.9428197293758185,1.74,3.17,0.45
2025-06-18 13:30:00,0.0133824766619965,0.017687012398415577,0.007138511923513708,stress,20.14,21.97,0.91670459717797,1.77,3.16,0.44
2025-06-20 13:30:00,0.0101717050588702,,,stress,20.62,22.48,0.9172597864768683,1.76,3.13,0.48
2025-06-23 13:30:00,-0.0033862827919533,0.0009300335925381716,-0.010285856536386993,normal,19.83,21.82,0.9087992667277726,1.77,3.12,0.5
2025-06-24 13:30:00,-0.0045037627201394,0.005595292217058572,-0.006487714840566004,normal,17.48,20.05,0.8718204488778055,1.78,3.06,0.55
2025-06-25 13:30:00,-0.0049691011347476,-0.002859348209608177,-0.005253754284216131,normal,16.76,19.67,0.8520589730554143,1.79,3.04,0.55
2025-06-26 13:30:00,0.006205024058261,0.008086093006754945,-0.010091996306610281,normal,16.59,19.45,0.8529562982005142,1.8,3.04,0.56
2025-06-27 13:30:00,0.0101799744256602,0.01021876528928573,0.015077027518060726,normal,16.32,19.45,0.8390745501285347,1.79,3.02,0.56
2025-06-30 13:30:00,-0.0095628409037387,-0.01667820323455053,-0.004482198130655512,normal,16.73,19.44,0.86059670781893,1.75,2.96,0.52
2025-07-01 13:30:00,-0.0102832890440624,-0.015409185239601487,0.008617361752124533,normal,16.83,19.51,0.8626345463864683,1.72,2.91,0.48
2025-07-02 13:30:00,-0.0026132212246646,0.003492339089981691,-0.017064364456256642,normal,16.64,19.35,0.8599483204134366,1.7,2.88,0.52
2025-07-03 13:30:00,0.0117889628538729,0.012460609163868618,0.005354044350794453,normal,16.38,19.21,0.8526808953669963,1.67,2.8,0.47
2025-07-07 13:30:00,0.0084880961676971,,,normal,17.79,20.21,0.880257298367145,1.71,2.86,0.5
2025-07-08 13:30:00,-0.0139824480350496,-0.01021663122775662,-0.010686198297921331,normal,16.81,19.58,0.8585291113381001,1.71,2.92,0.52
2025-07-09 13:30:00,0.0058483573365336,0.0020976637101671036,-0.006821468184304111,complacency,15.94,19.02,0.8380651945320715,1.73,2.94,0.48
2025-07-10 13:30:00,-0.005170259838895,-0.003970729561278821,0.002262791123689355,complacency,15.78,18.92,0.8340380549682874,1.7,2.92,0.49
2025-07-11 13:30:00,0.0112255128954528,0.01409751855549018,0.013774235595747778,normal,16.4,19.37,0.8466701084150747,1.72,2.97,0.53
2025-07-14 13:30:00,-0.0070356646596262,-0.00852185480542218,-0.015885269216209287,normal,17.2,19.84,0.8669354838709677,1.73,2.95,0.53
2025-07-15 13:30:00,-0.0038451086298613,-0.002349494604998687,-0.007557867719706946,normal,17.38,20.06,0.8664007976071785,1.7,2.95,0.55
2025-07-16 13:30:00,-0.0114849579913522,-0.008654378184661709,-0.012871708022463445,normal,17.16,20.09,0.8541562966650075,1.73,3.0,0.58
2025-07-17 13:30:00,0.0058119832837746,0.00464302049004825,0.005813046697017561,normal,16.52,19.69,0.8390045708481462,1.71,2.91,0.56
2025-07-18 13:30:00,0.0194158671605234,0.019351425961244312,0.02247516644232672,normal,16.41,19.58,0.838100102145046,1.73,2.93,0.56
2025-07-21 13:30:00,-0.0261136990805186,-0.029169076518415767,-0.036674015821183764,normal,16.65,19.51,0.8534085084572013,1.73,2.89,0.53
2025-07-22 13:30:00,0.0017313154925649,0.0012581958493020475,0.01392781234157052,normal,16.5,19.53,0.8448540706605222,1.73,2.9,0.52
2025-07-23 13:30:00,0.0299354230287703,0.031362958084433984,0.030041017879847715,complacency,15.37,18.56,0.828125,1.71,2.83,0.52
2025-07-24 13:30:00,-0.0038181399755263,-0.0032293893421582063,0.0006142267877560291,complacency,15.39,18.56,0.8292025862068967,1.68,2.82,0.52
2025-07-25 13:30:00,0.0064757111338987,0.00528800755862034,0.0057294118360647715,complacency,14.93,18.32,0.8149563318777292,1.69,2.84,0.49
2025-07-28 13:30:00,-0.0026923743728264,-0.0017546631743352436,-0.007083160607555478,complacency,15.03,18.16,0.8276431718061673,1.69,2.82,0.51
2025-07-29 13:30:00,-0.0005315900012189,-0.0026347587528567674,-0.00023833288894140677,complacency,15.98,18.77,0.8513585508790624,1.7,2.86,0.48
2025-07-30 13:30:00,0.0106334197626043,0.00982989761885673,0.008781113771935849,complacency,15.48,18.35,0.8435967302452315,1.69,2.89,0.44
2025-07-31 13:30:00,0.0006442220445663,0.00029166855284967427,-0.0007027107238576988,normal,16.72,19.14,0.8735632183908045,1.67,2.86,0.43
2025-08-01 13:30:00,0.0200333569848471,0.02707537870465835,0.02868759183324399,stress,20.38,21.24,0.9595103578154426,1.75,3.13,0.54
2025-08-04 13:30:00,-0.0250030191393659,-0.023582293187760964,-0.024591902724809968,normal,17.52,19.61,0.8934217236104028,1.74,3.02,0.53
2025-08-05 13:30:00,-0.0217274344224725,-0.02248528087099349,-0.023216725845087886,normal,17.85,20.03,0.8911632551173241,1.72,2.98,0.5
2025-08-06 13:30:00,-0.0316928712404307,-0.03143217156846439,-0.032015842526827674,normal,16.77,19.47,0.8613251155624038,1.75,2.98,0.53
2025-08-07 13:30:00,0.0013997049315435,0.00138349801720747,0.0008638745654842572,normal,16.57,19.35,0.8563307493540051,1.74,2.95,0.51
2025-08-08 13:30:00,-0.0181389177587444,-0.014813800848400456,-0.013145872238899122,complacency,15.15,18.7,0.8101604278074866,1.74,2.94,0.51
2025-08-11 13:30:00,-0.0016656015610572,-0.0038550769212422355,-0.0029326666922916667,normal,16.25,19.25,0.8441558441558441,1.72,2.94,0.51
2025-08-12 13:30:00,0.0027861179871563,0.008270080003740946,0.008139505219642774,complacency,14.73,18.34,0.8031624863685932,1.73,2.93,0.57
2025-08-13 13:30:00,-0.0237989566278011,-0.021954128627885705,-0.02905002044798069,complacency,14.49,18.33,0.7905073649754502,1.71,2.9,0.57
2025-08-14 13:30:00,-0.0048887543669863,-0.006113310298544332,-0.004569503992437244,complacency,14.83,18.49,0.8020551649540293,1.71,2.89,0.55
2025-08-15 13:30:00,-0.0006952079894938,0.0009006445243748581,0.0006290856401036434,complacency,15.09,18.64,0.8095493562231759,1.69,2.88,0.58
2025-08-18 13:30:00,0.0100582546064475,0.009270849049397593,0.009838689143034257,complacency,14.99,18.45,0.8124661246612467,1.7,2.88,0.57
2025-08-19 13:30:00,0.0010023812842541,-0.00155677989445072,-0.006417781460987985,complacency,15.57,18.9,0.8238095238095239,1.71,2.9,0.55
2025-08-20 13:30:00,0.0028673890857438,0.0007907112140430042,0.00018371792552018948,complacency,15.69,19.1,0.8214659685863873,1.73,2.94,0.55
2025-08-21 13:30:00,0.0075114987348703,0.006331535445285674,0.007316993871856647,normal,16.6,19.41,0.8552292632663576,1.72,2.95,0.54
2025-08-22 13:30:00,-0.0247555240699694,-0.0199175444584809,-0.020359164903695562,complacency,14.22,17.76,0.8006756756756757,1.73,2.88,0.58
2025-08-25 13:30:00,0.0058825550534566,0.005917939252262561,0.006281558611514967,complacency,14.79,18.02,0.820754716981132,1.7,2.8,0.55
2025-08-26 13:30:00,0.0121819607864313,0.011485667632035365,0.013358282395559936,complacency,14.62,17.9,0.8167597765363128,1.75,2.78,0.65
2025-08-27 13:30:00,-0.0057770407845831,-0.007843403895959826,-0.00708759835299189,complacency,14.85,17.94,0.8277591973244146,1.77,2.78,0.65
2025-08-28 13:30:00,0.0094124535832501,0.011941637728729367,0.01289106858317893,complacency,14.43,17.72,0.8143340857787811,1.75,2.75,0.6
2025-08-29 13:30:00,-0.0136739640031453,-0.02054689732457414,-0.021084047684777174,complacency,15.36,18.35,0.8370572207084468,1.8,2.82,0.64
2025-09-01 04:00:00,-0.0282557067808565,,,normal,16.12,,,,2.84,
2025-09-02 13:30:00,0.0079934978250355,,,normal,17.17,19.38,0.8859649122807018,1.81,2.92,0.62
2025-09-03 13:30:00,-0.0015075419209484,0.003002706264535313,0.0018106174001134223,normal,16.35,18.93,0.8637083993660857,1.78,2.88,0.61
2025-09-04 13:30:00,0.0032681174230599,0.005329468244169339,0.005873369972190151,complacency,15.3,18.39,0.831973898858075,1.8,2.84,0.58
2025-09-05 13:30:00,-0.0055423010853061,-0.003789540663111304,-0.002570545273197374,complacency,15.18,18.42,0.8241042345276872,1.78,2.83,0.59
2025-09-08 13:30:00,0.0026697750115012,0.0034060114757419394,0.003705020454039648,complacency,15.11,18.29,0.8261344997266266,1.76,2.84,0.56
2025-09-09 13:30:00,0.0031942452754184,0.0036136932042998577,0.002602470873469419,complacency,15.04,18.27,0.823207443897099,1.75,2.87,0.54
2025-09-10 13:30:00,0.0500907869307467,0.04863827557267189,0.04830001808574345,complacency,15.35,18.44,0.8324295010845986,1.75,2.84,0.5
2025-09-11 13:30:00,-0.0170249278654157,-0.014744887961738477,-0.012500231573031867,complacency,14.71,18.03,0.8158624514697725,1.74,2.78,0.49
2025-09-12 13:30:00,0.0032420470841087,0.008123459042923211,0.005615475557944512,complacency,14.76,18.06,0.8172757475083057,1.7,2.79,0.5
2025-09-15 13:30:00,0.0110775182632384,0.00902637341942092,0.006294031493094183,complacency,15.69,18.53,0.8467350242849433,1.68,2.75,0.51
2025-09-16 13:30:00,-0.0072422817588878,-0.00960988721809192,-0.010412051750761979,normal,16.36,18.91,0.8651507139079851,1.69,2.79,0.53
2025-09-17 13:30:00,-0.0108443810440759,-0.008053060669769307,-0.007064831712904861,complacency,15.72,18.44,0.8524945770065075,1.7,2.79,0.54
2025-09-18 13:30:00,0.017142316384974,0.018185415136582492,0.01828735189637864,complacency,15.7,18.52,0.8477321814254859,1.68,2.71,0.54
2025-09-19 13:30:00,-0.0044239048203822,-0.0013963431239537565,-0.002383405379055555,complacency,15.45,18.48,0.836038961038961,1.68,2.72,0.57
2025-09-22 13:30:00,0.0114802033561544,0.006774523252094191,0.0028568020474689353,normal,16.1,18.95,0.849604221635884,1.67,2.69,0.54
2025-09-23 13:30:00,-0.0335706098513719,-0.03360642514194766,-0.029797126188139983,normal,16.64,19.44,0.8559670781893004,1.69,2.71,0.59
2025-09-24 13:30:00,0.0103383851083014,0.012816129341422679,0.0165818088361357,normal,16.18,19.14,0.845350052246604,1.68,2.7,0.59
2025-09-25 13:30:00,-0.0016628542919103,-0.009493215551772235,-0.01154822508392607,normal,16.74,19.46,0.8602261048304213,1.67,2.76,0.54
2025-09-26 13:30:00,0.0027581573966239,0.012797256756232497,0.016807020169474444,complacency,15.29,18.41,0.830526887561108,1.65,2.75,0.57
2025-09-29 13:30:00,-0.0149044909614086,-0.022500704660165325,-0.022134838574812403,normal,16.12,18.76,0.8592750533049041,1.64,2.74,0.52
2025-09-30 13:30:00,0.0047504791211848,0.006578856082911107,0.0056623305651484785,normal,16.28,18.77,0.8673415023974428,1.67,2.8,0.56
2025-10-01 13:30:00,0.006200684687028,0.0067709479266834,0.0059930532143801195,normal,16.29,18.76,0.8683368869936033,1.69,2.81,0.57
2025-10-02 13:30:00,0.0030403904922186,0.0007108749477635875,0.0009204168534033105,normal,16.63,18.89,0.8803599788247749,1.68,2.81,0.55
2025-10-03 13:30:00,-0.0073956803981905,-0.007962982407414594,-0.006521217310556002,normal,16.65,19.08,0.8726415094339622,1.66,2.8,0.55
2025-10-06 13:30:00,-0.0012484144653374,0.00100135309107224,-0.0005547568986243102,normal,16.37,19.12,0.8561715481171548,1.65,2.76,0.58
2025-10-07 13:30:00,-0.0132013157891871,-0.016926321861981775,-0.01716731212793335,normal,17.24,19.71,0.8746829020801622,1.67,2.82,0.57
2025-10-08 13:30:00,0.0231884170068125,0.026765471849745124,0.024700000641769707,normal,16.3,19.26,0.8463136033229491,1.68,2.84,0.55
2025-10-09 13:30:00,-0.0020972670463092,-0.00302891380482899,-0.006440119352560851,normal,16.43,19.38,0.847781217750258,1.69,2.95,0.54
2025-10-10 13:30:00,-0.0122901782698151,-0.030392154672933304,-0.03184930946381096,stress,21.66,22.81,0.9495835160017537,1.72,3.18,0.53
2025-10-13 13:30:00,0.0185925695602499,,,normal,19.03,20.93,0.9092212135690397,,3.18,
2025-10-14 13:30:00,-0.0048286060211704,,,stress,20.81,22.03,0.9446209714026327,1.71,3.11,0.55
2025-10-15 13:30:00,0.0085998364138152,0.008360181689634746,0.005260450489467803,stress,20.64,21.94,0.9407474931631723,1.68,2.95,0.55
2025-10-16 13:30:00,0.0024935189487075,-0.005263170564285158,-0.010690907485113262,stress,25.31,24.87,1.0176919983916364,1.71,3.04,0.58
2025-10-17 13:30:00,-0.0224912390733399,-0.015157481319559442,-0.008024918712166462,stress,20.78,22.09,0.9406971480307832,1.7,3.04,0.56
2025-10-20 13:30:00,-0.011573531964788,-0.006548803280822667,-0.007553899724586038,normal,18.23,20.31,0.8975873953717382,1.68,2.99,0.54
2025-10-21 13:30:00,-0.0137268791402008,-0.013478351786564225,-0.005683594047439424,normal,17.87,19.99,0.8939469734867435,1.67,2.97,0.53
2025-10-22 13:30:00,-0.0239903627731951,-0.02563889157786035,-0.023215145625959853,normal,18.6,20.31,0.9158050221565732,1.69,3.01,0.52
2025-10-23 13:30:00,0.0274902866084617,0.029042240149284925,0.027461727121138223,normal,17.3,19.65,0.8804071246819339,1.66,2.96,0.53
2025-10-24 13:30:00,0.0174362334887892,0.018500327975596403,0.010857539457444084,normal,16.37,19.2,0.8526041666666667,1.65,2.88,0.54
2025-10-27 13:30:00,-0.0149500019847397,-0.01717891436557666,-0.02275294378261458,complacency,15.79,18.99,0.8314902580305424,1.63,2.8,0.53
2025-10-28 13:30:00,-0.0154676380530387,-0.01370255073213181,-0.028983193674959246,normal,16.42,19.55,0.8398976982097187,1.65,2.82,0.52
2025-10-29 13:30:00,0.0297465799521859,0.021375789414879796,0.012603125327707201,normal,16.92,19.83,0.8532526475037823,1.61,2.76,0.49
2025-10-30 13:30:00,-0.0024329672210645,0.003124047082783099,0.010035135874135855,normal,16.91,19.98,0.8463463463463463,1.64,2.85,0.5
2025-10-31 13:30:00,-0.0072752424014633,0.0007295779722962473,-0.007610619675506742,normal,17.44,20.49,0.8511469009272817,1.69,2.94,0.51
2025-11-03 14:30:00,0.0100280104484595,0.014092194586166331,0.008791751950684705,normal,17.17,20.38,0.8424926398429834,1.71,3.04,0.53
2025-11-04 14:30:00,-0.0115725265412167,-0.012404901101268477,-0.002398414239313645,normal,19.0,21.29,0.8924377642085487,1.72,3.13,0.52
2025-11-05 14:30:00,0.0202819535412211,0.01880322646309649,0.019156409957198025,normal,18.01,20.6,0.8742718446601941,1.7,3.05,0.54
2025-11-06 14:30:00,-0.0059564391279317,-0.0035370234931636543,0.00374970980236351,normal,19.5,21.35,0.9133489461358313,1.72,3.13,0.54
2025-11-07 14:30:00,0.0056101903435647,0.012289959676788802,0.018798758712011372,normal,19.08,21.19,0.9004247286455874,1.75,3.15,0.56
2025-11-10 14:30:00,-0.0131699463896772,-0.015648252478033062,-0.023140130896425304,normal,17.6,20.24,0.8695652173913044,1.73,3.02,0.55
2025-11-11 14:30:00,-0.0257511622613865,,,normal,17.28,20.19,0.8558692421991084,,3.02,
2025-11-12 14:30:00,-0.0007243160219374,,,normal,17.51,20.34,0.86086529006883,1.75,3.02,0.52
2025-11-13 14:30:00,-0.0198263998945761,-0.018941934485301223,-0.0071474226792335085,stress,20.0,21.85,0.9153318077803203,1.77,3.09,0.53
2025-11-14 14:30:00,0.0052177722047592,0.0054440044512367525,-0.0020313238220597413,normal,19.83,21.58,0.9189063948100092,1.77,3.07,0.52
2025-11-17 14:30:00,-0.0092718718655619,-0.010113548762497225,-0.0091376939285122,stress,22.38,23.18,0.9654874892148404,1.77,3.13,0.53
2025-11-18 14:30:00,0.0161756361746804,0.01974759734560523,0.01746677833195448,stress,24.69,24.54,1.0061124694376529,1.79,3.2,0.54
2025-11-19 14:30:00,0.0214851915702734,0.022523621749108318,0.0181904045828071,stress,23.66,23.99,0.9862442684451855,1.79,3.17,0.55
2025-11-20 14:30:00,-0.0167161967818814,-0.01568253003789218,-0.012334159061018193,stress,26.42,25.76,1.0256211180124224,1.8,3.17,0.55
2025-11-21 14:30:00,-0.0131362053290264,-0.009318810493163533,-0.012322228851144033,stress,23.43,23.96,0.9778797996661102,1.82,3.19,0.55
2025-11-24 14:30:00,-0.0055729927269257,-0.008382058521946434,-0.022779342917819172,stress,20.52,21.85,0.9391304347826086,1.8,3.15,0.58
2025-11-25 14:30:00,0.0010261619730194,-0.0001376685717717084,-0.0010796789523173746,normal,18.56,20.73,0.8953207911239749,1.79,3.1,0.58
2025-11-26 14:30:00,0.00223174978284,4.388750694040051e-06,0.0012894523901316249,normal,17.19,20.02,0.8586413586413587,1.78,3.0,0.55
2025-11-28 14:30:00,-0.0042392806032575,,,normal,16.35,19.64,0.8324847250509165,1.78,2.95,0.55
2025-12-01 05:00:00,0.0221028753080842,,,normal,17.24,20.22,0.8526211671612265,1.78,2.94,0.55
2025-12-01 14:30:00,-0.0090837417672047,,,normal,17.24,20.22,0.8526211671612265,1.78,2.94,0.55
2025-12-02 14:30:00,-0.0099190410250541,-0.01391558871891691,-0.009933692707596281,normal,16.59,19.84,0.8361895161290323,1.76,2.92,0.58
2025-12-03 14:30:00,0.0014672276832625,0.0036240029255980343,-0.005812308335770288,normal,16.08,19.71,0.8158295281582951,1.77,2.89,0.57
2025-12-04 14:30:00,0.0207160152969203,0.017289526032437146,0.010694397789318872,complacency,15.78,19.49,0.8096459722934839,1.76,2.88,0.59
2025-12-05 14:30:00,-0.0196353854613433,-0.023769264625898373,-0.014377478809486527,complacency,15.41,19.27,0.7996886351842242,1.74,2.85,0.58
2025-12-08 14:30:00,0.0164352496284449,0.011664919838627826,0.003942728295960854,normal,16.66,19.91,0.8367654445002511,1.73,2.89,0.6
2025-12-09 14:30:00,-0.0096973625952582,-0.007051066362962462,-0.013022504754399929,normal,16.93,20.08,0.8431274900398407,1.73,2.89,0.57
2025-12-10 14:30:00,0.01103793863389,0.01723448462390208,0.017741096460154055,complacency,15.77,19.35,0.8149870801033591,1.76,2.91,0.59
2025-12-11 14:30:00,0.0184874503311078,0.008849641708887492,0.011104231685767298,complacency,14.85,19.05,0.7795275590551181,1.73,2.88,0.62
2025-12-12 14:30:00,-0.0231886178308747,-0.023230773003829558,-0.016775563495119824,complacency,15.74,19.25,0.8176623376623376,1.76,2.91,0.67
2025-12-15 14:30:00,-0.0044938058894538,-0.0022584468126758605,0.005780917426900785,normal,16.5,19.68,0.8384146341463414,1.77,2.91,0.67
2025-12-16 14:30:00,0.0094945908538831,0.01179698384164314,0.008426446038338172,normal,16.48,19.67,0.8378240976105744,1.78,2.98,0.67
2025-12-17 14:30:00,-0.0340309216611778,-0.034091846924846535,-0.0281265896440223,normal,17.62,20.08,0.8774900398406376,1.78,2.99,0.67
2025-12-18 14:30:00,-0.0048457701111667,-0.0032443035627020504,-0.007144628909490407,normal,16.87,19.59,0.8611536498213375,1.78,2.95,0.66
2025-12-19 14:30:00,-0.0069560520281576,-0.01529815943810682,-0.014395983223308952,complacency,14.91,18.25,0.816986301369863,1.76,2.9,0.68
2025-12-22 14:30:00,-0.0029189175300946,-0.012680913195145345,-0.013378839847092715,complacency,14.08,17.79,0.7914558740865655,1.76,2.88,0.73
2025-12-23 14:30:00,-0.0034908205037539,-0.002655266537122145,0.0031600789479001093,complacency,14.0,17.84,0.7847533632286996,1.74,2.83,0.7
2025-12-24 14:30:00,-0.0062020992763204,-0.0052984866080053395,-0.0026008313664360088,complacency,13.47,17.77,0.7580191333708498,1.73,2.84,0.68
2025-12-26 14:30:00,-0.0022962556815777,0.0017388926037996471,0.006230451130397386,complacency,13.6,17.77,0.7653348339898706,1.75,2.86,0.68
2025-12-29 14:30:00,0.0027257841128988,0.006184416128478032,0.008793936342684074,complacency,14.2,17.82,0.7968574635241301,1.76,2.87,0.67
2025-12-30 14:30:00,0.0003597229395651,-0.004547002608940431,0.0050714177251761925,complacency,14.33,17.77,0.8064153066966798,1.75,2.84,0.69
2025-12-31 14:30:00,0.0035968184181047,-0.005590706367642232,-0.004490547865767762,complacency,14.95,18.18,0.8223322332233223,1.72,2.81,0.71
2026-01-02 14:30:00,0.0254346829248559,0.02786209114150776,0.02252523815091519,complacency,14.51,18.02,0.8052164261931187,1.74,2.83,0.72
2026-01-05 14:30:00,-0.013179109118122,-0.009454254333886136,-0.020505075282053302,complacency,14.9,18.32,0.8133187772925764,1.75,2.81,0.71
2026-01-06 14:30:00,0.0131236663482493,0.011204406253988287,0.010239241153376986,complacency,14.75,18.15,0.81267217630854,1.74,2.79,0.71
2026-01-07 14:30:00,-0.0230653966193362,-0.019421639317715473,-0.031445394030061725,complacency,15.38,18.59,0.827326519634212,1.73,2.79,0.68
2026-01-08 14:30:00,-0.0251758572860535,-0.029599581826565195,-0.03389320378358458,complacency,15.45,18.39,0.8401305057096248,1.73,2.76,0.7
2026-01-09 14:30:00,0.0253801583853483,0.031626287940128124,0.031624063446088334,complacency,14.49,17.88,0.8104026845637584,1.7,2.74,0.64
2026-01-12 14:30:00,0.0227485674443281,0.021641666348579912,0.016844961299922283,complacency,15.12,18.23,0.8294020844761382,1.7,2.74,0.65
2026-01-13 14:30:00,0.0059590312694264,0.0039773395284531075,0.0028900204308554903,complacency,15.98,18.85,0.8477453580901856,1.69,2.75,0.65
2026-01-14 14:30:00,-0.0058026688834443,-0.005836231317659451,-0.013499345294269998,normal,16.75,19.37,0.8647392875580795,1.68,2.76,0.64
2026-01-15 14:30:00,0.0193069730895393,0.014105719201674277,0.012289120309068683,complacency,15.84,18.9,0.8380952380952381,1.65,2.71,0.61
2026-01-16 14:30:00,0.0048926235096337,-0.0011179716609779587,-0.0031710041188270713,complacency,15.86,18.99,0.8351764086361243,1.63,2.65,0.65
2026-01-20 14:30:00,0.0056037038346719,,,stress,20.09,21.28,0.944078947368421,1.65,2.73,0.7
2026-01-21 14:30:00,-0.0020706144194082,-0.011617204523362564,-0.006888063542910648,normal,16.9,19.36,0.8729338842975206,1.62,2.69,0.66
2026-01-22 14:30:00,-0.0079030415184804,-0.013726967759918786,-0.015195772051331834,complacency,15.64,18.75,0.8341333333333334,1.59,2.64,0.65
2026-01-23 14:30:00,-0.0038183216947263,5.541715723244092e-06,0.011214566943818801,normal,16.09,19.15,0.8402088772845954,1.61,2.68,0.64
2026-01-26 14:30:00,-0.0115993887952353,-0.011930680642434575,-0.0075196495342108784,normal,16.15,19.07,0.846879916098584,1.61,2.69,0.66
2026-01-27 14:30:00,0.0049888795709732,0.0035297486994372946,0.0012647910257801657,normal,16.35,19.22,0.8506763787721126,1.61,2.71,0.71
2026-01-28 14:30:00,0.0083092731134874,0.009529729252929916,0.01103132804757099,normal,16.35,19.3,0.8471502590673575,1.62,2.72,0.7
2026-01-29 14:30:00,0.0091254666295964,0.010298679797549289,0.00944065751193245,normal,16.88,19.67,0.8581596339603456,1.63,2.77,0.71
2026-01-30 14:30:00,-0.0020486665374906,-0.0028706963044236294,0.007281528479054151,normal,17.44,20.07,0.8689586447433981,1.62,2.8,0.74
2026-02-02 14:30:00,0.0056246421702591,,,normal,16.34,19.37,0.8435725348477026,1.61,2.81,0.72
2026-02-03 14:30:00,0.0131026026141133,0.01639863096426688,0.008311137180063469,normal,18.0,20.35,0.8845208845208845,1.63,2.85,0.71
2026-02-04 14:30:00,-0.0144098168573923,-0.013494257148879744,-0.0026683750194675445,normal,18.64,20.62,0.903976721629486,1.64,2.86,0.72
2026-02-05 14:30:00,0.01742265288296,0.022105991428130668,0.022217027176292498,stress,21.77,22.45,0.9697104677060133,1.67,2.97,0.74
2026-02-06 14:30:00,0.0244604206816563,0.02143551341760264,0.016380564006021926,normal,17.76,20.37,0.8718703976435935,1.65,2.87,0.72
2026-02-09 14:30:00,0.0022647428989255,0.0017866812428143177,-0.002488808649158073,normal,17.36,20.09,0.8641114982578397,1.64,2.84,0.74
2026-02-10 14:30:00,0.003681813849738,0.004338888325423864,0.007849834426363406,normal,17.79,20.43,0.8707782672540382,1.66,2.86,0.71
2026-02-11 14:30:00,0.0153005144979629,0.014217655188968894,0.018821227727349954,normal,17.65,20.37,0.8664702994599901,1.67,2.84,0.66
2026-02-12 14:30:00,0.008237634724147,0.009777583042736024,0.008401297344494633,stress,20.82,22.17,0.9391069012178619,1.68,2.92,0.62
2026-02-13 14:30:00,-0.0062802740991254,-0.005208892123638157,-0.008041877651188307,stress,20.6,22.17,0.9291835814163284,1.72,2.95,0.64
2026-02-17 14:30:00,0.0104322050959855,,,stress,20.29,21.6,0.9393518518518518,1.7,2.94,0.62
2026-02-18 14:30:00,-0.0129785578135716,-0.01454327109342716,-0.01123840568057104,normal,19.62,21.39,0.9172510518934082,1.67,2.86,0.62
2026-02-19 14:30:00,0.0174640361285169,0.017037854721816494,0.012349121169485264,stress,20.23,21.88,0.9245886654478976,1.68,2.88,0.61
2026-02-20 14:30:00,-0.0214274247956014,-0.023368518987197683,-0.017698508298448937,normal,19.09,21.09,0.9051683262209578,1.69,2.86,0.6
2026-02-23 14:30:00,-0.0115367450397239,-0.010661794430972042,-0.01205538537200086,stress,21.01,22.14,0.9489611562782295,1.73,2.95,0.6
2026-02-24 14:30:00,0.006231505788663,0.005930087671828717,0.006101749293176202,normal,19.55,21.34,0.9161199625117151,1.73,2.97,0.61
2026-02-25 14:30:00,-0.0188176829972818,-0.020557637656526666,-0.019924353387070486,normal,17.93,20.36,0.880648330058939,1.73,2.94,0.6
2026-02-26 14:30:00,0.0237867932226638,0.024655876488570674,0.01955001951022738,normal,18.63,20.81,0.8952426717924075,1.75,2.98,0.6
2026-02-27 14:30:00,-0.0151913218952708,-0.014934078561749919,-0.003597168293909783,normal,19.86,21.56,0.9211502782931354,1.8,3.1,0.59
2026-03-02 14:30:00,-0.0422501045070763,,,stress,21.44,22.44,0.9554367201426025,1.78,3.03,0.58
2026-03-03 14:30:00,-0.0189794582302644,-0.01972567781618031,-0.018087809891250663,stress,23.57,23.54,1.0012744265080715,1.78,3.08,0.55
2026-03-04 14:30:00,-0.0104830512031939,-0.014098583214608874,-0.011280167145391894,stress,21.15,22.29,0.9488559892328398,1.74,2.97,0.55
2026-03-05 14:30:00,0.0063416122931984,0.00830059687302763,0.013582432481627063,stress,23.75,23.86,0.9953897736797989,1.76,3.0,0.56
2026-03-06 14:30:00,-0.0162822340357488,-0.014416017891712594,-0.014596838818469002,stress,29.49,27.56,1.0700290275761974,1.75,3.13,0.59
2026-03-09 13:30:00,0.0220554228203568,0.01504418673776231,0.01673459377529106,stress,25.5,25.34,1.0063141278610892,1.78,3.19,0.56
2026-03-10 13:30:00,0.0127964234655619,0.013748680960950992,0.01217502594375968,stress,24.93,25.51,0.9772638181105449,1.77,3.06,0.58
2026-03-11 13:30:00,-0.0057760499766331,-0.009487940297377588,-0.012964513790609835,stress,24.23,24.97,0.9703644373247898,1.84,3.09,0.57
2026-03-12 13:30:00,-0.0010668501929492,-0.002341744222032399,-0.003612472452936162,stress,27.29,26.95,1.0126159554730982,1.84,3.17,0.51
2026-03-13 13:30:00,-0.0044910992572794,-0.0019288115552076796,0.00037505602512818634,stress,27.19,27.28,0.9967008797653959,1.83,3.28,0.55
2026-03-16 13:30:00,0.0072439910622702,0.0011470905256548754,0.005908765485910541,stress,23.51,24.92,0.9434189406099518,1.85,3.27,0.55
2026-03-17 13:30:00,0.0055667118225158,0.0021262278966916745,0.0020882591782053553,stress,22.37,24.33,0.9194410193177148,1.85,3.22,0.52
2026-03-18 13:30:00,0.0249587035804101,0.028406741772164474,0.02757749247429455,stress,25.09,26.56,0.9446536144578314,1.81,3.2,0.5
2026-03-19 13:30:00,0.0031754678660549,-0.0006430711360186593,-0.005904768118532108,stress,24.06,25.54,0.942051683633516,1.81,3.27,0.46
2026-03-20 13:30:00,-0.0123041193872377,-0.007081758396150985,-0.0044564924467582045,stress,26.78,27.43,0.9763033175355451,1.79,3.24,0.51
2026-03-23 13:30:00,0.0059160815452082,0.005345221704844309,-0.0017311266047993854,stress,26.15,26.1,1.0019157088122603,1.79,3.19,0.51
2026-03-24 13:30:00,0.0204710205256359,0.018860088334750343,0.014428262189446366,stress,26.95,26.56,1.014683734939759,1.75,3.19,0.49
2026-03-25 13:30:00,-0.0119223048219357,-0.012781629600292542,-0.01595161165005722,stress,25.33,25.63,0.9882949668357394,1.76,3.17,0.49
2026-03-26 13:30:00,-0.0184690848990528,-0.021572269390298285,-0.021656772998651756,stress,27.44,27.16,1.0103092783505154,1.73,3.21,0.46
2026-03-27 13:30:00,0.0165277550890831,0.029323749701991243,0.023363514211156167,stress,31.05,29.27,1.0608131192347114,1.78,3.42,0.56
2026-03-30 13:30:00,-0.0422044874585058,-0.04337605617067122,-0.033914910378617616,stress,30.61,29.13,1.0508067284586338,1.79,3.46,0.53
2026-03-31 13:30:00,0.0085594578655531,0.0049406546093303735,0.0039869527157484754,stress,25.25,25.55,0.9882583170254403,1.79,3.28,0.51
2026-04-01 13:30:00,0.0097684803756197,0.008388167771782995,0.010858379266311108,stress,24.54,24.86,0.9871279163314561,1.75,3.16,0.52
2026-04-02 13:30:00,-0.0147054298453169,-0.015452312902190601,-0.0185075178620817,stress,23.87,24.72,0.9656148867313916,1.74,3.17,0.52
2026-04-06 13:30:00,-0.0017266281251113,,,stress,24.17,24.77,0.9757771497779573,1.7,3.05,0.5
2026-04-07 13:30:00,0.0081055732856856,0.010768085726636307,-0.002508431038299286,stress,25.78,25.57,1.0082127493156043,1.75,3.12,0.52
2026-04-08 13:30:00,0.0043939231130854,0.001523332845806049,0.0069192143805079705,stress,21.04,22.68,0.927689594356261,1.73,2.94,0.5
2026-04-09 13:30:00,-0.0008016521397182,-0.0018197819222872567,-0.0023689511724975256,normal,19.49,21.81,0.8936267767079321,1.73,2.9,0.51
2026-04-10 13:30:00,0.0102720856873977,0.010257774308168554,0.007472220954085713,normal,19.23,21.86,0.8796889295516926,1.72,2.94,0.5
2026-04-13 13:30:00,0.0156906371708717,0.015421867458237006,0.011789314978224365,normal,19.12,21.34,0.8959700093720713,1.72,2.95,0.52
2026-04-14 13:30:00,-0.0034893064982541,-0.0036606960720180094,-0.010489998285306334,normal,18.36,20.82,0.8818443804034581,1.7,2.84,0.5
2026-04-15 13:30:00,-0.0122462690351627,-0.01306426008187722,-0.01012595279616165,normal,18.17,20.78,0.8743984600577479,1.69,2.85,0.53
2026-04-16 13:30:00,-0.0072391879640976,-0.007983732065650666,-0.006036789907712693,normal,17.94,20.77,0.863745787193067,1.71,2.86,0.54
2026-04-17 13:30:00,0.0098684521044673,0.009325006973412634,-0.0016522593655830392,normal,17.48,20.51,0.8522671867381765,1.72,2.83,0.55
2026-04-20 13:30:00,0.0029638376893393,0.003868013675997773,-0.0059875718158609575,normal,18.87,21.24,0.8884180790960453,1.72,2.87,0.54
2026-04-21 13:30:00,0.0065043201730138,0.007261753863224609,0.011080433774807,normal,19.5,21.51,0.906555090655509,1.7,2.85,0.52
2026-04-22 13:30:00,-0.0003385957830833,-0.0005197327483865768,-0.002918517203050271,normal,18.92,21.24,0.8907721280602638,1.69,2.84,0.51
2026-04-23 13:30:00,0.0077933373208848,0.008072867764053639,0.009670419951952582,normal,19.31,21.48,0.898975791433892,1.68,2.86,0.51
2026-04-24 13:30:00,-0.0027742157165411,-0.0033526004824055073,-0.0037880789132976505,normal,18.71,21.3,0.8784037558685446,1.7,2.86,0.53
2026-04-27 13:30:00,0.0050515069505517,0.004390510789628718,0.005222252636347937,normal,18.02,20.77,0.8675974963890226,1.7,2.84,0.57
2026-04-28 13:30:00,-0.0116669971127567,-0.0112930767421698,-0.0030351503568298143,normal,17.83,20.49,0.8701805758906783,1.7,2.85,0.52
2026-04-29 13:30:00,-0.0138486698791105,-0.012807736631337465,-0.0076043064340340985,normal,18.81,21.19,0.8876828692779611,1.69,2.82,0.5
2026-04-30 13:30:00,0.0557009374645001,0.05380633567246554,0.046098493427973876,normal,16.89,20.08,0.8411354581673308,1.7,2.83,0.52
2026-05-01 13:30:00,-0.0048285508270737,-0.003955050056632915,-0.010864914698571482,normal,16.99,20.37,0.8340697103583701,1.69,2.77,0.51
2026-05-04 13:30:00,0.0207533271712856,0.02310994514090708,0.020103013745876183,normal,18.29,21.05,0.8688836104513064,1.69,2.78,0.5
2026-05-05 13:30:00,-0.0109215736455407,-0.012401883165333121,-0.022180172786577145,normal,17.38,20.82,0.834774255523535,1.65,2.77,0.5
2026-05-06 13:30:00,0.0111917973183772,0.011636845991053033,0.005753706070291083,normal,17.39,20.57,0.8454059309674283,1.66,2.75,0.49
2026-05-07 13:30:00,-0.0299936320467309,-0.030035480134803942,-0.01090051805146822,normal,17.08,20.35,0.8393120393120391,1.65,2.79,0.49
2026-05-08 13:30:00,-0.018349191376107,-0.01762865793868795,-0.01966333293788647,normal,17.19,20.5,0.8385365853658537,1.65,2.81,0.48
2026-05-11 13:30:00,0.0305298025501286,0.03256688614923814,0.02370340610136231,normal,18.38,21.24,0.8653483992467044,1.65,2.79,0.47
2026-05-12 13:30:00,-0.0289082943316093,-0.02846700048808112,-0.013385521389686031,normal,17.99,21.04,0.8550380228136881,1.66,2.82,0.46
2026-05-13 13:30:00,0.0039371218148756,0.0015812188100739872,0.007190999444702259,normal,17.87,21.18,0.8437204910292729,1.66,2.82,0.48
2026-05-14 13:30:00,-0.0065061888909406,-0.00530233275449396,-0.000910567790400765,normal,17.26,20.85,0.8278177458033573,1.62,2.76,0.47
2026-05-15 13:30:00,0.0122388399352774,0.009965932717203425,0.03318610895481538,normal,18.43,21.36,0.8628277153558053,1.62,2.8,0.5
2026-05-18 13:30:00,-0.0411000592756253,-0.04693461773926896,-0.029806684321771,normal,17.82,20.92,0.8518164435946463,1.59,2.83,0.54
2026-05-19 13:30:00,-0.0226714532911279,-0.021191547003921368,-0.012895743562040384,normal,18.06,21.12,0.8551136363636362,1.57,2.86,0.54
2026-05-20 13:30:00,0.0156757370129962,0.013909464061675262,-0.012342674722735227,normal,17.44,20.76,0.8400770712909441,1.59,2.8,0.53
2026-05-21 13:30:00,0.0063337149326716,0.007965104398366743,-0.0017747248815391005,normal,16.76,20.0,0.8380000000000001,1.59,2.78,0.49
2026-05-22 13:30:00,0.0186470664068601,0.023414825761016417,0.018580854536902495,normal,16.7,20.03,0.8337493759360958,1.57,2.74,0.43
2026-05-26 13:30:00,0.0266215885468893,,,normal,17.01,19.89,0.8552036199095023,1.56,2.72,0.49
2026-05-27 13:30:00,-0.0052477184416514,-0.006971410236480858,-0.004423839437872222,normal,16.29,19.45,0.8375321336760926,1.57,2.71,0.48
2026-05-28 13:30:00,-0.0003397484381274,-0.0006285281986021045,-0.0007601435714097091,complacency,15.74,19.11,0.8236525379382522,1.57,2.72,0.46
2026-05-29 13:30:00,-0.0077850046044729,-0.007919366527998604,0.007268419111755678,complacency,15.32,18.66,0.8210075026795284,1.57,2.72,0.47
2026-06-01 04:00:00,-0.0106461614166998,,,normal,16.05,19.43,0.8260422027792075,1.54,2.72,0.42
2026-06-01 13:30:00,0.0114129962940661,,,normal,16.05,19.43,0.8260422027792075,1.54,2.72,0.42
2026-06-02 13:30:00,0.0083023479569338,0.008206797956707878,-0.0025832278746654655,complacency,15.77,19.49,0.8091328886608518,1.54,2.71,0.41
2026-06-03 13:30:00,0.0051217264165767,0.0050654272869003715,0.018939088807887264,normal,16.06,19.76,0.8127530364372468,1.54,2.75,0.41
2026-06-04 13:30:00,-0.0017305272835585,-0.0015371157123612738,-0.01674205245601996,complacency,15.4,19.23,0.8008320332813312,1.54,2.74,0.42
2026-06-05 13:30:00,-0.0080162889372636,-0.006107809040212076,0.002149566098691269,stress,21.51,21.82,0.9857928505957837,1.51,2.76,0.38
2026-06-08 13:30:00,0.0055940927182979,0.004726687128286372,-0.0011917501385850194,normal,18.92,20.79,0.9100529100529102,1.52,2.75,0.41
2026-06-09 13:30:00,-0.0035388787830632,-0.004999441137450806,-0.009382567380158847,normal,19.87,21.31,0.9324260910370719,1.53,2.78,0.4
2026-06-10 13:30:00,-0.0414455577231292,-0.041484495515204466,-0.05584214157583557,stress,22.22,22.89,0.9707295762341633,1.53,2.8,0.42
2026-06-11 13:30:00,0.0171635707953208,0.012825579235882264,0.0030358443440259755,normal,19.44,21.42,0.907563025210084,1.55,2.78,0.4
2026-06-12 13:30:00,-0.0034862706469562,-0.0018892736043220819,-0.00103104739661828,normal,17.68,20.51,0.8620185275475377,1.53,2.71,0.39
2026-06-15 13:30:00,-0.005238193642617,-0.0069212682252789435,0.0023819011591840666,normal,16.2,19.36,0.8367768595041322,1.53,2.66,0.4
2026-06-16 13:30:00,0.0226441513652696,0.018786833257620764,0.02588448896048331,normal,16.41,19.53,0.8402457757296466,1.55,2.71,0.38
2026-06-17 13:30:00,0.0241219876356505,0.034724995601266455,0.01929016834131552,normal,18.44,20.62,0.8942774005819593,1.5,2.63,0.29
2026-06-18 13:30:00,-0.0180163269407927,-0.023821369845403256,-0.03413915780793423,normal,16.4,19.57,0.8380173735309145,1.51,2.66,0.27
2026-06-22 13:30:00,0.0339335567062999,,,normal,17.28,19.76,0.8744939271255061,1.51,2.65,0.27
2026-06-23 13:30:00,-0.0257902132785782,-0.01896905986003565,-0.02702855798196564,normal,19.49,21.06,0.9254510921177588,1.51,2.71,0.34
2026-06-24 13:30:00,-0.0051625228905328,-0.0146340887288142,-0.011917939902521515,normal,18.63,20.37,0.9145802650957289,1.52,2.76,0.3
2026-06-25 13:30:00,0.0153619653963794,0.0132176492902405,0.010730017095315241,normal,18.89,20.33,0.9291687161829809,1.54,2.78,0.31
2026-06-26 13:30:00,-0.0292074589354899,-0.03453696096883948,-0.041697460514947784,normal,18.41,20.13,0.9145553899652261,1.56,2.83,0.31
2026-06-29 13:30:00,-0.0084576781980902,-0.012887543589224957,0.001443466882972812,normal,17.65,19.53,0.90373783922171,1.55,2.8,0.28
2026-06-30 13:30:00,0.0053823581699593,0.012849405190606344,0.011504495160652299,normal,16.45,19.0,0.8657894736842104,1.53,2.75,0.3
2026-07-01 13:30:00,-0.0065777134993915,-0.006811205761744667,-0.002993236770799718,normal,16.59,19.16,0.865866388308977,1.54,2.74,0.31
2026-07-02 13:30:00,-0.0292337832415082,-0.02248291020649489,-0.016057532647742075,normal,16.15,19.04,0.8482142857142857,1.54,2.75,0.35
2026-07-06 13:30:00,0.0216477885278081,,,complacency,15.57,18.78,0.829073482428115,1.56,2.72,0.35
2026-07-07 13:30:00,-0.0122023872762527,-0.0073651321481578306,-0.003919407041563287,normal,16.13,19.01,0.8485007890583902,1.55,2.67,0.36
2026-07-08 13:30:00,0.0096254681191958,0.006293266183254206,0.006392673434301232,normal,16.9,19.46,0.8684480986639259,1.56,2.7,0.35
2026-07-09 13:30:00,-0.0022296164086292,0.0032792655050778684,-0.0004885904435560856,complacency,15.84,18.99,0.8341232227488152,1.56,2.7,0.38
2026-07-10 13:30:00,-0.0112832251120141,-0.023357540087567612,-0.013515405647934995,complacency,15.03,18.57,0.8093699515347333,1.58,2.69,0.35
2026-07-13 13:30:00,0.0056933867057159,0.013779698123534499,0.013862118375914712,normal,17.16,19.64,0.8737270875763747,1.56,2.69,0.36
2026-07-14 13:30:00,0.0055460171790569,0.005279397543577783,0.003105733826595401,normal,16.5,19.3,0.854922279792746,1.6,2.72,0.4
2026-07-15 13:30:00,0.008404402480237,0.011492272703098678,0.00847711725887877,complacency,15.67,18.91,0.8286620835536753,1.6,2.71,0.42
2026-07-16 13:30:00,-0.0236957468482241,-0.022659728152910806,-0.019122363650667072,normal,16.73,19.5,0.857948717948718,1.59,2.71,0.41
2026-07-17 13:30:00,0.03320429109412,0.028561190184607246,0.02251966953973302,normal,18.77,20.54,0.9138266796494645,1.59,2.73,0.37
2026-07-20 13:30:00,0.0121845981896296,0.011492194390995358,0.01366776160036591,normal,18.65,20.4,0.9142156862745098,1.61,2.69,0.39
2026-07-21 13:30:00,-0.0081506221565648,-0.010247704861999768,-0.017744661078696974,normal,17.05,19.59,0.8703420112302196,1.6,2.69,0.37
2026-07-22 13:30:00,0.0003437780679751,0.003604713618592761,0.011802727177677299,normal,16.64,19.54,0.8515864892528148,1.58,2.68,0.36
2026-07-23 13:30:00,0.0347957496821829,0.031223115881689596,0.02932993350514756,normal,18.7,20.6,0.9077669902912621,1.58,2.77,0.34
2026-07-24 13:30:00,-0.0231017623622821,-0.021132490669638106,-0.012980782598389237,normal,18.58,20.51,0.9058995611896634,1.59,2.79,0.36
2026-07-27 13:30:00,-0.0048367503866067,-0.015774083160167575,-0.012625216945503467,normal,18.67,20.2,0.9242574257425744,1.61,2.81,0.34
2026-07-28 13:30:00,-0.0317197092798365,-0.03084335980311693,-0.019030410054913006,normal,18.21,19.86,0.9169184290030212,1.62,2.84,0.35
2026-07-29 13:30:00,-0.0154650836378599,0.014625270535424185,0.010249098611871095,stress,20.66,21.5,0.9609302325581396,1.6,2.87,0.45
2026-07-30 13:30:00,0.0592868553331688,0.056084348317657684,0.04668510614736225,normal,17.09,19.5,0.8764102564102564,1.64,2.84,0.45
2026-07-31 13:30:00,0.025141321259662,0.03346955030760961,0.03037940538281679,complacency,15.99,19.02,0.8406940063091483,1.63,2.85,0.47
2026-08-03 13:30:00,0.018449820908067,0.018983444095572927,0.010539010371787567,complacency,15.86,18.93,0.837823560486001,1.61,2.78,0.45
2026-08-04 13:30:00,-0.0579693924118517,-0.06876917336032655,-0.07697721647120181,normal,16.5,19.34,0.8531540847983454,1.64,2.73,0.43
2026-08-05 13:30:00,0.0101028123745302,0.014462222060526265,0.017493379502725354,complacency,15.81,18.95,0.8343007915567283,1.62,2.75,0.45
2026-08-06 13:30:00,0.0043069053815441,0.001334650108310834,0.00012504488482863695,complacency,15.15,18.69,0.8105939004815409,1.61,2.71,0.44
2026-08-07 13:30:00,-0.017127005848181,-0.015092084882976954,-0.014783184090574867,complacency,14.9,18.72,0.795940170940171,1.64,2.7,0.46
2026-08-10 13:30:00,0.008226462363254,0.011996570962212997,0.012064683008453462,complacency,15.46,18.98,0.8145416227608009,1.62,2.7,0.47
2026-08-11 13:30:00,0.0169867108851662,0.018800500472710893,0.025281955267600333,complacency,15.28,18.91,0.8080380750925436,1.64,2.72,0.48
2026-08-12 13:30:00,-0.0046574462877262,-0.006633516177846294,-0.005818271719627958,complacency,14.55,18.53,0.7852131678359417,1.66,2.71,0.48
2026-08-13 13:30:00,-0.0260195282757703,-0.024976899289557358,-0.022817344388429653,complacency,14.63,18.61,0.786136485760344,1.67,2.71,0.48
2026-08-14 13:30:00,0.0062543598430228,0.01276954678665096,0.013084670519337585,complacency,14.25,18.46,0.7719393282773565,1.69,2.67,0.51
2026-08-17 13:30:00,0.0202603198325586,0.026395872251778637,0.017537190035747434,complacency,15.19,19.04,0.7977941176470589,1.69,2.7,0.53
2026-08-18 13:30:00,-0.0189928800167711,-0.019923238245327057,-0.016545842196353543,complacency,15.84,19.27,0.8220031136481578,1.68,2.75,0.52
2026-08-19 13:30:00,-0.0064615974496153,-0.02190167985606743,-0.007012652592264385,complacency,14.89,18.57,0.8018309100700054,1.64,2.73,0.46
2026-08-20 13:30:00,-0.0106043982728204,-0.0030895189703857313,-0.004769418163099882,normal,16.01,19.06,0.8399790136411334,1.64,2.75,0.5
2026-08-21 13:30:00,-0.0030747051362491,-0.005936756293055808,-0.0019077975169536367,complacency,15.13,18.5,0.8178378378378379,1.63,2.7,0.5
2026-08-24 13:30:00,-0.0166244860819801,-0.019664554769447,-0.01406249629396081,complacency,15.85,18.56,0.8539870689655172,1.63,2.69,0.46
