Unnamed: 0,resid,resid_l2,resid_l2l3,regime,vix,vix3m,vix_term,baa10y,hy_oas,t10y2y
2011-12-27 14:30:00,0.0005141960209986,,,stress,21.91,25.54,0.8578700078308535,3.3,,1.72
2011-12-28 14:30:00,-0.0044179066389584,,,stress,23.52,26.75,0.8792523364485981,3.25,,1.65
2011-12-29 14:30:00,0.0009472627774028,,,stress,22.65,26.25,0.8628571428571428,3.28,,1.63
2011-12-30 14:30:00,0.0008810919041157,,,stress,23.4,26.86,0.8711839166046165,3.27,,1.64
2012-01-03 14:30:00,-0.0020983928717325,,,stress,22.97,26.05,0.8817658349328215,3.29,,1.7
2012-01-04 14:30:00,0.0017096267103857,,,stress,22.22,25.31,0.8779138680363493,3.3,,1.75
2012-01-05 14:30:00,-0.0052425338322699,,,stress,21.48,24.7,0.8696356275303644,3.27,,1.75
2012-01-06 14:30:00,0.0002588715857807,,,stress,20.63,24.09,0.8563719385637194,3.27,,1.73
2012-01-09 14:30:00,-0.0067083888811826,,,stress,21.07,24.12,0.8735489220563847,3.28,,1.72
2012-01-10 14:30:00,-0.001880131168141,,,stress,20.69,23.68,0.8737331081081082,3.25,,1.76
2012-01-11 14:30:00,0.0024742067012718,,,stress,21.05,24.11,0.8730817088345085,3.27,,1.69
2012-01-12 14:30:00,-0.0080785307963993,,,stress,20.47,24.04,0.8514975041597338,3.27,,1.72
2012-01-13 14:30:00,0.0024236256328328,,,stress,20.91,24.67,0.8475881637616538,3.24,,1.65
2012-01-17 14:30:00,-0.0005153187861625,,,stress,22.2,25.0,0.888,3.24,,1.66
2012-01-18 14:30:00,-0.0010169076515769,,,stress,20.89,24.18,0.8639371381306865,3.25,,1.68
2012-01-19 14:30:00,0.010947621219458,,,normal,19.87,23.65,0.8401691331923891,3.22,,1.75
2012-01-20 14:30:00,-0.0013566142035206,,,normal,18.28,22.82,0.8010517090271692,3.24,,1.79
2012-01-23 14:30:00,0.006063543532342,,,normal,18.67,22.32,0.8364695340501793,3.24,,1.83
2012-01-24 14:30:00,0.0001287930194968,,,normal,18.91,22.03,0.858374943259192,3.25,,1.84
2012-01-25 14:30:00,0.0071941818368922,,,normal,18.31,21.36,0.8572097378277154,3.31,,1.79
2012-01-26 14:30:00,-0.0026412427503066,,,normal,18.57,21.68,0.856549815498155,3.28,,1.74
2012-01-27 14:30:00,-0.0021582116633574,,,normal,18.53,21.4,0.8658878504672898,3.28,,1.71
2012-01-30 14:30:00,0.0020119827176028,,,normal,19.4,21.92,0.8850364963503649,3.25,,1.65
2012-01-31 14:30:00,0.0016810958938234,,,normal,19.44,22.09,0.8800362154821186,3.24,,1.61
2012-02-01 14:30:00,0.0046951203174721,,,normal,18.55,21.54,0.861188486536676,3.25,,1.64
2012-02-02 14:30:00,0.0002810819744825,,,normal,17.98,21.01,0.8557829604950024,3.25,,1.63
2012-02-03 14:30:00,-0.0020180761847659,,,normal,17.1,20.05,0.8528678304239402,3.26,,1.74
2012-02-06 14:30:00,-0.0013526661311698,,,normal,17.76,20.39,0.8710152035311428,3.22,,1.69
2012-02-07 14:30:00,0.000491933639596,,,normal,17.65,20.14,0.8763654419066533,3.19,,1.75
2012-02-08 14:30:00,0.0035949780519407,,,normal,18.16,20.68,0.8781431334622825,3.17,,1.74
2012-02-09 14:30:00,0.0042946357912725,,,normal,18.63,21.34,0.873008434864105,3.18,,1.77
2012-02-10 14:30:00,0.0034345085847291,,,stress,20.79,23.28,0.893041237113402,3.17,,1.69
2012-02-13 14:30:00,-0.005102357641068,,,normal,19.04,22.12,0.860759493670886,3.19,,1.7
2012-02-14 14:30:00,0.0037229335293805,,,normal,19.54,22.82,0.8562664329535494,3.18,,1.63
2012-02-15 14:30:00,0.0041795600026728,,,stress,21.14,24.12,0.8764510779436152,3.19,,1.64
2012-02-16 14:30:00,0.0025544466299575,,,normal,19.22,23.17,0.8295209322399654,3.17,,1.7
2012-02-17 14:30:00,0.0040936725395188,,,normal,17.78,22.39,0.794104510942385,3.17,,1.72
2012-02-21 14:30:00,0.0069184576209095,,,normal,18.19,22.35,0.8138702460850112,3.15,,1.74
2012-02-22 14:30:00,-0.0028775809634768,,,normal,18.19,22.09,0.8234495246717972,3.15,,1.72
2012-02-23 14:30:00,-0.0006446160535731,,,normal,16.8,20.78,0.8084696823869105,3.14,,1.68
2012-02-24 14:30:00,0.0050385971654172,,,normal,17.31,21.18,0.8172804532577903,3.12,,1.67
2012-02-27 14:30:00,0.0002938980968486,,,normal,18.19,21.87,0.8317329675354367,3.12,,1.62
2012-02-28 14:30:00,-0.0012491769056236,,,normal,17.96,21.6,0.8314814814814815,3.12,,1.64
2012-02-29 14:30:00,0.0002930895497743,,,normal,18.43,21.8,0.8454128440366973,3.1,,1.68
2012-03-01 14:30:00,-0.0057387063718923,,,normal,17.26,21.03,0.8207322872087495,3.1,,1.73
2012-03-02 14:30:00,-0.0076906036024126,,,normal,17.29,21.26,0.8132643461900281,3.09,,1.71
2012-03-05 14:30:00,-8.637632228113319e-05,,,normal,18.05,21.99,0.8208276489313325,3.11,,1.69
2012-03-06 14:30:00,-0.0010150288850609,,,stress,20.87,23.9,0.8732217573221758,3.1,,1.66
2012-03-07 14:30:00,0.0004501794574121,,,normal,19.07,22.72,0.8393485915492959,3.11,,1.68
2012-03-08 14:30:00,0.0001479623545161,,,normal,17.95,21.84,0.8218864468864469,3.11,,1.71
2012-03-09 14:30:00,0.0037233139061033,,,normal,17.11,21.22,0.8063147973609802,3.11,,1.71
2012-03-12 13:30:00,-0.0039068728721019,,,normal,15.64,20.81,0.7515617491590583,3.09,,1.71
2012-03-13 13:30:00,-0.0070579331223737,,,normal,14.8,19.6,0.7551020408163265,3.08,,1.79
2012-03-14 13:30:00,0.0063595048593148,,,normal,15.31,20.75,0.7378313253012049,3.07,,1.89
2012-03-15 13:30:00,0.0027816778669766,,,normal,15.42,20.54,0.750730282375852,3.07,,1.92
2012-03-16 13:30:00,0.0028503317386259,,,normal,14.47,20.37,0.7103583701521846,3.04,,1.94
2012-03-19 13:30:00,-0.0003384920817534,,,normal,15.04,19.94,0.7542627883650952,3.03,,2.0
2012-03-20 13:30:00,-0.0024230899580527,,,normal,15.58,19.96,0.7805611222444889,3.02,,1.97
2012-03-21 13:30:00,-0.0011045336129522,,,normal,15.13,19.25,0.785974025974026,3.0,,1.92
2012-03-22 13:30:00,-0.0038249039482804,,,normal,15.57,19.55,0.7964194373401534,3.01,,1.92
2012-03-23 13:30:00,-0.0032749322155485,,,normal,14.82,18.64,0.7950643776824035,3.01,,1.88
2012-03-26 13:30:00,0.0042443935578378,0.004432669246206126,0.005173315323378144,normal,14.26,17.43,0.8181296615031555,3.01,,1.9
2012-03-27 13:30:00,-0.0034442817333459,-0.004336296904164176,-0.004543781305352663,normal,15.59,18.57,0.8395261173936457,3.04,,1.87
2012-03-28 13:30:00,-0.0051101100701302,-0.005096178168799536,-0.00503351624643774,normal,15.47,18.79,0.8233102714209687,3.03,,1.87
2012-03-29 13:30:00,0.002523291376083,0.0026979815075442353,0.0025683734022747744,normal,15.48,18.84,0.821656050955414,3.03,,1.85
2012-03-30 13:30:00,-0.0035054917420401,-0.003991587495104493,-0.003825617562024609,normal,15.5,18.61,0.8328855454056959,3.07,,1.9
2012-04-02 13:30:00,0.008697461559732,0.008793470086221947,0.012378863126196361,normal,15.64,18.46,0.847237269772481,3.08,,1.89
2012-04-03 13:30:00,0.0023799029642252,0.0018396425409613595,0.0017447780308700038,normal,15.66,18.81,0.8325358851674641,3.06,,1.94
2012-04-04 13:30:00,-0.0063991187955813,-0.006306721944811037,-0.006052479435247251,normal,16.44,19.45,0.8452442159383035,3.08,,1.9
2012-04-05 13:30:00,-0.0007023993736743,-0.00019092891537053484,0.00041117836618165813,normal,16.7,19.82,0.8425832492431886,3.09,,1.84
2012-04-09 13:30:00,-0.0083136054102095,,,normal,18.81,21.21,0.8868458274398867,3.11,,1.74
2012-04-10 13:30:00,0.00091871684139,0.0008868130883205986,0.0012798915224047469,stress,20.39,22.62,0.9014146772767462,3.14,,1.73
2012-04-11 13:30:00,0.0017485478842852,0.002129671311966927,0.0017865906517768033,stress,20.02,22.47,0.8909657320872274,3.16,,1.75
2012-04-12 13:30:00,0.0112876075825781,0.011991411230639192,0.011566296531645044,normal,17.2,20.25,0.8493827160493826,3.15,,1.79
2012-04-13 13:30:00,0.0042431240541229,0.00467584013579989,0.004050138471834909,normal,19.55,21.99,0.8890404729422465,3.15,,1.75
2012-04-16 13:30:00,-0.0084781244122159,-0.008409781219580685,-0.008908203671972995,normal,19.55,22.04,0.8870235934664248,3.14,,1.73
2012-04-17 13:30:00,0.0022617812915941,0.0022016806249776167,0.0026788896838453187,normal,18.46,20.85,0.8853717026378897,3.14,,1.76
2012-04-18 13:30:00,0.006199310626225,0.0065275349193196905,0.0066272433482547285,normal,18.64,21.12,0.8825757575757576,3.15,,1.73
2012-04-19 13:30:00,-0.0040423196848018,-0.003882280049016201,-0.004724970705854073,normal,18.36,21.23,0.8648139425341498,3.15,,1.71
2012-04-20 13:30:00,-0.0084831579560954,-0.008304499726397378,-0.008029212421845622,normal,17.44,20.48,0.8515625,3.17,,1.7
2012-04-23 13:30:00,-0.0029855898238013,-0.0039796782367984545,-0.0037193802018987716,normal,18.97,21.39,0.8868630201028517,3.16,,1.69
2012-04-24 13:30:00,-0.0058612264182338,-0.0065972496042358796,-0.006479158608272606,normal,18.1,20.51,0.8824963432471965,3.15,,1.73
2012-04-25 13:30:00,-0.0014580591641973,-0.0003370207994940588,0.0003150901163638208,normal,16.82,19.46,0.8643371017471737,3.17,,1.75
2012-04-26 13:30:00,-0.005449395700063,-0.0040188614164293045,-0.004194427424907367,normal,16.24,18.55,0.8754716981132075,3.19,,1.72
2012-04-27 13:30:00,-0.0035340011966847,-0.003260856985596319,-0.003574952308060781,normal,16.32,18.74,0.8708644610458912,3.19,,1.7
2012-04-30 13:30:00,-0.0060691520090346,-0.005699162596946348,-0.006190165849809632,normal,17.15,19.32,0.8876811594202898,3.2,,1.68
2012-05-01 13:30:00,0.0072880948524012,0.008144633900429177,0.008039045905372858,normal,16.6,19.13,0.8677469942498695,3.22,,1.71
2012-05-02 13:30:00,-0.0004690889657328,-0.001326582346073793,-0.0010628244249190689,normal,16.88,19.01,0.8879537085744343,3.19,,1.69
2012-05-03 13:30:00,-0.0078241068829804,-0.008353388710463735,-0.00835548020090084,normal,17.56,19.5,0.9005128205128204,3.18,,1.68
2012-05-04 13:30:00,0.0014357841843267,0.0021218503733326636,0.0019196491796680685,normal,19.16,20.72,0.9247104247104247,3.19,,1.64
2012-05-07 13:30:00,-0.0019927834640225,-0.0024713133868824975,-0.002038102799328028,normal,18.94,20.45,0.9261613691931542,3.18,,1.65
2012-05-08 13:30:00,-0.0034832203057121,-0.002350470377319055,-0.0018840974654310888,normal,19.05,20.81,0.9154252763094667,3.19,,1.61
2012-05-09 13:30:00,0.0013864498607461,0.0023167897322719957,0.0020341517885231583,stress,20.08,21.53,0.9326521133302368,3.22,,1.6
2012-05-10 13:30:00,-0.0092771181383446,-0.009746116334739645,-0.009476577702591842,normal,18.83,20.87,0.9022520364159079,3.21,,1.62
2012-05-11 13:30:00,-0.0009036850113853,0.0003686265932388317,-6.219062737137897e-05,normal,19.89,21.55,0.9229698375870069,3.22,,1.57
2012-05-14 13:30:00,-0.0062503736334888,-0.004446635687737583,-0.004474242931002289,stress,21.87,22.97,0.9521114497170223,3.22,,1.49
2012-05-15 13:30:00,0.0024628069776495,0.0031855735641221163,0.003431996291487572,stress,21.97,23.92,0.9184782608695651,3.24,,1.47
2012-05-16 13:30:00,-0.0089762543823588,-0.008744083593045885,-0.008497775263003073,stress,22.27,24.92,0.8936597110754413,3.25,,1.46
2012-05-17 13:30:00,0.005239724398683,0.007150476736576048,0.008238086891631564,stress,24.49,26.41,0.927300265051117,3.23,,1.38
2012-05-18 13:30:00,-0.0091847415344037,-0.009163105494139486,-0.009065647663834924,stress,25.1,27.66,0.9074475777295734,3.27,,1.39
2012-05-21 13:30:00,0.0048446771807621,0.004051672958598332,0.0038700723090870446,stress,22.01,24.71,0.8907324969647916,3.25,,1.45
2012-05-22 13:30:00,0.000915008160742,0.0024972629164461383,0.002916372398117544,stress,22.48,25.23,0.8910027744748316,3.34,,1.49
2012-05-23 13:30:00,0.0010026516725567,0.0018103900291368213,0.0012347571113483988,stress,22.33,25.11,0.8892871365989645,3.33,,1.45
2012-05-24 13:30:00,-0.0038545336183629,-0.004036724807312014,-0.003661563431747731,stress,21.54,24.78,0.8692493946731235,3.36,,1.48
2012-05-25 13:30:00,0.0097910787764064,0.01057277819870683,0.009755930233534302,stress,21.76,24.93,0.8728439630966708,3.37,,1.45
2012-05-29 13:30:00,0.0042063410629265,0.004515049409580497,0.004754906229358268,stress,21.03,23.89,0.8802846379238175,3.38,,1.44
2012-05-30 13:30:00,-0.0023576816011903,-0.0003505110635389887,0.0006380372755295312,stress,24.14,26.19,0.9217258495609011,3.4,,1.36
2012-05-31 13:30:00,0.0026032360141655,0.0031999878735472767,0.003840212188190757,stress,24.06,26.22,0.9176201372997712,3.4,,1.32
2012-06-01 13:30:00,-0.0044222577589767,-0.002433393980873319,-0.0020256158635333634,stress,26.66,28.47,0.93642430628732,3.41,,1.22
2012-06-04 13:30:00,-0.0045971240860013,-0.005742069016516912,-0.004993492069719189,stress,26.12,28.12,0.9288762446657184,3.4,,1.28
2012-06-05 13:30:00,0.0067145141761529,0.005906668608418705,0.005426078082735831,stress,24.68,26.87,0.9184964644585039,3.4,,1.32
2012-06-06 13:30:00,0.0012785232252221,-0.000357451511289301,-0.0003650536330312827,stress,22.16,24.71,0.8968029138000809,3.41,,1.4
2012-06-07 13:30:00,-0.0066378980937634,-0.006393307661703429,-0.006322693701165421,stress,21.72,24.47,0.8876174908050675,3.43,,1.39
2012-06-08 13:30:00,-0.0009402340948549,-0.00034146702921846416,0.000320519674777669,stress,21.23,23.64,0.8980541455160744,3.44,,1.37
2012-06-11 13:30:00,0.0065809931049832,0.008595740403830262,0.009070559329754304,stress,23.56,25.5,0.9239215686274509,3.46,,1.33
2012-06-12 13:30:00,-0.0036675810870259,-0.0049976202830540675,-0.00494214681027732,stress,22.09,24.94,0.8857257417802726,3.43,,1.37
2012-06-13 13:30:00,-0.004363996342349,-0.0033321701980476926,-0.002864370318953497,stress,24.27,26.5,0.9158490566037736,3.43,,1.31
2012-06-14 13:30:00,-0.005608524437753,-0.006881559908437409,-0.005976063023061748,stress,21.68,25.0,0.8672,3.4,,1.34
2012-06-15 13:30:00,0.0030360305636372,0.003103838120040213,0.00289582465566597,stress,21.11,23.67,0.8918462188424164,3.42,,1.31
2012-06-18 13:30:00,-0.0014091569656416,-0.0023215765782020484,-0.0014915553449664667,stress,18.32,22.13,0.8278355173971984,3.42,,1.3
2012-06-19 13:30:00,0.0018535239919313,0.0016732058955618739,0.00019237907577385085,stress,18.38,21.92,0.8385036496350364,3.41,,1.34
2012-06-20 13:30:00,-0.0015700650181237,-0.001679992351104622,-0.0015037384642578157,normal,17.24,20.84,0.8272552783109405,3.38,,1.33
2012-06-21 13:30:00,-0.0054899752223986,-0.0046080853371596505,-0.0036524529407830925,stress,20.08,23.16,0.8670120898100172,3.35,,1.31
2012-06-22 13:30:00,7.0575087934047e-05,-0.0009002327061269352,0.0003373754894893458,normal,18.11,21.51,0.8419339841933984,3.36,,1.38
2012-06-25 13:30:00,-0.0026335728463222,-0.0016845155930576825,-0.0012971045038667726,stress,20.38,23.03,0.8849326964828483,3.36,,1.32
2012-06-26 13:30:00,0.0001499464642397,7.762656029413893e-05,-0.00012576321396914192,normal,19.72,22.47,0.8776145972407654,3.34,,1.35
2012-06-27 13:30:00,-0.0005594781509744,-0.0007289269591082305,-0.0003190814017895414,normal,19.45,22.36,0.8698568872987478,3.35,,1.34
2012-06-28 13:30:00,0.0174472744836474,0.017605315393172973,0.013339815476443601,normal,19.71,22.25,0.8858426966292136,3.37,,1.29
2012-06-29 13:30:00,-0.0075681764350018,-0.009443508505733413,-0.010416595727658831,normal,17.08,20.32,0.8405511811023622,3.39,,1.34
2012-07-02 13:30:00,-0.0048678999083635,-0.005865508459434034,-0.018439045833322953,stress,16.8,19.79,0.8489135927235979,3.4,,1.31
2012-07-03 13:30:00,-0.0007361736933532,-0.00046296306819112966,-0.0006917372020572944,stress,16.66,19.32,0.8623188405797101,3.41,,1.35
2012-07-05 13:30:00,0.0037838916273153,0.0035308551297950587,0.004738564728525247,stress,17.5,20.11,0.870213823968175,3.43,,1.34
2012-07-06 13:30:00,-0.0015971344155476,-0.0018258084798540315,-0.0008330862319898844,stress,17.1,20.04,0.8532934131736528,3.41,,1.3
2012-07-09 13:30:00,0.0093193809470389,0.009171943319317082,0.012947686447010446,stress,17.98,20.37,0.8826705940108002,3.41,,1.26
2012-07-10 13:30:00,-0.0012693242903825,-0.0005219335146204822,-0.0002592594538100596,normal,18.72,20.87,0.8969813128893147,3.39,,1.26
2012-07-11 13:30:00,0.0040734215283864,0.00494366105112565,0.00391480952758321,normal,17.95,20.25,0.8864197530864197,3.36,,1.27
2012-07-12 13:30:00,-0.0076316581929415,-0.00805882250580392,-0.006976338667489406,normal,18.33,20.69,0.8859352344127597,3.37,,1.25
2012-07-13 13:30:00,-0.0014074106286277,-0.001606479559543646,-0.0018328794504869714,normal,16.74,19.39,0.8633316142341412,3.37,,1.27
2012-07-16 13:30:00,-0.0087244117045581,-0.008444295520873083,-0.008116360802205494,normal,17.11,19.61,0.8725140234574197,3.35,,1.26
2012-07-17 13:30:00,-0.0097622375415823,-0.009640457423706627,-0.010530247201523839,normal,16.48,18.92,0.8710359408033826,3.35,,1.28
2012-07-18 13:30:00,0.0085527643147275,0.009509555354941357,0.008310326102232236,normal,16.16,18.94,0.853220696937698,3.33,,1.3
2012-07-19 13:30:00,-0.0042547008530085,-0.004378302152282272,-0.005657878819542437,normal,15.45,18.61,0.830198817839871,3.34,,1.32
2012-07-20 13:30:00,-0.0018876757018813,-0.0019276414524925572,-0.0017619856085922014,normal,16.27,19.64,0.8284114052953157,3.31,,1.27
2012-07-23 13:30:00,-0.0050397635350872,-0.004402715601989101,-0.004789845970165485,normal,18.62,21.18,0.8791312559017942,3.31,,1.25
2012-07-24 13:30:00,0.0024969016535964,0.003507579999590471,0.0035406344505447417,stress,20.47,22.26,0.9195867026055704,3.29,,1.22
2012-07-25 13:30:00,-0.0131571370743453,-0.014258865322539551,-0.013559836622848463,normal,19.34,21.88,0.8839122486288848,3.3,,1.21
2012-07-26 13:30:00,-0.0142398774493958,-0.014521067056367534,-0.016384134239863395,normal,17.53,20.24,0.8661067193675891,3.3,,1.22
2012-07-27 13:30:00,-0.0028971587217493,-0.0012807259935422252,-0.0029276880198985866,normal,16.7,19.66,0.849440488301119,3.29,,1.33
2012-07-30 13:30:00,0.0034835463856164,0.003314132808358018,0.003036405559581928,normal,18.03,20.13,0.895678092399404,3.26,,1.3
2012-07-31 13:30:00,-0.0009564577448044,-0.0013283215037143163,-0.0014676469357785744,normal,18.93,20.78,0.9109720885466794,3.27,,1.28
2012-08-01 13:30:00,-0.0007399275380605,-0.00030230298102674916,0.0013137835833923266,normal,18.96,20.67,0.9172714078374455,3.26,,1.32
2012-08-02 13:30:00,0.0054540603403022,0.005134077658370972,0.006060652712267413,normal,17.57,20.23,0.8685121107266436,3.24,,1.27
2012-08-03 13:30:00,-0.0031618504638276,-0.0014976850251115547,-0.0012402423048622298,normal,15.64,18.68,0.8372591006423983,3.26,,1.36
2012-08-06 13:30:00,-0.002420072764322,-0.0027217586323242567,-0.004402866438404032,normal,15.95,18.74,0.8511205976520811,3.24,,1.35
2012-08-07 13:30:00,0.0189289134034048,0.019738075175768182,0.01808047707069471,normal,15.99,18.81,0.850079744816587,3.24,,1.39
2012-08-08 13:30:00,0.0030599459727889,0.0030433418286220813,0.002053314505670938,normal,15.32,18.58,0.8245425188374598,3.23,,1.39
2012-08-09 13:30:00,0.0005787186504618,0.0006777686777850803,0.0003470345283132188,normal,15.28,18.23,0.8381788261108063,3.23,,1.4
2012-08-10 13:30:00,-0.0031578883297605,-0.0032276645116937593,-0.003219524175231715,normal,14.74,18.14,0.8125689084895259,3.23,,1.38
2012-08-13 13:30:00,0.002774418378417,0.0031261486774250167,0.0042901805817363225,normal,13.7,18.07,0.7581627006087437,3.24,,1.38
2012-08-14 13:30:00,-0.0049011425082981,-0.004491468369370754,-0.0031305615508160317,normal,14.85,18.51,0.8022690437601295,3.25,,1.46
2012-08-15 13:30:00,0.0035947180572613,0.00417983263467451,0.0027955441103742974,normal,14.63,18.86,0.7757158006362673,3.27,,1.53
2012-08-16 13:30:00,0.0100719348317387,0.010375666896759662,0.009561484360038099,normal,14.29,18.55,0.7703504043126684,3.26,,1.54
2012-08-17 13:30:00,0.009684207429033,0.009849429715681883,0.009663230459492418,normal,13.45,18.35,0.7329700272479563,3.25,,1.52
2012-08-20 13:30:00,0.0022043419558782,0.002286995832502808,0.002508315944886314,normal,14.02,18.59,0.7541689080150619,3.23,,1.53
2012-08-21 13:30:00,0.0039125247355765,0.0034173502482248035,0.0011434687651051697,normal,15.02,18.8,0.7989361702127659,3.23,,1.49
2012-08-22 13:30:00,-0.0003627304855186,-0.0006381290981626557,0.0004681635455919723,normal,15.11,19.42,0.7780638516992789,3.22,,1.45
2012-08-23 13:30:00,-0.0012819972459761,-0.0017107522575118808,-0.0021294850918261066,normal,15.96,20.09,0.794425087108014,3.2,,1.42
2012-08-24 13:30:00,-0.0087074667062471,-0.00860897495859914,-0.007454858318919339,normal,15.18,19.24,0.788981288981289,3.21,,1.4
2012-08-27 13:30:00,0.003628182349841,0.002989279286433516,0.003147870949085049,normal,16.35,19.92,0.8207831325301205,3.19,,1.37
2012-08-28 13:30:00,0.0022990204024524,0.0022186145209165758,0.001419183476617951,normal,16.49,19.82,0.8319878910191725,3.19,,1.37
2012-08-29 13:30:00,0.0046820478157551,0.004382370291363619,0.003148571652121921,normal,17.06,20.46,0.8338220918866079,3.19,,1.39
2012-08-30 13:30:00,-0.0006345273547406,-0.0012764812478197262,-0.0008862355313541016,normal,17.83,20.92,0.8522944550669215,3.2,,1.36
2012-08-31 13:30:00,-0.0018697383545558,-0.0015822091155395055,-0.0010722617415397442,normal,17.47,20.62,0.8472356935014548,3.21,,1.35
2012-09-04 13:30:00,0.0080500077710947,0.0078322992537034,-0.010008393889298535,normal,17.98,20.68,0.8694390715667312,3.18,,1.36
2012-09-05 13:30:00,-0.0017622795015873,-0.0016008892756709519,-0.0016909380185797193,normal,17.74,19.99,0.8874437218609305,3.18,,1.35
2012-09-06 13:30:00,0.0009794909933686,0.0028212161971380902,0.0033251505369247354,normal,15.6,18.62,0.8378088077336197,3.19,,1.41
2012-09-07 13:30:00,0.001812383971376,0.0027996738581794805,0.001805830271674077,normal,14.38,17.59,0.8175099488345652,3.2,,1.42
2012-09-10 13:30:00,-0.0043927257296258,-0.005700023403782948,-0.006027972840517677,normal,16.28,18.3,0.8896174863387979,3.2,,1.43
2012-09-11 13:30:00,-0.0015286562086784,-0.0021417726629788447,-0.002446148901933218,normal,16.41,18.29,0.8972115910333516,3.18,,1.45
2012-09-12 13:30:00,-0.0026260555103026,-0.002152276110819814,-0.0020752026563305034,normal,15.8,17.6,0.8977272727272727,3.18,,1.52
2012-09-13 13:30:00,0.0022737968985113,0.0039657250322762795,0.00436137077152524,normal,14.05,16.45,0.8541033434650457,3.21,,1.51
2012-09-14 13:30:00,0.0118916493744394,0.011031012704712306,0.010464536380667695,normal,14.51,16.9,0.8585798816568048,3.15,,1.61
2012-09-17 13:30:00,-0.0047554622801468,-0.006863895052157185,-0.006027099991018007,normal,14.59,17.13,0.8517221249270287,3.12,,1.6
2012-09-18 13:30:00,0.0007853579825409,-0.0007243714177157775,-1.1284970913492693e-05,normal,14.18,16.63,0.8526758869512929,3.09,,1.57
2012-09-19 13:30:00,0.0001996480004401,-0.0006029592398991634,-0.0008955794239569187,normal,13.88,16.49,0.8417222559126745,3.07,,1.52
2012-09-20 13:30:00,-0.0049926447303102,-0.006987449456027889,-0.0057752904829633245,normal,14.07,16.75,0.84,3.04,,1.53
2012-09-21 13:30:00,0.0029908339159766,0.004180780299604274,0.0034131078002311286,normal,13.98,16.79,0.8326384752829066,3.06,,1.5
2012-09-24 13:30:00,-0.0025249184678825,-0.0043864038543458776,-0.003993938144555145,normal,14.15,16.59,0.8529234478601567,3.02,,1.47
2012-09-25 13:30:00,-0.0032139879763948,-0.002893191178845727,-0.002125172592278248,normal,15.43,17.6,0.8767045454545453,3.03,,1.43
2012-09-26 13:30:00,-0.0041721364339303,-0.003990273172486516,-0.003960763441773858,normal,16.81,18.5,0.9086486486486486,3.03,,1.38
2012-09-27 13:30:00,0.0060236051137438,0.007612495525032452,0.0070164711462016105,normal,14.84,17.07,0.8693614528412419,3.05,,1.41
2012-09-28 13:30:00,-0.0006548105552319,0.0001541380855498072,0.00137004439925318,normal,15.73,17.61,0.8932424758659853,3.07,,1.42
2012-10-01 13:30:00,-0.0001023425947949,-0.0002592522151446693,-0.0007496499426641965,normal,16.32,17.92,0.9107142857142857,3.06,,1.39
2012-10-02 13:30:00,0.0009690616334044,-0.000713451969264262,-0.000592945535687941,normal,15.71,17.74,0.8855693348365278,3.04,,1.41
2012-10-03 13:30:00,-0.0003059671902404,-0.0010713329461892907,0.0011881830141517182,normal,15.43,17.58,0.8777019340159272,3.03,,1.41
2012-10-04 13:30:00,-0.0026437686766729,-0.0070349659437928935,-0.006027049479571485,complacency,14.55,17.06,0.8528722157092615,2.99,,1.47
2012-10-05 13:30:00,-0.0055769320533026,-0.006331586069656827,-0.005745808673357813,complacency,14.33,16.93,0.8464264619019493,2.98,,1.48
2012-10-08 13:30:00,-0.0010263918772242,,,complacency,15.11,17.36,0.8703917050691244,,,
2012-10-09 13:30:00,-0.0056683199397807,,,normal,16.37,18.01,0.9089394780677401,2.93,,1.49
2012-10-10 13:30:00,0.0023746377079679,0.00129567409972987,-0.0005246324173571928,normal,16.29,18.13,0.8985107556536128,2.9,,1.45
2012-10-11 13:30:00,0.0065822869636023,0.005391580123740461,0.004731246607444376,complacency,15.59,17.57,0.8873079112122937,2.87,,1.42
2012-10-12 13:30:00,-0.0044871010960712,-0.0056625317580544085,-0.003699994969758291,normal,16.14,17.74,0.9098083427282977,2.85,,1.42
2012-10-15 13:30:00,-0.00532115199318,-0.006587332237885214,-0.00557240393857381,complacency,15.27,17.11,0.8924605493863238,2.83,,1.43
2012-10-16 13:30:00,-0.0036218989584972,-0.005671044345135771,-0.0038331349541018576,complacency,15.22,16.97,0.8968768414849736,2.8,,1.48
2012-10-17 13:30:00,-0.004902253416821,-0.006438160946213037,-0.007345551698082214,complacency,15.07,16.61,0.9072847682119206,2.77,,1.53
2012-10-18 13:30:00,-0.0037682171719652,-0.0055633835012714366,-0.003791192045779034,complacency,15.03,16.58,0.9065138721351026,2.72,,1.57
2012-10-19 13:30:00,-0.0004421584873274,-0.0005320178326995418,0.0008008966138231609,normal,17.06,18.12,0.9415011037527593,2.71,,1.49
2012-10-22 13:30:00,0.0140406473209852,0.013461162813102055,0.014214131102295946,normal,16.62,17.87,0.9300503637381086,2.68,,1.51
2012-10-23 13:30:00,-0.0059947835205446,-0.0029135523898728643,-0.006082050644287892,normal,18.83,19.45,0.9681233933161953,2.73,,1.5
2012-10-24 13:30:00,0.0009008281497695,0.0006664144559225703,0.0007989178816621142,normal,18.33,19.27,0.9512195121951219,2.74,,1.51
2012-10-25 13:30:00,0.0003898152480948,-0.0002028601494922733,-0.00035406613095960253,normal,18.12,19.11,0.9481946624803769,2.73,,1.55
2012-10-26 13:30:00,0.0011695188327068,0.0019085427176076478,0.0025546762639824926,normal,17.81,19.02,0.9363827549947423,2.76,,1.48
2012-10-31 13:30:00,0.0088395518477494,,,normal,18.6,19.31,0.9632314862765408,2.73,,1.42
2012-11-01 13:30:00,0.0093258504791544,0.0073311627651560015,0.0067847732723623965,normal,16.69,17.73,0.9413423575860125,2.75,,1.45
2012-11-02 13:30:00,0.0033869717922527,0.004643946629697415,0.007235015126420537,normal,17.59,18.55,0.9482479784366576,2.77,,1.47
2012-11-05 14:30:00,0.0031696964361177,0.0038795816861717345,0.002580305250473089,normal,18.42,18.97,0.9710068529256722,2.74,,1.44
2012-11-06 14:30:00,-0.0021282374234831,-0.0032511547275991437,-0.003014920841200314,normal,17.58,18.24,0.9638157894736842,2.74,,1.48
2012-11-07 14:30:00,0.0056185480429385,0.008258325722043353,0.00856383534557143,normal,19.08,19.81,0.9631499242806663,2.78,,1.41
2012-11-08 14:30:00,-0.0097923160374651,-0.010695791806736316,-0.01073595617979246,normal,18.49,19.83,0.9324256177508825,2.8,,1.35
2012-11-09 14:30:00,-0.0057209584133827,-0.005271244786742544,-0.005721962791732228,normal,18.61,20.07,0.9272546088689586,2.82,,1.34
2012-11-12 14:30:00,-0.0063100766650813,,,normal,16.68,19.15,0.8710182767624022,,,
2012-11-13 14:30:00,-0.0033314005626838,,,normal,16.65,18.97,0.8777016341591987,2.85,,1.32
2012-11-14 14:30:00,-0.0068247245135198,-0.0056622688181638195,-0.004397789137240862,normal,17.92,19.87,0.9018621036738803,2.87,,1.34
2012-11-15 14:30:00,0.0095244344209799,0.010271254784884162,0.010127115466773006,normal,17.99,19.79,0.9090449722081859,2.9,,1.34
2012-11-16 14:30:00,-0.0037649817922395,-0.004791823143453019,-0.005628301282476798,normal,16.41,18.93,0.866877971473851,2.9,,1.34
2012-11-19 14:30:00,0.0076285501198418,0.0068822621196073155,0.007736871938197841,complacency,15.24,17.59,0.8664013644115975,2.91,,1.36
2012-11-20 14:30:00,-0.0036849313713508,-0.004195270921031961,-0.004104154309950317,complacency,15.08,17.28,0.8726851851851851,2.9,,1.39
2012-11-21 14:30:00,0.0017791933527073,0.0015940941495191099,0.001484727105554418,complacency,15.31,17.58,0.8708759954493744,2.89,,1.42
2012-11-23 14:30:00,-0.0027789486991612,-0.0028614507752454032,-0.002184085883873426,complacency,15.14,17.58,0.8612059158134244,2.89,,1.41
2012-11-26 14:30:00,-0.0002053691152634,0.0003091059922459079,0.00040781979499781033,complacency,15.5,17.31,0.8954361640670133,2.9,,1.39
2012-11-27 14:30:00,0.0031437245889339,0.0037172499659941464,0.0030062734872784,complacency,15.92,17.62,0.9035187287173666,2.91,,1.37
2012-11-28 14:30:00,-0.0065105350223614,-0.006870397717410503,-0.007406686366957729,complacency,15.51,17.2,0.9017441860465116,2.91,,1.36
2012-11-29 14:30:00,0.0051829238398656,0.004727032859057873,0.00496476271777186,complacency,15.06,16.82,0.8953626634958383,2.95,,1.37
2012-11-30 14:30:00,0.0005118859484516,0.001309770653976806,0.0013387101061346426,complacency,15.87,17.27,0.9189345686160972,2.95,,1.37
2012-12-03 14:30:00,0.0011356811949438,0.0018811053867995764,-0.005876755857946576,normal,16.64,17.82,0.9337822671156004,2.95,,1.38
2012-12-04 14:30:00,-0.0005458626619757,0.0001899010967438507,-0.0003886154725138612,normal,17.12,18.19,0.9411764705882353,2.94,,1.37
2012-12-05 14:30:00,-0.001779488146246,-0.002811091450592609,-0.003673457067627773,normal,16.46,17.83,0.923163208076276,2.97,,1.35
2012-12-06 14:30:00,0.0019131663184811,0.002279436839338512,0.0026344425641405666,normal,16.58,17.84,0.929372197309417,2.96,,1.34
2012-12-07 14:30:00,0.0015202323844595,0.0003179912622941535,0.00022758422263484184,complacency,15.9,17.29,0.9196067090803933,2.96,,1.39
2012-12-10 14:30:00,0.0008352154826158,0.001103707540163564,-0.0001941611894771102,normal,16.05,17.35,0.9250720461095101,2.95,,1.39
2012-12-11 14:30:00,-0.0016571032687929,-0.002600937715835226,-0.002460797254688764,complacency,15.57,17.0,0.9158823529411765,2.95,,1.42
2012-12-12 14:30:00,0.0024707925900842,0.0021618987608584463,0.0033758781966880137,complacency,15.95,17.43,0.9150889271371199,2.94,,1.47
2012-12-13 14:30:00,0.0028946932851072,0.004398281083645909,0.003969961755181655,normal,16.56,17.88,0.9261744966442953,2.92,,1.47
2012-12-14 14:30:00,-0.0007294411478108,0.0004063516688966012,-0.0003234747906806409,normal,17.0,18.03,0.9428729894620077,2.9,,1.48
2012-12-17 14:30:00,0.0028610615984399,0.0022062966944750313,0.0021894891918228937,normal,16.34,17.5,0.9337142857142857,2.9,,1.53
2012-12-18 14:30:00,0.0051822837915157,0.0036867740560391315,0.003149071497798559,complacency,15.57,16.81,0.9262343842950626,2.92,,1.56
2012-12-19 14:30:00,0.0039486788649495,0.007082025507834325,0.005877010881282745,normal,17.36,17.86,0.9720044792833147,2.89,,1.54
2012-12-20 14:30:00,0.0058125560068117,0.006127300415294856,0.006513081556685345,normal,17.67,18.14,0.9740904079382581,2.89,,1.53
2012-12-21 14:30:00,0.0002596104292482,0.0008502211980652522,6.262124775422134e-06,normal,17.84,18.87,0.9454160042395336,2.86,,1.51
2012-12-24 14:30:00,-0.002494110499493,-0.002438504654102951,-0.0021636039348303785,normal,17.84,18.87,0.9454160042395336,2.86,,1.53
2012-12-26 14:30:00,-0.002172664447022,-0.001053631977924978,-0.0002627878208058775,normal,19.48,19.93,0.9774209734069242,2.87,,1.51
2012-12-27 14:30:00,0.0009617109766658,0.001019698795334427,0.0012085466514418868,normal,19.47,19.92,0.9774096385542167,2.84,,1.48
2012-12-28 14:30:00,-0.0015631822565716,0.0004729039775847937,0.0003671452037158098,stress,22.72,21.88,1.0383912248628884,2.85,,1.46
2012-12-31 14:30:00,0.0043577110481889,0.0016199430239376006,0.00024667426392642987,normal,18.02,18.73,0.9620928990923652,2.85,,1.53
2013-01-02 14:30:00,-0.0015915197476204,-0.003726371469046807,-0.020708857701406853,complacency,14.68,16.69,0.8795686039544637,2.85,,1.59
2013-01-03 14:30:00,-0.0071036891566626,-0.006587164515793159,-0.006466801153683934,complacency,14.56,16.74,0.8697729988052569,2.84,,1.65
2013-01-04 14:30:00,0.0007402010689123,0.0004999781399151953,0.0007043961724870081,complacency,13.83,16.34,0.846389228886169,2.81,,1.66
2013-01-07 14:30:00,0.0018111467422006,0.0016662121221281481,0.0016166950063144316,complacency,13.79,16.45,0.8382978723404255,2.8,,1.65
2013-01-08 14:30:00,-0.0064093177405542,-0.006702905907560855,-0.006962696043987743,complacency,13.62,16.45,0.8279635258358663,2.81,,1.64
2013-01-09 14:30:00,0.0022152252865835,0.0023466727000677015,0.002384702534599338,complacency,13.81,16.5,0.836969696969697,2.81,,1.64
2013-01-10 14:30:00,0.0015521474927869,0.0014651063301412766,0.001374765288254861,complacency,13.49,16.12,0.8368486352357319,2.8,,1.65
2013-01-11 14:30:00,-2.0773100348110707e-06,-0.00014152439432332835,-8.947610406850657e-05,complacency,13.36,16.01,0.8344784509681448,2.8,,1.63
2013-01-14 14:30:00,0.0020652503234349,0.0021441193107320108,0.0022239758470479357,complacency,13.52,16.29,0.8299570288520565,2.8,,1.63
2013-01-15 14:30:00,0.0082222417621881,0.008049967051105335,0.008316821943778767,complacency,13.55,16.33,0.8297611757501532,2.81,,1.6
2013-01-16 14:30:00,0.001742042501494,0.00153632343689045,0.0014147187093950314,complacency,13.42,16.24,0.8263546798029557,2.84,,1.58
2013-01-17 14:30:00,0.0055617727698098,0.005760846433983921,0.005894063709951406,complacency,13.57,16.08,0.843905472636816,2.84,,1.61
2013-01-18 14:30:00,-0.0001810352836758,-0.0010281661181748703,-0.0011378005166276768,complacency,12.46,15.29,0.814911706998038,2.82,,1.61
2013-01-22 14:30:00,0.0088313979826699,0.008848237274400206,0.008946530284810638,complacency,12.43,14.72,0.8444293478260869,2.82,,1.6
2013-01-23 14:30:00,-0.0013512730160334,-0.0013758998635946638,-0.0015265346470153208,complacency,12.46,14.5,0.8593103448275863,2.83,,1.6
2013-01-24 14:30:00,0.0016929072179149,0.0017273562481114565,0.001789656352149899,complacency,12.69,14.67,0.8650306748466258,2.82,,1.65
2013-01-25 14:30:00,0.00072593707985,0.0004730934727553501,0.00047288720150022993,complacency,12.89,14.66,0.8792633015006821,2.82,,1.7
2013-01-28 14:30:00,0.0020877433310272,0.002122678785102946,0.0020768310451996508,complacency,13.57,15.07,0.900464499004645,2.82,,1.71
2013-01-29 14:30:00,-0.0134420658641808,-0.013370782295190719,-0.01335368786084234,complacency,13.31,14.74,0.9029850746268657,2.81,,1.73
2013-01-30 14:30:00,-0.0018712616367726,-0.002761493826612632,-0.0021754030053894925,complacency,14.32,15.42,0.9286640726329443,2.84,,1.76
2013-01-31 14:30:00,0.0016175902846077,0.001882244127542024,0.0008840290245365112,complacency,14.28,15.55,0.9183279742765272,2.82,,1.75
2013-02-01 14:30:00,0.0033016850678324,0.003142534848354064,0.003071807369598608,complacency,12.9,14.79,0.872210953346856,2.84,,1.77
2013-02-04 14:30:00,-0.0009673447323366,-0.0009885020375063622,-0.0007665727840050511,complacency,14.67,15.79,0.929069031032299,2.85,,1.75
2013-02-05 14:30:00,0.0043963558520039,0.004250671602651789,0.004136548034742389,complacency,13.72,15.3,0.8967320261437909,2.85,,1.77
2013-02-06 14:30:00,0.002110957760617,0.0022852879333691367,0.002450301474089301,complacency,13.41,15.14,0.8857331571994715,2.86,,1.73
2013-02-07 14:30:00,0.0036235570015231,0.004058964815623046,0.004249762558882938,complacency,13.5,15.19,0.8887425938117183,2.85,,1.74
2013-02-08 14:30:00,0.0025630741325405,0.0020027698903615997,0.0014703885876345755,complacency,13.02,14.8,0.8797297297297296,2.86,,1.74
2013-02-11 14:30:00,-0.0036972977821921,-0.003622163176265448,-0.0029682408157483044,complacency,12.94,14.68,0.8814713896457765,2.84,,1.72
2013-02-12 14:30:00,-0.0005433869093712,-0.0008791335792429455,-0.001179589964416417,complacency,12.64,14.53,0.8699242945629733,2.85,,1.73
2013-02-13 14:30:00,0.0046724378216909,0.00555350448116491,0.004657874253857946,complacency,12.98,14.63,0.8872180451127819,2.84,,1.76
2013-02-14 14:30:00,-0.0003986535514917,-0.0009155857854482126,-0.000630713513877004,complacency,12.66,14.43,0.8773388773388774,2.85,,1.73
2013-02-15 14:30:00,-0.0037014006305432,-0.0038602712910306715,-0.004110296122570219,complacency,12.46,14.26,0.873772791023843,2.85,,1.72
2013-02-19 14:30:00,-0.0031510920974997,-0.0032597575427448983,-0.00401496933486697,complacency,12.31,13.99,0.879914224446033,2.86,,1.74
2013-02-20 14:30:00,-0.0092901655178173,-0.00873472019800796,-0.008410286882219876,complacency,14.68,15.41,0.9526281635301752,2.87,,1.75
2013-02-21 14:30:00,-0.0016582420540701,-0.0015695128613100293,-0.0014893497856177094,complacency,15.22,15.71,0.9688096753660089,2.87,,1.73
2013-02-22 14:30:00,-0.0036986317660486,-0.004895032053851253,-0.00516102889047477,complacency,14.17,14.98,0.9459279038718291,2.87,,1.7
2013-02-25 14:30:00,-0.0025602402354734,-0.0004813132950048445,0.00018032134101810633,stress,18.99,17.94,1.0585284280936453,2.89,,1.63
2013-02-26 14:30:00,0.0011132944222294,-0.00018899420341676916,0.0006896784942358289,normal,16.87,17.25,0.9779710144927537,2.9,,1.63
2013-02-27 14:30:00,0.0014361005585235,0.00012127091147626982,0.0011392785806785466,complacency,14.73,15.66,0.9406130268199234,2.9,,1.64
2013-02-28 14:30:00,0.0002423109524289,0.0005947746272214397,0.00013728098683613615,complacency,15.51,16.18,0.9585908529048208,2.89,,1.64
2013-03-01 14:30:00,-0.0019885664164098,-0.002240119219529627,-0.0022665173022028222,complacency,15.36,16.29,0.9429097605893186,2.9,,1.61
2013-03-04 14:30:00,-0.0075271866600951,-0.008121570734909059,-0.008128581106146142,complacency,14.01,15.42,0.9085603112840467,2.9,,1.64
2013-03-05 14:30:00,0.0024444787504375,0.0022700787963061053,0.0020582470334483535,complacency,13.48,14.95,0.9016722408026756,2.9,,1.65
2013-03-06 14:30:00,-0.0014353343122582,-0.0008906463361437423,-0.00136883821250502,complacency,13.53,15.03,0.9001996007984032,2.89,,1.7
2013-03-07 14:30:00,0.0022174444929081,0.0026157749189867617,0.0020426824478284233,complacency,13.06,14.74,0.8860244233378562,2.89,,1.75
2013-03-08 14:30:00,0.0055067155473876,0.005640084343654244,0.0050461387989201925,complacency,12.59,14.52,0.8670798898071626,2.88,,1.79
2013-03-11 13:30:00,1.504647401565605e-05,-0.0006055435668603707,0.00043826093887588393,complacency,11.56,14.3,0.8083916083916084,2.87,,1.8
2013-03-12 13:30:00,-0.0008646280128922,-0.0007677701062334618,0.00012122564268023757,complacency,12.27,14.58,0.8415637860082305,2.87,,1.76
2013-03-13 13:30:00,0.003380924184517,0.003021681605543896,0.0030829121245590273,complacency,11.83,14.51,0.8152997932460372,2.85,,1.77
2013-03-14 13:30:00,-0.000727303306393,-0.0007779844496439668,-0.00353546704519097,complacency,11.3,14.1,0.8014184397163121,2.88,,1.77
2013-03-15 13:30:00,-0.0016160480071697,-0.001572195135414058,-0.002043006842813791,complacency,11.3,14.26,0.7924263674614307,2.89,,1.76
2013-03-18 13:30:00,0.0008646608601952,0.001746271897125584,0.0011021973148398997,complacency,13.36,15.39,0.8680961663417803,2.91,,1.7
2013-03-19 13:30:00,0.0002847972489253,0.00032556698480204623,0.0005608525209821119,complacency,14.39,15.71,0.9159770846594526,2.9,,1.68
2013-03-20 13:30:00,-0.0018763961180994,-0.002719183389426673,-0.0028891512007624904,complacency,12.67,14.93,0.8486269256530475,2.9,,1.7
2013-03-21 13:30:00,-0.0003753983844402,0.00017681002130202694,0.00010953113408247473,complacency,13.99,15.53,0.9008370895041855,2.9,,1.68
2013-03-22 13:30:00,-0.0071749822092124,-0.007585656286299392,-0.007032863520433776,complacency,13.57,15.26,0.8892529488859764,2.9,,1.67
2013-03-25 13:30:00,0.002271205891296,0.0026808894117783992,0.0017162284082999795,complacency,13.74,15.3,0.8980392156862744,2.91,,1.69
2013-03-26 13:30:00,0.0002560683153626,-0.00041310181168401126,0.0010744920777583412,complacency,12.77,14.75,0.8657627118644068,2.91,,1.67
2013-03-27 13:30:00,-0.0014910886535824,-0.0015481760513460206,-0.0019250530622551187,complacency,13.15,14.93,0.8807769591426658,2.93,,1.62
2013-03-28 13:30:00,-0.0042487778840515,-0.004239802913763164,-0.0031569273887135964,normal,12.7,14.64,0.8674863387978141,2.96,,1.62
2013-04-01 13:30:00,0.003238762716995,,,complacency,13.58,15.28,0.8887434554973822,2.91,,1.63
2013-04-02 13:30:00,-0.0019465596734843,-0.002274207131479063,0.004079559998687046,complacency,12.78,14.71,0.8687967369136641,2.91,,1.63
2013-04-03 13:30:00,-0.0052615920870792,-0.004659700061252031,-0.0030131091188553985,complacency,14.21,15.49,0.9173660426081344,2.91,,1.59
2013-04-04 13:30:00,-0.002421730729981,-0.002889533292147349,-0.004572697803789924,complacency,13.89,15.3,0.907843137254902,2.88,,1.56
2013-04-05 13:30:00,-0.0029637984140485,-0.00241335052531686,-0.0029133633018935,complacency,13.92,15.38,0.9050715214564369,2.82,,1.48
2013-04-08 13:30:00,0.0026837891336282,0.0018283246269485674,0.0006702374769083385,complacency,13.19,14.71,0.8966689326988443,2.82,,1.52
2013-04-09 13:30:00,-0.0002057760256643,-0.0006605151744980444,0.0011883482441402459,complacency,12.84,14.46,0.8879668049792531,2.82,,1.54
2013-04-10 13:30:00,-0.012102916800376,-0.013300171279039156,-0.014853278911139632,complacency,12.36,14.12,0.8753541076487252,2.83,,1.6
2013-04-11 13:30:00,-0.0007030665399198,-0.0007534913207480794,-0.0023134084892445193,complacency,12.24,14.17,0.8637967537050106,2.84,,1.58
2013-04-12 13:30:00,-0.0057438817797349,-0.005778560634220564,-0.004075803449253462,complacency,12.06,14.02,0.8601997146932954,2.82,,1.53
2013-04-15 13:30:00,-0.0089609029631543,-0.006965864691139195,-0.003691475693039464,stress,17.27,17.03,1.014092777451556,2.82,,1.5
2013-04-16 13:30:00,0.0002616170303113,-0.002026511340046754,-0.0012692570351079014,complacency,13.96,15.1,0.9245033112582782,2.81,,1.51
2013-04-17 13:30:00,-0.0083810036735797,-0.006556564388240139,-0.005760626952615373,normal,16.51,16.93,0.9751919669226227,2.81,,1.49
2013-04-18 13:30:00,-0.0036274984428953,-0.002699446631575666,-0.004217059725658815,stress,17.56,17.52,1.002283105022831,2.8,,1.48
2013-04-19 13:30:00,-0.0066448871877657,-0.008818863841886288,-0.008752142259112836,complacency,14.97,16.17,0.9257884972170686,2.81,,1.49
2013-04-22 13:30:00,-0.0106906051242065,-0.010919505791644071,-0.010667933034020112,complacency,14.39,15.66,0.9189016602809706,2.82,,1.48
2013-04-23 13:30:00,0.0046040179659157,0.0036762511928220914,0.0033342268306231276,complacency,13.48,14.83,0.908968307484828,2.8,,1.51
2013-04-24 13:30:00,0.0200799749273589,0.02025518400263195,0.016931134198640695,complacency,13.61,14.97,0.9091516366065463,2.8,,1.5
2013-04-25 13:30:00,0.0002824825456256,0.00038816438437270167,-0.0017112572774169365,complacency,13.62,14.96,0.9104278074866309,2.81,,1.51
2013-04-26 13:30:00,-0.0008392546709197,-0.0004311090239375075,0.0017290411787027956,complacency,13.61,14.89,0.9140362659503022,2.81,,1.48
2013-04-29 13:30:00,0.0066384698153846,0.00669794040555017,0.007896733954755214,complacency,13.71,14.92,0.9189008042895443,2.82,,1.5
2013-04-30 13:30:00,0.0091330653830973,0.009579689017020712,0.00791991116548142,complacency,13.52,14.78,0.9147496617050068,2.83,,1.48
2013-05-01 13:30:00,0.0020019876705205,0.0026296127968305624,0.005354801899735197,complacency,14.49,15.61,0.9282511210762332,2.82,,1.46
2013-05-02 13:30:00,0.0064140707617272,0.005738694608837606,0.00493791949383173,complacency,13.59,14.87,0.9139206455951581,2.81,,1.46
2013-05-03 13:30:00,-0.0060963544040924,-0.007293100239990568,-0.00968180898386372,complacency,12.85,14.45,0.889273356401384,2.82,,1.56
2013-05-06 13:30:00,0.0090347478187747,0.009206242614732022,0.008223138281500874,complacency,12.66,14.31,0.8846960167714885,2.83,,1.58
2013-05-07 13:30:00,0.0036311380943757,0.003506343390333701,0.0015774376344061835,complacency,12.83,14.35,0.8940766550522649,2.82,,1.6
2013-05-08 13:30:00,0.0111464544003441,0.010591850169218705,0.010122198971629913,complacency,12.66,14.4,0.8791666666666667,2.8,,1.59
2013-05-09 13:30:00,0.0001666389558606,0.001436039500306639,0.0013691921776058233,complacency,13.13,14.81,0.886563133018231,2.82,,1.59
2013-05-10 13:30:00,0.0006401134343441,0.00013718439998487892,-0.004170695131540487,complacency,12.59,14.71,0.8558803535010197,2.82,,1.64
2013-05-13 13:30:00,-0.0070421721441464,-0.007515263310729208,-0.003730366546356269,complacency,12.55,15.05,0.8338870431893688,2.81,,1.68
2013-05-14 13:30:00,-0.0036467408984016,-0.0033937148627188247,-0.005584311591690619,complacency,12.77,14.98,0.8524699599465954,2.81,,1.7
2013-05-15 13:30:00,-0.0022237634103948,-0.0020071539220322203,-0.004369075528042613,complacency,12.81,15.05,0.8511627906976744,2.82,,1.68
2013-05-16 13:30:00,0.0030698756984329,0.002686419167357389,0.004947758388921671,complacency,13.07,15.45,0.8459546925566344,2.81,,1.64
2013-05-17 13:30:00,0.0009021522007342,0.0007481139523958913,-0.00113575612518957,complacency,12.45,15.17,0.8206987475280157,2.81,,1.69
2013-05-20 13:30:00,0.0007830516277496,0.0007996774084817281,-3.2239088277416506e-05,complacency,13.02,15.31,0.8504245591116917,2.8,,1.71
2013-05-21 13:30:00,-0.0033533635685036,-0.0029781261495917,-0.002700027391184745,complacency,13.37,15.78,0.8472750316856781,2.81,,1.68
2013-05-22 13:30:00,-0.0075621036740888,-0.008121020747220646,0.0005891089922553583,complacency,13.82,15.82,0.8735777496839444,2.78,,1.77
2013-05-23 13:30:00,0.0045928036992496,0.0044521580667345,0.0017197346586323623,complacency,14.07,16.0,0.879375,2.77,,1.76
2013-05-24 13:30:00,0.000787447982595,0.00013760166819285163,0.003425784526452384,complacency,13.99,15.92,0.8787688442211056,2.75,,1.75
2013-05-28 13:30:00,0.010326373786522,0.011986068085876487,0.009301901544665706,complacency,14.48,15.87,0.9124133585381223,2.73,,1.86
2013-05-29 13:30:00,0.0018429411513626,0.002842282406620443,0.00407748556592997,complacency,14.83,16.15,0.9182662538699691,2.75,,1.83
2013-05-30 13:30:00,0.0086782222215887,0.009146961311877777,0.007993499972852992,complacency,14.53,16.01,0.9075577763897563,2.77,,1.82
2013-05-31 13:30:00,0.0028268396234944,0.004317498220990436,0.0027443505191186088,normal,16.3,17.13,0.9515469935785174,2.79,,1.86
2013-06-03 13:30:00,-0.0016161238374935,-0.0010919852980626372,0.022302081119662042,normal,16.28,17.22,0.9454123112659699,2.82,,1.83
2013-06-04 13:30:00,-0.0004527549938001,0.00020311840256558256,0.0017452261793740086,normal,16.27,17.26,0.9426419466975665,2.86,,1.82
2013-06-05 13:30:00,-0.0027824664856739,-0.0017427864143412962,-0.0031637177044041512,normal,17.5,18.0,0.9722222222222222,2.89,,1.8
2013-06-06 13:30:00,-0.0047899993266696,-0.005372623170716844,-0.005664943587897189,normal,16.63,17.55,0.9475783475783475,2.88,,1.78
2013-06-07 13:30:00,0.0055712385242458,0.004711144364758658,0.007526563933429794,complacency,15.14,16.72,0.9055023923444977,2.89,,1.85
2013-06-10 13:30:00,0.0079581682642087,0.007741327929975781,0.006859300990836891,complacency,15.44,16.73,0.9228930065750149,2.89,,1.9
2013-06-11 13:30:00,-0.00179560036678,-0.00044959907140774405,-0.0015461436585630143,normal,17.07,17.91,0.9530988274706867,2.91,,1.86
2013-06-12 13:30:00,0.004543942411523,0.004635295278016851,0.005597349819862977,normal,18.59,19.07,0.9748295752490823,2.91,,1.91
2013-06-13 13:30:00,0.00242290499691,0.002302667327986293,0.0011181242271138163,normal,16.41,17.83,0.920358945597308,2.92,,1.87
2013-06-14 13:30:00,-0.0030299330080573,-0.0022831237214568116,-0.0029056660179883234,normal,17.15,18.3,0.9371584699453551,2.93,,1.85
2013-06-17 13:30:00,0.0040126867606811,0.002634081759798568,0.0037087343233687935,normal,16.8,17.99,0.9338521400778211,2.93,,1.92
2013-06-18 13:30:00,0.0018588480036007,0.0014833607609380378,0.000747773317592961,normal,16.61,17.75,0.9357746478873239,2.92,,1.93
2013-06-19 13:30:00,-0.0030082994499181,-0.005012183720367736,-0.003782289255901448,normal,16.64,17.78,0.935883014623172,2.87,,2.02
2013-06-20 13:30:00,-0.0031049772654499,-0.0014830550362134704,-0.0028897473247771702,stress,20.49,20.34,1.0073746312684364,2.93,,2.08
2013-06-21 13:30:00,0.0001250286028493,-0.001794289099465537,0.0003760784598006757,normal,18.9,19.49,0.9697280656747049,2.87,,2.14
2013-06-24 13:30:00,0.0024853368273351,0.003287181976569408,0.0029138664943707793,stress,20.11,20.73,0.9700916546068499,2.86,,2.15
2013-06-25 13:30:00,-0.0028032451735294,-0.004386897666354732,-0.0042690407362819234,normal,18.47,19.67,0.9389933909506862,2.88,,2.17
2013-06-26 13:30:00,-0.0060880005600262,-0.0068253945608930874,-0.00468259333488813,normal,17.21,18.82,0.9144527098831031,2.89,,2.16
2013-06-27 13:30:00,0.0093149715564927,0.0094590247052411,0.004891802187346925,normal,16.86,18.56,0.9084051724137931,2.92,,2.13
2013-06-28 13:30:00,0.0020022628020211,0.0027057162194063615,0.0037197648328797643,normal,16.86,18.39,0.9168026101141924,2.83,,2.16
2013-07-01 13:30:00,0.0034281386070339,0.0031540344421823897,-0.0013794810765670822,normal,16.37,17.92,0.9135044642857143,2.83,,2.16
2013-07-02 13:30:00,-0.0049442887750752,-0.00505251987434518,-0.005068121129350124,normal,16.44,18.02,0.9123196448390678,2.81,,2.14
2013-07-03 13:30:00,-0.0052947580236084,-0.005491952044702006,-0.005309913146333734,normal,16.2,17.81,0.909601347557552,2.8,,2.16
2013-07-05 13:30:00,-0.0003093369918166,-0.001325900952342481,-7.560808992008918e-05,complacency,14.89,16.88,0.8821090047393366,2.77,,2.33
2013-07-08 13:30:00,0.0062317853229642,0.006293593896214646,0.007138380286412516,complacency,14.78,16.41,0.9006703229737965,2.79,,2.28
2013-07-09 13:30:00,-0.0028299562710707,-0.002994539103638602,-0.0040875573505046725,complacency,14.35,15.91,0.9019484600879949,2.78,,2.28
2013-07-10 13:30:00,-0.0008271943728564,-0.0006929039016396321,-0.0017854368139354755,complacency,14.21,15.77,0.9010779961953076,2.75,,2.32
2013-07-11 13:30:00,0.0027029359604365,0.002411146809728781,0.002524100664703361,complacency,14.01,15.5,0.9038709677419354,2.77,,2.26
2013-07-12 13:30:00,-0.004930467011164,-0.005076612552448254,-0.006424049217670501,complacency,13.84,15.65,0.8843450479233227,2.77,,2.24
2013-07-15 13:30:00,0.0024188854774034,0.0023132130577639396,0.0006906184070320258,complacency,13.79,15.62,0.882842509603073,2.76,,2.23
2013-07-16 13:30:00,0.001852617838757,0.001274137030403872,0.0015573557792033063,complacency,14.42,16.01,0.9006870705808868,2.74,,2.21
2013-07-17 13:30:00,-0.0002642652145258,-0.00038159545547459856,-0.000606147531613868,complacency,13.78,15.56,0.8856041131105398,2.74,,2.2
2013-07-18 13:30:00,0.0111772776780573,0.011514793610321854,0.010945118942833416,complacency,13.77,15.56,0.8849614395886889,2.75,,2.24
2013-07-19 13:30:00,-0.0103092282269568,-0.010815242095995003,-0.010730400862341678,complacency,12.54,15.04,0.8337765957446809,2.74,,2.18
2013-07-22 13:30:00,0.0021817739273081,0.002727076373196726,0.0025696768170691935,complacency,12.29,14.69,0.8366235534377127,2.71,,2.18
2013-07-23 13:30:00,0.0018330865469569,0.0018894663536388751,0.0014262754401938073,complacency,12.66,14.88,0.8508064516129031,2.7,,2.2
2013-07-24 13:30:00,-0.0037084840846876,-0.0035802112122553286,-0.0013486355693595694,complacency,13.18,15.19,0.8676761026991442,2.67,,2.27
2013-07-25 13:30:00,0.0003434818511627,-6.829805313471939e-05,-0.00245801380221098,complacency,12.97,15.0,0.8646666666666667,2.69,,2.29
2013-07-26 13:30:00,-0.0037411580869417,-0.0033729031061225773,-0.001839444063598259,complacency,12.72,14.8,0.8594594594594595,2.67,,2.27
2013-07-29 13:30:00,0.0006901353059547,0.00029091448753003807,0.002093512541767934,complacency,13.39,15.11,0.8861681005956321,2.69,,2.28
2013-07-30 13:30:00,-0.007481059872843,-0.007441075043011708,-0.00791136387363002,complacency,13.39,14.98,0.8938584779706276,2.68,,2.3
2013-07-31 13:30:00,0.0055172793435395,0.005679193271372874,0.0051218660748408845,complacency,13.45,14.92,0.9014745308310992,2.68,,2.29
2013-08-01 13:30:00,0.00451408927965,0.0037232928144480554,0.0031973419195559004,complacency,12.94,14.55,0.8893470790378006,2.66,,2.39
2013-08-02 13:30:00,-0.0029801281898846,-0.00275534582024086,-0.002409373774994533,complacency,11.98,14.03,0.8538845331432645,2.68,,2.33
2013-08-05 13:30:00,0.0060734040542828,0.004964780018915915,0.0025799879053379866,complacency,11.84,13.86,0.8542568542568543,2.7,,2.35
2013-08-06 13:30:00,0.0006514622923881,0.0011788054817611295,0.0032960661488307475,complacency,12.72,14.56,0.8736263736263736,2.69,,2.35
2013-08-07 13:30:00,-0.0042523197172335,-0.004079065382437005,-0.0024124978610084624,complacency,12.98,14.81,0.8764348413234301,2.72,,2.29
2013-08-08 13:30:00,0.0057445767542199,0.0055954003283620575,0.005430947342160884,complacency,12.73,14.67,0.8677573278800274,2.73,,2.28
2013-08-09 13:30:00,0.0045088444819923,0.00500865851652566,0.003717325431313986,complacency,13.41,15.1,0.8880794701986755,2.74,,2.25
2013-08-12 13:30:00,0.0011888153211606,0.0009526676588177919,-0.001989532963150304,complacency,12.81,15.17,0.8444297956493079,2.72,,2.29
2013-08-13 13:30:00,-0.0021949850759835,-0.004319536248272091,-0.0015237559180821957,complacency,12.31,14.86,0.8283983849259758,2.72,,2.37
2013-08-14 13:30:00,0.0013534745921606,0.0014330341286256931,0.0006877868700448633,complacency,13.04,15.24,0.8556430446194225,2.72,,2.37
2013-08-15 13:30:00,-0.0058808700594171,-0.005854195570554853,-0.0038385772966961084,complacency,14.73,16.24,0.9070197044334977,2.7,,2.41
2013-08-16 13:30:00,-0.0004758721030669,-0.0020758207867530953,-0.001230872167291098,complacency,14.37,15.94,0.9015056461731493,2.7,,2.48
2013-08-19 13:30:00,-0.002014100056696,-0.002846291479949286,-0.0009839587994908987,complacency,15.1,16.4,0.9207317073170732,2.7,,2.52
2013-08-20 13:30:00,0.0032000705247148,0.0038453770155687686,-0.0009329225779389325,complacency,14.91,16.31,0.9141630901287554,2.72,,2.46
2013-08-21 13:30:00,4.330484994543964e-06,1.9773602846025117e-06,-0.00022926795382947966,complacency,15.94,16.79,0.9493746277546159,2.71,,2.49
2013-08-22 13:30:00,0.0003661485703633,0.0013824548886764959,-0.00038394230670210373,complacency,14.76,15.99,0.923076923076923,2.68,,2.48
2013-08-23 13:30:00,0.0002243620761166,0.0013537851179831867,0.0019298941824071384,complacency,13.98,15.55,0.8990353697749196,2.67,,2.42
2013-08-26 13:30:00,0.0007089748778031,0.001667761831414283,-0.0001156951245241517,complacency,14.99,16.21,0.9247378161628624,2.67,,2.38
2013-08-27 13:30:00,-0.0065744525858759,-0.005074681354206223,-0.002584219085569007,normal,16.77,17.68,0.9485294117647058,2.66,,2.34
2013-08-28 13:30:00,-0.0031517925265179,-0.003597365188607829,-0.0024739121304931137,normal,16.49,17.62,0.9358683314415436,2.65,,2.38
2013-08-29 13:30:00,0.0030704489972804,0.004854107366877341,0.00037570138142052015,normal,16.81,17.9,0.9391061452513967,2.62,,2.36
2013-08-30 13:30:00,-0.0065065899281015,-0.004463257865452217,-0.0003806074269691491,normal,17.01,18.05,0.9423822714681441,2.56,,2.39
2013-09-03 13:30:00,0.0001132671436347,-0.0016050476875097551,-0.03261310712011119,normal,16.61,17.64,0.941609977324263,2.58,,2.43
2013-09-04 13:30:00,-0.0019967438424066,-0.001151638565932415,-0.0009162171214207762,complacency,15.88,17.3,0.9179190751445087,2.55,,2.44
2013-09-05 13:30:00,0.0072082324171656,0.006997216202692741,0.007526043761155497,complacency,15.77,17.14,0.9200700116686114,2.55,,2.46
2013-09-06 13:30:00,-0.0017854830070993,-0.0036146794936881216,-0.004156187309663476,complacency,15.85,17.17,0.9231217239370995,2.59,,2.48
2013-09-09 13:30:00,-0.0034513591011639,-0.0037527729790013545,-0.005342895825392711,complacency,15.63,16.83,0.9286987522281641,2.6,,2.45
2013-09-10 13:30:00,0.0033581872535562,0.002483146163511159,0.002478623823349357,complacency,14.53,16.11,0.9019242706393544,2.61,,2.46
2013-09-11 13:30:00,0.0017727949244066,0.0014607559260650916,0.002851950842784533,complacency,13.82,15.61,0.8853299167200513,2.61,,2.46
2013-09-12 13:30:00,-0.0007004299354258,-0.0005448979995481333,0.0007474583510226973,complacency,14.29,15.85,0.9015772870662461,2.61,,2.47
2013-09-13 13:30:00,0.0026025646623415,0.0015875901125406138,0.000910813858031642,complacency,14.16,15.7,0.9019108280254777,2.64,,2.45
2013-09-16 13:30:00,0.002256534581671,0.0008511267747717188,0.003410760633493608,complacency,14.38,15.58,0.9229781771501926,2.68,,2.47
2013-09-17 13:30:00,0.0033789229769477,0.0038228605138118936,0.0013546922448417452,complacency,14.53,15.66,0.9278416347381864,2.67,,2.47
2013-09-18 13:30:00,-0.0082985640700735,-0.010772180427642483,-0.008335012803027673,complacency,13.59,15.18,0.8952569169960475,2.75,,2.35
2013-09-19 13:30:00,-0.0076461751093863,-0.007735166572096794,-0.008294323584506555,complacency,13.16,15.02,0.8761651131824235,2.72,,2.42
2013-09-20 13:30:00,-0.0024005136362284,-0.000755320125301156,-0.0031508240004617964,complacency,13.12,15.32,0.856396866840731,2.68,,2.41
2013-09-23 13:30:00,0.0051985688948412,0.004941555012590035,0.0020215361141724237,complacency,14.31,15.92,0.8988693467336684,2.7,,2.37
2013-09-24 13:30:00,-0.0011057208728847,0.0004115561153583201,-0.0010098232849181474,complacency,14.08,15.64,0.9002557544757033,2.68,,2.32
2013-09-25 13:30:00,0.0070087945871214,0.0068737883129895636,0.006659100468727168,complacency,14.01,15.56,0.9003856041131105,2.7,,2.27
2013-09-26 13:30:00,-0.0021564090268191,-0.003932482257917683,-0.004956268163089909,complacency,14.06,15.41,0.9123945489941596,2.72,,2.32
2013-09-27 13:30:00,-0.0020337889541717,-0.002867691375953235,-0.00396523400545162,complacency,15.46,16.04,0.9638403990024939,2.73,,2.3
2013-09-30 13:30:00,0.0055742699036096,0.004334938138049846,0.0024558963264912632,normal,16.6,16.8,0.9880952380952381,2.75,,2.31
2013-10-01 13:30:00,0.0023223739153051,0.0020038898875301206,0.0006682819899609959,complacency,15.54,16.13,0.9634221946683199,2.76,,2.33
2013-10-02 13:30:00,0.0034994530102472,0.0028685439306541305,0.004283817039531903,normal,16.6,16.81,0.9875074360499704,2.77,,2.32
2013-10-03 13:30:00,0.0043152287589423,0.0039317577196525556,0.004170750754148667,normal,17.67,17.7,0.9983050847457628,2.78,,2.29
2013-10-04 13:30:00,-0.0007326871574055,5.20678629921242e-05,0.0007210606133525484,normal,16.74,17.21,0.9726902963393375,2.76,,2.33
2013-10-07 13:30:00,0.001208135603675,0.001463132217399962,0.001881317074663271,stress,19.41,19.07,1.0178290508652335,2.74,,2.28
2013-10-08 13:30:00,0.004891251109704,0.005908697801662263,0.006830343137319072,stress,20.34,19.84,1.0252016129032258,2.71,,2.26
2013-10-09 13:30:00,0.0034962315632871,0.0033681198307504855,0.005301227037954996,stress,19.6,19.29,1.0160705028512185,2.71,,2.31
2013-10-10 13:30:00,-0.0022992249165327,0.00011661621187116465,0.00017719770415317157,normal,16.48,17.21,0.957582800697269,2.68,,2.36
2013-10-11 13:30:00,0.0050962480858291,0.00574014949252612,0.003084283010991673,complacency,15.72,16.57,0.9487024743512372,2.68,,2.35
2013-10-14 13:30:00,0.0005255542078868,,,normal,16.07,16.92,0.9497635933806146,,,
2013-10-15 13:30:00,-0.0050847467748882,,,stress,18.66,18.41,1.0135795763172188,2.66,,2.38
2013-10-16 13:30:00,6.6323763897062e-05,0.0010415485670133332,0.0032963793693949893,complacency,14.71,16.26,0.9046740467404674,2.66,,2.35
2013-10-17 13:30:00,-0.0041262179623465,-0.00384261220216639,-0.0036004883102888977,complacency,13.48,15.44,0.873056994818653,2.66,,2.28
2013-10-18 13:30:00,0.0013706221205704,0.0015694771618233135,-0.0007209723051460279,complacency,13.04,14.92,0.873994638069705,2.66,,2.27
2013-10-21 13:30:00,0.0003490503154085,0.0004096802977174559,0.0011353667687776792,complacency,13.16,15.14,0.869220607661823,2.65,,2.3
2013-10-22 13:30:00,-0.0047849681003549,-0.00472527279321297,-0.0030160993352183825,complacency,13.33,15.02,0.8874833555259654,2.66,,2.23
2013-10-23 13:30:00,-0.0025587429835079,-0.0025902420366542035,-0.0033314771580794395,complacency,13.42,15.11,0.8881535407015222,2.67,,2.2
2013-10-24 13:30:00,-0.0078458191151018,-0.008030277410228768,-0.008818876814902335,complacency,13.2,14.9,0.8859060402684563,2.68,,2.2
2013-10-25 13:30:00,-0.0043952558952826,-0.004027675913989911,-0.0027817965473736534,complacency,13.09,14.87,0.8802958977807667,2.66,,2.21
2013-10-28 13:30:00,-0.0017407060993928,-0.0018748424715356558,-0.0016403999395102524,complacency,13.31,14.87,0.8950907868190989,2.66,,2.22
2013-10-29 13:30:00,4.325028632668881e-05,-0.0007533483082730738,0.0006196977067231305,complacency,13.41,15.03,0.8922155688622755,2.69,,2.22
2013-10-30 13:30:00,0.0006030158123714,0.0007362453014743576,0.0028404196479462707,complacency,13.65,15.13,0.9021810971579642,2.68,,2.22
2013-10-31 13:30:00,0.0060957266741158,0.006589964138238197,0.007510694982388201,complacency,13.75,15.25,0.9016393442622951,2.65,,2.26
2013-11-01 13:30:00,-0.0070958726945661,-0.006863889954095394,-0.0051285357318639185,complacency,13.28,15.06,0.8818061088977422,2.64,,2.32
2013-11-04 14:30:00,0.0127558192133823,0.01254492967862332,0.010697834914097466,complacency,12.93,14.68,0.8807901907356949,2.66,,2.31
2013-11-05 14:30:00,-0.0030562852506197,-0.0030396111163384296,-0.0035961746444930836,complacency,13.27,14.92,0.8894101876675603,2.66,,2.37
2013-11-06 14:30:00,0.0027486779230746,0.001969273886836218,0.004973381509850784,complacency,12.67,14.66,0.864256480218281,2.7,,2.37
2013-11-07 14:30:00,-0.0062002317298101,-0.006515200924134511,-0.00555237208077186,complacency,13.91,15.36,0.9055989583333334,2.7,,2.34
2013-11-08 14:30:00,0.0025447456689351,0.0029051918681724217,0.0004817275892499157,complacency,12.9,14.63,0.8817498291182502,2.69,,2.45
2013-11-11 14:30:00,0.003823487572479,,,complacency,12.53,14.73,0.8506449422946367,,,
2013-11-12 14:30:00,0.0017515775317134,,,complacency,12.82,14.88,0.8615591397849462,2.67,,2.46
2013-11-13 14:30:00,0.0040547903393369,0.003813802988345197,0.004018193722739562,complacency,12.52,14.83,0.8442346594740391,2.69,,2.43
2013-11-14 14:30:00,0.0004765612879598,-7.49511362227158e-05,0.0022250585456664914,complacency,12.37,14.88,0.8313172043010751,2.72,,2.4
2013-11-15 14:30:00,-0.004098863462268,-0.00349146484770639,-0.003346058131925369,complacency,12.19,14.8,0.8236486486486486,2.7,,2.4
2013-11-18 14:30:00,-0.0022726494386277,-0.0008429546207050491,-0.0004748256616553294,complacency,13.1,14.93,0.8774279973208305,2.66,,2.36
2013-11-19 14:30:00,-0.0030951519792323,-0.0038948098338234703,-0.003385253689711098,complacency,13.39,15.25,0.8780327868852459,2.66,,2.42
2013-11-20 14:30:00,0.002254570995334,0.001016257736626054,0.00016337226124324335,complacency,13.4,14.99,0.8939292861907939,2.67,,2.52
2013-11-21 14:30:00,0.007485540223812,0.008618699177378945,0.00567222737789842,complacency,12.66,14.52,0.871900826446281,2.65,,2.5
2013-11-22 14:30:00,-0.0042216999937348,-0.003748553509616654,-0.00390908696172819,complacency,12.26,14.15,0.8664310954063604,2.65,,2.44
2013-11-25 14:30:00,0.0017697014177346,0.001579002547441426,0.00026162905680682746,complacency,12.79,14.43,0.8863478863478863,2.65,,2.44
2013-11-26 14:30:00,0.0074307949259739,0.00797419005881765,0.00585721125550524,complacency,12.81,14.55,0.8804123711340206,2.63,,2.42
2013-11-27 14:30:00,0.000745166540518,0.0003659892217711409,-0.0008503572837082881,complacency,12.98,14.6,0.889041095890411,2.63,,2.46
2013-11-29 14:30:00,0.0016733257836718,0.0014933168755846948,0.0012058542727952642,complacency,13.7,15.03,0.9115103127079175,2.61,,2.47
2013-12-02 14:30:00,-0.0041659381121629,-0.004545499781738675,-0.018215836683744536,complacency,14.23,15.19,0.9368005266622779,2.6,,2.51
2013-12-03 14:30:00,0.0033140674720731,0.0031990779919201747,0.003677835016488521,complacency,14.55,15.49,0.9393156875403487,2.6,,2.51
2013-12-04 14:30:00,-0.0047547469692418,-0.005223086106800272,-0.00505245614681963,complacency,14.7,15.57,0.9441233140655105,2.62,,2.54
2013-12-05 14:30:00,-0.0042511315426436,-0.00423625218097916,-0.005899358475377261,complacency,15.08,15.78,0.9556400506970849,2.59,,2.58
2013-12-06 14:30:00,0.0033099665339067,0.003911780561138335,0.00579302125948109,complacency,13.79,14.95,0.9224080267558529,2.58,,2.58
2013-12-09 14:30:00,0.0006936064764683,0.0008875148960411068,0.0016152841649090342,complacency,13.49,14.93,0.9035498995311454,2.57,,2.56
2013-12-10 14:30:00,-0.0019326021345196,-0.001981197217837423,0.0006967884077608104,complacency,13.91,15.22,0.9139290407358738,2.56,,2.51
2013-12-11 14:30:00,-0.0105275417130184,-0.010895701641282073,-0.009600411969362767,complacency,15.42,15.99,0.9643527204502814,2.55,,2.55
2013-12-12 14:30:00,-0.0003539469807089,-0.00019551365110646198,-0.0019178746625069638,complacency,15.54,16.12,0.9640198511166252,2.53,,2.55
2013-12-13 14:30:00,0.0018742538719183,0.0031912457136822874,0.0023833513914012505,complacency,15.76,16.27,0.9686539643515674,2.5,,2.54
2013-12-16 14:30:00,0.0026538829079624,0.002852813177663738,0.0008820834389704757,normal,16.03,16.39,0.9780353874313606,2.5,,2.55
2013-12-17 14:30:00,-0.0026431261380153,-0.0030569351597407985,-0.0030993116040897934,normal,16.21,16.5,0.9824242424242424,2.5,,2.51
2013-12-18 14:30:00,-0.001534113310173,-0.0019422724787526223,-0.0007819129129618429,complacency,13.8,14.99,0.9206137424949967,2.5,,2.57
2013-12-19 14:30:00,-0.0044027015816976,-0.002114512043655721,0.000844405083973673,complacency,14.15,15.28,0.9260471204188482,2.42,,2.59
2013-12-20 14:30:00,0.0075381633529673,0.008013979627286269,0.004074215945046589,complacency,13.79,15.01,0.9187208527648234,2.38,,2.52
2013-12-23 14:30:00,0.0048541500935016,0.005588279822569342,0.0029135400997457256,complacency,13.04,14.52,0.8980716253443526,2.35,,2.56
2013-12-24 14:30:00,0.0039051908937271,0.004135787954308799,0.003753670018765165,complacency,12.48,14.24,0.8764044943820225,2.36,,2.61
2013-12-26 14:30:00,-0.0028166612121047,-0.0033011368777825607,-0.0016713868105376183,complacency,12.33,14.03,0.8788310762651461,2.37,,2.58
2013-12-27 14:30:00,0.001379695879721,0.0018277293773341437,0.002113392889208713,complacency,12.46,13.98,0.8912732474964234,2.37,,2.62
2013-12-30 14:30:00,0.0008435047164025,0.0013469529681166953,0.0023120557433511245,complacency,13.56,14.77,0.9180771834800271,2.35,,2.6
2013-12-31 14:30:00,0.0038262538154761,0.004348465707802825,0.004675039545071732,complacency,13.72,14.77,0.9289099526066351,2.33,,2.66
2014-01-02 14:30:00,-0.0025654899438422,-0.0024332309888631548,-0.00031600843003136295,complacency,14.23,15.26,0.9325032765399738,2.34,,2.61
2014-01-03 14:30:00,0.0046164177528393,0.004217448954907955,0.0015940264723126336,complacency,13.76,15.09,0.9118621603711067,2.34,,2.6
2014-01-06 14:30:00,-0.000853240964456,-0.0010475379910223057,0.001958057351072567,complacency,13.55,14.82,0.9143049932523617,2.32,,2.58
2014-01-07 14:30:00,0.007616137442245,0.0069902684423173,0.006017996696627497,complacency,12.92,14.41,0.8965995836224844,2.32,,2.56
2014-01-08 14:30:00,-0.0026956688558933,-0.0027854063112946943,-0.0025358055381071633,complacency,12.87,14.29,0.900629811056683,2.31,,2.58
2014-01-09 14:30:00,-0.0034917752404589,-0.0035555936887405864,-0.0031984951334892552,complacency,12.89,14.29,0.9020293911826452,2.31,,2.53
2014-01-10 14:30:00,-0.0005807139896274,-0.0015419356337497106,-0.00209542943454091,complacency,12.14,13.94,0.8708751793400288,2.32,,2.49
2014-01-13 14:30:00,-0.0035427480056763,-0.0018328300129120017,-0.0029873855483612956,complacency,13.28,14.98,0.8865153538050734,2.34,,2.45
2014-01-14 14:30:00,0.0006765445389834,-0.0015329053759944276,-0.0012143528153881291,complacency,12.28,14.49,0.8474810213940648,2.34,,2.49
2014-01-15 14:30:00,0.00539379944542,0.005113916548691115,0.003678086788813369,complacency,12.28,14.46,0.8492392807745504,2.32,,2.49
2014-01-16 14:30:00,-0.0049099249399478,-0.0046147963250108195,-0.005909859598231161,complacency,12.53,14.69,0.8529611980939414,2.32,,2.45
2014-01-17 14:30:00,-0.000454041142223,-0.0005928985812473747,-0.0006409928616899136,complacency,12.44,14.63,0.8503075871496923,2.33,,2.44
2014-01-21 14:30:00,-0.0038599273197987,-0.003060273191907705,-0.004353049439707269,complacency,12.87,14.62,0.8803009575923393,2.3,,2.45
2014-01-22 14:30:00,-0.0016915081560896,-0.002022301740952486,-0.0033613052717229312,complacency,12.84,14.47,0.8873531444367657,2.3,,2.43
2014-01-23 14:30:00,-0.0001336060947185,0.002232059479981923,-0.0001917505158267174,complacency,13.77,14.98,0.9192256341789051,2.32,,2.4
2014-01-24 14:30:00,0.0001826314547725,0.012155607871499803,0.010339406886091898,stress,18.14,17.4,1.042528735632184,2.35,,2.38
2014-01-27 14:30:00,0.0041064618607381,0.003196675278059929,0.008343080028290217,stress,17.42,17.13,1.0169293636894339,2.36,,2.41
2014-01-28 14:30:00,-0.0073239103994553,-0.009973013922444237,-0.010096407603779424,complacency,15.8,16.2,0.9753086419753088,2.35,,2.39
2014-01-29 14:30:00,-0.0003746964510475,0.0008418578437892075,0.0025713810930701494,stress,17.35,17.24,1.0063805104408354,2.38,,2.33
2014-01-30 14:30:00,-0.0005724499495436,-3.505717929276923e-05,-0.0015304293056516548,normal,17.29,17.37,0.9953943580886585,2.36,,2.36
2014-01-31 14:30:00,0.0022519628091709,0.002804091160212599,0.002749286069696299,stress,18.41,18.09,1.0176893311221669,2.4,,2.33
2014-02-03 14:30:00,-0.0097690455621877,-0.006454160090041609,-0.005743673305643427,stress,21.44,20.14,1.0645481628599802,2.39,,2.31
2014-02-04 14:30:00,-0.0088077720105722,-0.012351667504050484,-0.011342723592206935,stress,19.11,19.08,1.0015723270440253,2.41,,2.33
2014-02-05 14:30:00,0.0077482314290227,0.008524738067176163,0.010387846814397018,stress,19.95,19.67,1.0142348754448398,2.42,,2.38
2014-02-06 14:30:00,0.0019414373300145,0.0002103967505689558,0.004258758105925983,normal,17.23,17.79,0.9685216413715572,2.4,,2.4
2014-02-07 14:30:00,-0.0129829901769381,-0.01430653636374251,-0.013653832786842787,complacency,15.29,16.34,0.9357405140758873,2.42,,2.41
2014-02-10 14:30:00,0.0003051041537546,0.00034469890106866624,0.00019843150480651164,complacency,15.26,16.32,0.9350490196078431,2.42,,2.38
2014-02-11 14:30:00,-0.0023584939362267,-0.0029237748290166935,-0.002106137144944882,complacency,14.51,15.75,0.9212698412698412,2.39,,2.4
2014-02-12 14:30:00,-0.002921897059817,-0.003525782585532333,-0.004298789587650114,complacency,14.3,15.65,0.9137380191693291,2.36,,2.45
2014-02-13 14:30:00,0.0075693877205616,0.008023961483241904,0.005838663427651897,complacency,14.14,15.5,0.9122580645161291,2.39,,2.41
2014-02-14 14:30:00,0.0052081957373543,0.005074695001158806,0.006629749747865976,complacency,13.57,15.17,0.8945286750164799,2.38,,2.43
2014-02-18 14:30:00,-0.0012078081334161,-0.0010376495212880553,-0.00333077197904212,complacency,13.87,15.22,0.9113009198423127,2.4,,2.4
2014-02-19 14:30:00,-0.0030205920172413,-0.0025661658451561395,-0.0010082049955458185,complacency,15.5,16.29,0.9515039901780233,2.41,,2.4
2014-02-20 14:30:00,0.0016362304697377,0.0012736505348833038,0.0003213658496096202,complacency,14.79,15.72,0.9408396946564884,2.39,,2.42
2014-02-21 14:30:00,0.0017910897918672,0.0016478895243156218,0.0012987827568639227,complacency,14.68,15.64,0.938618925831202,2.38,,2.4
2014-02-24 14:30:00,0.0080254809151841,0.007896583997493399,0.007411153059515666,complacency,14.23,15.5,0.9180645161290323,2.38,,2.4
2014-02-25 14:30:00,-0.0082180127751983,-0.008702785466493692,-0.008712151521566954,complacency,13.67,15.5,0.8819354838709678,2.38,,2.36
2014-02-26 14:30:00,0.0048765298438773,0.005087038532803856,0.003828862501757944,complacency,14.35,15.91,0.9019484600879949,2.38,,2.34
2014-02-27 14:30:00,-0.0014466099541637,-0.0015583711150021838,-0.001645270472942985,complacency,14.04,15.63,0.8982725527831094,2.36,,2.32
2014-02-28 14:30:00,0.0028410236929934,0.002831551080872281,0.004724673150364782,complacency,14.0,15.8,0.8860759493670886,2.35,,2.33
2014-03-03 14:30:00,-0.0009604719512166,-0.0003970546841395612,-0.00032972318881551983,normal,16.0,16.92,0.9456264775413711,2.37,,2.28
2014-03-04 14:30:00,0.0010404437776662,0.0003361026160147425,-0.002254969400657758,complacency,14.1,15.69,0.8986615678776291,2.35,,2.37
2014-03-05 14:30:00,-0.0008328009396674,-0.0009236671364856391,-0.0009961994036101558,complacency,13.89,15.77,0.8807863031071655,2.36,,2.37
2014-03-06 14:30:00,0.0047820126457186,0.004813586312230861,0.005442794670702328,complacency,14.21,15.83,0.8976626658243841,2.37,,2.37
2014-03-07 14:30:00,-0.0003227624095847,-0.0007866508442517407,-0.0009722229793288307,complacency,14.11,15.87,0.8890989287964713,2.34,,2.42
2014-03-10 13:30:00,-0.0039009382423666,-0.004001268830182332,-0.003956472082916377,complacency,14.2,15.97,0.8891671884783969,2.36,,2.42
2014-03-11 13:30:00,0.0011485468085098,0.0013688317204080063,0.00271201949924018,complacency,14.8,16.35,0.9051987767584098,2.37,,2.4
2014-03-12 13:30:00,-0.0007260462286742,0.00019963551888525972,-1.075006872942397e-05,complacency,14.47,16.08,0.8998756218905474,2.38,,2.36
2014-03-13 13:30:00,-0.0015726605482023,-0.0012803739493575435,-0.0017268301891393198,normal,16.22,17.13,0.9468768242848803,2.39,,2.32
2014-03-14 13:30:00,0.000489456942613,0.0006785149820417229,-0.0007073660517895184,normal,17.82,17.93,0.9938650306748467,2.4,,2.29
2014-03-17 13:30:00,-0.0018159778284071,-0.001850154825953398,-0.0003511315386523874,complacency,15.64,16.69,0.9370880766926303,2.4,,2.32
2014-03-18 13:30:00,0.0063024454833603,0.006637422188152407,0.0054490941200442755,complacency,14.52,16.15,0.8990712074303406,2.42,,2.32
2014-03-19 13:30:00,0.0084927889958321,0.009088633318286512,0.009200340308472249,complacency,15.12,16.38,0.9230769230769231,2.37,,2.31
2014-03-20 13:30:00,-0.0005035198889105,-0.0017700525869135237,-0.0013034584999195927,complacency,14.52,15.86,0.9155107187894074,2.34,,2.34
2014-03-21 13:30:00,0.0083529151289872,0.009290628924212523,0.010172445557645036,complacency,15.0,16.18,0.927070457354759,2.32,,2.3
2014-03-24 13:30:00,-0.0060760003684169,-0.005969850893307067,-0.005910159094231151,complacency,15.09,16.1,0.9372670807453415,2.29,,2.27
2014-03-25 13:30:00,-0.0072209938965702,-0.007038222167069845,-0.0064636136979387,complacency,14.02,15.53,0.9027688345138442,2.28,,2.28
2014-03-26 13:30:00,0.0023988616259825,0.002358957848762698,0.004009217750823747,complacency,14.93,16.08,0.9284825870646767,2.28,,2.26
2014-03-27 13:30:00,-0.0010277973406675,-0.0005626719076524535,-0.00037627636723602353,complacency,14.62,15.87,0.9212350346565847,2.26,,2.24
2014-03-28 13:30:00,0.0058881120319381,0.005051314631060254,0.006028873271355918,complacency,14.41,15.46,0.9320827943078913,2.25,,2.28
2014-03-31 13:30:00,0.0045688697797736,0.004667104474210955,0.004149990107180673,complacency,13.88,15.08,0.9204244031830239,2.26,,2.29
2014-04-01 13:30:00,0.0044028994628953,0.0038305671932844444,0.0041231006597098096,complacency,13.1,14.4,0.9097222222222222,2.26,,2.33
2014-04-02 13:30:00,-0.0022651030859682,-0.0028212472920768044,-0.0028536359946539232,complacency,13.09,14.45,0.9058823529411765,2.25,,2.35
2014-04-03 13:30:00,0.00200879315048,0.0021498702005824663,0.0027604175206516744,complacency,13.37,14.5,0.9220689655172414,2.24,,2.34
2014-04-04 13:30:00,-0.0061241723368086,-0.005581680895777637,-0.004931302942134555,complacency,13.96,14.96,0.9331550802139037,2.25,,2.31
2014-04-07 13:30:00,-0.0049414183648601,-0.005684365384413984,-0.007016572614408582,complacency,15.57,15.9,0.9792452830188679,2.24,,2.3
2014-04-08 13:30:00,0.0098240154328945,0.010460111063289116,0.0110488036599342,complacency,14.89,15.53,0.9587894397939473,2.26,,2.29
2014-04-09 13:30:00,-0.0051956948299405,-0.006232294712705334,-0.00671101388110887,complacency,13.82,14.83,0.9318948078219825,2.25,,2.34
2014-04-10 13:30:00,0.0003762708653393,0.0011246473826607504,0.0009553005180832994,complacency,15.89,16.07,0.9887990043559428,2.24,,2.28
2014-04-11 13:30:00,-0.0077527069883595,-0.007646283040943564,-0.008452557726794633,stress,17.03,16.79,1.014294222751638,2.23,,2.26
2014-04-14 13:30:00,-0.0001053732031852,-6.142246891135812e-05,0.0008330083910406685,normal,16.11,16.34,0.9859241126070991,2.22,,2.28
2014-04-15 13:30:00,-0.0049787008646286,-0.003694786115798346,-0.0035153856710578423,complacency,15.61,15.99,0.9762351469668542,2.2,,2.25
2014-04-16 13:30:00,-0.0051721293232995,-0.004634604474714869,-0.004288282152117257,complacency,14.18,15.23,0.9310571240971766,2.19,,2.26
2014-04-17 13:30:00,-0.0046218469332687,-0.00461840371435767,-0.004819981846433871,complacency,13.36,14.84,0.9002695417789757,2.16,,2.3
2014-04-21 13:30:00,-0.0056873877350387,,,complacency,13.25,14.75,0.8983050847457628,2.18,,2.31
2014-04-22 13:30:00,-4.605625974674413e-05,0.0015681190033068134,0.0008948580982907371,complacency,13.19,14.61,0.9028062970568104,2.15,,2.28
2014-04-23 13:30:00,-0.000317913746719,-0.00010717378747378411,0.0008262783175984004,complacency,13.27,14.83,0.8948078219824679,2.15,,2.27
2014-04-24 13:30:00,0.0066620514701149,0.006879204713842073,0.0072205827620972236,complacency,13.32,14.77,0.9018280297901151,2.14,,2.27
2014-04-25 13:30:00,0.0013250741566935,0.0015434089734032153,0.0020306528355601362,complacency,14.06,15.18,0.9262187088274045,2.13,,2.25
2014-04-28 13:30:00,-0.0080538409216772,-0.008172115574289564,-0.008278337900624733,complacency,13.97,14.93,0.9356999330207636,2.13,,2.26
2014-04-29 13:30:00,-0.0030884111767651,-0.0034275570776401134,-0.0029935277208627746,complacency,13.71,14.83,0.9244774106540796,2.15,,2.27
2014-04-30 13:30:00,-0.0010669668464348,-0.0007945356384772321,-0.00021872426880877732,complacency,13.41,14.7,0.9122448979591837,2.16,,2.25
2014-05-01 13:30:00,0.0036017173788318,0.004414957820118817,0.0037095511705309125,complacency,13.25,14.67,0.9032038173142468,2.14,,2.22
2014-05-02 13:30:00,0.0052042932411045,0.006025906429282441,0.005287821351095819,complacency,12.91,14.68,0.8794277929155314,2.14,,2.18
2014-05-05 13:30:00,-0.0003953141866137,-0.00029217350121944167,0.0008252593286640486,complacency,13.29,14.75,0.9010169491525423,2.15,,2.2
2014-05-06 13:30:00,0.0007174002693893,0.00044159851592576323,0.0008886099543042464,complacency,13.8,15.12,0.9126984126984128,2.15,,2.18
2014-05-07 13:30:00,0.0026352252872853,0.0025654936678352063,0.0027040067743928056,complacency,13.4,14.62,0.9165526675786595,2.16,,2.21
2014-05-08 13:30:00,-0.0017831705879313,-0.0022911899242714943,-0.0013767557962549358,complacency,13.43,14.58,0.9211248285322359,2.18,,2.21
2014-05-09 13:30:00,0.0044664436219452,0.0037981244356295766,0.004302137513238549,complacency,12.92,14.38,0.8984700973574409,2.21,,2.22
2014-05-12 13:30:00,0.0082452833076461,0.008366052658872254,0.005999950834531519,complacency,12.23,13.88,0.8811239193083573,2.2,,2.25
2014-05-13 13:30:00,-0.003227992563612,-0.003091195363952441,-0.0008296718640742303,complacency,12.13,14.04,0.8639601139601141,2.21,,2.22
2014-05-14 13:30:00,-0.006231593200852,-0.005513838275240775,-0.0038379127049191653,complacency,12.17,14.18,0.8582510578279267,2.2,,2.15
2014-05-15 13:30:00,0.0016550489744726,0.001856060577408366,0.001874414899226232,complacency,13.17,14.86,0.8862718707940781,2.22,,2.12
2014-05-16 13:30:00,0.0026478549304791,0.0028098900430221186,0.0013650436449066984,complacency,12.44,14.33,0.8681088625261688,2.2,,2.14
2014-05-19 13:30:00,0.0035279622858347,0.0022206866688616322,0.0020937397279144443,complacency,12.42,14.11,0.8802267895109851,2.22,,2.18
2014-05-20 13:30:00,-0.0030540031398758,-0.003226837639115493,0.0005384625509952646,complacency,12.96,14.41,0.8993754337265788,2.23,,2.17
2014-05-21 13:30:00,0.0018670012294694,0.00191634710286059,0.004020070453191286,complacency,11.91,13.87,0.8586878154289834,2.26,,2.17
2014-05-22 13:30:00,-0.0017133290239652,-0.001869951864206957,-0.0034524217180068495,complacency,12.03,13.83,0.8698481561822126,2.25,,2.19
2014-05-23 13:30:00,0.0069453133832104,0.0074641267614293265,0.005219907300856497,complacency,11.36,13.62,0.8340675477239354,2.24,,2.17
2014-05-27 13:30:00,0.002547028202544,0.003068479497940207,0.0020225346445160866,complacency,11.51,13.64,0.8438416422287389,2.23,,2.13
2014-05-28 13:30:00,0.0026636987248557,0.0029902176934236096,0.0035923884835879242,complacency,11.68,13.77,0.8482207697893972,2.23,,2.07
2014-05-29 13:30:00,-0.0002192330120785,-0.0004315050798048088,-0.001424692002739392,complacency,11.57,13.71,0.8439095550692924,2.24,,2.08
2014-05-30 13:30:00,-0.002578152523147,-0.0023171000934985087,-0.0010796792151661805,complacency,11.4,13.75,0.8290909090909091,2.22,,2.11
2014-06-02 13:30:00,-0.0024139781690432,-0.00226007026399678,-0.04285248857723165,complacency,11.58,13.88,0.8342939481268011,2.22,,2.15
2014-06-03 13:30:00,0.004933884670959,0.005359694199458764,0.0063406696054373254,complacency,11.87,13.82,0.8589001447178002,2.22,,2.19
2014-06-04 13:30:00,0.0034195726955602,0.0033307746970751184,0.002919853292324472,complacency,12.08,13.77,0.8772694262890341,2.23,,2.2
2014-06-05 13:30:00,0.006365180972782,0.00600904284203695,0.001995267023852362,complacency,11.68,13.58,0.8600883652430044,2.24,,2.19
2014-06-06 13:30:00,0.0038765118309403,0.0038036250541875977,0.0026715902859322923,complacency,10.73,12.83,0.8363211223694467,2.23,,2.19
2014-06-09 13:30:00,0.0005979550549998,0.0011242529122261692,-0.0015242006518907366,complacency,11.15,13.02,0.8563748079877113,2.22,,2.19
2014-06-10 13:30:00,-0.003871169876554,-0.0036281137006619847,-0.0030893032550333346,complacency,10.99,13.01,0.8447348193697156,2.21,,2.19
2014-06-11 13:30:00,-0.0040299191742975,-0.0033598540531902025,-0.0030675919439171074,complacency,11.6,13.29,0.872836719337848,2.2,,2.21
2014-06-12 13:30:00,-0.0019021716397417,-0.0017850845809621535,-0.0035906983825361475,complacency,12.56,14.11,0.890148830616584,2.21,,2.16
2014-06-13 13:30:00,0.0001934658752864,0.0003984714015544512,0.0008389804279989682,complacency,12.18,13.79,0.883248730964467,2.19,,2.15
2014-06-16 13:30:00,0.0024131970645712,0.0039687704386811105,0.0019920333817181855,complacency,12.65,13.97,0.905511811023622,2.17,,2.12
2014-06-17 13:30:00,0.0025448650209947,0.002192168771532022,0.001752549614434828,complacency,12.06,13.66,0.8828696925329429,2.17,,2.15
2014-06-18 13:30:00,0.0002921628524397,-0.0027539839256641345,-0.0017400519978241313,complacency,10.61,12.62,0.840729001584786,2.19,,2.13
2014-06-19 13:30:00,0.0034407372099985,0.003453928357529008,0.003917515032364506,complacency,10.62,12.7,0.8362204724409449,2.19,,2.16
2014-06-20 13:30:00,-0.0005028463359401,-0.0006881513906004698,-0.0014838181960790367,complacency,10.85,12.87,0.8430458430458431,2.2,,2.13
2014-06-23 13:30:00,0.0027163586899756,0.0033283053404486594,0.003901945274334834,complacency,10.98,12.92,0.8498452012383901,2.19,,2.15
2014-06-24 13:30:00,-0.0063377607308028,-0.004233954141713715,-0.004276628027661661,complacency,12.13,13.38,0.906576980568012,2.18,,2.1
2014-06-25 13:30:00,-0.0007457480116864,-0.0015311880313795163,-0.0025198821276588247,complacency,11.59,13.11,0.8840579710144928,2.18,,2.09
2014-06-26 13:30:00,-0.0068389315551087,-0.006753556912683692,-0.0066062569084432265,complacency,11.63,13.07,0.8898240244835501,2.18,,2.07
2014-06-27 13:30:00,0.0053004111570698,0.003818588399723326,0.002720108936127569,complacency,11.26,12.82,0.8783151326053041,2.2,,2.09
2014-06-30 13:30:00,0.000452448441406,0.002059439647344939,0.00028608997686754574,complacency,11.57,13.01,0.8893159108378171,2.18,,2.06
2014-07-01 13:30:00,0.0011743094562263,-8.783205609842097e-05,-0.0007822925061540418,complacency,11.15,12.74,0.8751962323390895,2.19,,2.11
2014-07-02 13:30:00,0.0009511681004584,-7.688272773144695e-05,0.0018754063196207635,complacency,10.82,12.49,0.866293034427542,2.2,,2.15
2014-07-03 13:30:00,0.0030190328813603,0.0019869703231755855,0.0018469989557926485,complacency,10.32,12.24,0.8431372549019608,2.21,,2.13
2014-07-07 13:30:00,-0.0059681512035841,,,complacency,11.33,12.87,0.8803418803418804,2.18,,2.11
2014-07-08 13:30:00,-0.0021908875667038,-0.001109630829096504,0.0003054889629105816,complacency,11.98,13.21,0.906888720666162,2.18,,2.07
2014-07-09 13:30:00,0.0003240225540576,0.0003936193941363685,0.001611038235057336,complacency,11.65,12.99,0.8968437259430331,2.17,,2.06
2014-07-10 13:30:00,-0.0017428304432585,-0.0023057745840813575,-0.0009185059437705626,complacency,12.59,13.65,0.9223443223443223,2.2,,2.09
2014-07-11 13:30:00,0.0008060669570926,0.000693824688692258,0.001470160821293099,complacency,12.08,13.28,0.9096385542168676,2.2,,2.05
2014-07-14 13:30:00,0.0021389243683188,0.0014068270838836481,0.0011937572270880525,complacency,11.82,12.93,0.91415313225058,2.21,,2.07
2014-07-15 13:30:00,0.0019625030980358,0.002387276888934594,0.004795704833652685,complacency,11.96,13.16,0.9088145896656535,2.2,,2.07
2014-07-16 13:30:00,0.00778226986466,0.0058326558753093345,0.008543937700028955,complacency,11.0,12.63,0.8709422011084719,2.19,,2.05
2014-07-17 13:30:00,0.0022694783314003,0.012616829533263372,0.010565377976781786,complacency,14.54,14.97,0.9712758851035403,2.22,,2.0
2014-07-18 13:30:00,0.0001361097697233,-0.0027252690698444603,-0.0032895750208055737,complacency,12.06,13.36,0.9026946107784432,2.2,,1.99
2014-07-21 13:30:00,-0.0008809945191074,5.2685257654609794e-05,0.00018691121632889393,complacency,12.81,13.8,0.9282608695652174,2.19,,1.98
2014-07-22 13:30:00,0.0055552769006099,0.004848695024932865,0.004001436649264708,complacency,12.24,13.5,0.9066666666666667,2.19,,1.99
2014-07-23 13:30:00,-0.0071761984959593,-0.00805083822429725,-0.007994136832279638,complacency,11.52,13.38,0.8609865470852017,2.2,,1.98
2014-07-24 13:30:00,0.0047938816779708,0.004894804553519252,0.005993920115371599,complacency,11.84,13.45,0.8802973977695168,2.2,,1.99
2014-07-25 13:30:00,-0.0030705283991826,-0.0013824889013184143,-0.0007330984072388478,complacency,12.69,14.0,0.9064285714285714,2.19,,1.95
2014-07-28 13:30:00,0.0070640699891098,0.006730744770927372,0.008350708607670593,complacency,12.56,13.92,0.9022988505747127,2.19,,1.96
2014-07-29 13:30:00,-0.0040350053258481,-0.0024120331405863204,-0.004799445445819576,complacency,13.28,14.22,0.9338959212376933,2.18,,1.93
2014-07-30 13:30:00,0.0022121057106331,0.00011540055857073555,-0.0003823882378951025,complacency,13.33,14.26,0.9347826086956522,2.17,,2.01
2014-07-31 13:30:00,-0.004652805340282,-0.002503382769292392,-0.0025794188182114964,stress,16.95,16.38,1.034798534798535,2.17,,2.05
2014-08-01 13:30:00,-0.0034965304309356,-0.0051612809663983475,-0.005041795034019196,stress,17.03,16.78,1.0148986889153755,2.23,,2.05
2014-08-04 13:30:00,0.0071068827107085,0.005148602396690649,0.005188592834655021,complacency,15.12,15.81,0.9563567362428842,2.24,,2.04
2014-08-05 13:30:00,0.0016698777056536,0.004353049571121917,0.002083722282964671,normal,16.87,17.14,0.9842473745624271,2.25,,2.02
2014-08-06 13:30:00,-1.2700614728294835e-05,-0.0004427786816861014,-0.0011594218245242263,normal,16.37,16.93,0.9669226225634968,2.26,,2.01
2014-08-07 13:30:00,-0.0015389822946,-0.0010452443992925865,-0.0014102911014176726,normal,16.66,17.22,0.967479674796748,2.28,,1.99
2014-08-08 13:30:00,-0.003790291718401,-0.004675413718120315,-0.003795348758379184,complacency,15.77,16.69,0.9448771719592569,2.27,,1.99
2014-08-11 13:30:00,-0.0006985021745864,-0.0022235212761370447,-0.0031025600822069026,complacency,14.23,15.76,0.9029187817258884,2.28,,1.97
2014-08-12 13:30:00,-0.0012681129534039,-0.0020030674779395637,-0.0013355245172757154,complacency,14.13,15.7,0.9000000000000001,2.29,,2.01
2014-08-13 13:30:00,0.0027250943261719,0.001478942098213915,0.0014916566645783115,complacency,12.9,14.85,0.8686868686868687,2.31,,2.0
2014-08-14 13:30:00,-0.0026866791428671,-0.002887187790013549,-0.0021935936323514696,complacency,12.42,14.43,0.8607068607068608,2.29,,1.98
2014-08-15 13:30:00,-0.0054387879156101,-0.004129131536125803,-0.003884726258445846,complacency,13.15,14.42,0.9119278779472955,2.29,,1.92
2014-08-18 13:30:00,0.0046717171072584,0.0031242157612764486,0.002315672344167616,complacency,12.32,13.91,0.8856937455068297,2.31,,1.95
2014-08-19 13:30:00,0.0025119842128917,0.0022899273551205794,0.0027384872020918727,complacency,12.21,13.79,0.8854242204496012,2.33,,1.94
2014-08-20 13:30:00,-0.001353268248521,-0.0011219855332776012,0.00017801708247028444,complacency,11.78,13.76,0.8561046511627907,2.3,,1.94
2014-08-21 13:30:00,0.001740477130866,0.0027088076128829854,0.002490860396985578,complacency,11.76,13.53,0.869179600886918,2.28,,1.92
2014-08-22 13:30:00,-0.0030131747796558,-0.0015445013020126484,-0.001771744153364346,complacency,11.47,13.51,0.8490007401924501,2.26,,1.87
2014-08-25 13:30:00,-0.0042534604194963,-0.0034828547428500034,-0.003529972903472157,complacency,11.7,13.57,0.8621960206337509,2.25,,1.86
2014-08-26 13:30:00,0.0028137015186575,0.0021922146367871643,0.0010871166030556661,complacency,11.63,13.71,0.8482859226841721,2.26,,1.87
2014-08-27 13:30:00,0.0017297862251308,0.002712318154234902,0.0029606880567318882,complacency,11.78,13.92,0.8462643678160919,2.24,,1.86
2014-08-28 13:30:00,-0.0026389072774095,-0.0015272151592709252,-0.0010526378656175483,complacency,12.05,14.13,0.8527954706298655,2.23,,1.84
2014-08-29 13:30:00,0.0031117418689247,0.0021199143873551073,0.0013961623580208463,complacency,11.98,14.27,0.8395234758234058,2.23,,1.87
2014-09-02 13:30:00,0.0002151025633193,-0.000556293804944665,0.0071821591249897005,complacency,12.25,14.46,0.84716459197787,2.25,,1.89
2014-09-03 13:30:00,-0.0028046821115624,-0.0025157554529109376,-0.002169336378463508,complacency,12.36,14.39,0.8589298123697011,2.24,,1.89
2014-09-04 13:30:00,-0.0040161369186821,-0.004613289832524154,-0.004414195138020768,complacency,12.64,14.54,0.8693259972489684,2.25,,1.91
2014-09-05 13:30:00,0.0021216941727082,2.6014582295797502e-05,0.00031119942168783684,complacency,12.09,14.08,0.8586647727272727,2.29,,1.94
2014-09-08 13:30:00,0.0043650958583988,0.005236732047686625,0.004682786705560725,complacency,12.66,14.39,0.8797776233495482,2.26,,1.94
2014-09-09 13:30:00,0.003039621933983,0.003761234125220175,0.004397127603453699,complacency,13.5,14.84,0.9097035040431267,2.25,,1.94
2014-09-10 13:30:00,-0.0054136773667884,-0.006606893537141741,-0.0067778028234543874,complacency,12.88,14.63,0.8803827751196173,2.26,,1.96
2014-09-11 13:30:00,0.0054452974118604,0.005394813114219492,0.004918206876550259,complacency,12.8,14.68,0.8719346049046323,2.25,,1.96
2014-09-12 13:30:00,-0.0044751228971307,-0.006800944726982257,-0.006257535405110567,complacency,13.31,15.04,0.8849734042553192,2.27,,2.04
2014-09-15 13:30:00,-0.0046139619668028,-0.003434316980216493,-0.0021107238452936915,complacency,14.12,15.58,0.9062901155327342,2.28,,2.02
2014-09-16 13:30:00,-0.0021841299475283,-0.003975786299157062,-0.00293928299629585,complacency,12.73,14.85,0.8572390572390572,2.3,,2.05
2014-09-17 13:30:00,-0.0024331695696448,-0.002168870267058797,-0.002357444736259636,complacency,12.65,14.62,0.8652530779753763,2.29,,2.03
2014-09-18 13:30:00,0.0021603793843785,0.0014036866716490841,0.0014353341201209908,complacency,12.03,14.23,0.8453970484891075,2.28,,2.04
2014-09-19 13:30:00,-0.0034569012697777,-0.0029045524999415243,-0.0009768808815834688,complacency,12.11,14.38,0.8421418636995827,2.26,,2.0
2014-09-22 13:30:00,-0.0040715703504942,-0.002664654324863131,-0.0018483206739319884,complacency,13.69,15.26,0.8971166448230669,2.27,,1.99
2014-09-23 13:30:00,-0.0060868697417083,-0.004823763731789033,-0.0044045855595094725,complacency,14.93,16.07,0.9290603609209708,2.26,,1.97
2014-09-24 13:30:00,-0.0013593175252075,-0.002890452592399402,-0.0027739215926618098,complacency,13.27,15.22,0.8718791064388961,2.27,,1.98
2014-09-25 13:30:00,-0.0029127893837554,-0.0006824524843311924,-0.0011008482557731476,complacency,15.64,16.59,0.9427365883062087,2.27,,1.96
2014-09-26 13:30:00,-0.001074387050781,-0.0015600903428191013,-0.0015716143525015634,complacency,14.85,16.02,0.9269662921348315,2.27,,1.95
2014-09-29 13:30:00,0.001765916451207,0.0031626794261940244,0.0027664684892030086,complacency,15.98,16.82,0.9500594530321046,2.27,,1.92
2014-09-30 13:30:00,-0.0044199558410528,-0.004296624253223653,-0.002139549453229043,normal,16.31,17.08,0.9549180327868853,2.29,,1.94
2014-10-01 13:30:00,-0.0024383978275455,-0.0011215563380324867,-0.00110189441166496,normal,16.71,17.62,0.9483541430192962,2.31,,1.89
2014-10-02 13:30:00,0.0081462249494487,0.007593217868846796,0.005871441611133442,normal,16.16,17.24,0.937354988399072,2.32,,1.91
2014-10-03 13:30:00,-0.0003666268679842,-0.0014798130809461566,-0.00017767426084393814,complacency,14.55,16.04,0.9071072319201996,2.29,,1.88
2014-10-06 13:30:00,0.0001396022894197,0.000719193331919497,0.0022936905046318707,complacency,15.46,16.55,0.9341389728096677,2.3,,1.89
2014-10-07 13:30:00,0.0022231567168384,0.0045382370647121945,0.004370995982646826,normal,17.2,17.68,0.9728506787330317,2.3,,1.84
2014-10-08 13:30:00,-0.0013961835885903,-0.003339724903429494,-0.00318395900973041,complacency,15.11,16.28,0.9281326781326781,2.32,,1.89
2014-10-09 13:30:00,-0.000759744177882,0.001631834512451612,0.0025379544542747643,stress,18.76,18.09,1.0370370370370372,2.34,,1.88
2014-10-10 13:30:00,-0.0001042944617086,0.0013104418093126916,0.0006209504167760612,stress,21.24,19.93,1.065730055193176,2.36,,1.86
2014-10-13 13:30:00,0.0109006334080537,,,stress,24.64,22.12,1.1139240506329113,,,
2014-10-14 13:30:00,0.0007610773598693,,,stress,22.79,21.37,1.0664482919981282,2.39,,1.82
2014-10-15 13:30:00,-0.0024910969007055,0.00038721421937104854,-0.005738117727407711,stress,26.25,23.82,1.102015113350126,2.44,,1.81
2014-10-16 13:30:00,0.0112942948532853,0.01094652977750025,0.008757307141192633,stress,25.2,22.85,1.1028446389496718,2.47,,1.82
2014-10-17 13:30:00,-0.0026207341956457,-0.005003543826369897,-0.0009671116118194611,stress,21.99,21.25,1.0348235294117647,2.44,,1.83
2014-10-20 13:30:00,0.0031657027443406,0.0007730688396834148,0.000673284517339228,normal,18.57,19.67,0.9440772750381291,2.45,,1.83
2014-10-21 13:30:00,0.0056959977605777,0.00412044425705219,0.004713527933084944,normal,16.08,17.87,0.8998321208729713,2.43,,1.85
2014-10-22 13:30:00,-0.0038429002716894,-0.00223056337607974,-0.00036887079365325324,normal,17.87,19.06,0.9375655823714587,2.42,,1.84
2014-10-23 13:30:00,-0.0069160255713821,-0.008336829941936142,-0.010486217352814674,normal,16.53,18.22,0.9072447859495062,2.42,,1.88
2014-10-24 13:30:00,-0.0029401475841426,-0.0034808053377037218,-0.001292405945422083,normal,16.11,17.92,0.8989955357142856,2.43,,1.88
2014-10-27 13:30:00,-0.0004072004145841,-0.0006590351452069475,-0.0004759119335915941,normal,16.04,17.86,0.8980963045912653,2.44,,1.86
2014-10-28 13:30:00,0.0021628415029944,0.001371746113653231,-0.003931635289590152,complacency,14.39,16.46,0.8742405832320778,2.43,,1.88
2014-10-29 13:30:00,0.0037339696992477,0.005991731958500987,0.004004825326709876,complacency,15.15,16.89,0.8969804618117229,2.36,,1.86
2014-10-30 13:30:00,-0.0051134339566093,-0.005304781444300633,-0.004987727618152476,complacency,14.52,16.74,0.867383512544803,2.39,,1.84
2014-10-31 13:30:00,0.0122295385743343,0.011890757755944392,0.011094376033647433,complacency,14.03,16.51,0.8497880072683222,2.39,,1.85
2014-11-03 14:30:00,-0.0054750473713513,-0.00499694238964855,-0.011491137800394267,complacency,14.73,16.81,0.8762641284949436,2.39,,1.84
2014-11-04 14:30:00,-0.0004146595668212,-0.0001659604282869333,-0.0003702787497944238,complacency,14.89,16.93,0.8795038393384526,2.39,,1.83
2014-11-05 14:30:00,0.0004890162964989,-4.935727810805057e-05,0.0019463071807506026,complacency,14.17,16.57,0.8551599275799637,2.39,,1.84
2014-11-06 14:30:00,-0.0009648638156001,-0.0013020594614642713,-0.0009446116242785626,complacency,13.67,16.26,0.8407134071340713,2.4,,1.85
2014-11-07 14:30:00,-0.0127201589532211,-0.011713938224950286,-0.011318912123221007,complacency,13.12,15.83,0.8288060644346178,2.43,,1.81
2014-11-10 14:30:00,0.0002675052462915,-0.001393645091050509,-0.002443829465257039,complacency,12.67,15.04,0.8424202127659575,2.41,,1.83
2014-11-11 14:30:00,0.0008755133269404,,,complacency,12.92,15.36,0.8411458333333334,,,
2014-11-12 14:30:00,0.0035324624773785,,,complacency,13.02,15.74,0.8271918678526048,2.43,,1.82
2014-11-13 14:30:00,0.0031910887139518,0.0050717926030792535,0.007632173283182855,complacency,13.79,15.89,0.8678414096916298,2.47,,1.82
2014-11-14 14:30:00,-7.000185534670501e-05,0.0015209793080113304,0.0020377565860269474,complacency,13.31,15.96,0.8339598997493735,2.48,,1.78
2014-11-17 14:30:00,0.0035180448367968,0.0033900207406075463,0.0061655860369695704,complacency,13.99,15.93,0.8782172002510986,2.49,,1.8
2014-11-18 14:30:00,0.0019526745974299,0.003291470661561824,0.003696780868401109,complacency,13.86,15.7,0.8828025477707007,2.52,,1.79
2014-11-19 14:30:00,-0.0041794824933377,-0.0053178757395708764,-0.003295057531549224,complacency,13.96,15.97,0.8741390106449594,2.51,,1.82
2014-11-20 14:30:00,0.0060547748312451,0.006457207140355165,0.004806913876897012,complacency,13.58,16.01,0.8482198625858838,2.52,,1.81
2014-11-21 14:30:00,-0.0014890889539461,-0.001891937784796213,-0.0010026120448580638,complacency,12.9,15.79,0.8169727675744143,2.49,,1.78
2014-11-24 14:30:00,0.0052050832888213,0.0055399897593239236,0.0035000447331481953,complacency,12.62,15.55,0.8115755627009645,2.5,,1.77
2014-11-25 14:30:00,-1.3332793699058856e-05,-0.0008097198338427877,-0.0018265616093828645,complacency,12.25,15.41,0.7949383517196625,2.46,,1.76
2014-11-26 14:30:00,-0.0013967135823231,-0.0006493075768600446,-0.001384528490974943,complacency,12.07,15.32,0.7878590078328982,2.47,,1.71
2014-11-28 14:30:00,-0.0012268101224773,0.00025175402684670593,0.004098911994002609,complacency,13.33,15.93,0.8367859384808538,2.52,,1.71
2014-12-01 14:30:00,-3.938807259641413e-05,0.0003316472137247023,0.0021312041435933306,complacency,14.29,16.74,0.8536439665471924,2.54,,1.73
2014-12-02 14:30:00,-0.0030730340169348,-0.003483328920961981,-0.004950314063659885,complacency,12.85,15.96,0.8051378446115287,2.54,,1.73
2014-12-03 14:30:00,0.0073406174813151,0.007020989029785603,0.0063143904456827715,complacency,12.47,15.55,0.8019292604501608,2.52,,1.72
2014-12-04 14:30:00,-0.0019261125825292,-0.0015081560393287964,-0.0007814707042101687,complacency,12.38,15.64,0.7915601023017903,2.53,,1.7
2014-12-05 14:30:00,0.0008154597976831,0.00022496714897383388,-0.0012511336919655519,complacency,11.82,15.55,0.760128617363344,2.48,,1.66
2014-12-08 14:30:00,-0.0058334496172559,-0.0043821688472733015,-0.0034628711310070144,complacency,14.21,16.78,0.8468414779499404,2.48,,1.62
2014-12-09 14:30:00,0.0046936958227924,0.00681813439662234,0.003342685346867505,complacency,14.89,16.89,0.881586737714624,2.51,,1.58
2014-12-10 14:30:00,-0.0072158962197784,-0.005993794344887481,-0.005523527919242861,normal,18.53,19.14,0.9681295715778475,2.53,,1.59
2014-12-11 14:30:00,0.0041589542686474,0.005466166482995388,0.005580716073558127,stress,20.08,20.72,0.9691119691119691,2.53,,1.57
2014-12-12 14:30:00,0.0013683397381445,0.002852822462174944,0.0026131017140875825,stress,21.08,21.0,1.0038095238095237,2.58,,1.54
2014-12-15 14:30:00,0.0040118844796949,0.003867921964413271,0.005457621495437623,stress,20.42,21.06,0.969610636277303,2.56,,1.52
2014-12-16 14:30:00,-0.0005951986182833,0.0017799616548638858,0.0008134029747368993,stress,23.57,23.09,1.0207882200086618,2.6,,1.49
2014-12-17 14:30:00,0.0042149774690002,0.0018731636492264909,-8.942563565658701e-05,normal,19.44,20.43,0.9515418502202644,2.6,,1.52
2014-12-18 14:30:00,0.0005395345016855,-0.0014275958932860756,-0.00011752453913718849,normal,16.81,18.48,0.9096320346320346,2.56,,1.55
2014-12-19 14:30:00,0.000854509611162,0.0010763387908241375,0.002396774422720061,normal,16.49,18.47,0.8927991337303736,2.56,,1.5
2014-12-22 14:30:00,0.0129255484726173,0.012352338019996145,0.012021082740530337,complacency,15.25,17.59,0.8669698692438885,2.53,,1.46
2014-12-23 14:30:00,0.0152978699458969,0.01553772675498358,0.015519727477583692,complacency,14.8,17.94,0.8249721293199553,2.53,,1.53
2014-12-24 14:30:00,-0.0014442480803361,-0.002538373407002285,-0.003643676572255984,complacency,14.37,17.26,0.832560834298957,2.5,,1.54
2014-12-26 14:30:00,-0.0050825259982787,-0.004480521037517323,-0.005310879570437074,complacency,14.5,17.16,0.844988344988345,2.5,,1.52
2014-12-29 14:30:00,-0.0047195619716913,-0.004052106146355374,-0.004339341897024739,complacency,15.06,17.27,0.8720324261725536,2.49,,1.5
2014-12-30 14:30:00,0.0046186148324203,0.004805987690394244,0.004526827054856978,complacency,15.92,18.02,0.8834628190899001,2.49,,1.51
2014-12-31 14:30:00,-0.0048376117396715,-0.0027361788423626784,-0.0035882526329178537,normal,19.2,19.74,0.9726443768996961,2.51,,1.5
2015-01-02 14:30:00,-0.005328608024549,-0.0051501976484931225,-0.00570178984990966,normal,17.79,19.46,0.9141829393627954,2.51,,1.46
2015-01-05 14:30:00,-0.0059519312662007,-0.001262435061017875,-0.002023909076407826,normal,19.92,20.79,0.9581529581529583,2.52,,1.36
2015-01-06 14:30:00,-0.0040758840928145,-0.0016180877947893808,-0.0001545266170678997,stress,21.12,21.42,0.9859943977591036,2.52,,1.32
2015-01-07 14:30:00,-0.0002791392824605,-0.0021872534529085064,-0.0021300851322004115,normal,19.31,20.08,0.9616533864541833,2.53,,1.34
2015-01-08 14:30:00,0.0108832338514577,0.006530413854410894,0.006493966953118739,normal,17.01,18.66,0.9115755627009647,2.54,,1.41
2015-01-09 14:30:00,9.47476260996314e-05,0.0015818333757008675,0.002047524939030665,normal,17.55,19.32,0.9083850931677019,2.55,,1.39
2015-01-12 14:30:00,-0.0095278301896222,-0.006636807887689451,-0.007846392627623015,normal,19.6,20.48,0.95703125,2.55,,1.36
2015-01-13 14:30:00,0.0051371747592292,0.0053348881495899345,0.004550467200645036,stress,20.56,21.27,0.9666196520921485,2.55,,1.37
2015-01-14 14:30:00,-0.0019029747744638,0.0002752767632860074,0.00017154419534095482,stress,21.48,20.93,1.0262780697563307,2.58,,1.35
2015-01-15 14:30:00,0.000340292559101,0.003644158080771089,0.004679656746986988,stress,22.39,22.11,1.0126639529624604,2.65,,1.33
2015-01-16 14:30:00,-0.0019264887409732,-0.004030392933498452,-0.004246712810373277,stress,20.95,21.15,0.9905437352245863,2.62,,1.34
2015-01-20 14:30:00,-0.0055113961633447,-0.0037527967930722434,-0.002853291792211354,normal,19.89,20.87,0.953042644944897,2.61,,1.29
2015-01-21 14:30:00,0.0050664554136136,0.0013308688761519472,0.0025046654177408425,normal,18.85,20.04,0.94061876247505,2.59,,1.34
2015-01-22 14:30:00,0.0102514151171007,0.006733681364323192,0.005762334702529398,normal,16.4,18.6,0.8817204301075268,2.59,,1.37
2015-01-23 14:30:00,-0.0031747777446587,0.0027315294373535946,0.0024456818451430687,normal,16.66,19.0,0.8768421052631579,2.6,,1.29
2015-01-26 14:30:00,3.501500636373788e-05,-0.0010088367120133026,-0.0016971531236538511,complacency,15.52,18.03,0.8607875762617858,2.58,,1.29
2015-01-27 14:30:00,0.0014571624548891,0.002839147350794729,0.001811965719247941,normal,17.22,19.11,0.9010989010989011,2.59,,1.29
2015-01-28 14:30:00,0.0002769564809221,0.0071651844828577145,0.007727718741361012,stress,20.44,21.44,0.9533582089552238,2.59,,1.23
2015-01-29 14:30:00,0.0025491914986156,-0.0006412001683031108,-0.0016189594345610062,normal,18.76,20.0,0.9380000000000001,2.58,,1.26
2015-01-30 14:30:00,-0.0062481128412858,-0.0017356833352928144,2.8952692660334095e-05,stress,20.97,21.82,0.9610449129239229,2.61,,1.21
2015-02-02 14:30:00,-0.0005295943405714,-0.0003856112879053222,-0.009923233516809087,normal,19.43,20.91,0.929220468675275,2.61,,1.19
2015-02-03 14:30:00,0.0061081838205656,-0.0004350230854726156,-0.000427014489686006,normal,17.33,19.49,0.8891739353514623,2.61,,1.27
2015-02-04 14:30:00,0.0117668218961994,0.011238102550050984,0.010668050095318165,normal,18.33,20.43,0.8972099853157122,2.6,,1.29
2015-02-05 14:30:00,-0.0036257910323232,-0.005795746864386624,-0.005980939834065559,normal,16.85,19.27,0.8744161909704204,2.6,,1.31
2015-02-06 14:30:00,0.0019222644446787,0.0032517156773362406,0.0028049808420097773,normal,17.29,19.88,0.8697183098591549,2.55,,1.3
2015-02-09 14:30:00,-0.0019037542124778,-0.0016615450543412207,-0.0010190034960207615,normal,18.55,20.67,0.8974358974358974,2.53,,1.31
2015-02-10 14:30:00,0.0032213969713391,0.000517074625850206,0.001189611184775819,normal,17.23,19.73,0.8732894069944247,2.53,,1.34
2015-02-11 14:30:00,0.0072934351338136,0.007700987292250092,0.007951076094223521,normal,16.96,19.71,0.8604769152714358,2.53,,1.33
2015-02-12 14:30:00,0.0003686801410686,-0.0037259241080982797,-0.004063016775491888,complacency,15.34,18.34,0.836423118865867,2.54,,1.38
2015-02-13 14:30:00,-0.001344107184011,-0.0006670594166753618,-0.000792706707044552,complacency,14.69,18.13,0.8102592388306674,2.55,,1.36
2015-02-17 14:30:00,-0.000391616764759,-0.004093984133721344,-0.0051212720799808115,complacency,15.8,18.38,0.8596300326441786,2.53,,1.44
2015-02-18 14:30:00,0.002280631699344,0.00153007752410119,0.0014774410112976177,complacency,15.45,18.66,0.8279742765273311,2.53,,1.45
2015-02-19 14:30:00,-0.0027437793071712,-0.0023468226981757487,-0.002387195770546245,complacency,15.29,18.01,0.8489727928928372,2.53,,1.44
2015-02-20 14:30:00,0.0003295088723584,-0.0014777111294519284,-0.0009391666092961413,complacency,14.3,17.29,0.8270676691729324,2.5,,1.46
2015-02-23 14:30:00,0.006807582640177,0.00899434902254976,0.00886780984970249,complacency,14.56,17.54,0.830102622576967,2.48,,1.42
2015-02-24 14:30:00,-0.0033960488895827,-0.0024447290047236447,-0.002155139126947367,complacency,13.69,16.71,0.8192698982645122,2.49,,1.39
2015-02-25 14:30:00,0.002225585704879,0.004285781514325594,0.004234265803885527,complacency,13.84,16.87,0.8203912270302312,2.49,,1.35
2015-02-26 14:30:00,0.0015974731021017,-5.194786582481256e-06,-0.0011186738345271543,complacency,13.91,16.85,0.8255192878338279,2.44,,1.37
2015-02-27 14:30:00,0.0046186600231517,0.004465093134884197,0.004989115961972961,complacency,13.34,16.89,0.7898164594434577,2.46,,1.37
2015-03-02 14:30:00,-6.902690312089906e-05,-0.0025549018630901038,-0.002584701549897226,complacency,13.04,16.46,0.7922235722964762,2.48,,1.42
2015-03-03 14:30:00,-0.0005783229936208,-0.0010465021281583897,-0.0007741622255643066,complacency,13.86,16.78,0.8259833134684147,2.46,,1.44
2015-03-04 14:30:00,0.0041152619975389,0.0034953537351949137,0.003195351974270254,complacency,14.23,16.91,0.8415138971023064,2.46,,1.46
2015-03-05 14:30:00,-0.0007815430614521,-0.0009060769228778451,-0.0010966313404920899,complacency,14.04,16.64,0.8437499999999999,2.47,,1.46
2015-03-06 14:30:00,0.0005622658044111,-0.0008970462633697263,-0.0013834693264456958,complacency,15.2,17.51,0.8680753854940033,2.45,,1.51
2015-03-09 13:30:00,-0.00305160016665,-0.0027122663665883717,-0.0028828538201322914,complacency,15.06,17.31,0.8700173310225304,2.46,,1.5
2015-03-10 13:30:00,0.0010178371131904,0.004816858700301636,0.004552024994975222,normal,16.69,18.26,0.9140197152245345,2.45,,1.44
2015-03-11 13:30:00,0.0056091241678805,0.007147774787757843,0.006794015279026371,normal,16.87,18.53,0.9104155423637345,2.45,,1.41
2015-03-12 13:30:00,0.0023491789452452,0.0007524099254301126,0.00041138804919404895,complacency,15.42,17.39,0.8867165037377803,2.46,,1.43
2015-03-13 13:30:00,0.0017963041482945,0.0012919476700245262,0.0010496701058821162,normal,16.0,17.89,0.8943543879262157,2.47,,1.45
2015-03-16 13:30:00,-0.0010914960416798,-0.0006929902408332414,3.357642616177883e-05,complacency,15.61,17.4,0.8971264367816092,2.48,,1.44
2015-03-17 13:30:00,0.0017749812194999,0.005786108413864424,0.005232104444066985,complacency,15.66,17.48,0.8958810068649885,2.49,,1.36
2015-03-18 13:30:00,-0.0008019850957183,-0.00103660967636052,-0.0006806707929967356,complacency,13.97,16.43,0.8502738892270237,2.55,,1.36
2015-03-19 13:30:00,0.0054906417010997,0.004795719190337372,0.00433562927609148,complacency,14.07,16.97,0.8291101944608132,2.5,,1.35
2015-03-20 13:30:00,-0.0059872082749357,-0.005480739748941209,-0.005439974684791701,complacency,13.02,16.71,0.7791741472172351,2.51,,1.33
2015-03-23 13:30:00,0.0057717889924545,0.0069323955030335446,0.00662687124141866,complacency,13.41,16.53,0.8112522686025407,2.54,,1.32
2015-03-24 13:30:00,0.0021033248840399,0.002961867681088895,0.0021595758760797144,complacency,13.62,16.59,0.8209764918625678,2.53,,1.3
2015-03-25 13:30:00,-0.0058540865607439,-0.007051979694142962,-0.0052746770217677805,complacency,15.44,17.57,0.8787706317586795,2.53,,1.34
2015-03-26 13:30:00,-0.0013933520381767,-0.003035166147671382,-0.004150064477184385,complacency,15.8,17.57,0.8992601024473534,2.55,,1.4
2015-03-27 13:30:00,0.0040265293884594,0.004076511457917646,0.004034376595341808,complacency,15.07,17.39,0.8665899942495687,2.53,,1.37
2015-03-30 13:30:00,0.0027408884079443,0.0026214936107149846,0.001837562624714515,complacency,14.51,16.92,0.8575650118203308,2.55,,1.38
2015-03-31 13:30:00,0.0099402012016908,0.01039400757338279,0.009322899026455061,complacency,15.29,17.54,0.8717217787913341,2.55,,1.38
2015-04-01 13:30:00,-0.0029402194317337,-0.0013502119971252283,-0.0016933505979015498,complacency,15.11,17.34,0.8713956170703575,2.55,,1.32
2015-04-02 13:30:00,0.0035430792548418,0.0019163248790220425,0.0023737328809701206,complacency,14.67,17.22,0.8519163763066203,2.55,,1.37
2015-04-06 13:30:00,0.0044634152757383,,,complacency,14.74,16.82,0.8763376932223543,2.58,,1.41
2015-04-07 13:30:00,-0.007327488206867,-0.0067002075439221214,-0.005293575005234581,complacency,14.78,16.8,0.8797619047619046,2.56,,1.37
2015-04-08 13:30:00,-0.0013782997906567,-0.002998656208181358,-0.003501501037640132,complacency,13.98,16.4,0.852439024390244,2.51,,1.38
2015-04-09 13:30:00,-0.0018720475843524,-0.002691223645664595,-0.0009909643435892825,complacency,13.09,16.02,0.817103620474407,2.53,,1.41
2015-04-10 13:30:00,-0.0017949462934213,-0.001348581726711728,-0.0017801388916014913,complacency,12.58,15.46,0.8137128072445019,2.53,,1.39
2015-04-13 13:30:00,0.0040692810907814,0.004174373825203191,0.0013872306832936727,complacency,13.94,16.32,0.8541666666666666,2.54,,1.4
2015-04-14 13:30:00,-0.003048552052095,-0.002316460316732514,-0.0008568507778371351,complacency,13.67,15.85,0.8624605678233439,2.54,,1.37
2015-04-15 13:30:00,-0.00454366351863,-0.0053417931206064416,-0.005864170829722922,complacency,12.84,15.69,0.8183556405353729,2.54,,1.4
2015-04-16 13:30:00,0.0030116398074522,0.0032272201145993238,0.002494786691721304,complacency,12.6,15.33,0.821917808219178,2.55,,1.4
2015-04-17 13:30:00,-0.0021494073634937,-0.0016618613449481392,0.0008932934139779633,complacency,13.89,16.14,0.8605947955390335,2.53,,1.36
2015-04-20 13:30:00,0.0023578768758023,0.002850235748501318,0.001546327308721831,complacency,13.3,15.58,0.853658536585366,2.55,,1.35
2015-04-21 13:30:00,-8.837505998983766e-05,-0.0006016874067101826,-0.0005274742376668715,complacency,13.25,15.52,0.8537371134020619,2.54,,1.37
2015-04-22 13:30:00,-0.0002225712124627,-0.001024581896693453,-1.2791073880592731e-06,complacency,12.71,15.46,0.8221216041397154,2.53,,1.42
2015-04-23 13:30:00,0.0033683332537176,0.003673202994556855,0.0028223320160376537,complacency,12.48,15.17,0.8226763348714569,2.54,,1.41
2015-04-24 13:30:00,0.0014049759767014,0.001961791763600174,0.0026585076017548964,complacency,12.29,15.26,0.8053735255570118,2.56,,1.39
2015-04-27 13:30:00,-0.0024263454679631,-0.0028660656159891526,0.00020537236045447757,complacency,13.12,15.93,0.8236032642812303,2.54,,1.4
2015-04-28 13:30:00,0.0006030574543838,0.00032156074396464513,-0.0015101080158686276,complacency,12.41,15.31,0.8105813193990855,2.55,,1.44
2015-04-29 13:30:00,-0.0108435730046543,-0.011694051960852807,-0.010267227853830541,complacency,13.39,15.97,0.8384470882905448,2.58,,1.5
2015-04-30 13:30:00,-0.0066464673966721,-0.006311891948059812,-0.0003697216373142135,complacency,14.55,16.48,0.8828883495145631,2.6,,1.47
2015-05-01 13:30:00,-0.006369680677804,-0.005818165358671623,-0.003880497770471194,complacency,12.7,15.38,0.8257477243172952,2.61,,1.52
2015-05-04 13:30:00,0.003901292188534,0.00454361769995403,0.0038611242620675847,complacency,12.85,15.43,0.8327932598833441,2.61,,1.56
2015-05-05 13:30:00,-0.0043124611509942,-0.0036539287797750907,-0.004399456985656948,complacency,14.31,16.32,0.8768382352941176,2.62,,1.57
2015-05-06 13:30:00,-0.0006738341957214,0.0005474206034534178,-0.004630468783118534,complacency,15.15,16.72,0.9061004784688996,2.64,,1.6
2015-05-07 13:30:00,0.002518047524105,0.0018803519355146232,0.0018948284978988028,complacency,15.13,16.74,0.9038231780167265,2.64,,1.55
2015-05-08 13:30:00,-0.0031413300753723,-0.0030277216925349523,-0.0005702949492148958,complacency,12.86,15.56,0.826478149100257,2.65,,1.57
2015-05-11 13:30:00,0.000818761776801,0.002348156307266526,-0.0014500262138091736,complacency,13.85,16.1,0.8602484472049688,2.66,,1.66
2015-05-12 13:30:00,0.0020413874009552,0.0019179811623182557,0.0016140668051509506,complacency,13.86,16.4,0.8451219512195123,2.65,,1.67
2015-05-13 13:30:00,-0.0016588114085609,-1.5720250785916656e-05,-0.002088314777835457,normal,13.76,16.29,0.8446899938612646,2.71,,1.68
2015-05-14 13:30:00,0.0034136117723,0.004142282477658079,0.002445048089092566,normal,12.74,15.91,0.8007542426147077,2.74,,1.67
2015-05-15 13:30:00,0.0007265490959531,-0.0008055525169879795,0.0017848189229802312,normal,12.38,15.57,0.7951188182402056,2.72,,1.59
2015-05-18 13:30:00,0.005142297184238,0.006140685553889349,0.0018432780156278279,normal,12.73,15.23,0.8358502954694682,2.73,,1.65
2015-05-19 13:30:00,0.0014433908767753,0.0009269827270587663,0.0013965152041376348,normal,12.85,15.28,0.8409685863874345,2.71,,1.64
2015-05-20 13:30:00,0.0020420068255974,0.002507097368013347,0.000869544469962521,normal,12.88,15.15,0.8501650165016502,2.73,,1.66
2015-05-21 13:30:00,-0.0005889478740049,-0.000820660585552682,0.0005681888787729132,normal,12.11,14.61,0.8288843258042436,2.75,,1.59
2015-05-22 13:30:00,0.002278450438832,0.002012216808393851,0.0034936521613176327,normal,12.13,14.48,0.8377071823204421,2.74,,1.57
2015-05-26 13:30:00,-0.001847750385322,-0.002410376519535761,-0.003027214707452503,normal,14.06,15.48,0.9082687338501292,2.73,,1.5
2015-05-27 13:30:00,-7.544369138006747e-05,-0.0005002529771196082,-0.001999566871182151,normal,13.27,14.99,0.8852568378919279,2.71,,1.5
2015-05-28 13:30:00,-0.0017209263380662,-0.0009786632993504737,-0.0020615350497540583,normal,13.31,15.01,0.8867421718854098,2.75,,1.51
2015-05-29 13:30:00,0.0074000471469521,0.006817808497877586,0.0074768875746895995,normal,13.84,15.38,0.8998699609882964,2.72,,1.51
2015-06-01 13:30:00,-0.0005214234490574,0.0004720305698715983,-0.0006139872883942997,normal,13.97,15.41,0.9065541855937703,2.75,,1.55
2015-06-02 13:30:00,-0.0012320488563167,-0.0009497072573244843,-0.002166483483343971,normal,14.24,15.71,0.9064290260980267,2.75,,1.63
2015-06-03 13:30:00,-0.0014366035199018,-0.0020140467195915402,-0.004967620071144708,normal,13.66,15.36,0.8893229166666667,2.72,,1.69
2015-06-04 13:30:00,-0.0008840078249943,-0.0011338557629046809,-0.0005498745912030897,normal,14.71,16.28,0.9035626535626535,2.72,,1.65
2015-06-05 13:30:00,0.0015118155858785,0.0009677891322118657,-0.0023745122227395773,normal,14.21,15.96,0.8903508771929824,2.69,,1.68
2015-06-08 13:30:00,0.0011717293110992,0.0015511702075057705,0.0005516433302333043,normal,15.29,16.6,0.9210843373493974,2.7,,1.69
2015-06-09 13:30:00,-0.0002770730627142,0.0004974182455985315,0.0010694616985268827,normal,14.47,16.25,0.8904615384615385,2.73,,1.7
2015-06-10 13:30:00,0.0021571654965819,0.0016432030200407856,0.0026156041736069783,normal,13.22,15.33,0.8623613829093282,2.7,,1.75
2015-06-11 13:30:00,0.0002265097584031,0.00012328598139634017,-0.0006753541122067517,normal,12.85,15.1,0.8509933774834437,2.71,,1.66
2015-06-12 13:30:00,0.0028347486580059,0.002610053988324616,0.0007494157422067967,normal,13.78,15.61,0.8827674567584881,2.7,,1.65
2015-06-15 13:30:00,0.0055041915445122,0.0063194080247633904,0.0047406467651378145,normal,15.39,16.62,0.9259927797833934,2.73,,1.64
2015-06-16 13:30:00,0.0020697003618725,0.00223270365598171,0.000868471418113341,normal,14.81,16.2,0.9141975308641976,2.74,,1.61
2015-06-17 13:30:00,-0.0009772066326066,-0.0005248688148755501,0.0010355765918011435,normal,14.5,16.22,0.8939580764488286,2.76,,1.65
2015-06-18 13:30:00,-0.0020332478242072,-0.0007885803343992478,-0.0034734567169933395,normal,13.19,15.44,0.8542746113989638,2.82,,1.69
2015-06-19 13:30:00,0.0037497177931875,0.003373018191698023,0.0005862334160514379,normal,13.96,15.91,0.8774355751099938,2.82,,1.61
2015-06-22 13:30:00,-0.0035024799626693,-0.002979980278329822,-0.002942312885850131,normal,12.74,14.99,0.8498999332888593,2.81,,1.69
2015-06-23 13:30:00,-0.0027616049704863,-0.002155657064531315,-0.00304586591397167,normal,12.11,14.54,0.8328748280605227,2.82,,1.72
2015-06-24 13:30:00,-0.0025959658535694,-0.003422919530976643,-0.002781312514273265,normal,13.26,15.18,0.8735177865612648,2.81,,1.7
2015-06-25 13:30:00,0.0160335396913759,0.015626948997664775,0.01485797466512474,normal,14.01,15.52,0.9027061855670103,2.8,,1.72
2015-06-26 13:30:00,0.0004648292310101,0.0007150589623358737,0.002901110207379759,normal,14.02,15.46,0.9068564036222508,2.81,,1.77
2015-06-29 13:30:00,0.0045129277526247,0.0023050844166188785,0.003415509450167875,stress,18.85,18.72,1.0069444444444446,2.84,,1.69
2015-06-30 13:30:00,-0.0007612417384185,-0.00043574019121940934,-0.0010678819840700244,normal,18.23,18.47,0.9870059556036818,2.83,,1.71
2015-07-01 13:30:00,-0.0030864119873705,-0.0014402322518210326,0.0002242408999330336,normal,16.09,16.79,0.9583085169743896,2.83,,1.74
2015-07-02 13:30:00,-0.0031603137863862,-0.0026813467322703427,0.00024330011806690402,normal,16.79,17.68,0.9496606334841629,2.86,,1.76
2015-07-06 13:30:00,-0.0024151467551348,,,normal,17.01,18.04,0.9429046563192905,2.84,,1.7
2015-07-07 13:30:00,-0.0040418730736035,-0.0035374721334308556,9.917442956187961e-05,normal,16.09,17.02,0.945358401880141,2.84,,1.69
2015-07-08 13:30:00,-0.000410767980454,-0.0020165513566530752,-0.003925326833253191,stress,19.66,19.25,1.0212987012987014,2.87,,1.67
2015-07-09 13:30:00,0.0006761585328157,0.0013635719741840096,0.0013230239118469374,stress,19.97,19.78,1.0096056622851364,2.88,,1.72
2015-07-10 13:30:00,0.0030319602538642,0.00590521179527391,0.004258148855668104,normal,16.83,17.73,0.9492385786802029,2.9,,1.77
2015-07-13 13:30:00,-0.0017490938482427,-0.001805961896867114,-0.0025017288875723177,normal,13.9,15.94,0.8720200752823087,2.88,,1.75
2015-07-14 13:30:00,-0.0011950745353401,-1.6113959005615696e-05,-0.0016937146157524911,normal,13.37,15.46,0.8648124191461836,2.91,,1.75
2015-07-15 13:30:00,-0.0064355589426279,-0.006669389487360721,-0.006185832653401478,normal,13.23,15.6,0.8480769230769232,2.91,,1.72
2015-07-16 13:30:00,-0.0021722822636281,-0.002957552446273486,-0.0024228383224027396,normal,12.11,14.73,0.822131704005431,2.88,,1.69
2015-07-17 13:30:00,0.0006481165540955,0.00024583839702126316,0.0013510192757976904,normal,11.95,14.61,0.8179329226557153,2.87,,1.66
2015-07-20 13:30:00,-0.0068908029010593,-0.0073523782390942476,-0.004652261668253147,normal,12.25,14.85,0.8249158249158249,2.86,,1.67
2015-07-21 13:30:00,0.0002918820848307,0.0004696403353419622,0.0002813826439477728,normal,12.22,14.75,0.8284745762711865,2.87,,1.64
2015-07-22 13:30:00,0.0064901143645066,0.005649987436244939,0.0021861194781078374,normal,12.12,14.81,0.8183659689399054,2.85,,1.58
2015-07-23 13:30:00,0.0004571268437439,0.00011051777678711345,0.003093967102106794,normal,12.64,14.93,0.8466175485599464,2.85,,1.57
2015-07-24 13:30:00,0.0113408399730821,0.01155225179540341,0.01441595565497368,normal,13.74,15.65,0.8779552715654952,2.87,,1.57
2015-07-27 13:30:00,-0.0073205298030271,-0.007959028459019475,-0.007409143415412381,normal,15.6,16.78,0.9296781883194278,2.9,,1.55
2015-07-28 13:30:00,-0.0034695119655685,-0.0015570551922647689,-0.0007050674069795804,normal,13.44,15.43,0.8710304601425793,2.91,,1.57
2015-07-29 13:30:00,0.0035143753243424,0.0038489700681375904,0.005094510955444121,normal,12.5,14.92,0.8378016085790885,2.9,,1.59
2015-07-30 13:30:00,0.0004962572510257,0.0001058131441831754,-0.0008529062080298512,normal,12.13,14.71,0.8246091094493542,2.88,,1.56
2015-07-31 13:30:00,0.0034017499967375,0.005307512496311415,0.0022442188956576974,normal,12.12,14.9,0.8134228187919462,2.94,,1.53
2015-08-03 13:30:00,-0.0009800925812596,-0.001740258786372505,0.031090642275139,normal,12.56,14.84,0.8463611859838275,2.92,,1.48
2015-08-04 13:30:00,0.0046305099638435,0.0035197631293638265,0.004025209153194564,normal,13.0,15.13,0.8592200925313945,2.88,,1.49
2015-08-05 13:30:00,0.0045096873153611,0.005171778896353131,0.005854525886850999,normal,12.51,14.88,0.8407258064516129,2.9,,1.55
2015-08-06 13:30:00,0.0052431571735944,0.004929339868330462,0.006429571575761571,normal,13.77,15.55,0.8855305466237942,2.92,,1.52
2015-08-07 13:30:00,-0.0026251862880547,-0.0021887205110392985,-0.0015043508692758182,normal,13.39,15.42,0.8683527885862516,2.91,,1.45
2015-08-10 13:30:00,-0.0001881800196076,0.0006097824111588849,0.0014392637906997868,normal,12.23,14.99,0.8158772515010007,2.93,,1.51
2015-08-11 13:30:00,0.0022368967934628,0.0015037520463388396,0.001333351075470634,normal,13.71,15.94,0.8601003764115434,2.94,,1.47
2015-08-12 13:30:00,-0.0056413929867778,-0.004956964717887932,-0.0042768849768444524,normal,13.61,15.87,0.8575929426591052,2.97,,1.47
2015-08-13 13:30:00,0.00165954848347,0.0020125117450590165,0.002356789509587112,normal,13.49,15.75,0.8565079365079366,2.98,,1.47
2015-08-14 13:30:00,0.0029815967787134,0.003292632581778695,0.0028082757960677784,normal,12.83,15.51,0.8272082527401676,2.97,,1.47
2015-08-17 13:30:00,0.0032230985154308,0.0032273083852890497,0.0020426296770994327,normal,13.02,15.21,0.8560157790927021,2.97,,1.44
2015-08-18 13:30:00,0.0030565271875828,0.0034077724033218515,0.004577670062396417,normal,13.79,15.61,0.8834080717488789,3.01,,1.46
2015-08-19 13:30:00,-0.0029956470162959,-0.002995488303734704,-0.0027011486490591805,normal,15.25,16.5,0.9242424242424242,3.06,,1.45
2015-08-20 13:30:00,-0.0107328228054454,-0.014595400288416546,-0.013850843981244736,stress,19.14,18.83,1.0164630908125334,3.04,,1.4
2015-08-21 13:30:00,0.0046158470498443,0.002784535913900692,-0.0028435147990995687,stress,28.03,23.47,1.194290583723903,3.1,,1.41
2015-08-24 13:30:00,-0.0068218199457522,-0.011490251647566868,-0.009566281722160558,stress,40.74,31.14,1.3082851637764934,3.14,,1.42
2015-08-25 13:30:00,0.0010335951993954,0.0004322868970465305,-0.0019408003692570931,stress,36.02,29.58,1.217714672075727,3.17,,1.45
2015-08-26 13:30:00,-0.0088312478026101,-0.009488818376997063,-0.007296601707369183,stress,30.32,25.65,1.182066276803119,3.2,,1.51
2015-08-27 13:30:00,0.0046859601752586,0.004548009039710575,0.0065094887781601,stress,26.1,24.86,1.0498793242156075,3.15,,1.5
2015-08-28 13:30:00,0.0035960069243174,0.003194273245978173,0.0003878938757369797,stress,26.05,25.34,1.0280189423835833,3.13,,1.47
2015-08-31 13:30:00,0.0021314593630836,0.002386664314500104,0.0015312905815969362,stress,28.43,26.53,1.0716170373162457,3.15,,1.47
2015-09-01 13:30:00,-0.0072442381046658,-0.006908150973833469,-0.006337840643274679,stress,31.4,29.53,1.0633254317643075,3.18,,1.47
2015-09-02 13:30:00,-0.0005569408228169,-0.0007258812221966662,-0.0019749614144047726,stress,26.09,26.19,0.9961817487590683,3.17,,1.48
2015-09-03 13:30:00,0.0070709093406846,0.007001319723865354,0.008712698724846384,stress,25.61,26.2,0.9774809160305343,3.17,,1.47
2015-09-04 13:30:00,6.692143537946615e-05,-0.000654078656560987,-0.002934736937578032,stress,27.8,28.07,0.9903811898824367,3.15,,1.42
2015-09-08 13:30:00,0.0008658306465842,0.0013124053159527908,0.0017563628078051598,stress,24.9,25.69,0.9692487349163097,3.16,,1.46
2015-09-09 13:30:00,0.0025478212347767,0.0019115224612912185,0.0012726148131935507,stress,26.23,26.31,0.9969593310528316,3.1,,1.46
2015-09-10 13:30:00,-0.0057392237147309,-0.005264347288713915,-0.005485597195698288,stress,24.37,25.65,0.9500974658869397,3.12,,1.48
2015-09-11 13:30:00,0.0022579294378881,0.0021132664157224035,0.0017967219102207072,stress,23.2,24.68,0.940032414910859,3.11,,1.49
2015-09-14 13:30:00,-0.0004116336232722,-0.0002143691607668174,1.7954619024202162e-05,stress,24.25,23.7,1.0232067510548524,3.13,,1.45
2015-09-15 13:30:00,-0.0005059758928183,0.00022623924090890138,0.00033588056071014627,stress,22.54,23.12,0.9749134948096885,3.16,,1.46
2015-09-16 13:30:00,0.0019977162811395,0.0018237928822511555,0.0020534100294007074,stress,21.35,22.33,0.9561128526645769,3.15,,1.48
2015-09-17 13:30:00,0.0014504912144424,0.002169746521749322,0.0009093112242898463,stress,21.14,21.14,1.0,3.18,,1.51
2015-09-18 13:30:00,-0.0023952565732097,-0.00276122444306737,-0.0039041289845258833,stress,22.28,23.2,0.960344827586207,3.15,,1.44
2015-09-21 13:30:00,0.0106580194496183,0.011458802517115717,0.012997693954968626,stress,20.14,21.59,0.9328392774432608,3.19,,1.48
2015-09-22 13:30:00,-0.0051461001306575,-0.004973359095801107,-0.004774463517496627,stress,22.44,23.28,0.9639175257731959,3.15,,1.45
2015-09-23 13:30:00,0.005303948305301,0.005247621756693495,0.00518857703497911,stress,22.13,22.88,0.9672202797202797,3.15,,1.46
2015-09-24 13:30:00,-0.0055294181963911,-0.005266403014131045,-0.005538082022633965,stress,23.47,23.46,1.0004262574595055,3.16,,1.46
2015-09-25 13:30:00,-0.0054731252106155,-0.005399798205969149,-0.002569181221385363,stress,23.62,24.4,0.968032786885246,3.19,,1.47
2015-09-28 13:30:00,-0.0153595075592059,-0.013892783947267496,-0.013231106212337012,stress,27.63,26.38,1.0473843821076574,3.21,,1.43
2015-09-29 13:30:00,-0.0058440344439515,-0.004769564561212776,-0.0029043781670409392,stress,26.83,26.0,1.031923076923077,3.26,,1.41
2015-09-30 13:30:00,-0.0026134280411896,-0.002662833921096556,-0.0016302510567056255,stress,24.5,24.75,0.98989898989899,3.29,,1.42
2015-10-01 13:30:00,-0.0086874410766072,-0.00827808439385286,-0.008456233077461874,stress,22.55,23.83,0.9462861938732691,3.31,,1.41
2015-10-02 13:30:00,-0.0012314213984451,-0.0005202550343154231,-0.0004402569078412852,stress,20.94,22.6,0.9265486725663716,3.34,,1.41
2015-10-05 13:30:00,0.004454800003792,0.0022878259397871915,0.0012728274325330227,stress,19.54,21.33,0.916080637599625,3.33,,1.46
2015-10-06 13:30:00,-0.0011684345591099,-0.0008455987248006474,2.564523469865995e-05,stress,19.4,21.59,0.8985641500694765,3.32,,1.44
2015-10-07 13:30:00,-0.0033448041694542,-0.004921485681282389,-0.006893538515130632,stress,18.4,20.71,0.888459681313375,3.27,,1.43
2015-10-08 13:30:00,-0.0028152462806051,-0.003967351428091081,-0.0035500625819954866,stress,17.42,20.09,0.8670980587356895,3.28,,1.47
2015-10-09 13:30:00,0.0059857885150433,0.005389981597482406,0.005022528166658518,stress,17.08,19.85,0.8604534005037782,3.26,,1.47
2015-10-12 13:30:00,0.0054064767766412,,,normal,16.17,19.26,0.839563862928349,,,
2015-10-13 13:30:00,0.0072946677812908,,,stress,17.67,20.5,0.8619512195121952,3.28,,1.42
2015-10-14 13:30:00,-0.0081507289381561,-0.006999862026487432,-0.005938702949901786,stress,18.03,20.81,0.8664103796251803,3.31,,1.42
2015-10-15 13:30:00,-0.0064995498229397,-0.007918277460368878,-0.010303362751155329,stress,16.05,19.43,0.8260422027792075,3.29,,1.43
2015-10-16 13:30:00,0.0031569173429431,0.0027255195613629917,0.0031155879014493934,stress,15.05,18.67,0.8061060524906266,3.28,,1.43
2015-10-19 13:30:00,0.0047204845916154,0.0054229301402331336,0.004991201788718411,stress,14.98,17.86,0.8387458006718925,3.3,,1.43
2015-10-20 13:30:00,0.009578601024946,0.009693797345719422,0.010226870811483284,stress,15.75,18.6,0.846774193548387,3.29,,1.42
2015-10-21 13:30:00,-0.0063836458727134,-0.005942705313421783,-0.004717422058934962,stress,16.7,19.46,0.8581706063720451,3.28,,1.4
2015-10-22 13:30:00,-0.0427340104762497,-0.04486936105790691,-0.04368316901111043,stress,14.45,17.16,0.842074592074592,3.26,,1.43
2015-10-23 13:30:00,0.0068461402760082,0.006904969011354986,0.005438681038796909,stress,14.46,17.48,0.8272311212814646,3.23,,1.43
2015-10-26 13:30:00,-0.0014237923879101,-0.0013167366010437406,9.307232552583115e-05,stress,15.29,17.99,0.8499166203446359,3.22,,1.41
2015-10-27 13:30:00,-0.0071618726098696,-0.006611540902800094,-0.004826615346527039,stress,15.43,18.14,0.850606394707828,3.25,,1.4
2015-10-28 13:30:00,0.0088678224646904,0.008405816051761671,0.00011102283994336715,stress,14.33,17.49,0.8193253287592911,3.2,,1.37
2015-10-29 13:30:00,-0.0020864622491942,-0.0024407605568385,0.00394054610042413,stress,14.61,17.81,0.8203256597417181,3.21,,1.44
2015-10-30 13:30:00,0.0019011941988027,0.0014850737023284469,7.865767134124257e-05,stress,15.07,18.4,0.8190217391304349,3.19,,1.41
2015-11-02 14:30:00,-0.0007890199008291,-0.0011679272013601647,-0.009549792329847517,stress,14.15,17.42,0.8122847301951779,3.18,,1.43
2015-11-03 14:30:00,0.0011998150965171,0.0014835934051597908,0.0008213515413138122,stress,14.54,17.47,0.8322839152833429,3.19,,1.43
2015-11-04 14:30:00,0.0066386907257652,0.005938274206954706,0.006221172210756159,stress,15.51,18.31,0.8470780993992354,3.16,,1.41
2015-11-05 14:30:00,0.0079522859065574,0.008569970512513292,0.0071264573373182715,stress,15.05,17.81,0.845030881527232,3.18,,1.41
2015-11-06 14:30:00,0.0083717878042152,0.008134679909569436,0.005363978108339633,stress,14.33,17.45,0.8212034383954155,3.17,,1.44
2015-11-09 14:30:00,-0.000379910724849,-0.001076193734057586,0.0021165555595709378,normal,16.52,18.85,0.876392572944297,3.15,,1.47
2015-11-10 14:30:00,-7.907060908184365e-05,0.0008711145705412929,-0.0012541153533300207,stress,15.29,18.02,0.8485016648168702,3.18,,1.45
2015-11-11 14:30:00,-0.0113865584853685,,,normal,16.06,18.45,0.870460704607046,,,
2015-11-12 14:30:00,-0.0038177149115506,,,stress,18.37,20.17,0.910758552305404,3.19,,1.43
2015-11-13 14:30:00,0.0030402605624769,0.003560750028933121,0.0018539901745640152,stress,20.08,21.58,0.9304911955514366,3.2,,1.42
2015-11-16 14:30:00,0.0019510997506048,0.0032603952911887564,0.004192476468549052,stress,18.16,19.98,0.9089089089089089,3.24,,1.39
2015-11-17 14:30:00,0.0002241737374628,-9.741240767253452e-06,0.0023063223112438614,stress,18.84,20.43,0.9221732745961821,3.23,,1.39
2015-11-18 14:30:00,-0.0027581255356549,-0.003916876866068183,-0.003817378223372106,stress,16.85,19.22,0.876690946930281,3.21,,1.37
2015-11-19 14:30:00,-0.0140746026437132,-0.014762844488829257,-0.012599404259666453,stress,16.99,19.64,0.8650712830957229,3.2,,1.33
2015-11-20 14:30:00,0.0095099303940502,0.009300500289281807,0.007831694644531758,stress,15.47,18.94,0.8167898627243928,3.2,,1.33
2015-11-23 14:30:00,0.007965379261335,0.007969430664745118,0.005083923837640416,stress,15.62,18.63,0.8384326355340848,3.19,,1.31
2015-11-24 14:30:00,0.0011733910223339,0.001490188584377571,-0.0028147586464221056,stress,15.93,18.71,0.8514163548904329,3.2,,1.31
2015-11-25 14:30:00,-0.0035657704022468,-0.0032842321430797934,-0.008411098955660588,stress,15.19,18.19,0.8350742166025288,3.21,,1.3
2015-11-27 14:30:00,0.0035927572180051,0.0038440621112967362,0.0018964597719340007,stress,15.12,17.35,0.8714697406340056,3.22,,1.3
2015-11-30 14:30:00,0.0030733463558106,0.0030623183348617096,0.0040846076134661,stress,16.13,18.49,0.8723634396971336,3.2,,1.27
2015-12-01 14:30:00,0.0009691933599305,0.0018053714809223272,0.003941990031188178,stress,14.67,17.58,0.8344709897610922,3.21,,1.24
2015-12-02 14:30:00,0.0009701685043253,-1.6261560562425307e-05,0.0023062358038578165,stress,15.91,18.33,0.8679759956355702,3.17,,1.24
2015-12-03 14:30:00,-0.0032614496180974,-0.004852346648498431,-0.005689430239000173,stress,18.11,20.11,0.9005469915464943,3.18,,1.37
2015-12-04 14:30:00,-0.0051760954501797,-0.006150142176944007,0.003292940702953378,normal,14.81,18.17,0.8150798018712162,3.15,,1.32
2015-12-07 14:30:00,-0.0051288640900826,-0.004892095083685437,-1.2670926827367673e-05,normal,15.84,18.65,0.8493297587131368,3.15,,1.29
2015-12-08 14:30:00,-0.0017753287476762,-0.0012298926602426063,-0.004717086774956331,stress,17.6,20.06,0.8773678963110669,3.19,,1.3
2015-12-09 14:30:00,0.0006822826921313,0.0007282012699384241,0.002920239596656362,stress,19.61,21.05,0.9315914489311163,3.18,,1.29
2015-12-10 14:30:00,0.0009150383904439,0.0010792158488917435,7.913633906762104e-05,stress,19.34,20.76,0.9315992292870905,3.19,,1.29
2015-12-11 14:30:00,0.0008888867962101,0.0019237873426121352,-0.0005246163096579116,stress,24.39,24.38,1.0004101722723544,3.24,,1.25
2015-12-14 14:30:00,-0.0136952576425361,-0.013690792454646503,-0.0059818699655937385,stress,22.73,23.3,0.9755364806866953,3.23,,1.26
2015-12-15 14:30:00,0.0003946287625503,0.0006713376310009783,-0.0004890486310906654,stress,20.95,21.86,0.9583714547118024,3.21,,1.3
2015-12-16 14:30:00,-0.0032226981181367,-0.0019685623239436216,-0.002214635671289141,stress,17.86,19.57,0.9126213592233009,3.21,,1.28
2015-12-17 14:30:00,0.0081553611657111,0.007036551703380172,0.0036600959121199884,stress,18.94,20.37,0.9297987236131566,3.21,,1.24
2015-12-18 14:30:00,0.0013331576983595,0.0013083567805838303,-0.002786534918345412,stress,20.7,21.26,0.9736594543744119,3.25,,1.22
2015-12-21 14:30:00,0.0035275637922046,0.00615035003180168,0.005568382456331609,stress,18.7,21.11,0.8858360966366651,3.27,,1.24
2015-12-22 14:30:00,-0.0005460678095912,0.0007202474554552927,0.0014904946874136674,stress,16.6,19.84,0.8366935483870969,3.26,,1.25
2015-12-23 14:30:00,0.002814169388135,0.004313738085101519,0.005667102639172042,stress,15.57,19.33,0.8054837040869116,3.26,,1.26
2015-12-24 14:30:00,-0.0013090978875336,-0.003214564559419865,-0.003953175130955102,stress,15.74,19.69,0.7993905535804977,3.22,,1.22
2015-12-28 14:30:00,-0.000493040872663,,,stress,16.91,19.68,0.8592479674796748,3.21,,1.19
2015-12-29 14:30:00,0.0020023288118264,0.004035870823230327,0.0035055007633233715,stress,16.08,19.1,0.8418848167539266,3.22,,1.23
2015-12-30 14:30:00,-0.003924865377209,-0.005085657562303206,-0.0038151995320602154,stress,17.29,19.59,0.8825931597753955,3.23,,1.23
2015-12-31 14:30:00,0.0001810597095746,-0.001417047846217169,0.0011705300122059879,stress,18.21,19.8,0.9196969696969697,3.23,,1.21
2016-01-04 14:30:00,0.0009052586850219,,,stress,20.7,22.01,0.9404815992730576,3.24,,1.22
2016-01-05 14:30:00,-0.0002514251741039,0.0008314240620421268,0.00037971516630340375,stress,19.34,20.52,0.942495126705653,3.25,,1.21
2016-01-06 14:30:00,-0.0020450134280268,-0.003883707338187057,-0.0040024192414090335,stress,20.59,21.27,0.9680300893276916,3.26,,1.19
2016-01-07 14:30:00,-0.005891870568324,-0.009640369869520311,-0.008552592919965402,stress,24.99,24.62,1.0150284321689682,3.28,,1.2
2016-01-08 14:30:00,0.0020841304218521,0.0004889608669708819,0.003439101920628118,stress,27.01,26.23,1.0297369424323295,3.31,,1.19
2016-01-11 14:30:00,0.002799198891017,0.006060297720275821,0.009590863601645447,stress,24.3,24.73,0.9826122118883946,3.3,,1.23
2016-01-12 14:30:00,-0.0035077019732279,-0.0036510984566072106,-0.00039926746045043605,stress,22.47,22.53,0.9973368841544606,3.29,,1.19
2016-01-13 14:30:00,-0.0052245088769718,-0.0072092106603708316,-0.0011977235865402343,stress,25.22,24.89,1.013258336681398,3.28,,1.17
2016-01-14 14:30:00,-0.0081733957270438,-0.007689648972782251,-0.009553072996481799,stress,23.95,23.53,1.0178495537611558,3.36,,1.2
2016-01-15 14:30:00,0.0005651720351186,-0.0014395024903095005,-0.005757224133863222,stress,27.02,26.88,1.0052083333333333,3.38,,1.18
2016-01-19 14:30:00,0.0006979201215528,0.0009220113306158172,0.01147464290943425,stress,26.05,26.44,0.985249621785174,3.35,,1.18
2016-01-20 14:30:00,0.0006058548808781,-0.0001311720700246839,-0.011666741645094746,stress,27.59,27.81,0.992089176555196,3.4,,1.16
2016-01-21 14:30:00,-0.001126762276342,0.0006508315919604038,0.004609781215089377,stress,26.69,26.71,0.9992512167727443,3.45,,1.18
2016-01-22 14:30:00,0.0030435210816101,0.002377827425226481,0.0007317804512557537,stress,22.34,24.28,0.9200988467874793,3.42,,1.19
2016-01-25 14:30:00,-0.0007886788552132,-0.00022533889331643835,0.002658485275399784,stress,24.15,25.25,0.9564356435643564,3.44,,1.15
2016-01-26 14:30:00,0.0034942525886999,0.003981567595854882,0.0017217422580234922,stress,22.5,23.29,0.9660798626019751,3.46,,1.16
2016-01-27 14:30:00,0.0023505830986952,0.002349118942552186,0.0033608486337700885,stress,23.11,24.47,0.9444217409072334,3.46,,1.18
2016-01-28 14:30:00,-0.0063754133949086,-0.006100905512636535,-0.003967859314778502,stress,22.42,24.02,0.9333888426311409,3.48,,1.17
2016-01-29 14:30:00,0.0162999044016045,0.016210618301053182,0.01299143778846336,stress,20.2,22.66,0.8914386584289496,3.48,,1.18
2016-02-01 14:30:00,0.005903823822323,0.006262297757231266,0.008104903646588961,stress,19.98,22.01,0.9077691958200818,3.49,,1.16
2016-02-02 14:30:00,-0.0007343006694079,7.801331759353658e-05,0.00217394692017812,stress,21.98,23.41,0.9389149935924819,3.49,,1.12
2016-02-03 14:30:00,-0.0152963750829981,-0.015719173234406292,-0.014344836355109785,stress,21.65,23.2,0.9331896551724138,3.52,,1.16
2016-02-04 14:30:00,0.0079199723621767,0.008171422101882873,0.006811252137111102,stress,21.84,23.66,0.923076923076923,3.53,,1.17
2016-02-05 14:30:00,-0.0109942738905893,-0.01113212138708134,-0.008529699157151963,stress,23.38,24.48,0.9550653594771241,3.52,,1.12
2016-02-08 14:30:00,-0.0139355369506626,-0.013074048146170966,-0.010921251539600229,stress,26.0,25.98,1.0007698229407236,3.53,,1.09
2016-02-09 14:30:00,0.0020779180116594,0.0027222614769482787,0.006660301499628458,stress,26.54,26.8,0.9902985074626866,3.54,,1.05
2016-02-10 14:30:00,0.0077646020169066,0.008138566714330733,0.006948316551765632,stress,26.29,26.72,0.9839071856287426,3.56,,1.0
2016-02-11 14:30:00,-0.004638254559468,-0.003717814934346804,-0.003062906458455667,stress,28.14,27.72,1.0151515151515151,3.63,,0.99
2016-02-12 14:30:00,-0.0048683375487897,-0.006380895876266186,-0.006129978654562047,stress,25.4,26.23,0.9683568433091879,3.6,,1.03
2016-02-16 14:30:00,-0.0010445964636671,-0.001582979584116585,-0.005657776608611307,stress,24.11,25.01,0.964014394242303,3.59,,1.04
2016-02-17 14:30:00,0.0061856245189581,0.005657898229572649,0.006384509230572832,stress,22.31,23.55,0.9473460721868364,3.62,,1.07
2016-02-18 14:30:00,0.0027127741859579,0.002244352095122449,0.0016695818247318228,stress,21.64,23.2,0.9327586206896552,3.62,,1.04
2016-02-19 14:30:00,0.0011378467758762,-0.0002879004166661495,-0.002808449729988197,stress,20.53,22.8,0.900438596491228,3.56,,1.0
2016-02-22 14:30:00,0.007253114339726,0.006626511493050222,0.006660614018089582,stress,19.38,21.62,0.8963922294172062,3.57,,0.99
2016-02-23 14:30:00,0.0071305610434617,0.0078506067910204,0.006255381957241599,stress,20.98,22.44,0.9349376114081996,3.58,,0.98
2016-02-24 14:30:00,0.0021860218882446,0.002330399748636902,-0.00022240282899976772,stress,20.72,22.34,0.927484333034915,3.56,,1.0
2016-02-25 14:30:00,-0.0001844531023359,-0.001091386046158511,0.0005598122779805832,stress,19.11,21.24,0.8997175141242938,3.56,,0.99
2016-02-26 14:30:00,0.0070837458462915,0.007034661138033582,0.0013453602850386813,stress,19.81,21.86,0.9062214089661482,3.56,,0.96
2016-02-29 14:30:00,0.0031954143544923,0.0035479916190143236,0.0019469526751629577,stress,20.55,22.39,0.9178204555605181,3.55,,0.96
2016-03-01 14:30:00,-0.0108932715719651,-0.011938199595301091,-0.01068716725141775,stress,17.7,20.28,0.8727810650887573,3.54,,0.98
2016-03-02 14:30:00,0.0009577929916621,0.0009958009876253342,-0.003087038771028281,stress,17.09,19.92,0.8579317269076304,3.5,,0.99
2016-03-03 14:30:00,0.0147826410620495,0.014472221673125018,0.008694191967089511,stress,16.7,19.49,0.8568496664956389,3.47,,0.98
2016-03-04 14:30:00,-0.0003142869100761,-0.00018543677506060194,-0.0017395741387495848,stress,16.86,19.63,0.858889454915945,3.43,,1.0
2016-03-07 14:30:00,-0.0043171963359662,-0.004704973799272881,-0.010692164912978544,stress,17.35,19.9,0.8718592964824122,3.39,,1.0
2016-03-08 14:30:00,-0.0024032041343352,-0.003706249243045195,0.002950607851508094,stress,18.67,21.04,0.8873574144486693,3.38,,0.95
2016-03-09 14:30:00,0.0024523153815523,0.0038831262643158927,0.00524602818227915,stress,18.34,20.75,0.883855421686747,3.36,,1.0
2016-03-10 14:30:00,-0.0032542862214225,-0.004054550647967888,-0.0013741786248995678,stress,18.05,20.71,0.8715596330275229,3.3,,1.0
2016-03-11 14:30:00,0.0081663241754083,0.0072150098014014405,0.0043624059363403965,stress,16.5,19.47,0.8474576271186441,3.26,,1.01
2016-03-14 13:30:00,0.001658748555389,0.001131636803413198,0.0015617229307417159,stress,16.92,19.42,0.8712667353244078,3.22,,1.0
2016-03-15 13:30:00,-0.0011882402145035,-0.0019700512230938216,0.003919411777996875,normal,16.84,19.33,0.8711846870150026,3.19,,0.99
2016-03-16 13:30:00,0.0074323023675463,0.008667217924285453,0.008257173813212074,stress,14.99,18.48,0.8111471861471862,3.22,,1.07
2016-03-17 13:30:00,-0.0010543018563782,-0.0020286063529697924,-0.006481684042023134,normal,14.44,18.14,0.7960308710033076,3.2,,1.04
2016-03-18 13:30:00,0.0081882610704276,0.007501629081769401,0.006299884831053784,normal,14.02,17.93,0.7819297267150028,3.17,,1.04
2016-03-21 13:30:00,-0.0104701414408506,-0.010927682100532283,-0.009140696956454855,normal,13.79,17.59,0.7839681637293917,3.15,,1.05
2016-03-22 13:30:00,-0.0049450342354874,-0.005327768540175412,-0.005370107334499934,normal,14.17,17.75,0.7983098591549296,3.1,,1.03
2016-03-23 13:30:00,0.0053131084413683,0.00570010625752133,0.010008720685407238,normal,14.94,18.3,0.8163934426229508,3.07,,1.01
2016-03-24 13:30:00,-0.0043498005900384,-0.004501987992839998,-0.00438624956698879,normal,14.74,18.27,0.8067870826491517,3.06,,1.02
2016-03-28 13:30:00,0.0041124125246952,,,normal,15.24,18.3,0.8327868852459016,3.05,,1.0
2016-03-29 13:30:00,0.010345716363891,0.009848588459665743,0.007344800785849803,normal,13.82,17.24,0.8016241299303946,3.09,,1.03
2016-03-30 13:30:00,0.0032404540622787,0.0034664031618308858,0.006345766925299957,normal,13.56,16.92,0.801418439716312,3.11,,1.07
2016-03-31 13:30:00,0.0021599180930113,0.0023809681904423605,-0.0005216982054799314,normal,13.95,17.08,0.816744730679157,3.12,,1.05
2016-04-01 13:30:00,-0.0034239416071775,-0.004451962954194488,-0.0028321334788960315,normal,13.1,16.5,0.793939393939394,3.1,,1.03
2016-04-04 13:30:00,-0.0082339118071173,-0.007212785308981374,-0.0044465223601828415,normal,14.12,17.23,0.8195008705745792,3.1,,1.03
2016-04-05 13:30:00,-0.0040473403393207,-0.0027887712316193992,-0.002438501822236169,normal,15.42,18.38,0.8389553862894451,3.08,,1.01
2016-04-06 13:30:00,-0.0100869515301798,-0.011303217641296335,-0.010518754209999153,normal,14.09,17.28,0.8153935185185185,3.08,,1.03
2016-04-07 13:30:00,0.0029008715416979,0.004717649288838277,0.004357768934293776,normal,16.16,18.86,0.8568398727465536,3.06,,1.0
2016-04-08 13:30:00,0.0014451269676921,0.0009593322046352545,0.0002208885770746999,normal,15.36,18.32,0.8384279475982532,3.07,,1.02
2016-04-11 13:30:00,0.0011338502978395,0.0024719176225398987,0.001659917042817681,normal,16.26,18.89,0.860772895712017,3.05,,1.03
2016-04-12 13:30:00,0.0029334753582648,0.001920227300217672,0.001257975360111224,normal,14.85,17.97,0.8263772954924875,3.03,,1.05
2016-04-13 13:30:00,0.0061591039373963,0.004774335228544535,5.397668897500277e-05,normal,13.84,17.26,0.8018539976825028,3.01,,1.02
2016-04-14 13:30:00,0.0029936045243061,0.003424396720971763,0.005152657127610626,normal,13.72,17.24,0.7958236658932716,2.99,,1.03
2016-04-15 13:30:00,0.0019413775490139,0.0015696334194168784,2.5661554042939738e-05,normal,13.62,17.16,0.7937062937062936,2.99,,1.02
2016-04-18 13:30:00,-0.0030470723111349,-0.0031723880294402527,-0.003047796421854678,normal,13.35,16.51,0.8086008479709266,2.99,,1.03
2016-04-19 13:30:00,-0.0027617971086026,-0.0026071604112625985,-0.0031143742265914444,normal,13.24,16.47,0.803885853066181,2.96,,1.02
2016-04-20 13:30:00,0.006899989404808,0.008372355981899891,0.007970861978095448,normal,13.28,16.6,0.7999999999999999,2.93,,1.05
2016-04-21 13:30:00,-0.0086152288581411,-0.007238016592634977,-0.00690500607470707,normal,13.95,17.14,0.8138856476079346,2.91,,1.06
2016-04-22 13:30:00,0.0076507039502967,0.0066141237441830845,-0.0004965527518000752,normal,13.22,16.64,0.7944711538461539,2.89,,1.05
2016-04-25 13:30:00,-0.0013377372953595,0.0005519931878752132,0.0031877908406448214,normal,14.08,17.22,0.8176538908246226,2.88,,1.06
2016-04-26 13:30:00,0.0118522664224121,0.013012771927307279,0.007035479409894915,normal,13.96,16.92,0.8250591016548463,2.85,,1.08
2016-04-27 13:30:00,0.0069019557785397,0.005848294353769909,0.0018696363495920333,normal,13.77,16.77,0.8211091234347049,2.86,,1.04
2016-04-28 13:30:00,-0.0052271413948782,-0.0031654049259672466,-0.0016171983303247674,normal,15.22,17.78,0.8560179977502812,2.89,,1.06
2016-04-29 13:30:00,0.0034220365837239,0.0042985940585087345,0.005152635020738013,normal,15.7,18.45,0.8509485094850948,2.86,,1.06
2016-05-02 13:30:00,-0.0024816023864084,-0.003651642474699758,-0.020818690167927843,normal,14.68,17.78,0.8256467941507311,2.86,,1.08
2016-05-03 13:30:00,-0.0039863448467367,-0.0028776189264939807,-0.0012264906981892978,normal,15.6,18.57,0.840064620355412,2.85,,1.06
2016-05-04 13:30:00,-0.0003644876336972,-0.0002478896703501857,-2.3944036411078606e-05,normal,16.05,18.91,0.8487572712850344,2.85,,1.04
2016-05-05 13:30:00,-0.003428888744726,-0.0037433607709520937,-0.0031071851391980695,normal,15.91,18.92,0.8409090909090908,2.86,,1.04
2016-05-06 13:30:00,0.0070414682222866,0.0062345070988095285,0.0071489381954588415,normal,14.72,18.27,0.8056923918992885,2.87,,1.05
2016-05-09 13:30:00,-0.0030358569984961,-0.0034307614201421798,-0.0030000896028243647,normal,14.57,18.05,0.807202216066482,2.89,,1.05
2016-05-10 13:30:00,-0.0026775287552763,-0.0031392312299400563,-0.0020126580074764488,normal,13.63,17.18,0.7933643771827708,2.89,,1.05
2016-05-11 13:30:00,0.0031862795719516,0.0033876845475586267,0.003054950650033227,normal,14.69,18.02,0.8152053274139844,2.9,,0.99
2016-05-12 13:30:00,-0.009348080378382,-0.009752551901423448,-0.008344548904783831,normal,14.41,17.75,0.811830985915493,2.91,,0.99
2016-05-13 13:30:00,-3.95133631658196e-05,2.9960830102097945e-05,-0.0008817082876730991,normal,15.04,18.25,0.8241095890410959,2.9,,0.95
2016-05-16 13:30:00,3.1898764878740896e-05,-0.00010451010891583719,-0.0005518092024976531,normal,14.68,17.7,0.8293785310734464,2.9,,0.96
2016-05-17 13:30:00,-0.0009024003299576,-0.0004885821310461175,-0.0009299456686579278,normal,15.57,18.43,0.8448182311448725,2.89,,0.94
2016-05-18 13:30:00,-0.0017743388924022,-0.0015916901847913135,-0.0026534706901899805,normal,15.95,18.54,0.860302049622438,2.87,,0.97
2016-05-19 13:30:00,0.0016295572830565,0.0017078076804591643,0.0023312053739699625,normal,16.33,18.77,0.8700053276505061,2.85,,0.96
2016-05-20 13:30:00,0.0005707643690552,-0.00021450026336414544,-0.0021417183028857208,normal,15.2,18.05,0.8421052631578947,2.86,,0.96
2016-05-23 13:30:00,-0.0011574231033519,-0.0009208685468650207,-0.0018781290222721159,normal,15.82,18.15,0.8716253443526172,2.86,,0.93
2016-05-24 13:30:00,0.0022227700903484,0.0008770739313810241,0.0006835867943250056,normal,14.42,17.08,0.8442622950819673,2.85,,0.94
2016-05-25 13:30:00,0.0005387915533501,0.0003210046462735352,0.0007863833447791433,normal,13.9,16.77,0.828861061419201,2.87,,0.95
2016-05-26 13:30:00,-0.0054583556644341,-0.006470152651148738,-0.005403417038873702,normal,13.43,16.56,0.8109903381642513,2.86,,0.96
2016-05-27 13:30:00,0.0015472348022377,0.0006017749670071877,-0.0004411248093728866,normal,13.12,16.31,0.8044144696505212,2.85,,0.95
2016-05-31 13:30:00,6.671978313611349e-05,0.0020880219401788113,-0.00038578961939690127,normal,14.19,16.63,0.8532772098616958,2.84,,0.97
2016-06-01 13:30:00,0.0032746117956283,0.0030007665782293643,0.0020787777773334792,normal,14.2,16.7,0.8502994011976048,2.82,,0.94
2016-06-02 13:30:00,0.0005738408347461,-0.0003888889082044409,-0.0009380958791432094,normal,13.63,16.37,0.8326206475259621,2.83,,0.92
2016-06-03 13:30:00,-0.0036474454189127,-0.003461133670007318,-0.002171084574448352,normal,13.47,16.49,0.8168587022437842,2.86,,0.93
2016-06-06 13:30:00,0.0037167734142574,0.004025723248959342,0.0020479821650206467,normal,13.65,16.44,0.8302919708029196,2.86,,0.93
2016-06-07 13:30:00,0.007173698224904,0.00795490479627876,0.00661233744198969,normal,14.05,16.63,0.8448586891160554,2.86,,0.94
2016-06-08 13:30:00,0.008411166485669,0.008255575581398071,0.00741140208385125,normal,14.08,16.79,0.8385944014294223,2.85,,0.93
2016-06-09 13:30:00,-0.0010161132463023,-0.0004012286408394823,0.0006200730411082033,normal,14.64,17.32,0.8452655889145497,2.85,,0.91
2016-06-10 13:30:00,-0.0071073693372368,-0.003605752726293885,-0.004818846199647271,normal,17.03,18.94,0.899155227032735,2.86,,0.91
2016-06-13 13:30:00,-0.0038409813641957,0.0016543283947511893,-0.0026063167965099383,stress,20.97,21.87,0.9588477366255143,2.86,,0.89
2016-06-14 13:30:00,-0.0015313277902268,-0.0019673500156391216,-0.0008706815462934212,stress,20.5,21.94,0.93436645396536,2.88,,0.88
2016-06-15 13:30:00,-0.0015202223001574,-0.0006664336250604081,-0.0010399887890900983,stress,20.14,21.81,0.9234296194406236,2.9,,0.91
2016-06-16 13:30:00,0.0005950951199576,-0.0015026742035136882,0.0002959599736468843,normal,19.37,21.16,0.915406427221172,2.9,,0.87
2016-06-17 13:30:00,0.0019422322095634,0.002688724002634558,0.0024688298039452572,normal,19.41,21.31,0.9108399812294697,2.89,,0.92
2016-06-20 13:30:00,0.0071260038255146,0.004863196236522739,0.004248779330060234,normal,18.37,19.81,0.9273094396769309,2.87,,0.93
2016-06-21 13:30:00,0.0033846835252766,0.003268369554412358,0.005463461658619306,normal,18.48,19.69,0.9385474860335196,2.86,,0.95
2016-06-22 13:30:00,-0.0007717261997661,0.0031707487578447385,0.0011096950607757364,stress,21.17,21.08,1.0042694497153701,2.86,,0.94
2016-06-23 13:30:00,0.0021445880427864,-0.0020637862420163325,-0.0010792410636762634,normal,17.25,18.42,0.9364820846905536,2.86,,0.96
2016-06-24 13:30:00,-0.0024399254264595,0.018126545786163992,0.012776522519944164,stress,25.76,23.93,1.0764730463852905,2.98,,0.93
2016-06-27 13:30:00,-0.0127611557365662,-0.01636642848322417,-0.009490547394495707,stress,23.85,23.68,1.0071790540540542,2.96,,0.85
2016-06-28 13:30:00,-0.0024034260588872,-0.0033097986257360733,-0.00034230725496844656,normal,18.75,20.26,0.9254689042448173,2.95,,0.85
2016-06-29 13:30:00,0.0034782911741459,0.00042237972070449355,-0.0006304197374316181,normal,16.64,18.73,0.8884143085958356,2.9,,0.88
2016-06-30 13:30:00,-0.0008273451439195,-4.325979961870656e-05,-0.001122941871081101,normal,15.63,18.09,0.8640132669983417,2.92,,0.91
2016-07-01 13:30:00,-0.0046040621703211,-0.006829114279447426,-0.008636135641431921,normal,14.77,17.65,0.8368271954674221,2.86,,0.87
2016-07-05 13:30:00,-0.0070237871863904,-0.006123748733555643,-0.004476011249305297,normal,15.58,18.24,0.8541666666666667,2.83,,0.81
2016-07-06 13:30:00,0.000124075668635,0.0004990650757222333,-0.00011082601175460091,normal,14.96,17.74,0.8432919954904172,2.83,,0.8
2016-07-07 13:30:00,0.0010864980630219,-0.0009962466576005139,-0.0013656716793148153,normal,14.76,17.76,0.831081081081081,2.79,,0.82
2016-07-08 13:30:00,0.0046947642387454,0.0066898508734458744,0.0011853290831906086,normal,13.2,16.49,0.8004851425106125,2.78,,0.76
2016-07-11 13:30:00,0.0041331688382737,0.0030812901527230195,0.00017609220845401716,complacency,13.54,16.49,0.8211036992116435,2.75,,0.77
2016-07-12 13:30:00,-0.0005918989835954,-0.004406278603107423,-0.005374798746775378,complacency,13.55,16.17,0.8379715522572665,2.7,,0.84
2016-07-13 13:30:00,0.0037756131806546,0.004607962915738881,0.004932958042762359,complacency,13.04,15.97,0.8165309956167813,2.69,,0.8
2016-07-14 13:30:00,-0.0063428436559361,-0.007453952128412671,-0.0037434394900375005,complacency,12.82,15.86,0.8083228247162674,2.7,,0.85
2016-07-15 13:30:00,-0.0012548827075642,-0.0030603646456686196,-0.003249676502623202,complacency,12.67,15.99,0.7923702313946216,2.66,,0.89
2016-07-18 13:30:00,0.0024902521242858,0.0024260720927379185,0.0036978913548587657,complacency,12.44,15.77,0.7888395688015218,2.67,,0.91
2016-07-19 13:30:00,-0.0022348078757694,-0.0016088006202662273,-0.0011268734572466048,complacency,11.97,15.74,0.7604828462515884,2.67,,0.86
2016-07-20 13:30:00,0.0013674340706325,0.0011198241601032542,0.0002054349348024323,complacency,11.77,15.44,0.7623056994818653,2.66,,0.86
2016-07-21 13:30:00,-0.0016643100357807,-0.0012603607905120194,-0.0009625562260637036,complacency,12.74,16.1,0.7913043478260869,2.68,,0.87
2016-07-22 13:30:00,0.0024589779654521,0.002164415239672396,0.0008266195662931805,complacency,12.02,15.8,0.760759493670886,2.66,,0.86
2016-07-25 13:30:00,-0.0072674142006418,-0.007319198672143457,-0.007928923211646993,complacency,12.87,16.27,0.7910264290104486,2.65,,0.86
2016-07-26 13:30:00,0.0050606730417971,0.00586567342682451,0.0032089880489362173,complacency,13.05,16.32,0.7996323529411765,2.65,,0.82
2016-07-27 13:30:00,-0.0147366130349518,-0.014209500680932345,-0.016496371330737777,complacency,12.83,16.1,0.7968944099378882,2.67,,0.79
2016-07-28 13:30:00,0.0052883384377754,0.005230236987532327,0.005731099455481167,complacency,12.72,16.0,0.795,2.68,,0.8
2016-07-29 13:30:00,-0.0003966790996352,0.000232529159183277,-5.778582637090083e-05,complacency,11.87,15.42,0.7697795071335927,2.71,,0.79
2016-08-01 13:30:00,-0.012685644306522,-0.013446738986741771,-0.009484811158661307,complacency,12.44,15.7,0.7923566878980892,2.73,,0.84
2016-08-02 13:30:00,-0.0053342563129871,-0.005105689031598103,0.0015763294539401004,normal,13.37,16.39,0.8157413056741915,2.75,,0.88
2016-08-03 13:30:00,0.007334131868724,0.0075955302375893645,0.0032436452933805385,normal,12.86,16.08,0.7997512437810945,2.76,,0.88
2016-08-04 13:30:00,-0.0031944550895789,-0.003215154631866774,-0.0027918962643750903,normal,12.42,15.71,0.7905792488860598,2.76,,0.87
2016-08-05 13:30:00,0.005586727751322,0.004658116952950138,0.004696985317577647,complacency,11.39,15.14,0.7523117569352709,2.73,,0.87
2016-08-08 13:30:00,0.0019526384794751,0.0015990658219132608,-0.00013213279145895857,complacency,11.5,15.16,0.758575197889182,2.71,,0.85
2016-08-09 13:30:00,-0.0015456770295038,-0.0016706093341669415,0.0007205314758902347,complacency,11.66,15.11,0.7716743878226341,2.7,,0.84
2016-08-10 13:30:00,-0.0019796332698966,-0.0013021754106323496,-0.0017971910834367988,complacency,12.05,15.41,0.781959766385464,2.71,,0.81
2016-08-11 13:30:00,-0.0065591778732932,-0.006905885960597586,-0.009801677145801335,complacency,11.68,15.3,0.7633986928104575,2.7,,0.81
2016-08-12 13:30:00,0.0026401768327461,0.0029731754434776667,0.002168162065986542,complacency,11.55,15.26,0.7568807339449541,2.71,,0.8
2016-08-15 13:30:00,0.001565721768638,0.0010188139944944277,-0.0010728778546275426,complacency,11.81,15.38,0.7678803641092328,2.7,,0.83
2016-08-16 13:30:00,9.626746453204708e-05,0.000547802218800883,0.0006343334722987066,complacency,12.64,16.02,0.7890137328339576,2.7,,0.81
2016-08-17 13:30:00,-0.009285902718068,-0.00975855789166237,-0.006577252355500732,complacency,12.19,15.52,0.7854381443298969,2.69,,0.82
2016-08-18 13:30:00,0.0040620449999798,0.0041464019771579545,-0.0007029352660547069,complacency,11.43,15.16,0.753957783641161,2.7,,0.82
2016-08-19 13:30:00,-0.000361404169488,-0.0010100778766766899,-0.0025282924174645305,complacency,11.34,15.13,0.7495042961004627,2.67,,0.82
2016-08-22 13:30:00,-0.0001467048730896,-8.614753230416842e-05,-0.00023534532736718285,complacency,12.27,15.5,0.7916129032258065,2.65,,0.79
2016-08-23 13:30:00,0.0012685901026424,0.0008467965759670712,-0.0018745713095099767,complacency,12.38,15.42,0.8028534370946823,2.64,,0.81
2016-08-24 13:30:00,0.0025245470482068,0.0028692074005513247,0.0048349637081156905,complacency,13.45,16.0,0.840625,2.64,,0.8
2016-08-25 13:30:00,0.0005881451597257,0.0003896595648418337,-0.0006151680349182873,complacency,13.63,16.13,0.8450092994420336,2.63,,0.8
2016-08-26 13:30:00,-0.0031458663214131,-0.0028762965439506935,-0.002311244040383721,complacency,13.65,16.24,0.8405172413793105,2.63,,0.78
2016-08-29 13:30:00,0.0071958521561906,0.006457360335584956,0.006267367812191106,complacency,12.94,15.93,0.8123038292529817,2.59,,0.76
2016-08-30 13:30:00,0.0050480526118858,0.005758103792312051,0.004395392925851134,complacency,13.12,16.03,0.8184653774173424,2.62,,0.77
2016-08-31 13:30:00,-0.0008257787822726,-0.0010973244336559365,0.0020500158131262973,complacency,13.42,16.14,0.8314745972738538,2.61,,0.78
2016-09-01 13:30:00,-0.0021659177335485,-0.002067670182413124,-0.0017935502189550066,complacency,13.48,16.31,0.8264868179031271,2.62,,0.79
2016-09-02 13:30:00,0.0105491369503131,0.010207109247742535,0.009557580209960122,complacency,11.98,15.65,0.7654952076677316,2.63,,0.8
2016-09-06 13:30:00,-0.005358588493184,-0.005392891132525675,-0.0033013798450357286,complacency,12.02,15.56,0.7724935732647814,2.64,,0.81
2016-09-07 13:30:00,0.0054454417528192,0.00569259276868713,0.0003517240358804734,complacency,11.94,15.49,0.7708198837959974,2.65,,0.8
2016-09-08 13:30:00,-0.0002437825114313,-0.00022664444410950372,-0.0004928001708757474,complacency,12.51,15.81,0.7912713472485768,2.67,,0.83
2016-09-09 13:30:00,-0.003099004228841,-0.0022779762172633064,0.0028803404644285454,normal,17.5,18.83,0.9293680297397771,2.67,,0.88
2016-09-12 13:30:00,-0.0013079757300366,-0.0022350461485290836,-0.0004197355698073263,complacency,15.16,17.27,0.8778228141285467,2.68,,0.89
2016-09-13 13:30:00,-0.0017307025613869,-0.0011330050347329841,0.002049458539554432,normal,17.85,19.05,0.937007874015748,2.7,,0.93
2016-09-14 13:30:00,-0.0056121364693644,-0.005512158191011472,-0.004437933940145659,normal,18.14,19.35,0.9374677002583979,2.7,,0.93
2016-09-15 13:30:00,-0.0002907366708288,-0.0010959859007494254,0.0003123450935497743,normal,16.3,18.19,0.8960967564595932,2.72,,0.97
2016-09-16 13:30:00,0.0072383335544117,0.007142601856784408,0.007040237231057195,complacency,15.37,17.88,0.8596196868008948,2.71,,0.93
2016-09-19 13:30:00,0.0026791331760215,0.0027009410563922733,-0.0016989741551272437,complacency,15.53,17.78,0.873453318335208,2.7,,0.91
2016-09-20 13:30:00,-0.0063129559092375,-0.006190846279545278,-0.002788347648441586,complacency,15.92,17.99,0.8849360755975543,2.7,,0.9
2016-09-21 13:30:00,0.0013145562149671,6.168777403167919e-05,-0.0022823272287476985,complacency,13.3,16.66,0.7983193277310925,2.7,,0.87
2016-09-22 13:30:00,0.0038768780792435,0.0022964624143444246,0.00023815173732541798,complacency,12.02,15.94,0.7540777917189461,2.69,,0.84
2016-09-23 13:30:00,-0.0037953550885736,-0.0035658690538923803,-0.0037432687282287157,complacency,12.29,16.05,0.7657320872274143,2.68,,0.85
2016-09-26 13:30:00,0.001782794539078,0.004285013649438159,9.344039448213226e-05,complacency,14.5,17.28,0.8391203703703703,2.7,,0.83
2016-09-27 13:30:00,0.0019108270907779,6.093815363149269e-05,0.004354441215295015,complacency,13.1,16.45,0.7963525835866262,2.69,,0.81
2016-09-28 13:30:00,0.0045468380239975,0.004088803784015236,0.0021048212255229313,complacency,12.39,16.01,0.7738913179262961,2.69,,0.82
2016-09-29 13:30:00,0.0036980317130197,0.0044980700344162405,0.003959707634667821,complacency,14.02,16.87,0.8310610551274451,2.67,,0.83
2016-09-30 13:30:00,0.0017126813299167,0.0021697442145672294,0.0007392586283077187,complacency,13.29,16.37,0.8118509468540012,2.69,,0.83
2016-10-03 13:30:00,-0.0081199960113837,-0.009295377191599018,0.017795107148731414,complacency,13.57,16.4,0.827439024390244,2.66,,0.83
2016-10-04 13:30:00,-0.0004328313596287,0.001001290979804485,0.001747852001081119,complacency,13.63,16.47,0.8275652701882211,2.66,,0.87
2016-10-05 13:30:00,0.0021132136508881,0.0011044082925353018,0.0003797781754499886,complacency,12.99,16.22,0.8008631319358817,2.64,,0.87
2016-10-06 13:30:00,-0.0013021915749431,-0.0014170952855273732,-0.001506350374271663,complacency,12.84,16.07,0.7990043559427504,2.61,,0.89
2016-10-07 13:30:00,-0.0013083141702036,-3.451765465287528e-05,0.001492676013035819,complacency,13.48,16.44,0.8199513381995134,2.63,,0.9
2016-10-10 13:30:00,0.007749581982267,,,complacency,13.38,15.95,0.8388714733542321,,,
2016-10-11 13:30:00,0.0009572702657998,,,complacency,15.36,16.94,0.9067296340023612,2.6,,0.9
2016-10-12 13:30:00,-0.0007086207699442,0.000300623308244606,1.4698078295710031e-05,complacency,15.91,17.02,0.9347826086956522,2.6,,0.92
2016-10-13 13:30:00,-0.000206523275753,-0.0004956386630030566,-0.0002067631869094194,normal,16.69,17.59,0.9488345650938034,2.59,,0.9
2016-10-14 13:30:00,0.0015738930717374,0.004037446432307962,0.005385447107351836,normal,16.12,17.42,0.9253731343283582,2.63,,0.96
2016-10-17 13:30:00,-0.0014443387237319,-0.0014970500363137985,-0.001728654053535612,normal,16.21,17.47,0.9278763594733831,2.62,,0.96
2016-10-18 13:30:00,0.0090312238846809,0.0073752556602278835,0.007668905351916782,complacency,15.28,16.92,0.9030732860520093,2.62,,0.93
2016-10-19 13:30:00,0.0004120550508981,0.0003907117254282079,-0.0011779682374081302,complacency,14.41,16.46,0.8754556500607533,2.62,,0.95
2016-10-20 13:30:00,-0.0013693931660051,-0.003264939911505522,-0.003079646200956683,complacency,13.75,16.23,0.8471965495995071,2.59,,0.92
2016-10-21 13:30:00,0.0024948160235453,0.0008209695650043356,0.002021205552635616,complacency,13.34,16.04,0.8316708229426434,2.6,,0.9
2016-10-24 13:30:00,0.0023584940655373,0.004018336634838483,0.003474615673901221,complacency,13.02,15.61,0.8340807174887892,2.59,,0.93
2016-10-25 13:30:00,-0.0070615029997719,-0.0075257854685983555,-0.005849300489315899,complacency,13.46,15.81,0.851359898798229,2.58,,0.91
2016-10-26 13:30:00,-0.0163915403358671,-0.015673509060097877,-0.012105570271561557,complacency,14.24,16.25,0.8763076923076923,2.6,,0.93
2016-10-27 13:30:00,-0.0222340467206314,-0.019355061902614934,-0.015080045196720505,complacency,15.36,16.93,0.9072652096869462,2.59,,0.98
2016-10-28 13:30:00,0.0102010530266219,0.012066961183279903,0.011710879591477468,normal,16.19,17.37,0.9320667818077145,2.6,,1.0
2016-10-31 13:30:00,0.0115044189541753,0.010690197633728415,0.0069994445200364935,normal,17.06,17.85,0.9557422969187673,2.61,,0.98
2016-11-01 13:30:00,-0.013600121607714,-0.010867898490969141,-0.00897670061490232,normal,18.56,18.74,0.9903948772678762,2.61,,1.0
2016-11-02 13:30:00,0.004626535723846,0.003872578739903136,0.009255915914342546,stress,19.32,19.18,1.0072992700729928,2.63,,1.0
2016-11-03 13:30:00,-0.0037781998373355,-0.0035846057380253607,-0.005909710194419015,stress,22.08,20.7,1.0666666666666667,2.67,,1.01
2016-11-04 13:30:00,8.410898225509437e-05,-0.0012914658457721178,-0.007151798305031047,stress,22.51,21.13,1.065309985802177,2.67,,0.99
2016-11-07 14:30:00,0.0043442842108472,0.002924029717703322,0.0038748587462408913,stress,18.71,18.15,1.0308539944903583,2.66,,1.01
2016-11-08 14:30:00,0.0038326834839085,0.006647022523059955,0.006711802110164031,stress,18.74,18.1,1.0353591160220992,2.62,,1.01
2016-11-09 14:30:00,-0.050773672564742,-0.04409914160242513,-0.0585686192315608,complacency,14.38,16.28,0.8832923832923832,2.66,,1.17
2016-11-10 14:30:00,0.0087992902821353,0.023801287631415383,0.020501794409018455,complacency,14.74,16.75,0.88,2.6,,1.23
2016-11-11 14:30:00,0.0088503726217996,,,complacency,14.17,16.49,0.8593086719223773,,,
2016-11-14 14:30:00,0.0189411764477039,,,complacency,14.48,16.7,0.8670658682634731,2.6,,1.23
2016-11-15 14:30:00,0.007581629828683,0.004328729837593361,0.004412561327876537,complacency,13.37,15.75,0.8488888888888888,2.59,,1.21
2016-11-16 14:30:00,0.0007475796234446,0.0004964686874241992,0.002007544426255828,complacency,13.72,16.07,0.8537647790914749,2.55,,1.22
2016-11-17 14:30:00,0.0091664732906105,0.014055218408111664,0.013692008692423542,complacency,13.35,15.64,0.8535805626598465,2.54,,1.25
2016-11-18 14:30:00,0.0012656554065518,0.0037580814784274772,0.004055151642313068,complacency,12.85,15.52,0.8279639175257731,2.52,,1.27
2016-11-21 14:30:00,0.0014524345718951,-0.0016765415573174278,-0.0019434055408870065,complacency,12.42,15.32,0.8107049608355091,2.52,,1.25
2016-11-22 14:30:00,-0.0020071981799143,-0.0031511891214312192,-0.0036914499537435046,complacency,12.41,15.35,0.8084690553745929,2.53,,1.24
2016-11-23 14:30:00,0.0081895593939519,0.006043411671331187,0.003929081325570213,complacency,12.43,15.43,0.8055735580038885,2.49,,1.24
2016-11-25 14:30:00,0.0019501798301473,0.0012512515155080823,0.0011206985209603014,complacency,12.34,15.51,0.7956157317859446,2.48,,1.24
2016-11-28 14:30:00,-0.006325461427598,-0.01228490880446992,-0.011365245276250852,complacency,13.15,16.02,0.8208489388264669,2.47,,1.21
2016-11-29 14:30:00,0.0050498128079166,0.004408960282630619,0.00527767969171062,complacency,12.9,15.9,0.8113207547169812,2.46,,1.21
2016-11-30 14:30:00,-0.0033949424752542,0.0032959975807172743,2.683468528031892e-05,complacency,13.33,16.1,0.8279503105590061,2.45,,1.26
2016-12-01 14:30:00,0.0017543855371053,0.006548288727160689,0.00503798658445871,complacency,14.07,16.67,0.8440311937612477,2.42,,1.31
2016-12-02 14:30:00,-0.0003741374273913,-0.003294711112303919,-0.0031270506871512393,complacency,14.12,16.78,0.8414779499404051,2.42,,1.29
2016-12-05 14:30:00,0.0058541140176913,0.002566861760292515,0.0027953875593126057,complacency,12.14,15.77,0.7698161065313888,2.42,,1.26
2016-12-06 14:30:00,0.0026441807190455,0.0062336615918301315,0.005592099796134668,complacency,11.79,15.48,0.7616279069767441,2.44,,1.27
2016-12-07 14:30:00,0.0008171828356446,-0.00379589260579401,-0.005232042505138807,complacency,12.22,15.48,0.789405684754522,2.44,,1.24
2016-12-08 14:30:00,0.0073075439050863,0.012167746815489112,0.011526104446330282,complacency,12.64,15.72,0.8040712468193384,2.43,,1.28
2016-12-09 14:30:00,-0.0025351581233536,0.0034515901694852098,0.006774441974192851,complacency,11.75,15.22,0.7720105124835742,2.43,,1.32
2016-12-12 14:30:00,-0.0043982539424879,-0.0042072232344561745,-0.0009024958493014244,complacency,12.64,15.73,0.803560076287349,2.41,,1.34
2016-12-13 14:30:00,-0.0026216000855484,-0.009116190750068968,-0.007226119708106101,complacency,12.72,15.7,0.8101910828025478,2.39,,1.31
2016-12-14 14:30:00,-0.0106502247787348,-0.023593214029535865,-0.023248745164918483,complacency,13.19,15.87,0.8311279143037177,2.32,,1.27
2016-12-15 14:30:00,0.0032875302101572,0.005096505819273747,0.004095242655448524,complacency,12.79,15.75,0.812063492063492,2.24,,1.31
2016-12-16 14:30:00,0.0023209641520298,0.006108275403444212,0.007637849209056443,complacency,12.2,15.57,0.783558124598587,2.28,,1.32
2016-12-19 14:30:00,-0.0005561319237863,-0.002974673080763915,-0.0031401119037726237,complacency,11.71,15.31,0.7648595689092097,2.28,,1.3
2016-12-20 14:30:00,0.0009210960660924,0.0035696216684700426,0.003818479723520976,complacency,11.45,15.14,0.7562747688243064,2.28,,1.32
2016-12-21 14:30:00,0.001437496361016,0.0030941716363949556,0.003229099763366608,complacency,11.27,15.09,0.7468522200132538,2.26,,1.34
2016-12-22 14:30:00,-0.0014609422964003,-0.002302458023840883,0.00016852772511985166,complacency,11.43,15.29,0.7475474166121648,2.27,,1.33
2016-12-23 14:30:00,0.00422714447318,0.003185973850767153,0.0020661498031488857,complacency,11.44,15.25,0.7501639344262295,2.25,,1.33
2016-12-27 14:30:00,0.0001644704762479,-0.0051084245753422065,-0.006673720382349751,complacency,11.99,15.36,0.7805989583333334,2.25,,1.29
2016-12-28 14:30:00,-0.0038116718598859,-0.008487313789974412,-0.007379231749216881,complacency,12.95,15.93,0.81293157564344,2.26,,1.25
2016-12-29 14:30:00,-0.0007913934961044,0.002071290289478559,0.0013801630321061307,complacency,13.37,16.16,0.8273514851485148,2.27,,1.27
2016-12-30 14:30:00,-0.0024748265809591,-0.004377269402490242,-0.006028823631269194,complacency,14.04,16.54,0.8488512696493349,2.28,,1.25
2017-01-03 14:30:00,-0.000906532972814,-0.00354797413031177,-0.03676633613123244,complacency,12.85,15.56,0.8258354755784061,2.27,,1.23
2017-01-04 14:30:00,0.0114258706507588,0.00927791403669481,0.0070674274145885105,complacency,11.85,14.84,0.7985175202156334,2.25,,1.22
2017-01-05 14:30:00,-0.0030675418340239,-0.005384355432410954,-0.0026985489714823037,complacency,11.67,14.7,0.7938775510204082,2.25,,1.2
2017-01-06 14:30:00,0.0011234203959184,0.0004376437004026414,0.002508152848298808,complacency,11.32,14.56,0.7774725274725275,2.24,,1.2
2017-01-09 14:30:00,0.0060359451054171,0.0025176722384551197,0.0034104991235337674,complacency,11.56,14.63,0.7901572112098428,2.24,,1.17
2017-01-10 14:30:00,0.0090397356001282,0.011405154991977187,0.009387241395459421,complacency,11.49,14.66,0.7837653478854024,2.24,,1.19
2017-01-11 14:30:00,0.0100268280433832,0.007437662287489743,0.007914869419503841,complacency,11.26,14.47,0.7781617138908086,2.22,,1.18
2017-01-12 14:30:00,0.0001133700251597,0.002926081431295573,0.004269212732894884,complacency,11.54,14.58,0.7914951989026062,2.25,,1.18
2017-01-13 14:30:00,0.0049533263680711,0.004457645017959207,0.0033608005469870457,complacency,11.23,14.54,0.7723521320495187,2.23,,1.19
2017-01-17 14:30:00,0.0033116939894749,0.00227165746126686,0.004460006346022682,complacency,11.87,14.89,0.7971793149764942,2.26,,1.16
2017-01-18 14:30:00,-0.0029342032812872,-0.003187381799125996,-0.003482564302149542,complacency,12.48,14.94,0.8353413654618475,2.22,,1.19
2017-01-19 14:30:00,-0.0037563593308273,-0.0008276171130169952,0.001060480806194798,complacency,12.78,15.02,0.8508655126498003,2.21,,1.22
2017-01-20 14:30:00,0.0012594238163867,0.009449575589517964,0.010889290204078833,complacency,11.54,14.49,0.7964113181504485,2.21,,1.28
2017-01-23 14:30:00,-0.0017083195432282,-0.005547924213667058,-0.00555911466627282,complacency,11.77,14.54,0.8094910591471802,2.21,,1.25
2017-01-24 14:30:00,0.0051213387561879,0.007483151483819542,0.005018600070525709,complacency,11.07,13.87,0.7981254506128335,2.22,,1.26
2017-01-25 14:30:00,0.0056568870853329,0.00982733076318635,0.010521591756094552,complacency,10.81,13.61,0.7942689199118296,2.21,,1.3
2017-01-26 14:30:00,-0.0023479810289875,-0.0030206625415390978,-0.002088926878849479,complacency,10.63,13.63,0.7798972853998533,2.2,,1.3
2017-01-27 14:30:00,-0.0026178856744519,-0.006596194414093954,-0.006216537805528125,complacency,10.58,13.68,0.7733918128654971,2.19,,1.27
2017-01-30 14:30:00,-0.0086289126552274,-0.007519498482659618,-0.00725461354816873,complacency,11.88,14.41,0.8244274809160306,2.21,,1.27
2017-01-31 14:30:00,0.0053919436697346,0.006343395365450711,0.0049196156369148486,complacency,11.99,14.48,0.8280386740331491,2.23,,1.26
2017-02-01 14:30:00,0.0037980035136934,0.003933424455860971,0.004673996987726246,complacency,11.81,14.29,0.8264520643806859,2.23,,1.26
2017-02-02 14:30:00,-0.0010472103837397,-0.00023424717615807915,0.00020597800537574575,complacency,11.93,14.59,0.8176833447566827,2.23,,1.27
2017-02-03 14:30:00,0.0056432008070644,0.008339764247944218,0.007132660877351484,complacency,10.97,14.05,0.7807829181494662,2.24,,1.28
2017-02-06 14:30:00,-0.0073196547246925,-0.008869005807083545,-0.007754744577864821,complacency,11.37,14.24,0.7984550561797752,2.25,,1.26
2017-02-07 14:30:00,-0.0009054150656712,-0.0032947117542030603,-0.0015972218549443974,complacency,11.29,14.35,0.786759581881533,2.24,,1.24
2017-02-08 14:30:00,0.0007547820766043,0.003224546626948937,0.003414752530032455,complacency,11.45,14.56,0.7864010989010988,2.25,,1.19
2017-02-09 14:30:00,0.0053106206529443,0.0029957993247570853,0.001094329859484009,complacency,10.88,14.17,0.7678193366266761,2.24,,1.2
2017-02-10 14:30:00,-0.000189879047582,-0.0005019024831198449,-0.0010840370667785024,complacency,10.85,13.91,0.7800143781452192,2.23,,1.21
2017-02-13 14:30:00,-0.0009184847017923,-0.000596894722113277,0.00010444840344320499,complacency,11.07,13.68,0.8092105263157895,2.23,,1.23
2017-02-14 14:30:00,0.0018981902592361,0.001099444394812252,0.0015816885176854693,complacency,10.74,13.19,0.8142532221379833,2.21,,1.22
2017-02-15 14:30:00,0.0010495968889164,0.005170719470434961,0.003037410953050197,complacency,11.97,13.41,0.8926174496644296,2.19,,1.24
2017-02-16 14:30:00,-0.0020435577469857,-0.0025546126053656013,-0.0021511538925017984,complacency,11.76,13.63,0.8628026412325751,2.2,,1.23
2017-02-17 14:30:00,-0.0039603715035201,-0.004373358196453351,-0.003176506580348115,complacency,11.49,13.72,0.8374635568513119,2.21,,1.21
2017-02-21 14:30:00,0.0154172522908172,0.01568382454118506,0.015138386372686174,complacency,11.57,14.04,0.8240740740740742,2.2,,1.21
2017-02-22 14:30:00,-5.338518981424633e-05,0.0007691170573268305,0.001403943985497277,complacency,11.74,14.39,0.8158443363446838,2.21,,1.2
2017-02-23 14:30:00,-0.0010535174518296,-0.0013624558304730892,0.000916354945357692,complacency,11.71,14.74,0.7944369063772049,2.23,,1.2
2017-02-24 14:30:00,0.0034264339806897,0.0029495013030809577,0.004764468052641413,complacency,11.47,14.76,0.7771002710027101,2.23,,1.19
2017-02-27 14:30:00,-0.0014002429192602,0.0014019983912170494,-0.003629419763716194,complacency,12.09,14.91,0.8108651911468813,2.21,,1.16
2017-02-28 14:30:00,-0.0057177258895188,-0.0025610613491895925,0.0010755215375753751,complacency,12.92,15.28,0.8455497382198953,2.19,,1.14
2017-03-01 14:30:00,0.0025453914906452,0.0005084971940950323,-0.0005928424436790754,complacency,12.54,14.86,0.8438761776581426,2.18,,1.17
2017-03-02 14:30:00,2.6028059477249503e-05,-0.0019969823660856306,0.0016150897493071158,complacency,11.81,14.77,0.7995937711577522,2.16,,1.17
2017-03-03 14:30:00,0.0019413628577498,-0.0006098332473847862,0.00106202400075531,complacency,10.96,14.26,0.7685834502103788,2.16,,1.17
2017-03-06 14:30:00,-0.0040606617676259,-0.0036812637764325764,-0.002654154775980918,complacency,11.24,14.34,0.7838214783821479,2.17,,1.18
2017-03-07 14:30:00,-0.0042575885275544,-0.003971536313004277,-0.0023829519403057,complacency,11.45,14.41,0.7945870922970159,2.15,,1.2
2017-03-08 14:30:00,-0.0024073531522784,-0.001375725690117757,0.0003522556623974972,complacency,11.86,14.54,0.8156808803301238,2.15,,1.21
2017-03-09 14:30:00,-0.0011317728853355,-0.00010921234875444614,0.0008446402464575605,complacency,12.3,14.78,0.8322056833558864,2.17,,1.23
2017-03-10 14:30:00,-0.0021478822723606,-0.004513297104752885,-0.004078199426571983,complacency,11.66,14.38,0.8108484005563282,2.18,,1.22
2017-03-13 13:30:00,0.0018753169634775,0.0008992381548435744,0.0011543222271221927,complacency,11.35,14.36,0.7903899721448469,2.17,,1.22
2017-03-14 13:30:00,-0.0043692237512575,-0.0006667383455224683,-0.0022463346342023087,complacency,12.3,14.63,0.8407382091592618,2.18,,1.2
2017-03-15 13:30:00,0.0019101026443957,0.00031606185642262213,-0.0014206107532429197,complacency,11.63,14.2,0.8190140845070424,2.2,,1.18
2017-03-16 13:30:00,-0.0009650721674956,-0.0020412830952063286,-0.0031180935405656397,complacency,11.21,13.78,0.8134978229317853,2.21,,1.18
2017-03-17 13:30:00,0.0056758806069834,0.006348520938355541,0.004345929696421661,complacency,11.28,13.92,0.8103448275862069,2.22,,1.17
2017-03-20 13:30:00,-0.0061148837074833,-0.005570816581069603,-0.005112101239310606,complacency,11.34,13.9,0.8158273381294964,2.23,,1.17
2017-03-21 13:30:00,-0.0024255391466146,0.001362284173150948,0.006430263455468569,complacency,12.47,14.62,0.8529411764705883,2.23,,1.16
2017-03-22 13:30:00,-0.0013055180205548,-0.00013618790618509318,-0.0002382349971316955,complacency,12.81,14.68,0.8726158038147139,2.23,,1.13
2017-03-23 13:30:00,-0.0007014751825302,0.0006741705753997467,-0.0019090153443062073,complacency,13.12,14.91,0.879946344735077,2.24,,1.15
2017-03-24 13:30:00,0.0078950383723237,0.006695071494120235,0.006662905712616608,complacency,12.96,14.55,0.8907216494845361,2.22,,1.14
2017-03-27 13:30:00,0.0051279079113246,0.0040596420230075295,0.002831616537288216,complacency,12.5,14.23,0.8784258608573436,2.23,,1.11
2017-03-28 13:30:00,0.0019459000290527,-0.0017954311259568052,2.7408287339838805e-05,complacency,11.53,13.68,0.8428362573099415,2.22,,1.12
2017-03-29 13:30:00,-0.0020322790065506,-0.0019401590253550352,-0.001743613845262104,complacency,11.42,13.43,0.8503350707371556,2.23,,1.13
2017-03-30 13:30:00,0.0051970617309018,0.005662150806734101,0.0034495223321965706,complacency,11.54,13.37,0.8631264023934181,2.23,,1.14
2017-03-31 13:30:00,0.0004861275549878,0.003943928960452236,0.0005096337282606746,complacency,12.37,13.6,0.9095588235294118,2.24,,1.13
2017-04-03 13:30:00,-0.00075416138147,-0.00012519787377130332,-0.002424496385376312,complacency,12.38,13.67,0.9056327724945136,2.26,,1.11
2017-04-04 13:30:00,-0.0065516046482692,-0.008478175295521143,-0.006955619314414512,complacency,11.79,13.37,0.8818249813014211,2.26,,1.11
2017-04-05 13:30:00,0.0028851378155387,0.007220279879881322,0.008553156180751777,complacency,12.89,14.12,0.9128895184135978,2.29,,1.1
2017-04-06 13:30:00,0.0023891670054002,0.0006472227537977766,-0.0014530077726228221,complacency,12.39,13.66,0.9070278184480235,2.27,,1.1
2017-04-07 13:30:00,-0.0025413136633817,-0.002062529970337799,-0.002868006490909167,complacency,12.87,14.06,0.9153627311522048,2.24,,1.09
2017-04-10 13:30:00,0.0057530718067097,0.008800607087511216,0.006304314944557391,complacency,14.05,14.58,0.9636488340192044,2.24,,1.08
2017-04-11 13:30:00,0.0027607861682358,0.004889170642274838,7.547771315334455e-05,complacency,15.07,15.16,0.9940633245382586,2.24,,1.08
2017-04-12 13:30:00,-0.0041898257648046,-0.0027604180817045257,-0.00041179999418140345,stress,15.77,15.28,1.0320680628272252,2.28,,1.04
2017-04-13 13:30:00,-0.0031262274862387,-0.00266935753390458,-0.0016558679456803885,stress,15.96,15.75,1.0133333333333334,2.28,,1.03
2017-04-17 13:30:00,-0.0002203723866369,,,complacency,14.66,14.86,0.9865410497981157,2.29,,1.05
2017-04-18 13:30:00,0.005054553354727,0.005681418874736137,0.004274593792462168,complacency,14.42,14.76,0.9769647696476965,2.29,,1.0
2017-04-19 13:30:00,0.0035040865850947,0.004199731154432604,0.0013608391144859767,complacency,14.93,15.08,0.9900530503978779,2.29,,1.02
2017-04-20 13:30:00,0.0023127334673623,0.0003573390982899204,-0.0002597268504637338,complacency,14.15,14.53,0.973847212663455,2.28,,1.03
2017-04-21 13:30:00,0.0009625171184488,0.0019761582472224283,0.0011166326999494842,complacency,14.63,14.75,0.991864406779661,2.29,,1.04
2017-04-24 13:30:00,0.0001345944858708,-0.006376294958062604,-0.0024937322852432234,complacency,10.84,12.9,0.8403100775193798,2.28,,1.03
2017-04-25 13:30:00,0.0002966499174235,-0.0008546446504739897,-0.0014796966547454564,complacency,10.76,12.85,0.8373540856031129,2.26,,1.06
2017-04-26 13:30:00,0.0011830052230552,0.0017411712802559826,-0.0012323863850279215,complacency,10.85,12.98,0.8359013867488443,2.27,,1.04
2017-04-27 13:30:00,-0.0008318401005391,-0.000945316455705242,8.687982743629677e-05,complacency,10.36,12.8,0.809375,2.28,,1.05
2017-04-28 13:30:00,0.0014877203908073,0.0020184249212854624,0.005638876359812629,complacency,10.82,12.93,0.8368136117556072,2.28,,1.01
2017-05-01 13:30:00,0.0032330758497017,0.0031280065465307816,0.003910785113651738,complacency,10.11,12.63,0.8004750593824227,2.29,,1.05
2017-05-02 13:30:00,0.012146807969273,0.013084256498716581,0.013817616762172538,complacency,10.59,12.83,0.8254091971940763,2.3,,1.02
2017-05-03 13:30:00,-0.0032543218785227,-0.00575723456024425,-0.0029897061871425735,complacency,10.68,13.09,0.8158899923605806,2.23,,1.03
2017-05-04 13:30:00,-0.0031234845290051,-0.0029700253729111055,-0.0019834938996774465,complacency,10.46,12.83,0.8152766952455184,2.25,,1.04
2017-05-05 13:30:00,0.0022294742095992,0.002135109343086846,0.0006900632476980291,complacency,10.57,12.85,0.8225680933852141,2.24,,1.04
2017-05-08 13:30:00,0.0024473781135008,0.0023847953862194565,0.004611421493400028,complacency,9.77,12.59,0.7760127084988085,2.23,,1.06
2017-05-09 13:30:00,0.0034025647723449,0.003165275648670809,0.0028604589359156863,complacency,9.96,12.71,0.7836349331235248,2.22,,1.05
2017-05-10 13:30:00,0.0108996635238532,0.011137715053236375,0.00945083188248147,complacency,10.21,12.91,0.7908597986057321,2.22,,1.06
2017-05-11 13:30:00,-0.0020911878290877,-0.0019355307452538105,-0.00011088070853266163,complacency,10.6,13.01,0.8147578785549577,2.24,,1.04
2017-05-12 13:30:00,-0.002238031543033,-0.0021247350848927374,-9.477486822609925e-06,complacency,10.4,12.97,0.8018504240555127,2.25,,1.04
2017-05-15 13:30:00,-0.003117015019183,-0.00318497005103016,-0.00403075178807576,complacency,10.42,12.78,0.8153364632237872,2.25,,1.03
2017-05-16 13:30:00,-0.0044457201516155,-0.004479511311428102,-0.0040210118614936305,complacency,10.65,12.65,0.841897233201581,2.24,,1.04
2017-05-17 13:30:00,-0.0003126671000743,0.00027838375362359674,-0.0002990893047316436,complacency,15.59,15.6,0.9993589743589744,2.26,,0.96
2017-05-18 13:30:00,-0.0012238160688229,-0.0015843731682005052,-0.0005767962961586722,complacency,14.66,14.97,0.9792919171676686,2.26,,0.96
2017-05-19 13:30:00,0.0048648840135782,0.003802015310033989,0.003815369586609909,complacency,12.04,13.49,0.8925129725722757,2.26,,0.95
2017-05-22 13:30:00,0.0015084796343483,0.0011801689643097229,0.000919601716956237,complacency,10.93,12.96,0.8433641975308641,2.24,,0.96
2017-05-23 13:30:00,-0.000947247015641,-0.000646012309892992,0.00013832198844574415,complacency,10.72,12.9,0.8310077519379845,2.22,,0.98
2017-05-24 13:30:00,9.96852470086006e-05,-0.0004929032102525465,0.0002820155760146492,complacency,10.02,12.59,0.795869737887212,2.25,,0.97
2017-05-25 13:30:00,0.0040608694435538,0.003394954287625611,0.004505650055302355,complacency,9.99,12.51,0.7985611510791367,2.24,,0.95
2017-05-26 13:30:00,-0.0025203801085433,-0.002601529466955599,-0.002558590917792793,complacency,9.81,12.44,0.7885852090032155,2.24,,0.95
2017-05-30 13:30:00,-0.0018133062885906,-0.002078931764844049,-0.0003989869084269765,complacency,10.38,12.74,0.814756671899529,2.25,,0.93
2017-05-31 13:30:00,-0.0054233591023374,-0.005744249278583342,-0.006119167751130166,complacency,10.41,12.63,0.8242280285035629,2.23,,0.93
2017-06-01 13:30:00,0.0113645202432683,0.011189419053532705,0.007896275123319875,complacency,9.89,12.42,0.7962962962962964,2.24,,0.93
2017-06-02 13:30:00,-0.0033100419891655,-0.004674397903708965,-0.005748260159453589,complacency,9.75,12.46,0.7825040128410914,2.24,,0.87
2017-06-05 13:30:00,-0.0001583777318244,-0.00010502779661970322,0.0016420261745258406,complacency,10.07,12.85,0.7836575875486381,2.24,,0.86
2017-06-06 13:30:00,0.0013681183931113,0.0013868528859850345,0.0010364100505328069,complacency,10.45,13.08,0.7989296636085627,2.25,,0.84
2017-06-07 13:30:00,0.0020991507076418,0.0022966387713047954,0.003121540879766095,complacency,10.39,13.09,0.7937356760886173,2.23,,0.86
2017-06-08 13:30:00,0.0051214326784686,0.005042650201695773,0.002146046343040945,complacency,10.16,12.76,0.7962382445141066,2.23,,0.86
2017-06-09 13:30:00,-0.0051545789530503,-0.004831815487237705,-0.008664279673951074,complacency,10.7,12.96,0.8256172839506172,2.21,,0.86
2017-06-12 13:30:00,-0.001759446254643,-0.0016401341022365499,-0.0017859257002391545,complacency,11.46,13.3,0.8616541353383459,2.22,,0.86
2017-06-13 13:30:00,0.0052838377052628,0.004893190519064866,0.0041048077278344475,complacency,10.42,12.73,0.8185388845247447,2.21,,0.83
2017-06-14 13:30:00,0.0008566802263305,0.0008435925790987579,0.0017463066466127358,complacency,10.64,12.77,0.8332028191072828,2.19,,0.8
2017-06-15 13:30:00,-0.0037141053371507,-0.0033686968735954525,-0.002463460464246288,complacency,10.9,12.91,0.8443067389620449,2.18,,0.81
2017-06-16 13:30:00,-0.0006605295549393,-0.0007854226504696994,0.00046756300595150475,complacency,10.38,12.71,0.8166797797010228,2.19,,0.84
2017-06-19 13:30:00,0.0014486184239878,0.0015659486682485255,0.0020718155778756005,complacency,10.37,12.4,0.8362903225806451,2.17,,0.83
2017-06-20 13:30:00,-0.007549985013715,-0.007566907612426432,-0.00690962264510509,complacency,10.86,12.69,0.8557919621749409,2.16,,0.8
2017-06-21 13:30:00,-0.0071600839844038,-0.006912035373797741,-0.005778394769177341,complacency,10.75,12.76,0.8424764890282131,2.15,,0.8
2017-06-22 13:30:00,0.0024776781844273,0.0020246213264782553,0.000907424485045679,complacency,10.48,12.62,0.8304278922345484,2.16,,0.81
2017-06-23 13:30:00,0.002913389410635,0.0030582258725934458,0.0014049697342757672,complacency,10.02,12.36,0.8106796116504854,2.15,,0.81
2017-06-26 13:30:00,-0.0008505040830735,-0.0007441557763786786,-0.0021457615502578323,complacency,9.9,12.27,0.8068459657701712,2.15,,0.78
2017-06-27 13:30:00,0.0008066346018977,0.0021881918635017353,0.0024692899727645923,complacency,11.06,12.96,0.8533950617283951,2.12,,0.83
2017-06-28 13:30:00,0.0072922310795431,0.005922063634524597,0.0055973724991022385,complacency,10.03,12.4,0.8088709677419355,2.14,,0.88
2017-06-29 13:30:00,-1.0398093944123318e-05,0.0017789737948321553,0.00048595630706552617,complacency,11.44,13.15,0.8699619771863117,2.11,,0.89
2017-06-30 13:30:00,0.0037256158219837,0.0038399942830873238,0.004218258182444607,complacency,11.18,13.14,0.8508371385083713,2.09,,0.93
2017-07-03 13:30:00,-0.0025370091843023,-0.0018936969901610298,-0.02193221866892441,complacency,11.22,13.31,0.8429752066115702,2.07,,0.94
2017-07-05 13:30:00,0.0005270835251834,0.00038827596136073076,0.0008860397188317718,complacency,11.07,13.31,0.8317054845980466,2.08,,0.92
2017-07-06 13:30:00,-0.0078137698336757,-0.007660233032706134,-0.006778080534949684,complacency,12.54,14.11,0.888731396172927,2.07,,0.97
2017-07-07 13:30:00,0.0069639096236434,0.005352801564298805,0.005162442979760547,complacency,11.19,13.52,0.8276627218934911,2.08,,0.99
2017-07-10 13:30:00,-0.004119796245594,-0.004138871886740556,-0.0031685726613505127,complacency,11.11,13.35,0.8322097378277153,2.08,,0.98
2017-07-11 13:30:00,0.0024259524327522,0.0021457197657323724,0.0016287836232367502,complacency,10.89,13.16,0.8275075987841946,2.08,,1.0
2017-07-12 13:30:00,0.0016045919759002,0.0005538639981777793,0.0004201934603123207,complacency,10.3,12.78,0.8059467918622849,2.09,,0.98
2017-07-13 13:30:00,-0.0039054295153196,-0.004268795927903381,-0.00388884191258167,complacency,9.9,12.55,0.7888446215139442,2.09,,0.98
2017-07-14 13:30:00,0.0005493335012122,0.00022454972444029274,0.0008457978539763687,complacency,9.51,12.23,0.7775960752248569,2.09,,0.98
2017-07-17 13:30:00,0.0008548514902014,0.0013770309791256798,0.0007175566989519772,complacency,9.82,12.28,0.7996742671009772,2.09,,0.95
2017-07-18 13:30:00,-0.0050336652460788,-0.0040874261285850306,-0.004165026377575256,complacency,9.89,12.25,0.8073469387755102,2.08,,0.91
2017-07-19 13:30:00,-0.0028401572020304,-0.002168901200614164,-0.0028768108410242407,complacency,9.79,12.0,0.8158333333333333,2.07,,0.9
2017-07-20 13:30:00,-0.0005296613878169,0.00045968683746740917,0.00042302906270358853,complacency,9.58,12.04,0.7956810631229236,2.05,,0.9
2017-07-21 13:30:00,-0.0024895505157074,-0.0025361121477785404,-0.0020404592794373844,complacency,9.36,12.06,0.7761194029850745,2.05,,0.88
2017-07-24 13:30:00,0.0044452480184196,0.0037960922690873015,0.0035449429628915414,complacency,9.43,12.04,0.7832225913621262,2.06,,0.89
2017-07-25 13:30:00,0.0025269971473264,0.0026233321916642894,0.0019437548665526098,complacency,9.43,12.05,0.7825726141078837,2.05,,0.93
2017-07-26 13:30:00,-0.0093638460553386,-0.010540114980411462,-0.009670129644261232,complacency,9.6,12.11,0.7927332782824112,2.07,,0.93
2017-07-27 13:30:00,-0.0086702869302769,-0.008526336299717982,-0.00708444952076061,complacency,10.11,12.42,0.8140096618357487,2.07,,0.96
2017-07-28 13:30:00,-0.0013479183738465,-0.000436029582795764,3.774770636463245e-05,complacency,10.29,12.58,0.8179650238473767,2.05,,0.96
2017-07-31 13:30:00,-0.0074023984562565,-0.007733550939007004,-0.006790295493939159,complacency,10.26,12.47,0.8227746591820368,2.06,,0.96
2017-08-01 13:30:00,-0.0016400045761911,-0.0013731168130833534,-0.001953947661706509,complacency,10.09,12.4,0.8137096774193548,2.06,,0.92
2017-08-02 13:30:00,-0.0051080539277599,-0.004405739477924962,-0.0012226020604931376,complacency,10.28,12.56,0.8184713375796178,2.05,,0.91
2017-08-03 13:30:00,0.0001008324835894,0.0004560207140945978,0.0012917275394231254,complacency,10.44,12.74,0.8194662480376765,2.05,,0.9
2017-08-04 13:30:00,-0.0004719915253031,-0.0011720583020580996,-0.002130895150146179,complacency,10.03,12.75,0.7866666666666666,2.05,,0.91
2017-08-07 13:30:00,0.0006519425512544,0.00027884543477453897,2.540009868620555e-07,complacency,9.93,12.66,0.7843601895734597,2.06,,0.9
2017-08-08 13:30:00,0.004249653306802,0.005054895264645751,0.004991111322796234,complacency,10.96,13.2,0.8303030303030304,2.07,,0.93
2017-08-09 13:30:00,-0.0082612284265615,-0.008734346338324154,-0.006381804561752704,complacency,11.11,13.49,0.8235730170496663,2.09,,0.91
2017-08-10 13:30:00,0.0021858735850333,0.008546655007655876,0.006186568622521011,normal,16.04,16.21,0.9895126465144971,2.11,,0.87
2017-08-11 13:30:00,0.0046843381423216,0.0034931761161635564,0.0034803188375631265,complacency,15.51,16.39,0.9463087248322147,2.12,,0.89
2017-08-14 13:30:00,0.0005391100223288,-0.0025317605220701225,-0.0039043560515336197,complacency,12.33,13.92,0.8857758620689655,2.11,,0.89
2017-08-15 13:30:00,-0.0003952407995688,-0.0007196479883842471,0.002999639991471498,complacency,12.04,13.9,0.8661870503597121,2.09,,0.92
2017-08-16 13:30:00,-0.0014132958425996,-0.001035149186597224,0.00032247141304958234,complacency,11.74,13.58,0.8645066273932254,2.09,,0.9
2017-08-17 13:30:00,0.0027077575243638,0.005861609327109999,0.0045048947986778545,complacency,15.55,16.14,0.9634448574969021,2.11,,0.87
2017-08-18 13:30:00,0.00298954128025,0.00212264892766424,0.0017738150893947897,complacency,14.26,15.65,0.9111821086261981,2.12,,0.86
2017-08-21 13:30:00,0.0007164068615951,0.00012267503932957035,0.0017553701059170755,complacency,13.19,14.99,0.8799199466310873,2.12,,0.86
2017-08-22 13:30:00,-0.0052673888860288,-0.0059084376129171995,-0.005539500833839149,complacency,11.35,13.63,0.8327219369038884,2.1,,0.89
2017-08-23 13:30:00,-2.5587060187444964e-05,5.286924248117976e-05,-0.001249042664384031,complacency,12.25,14.33,0.8548499651081647,2.12,,0.85
2017-08-24 13:30:00,-0.0042186444125287,-0.004520663068676534,-0.006944990257820437,complacency,12.23,14.39,0.8498957609451008,2.12,,0.86
2017-08-25 13:30:00,0.0005374988473267,0.001230873885947433,0.0020495088371488158,complacency,11.28,13.99,0.806290207290922,2.12,,0.82
2017-08-28 13:30:00,-0.0006303205820375,-0.0014032298544949875,-0.0038581757059282817,complacency,11.32,13.99,0.8091493924231594,2.13,,0.83
2017-08-29 13:30:00,-0.004520790345442,-0.004829187592727652,-0.005716428246613985,complacency,11.7,14.12,0.8286118980169972,2.15,,0.8
2017-08-30 13:30:00,-0.0025636848063376,-0.002740198147618158,-0.0032590884983464893,complacency,11.22,14.14,0.7934936350777935,2.14,,0.82
2017-08-31 13:30:00,0.0004896300952732,0.0009675361853324466,-0.0010436862183676818,complacency,10.59,13.8,0.767391304347826,2.14,,0.79
2017-09-01 13:30:00,0.0031515566535981,0.0020735128849006168,0.0019966325579994443,complacency,10.13,13.59,0.7454010301692422,2.15,,0.81
2017-09-05 13:30:00,0.0004327223058424,0.0015781271155931574,0.0016301497103126865,complacency,12.23,14.58,0.8388203017832647,2.16,,0.77
2017-09-06 13:30:00,-0.0042451942033524,-0.005487087915818159,-0.00400573817098246,complacency,11.63,14.4,0.8076388888888889,2.17,,0.8
2017-09-07 13:30:00,-0.0092555025371859,-0.008958462061429704,-0.008041973444578498,complacency,11.55,14.32,0.8065642458100559,2.17,,0.78
2017-09-08 13:30:00,0.0027645812813215,0.0025374589150527703,0.0024016196649182826,complacency,12.12,14.69,0.8250510551395507,2.17,,0.79
2017-09-11 13:30:00,0.0029273780151362,0.0030287282156198072,0.0035769380720902496,complacency,10.73,13.86,0.7741702741702743,2.15,,0.82
2017-09-12 13:30:00,-0.0033697046334243,-0.004618765734976998,-0.005441484429310691,complacency,10.58,13.56,0.7802359882005899,2.16,,0.84
2017-09-13 13:30:00,0.0011996475551214,0.002313543922167905,0.00029644416052820735,complacency,10.5,13.23,0.7936507936507936,2.13,,0.85
2017-09-14 13:30:00,-0.0027306144954336,-0.001063623874702743,-0.0011065369378976957,complacency,10.44,13.16,0.7933130699088146,2.11,,0.83
2017-09-15 13:30:00,-0.0012650822825379,-0.000261502218946221,-0.0019057569103331194,complacency,10.17,12.96,0.7847222222222222,2.1,,0.81
2017-09-18 13:30:00,-0.0045418035212557,-0.005134572253532175,-0.007892374780236874,complacency,10.15,12.69,0.7998423955870765,2.1,,0.83
2017-09-19 13:30:00,-0.0120836201562424,-0.012050511021012619,-0.012884813340281477,complacency,10.18,12.73,0.7996857816182246,2.09,,0.84
2017-09-20 13:30:00,0.0045540759465359,0.006005946776745248,0.005166747561234192,complacency,9.78,12.66,0.7725118483412322,2.06,,0.83
2017-09-21 13:30:00,0.0028146150794214,0.0032240931404416443,0.0026349760073804164,complacency,9.67,12.66,0.7638230647709321,2.05,,0.82
2017-09-22 13:30:00,0.0049485439389953,0.00526015840774723,0.004096165574097144,complacency,9.59,12.85,0.7463035019455253,2.05,,0.8
2017-09-25 13:30:00,-0.0047675599147938,-0.004731983700314351,-0.005309898198738595,complacency,10.21,13.06,0.7817764165390506,2.06,,0.78
2017-09-26 13:30:00,0.0076948010385158,0.007662466684937508,0.006840142654997875,complacency,10.17,13.02,0.7811059907834101,2.04,,0.79
2017-09-27 13:30:00,0.0074639058141089,0.007939267920276752,-4.292825587063568e-05,complacency,9.87,12.91,0.7645236250968241,2.06,,0.84
2017-09-28 13:30:00,0.0012891565851741,0.0011137845293213617,0.0008555280405290285,complacency,9.55,12.76,0.7484326018808778,2.05,,0.86
2017-09-29 13:30:00,7.076506817782491e-05,0.00036150416509651715,-0.00018832582667157834,complacency,9.51,12.49,0.7614091273018414,2.0,,0.86
2017-10-02 13:30:00,-0.0012580728335392,-0.0010237749922141644,-0.0238542363208637,complacency,9.45,12.36,0.7645631067961165,1.99,,0.85
2017-10-03 13:30:00,0.0027800909584479,0.0027028617674985374,0.00274757014362898,complacency,9.51,12.31,0.7725426482534524,2.0,,0.86
2017-10-04 13:30:00,-0.0052424395471939,-0.005119194749020966,-0.0022538076470339247,complacency,9.63,12.38,0.7778675282714055,2.01,,0.86
2017-10-05 13:30:00,-0.0001079422555184,-0.0001419649189398331,0.00044549375721841903,complacency,9.19,12.18,0.7545155993431856,2.0,,0.86
2017-10-06 13:30:00,-0.0011251965607948,-0.0010822859850147014,-0.0025290050026077386,complacency,9.65,12.44,0.7757234726688104,1.98,,0.83
2017-10-09 13:30:00,-0.0162253543537437,,,complacency,10.33,12.73,0.8114689709347996,,,
2017-10-10 13:30:00,-0.0062263119659142,,,complacency,10.08,12.47,0.8083400160384924,1.97,,0.84
2017-10-11 13:30:00,0.0008713653223621,0.00098645206011538,0.0015045368663980064,complacency,9.85,12.24,0.8047385620915032,1.97,,0.84
2017-10-12 13:30:00,-0.0014074106661234,-0.000936925179959913,-0.0006706893426043354,complacency,9.91,12.26,0.8083197389885808,1.97,,0.82
2017-10-13 13:30:00,-0.0056481586391096,-0.004294348461772199,-0.0037381038652646525,complacency,9.61,11.98,0.8021702838063438,1.97,,0.77
2017-10-16 13:30:00,0.0025743078600834,0.002719534228205301,0.002894291008834539,complacency,9.91,11.94,0.8299832495812396,1.97,,0.76
2017-10-17 13:30:00,0.0015532728041117,0.0007114251930210902,0.001650399678806373,complacency,10.31,12.05,0.8556016597510373,1.95,,0.76
2017-10-18 13:30:00,0.0056654550250788,0.00606753747678301,0.003843314452733197,complacency,10.07,11.92,0.8447986577181208,1.95,,0.75
2017-10-19 13:30:00,0.0049119853567193,0.00455355103914217,0.00605452564632618,complacency,10.05,11.96,0.8403010033444817,1.94,,0.75
2017-10-20 13:30:00,0.0102529038176053,0.009347196914617996,0.011239976664526393,complacency,9.97,11.85,0.8413502109704643,1.94,,0.79
2017-10-23 13:30:00,0.0036169976453138,0.0022843367833434575,0.0034036347119695736,complacency,11.07,12.55,0.8820717131474103,1.94,,0.8
2017-10-24 13:30:00,0.00158974356367,-8.906813201670625e-05,-0.0005045339789608819,complacency,11.16,12.67,0.8808208366219417,1.92,,0.82
2017-10-25 13:30:00,-0.004510049153077,-0.004963503539212589,-0.005253172767210234,complacency,11.23,12.95,0.8671814671814673,1.93,,0.83
2017-10-26 13:30:00,0.0097482345456579,0.009248337895400943,0.00895166118931145,complacency,11.3,12.93,0.8739365815931942,1.91,,0.83
2017-10-27 13:30:00,0.0091937147938416,0.011354479753980323,0.01080222147857205,complacency,9.8,12.23,0.8013082583810303,1.93,,0.83
2017-10-30 13:30:00,-0.0068302646759778,-0.005330009481965753,-0.004530710384126722,complacency,10.5,12.57,0.8353221957040573,1.92,,0.79
2017-10-31 13:30:00,0.0099361190467081,0.010586650708063703,0.008662217862398933,complacency,10.18,12.38,0.8222940226171244,1.91,,0.78
2017-11-01 13:30:00,-0.0144594527770954,-0.013219531639440117,-0.010576806148742375,complacency,10.2,12.57,0.8114558472553699,1.92,,0.76
2017-11-02 13:30:00,0.0047120733840327,0.005740352251334065,0.0034204787765025474,complacency,9.93,12.68,0.7831230283911672,1.91,,0.74
2017-11-03 13:30:00,-9.843270510315368e-05,0.0017876846287404064,0.002548888354278576,complacency,9.14,12.42,0.7359098228663447,1.91,,0.71
2017-11-06 14:30:00,-0.0045586306309822,-0.004378316952068038,-0.002410686927234708,complacency,9.4,12.57,0.7478122513922036,1.92,,0.71
2017-11-07 14:30:00,-0.0015086467220082,-0.0013092600430266766,0.002747539236002288,complacency,9.89,12.76,0.7750783699059561,1.9,,0.69
2017-11-08 14:30:00,-0.0011488428082232,0.0004092775262317999,0.000581735330837157,complacency,9.78,12.88,0.7593167701863353,1.92,,0.67
2017-11-09 14:30:00,0.0010437835336095,-0.00026933037883023554,0.0009376990072816247,complacency,10.5,13.14,0.7990867579908676,1.93,,0.7
2017-11-10 14:30:00,-0.0038486542837282,,,complacency,11.29,13.61,0.8295371050698016,,,0.73
2017-11-13 14:30:00,0.0064085931356951,,,complacency,11.5,13.75,0.8363636363636363,1.93,,0.7
2017-11-14 14:30:00,0.0015385313473563,0.0015655249146603282,0.0027999434561241454,complacency,11.59,13.93,0.8320172290021536,1.93,,0.7
2017-11-15 14:30:00,-0.0040310974144238,-0.0002509568775721262,-0.0030810133133112195,complacency,13.13,14.66,0.8956343792633016,1.95,,0.65
2017-11-16 14:30:00,0.0062427603021543,0.0033991672782657124,0.0010914025666544716,complacency,11.76,13.96,0.8424068767908309,1.92,,0.65
2017-11-17 14:30:00,-0.0008788747073737,0.0010662447473474706,0.0003093072622091051,complacency,11.43,13.8,0.8282608695652173,1.93,,0.62
2017-11-20 14:30:00,0.0021181888703011,0.0011286627522719193,-0.0015296521263702847,complacency,10.65,13.28,0.8019578313253013,1.91,,0.6
2017-11-21 14:30:00,0.0050256865262997,0.0026769124351548406,-0.00040602520173502795,complacency,9.73,12.55,0.7752988047808765,1.88,,0.59
2017-11-22 14:30:00,0.0047709850673341,0.007514905977769287,0.00810627956609692,complacency,9.88,12.44,0.7942122186495177,1.91,,0.58
2017-11-24 14:30:00,-0.000358804887268,-0.0016631433292146386,-0.0015194121431881624,complacency,9.67,12.42,0.7785829307568438,1.9,,0.59
2017-11-27 14:30:00,0.0007254685131501,0.0029620927242853885,0.0037375182437454596,complacency,9.87,12.57,0.7852028639618137,1.93,,0.58
2017-11-28 14:30:00,-0.0026477436388245,-0.0038364335185881227,-0.005784577492091747,complacency,10.03,12.27,0.817440912795436,1.91,,0.59
2017-11-29 14:30:00,0.0109603523005399,0.012304777814273159,0.01282646217881801,complacency,10.7,12.82,0.8346333853354133,1.92,,0.59
2017-11-30 14:30:00,0.0001316364033759,-0.0033632224659090985,-0.0011442207717047685,complacency,11.28,13.04,0.8650306748466258,1.88,,0.64
2017-12-01 14:30:00,-0.0054774873968352,-0.0017118067224705922,-0.0018319596203864984,complacency,11.43,13.28,0.8606927710843374,1.87,,0.59
2017-12-04 14:30:00,0.0047527674812391,0.006718360671452164,0.00806984943316594,complacency,11.68,13.55,0.8619926199261992,1.87,,0.57
2017-12-05 14:30:00,-0.0019153344573996,-0.00023539567004375746,0.0005312585461413929,complacency,11.33,13.54,0.8367799113737076,1.84,,0.53
2017-12-06 14:30:00,0.0009683935003204,-0.001216292686078268,0.00017729276934385046,complacency,11.02,13.45,0.8193308550185874,1.86,,0.55
2017-12-07 14:30:00,0.0015687853373373,-0.0022040215914893163,-0.0018797817223378428,complacency,10.16,12.93,0.785769528228925,1.88,,0.57
2017-12-08 14:30:00,-0.0075912927369797,-0.00979484108098798,-0.007932090423302248,complacency,9.58,12.46,0.768860353130016,1.87,,0.58
2017-12-11 14:30:00,-0.0042563278324333,-0.004238056105359835,-0.00377009750296968,complacency,9.34,12.28,0.760586319218241,1.85,,0.57
2017-12-12 14:30:00,0.0042715060070189,0.005442087119023941,0.005833796172287609,complacency,9.92,12.48,0.7948717948717948,1.84,,0.57
2017-12-13 14:30:00,-0.0017832262931492,-0.0013288302424828064,-0.004712484711741341,complacency,10.18,12.5,0.8144,1.83,,0.57
2017-12-14 14:30:00,-0.0019200840939391,0.001794733714805002,0.0026306924567176823,complacency,10.49,12.8,0.8195312499999999,1.82,,0.53
2017-12-15 14:30:00,0.0032656244341458,0.0029721279192996943,0.001971425744395435,complacency,9.42,12.08,0.7798013245033113,1.8,,0.51
2017-12-18 14:30:00,0.0017818598601477,-0.001189135923107265,-0.002981907325487555,complacency,9.53,12.07,0.7895608947804473,1.81,,0.55
2017-12-19 14:30:00,0.0041591370916549,0.001915680089049293,0.0035061522705298314,complacency,10.03,12.51,0.8017585931254996,1.81,,0.59
2017-12-20 14:30:00,0.0006019450324065,-0.0022327106545118845,-0.0019742569790890284,complacency,9.72,12.37,0.7857720291026679,1.82,,0.62
2017-12-21 14:30:00,0.0003878243812051,0.0023797850657590073,0.0010852384876442172,complacency,9.62,12.35,0.7789473684210526,1.79,,0.59
2017-12-22 14:30:00,-4.160892899692556e-05,0.0017482646199277062,0.0025061047179285984,complacency,9.9,12.49,0.7926341072858287,1.79,,0.57
2017-12-26 14:30:00,-0.0009288972027272,0.0009403946387384237,0.000835861878170999,complacency,10.25,12.62,0.812202852614897,1.78,,0.55
2017-12-27 14:30:00,-0.0007133299728342,0.00080630647648794,0.0007986260686341219,complacency,10.47,12.65,0.8276679841897233,1.76,,0.53
2017-12-28 14:30:00,0.00071137662568,0.0009327901252467669,0.0004622156545783784,complacency,10.18,12.76,0.7978056426332288,1.76,,0.52
2017-12-29 14:30:00,0.0023099709627664,0.004493629067987873,0.005362532113351297,complacency,11.04,13.09,0.8433919022154316,1.77,,0.51
2018-01-02 14:30:00,-0.0012236051152494,-0.0050651044394023235,-0.02080532655122891,complacency,9.77,12.61,0.774781919111816,1.78,,0.54
2018-01-03 14:30:00,-0.0079833543780434,-0.006233350017286397,-0.003953568970375189,complacency,9.15,12.32,0.7426948051948052,1.77,,0.5
2018-01-04 14:30:00,0.004201689189684,0.004067765542458984,0.004321520523800062,complacency,9.22,12.24,0.7532679738562091,1.75,,0.5
2018-01-05 14:30:00,0.0040944560035172,0.003509986337188828,0.004560058812865423,complacency,9.22,12.06,0.7645107794361526,1.76,,0.51
2018-01-08 14:30:00,-0.0007674789070604,-0.0022014320739181764,-0.0015637551677139911,complacency,9.52,12.15,0.7835390946502057,1.74,,0.53
2018-01-09 14:30:00,-0.0041497506017764,-0.006452779458532761,-0.006394126026095446,complacency,10.08,12.41,0.8122481869460113,1.74,,0.57
2018-01-10 14:30:00,-0.0024994416502533,-0.0028452349069975373,-0.003958369485524398,complacency,9.82,12.36,0.7944983818770227,1.73,,0.57
2018-01-11 14:30:00,0.0102311780013551,0.010717671214667338,0.007870671325785906,complacency,9.88,12.16,0.8125,1.69,,0.56
2018-01-12 14:30:00,0.0016805505318371,0.001723000484459199,0.002492155157545977,complacency,10.16,12.2,0.8327868852459017,1.68,,0.56
2018-01-16 14:30:00,-0.0007207591899433,0.003019482516180528,0.003732821211175455,complacency,11.66,13.23,0.8813303099017384,1.66,,0.51
2018-01-17 14:30:00,-0.0013723896594103,-0.0016819855820048874,-0.0025451362053985445,complacency,11.91,13.25,0.8988679245283019,1.66,,0.52
2018-01-18 14:30:00,0.0008538541063828,-0.0019575156844920836,-0.00012097089952729431,complacency,12.22,13.58,0.8998527245949927,1.64,,0.57
2018-01-19 14:30:00,0.0025896324255878,0.0013540246354299054,-0.000363088462864947,complacency,11.27,13.04,0.8642638036809817,1.64,,0.58
2018-01-22 14:30:00,-0.0034299156368797,-0.0037028590459811128,-0.0025116427470718837,complacency,11.03,12.99,0.8491147036181678,1.64,,0.58
2018-01-23 14:30:00,0.0007759889034776,0.0012052722450564349,0.0008428667355244075,complacency,11.1,13.22,0.8396369137670197,1.64,,0.57
2018-01-24 14:30:00,0.0039164837457679,0.004539622069317982,0.0073616747088165934,complacency,11.47,13.53,0.8477457501847747,1.65,,0.57
2018-01-25 14:30:00,5.533436652065821e-05,0.00046573128917401166,3.890348767387401e-05,complacency,11.58,13.68,0.8464912280701755,1.61,,0.55
2018-01-26 14:30:00,-0.0105792118025891,-0.010300531326330803,-0.006892145815461211,complacency,11.08,13.46,0.8231797919762258,1.6,,0.53
2018-01-29 14:30:00,0.003226336473075,0.0006778850186343749,-0.004068148498068526,complacency,13.84,14.99,0.923282188125417,1.59,,0.59
2018-01-30 14:30:00,0.0022739836310404,0.0016951957035789018,0.00031464503265389316,complacency,14.79,15.83,0.9343019583070119,1.59,,0.6
2018-01-31 14:30:00,0.0069416820084426,0.007633674271844863,0.010286638193951998,complacency,13.54,14.9,0.9087248322147651,1.56,,0.58
2018-02-01 14:30:00,-0.0051485449188796,-0.006429045941016683,-0.007582599493699406,complacency,13.47,14.72,0.9150815217391305,1.56,,0.62
2018-02-02 14:30:00,-0.0061443768583568,-0.007829923652012329,-0.009191888207221506,stress,17.31,17.03,1.016441573693482,1.58,,0.69
2018-02-05 14:30:00,0.0012416012535998,0.013165339294992574,0.009736311686109462,stress,37.32,28.13,1.326697476004266,1.63,,0.69
2018-02-06 14:30:00,0.0035198121888626,0.0034459848321740927,0.003993177191815052,stress,29.98,23.75,1.2623157894736843,1.61,,0.69
2018-02-07 14:30:00,0.0003786849796036,0.0004983346331422468,-0.00011960089752551586,stress,27.73,23.03,1.2040816326530612,1.62,,0.69
2018-02-08 14:30:00,0.001241501583465,0.0011775896321299635,0.00022492853284436357,stress,33.46,27.33,1.2242956458104648,1.63,,0.72
2018-02-09 14:30:00,-0.0016733917344015,-0.00174964439541168,-0.0008241433974033461,stress,29.06,24.92,1.1661316211878008,1.67,,0.78
2018-02-12 14:30:00,-0.0002273218871685,-0.0007042414731355932,-0.0001499209112209993,stress,25.61,22.86,1.1202974628171478,1.64,,0.77
2018-02-13 14:30:00,-0.0024740854909957,-0.0010220343134311675,-0.001321227056013246,stress,24.97,22.65,1.1024282560706402,1.69,,0.73
2018-02-14 14:30:00,0.0020729878515084,0.0016172581181626627,0.0012134238100561237,normal,19.26,19.34,0.9958634953464324,1.66,,0.74
2018-02-15 14:30:00,-0.0024185027171339,-0.0026822318868232444,-0.0027793843723134468,stress,19.13,19.08,1.0026205450733754,1.63,,0.71
2018-02-16 14:30:00,0.0027758081490331,0.003484241554430621,0.002705056950510944,stress,19.46,19.17,1.015127803860198,1.66,,0.66
2018-02-20 14:30:00,0.002074818141027,0.002227763151088885,0.0024212445463337863,stress,20.6,20.01,1.0294852573713142,1.67,,0.63
2018-02-21 14:30:00,0.0058532000257896,0.005714621014551445,0.004964432973352526,stress,20.02,20.03,0.9995007488766849,1.67,,0.68
2018-02-22 14:30:00,-0.0048941186707061,-0.004708847883284291,-0.0044118180930617255,normal,18.72,19.06,0.9821615949632739,1.68,,0.67
2018-02-23 14:30:00,-0.004530101951197,-0.003985372343496059,-0.003798571305423963,normal,16.49,17.5,0.9422857142857142,1.68,,0.63
2018-02-26 14:30:00,-0.0010381133874504,-0.0008392138208034537,-0.0005874506117250816,complacency,15.8,16.92,0.9338061465721039,1.7,,0.64
2018-02-27 14:30:00,0.0108369826072854,0.010612544966618226,0.010842823873361359,normal,18.59,19.02,0.9773922187171399,1.69,,0.63
2018-02-28 14:30:00,-0.0024723787257409,-0.0027997347073792033,-0.0018434399924442423,normal,19.85,19.89,0.9979889391654098,1.68,,0.62
2018-03-01 14:30:00,-0.005144032926218,-0.0035205318779124423,-0.005540046327923388,stress,22.47,21.42,1.049019607843137,1.72,,0.59
2018-03-02 14:30:00,0.0049412301517426,0.005000262615644448,0.0036685438541042095,normal,19.59,19.86,0.9864048338368581,1.72,,0.61
2018-03-05 14:30:00,0.0012143714802897,0.0006801995104185733,0.001559075660715824,normal,18.73,19.21,0.9750130140551796,1.72,,0.64
2018-03-06 14:30:00,0.008009046725595,0.009595477232300306,0.008267503791076703,normal,18.36,19.24,0.9542619542619543,1.75,,0.63
2018-03-07 14:30:00,0.0029238803063489,0.0034286214789086182,0.0009623638662249125,normal,17.76,18.84,0.9426751592356689,1.77,,0.64
2018-03-08 14:30:00,-0.0044615658385153,-0.0036324594484223333,-0.0022190722345053733,normal,16.54,18.18,0.9097909790979097,1.78,,0.61
2018-03-09 14:30:00,0.0022966320724785,0.0017077796955360155,0.001678930659074925,complacency,14.64,17.01,0.8606701940035273,1.77,,0.63
2018-03-12 13:30:00,0.0022737632394271,0.0035583314278278136,0.0026800944495743682,complacency,15.78,17.8,0.8865168539325842,1.79,,0.6
2018-03-13 13:30:00,-0.0078120407456464,-0.007160893789246653,-0.007088472370142595,normal,16.35,18.05,0.9058171745152355,1.8,,0.58
2018-03-14 13:30:00,-0.0002220952798387,0.0003244024611523842,-0.0003095773998707529,normal,17.23,18.78,0.917465388711395,1.8,,0.55
2018-03-15 13:30:00,0.0055500618792436,0.006397606289745268,0.0070365255034805846,normal,16.59,18.21,0.9110378912685337,1.81,,0.53
2018-03-16 13:30:00,-0.0006677742435628,-0.001488519956693884,-0.0018772239247752836,complacency,15.8,17.74,0.890642615558061,1.79,,0.54
2018-03-19 13:30:00,-0.0002664919631029,-0.00015972570230130087,-0.0005129533796796478,normal,19.02,19.38,0.9814241486068112,1.8,,0.54
2018-03-20 13:30:00,-0.0024707963664613,-0.0028861754312565374,-0.0024830363068187576,normal,18.2,18.88,0.9639830508474576,1.79,,0.55
2018-03-21 13:30:00,0.0033976614739358,0.004028690343989691,0.002800295763756584,normal,17.86,18.71,0.9545697487974345,1.82,,0.58
2018-03-22 13:30:00,0.0071968870204156,0.008022193879893105,0.007772413331260294,stress,23.34,21.66,1.077562326869806,1.84,,0.54
2018-03-23 13:30:00,-0.0018444801987212,-0.0012635872732587917,-8.718307348543303e-05,stress,24.87,22.79,1.091268100043879,1.87,,0.54
2018-03-26 13:30:00,-0.0016835020889297,-0.0019333108506200856,-0.0020391268102118486,stress,21.03,20.7,1.0159420289855072,1.84,,0.52
2018-03-27 13:30:00,7.870575364676488e-05,0.00043376344790459074,0.0032240964096313814,stress,22.5,21.94,1.0255241567912488,1.86,,0.52
2018-03-28 13:30:00,-0.0011146774393171,-0.0009244920960187777,-0.0014201174365165944,stress,22.87,22.31,1.0251008516360378,1.86,,0.49
2018-03-29 13:30:00,0.0026800643235268,0.0029481793437502015,0.0035999642194307954,normal,19.97,20.55,0.9717761557177614,1.85,,0.47
2018-04-02 13:30:00,-0.0020489459187574,,,stress,23.62,22.57,1.0465219317678334,1.86,,0.48
2018-04-03 13:30:00,0.006872994788867,0.006479375245803166,0.005914177337312373,stress,21.1,21.02,1.0038058991436727,1.84,,0.51
2018-04-04 13:30:00,-0.0018253963814639,-0.0014180710070446005,-0.0018205399074398417,stress,20.06,20.42,0.9823702252693436,1.85,,0.51
2018-04-05 13:30:00,0.0119282773415758,0.01160079542722059,0.011409056257536538,normal,18.94,19.61,0.9658337582865886,1.84,,0.53
2018-04-06 13:30:00,-0.0014868409141569,-0.0014175859084246283,-0.0021877331817591523,stress,21.49,21.2,1.0136792452830188,1.84,,0.5
2018-04-09 13:30:00,-0.0043222660583278,-0.004587773045731297,-0.004078257122504292,stress,21.77,21.23,1.0254357041921809,1.83,,0.49
2018-04-10 13:30:00,-0.0044335953772423,-0.005326220523728065,-0.006915705033842404,stress,20.47,20.4,1.0034313725490196,1.8,,0.48
2018-04-11 13:30:00,-0.0011113405016716,-0.0008965420372504693,-0.00234736412352535,stress,20.24,20.37,0.9936180657830141,1.8,,0.47
2018-04-12 13:30:00,0.0040016454013609,0.003512749394149016,0.0034919111665773703,normal,18.49,19.28,0.95902489626556,1.79,,0.49
2018-04-13 13:30:00,-0.0030898921684357,-0.0021857568622997165,-0.0018162975051067758,normal,17.41,18.55,0.938544474393531,1.79,,0.45
2018-04-16 13:30:00,0.011095081367696,0.01105056622525886,0.010893279470497626,normal,16.56,17.82,0.9292929292929292,1.77,,0.44
2018-04-17 13:30:00,0.003250060527358,0.003776794043416342,0.0033397427994190337,complacency,15.25,16.8,0.9077380952380952,1.76,,0.41
2018-04-18 13:30:00,0.0079062655093218,0.007011137989572395,0.007007092744954079,complacency,15.6,16.8,0.9285714285714285,1.76,,0.45
2018-04-19 13:30:00,0.0002113760685221,-0.0003454457244903992,0.0001989463438405146,complacency,15.96,17.12,0.9322429906542056,1.77,,0.48
2018-04-20 13:30:00,-0.0003824697662088,-0.0006755632625959319,-0.0010247125343418543,normal,16.88,17.72,0.9525959367945824,1.78,,0.5
2018-04-23 13:30:00,-0.0021833696557709,-0.0025428960296607845,-0.002422513390849396,normal,16.34,17.35,0.94178674351585,1.76,,0.49
2018-04-24 13:30:00,-7.461550711812797e-05,-0.0006584343717550815,-0.0017081210566627083,normal,18.02,18.23,0.988480526604498,1.77,,0.52
2018-04-25 13:30:00,0.0019366249588587,0.0027379289572176343,0.0037533380496127733,normal,17.84,18.23,0.9786066922654965,1.8,,0.54
2018-04-26 13:30:00,-0.0080996244006275,-0.0073636481446845885,-0.006987042138050776,normal,16.24,17.29,0.9392712550607287,1.8,,0.51
2018-04-27 13:30:00,0.0033306291699012,0.0044498014531639575,0.004792359035892094,complacency,15.41,17.08,0.902224824355972,1.8,,0.47
2018-04-30 13:30:00,0.0015779841670415,0.0015092460890256732,0.0015148326829004847,complacency,15.93,17.34,0.9186851211072664,1.79,,0.46
2018-05-01 13:30:00,0.0067287375563901,0.007373734705189156,0.006486361831405383,complacency,15.49,16.91,0.9160260201064458,1.82,,0.47
2018-05-02 13:30:00,0.0139004631980973,0.013532448826346348,0.010490216294517749,complacency,15.97,17.26,0.925260718424102,1.83,,0.48
2018-05-03 13:30:00,0.0026425870668997,0.0050245754162316384,0.005218207250434696,complacency,15.9,17.03,0.9336465061655901,1.86,,0.45
2018-05-04 13:30:00,0.0012788217850337,0.0022120664997474708,0.0012573560554187528,complacency,14.77,16.65,0.8870870870870872,1.86,,0.44
2018-05-07 13:30:00,0.0007104642982741,-0.0002684408306164759,-0.002699236713603782,complacency,14.75,16.65,0.885885885885886,1.87,,0.46
2018-05-08 13:30:00,4.5042613504473264e-05,6.333229536334592e-05,-0.001992357540934772,complacency,14.71,16.48,0.8925970873786409,1.87,,0.46
2018-05-09 13:30:00,-0.0008124987900615,-0.00046194920692992,0.00014871055168828645,complacency,13.42,15.78,0.8504435994930292,1.86,,0.46
2018-05-10 13:30:00,0.0060880824777377,0.008152247907972017,0.008493920516140509,complacency,13.23,15.24,0.8681102362204725,1.84,,0.43
2018-05-11 13:30:00,-0.0066039887073798,-0.006596032362322738,-0.007293136021169589,complacency,12.65,14.82,0.8535762483130904,1.82,,0.43
2018-05-14 13:30:00,0.0009104335366069,-0.0003497658514141986,0.0010001420628978292,complacency,12.93,14.53,0.8898830006882312,1.81,,0.45
2018-05-15 13:30:00,0.0019706371573796,-0.0014594835474648496,-0.00219333232198942,complacency,14.63,15.79,0.9265357821405954,1.81,,0.5
2018-05-16 13:30:00,0.0045973037620858,0.00433382662083089,0.003313338338268281,complacency,13.42,15.14,0.8863936591809775,1.8,,0.51
2018-05-17 13:30:00,0.0030401338012521,0.0013316773381323922,0.0012813082547025617,complacency,13.43,15.02,0.8941411451398136,1.82,,0.54
2018-05-18 13:30:00,0.002086827341868,0.003898957503661024,0.002670575070732851,complacency,13.42,15.19,0.8834759710335748,1.83,,0.51
2018-05-21 13:30:00,0.0025452984439171,0.004247793139535283,0.003767635886810219,complacency,13.08,14.69,0.8904016337644657,1.83,,0.48
2018-05-22 13:30:00,-0.0036728006285147,-0.003215603516915893,-0.0025092683162820806,complacency,13.22,14.88,0.8884408602150538,1.83,,0.47
2018-05-23 13:30:00,-0.0010275280149414,-0.001570610167342907,-0.0012308232218590709,complacency,12.58,14.48,0.8687845303867403,1.84,,0.48
2018-05-24 13:30:00,0.0022898589663491,0.0022782425162796494,0.0020982597764794206,complacency,12.53,14.43,0.8683298683298682,1.84,,0.48
2018-05-25 13:30:00,0.0037792548181814,0.0050914859953205705,0.0047150673765891,complacency,13.22,14.83,0.8914362778152394,1.85,,0.45
2018-05-29 13:30:00,0.0010883159934319,-0.002866591530198729,-0.004769010455385704,normal,17.02,17.13,0.9935785172212493,1.96,,0.45
2018-05-30 13:30:00,0.0033244092923053,0.005358334443386248,0.002666276854437589,complacency,14.94,16.0,0.93375,1.91,,0.42
2018-05-31 13:30:00,-0.0066232589711127,-0.006761372349388604,-0.006496462218870545,complacency,15.43,16.33,0.9448867115737907,1.89,,0.43
2018-06-01 13:30:00,-0.0017298755981287,-0.0016411335574752215,-0.0011727648700050638,complacency,13.46,15.27,0.8814669286182057,1.9,,0.42
2018-06-04 13:30:00,0.0036479079943964,0.003825983094544056,0.003153937434421277,complacency,12.74,14.9,0.8550335570469798,1.88,,0.42
2018-06-05 13:30:00,0.0070845473805849,0.006533665845055105,0.004888094028013769,complacency,12.4,14.72,0.842391304347826,1.9,,0.43
2018-06-06 13:30:00,0.0007073034261357,-0.00018673017215418964,0.0004985378419265598,complacency,11.64,14.19,0.8202959830866808,1.91,,0.45
2018-06-07 13:30:00,-0.0067463508093225,-0.005747434320493989,-0.004106108791921308,complacency,12.13,14.43,0.8406098406098407,1.89,,0.43
2018-06-08 13:30:00,0.0037854145659519,0.003540137145146227,0.003628291653629832,complacency,12.18,14.6,0.8342465753424657,1.9,,0.43
2018-06-11 13:30:00,0.0094765452089387,0.009460048084518542,0.00955116483332829,complacency,12.35,14.55,0.8487972508591065,1.89,,0.44
2018-06-12 13:30:00,0.0016747823220998,0.002596285391209089,0.00039389886431435896,complacency,12.34,14.59,0.8457847840986977,1.88,,0.42
2018-06-13 13:30:00,0.0026593665633892,0.003985112326258027,0.004052561290687477,complacency,12.94,14.92,0.8672922252010724,1.87,,0.39
2018-06-14 13:30:00,0.0004369076281098,0.0018491900956617946,-0.0005667016040338924,complacency,12.12,14.4,0.8416666666666666,1.88,,0.35
2018-06-15 13:30:00,4.518206650982125e-05,-0.00103199690816272,-0.0014814189094255576,complacency,11.98,14.42,0.8307905686546464,1.87,,0.38
2018-06-18 13:30:00,0.0043751328315668,0.0047688404079371085,0.0019172506746654057,complacency,12.31,14.48,0.8501381215469613,1.9,,0.36
2018-06-19 13:30:00,-0.0004669863454348,0.0003268475800408992,-0.0009336418313389565,complacency,13.35,15.17,0.8800263678312459,1.91,,0.35
2018-06-20 13:30:00,0.004233400312625,0.00270906420023748,-7.616657098908491e-05,complacency,12.79,14.79,0.8647734956051386,1.92,,0.37
2018-06-21 13:30:00,0.0008202200172927,0.0026505611674166804,0.004612298877569772,complacency,14.64,15.87,0.9224952741020794,1.95,,0.34
2018-06-22 13:30:00,-0.0005195784272928,-0.0017651791933115852,0.00020438333990233874,complacency,13.77,15.5,0.8883870967741935,1.97,,0.34
2018-06-25 13:30:00,-0.0047426952389567,-0.0026510808755562288,-0.0005293861600158042,normal,17.33,17.52,0.9891552511415524,1.99,,0.33
2018-06-26 13:30:00,0.0027658971517582,0.0007101459328512465,-0.0005619988015889616,complacency,15.92,16.87,0.943687018375815,1.99,,0.35
2018-06-27 13:30:00,-0.0058499273089902,-0.002169523338670927,0.0006423681672795027,normal,17.91,18.05,0.9922437673130193,1.98,,0.31
2018-06-28 13:30:00,-0.0047859337665534,-0.006857252064587892,-0.0048866521212067955,normal,16.85,17.52,0.96175799086758,2.0,,0.32
2018-06-29 13:30:00,-0.0058626396915783,-0.0065793728305401835,-0.005810596448965689,normal,16.09,17.14,0.9387397899649941,1.99,,0.33
2018-07-02 13:30:00,0.001417474345111,0.002742766163479328,-0.02824480068900841,complacency,15.6,16.95,0.9203539823008849,1.97,,0.3
2018-07-03 13:30:00,0.0033224070249788,0.0029879471428009906,0.00124108935421537,normal,16.14,17.35,0.9302593659942363,1.99,,0.3
2018-07-05 13:30:00,-0.0005819450251432,0.0003019858955524584,-0.002088855671749856,complacency,14.97,16.53,0.9056261343012704,1.95,,0.29
2018-07-06 13:30:00,-0.0038470105140456,-0.005039726861789635,-0.005040050680216598,complacency,13.37,15.71,0.8510502864417567,1.96,,0.29
2018-07-09 13:30:00,0.0027292872773874,0.0030859783160370733,0.0032734667907173944,complacency,12.69,14.87,0.8533960995292535,1.93,,0.29
2018-07-10 13:30:00,-0.0010266879319967,-0.0004085443746551568,0.0025059448230798855,complacency,12.64,14.71,0.8592794017675051,1.91,,0.28
2018-07-11 13:30:00,-0.0002797361008574,0.00035951155200197464,0.00029286054541822316,complacency,13.63,15.38,0.8862158647594278,1.91,,0.27
2018-07-12 13:30:00,0.0007789537892419,0.0011242084815523063,0.0010250199865129142,complacency,12.58,14.76,0.8523035230352304,1.9,,0.25
2018-07-13 13:30:00,0.0006482937118274,0.0007693626059153294,0.0024685140461072567,complacency,12.18,14.54,0.8376891334250344,1.9,,0.24
2018-07-16 13:30:00,-0.0021483646426537,-0.0025145190733628173,-0.0015152522253194332,complacency,12.83,14.85,0.863973063973064,1.91,,0.26
2018-07-17 13:30:00,-0.0009367929901804,-0.0006638852186910008,-0.0019023767818822515,complacency,12.06,14.4,0.8375,1.9,,0.24
2018-07-18 13:30:00,-0.0014258135430588,-0.0017365494510568787,-0.0012527886711594276,complacency,12.1,14.39,0.8408617095205003,1.89,,0.28
2018-07-19 13:30:00,0.0052157788425362,0.005672126428458985,0.0014232609163311203,complacency,12.87,14.97,0.8597194388777554,1.9,,0.24
2018-07-20 13:30:00,-0.0012560535752613,-0.0018796984352702595,-0.00046310203829805045,complacency,12.86,15.08,0.8527851458885941,1.91,,0.29
2018-07-23 13:30:00,0.0101706946377767,0.010060494111564962,0.009957572373113883,complacency,12.62,14.86,0.8492597577388964,1.91,,0.32
2018-07-24 13:30:00,-0.0157465077951495,-0.01474679919731602,-0.010742348232695653,complacency,12.41,14.7,0.84421768707483,1.88,,0.32
2018-07-25 13:30:00,0.0048470454514007,0.005374189619329471,0.007714763490961523,complacency,12.29,14.55,0.8446735395189002,1.87,,0.28
2018-07-26 13:30:00,0.0069672193456733,0.008056702959737474,0.006429448281569422,complacency,12.14,14.4,0.8430555555555556,1.85,,0.29
2018-07-27 13:30:00,-0.0067990592925042,-0.005776671551405134,0.0009000646517697821,complacency,13.03,15.0,0.8686666666666666,1.84,,0.29
2018-07-30 13:30:00,-0.0034739147648175,-0.002120223754497094,-0.001509250114432498,complacency,14.26,15.66,0.9106002554278416,1.84,,0.32
2018-07-31 13:30:00,-0.0038679675130765,-0.005053345723390971,-0.006601570398512398,complacency,12.83,14.87,0.8628110289172831,1.83,,0.29
2018-08-01 13:30:00,0.0033166447944176,0.0038453770067247307,0.0012081215822205373,complacency,13.15,15.22,0.8639947437582128,1.83,,0.33
2018-08-02 13:30:00,0.007368101389031,0.006114068786802448,0.0054148182935834,complacency,12.19,14.76,0.825880758807588,1.84,,0.32
2018-08-03 13:30:00,0.001610657475651,0.0011073929411770942,0.005992336742676282,complacency,11.64,14.49,0.8033126293995859,1.84,,0.32
2018-08-06 13:30:00,0.0008653015492961,0.0015086487356801136,-0.0006625659229425052,complacency,11.27,14.23,0.791988756148981,1.82,,0.3
2018-08-07 13:30:00,-0.0078734338820772,-0.008209906187805606,-0.008168202558478974,complacency,10.93,13.93,0.7846374730796841,1.82,,0.3
2018-08-08 13:30:00,0.0012577205763867,0.00018119078091939633,0.0005926268179659413,complacency,10.85,13.96,0.7772206303724928,1.84,,0.28
2018-08-09 13:30:00,0.004524303010529,0.004395449895702219,0.0027131722011842635,complacency,11.27,14.13,0.7975937721160651,1.85,,0.29
2018-08-10 13:30:00,0.0002983712555232,0.0010494043379856836,-0.001251892412137458,complacency,13.16,15.22,0.8646517739816031,1.87,,0.26
2018-08-13 13:30:00,0.0002174720124698,-0.0003997558305780377,0.0008093105786844712,complacency,14.78,16.21,0.9117828500925353,1.91,,0.27
2018-08-14 13:30:00,0.0057135145046666,0.0047321768425824615,0.004379532731075315,complacency,13.31,15.35,0.8671009771986972,1.9,,0.26
2018-08-15 13:30:00,-0.0003052714865412,0.0010379998263113856,0.003309816041340732,complacency,14.64,16.19,0.9042618900555899,1.9,,0.25
2018-08-16 13:30:00,0.000877157098204,0.00010776942379830446,-0.00018124814418251224,complacency,13.45,15.51,0.8671824629271437,1.89,,0.24
2018-08-17 13:30:00,0.0026781615252513,0.0020013742088141164,0.002735447309305951,complacency,12.64,15.17,0.8332234673698089,1.89,,0.26
2018-08-20 13:30:00,-0.0002706894701459,-0.0006594120975224398,0.0004940471695826945,complacency,12.49,15.0,0.8326666666666667,1.89,,0.22
2018-08-21 13:30:00,0.0022716340779015,0.003323307025260673,-0.0016369917692397587,complacency,12.86,15.19,0.8466096115865701,1.88,,0.24
2018-08-22 13:30:00,0.0010523885317177,-0.0011532934234985343,-0.0018015500539325967,complacency,12.25,15.08,0.8123342175066313,1.91,,0.22
2018-08-23 13:30:00,0.0018593633771218,0.0025999445177382506,0.002643524421824337,complacency,12.41,15.06,0.8240371845949535,1.9,,0.21
2018-08-24 13:30:00,0.000843599499051,0.0005847516251594154,0.0008435017338137292,complacency,11.99,14.82,0.8090418353576249,1.9,,0.19
2018-08-27 13:30:00,0.0003878536605329,0.0011672741767437145,0.0028988973893628147,complacency,12.16,14.79,0.8221771467207574,1.89,,0.18
2018-08-28 13:30:00,0.0002224874326416,-0.0002641082557637425,-0.00020421627756710603,complacency,12.5,15.11,0.827266710787558,1.9,,0.21
2018-08-29 13:30:00,0.0006656681986726,0.0016718533988949868,0.0016652689080163302,complacency,12.25,14.95,0.8193979933110368,1.88,,0.22
2018-08-30 13:30:00,-0.0037542207198439,-0.003726847561069139,-0.006327878757123116,complacency,13.53,15.54,0.8706563706563707,1.9,,0.22
2018-08-31 13:30:00,0.0052574260486656,0.0034516208135456166,0.0029731735482262946,complacency,12.86,15.15,0.8488448844884487,1.92,,0.24
2018-09-04 13:30:00,-0.0006844581149288,-0.0013797101742552501,-1.841357983457196e-05,complacency,13.16,15.45,0.851779935275081,1.94,,0.24
2018-09-05 13:30:00,-0.003322244060255,-0.0030654035547430735,-0.0020684069985852744,complacency,13.91,15.92,0.8737437185929648,1.95,,0.24
2018-09-06 13:30:00,0.0076005866942371,0.009431567584042152,0.0104297144715478,complacency,14.65,16.34,0.8965728274173806,1.93,,0.24
2018-09-07 13:30:00,0.0001812259045772,0.00038894568387190856,-0.000821431135431656,complacency,14.88,16.59,0.8969258589511755,1.93,,0.23
2018-09-10 13:30:00,-0.0055106087254769,-0.005677250479968177,-0.00472676664743402,complacency,14.16,16.17,0.8756957328385899,1.92,,0.21
2018-09-11 13:30:00,0.0016364223260922,0.0016439341584938974,0.0013399510491407948,complacency,13.22,15.54,0.8507078507078508,1.9,,0.22
2018-09-12 13:30:00,0.0015935527524243,0.00187305396897538,0.0031722459193575334,complacency,13.14,15.32,0.8577023498694517,1.89,,0.23
2018-09-13 13:30:00,0.002923077714255,0.0031869398342156507,0.004667092988999574,complacency,12.37,14.77,0.8375084631008801,1.87,,0.21
2018-09-14 13:30:00,0.0023663301480853,0.0017978233703796675,0.0010598674193867997,complacency,12.07,14.37,0.8399443284620738,1.88,,0.21
2018-09-17 13:30:00,-0.0033326239859884,-0.0019969005521740645,-0.00018642050530558738,complacency,13.68,15.28,0.8952879581151832,1.88,,0.21
2018-09-18 13:30:00,0.0016254992940556,0.0005425036804715569,0.001221985759671886,complacency,12.79,15.04,0.8503989361702128,1.88,,0.24
2018-09-19 13:30:00,-0.002826197164749,-0.00411546555032531,-0.0021919078128545136,complacency,11.75,14.65,0.8020477815699658,1.88,,0.27
2018-09-20 13:30:00,-0.0026406826519399,-0.0016060167664475175,-0.003780740655751879,complacency,11.8,14.51,0.8132322536181944,1.85,,0.26
2018-09-21 13:30:00,0.0018254384212562,0.0024414836580609334,0.0038352162126256482,complacency,11.68,14.58,0.8010973936899862,1.83,,0.26
2018-09-24 13:30:00,0.0014661873009455,0.0013816860736473179,0.0006192424276938256,complacency,12.2,14.77,0.8259986459038592,1.84,,0.25
2018-09-25 13:30:00,0.0006177135975222,0.0012279496822071398,-0.0005810691019328046,complacency,12.42,14.92,0.8324396782841823,1.83,,0.27
2018-09-26 13:30:00,0.0011819082166272,0.0012246720411176186,0.003264274688988108,complacency,12.89,15.15,0.8508250825082508,1.84,,0.23
2018-09-27 13:30:00,4.452574826722955e-06,4.558842606559025e-05,0.001087368823599041,complacency,12.41,14.89,0.8334452652787105,1.83,,0.23
2018-09-28 13:30:00,0.006998233037171,0.006374579111365555,0.005580019291012387,complacency,12.12,14.77,0.8205822613405551,1.84,,0.24
2018-10-01 13:30:00,-0.0021592431307627,-0.0019618904535241644,0.004202466023440601,complacency,12.0,14.74,0.8141112618724559,1.83,,0.27
2018-10-02 13:30:00,-0.0054291139684154,-0.005873880054286462,-0.0016417780540355612,complacency,12.05,14.84,0.8119946091644206,1.84,,0.23
2018-10-03 13:30:00,-0.0061689540615279,-0.006873866842758383,-0.010162057163543722,complacency,11.61,14.68,0.7908719346049046,1.83,,0.3
2018-10-04 13:30:00,0.0005090187524576,0.002956703853999234,0.004198991804134437,complacency,14.22,15.84,0.8977272727272728,1.84,,0.32
2018-10-05 13:30:00,0.0031535218122332,0.003252364701492413,0.004211829790484181,complacency,14.82,16.25,0.912,1.85,,0.35
2018-10-08 13:30:00,-0.0002440418828779,,,complacency,15.69,16.51,0.9503331314354935,,,
2018-10-09 13:30:00,0.0060292114461126,,,complacency,15.95,16.63,0.9591100420926038,1.84,,0.33
2018-10-10 13:30:00,-0.0016511450689807,0.0035699652963573966,0.00036571018160318973,stress,22.96,20.7,1.1091787439613527,1.86,,0.34
2018-10-11 13:30:00,-0.0054848496034819,-0.00535625521406042,-0.005661822859488755,stress,24.98,21.56,1.1586270871985158,1.88,,0.29
2018-10-12 13:30:00,-0.0053540591097086,-0.008286945694218015,-0.0035634499011623624,stress,21.31,19.84,1.0740927419354838,1.88,,0.3
2018-10-15 13:30:00,0.0031475121876005,0.0026332384976673557,-0.0009816990825719579,stress,21.3,20.29,1.0497782158698867,1.89,,0.31
2018-10-16 13:30:00,0.003758320567311,0.002904529033705485,0.0007679561654172682,normal,17.62,17.96,0.9810690423162584,1.88,,0.29
2018-10-17 13:30:00,-0.0019335418599292,-0.002113414504341794,-0.0003509996668900246,normal,17.4,18.1,0.9613259668508286,1.88,,0.3
2018-10-18 13:30:00,0.0029327948715719,0.003958182462674907,0.005004044065417524,stress,20.06,19.86,1.0100704934541793,1.92,,0.3
2018-10-19 13:30:00,-0.0010697929303874,-0.0008915869981781765,0.001283734504681026,stress,19.89,19.84,1.0025201612903225,1.92,,0.28
2018-10-22 13:30:00,0.0019452180091631,0.001849042785404868,0.0016058150755411333,normal,19.64,19.82,0.9909182643794148,1.92,,0.28
2018-10-23 13:30:00,-0.0003948575367639,-0.0007267827001568255,0.00019347691765562937,stress,20.71,20.28,1.0212031558185404,1.96,,0.28
2018-10-24 13:30:00,0.0026220531822373,0.003728649478054657,0.004474874680396616,stress,25.23,22.62,1.1153846153846154,1.99,,0.26
2018-10-25 13:30:00,0.0021813038830137,0.0019344022575202772,0.0024185841506137017,stress,24.22,22.44,1.0793226381461674,1.98,,0.28
2018-10-26 13:30:00,-0.0070941600882344,-0.007453725672458064,-0.008546468515847725,stress,24.16,22.48,1.0747330960854093,2.02,,0.27
2018-10-29 13:30:00,0.0006016043313268,0.000599136555694977,-0.0008099721241193004,stress,24.7,23.06,1.0711188204683435,2.02,,0.27
2018-10-30 13:30:00,0.0058579366789989,0.005999601399560634,0.004554493801714306,stress,23.35,22.23,1.0503823661718399,2.03,,0.28
2018-10-31 13:30:00,0.0032547878976936,0.0030879938461578927,0.004995559434157838,stress,21.23,21.15,1.0037825059101655,2.03,,0.28
2018-11-01 13:30:00,0.0026039352345611,0.002238688490078448,0.0004714480394255728,normal,19.34,20.07,0.9636273044344793,2.04,,0.3
2018-11-02 13:30:00,0.0047949277263136,0.004462066539244717,0.003123031229014888,normal,19.51,20.3,0.9610837438423646,2.02,,0.31
2018-11-05 14:30:00,-0.0047740825459957,-0.0044773891563283305,-0.004502909748713096,normal,19.96,20.2,0.9881188118811882,2.02,,0.29
2018-11-06 14:30:00,0.0029751713099403,0.002205821720911376,0.0018945594372580354,stress,19.91,19.58,1.0168539325842698,1.98,,0.29
2018-11-07 14:30:00,0.0037178201659653,0.0031668890124520715,0.0041774410357763685,normal,16.36,17.62,0.9284903518728717,1.96,,0.26
2018-11-08 14:30:00,0.0065998749128128,0.006658244840557856,0.006616725262256907,normal,16.72,17.68,0.9457013574660633,1.96,,0.26
2018-11-09 14:30:00,-0.0035860962336426,-0.002817040745572498,-0.0020072524378290184,normal,17.36,18.46,0.9404117009750812,1.98,,0.25
2018-11-12 14:30:00,-0.0032322441318738,,,stress,20.45,20.23,1.0108749382105784,,,
2018-11-13 14:30:00,-0.0087544257698339,,,stress,20.02,20.27,0.9876665022200296,2.04,,0.25
2018-11-14 14:30:00,0.0021763040054942,0.003743099352091429,0.004324165400519801,stress,21.25,21.22,1.0014137606032045,2.09,,0.26
2018-11-15 14:30:00,-0.0018692025009453,-0.0010680884896335607,-0.0010443340068570328,normal,19.98,20.31,0.9837518463810931,2.13,,0.25
2018-11-16 14:30:00,-0.0050145301844299,-0.005527312046748261,-0.0055355946499497264,normal,18.14,19.35,0.9374677002583979,2.13,,0.27
2018-11-19 14:30:00,-0.0132336614705681,-0.012322892791995678,-0.012109278564926999,stress,20.1,20.64,0.9738372093023256,2.16,,0.27
2018-11-20 14:30:00,-0.0044547632114214,-0.0037650735401056077,-0.0037159091853272816,stress,22.48,22.27,1.009429726088909,2.17,,0.27
2018-11-21 14:30:00,0.0093988633755406,0.009368587326557999,0.007722440671310674,stress,20.8,21.32,0.975609756097561,2.17,,0.25
2018-11-23 14:30:00,0.004376338992669,0.005009367513885608,0.0037222902979651778,stress,21.52,21.75,0.9894252873563218,2.18,,0.24
2018-11-26 14:30:00,0.0011358012505914,-0.0003388964704502781,0.0002770015400619855,normal,18.9,20.11,0.939830929885629,2.16,,0.23
2018-11-27 14:30:00,0.0009502507629582,0.0024856037672570316,0.005339757584931543,normal,19.02,19.94,0.9538615847542627,2.2,,0.23
2018-11-28 14:30:00,0.0068775395854678,0.007632348625380661,0.007571048540767086,normal,18.49,19.28,0.95902489626556,2.22,,0.25
2018-11-29 14:30:00,0.0024619100213864,0.00390245590925127,0.0036939252560371475,normal,18.79,19.59,0.9591628381827463,2.26,,0.22
2018-11-30 14:30:00,-0.0160086124530847,-0.01596059390642217,-0.015920284009481134,normal,18.07,18.89,0.9565907887771308,2.27,,0.21
2018-12-03 14:30:00,0.0093763784330239,0.009195212993729253,0.026005658111579913,normal,16.44,17.95,0.9158774373259054,2.26,,0.15
2018-12-04 14:30:00,-0.0052246125148838,-0.004707528058387276,-0.0027458131037221972,stress,20.74,20.75,0.9995180722891566,2.25,,0.11
2018-12-06 14:30:00,-0.0093534994753223,-0.008140334139539365,-0.008721395522612328,stress,21.19,21.06,1.0061728395061729,2.29,,0.12
2018-12-07 14:30:00,-5.623581769031993e-06,0.0017228116595053937,0.0010297124279647844,stress,23.23,22.44,1.035204991087344,2.31,,0.13
2018-12-10 14:30:00,-0.0088839669541497,-0.009123829503571816,-0.008962922977293376,stress,22.64,22.01,1.028623353021354,2.31,,0.13
2018-12-11 14:30:00,0.0021515985639706,-5.865425394056649e-06,0.000498430495564203,stress,21.76,21.72,1.0018416206261511,2.26,,0.11
2018-12-12 14:30:00,0.001491903708005,0.0011720033290719548,0.00010450320470112035,stress,21.46,21.59,0.9939786938397407,2.24,,0.14
2018-12-13 14:30:00,-0.0022100712258723,-0.001890393487160306,-6.589851746455037e-06,stress,20.65,21.35,0.9672131147540982,2.25,,0.16
2018-12-14 14:30:00,-0.0055995300454463,-0.005280935035099364,-0.0050826667307860545,stress,21.63,21.96,0.9849726775956283,2.25,,0.16
2018-12-17 14:30:00,-0.0116854315940556,-0.010611626746560155,-0.011618022022486973,stress,24.52,23.41,1.0474156343442973,2.25,,0.16
2018-12-18 14:30:00,0.0023727955132338,0.0033866409813190813,0.002941030249752822,stress,25.58,23.9,1.0702928870292887,2.26,,0.17
2018-12-19 14:30:00,0.0014460314257655,0.001323562882780497,0.0024474209102546335,stress,25.58,24.02,1.0649458784346377,2.27,,0.14
2018-12-20 14:30:00,-0.0114515675394738,-0.010007693061651446,-0.010643284760348407,stress,28.38,25.24,1.124405705229794,2.28,,0.12
2018-12-21 14:30:00,0.0008372017085556,0.003085764591380398,0.003914783952435714,stress,30.11,26.23,1.1479222264582538,2.31,,0.16
2018-12-24 14:30:00,0.000170552205198,0.004919370530295643,0.0017818679285112886,stress,36.07,28.84,1.2506934812760055,2.35,,0.19
2018-12-26 14:30:00,0.0009379378836083,-0.002480819680041948,-0.0021804222498393354,stress,30.41,25.69,1.1837290774620475,2.33,,0.2
2018-12-27 14:30:00,-0.0020570348123219,-0.0016176258799594704,-0.0007675498532626864,stress,29.96,25.89,1.157203553495558,2.36,,0.21
2018-12-28 14:30:00,-0.0010985440024037,0.0001368083660675597,-0.000971993751691523,stress,28.34,25.32,1.1192733017377567,2.44,,0.2
2018-12-31 14:30:00,-0.005139816859399,-0.006200854962133765,-0.005752520818175689,stress,25.42,23.73,1.0712178676780448,2.45,,0.21
2019-01-02 14:30:00,-0.0040729311761287,-0.004422985470764177,0.0034507423322989034,stress,23.22,22.75,1.0206593406593407,2.45,,0.16
2019-01-03 14:30:00,-0.0053724809805104,-0.0037919881163633964,-0.004223772570822215,stress,25.45,24.11,1.055578598092078,2.48,,0.17
2019-01-04 14:30:00,-0.0010602680864517,-0.003620647646306487,-0.0037342849713380374,stress,21.38,21.86,0.9780420860018298,2.45,,0.17
2019-01-07 14:30:00,-0.006010837878984,-0.006830039844651916,-0.008089949244302765,stress,21.4,21.62,0.9898242368177612,2.42,,0.17
2019-01-08 14:30:00,0.0057588170107643,0.004954922453767837,0.004514292226601149,stress,20.47,21.14,0.9683065279091768,2.39,,0.15
2019-01-09 14:30:00,0.0108451554163712,0.010543729068248976,0.01056374975728209,normal,19.98,20.69,0.9656839052682454,2.39,,0.18
2019-01-10 14:30:00,0.0005610639137237,0.0011497657840399723,0.0015388118508112194,normal,19.5,20.52,0.9502923976608187,2.42,,0.18
2019-01-11 14:30:00,0.0015736016514606,0.0011784333466543226,0.0015263117868178765,normal,18.19,19.74,0.9214792299898684,2.42,,0.16
2019-01-14 14:30:00,0.0044077666101087,0.005598963927710649,0.006067308611261471,normal,19.07,19.93,0.9568489713998997,2.46,,0.18
2019-01-15 14:30:00,0.0040082814414325,0.003553953308687737,0.003211270771203419,normal,18.6,19.24,0.9667359667359668,2.46,,0.19
2019-01-16 14:30:00,0.008177733350449,0.0084385184559607,0.007805176119836177,normal,19.04,19.53,0.9749103942652328,2.45,,0.18
2019-01-17 14:30:00,-0.004039777015061,-0.005409691367464105,-0.0049369563836559206,normal,18.06,19.17,0.9420970266040687,2.43,,0.19
2019-01-18 14:30:00,-0.0022612579280423,-0.0033521709744222666,-0.0020471068622784946,normal,17.8,18.84,0.9447983014861996,2.38,,0.17
2019-01-22 14:30:00,0.0021121974584703,0.0039917754034073626,0.003828636917686843,stress,20.8,20.69,1.0053165780570323,2.38,,0.16
2019-01-23 14:30:00,0.0059817445851943,0.004744458376186634,0.005178466694061838,normal,19.52,20.08,0.9721115537848606,2.37,,0.18
2019-01-24 14:30:00,0.0072296463351807,0.007426768333152651,0.007610566252465147,normal,18.89,19.67,0.9603457041179461,2.37,,0.16
2019-01-25 14:30:00,0.0031262142192664,0.0013165722373794362,0.0012851640052581065,normal,17.42,18.82,0.9256110520722636,2.34,,0.16
2019-01-28 14:30:00,0.0027300103093085,0.004378148730746283,0.00471515704615246,normal,18.87,19.58,0.963738508682329,2.36,,0.15
2019-01-29 14:30:00,-0.0026828607373581,-0.0026883770191393624,-0.001309183482517577,normal,19.13,19.6,0.9760204081632652,2.36,,0.16
2019-01-30 14:30:00,0.0003828573383572,-0.0005938055559460743,-0.0008070409861698502,normal,17.66,18.68,0.9453961456102784,2.37,,0.18
2019-01-31 14:30:00,-0.00371087622508,-0.00415433445582301,-0.0046500889875115275,normal,16.57,17.88,0.9267337807606265,2.38,,0.18
2019-02-01 14:30:00,-0.0037823400116924,-0.005648879931755625,-0.004736153160507865,normal,16.14,17.59,0.9175667993177943,2.31,,0.18
2019-02-04 14:30:00,0.0070615826276715,0.006638220498256054,0.004705088184783405,normal,15.73,17.19,0.915066899360093,2.3,,0.2
2019-02-05 14:30:00,0.002176007385764,0.0018727342182968927,0.0027795256504008874,normal,15.57,17.07,0.9121265377855887,2.27,,0.18
2019-02-06 14:30:00,-0.0034859237726212,-0.003493582221314086,-0.00329647486614588,normal,15.38,16.9,0.9100591715976333,2.28,,0.18
2019-02-07 14:30:00,0.0125676191699267,0.013561332225008403,0.013847266161279969,normal,16.37,17.52,0.9343607305936074,2.31,,0.17
2019-02-08 14:30:00,-0.0132945823684233,-0.013667456603222758,-0.013200976469434229,normal,15.72,17.26,0.910776361529548,2.3,,0.18
2019-02-11 14:30:00,0.0039900827019286,0.004020731793202603,0.0023561427784346252,normal,15.97,17.22,0.9274099883855983,2.3,,0.17
2019-02-12 14:30:00,0.0012420809554048,0.0010789394610474007,0.0010910847295480329,normal,15.43,16.82,0.917360285374554,2.3,,0.18
2019-02-13 14:30:00,0.0021986409289954,0.0024521435091719207,0.0030098761456594804,normal,15.65,16.96,0.9227594339622641,2.27,,0.18
2019-02-14 14:30:00,-0.0015243997005192,-0.0014054370990153396,-0.0030303154491334743,normal,16.22,17.32,0.9364896073903002,2.3,,0.16
2019-02-15 14:30:00,-0.0001161914043544,-0.0010568552937747716,-0.002292304932664923,normal,14.91,16.48,0.9047330097087378,2.28,,0.14
2019-02-19 14:30:00,0.0022372537010085,0.002273954691135477,0.0019456792445387327,normal,14.88,16.45,0.9045592705167174,2.28,,0.15
2019-02-20 14:30:00,-7.382857237994353e-06,-0.00010535981619201514,-0.00017870078594710444,complacency,14.02,15.82,0.8862199747155499,2.23,,0.15
2019-02-21 14:30:00,0.0014942403228603,0.0017457659234595179,0.001594097203890902,complacency,14.46,16.16,0.8948019801980198,2.23,,0.16
2019-02-22 14:30:00,-0.0097209631289606,-0.010184963220786419,-0.010852845695348185,normal,13.51,15.46,0.8738680465717982,2.25,,0.17
2019-02-25 14:30:00,-0.0078570860278145,-0.007460150560179297,-0.00770663328210366,complacency,14.85,16.0,0.928125,2.23,,0.16
2019-02-26 14:30:00,-0.0049192080156944,-0.004818714454174257,-0.0043523253510030805,normal,15.17,16.3,0.9306748466257668,2.24,,0.16
2019-02-27 14:30:00,-0.0077854920311103,-0.008078941931460668,-0.008269838586816644,normal,14.7,15.99,0.9193245778611632,2.25,,0.19
2019-02-28 14:30:00,0.0024158100457238,0.0025686338973999567,0.0025486361904741833,complacency,14.78,16.1,0.9180124223602484,2.22,,0.21
2019-03-01 14:30:00,-0.0016107119078731,-0.001982728548768413,-0.0021987118916680023,complacency,13.57,15.38,0.8823146944083224,2.22,,0.21
2019-03-04 14:30:00,-0.009448733889802,-0.009519379572577185,-0.00883336349425787,complacency,14.63,16.03,0.9126637554585153,2.22,,0.17
2019-03-05 14:30:00,-0.0042431908152104,-0.004207418137563777,-0.003968983508433693,complacency,14.74,16.15,0.9126934984520125,2.22,,0.17
2019-03-06 14:30:00,-0.0085070722863324,-0.007896701962139855,-0.005982725843547788,normal,15.74,16.74,0.9402628434886501,2.25,,0.17
2019-03-07 14:30:00,0.000720303784468,0.000989266519305747,0.0011951627493988518,normal,16.59,17.3,0.9589595375722543,2.25,,0.17
2019-03-08 14:30:00,0.0028982471102841,0.0028908253483836493,0.0021079722239221487,normal,16.05,17.11,0.9380479251899475,2.27,,0.17
2019-03-11 13:30:00,0.0005472126306868,-8.585146848123879e-05,-0.001187510039764365,normal,14.33,16.01,0.8950655840099937,2.27,,0.17
2019-03-12 13:30:00,0.0019279376413458,0.0020451244783524724,0.0028315106148882143,normal,13.77,15.65,0.8798722044728434,2.25,,0.16
2019-03-13 13:30:00,0.0033847736705336,0.0032640712099863663,0.0037794812020779936,normal,13.41,15.33,0.8747553816046967,2.26,,0.16
2019-03-14 13:30:00,0.0029376518274927,0.0026272109983616555,0.0032631990049434697,normal,13.5,15.3,0.8823529411764706,2.27,,0.17
2019-03-15 13:30:00,-0.0074785651961153,-0.007352373119819679,-0.00717103386933425,normal,12.88,14.98,0.8598130841121495,2.28,,0.16
2019-03-18 13:30:00,0.0052575252507095,0.005613050100093891,0.0051769795312048535,normal,13.1,15.24,0.8595800524934383,2.27,,0.15
2019-03-19 13:30:00,0.0007194110656639,0.0007725346099498451,0.001503680253030909,normal,13.56,15.56,0.87146529562982,2.27,,0.15
2019-03-20 13:30:00,-0.0043773345251912,-0.0037176120888640085,-0.0034999070181075476,normal,13.91,15.79,0.8809373020899304,2.29,,0.14
2019-03-21 13:30:00,0.0094630532957731,0.00965389841353586,0.009649870178257327,normal,13.63,15.51,0.8787878787878789,2.28,,0.13
2019-03-22 13:30:00,-0.0057794547722773,-0.005820334059979025,-0.0011353916504126217,normal,16.48,17.37,0.948762233736327,2.3,,0.13
2019-03-25 13:30:00,-0.0047552263010968,-0.005957922235858356,-0.007495235253708689,normal,16.33,17.45,0.9358166189111747,2.28,,0.17
2019-03-26 13:30:00,-0.0152974915829992,-0.01506900613407544,-0.015025617925675085,normal,14.68,16.45,0.8924012158054712,2.3,,0.17
2019-03-27 13:30:00,0.0004734695611359,-9.322335880746716e-05,-3.0069014367827538e-05,normal,15.15,16.78,0.902860548271752,2.28,,0.17
2019-03-28 13:30:00,0.0016827397731695,0.0017312437887367542,0.0008872738267860067,normal,14.43,16.3,0.8852760736196319,2.27,,0.16
2019-03-29 13:30:00,0.0002184344265178,0.00029217311631667,0.0015377453314579829,normal,13.71,15.8,0.8677215189873417,2.26,,0.14
2019-04-01 13:30:00,-0.000130366878073,-0.0004569654508703539,0.00014035808116595147,normal,13.4,15.46,0.8667529107373868,2.24,,0.16
2019-04-02 13:30:00,-0.0025976979592938,-0.002597952112943322,-0.0014932769918761086,normal,13.36,15.54,0.8597168597168597,2.24,,0.18
2019-04-03 13:30:00,0.0020158826557476,0.0018201821402096343,0.0002431977241967578,complacency,13.74,15.63,0.8790786948176583,2.23,,0.19
2019-04-04 13:30:00,0.007026168513456,0.0067942792467150254,0.006075050596405551,complacency,13.58,15.48,0.8772609819121446,2.22,,0.18
2019-04-05 13:30:00,0.001976433364977,0.0022809053748683384,0.0009342301155993138,complacency,12.82,15.06,0.851261620185923,2.22,,0.15
2019-04-08 13:30:00,-0.002543511769397,-0.0025897893699754954,-0.0017966042369127748,complacency,13.18,15.28,0.862565445026178,2.21,,0.16
2019-04-09 13:30:00,0.0021272177167121,0.0013173753914884577,0.0034568793066449477,complacency,14.28,15.99,0.8930581613508443,2.19,,0.16
2019-04-10 13:30:00,0.0006126522009386,0.0018038313274158706,-0.0021349825150036184,complacency,13.3,15.38,0.8647594278283485,2.21,,0.17
2019-04-11 13:30:00,-0.0023755654666821,-0.003035677685293771,-0.001484179221939997,complacency,13.02,15.25,0.8537704918032787,2.2,,0.16
2019-04-12 13:30:00,-0.0046723543935957,-0.0061941123775970264,-0.0030955622681330497,complacency,12.01,14.46,0.8305670816044259,2.15,,0.16
2019-04-15 13:30:00,0.0038249119448416,0.003417295465185097,0.003892523420332815,complacency,12.32,14.53,0.8479008947006195,2.15,,0.15
2019-04-16 13:30:00,-0.0136484730204602,-0.013026667307154906,-0.014173093370833497,complacency,12.18,14.47,0.8417415342087076,2.12,,0.19
2019-04-17 13:30:00,-0.0041389601589644,-0.0039742811769268895,-0.0020657703663106907,complacency,12.6,14.82,0.8502024291497975,2.13,,0.19
2019-04-18 13:30:00,0.0109726279578927,0.010722234717317623,0.01338821513177247,complacency,12.09,14.57,0.8297872340425532,2.12,,0.19
2019-04-22 13:30:00,-0.0006652476616053,,,complacency,12.42,14.72,0.84375,2.14,,0.21
2019-04-23 13:30:00,0.0072726709367038,0.0072930239838648525,0.00533203666293423,complacency,12.28,14.54,0.844566712517194,2.14,,0.21
2019-04-24 13:30:00,0.0078214480484549,0.007614945238835598,0.00453306995724728,complacency,13.14,15.04,0.8736702127659576,2.14,,0.21
2019-04-25 13:30:00,-0.006114236126254,-0.006152882669366905,-0.0029966189042849763,complacency,13.25,15.21,0.871137409598948,2.14,,0.21
2019-04-26 13:30:00,0.0028688822324521,0.004268251136982031,0.0026766561369273765,complacency,12.73,14.89,0.854936198791135,2.13,,0.23
2019-04-29 13:30:00,-0.0001451420748594,0.00039549724322028487,-0.0008238595890838318,complacency,13.11,15.23,0.860801050558109,2.13,,0.24
2019-04-30 13:30:00,-0.0099045266415151,-0.009658462921804641,-0.008763082653545015,complacency,13.12,15.23,0.861457649376231,2.14,,0.24
2019-05-01 13:30:00,-0.005964300520752,-0.010321099689813356,-0.012247364978597401,complacency,14.8,16.19,0.9141445336627547,2.11,,0.21
2019-05-02 13:30:00,0.0033330627137185,0.002985372736574911,-0.0004833776033206297,complacency,14.42,16.03,0.8995633187772925,2.12,,0.2
2019-05-03 13:30:00,0.0009785532854143,0.0013696164364612323,0.0008858964270730444,complacency,12.87,15.07,0.8540145985401459,2.11,,0.21
2019-05-06 13:30:00,0.0066368443151527,0.00700732685813979,0.0009427583091028771,complacency,15.44,16.4,0.9414634146341464,2.14,,0.2
2019-05-07 13:30:00,0.0085521012395151,0.00745559069491566,0.00351400782013712,stress,19.32,18.78,1.0287539936102237,2.17,,0.17
2019-05-08 13:30:00,-0.0017224384287117,-0.0004860717734523534,0.0008529233176761634,stress,19.4,18.75,1.0346666666666666,2.17,,0.19
2019-05-09 13:30:00,0.00265389074894,0.0041007918137745515,0.0035386651123928588,stress,19.1,18.44,1.0357917570498916,2.21,,0.19
2019-05-10 13:30:00,0.0020284112864911,0.004301098521137438,0.008700337092604944,normal,16.04,16.9,0.9491124260355029,2.2,,0.21
2019-05-13 13:30:00,0.0028906244087959,0.0035550619828582063,0.0018787990274341027,stress,20.55,19.79,1.0384032339565439,2.25,,0.22
2019-05-14 13:30:00,-0.002023182564343,-0.0012147986941072422,-0.0011054793297776944,normal,18.06,18.29,0.9874248223072717,2.24,,0.22
2019-05-15 13:30:00,0.0004364916948343,0.000697196006246631,0.0039545330401106055,normal,16.44,17.49,0.939965694682676,2.26,,0.21
2019-05-16 13:30:00,-0.0088978594912013,-0.009247615581977255,-0.0062651176212713145,normal,15.29,16.74,0.9133811230585425,2.24,,0.2
2019-05-17 13:30:00,0.0005313343775986,-0.0002358074651229434,0.001939889238190502,normal,15.96,17.06,0.9355216881594374,2.24,,0.19
2019-05-20 13:30:00,0.0031647561798199,0.0035274457014674823,0.003389273757901098,normal,16.31,17.29,0.9433198380566802,2.24,,0.2
2019-05-21 13:30:00,0.0013993666878408,0.0007009783098558925,-0.0013419101116217136,complacency,14.95,16.42,0.9104750304506698,2.23,,0.17
2019-05-22 13:30:00,-0.0086775759940264,-0.009073281278927297,-0.006292045709352255,normal,14.75,16.42,0.8982947624847746,2.26,,0.16
2019-05-23 13:30:00,-0.0103101462346296,-0.009922905695186007,-0.007790672446926609,normal,16.92,17.69,0.9564725833804409,2.28,,0.19
2019-05-24 13:30:00,0.0056589160088368,0.004814609607483219,0.002293811714646388,normal,15.85,17.09,0.9274429490930368,2.31,,0.16
2019-05-28 13:30:00,0.0049925230568259,0.0033049729711734886,0.0019817391769184267,normal,17.5,17.9,0.9776536312849162,2.32,,0.14
2019-05-29 13:30:00,0.0046250138223558,0.005982670341951943,0.006335960863292496,normal,17.9,18.24,0.981359649122807,2.33,,0.16
2019-05-30 13:30:00,-9.728669938187991e-05,0.0001359451046992321,0.0033847581298091208,normal,17.3,17.96,0.9632516703786191,2.33,,0.16
2019-05-31 13:30:00,0.0037852187390043,0.006349927763586982,0.004278492019159691,normal,18.71,18.83,0.9936271906532131,2.37,,0.19
2019-06-03 13:30:00,-0.002665554174492,0.0012942871630084647,-0.05713767791070888,stress,18.86,18.77,1.0047948854555142,2.42,,0.25
2019-06-04 13:30:00,0.0035210803609415,0.0035116260376795378,0.0032361000896139703,normal,16.97,17.59,0.9647527003979534,2.42,,0.24
2019-06-05 13:30:00,-0.0058788344037856,-0.0021213348113469114,0.002290761919655422,normal,16.09,17.13,0.9392877991827204,2.45,,0.29
2019-06-06 13:30:00,-0.003349031679076,-0.007371288558569235,-0.0037563791569189446,normal,15.93,16.92,0.9414893617021276,2.44,,0.24
2019-06-07 13:30:00,-0.0010793100972124,-0.0008366148238115885,-0.0012814211104210955,normal,16.3,17.15,0.9504373177842567,2.42,,0.24
2019-06-10 13:30:00,0.0056142276766687,0.00704210219896541,0.005886309688436798,normal,15.94,16.88,0.9443127962085308,2.39,,0.25
2019-06-11 13:30:00,-0.0048066464477249,-0.006720581553251273,-0.0057767945010761615,normal,15.99,16.99,0.9411418481459684,2.38,,0.22
2019-06-12 13:30:00,-0.0059123657320935,-0.004472459424307733,-0.005581709422070938,normal,15.91,17.05,0.9331378299120234,2.41,,0.25
2019-06-13 13:30:00,0.0074977584679345,0.008693060824953597,0.0065885081112671325,normal,15.82,16.86,0.9383155397390274,2.42,,0.27
2019-06-14 13:30:00,-0.0006227566957526,-0.0015798501467966745,0.001811157948050745,normal,15.28,16.6,0.9204819277108433,2.42,,0.25
2019-06-17 13:30:00,-0.0002151978832676,-0.0012523549347710653,-0.0054293010378827465,normal,15.35,16.61,0.9241420830824805,2.41,,0.23
2019-06-18 13:30:00,-0.0040198542227579,-0.005385146555473638,-0.006025939865549349,normal,15.15,16.5,0.9181818181818182,2.4,,0.2
2019-06-19 13:30:00,0.0002545495599236,0.005036934934863323,0.005100815924625561,normal,14.33,16.1,0.8900621118012422,2.41,,0.29
2019-06-20 13:30:00,-0.0078039615685034,-0.007427121781661862,-0.005909859209691781,normal,14.75,16.14,0.9138785625774473,2.38,,0.29
2019-06-21 13:30:00,-0.0004739441869557,0.0014383109275445298,0.0038788964071093733,normal,15.4,16.67,0.9238152369526094,2.35,,0.3
2019-06-24 13:30:00,0.0021496279883081,0.0032031409283426564,0.0066122266348080175,normal,15.26,16.47,0.9265330904675168,2.33,,0.3
2019-06-25 13:30:00,0.0018531111477764,0.0008017940460719685,0.0006242913340461424,normal,16.28,17.12,0.9509345794392523,2.34,,0.29
2019-06-26 13:30:00,0.001247691063861,0.0018469253788226784,0.0020813074054619237,normal,16.21,17.05,0.950733137829912,2.32,,0.28
2019-06-27 13:30:00,0.0018856652037721,0.0020293957957413554,-0.0028165809016433216,normal,15.82,16.76,0.9439140811455846,2.31,,0.27
2019-06-28 13:30:00,0.0032545730003495,0.00254605626140853,0.0020365525439319868,normal,15.08,16.06,0.9389788293897884,2.31,,0.25
2019-07-01 13:30:00,-0.0046133726398522,-0.0034661746682191174,-0.0019513364379948705,normal,14.06,15.43,0.9112119248217758,2.29,,0.25
2019-07-02 13:30:00,-0.004871813032494,-0.006435260446805715,-0.0036242144844668657,normal,12.93,14.72,0.8783967391304347,2.29,,0.21
2019-07-03 13:30:00,-0.0034229823927678,-0.00243870321782977,-0.001481983048281119,normal,12.57,14.53,0.8651066758430833,2.26,,0.19
2019-07-05 13:30:00,0.0121681008536671,0.011349776746683572,0.009711980652886431,normal,13.28,14.98,0.8865153538050734,2.26,,0.17
2019-07-08 13:30:00,0.0035476210607652,0.005069700252689387,0.006369457842929068,complacency,13.96,15.48,0.9018087855297158,2.23,,0.17
2019-07-09 13:30:00,-0.0084470491873677,-0.008754125685508235,-0.009403590475959267,complacency,14.09,15.57,0.9049454078355812,2.22,,0.15
2019-07-10 13:30:00,0.0041900508691864,0.006382516806569265,0.005343603543909235,normal,13.03,15.19,0.857801184990125,2.25,,0.25
2019-07-11 13:30:00,0.0191978895702273,0.019798685319962085,0.022538180106358555,normal,12.93,14.98,0.8631508678237649,2.25,,0.28
2019-07-12 13:30:00,0.015506912308317,0.015678762019830362,0.015608749751147599,normal,12.39,14.8,0.8371621621621622,2.25,,0.28
2019-07-15 13:30:00,-0.0047822927696571,-0.004608946264452997,-0.0027969376036281407,normal,12.68,15.04,0.8430851063829787,2.25,,0.26
2019-07-16 13:30:00,2.512594797206974e-05,0.0002808867343787121,-0.00037551674005968573,complacency,12.86,15.22,0.8449408672798948,2.23,,0.26
2019-07-17 13:30:00,0.0001963443468922,-1.9844632892208295e-05,-0.0006470761721962797,complacency,13.97,15.82,0.8830594184576486,2.24,,0.23
2019-07-18 13:30:00,-0.001247830419127,-0.0023328200326966286,-0.002716185535909619,normal,13.53,15.54,0.8706563706563707,2.27,,0.27
2019-07-19 13:30:00,0.000682576379722,0.0007486821177165003,0.001366625732457435,normal,14.45,15.93,0.9070935342121782,2.26,,0.25
2019-07-22 13:30:00,-0.0013787472599664,-0.000618268110307497,8.9203873625057e-05,complacency,13.53,15.47,0.874595992243051,2.24,,0.25
2019-07-23 13:30:00,0.0015506073656911,0.002116956520834294,0.0032948603394890607,complacency,12.61,14.93,0.8446081714668453,2.23,,0.25
2019-07-24 13:30:00,0.0045190886375275,0.006859563312360345,0.003773701779029878,complacency,12.07,14.56,0.8289835164835164,2.15,,0.22
2019-07-25 13:30:00,-0.0019526935864199,-0.0022064187400347886,-0.00010874694087029796,complacency,12.74,15.05,0.8465116279069768,2.14,,0.22
2019-07-26 13:30:00,0.0075293599456615,0.00785623690140278,0.005514191279992466,complacency,12.16,14.69,0.8277739959155889,2.13,,0.22
2019-07-29 13:30:00,0.0022870493552616,0.0020464531742165363,0.0034041416133597877,complacency,12.83,15.0,0.8553333333333334,2.13,,0.21
2019-07-30 13:30:00,0.0030910864223575,0.002492962509667458,-0.001758229580881203,complacency,13.94,15.7,0.8878980891719745,2.14,,0.21
2019-07-31 13:30:00,-0.0019735934139444,-0.0023001656225285676,-0.0024003747240175805,normal,16.12,16.91,0.9532820816085157,2.13,,0.13
2019-08-01 13:30:00,-0.0099776263143904,-0.011213611258489483,-0.012166970335638187,normal,17.87,17.99,0.9933296275708728,2.17,,0.17
2019-08-02 13:30:00,-0.0036673391600713,-0.002995862002638761,-0.001563800617891225,normal,17.61,17.89,0.9843487982112912,2.18,,0.14
2019-08-05 13:30:00,-0.0069926501616505,-0.005624663427916786,-0.007438395103493932,stress,24.59,21.9,1.1228310502283105,2.24,,0.16
2019-08-06 13:30:00,0.002019162958955,0.0016435084166414391,0.003241734718280273,stress,20.17,19.69,1.0243778567800914,2.25,,0.13
2019-08-07 13:30:00,0.0074696423829001,0.006824738183558454,0.007644459768088993,normal,19.49,19.5,0.9994871794871794,2.23,,0.12
2019-08-08 13:30:00,0.0024471946162515,0.002263527546094923,0.0013198470452245427,normal,16.91,17.86,0.946808510638298,2.25,,0.1
2019-08-09 13:30:00,-0.0013975978543195,-0.001643448590749875,-0.0005664024399762481,normal,17.97,18.56,0.9682112068965517,2.23,,0.11
2019-08-12 13:30:00,-0.0053235565761844,-0.002283799237986068,-0.0022574818853735557,stress,21.09,20.5,1.028780487804878,2.23,,0.07
2019-08-13 13:30:00,0.0027647626458974,0.00038875656630681186,0.001993818283779815,normal,17.52,18.53,0.9454937938478143,2.22,,0.02
2019-08-14 13:30:00,-0.002267873934851,0.0023396845780473976,0.0010664244683166331,stress,22.1,21.3,1.0375586854460095,2.23,,0.01
2019-08-15 13:30:00,9.41604361756822e-05,0.0003569474086533422,0.0016413632151210395,stress,21.18,21.07,1.005220692928334,2.27,,0.04
2019-08-16 13:30:00,-0.0005860025283317,-0.0038585717920889494,-0.006059249874163741,normal,18.47,19.7,0.9375634517766497,2.26,,0.07
2019-08-19 13:30:00,-0.0050503653399139,-0.005442049712287728,-0.005013901530339329,normal,16.88,18.36,0.9193899782135077,2.29,,0.07
2019-08-20 13:30:00,-0.000252195636915,0.0008889634581038922,0.00048572390143676396,normal,17.5,18.87,0.9273979862215156,2.3,,0.05
2019-08-21 13:30:00,-0.0012747111918915,-0.0039243734261307246,-0.0036301880483126476,normal,15.8,17.72,0.8916478555304741,2.25,,0.03
2019-08-22 13:30:00,-0.0028114635219629,-0.0017315979274544284,-0.0009350658384229553,normal,16.68,18.23,0.9149753154141524,2.25,,0.01
2019-08-23 13:30:00,-0.0005279165823739,0.00218275424308716,0.0029957753138137996,normal,19.87,20.36,0.975933202357564,2.27,,0.01
2019-08-26 13:30:00,-0.0019026511530283,-0.0019186416842812937,-0.0024773793127492744,normal,19.32,19.82,0.9747729566094854,2.27,,0.0
2019-08-27 13:30:00,-0.0102234790462114,-0.009044568701250616,-0.0066663940164445705,stress,20.31,20.64,0.9840116279069766,2.26,,-0.04
2019-08-28 13:30:00,8.535685101000376e-05,-0.0008569225148344084,-0.002590738087099627,normal,19.35,20.05,0.9650872817955113,2.26,,-0.03
2019-08-29 13:30:00,0.0071683445121153,0.006792169132484141,0.005350012123923845,normal,17.88,19.03,0.9395691014188123,2.27,,-0.03
2019-08-30 13:30:00,0.0049650752860786,0.004159906645616208,0.004161220145808897,normal,18.98,19.54,0.9713408393039918,2.26,,0.0
2019-09-03 13:30:00,-0.0029444592489094,-0.0016981732555468704,-0.01509971693627389,normal,19.66,20.12,0.9771371769383698,2.28,,0.0
2019-09-04 13:30:00,-0.0036802007823334,-0.006516167275648892,-0.005635421137473413,normal,17.33,18.81,0.9213184476342371,2.29,,0.04
2019-09-05 13:30:00,0.000351342331618,4.716020918985042e-05,-0.0013601528879098315,normal,16.27,18.08,0.8998893805309736,2.28,,0.02
2019-09-06 13:30:00,0.0016742000797409,0.00013188824442538416,0.0016732707688983893,normal,15.0,17.46,0.8591065292096219,2.26,,0.02
2019-09-09 13:30:00,0.0075537039364692,0.0056183554690416235,0.002469659157048226,complacency,15.27,17.55,0.87008547008547,2.23,,0.05
2019-09-10 13:30:00,8.372307132338466e-05,-0.00039541607423775564,-0.0034760952439980993,complacency,15.2,17.41,0.8730614589316484,2.22,,0.05
2019-09-11 13:30:00,-0.0006663329585818,-0.0017652302707239372,-0.004994093601957659,complacency,14.61,17.1,0.8543859649122806,2.22,,0.07
2019-09-12 13:30:00,-0.0039547730263985,-0.004170971204825684,-0.003549154040322273,complacency,14.22,16.81,0.8459250446162999,2.22,,0.07
2019-09-13 13:30:00,0.0014284329088556,-0.0006938249946234049,-0.0010266491724826893,complacency,13.74,16.67,0.8242351529694061,2.21,,0.11
2019-09-16 13:30:00,0.0028762167296325,0.003361805126291829,0.0020072882985460536,complacency,14.67,17.2,0.852906976744186,2.2,,0.1
2019-09-17 13:30:00,-0.0058334044561615,-0.00492790340064806,-0.004061097904606942,complacency,14.44,17.23,0.8380731282646546,2.21,,0.09
2019-09-18 13:30:00,-0.0005251377393205,0.00022934468362286256,0.0016094372970395067,complacency,13.95,16.86,0.8274021352313167,2.18,,0.03
2019-09-19 13:30:00,-7.32579260889995e-05,-0.0016380426719909713,-0.0003323382759573045,complacency,14.05,16.79,0.8368076235854677,2.17,,0.05
2019-09-20 13:30:00,-0.0016731431319521,0.00019187205063038362,-0.0005346839450086596,complacency,15.32,17.71,0.8650479954827781,2.19,,0.05
2019-09-23 13:30:00,0.000294825978996,-0.0006995607837812828,-0.00043396330522236376,complacency,14.91,17.87,0.834359261331841,2.17,,0.04
2019-09-24 13:30:00,-0.0042872553633286,-0.001410681074148355,-8.150250071944486e-05,normal,17.05,18.55,0.9191374663072777,2.2,,0.04
2019-09-25 13:30:00,8.67204556179342e-05,-0.0009007137452899192,-0.001979145739667724,complacency,15.96,18.0,0.8866666666666667,2.2,,0.05
2019-09-26 13:30:00,-0.006108601210481,-0.0069643280727613305,-0.005046710641550579,normal,16.07,18.12,0.8868653421633553,2.18,,0.04
2019-09-27 13:30:00,-0.0019893103899043,-0.0017031607447702255,-0.0010261174780540668,normal,17.22,18.75,0.9184,2.19,,0.06
2019-09-30 13:30:00,0.0052026124028535,0.005823920433779972,0.006355350759693117,normal,16.24,17.96,0.9042316258351892,2.2,,0.05
2019-10-01 13:30:00,-0.0018800250778913,-0.0011177128627998004,0.000307939957925161,normal,18.56,19.35,0.959173126614987,2.22,,0.09
2019-10-02 13:30:00,-0.0033803837386462,-0.0009909321243377262,-0.002944582657613986,stress,20.56,20.74,0.991321118611379,2.26,,0.12
2019-10-03 13:30:00,-0.0049965991087378,-0.005247101642002213,-0.004684799904639778,normal,19.12,19.78,0.9666329625884732,2.29,,0.15
2019-10-04 13:30:00,0.0008543189884809,0.0008642971898273851,0.0013210514098657396,normal,17.04,18.59,0.9166218396987628,2.29,,0.12
2019-10-07 13:30:00,6.6650019810014e-05,0.0003062896619306315,-0.0005070076342749032,normal,17.86,18.91,0.9444738233738762,2.28,,0.1
2019-10-08 13:30:00,-0.0028636067620415,-0.0007228127372912604,-0.0007127503790886358,stress,20.28,20.39,0.9946051986267779,2.3,,0.12
2019-10-09 13:30:00,0.006012853019456,0.004537097356722574,0.005832846088044072,normal,18.64,19.51,0.9554074833418759,2.29,,0.12
2019-10-10 13:30:00,-0.0024066586425233,-0.004675934159142901,-0.0035227489088840943,normal,17.57,18.79,0.9350718467269825,2.27,,0.14
2019-10-11 13:30:00,-0.0013164269388918,-0.005378905505879262,-0.006181568404887001,complacency,15.58,17.55,0.8877492877492877,2.22,,0.13
2019-10-14 13:30:00,-0.002042974913018,,,complacency,14.57,17.12,0.8510514018691588,,,
2019-10-15 13:30:00,0.0059638934723342,,,complacency,13.54,16.48,0.8216019417475727,2.21,,0.16
2019-10-16 13:30:00,0.0032334134077679,0.0037114623215366528,0.0030236018925358303,complacency,13.68,16.48,0.8300970873786407,2.22,,0.17
2019-10-17 13:30:00,0.0059331511634678,0.005612635744145541,0.0035940598519294802,complacency,13.79,16.44,0.8388077858880777,2.21,,0.16
2019-10-18 13:30:00,0.005827712766581,0.005747137822415664,0.006562999248954628,complacency,14.25,16.65,0.8558558558558559,2.21,,0.18
2019-10-21 13:30:00,-0.0062044867553363,-0.007514354325502821,-0.007867067713808459,complacency,14.0,16.28,0.8599508599508598,2.19,,0.18
2019-10-22 13:30:00,-0.0021751647929968,-0.0029034074320830436,-0.0034703525378296674,complacency,14.46,16.55,0.8737160120845922,2.17,,0.18
2019-10-23 13:30:00,-0.0018145133138682,-0.0017822662463531105,-0.0014481026268781895,complacency,14.01,16.29,0.860036832412523,2.18,,0.19
2019-10-24 13:30:00,-0.0029398423544863,-0.0035789697586837113,-0.002872012146821421,complacency,13.71,16.25,0.8436923076923077,2.17,,0.19
2019-10-25 13:30:00,-0.001475407637835,-0.002144798488361084,-0.0025734957600054096,complacency,12.65,15.71,0.8052196053469127,2.16,,0.17
2019-10-28 13:30:00,-0.0014003958396464,-0.0022683100971610734,-0.0026555005802838196,complacency,13.11,15.99,0.8198874296435271,2.16,,0.21
2019-10-29 13:30:00,0.0003489863411868,0.0002952139748749165,-0.00028973864465602837,complacency,13.2,16.09,0.8203853325046613,2.15,,0.2
2019-10-30 13:30:00,-0.0008475226974096,2.6544706867407905e-05,0.000567702038309388,complacency,12.33,15.69,0.7858508604206501,2.17,,0.17
2019-10-31 13:30:00,-0.0055030053162141,-0.004729072599434306,-0.004393207819592574,complacency,13.22,16.05,0.8236760124610591,2.18,,0.17
2019-11-01 13:30:00,0.0062657017243132,0.005217429480522709,0.003993735459447351,complacency,12.3,15.42,0.7976653696498055,2.16,,0.17
2019-11-04 14:30:00,0.0083161075113514,0.007955133205764494,0.00803522623155208,complacency,12.83,15.62,0.8213828425096031,2.16,,0.19
2019-11-05 14:30:00,0.0028851605730328,0.0010578101805191926,0.0013899889544989115,complacency,13.1,15.91,0.8233815210559396,2.15,,0.23
2019-11-06 14:30:00,0.0074178192616307,0.007866499060768943,0.008790245124496339,complacency,12.62,15.83,0.7972204674668351,2.14,,0.2
2019-11-07 14:30:00,0.0048942589348242,0.0030761300538141518,0.003939836174062104,complacency,12.73,15.8,0.8056962025316455,2.13,,0.24
2019-11-08 14:30:00,-0.0038264282298076,-0.005818937536209179,-0.005348255803467469,complacency,12.07,15.53,0.7772054088860271,2.11,,0.26
2019-11-11 14:30:00,-0.0019474662407191,,,complacency,12.69,15.6,0.8134615384615385,,,
2019-11-12 14:30:00,0.0027180144883475,,,complacency,12.68,15.49,0.8185926404131697,2.1,,0.26
2019-11-13 14:30:00,4.578988013798969e-05,0.0009253860126468205,0.0015588207063709032,complacency,13.0,15.62,0.8322663252240717,2.11,,0.25
2019-11-14 14:30:00,0.0033689526945224,0.004581730620659782,0.004536069690299779,complacency,13.05,15.6,0.8365384615384616,2.13,,0.24
2019-11-15 14:30:00,0.0049147785376227,0.004804133707941852,0.005061862332910233,complacency,12.05,14.99,0.8038692461641095,2.13,,0.23
2019-11-18 14:30:00,0.001615902345561,0.0027225937514871726,0.0029122648904211785,complacency,12.46,15.17,0.8213579433091629,2.14,,0.21
2019-11-19 14:30:00,-0.0027202627877443,-0.0023692102794758895,-0.0032400235541544965,complacency,12.86,15.5,0.8296774193548386,2.13,,0.19
2019-11-20 14:30:00,-0.0001517732922115,0.0013454187028143784,0.0007104035298108218,complacency,12.78,15.64,0.8171355498721227,2.16,,0.17
2019-11-21 14:30:00,-0.0017179349393343,-0.001994186753644004,-0.0014605818243398228,complacency,13.13,15.82,0.8299620733249052,2.15,,0.17
2019-11-22 14:30:00,-0.0036535754286998,-0.004221468170422601,-0.004361636966944689,complacency,12.34,15.4,0.8012987012987013,2.14,,0.16
2019-11-25 14:30:00,-0.0003108131007272,-0.0007223703645257368,-0.002042985401505756,complacency,11.87,14.99,0.7918612408272181,2.13,,0.15
2019-11-26 14:30:00,-0.0072260382476972,-0.008147119001426091,-0.007738029552407971,complacency,11.54,14.85,0.7771043771043771,2.11,,0.16
2019-11-27 14:30:00,-0.0004610853528782,-0.000971047655915614,-0.00023565675963430814,complacency,11.75,14.96,0.785427807486631,2.09,,0.14
2019-11-29 14:30:00,-0.0013648668748653,-0.0014264916065711342,-0.00019696964870667992,complacency,12.62,15.51,0.8136686009026434,2.08,,0.17
2019-12-02 14:30:00,0.0002628635920237,0.0015427181302551014,-0.021202852116152925,complacency,14.91,16.84,0.8853919239904988,2.11,,0.22
2019-12-03 14:30:00,-0.0002009989283793,0.0006087612967550044,0.00031675979791342073,complacency,15.96,17.63,0.9052750992626206,2.11,,0.19
2019-12-04 14:30:00,-0.0042553635764555,-0.004896098702906724,-0.00522799965362367,complacency,14.8,16.98,0.8716136631330977,2.11,,0.19
2019-12-05 14:30:00,0.0030296141993809,0.002893721901205921,0.003261169171864994,complacency,14.52,16.78,0.8653158522050058,2.09,,0.22
2019-12-06 14:30:00,0.0017959191899724,0.0012428029346839317,0.0010906828277038737,complacency,13.62,16.21,0.8402220851326341,2.07,,0.23
2019-12-09 14:30:00,-0.0065073225204707,-0.005323872878558835,-0.0052508821521080285,complacency,15.86,17.3,0.9167630057803468,2.05,,0.2
2019-12-10 14:30:00,-0.0044776907876241,-0.004381118989330127,-0.004364793150335201,complacency,15.68,17.13,0.9153531815528313,2.01,,0.2
2019-12-11 14:30:00,0.0001188547961989,-0.0008430021121825762,-0.0009676764000957142,complacency,14.99,16.91,0.8864577173270254,2.04,,0.18
2019-12-12 14:30:00,-0.0029231757378291,-0.004075738088917475,-0.003905010304261234,complacency,13.94,16.09,0.8663766314481044,2.02,,0.24
2019-12-13 14:30:00,-0.0030207224103964,-0.004113759914725094,-0.0038998624422433154,complacency,12.63,15.28,0.8265706806282723,2.02,,0.21
2019-12-16 14:30:00,-0.0015796448835691,-0.0016624509982390157,-0.0014211220948666325,complacency,12.14,14.98,0.8104138851802404,2.0,,0.24
2019-12-17 14:30:00,-0.000875080370616,-0.000577780677738863,-0.0007093112154176252,complacency,12.29,15.15,0.8112211221122111,1.99,,0.26
2019-12-18 14:30:00,0.0042105307110588,0.004581417506001067,0.004606794934641536,complacency,12.58,15.2,0.8276315789473685,1.98,,0.29
2019-12-19 14:30:00,-0.0003390014748514,9.93412640128859e-05,0.00022993809751307856,complacency,12.5,15.14,0.8256274768824307,1.96,,0.3
2019-12-20 14:30:00,-0.0038084508620231,-0.0037319563312300415,-0.0037057782892129,complacency,12.51,15.32,0.8165796344647519,1.96,,0.29
2019-12-23 14:30:00,-0.0002324207534191,-0.00016983944239468856,-2.7150207099392305e-05,complacency,12.61,15.5,0.8135483870967741,1.96,,0.29
2019-12-24 14:30:00,0.0013232255096422,0.0012017681357318045,0.0011012724601602041,complacency,12.67,15.52,0.8163659793814433,1.97,,0.28
2019-12-26 14:30:00,-0.0006150280085945,-0.0004908168770146971,-0.00020174166619384826,complacency,12.65,15.52,0.8150773195876289,1.97,,0.26
2019-12-27 14:30:00,0.0011368050959416,0.0014335975749216745,0.0018542019524327219,complacency,13.43,15.95,0.8420062695924765,1.96,,0.29
2019-12-30 14:30:00,0.0019208112499685,0.0017535931061412133,0.0017997750476348403,complacency,14.82,16.68,0.8884892086330936,1.97,,0.32
2019-12-31 14:30:00,0.0013699029394574,-0.000407399769979763,-0.0004219755206418354,complacency,13.78,15.87,0.8683049779458097,1.98,,0.34
2020-01-02 14:30:00,-0.0044001652492993,-0.004264622663021914,-0.003955677406205153,complacency,12.47,15.19,0.8209348255431206,1.98,,0.3
2020-01-03 14:30:00,0.0050290910059961,0.006454361056077749,0.006252613787763012,complacency,14.02,16.01,0.8757026858213616,1.99,,0.27
2020-01-06 14:30:00,0.0021426166713167,0.00045250930835590486,0.00042916229981756235,complacency,13.85,15.92,0.8699748743718593,2.02,,0.27
2020-01-07 14:30:00,0.0003377861200702,-0.0006875489073496356,-0.0005110062706327222,complacency,13.79,15.86,0.8694829760403531,2.03,,0.29
2020-01-08 14:30:00,0.0020152900978749,0.0009837602255385101,0.0008502099442711467,complacency,13.45,15.4,0.8733766233766234,2.05,,0.29
2020-01-09 14:30:00,-0.0042621678824954,-0.002478154678433377,-0.0019365678645986229,complacency,12.54,14.95,0.8387959866220736,2.03,,0.27
2020-01-10 14:30:00,0.0030137247944475,0.0054964312388139066,0.0059298411340499,complacency,12.56,14.95,0.8401337792642142,1.99,,0.27
2020-01-13 14:30:00,0.0019474106820281,0.001995917902120265,0.0019514459617430526,complacency,12.32,14.64,0.8415300546448087,1.99,,0.27
2020-01-14 14:30:00,-0.0026721240574885,-0.0019300163462809216,-0.0022211164673620947,complacency,12.39,14.64,0.8463114754098361,1.99,,0.24
2020-01-15 14:30:00,0.0014630237301485,0.0007564257650280086,0.0007670295120690617,complacency,12.42,14.63,0.8489405331510594,2.01,,0.23
2020-01-16 14:30:00,0.0064116842614414,0.00691885965703973,0.0067601697102582575,complacency,12.32,14.45,0.8525951557093426,2.0,,0.23
2020-01-17 14:30:00,-0.000931918425916,-0.0008801464879867078,-0.00029041019039671744,complacency,12.1,14.41,0.8396946564885496,1.98,,0.26
2020-01-21 14:30:00,0.0023940448566006,0.0029732872288254475,0.0036157063580911633,complacency,12.85,14.87,0.8641560188298588,1.97,,0.25
2020-01-22 14:30:00,0.0041684170516619,0.004404246811070857,0.004382396592700616,complacency,12.91,14.98,0.8618157543391188,1.97,,0.24
2020-01-23 14:30:00,0.0010784024753847,0.0008996446641002944,0.0010680643444045846,complacency,12.98,14.99,0.8659106070713809,1.98,,0.23
2020-01-24 14:30:00,0.0027001172041968,0.002990742021592287,0.0032312844673136063,complacency,14.56,16.07,0.9060360920970754,1.98,,0.21
2020-01-27 14:30:00,-0.0048282743516679,-0.007179570514887103,-0.007976023320204214,stress,18.23,18.16,1.0038546255506609,2.04,,0.17
2020-01-28 14:30:00,0.0052582206015727,0.00397438618944297,0.003983931966185319,normal,16.28,17.03,0.9559600704638873,2.04,,0.2
2020-01-29 14:30:00,-0.0029429374647156,-0.002580570539500602,-0.0024759539399550235,normal,16.39,17.03,0.9624192601291838,2.05,,0.18
2020-01-30 14:30:00,0.0001201280622589,-0.0004568493105875015,-0.00040123572248289556,complacency,15.49,16.59,0.9336949969861362,2.08,,0.16
2020-01-31 14:30:00,-0.0029864345273554,-0.0048741673807532904,-0.005584068531546251,stress,18.84,18.63,1.0112721417069244,2.13,,0.18
2020-02-03 14:30:00,-0.0051260241331356,-0.004723706835419454,-0.004101265887707119,normal,17.97,18.04,0.996119733924612,2.1,,0.18
2020-02-04 14:30:00,-0.0032291799289868,-0.004239164617531316,-0.004289482860421671,normal,16.05,16.7,0.9610778443113773,2.09,,0.2
2020-02-05 14:30:00,0.0022097976943076,0.002078342100478888,0.001782195691621478,complacency,15.15,16.11,0.9404096834264433,2.07,,0.22
2020-02-06 14:30:00,0.0004597368894523,0.0013804532351732188,0.0014849293803338415,complacency,14.96,15.89,0.9414726242920076,2.05,,0.21
2020-02-07 14:30:00,-0.002492722807516,-0.0015014770728370326,-0.0012585849734531652,complacency,15.47,16.29,0.9496623695518724,2.05,,0.18
2020-02-10 14:30:00,0.0011895738617761,0.0004336857587877988,0.0005824185881596179,complacency,15.04,16.13,0.9324240545567266,2.06,,0.19
2020-02-11 14:30:00,0.0070431208146817,0.007712509047658441,0.007352953607402897,complacency,15.18,16.14,0.9405204460966542,2.05,,0.18
2020-02-12 14:30:00,0.008478349878201,0.007769794757986056,0.007629977163631696,complacency,13.74,15.36,0.89453125,2.06,,0.18
2020-02-13 14:30:00,0.0068690961554136,0.007684303401184055,0.007247156638951599,complacency,14.15,15.68,0.9024234693877552,2.05,,0.17
2020-02-14 14:30:00,-0.0006954798901783,-0.0005867552977060592,6.346265141336219e-05,complacency,13.68,15.5,0.8825806451612903,2.04,,0.17
2020-02-18 14:30:00,0.0041444304618447,0.0050948822808698545,0.005132466006720028,complacency,14.83,16.1,0.9211180124223601,2.05,,0.14
2020-02-19 14:30:00,0.0044895607188124,0.004374351901125421,0.004059318163633686,complacency,14.38,15.82,0.9089759797724399,2.05,,0.14
2020-02-20 14:30:00,-0.0049608150431594,-0.004389134005442458,-0.005058676002001379,complacency,15.56,16.6,0.9373493975903614,2.05,,0.13
2020-02-21 14:30:00,-0.0053170046385973,-0.005654064028649925,-0.005092364983009829,normal,17.08,17.61,0.9699034639409426,2.09,,0.12
2020-02-24 14:30:00,-0.0029848695260641,-4.670926189732699e-05,0.0014644909131133455,stress,25.03,21.92,1.1418795620437956,2.13,,0.12
2020-02-25 14:30:00,-0.0024485394370571,-0.0024066679943518824,-0.0007297122768617152,stress,27.85,23.86,1.1672254819782062,2.19,,0.13
2020-02-26 14:30:00,-0.0085791435126163,-0.009607745073727528,-0.00842219751074734,stress,27.56,23.7,1.1628691983122363,2.2,,0.17
2020-02-27 14:30:00,0.0097969930950312,0.01432632076105078,0.014065948615128287,stress,39.16,29.92,1.3088235294117645,2.27,,0.19
2020-02-28 14:30:00,-0.0012819860091587,-0.0022676923461249403,0.0020758002750147163,stress,40.11,29.85,1.343718592964824,2.38,,0.27
2020-03-02 14:30:00,-0.0103660789851605,-0.007525032915952138,0.006617426993982359,stress,33.42,27.7,1.2064981949458484,2.44,,0.26
2020-03-03 14:30:00,-0.0049863236684262,-0.006537332441953569,-0.008066052441587986,stress,36.82,30.17,1.2204176334106729,2.48,,0.31
2020-03-04 14:30:00,4.471743274525597e-05,0.0015620358357361702,0.0030062731556185275,stress,31.99,27.51,1.1628498727735368,2.47,,0.35
2020-03-05 14:30:00,-0.0052583236268371,-0.006886009422710294,-0.005113006280649161,stress,39.62,32.57,1.2164568621430765,2.52,,0.33
2020-03-06 14:30:00,-0.0070605449732594,-0.005779447155809973,-0.0055854648326362204,stress,41.94,35.46,1.182741116751269,2.55,,0.25
2020-03-09 13:30:00,-0.0064610977572316,0.006263257361778776,0.004885319234258305,stress,54.46,43.05,1.2650406504065042,2.93,,0.16
2020-03-10 13:30:00,-0.005174952423537,-0.003913817747448213,-0.0028834913278454445,stress,47.3,39.44,1.199290060851927,2.93,,0.26
2020-03-11 13:30:00,-0.0015169790590788,-0.003041040511926077,0.0023904841397131265,stress,53.9,44.37,1.214784764480505,2.99,,0.32
2020-03-12 13:30:00,0.0006592071039933,-0.0016335479202553428,0.0058890709201161835,stress,75.47,57.24,1.3184835779175401,3.2,,0.38
2020-03-13 13:30:00,-0.0079420562475319,0.0018119254384986704,-0.003043846057050518,stress,57.83,48.31,1.1970606499689505,3.3,,0.45
2020-03-16 13:30:00,-0.0240117170503762,-0.029313509347254497,-0.02199804721764293,stress,82.69,67.7,1.2214180206794683,3.38,,0.37
2020-03-17 13:30:00,-0.0283477858364217,-0.030656282505836883,-0.031836408931837645,stress,75.91,65.27,1.1630151677646698,3.49,,0.55
2020-03-18 13:30:00,-0.0164693828174869,-0.0031448747378436635,-0.0046113426582274995,stress,76.45,72.98,1.0475472732255413,3.81,,0.64
2020-03-19 13:30:00,0.0341256937753387,0.042822862977245406,0.01878270561689724,stress,72.0,69.47,1.0364185979559521,4.01,,0.68
2020-03-20 13:30:00,-0.0178926251615143,-0.021291849691426567,-0.037618993191026094,stress,66.04,65.59,1.006860801951517,4.23,,0.55
2020-03-23 13:30:00,0.0066074899425,0.008060271457627726,-0.0003650953630494882,stress,61.59,56.64,1.0873940677966103,4.31,,0.48
2020-03-24 13:30:00,0.0072739978821733,0.004373896058007837,0.013145583478639186,stress,61.67,52.11,1.1834580694684322,4.19,,0.46
2020-03-25 13:30:00,0.014548038740113,0.014101013716501362,0.0164438229816897,stress,63.95,53.85,1.1875580315691736,4.13,,0.54
2020-03-26 13:30:00,0.006506270052625,0.003833254889449685,0.0015629567111269315,stress,61.0,49.79,1.2251456115685881,4.04,,0.53
2020-03-27 13:30:00,-0.0044382005283532,-0.006188073860915347,-0.00134642162258019,stress,65.54,55.75,1.1756053811659195,3.98,,0.47
2020-03-30 13:30:00,0.0016004439227893,-0.00131091802489574,0.00226035214227532,stress,57.08,51.26,1.1135388216933282,3.89,,0.47
2020-03-31 13:30:00,-0.0004044864291191,0.0005030282112883809,-0.005674736011266196,stress,53.54,48.32,1.1080298013245033,3.93,,0.47
2020-04-01 13:30:00,-0.0082314345530777,-0.007045606543516387,0.005934093937509552,stress,57.06,51.17,1.115106507719367,3.97,,0.39
2020-04-02 13:30:00,-0.0232761889276416,-0.02499962190270457,-0.02102626676760189,stress,50.91,47.3,1.076321353065539,3.92,,0.4
2020-04-03 13:30:00,-0.0140710657553024,-0.014009075311321794,-0.0064094817524244325,stress,46.8,44.84,1.0437109723461193,3.92,,0.39
2020-04-06 13:30:00,0.0091274069383351,0.00889949328638358,0.00775817015724273,stress,45.24,43.09,1.049895567417034,3.91,,0.4
2020-04-07 13:30:00,0.0140604899962485,0.010708503458121002,0.009549047598543924,stress,46.7,43.42,1.0755412252418242,3.79,,0.47
2020-04-08 13:30:00,0.0122105864863858,0.010953477910353723,0.0073691745251916185,stress,43.35,41.59,1.0423178648713634,3.75,,0.5
2020-04-09 13:30:00,0.0041197734756104,4.261939948269327e-05,-0.015335951530687524,stress,41.67,40.61,1.0261019453336617,3.61,,0.5
2020-04-13 13:30:00,-0.0103045886369822,,,stress,41.17,39.97,1.0300225168876658,3.41,,0.51
2020-04-14 13:30:00,-0.0080008399642421,-0.009567684561936862,-0.006523363182222234,stress,37.76,36.46,1.0356555128908391,3.36,,0.53
2020-04-15 13:30:00,0.0069537058163136,0.0071037572295628675,0.014170621349082521,stress,40.84,39.28,1.039714867617108,3.33,,0.43
2020-04-16 13:30:00,-0.0067156243098362,-0.007989347595907144,-0.0038482793572005474,stress,40.11,39.21,1.0229533282325938,3.28,,0.41
2020-04-17 13:30:00,-0.0144919021593023,-0.01498685310836032,-0.019376260082763583,stress,38.15,37.28,1.0233369098712446,3.27,,0.45
2020-04-20 13:30:00,-0.0187928249228769,-0.018797254549189665,-0.02271127155976507,stress,43.83,40.97,1.0698071759824261,3.28,,0.43
2020-04-21 13:30:00,-0.0021514750282913,-0.0015742790856158075,-0.002984020605319851,stress,45.41,43.28,1.0492144177449167,3.29,,0.38
2020-04-22 13:30:00,-0.0030680384805483,-0.0029628236021503013,-0.00037427417426396997,stress,41.98,40.92,1.0259042033235581,3.3,,0.41
2020-04-23 13:30:00,0.0067204093611007,0.005881321405088827,0.002693254766243762,stress,41.38,40.86,1.0127263827704358,3.26,,0.39
2020-04-24 13:30:00,-0.0055632141565939,-0.005594533159865705,-0.0060178766154381415,stress,35.93,37.81,0.9502777043110288,3.25,,0.38
2020-04-27 13:30:00,0.0148369974897674,0.014402831458567852,0.008647857604852708,stress,33.29,35.33,0.9422587036512878,3.24,,0.43
2020-04-28 13:30:00,0.0060910105125164,0.0064506068134124765,0.005225198320194842,stress,33.57,35.37,0.9491094147582698,3.25,,0.42
2020-04-29 13:30:00,0.0151420227983909,0.01486547461166708,0.008390970649480963,stress,31.23,33.33,0.936993699369937,3.24,,0.43
2020-04-30 13:30:00,-0.0053623039972208,-0.005812739546308718,-3.568659474460691e-05,stress,34.15,35.05,0.9743223965763196,3.23,,0.44
2020-05-01 13:30:00,-0.0041387265937498,-0.0036280758235928312,-0.0018894248002291726,stress,37.19,37.97,0.9794574664208585,3.25,,0.44
2020-05-04 13:30:00,-0.0176796996481897,-0.01693645014246082,-0.018374813518443035,stress,35.97,37.0,0.9721621621621621,3.28,,0.45
2020-05-05 13:30:00,0.002445218611453,0.0023138450762014828,0.0011526900994721307,stress,33.61,35.52,0.9462274774774774,3.28,,0.47
2020-05-06 13:30:00,-0.0081568026904685,-0.008061274512700806,-0.012348908368991739,stress,34.12,35.68,0.9562780269058295,3.31,,0.55
2020-05-07 13:30:00,0.0068915623672957,0.008048773806136262,0.010608383486476908,stress,31.44,34.01,0.9244339900029404,3.34,,0.5
2020-05-08 13:30:00,0.0108074269939882,0.011497308973999702,0.006285281940719485,stress,27.98,31.64,0.8843236409608091,3.37,,0.53
2020-05-11 13:30:00,-0.0159751777147612,-0.015077368950411485,-0.017339919460392195,stress,27.57,30.39,0.9072063178677197,3.41,,0.56
2020-05-12 13:30:00,-0.0012706884218861,-0.0012867587154295783,0.002804917272167917,stress,33.04,34.26,0.9643899591360187,3.4,,0.52
2020-05-13 13:30:00,-0.0091950053534267,-0.008229354421680598,-0.005528015445716261,stress,35.28,36.51,0.9663105998356616,3.43,,0.48
2020-05-14 13:30:00,0.000880428662973,0.0003769509317086068,0.005076442529264755,stress,32.61,34.9,0.9343839541547279,3.41,,0.47
2020-05-15 13:30:00,-9.588230100850832e-05,-0.00017597645958281053,-0.005005109411188076,stress,31.89,34.51,0.9240799768183136,3.41,,0.48
2020-05-18 13:30:00,0.0156615881075614,0.014390794468397488,0.009774504432144872,stress,29.3,31.77,0.9222536984576645,3.38,,0.55
2020-05-19 13:30:00,0.0115983003786881,0.009647340873338527,0.012242389119366297,stress,30.53,32.81,0.9305089911612313,3.3,,0.53
2020-05-20 13:30:00,-0.0008709107760452,-0.0025826826490088243,-0.00658916507776335,stress,27.99,31.11,0.8997107039537126,3.24,,0.52
2020-05-21 13:30:00,0.008636558122193,0.00696192211373077,0.004582433014504422,stress,29.53,32.38,0.9119827053736874,3.18,,0.51
2020-05-22 13:30:00,-0.0035684666294808,-0.003326238087540538,-0.004337393006903094,stress,28.16,31.54,0.8928344958782499,3.18,,0.49
2020-05-26 13:30:00,0.0141184731349666,0.01267655710003217,0.011914673929742565,stress,28.01,30.85,0.9079416531604538,3.14,,0.51
2020-05-27 13:30:00,0.008205937621388,0.0073645801639773915,0.004505966576646283,stress,27.62,30.19,0.9148724743292481,3.11,,0.49
2020-05-28 13:30:00,-0.003574195720351,-0.0040763508012219615,0.004779687323591981,stress,28.59,31.21,0.9160525472604935,3.1,,0.53
2020-05-29 13:30:00,-0.0093336043724589,-0.009813483672282925,-0.004825587650875529,stress,27.51,30.27,0.9088206144697721,3.08,,0.49
2020-06-01 13:30:00,0.0043729091090269,0.004796074661774528,0.00041373473970411287,stress,28.23,30.92,0.9130012936610608,3.1,,0.52
2020-06-02 13:30:00,-0.0026212544029706,-0.0032520644912399552,-0.004190646854526808,stress,26.84,29.93,0.8967591045773472,3.08,,0.51
2020-06-03 13:30:00,0.0036892190988294,0.0011347315107588535,-0.004590093463260909,stress,25.66,28.91,0.8875821515046697,3.02,,0.58
2020-06-04 13:30:00,-0.0020850843779833,-0.003978868470951887,-0.005496111179706428,stress,25.81,28.85,0.8946273830155979,2.99,,0.63
2020-06-05 13:30:00,0.0141462662067222,0.007847099981295241,0.0043876539870657625,stress,24.52,27.42,0.8942377826404084,2.86,,0.69
2020-06-08 13:30:00,0.0044489040412598,0.003036970467942693,-0.0022977961399194115,stress,25.81,28.08,0.9191595441595442,2.81,,0.66
2020-06-09 13:30:00,-0.0090852293557482,-0.00886176420729107,-0.00163712457864421,stress,27.57,29.67,0.929221435793731,2.8,,0.64
2020-06-10 13:30:00,-0.0107650751419699,-0.007316616260241135,0.0024329122070723963,stress,27.57,29.57,0.9323638823131553,2.86,,0.58
2020-06-11 13:30:00,-0.0035749728251789,0.0011316444666309763,-0.0018396766258215484,stress,40.79,40.43,1.008904279000742,2.91,,0.47
2020-06-12 13:30:00,0.0038959771525795,0.000737549762160773,-0.0007363639181717538,stress,36.09,38.05,0.9484888304862025,2.91,,0.52
2020-06-15 13:30:00,0.0046541370505119,0.004868881724775413,0.001341324819052552,stress,34.4,36.43,0.9442766950315673,2.93,,0.52
2020-06-16 13:30:00,-0.0097167092559745,-0.01292647776197594,-0.012654308022455825,stress,33.67,35.8,0.9405027932960895,2.89,,0.54
2020-06-17 13:30:00,-0.004382352272783,-0.005988554814122075,0.00023866325661376937,stress,33.47,35.72,0.937010078387458,2.87,,0.55
2020-06-18 13:30:00,0.0008367557148424,0.0014804700648297017,0.0010142798902525022,stress,32.94,35.14,0.9373932840068298,2.86,,0.52
2020-06-19 13:30:00,-0.0102426842448827,-0.009495792643123004,-0.008173039057491914,stress,35.12,36.68,0.9574700109051254,2.87,,0.51
2020-06-22 13:30:00,0.0014067750993322,0.0005788656302665163,0.004405416956929624,stress,31.77,33.75,0.9413333333333334,2.86,,0.52
2020-06-23 13:30:00,0.000643735744412,0.0007707674150819285,0.003351930458717934,stress,31.37,33.06,0.9488808227465214,2.87,,0.54
2020-06-24 13:30:00,-0.0036740726871803,-0.0011841929028861926,0.00019672406416989087,stress,33.84,35.39,0.9562023170387116,2.89,,0.5
2020-06-25 13:30:00,0.0013254610452012,0.0035864524516052974,0.003325272999532409,stress,32.22,34.09,0.9451452038721031,2.92,,0.51
2020-06-26 13:30:00,0.001989582751534,0.0029101574205598643,-0.001398689395198523,stress,34.73,35.8,0.9701117318435754,2.92,,0.47
2020-06-29 13:30:00,0.0008387922382998,0.0025117822708923877,-0.0009885385118062894,stress,31.78,33.91,0.9371866705986436,2.94,,0.48
2020-06-30 13:30:00,0.0002792559536957,-0.0012262726126417035,-1.5563039420966884e-05,stress,30.43,32.52,0.9357318573185731,2.93,,0.5
2020-07-01 13:30:00,-0.0028435868251425,-0.007191652213165199,0.00010847605721316187,stress,28.62,31.68,0.9034090909090909,2.89,,0.52
2020-07-02 13:30:00,-0.0040162262560003,-0.006111374880561143,-0.005444058409887103,stress,27.68,30.87,0.8966634272756722,2.87,,0.52
2020-07-06 13:30:00,0.0019452406326095,,,stress,27.94,30.98,0.9018721755971595,2.83,,0.53
2020-07-07 13:30:00,-0.0086285904223714,-0.009610880527379781,-0.007710531766941735,stress,29.43,32.07,0.9176800748362955,2.81,,0.49
2020-07-08 13:30:00,0.0002129581109271,-0.003791956181987362,0.0011559485270570598,stress,28.08,31.19,0.9002885540237254,2.77,,0.51
2020-07-09 13:30:00,-0.0024252448954392,-0.005371635235858322,-0.0006364777038954379,stress,29.26,32.06,0.9126637554585153,2.73,,0.46
2020-07-10 13:30:00,0.0076241051901209,0.007480827050039147,0.005551506319603694,stress,27.29,31.02,0.8797549967762733,2.74,,0.49
2020-07-13 13:30:00,-0.0058921825409147,-0.00312398844594202,-0.007437837494351321,stress,32.19,34.54,0.9319629415170816,2.74,,0.48
2020-07-14 13:30:00,-0.0018860313556104,-0.006174173819256007,-0.005644583105678113,stress,29.52,32.56,0.9066339066339065,2.71,,0.49
2020-07-15 13:30:00,0.0092436345448808,0.008405986472828109,0.00033413187565591203,stress,27.76,31.56,0.8795944233206592,2.71,,0.48
2020-07-16 13:30:00,0.0011616067317493,2.8424359046040496e-05,-0.0004952055301103676,stress,28.0,31.55,0.8874801901743264,2.69,,0.46
2020-07-17 13:30:00,-0.0036487467391065,-0.006213046147664081,-0.0034028601936287777,stress,25.68,30.37,0.845571287454725,2.68,,0.5
2020-07-20 13:30:00,-0.0075059597525405,-0.008954520448329143,-0.0015532890915453072,stress,24.46,29.1,0.8405498281786942,2.66,,0.46
2020-07-21 13:30:00,0.0188994450595919,0.01651491265465709,0.012395796995084075,stress,24.84,29.47,0.8428910756701731,2.63,,0.47
2020-07-22 13:30:00,-0.001487111946814,-0.0030908365251501404,-0.0026799613170538435,stress,24.32,29.05,0.8371772805507746,2.61,,0.46
2020-07-23 13:30:00,0.0100182200622889,0.008772959484753824,0.001219233961010202,stress,26.08,30.25,0.8621487603305784,2.58,,0.43
2020-07-24 13:30:00,0.005603479572162,0.005246983587527969,0.007817280874472117,stress,25.84,30.56,0.8455497382198953,2.58,,0.45
2020-07-27 13:30:00,-0.0044792685712051,-0.006909384580718797,-0.003525385674435973,stress,24.74,30.0,0.8246666666666667,2.56,,0.47
2020-07-28 13:30:00,-0.005056232402454,-0.003643099684157431,-0.0049383516232103745,stress,25.44,30.1,0.8451827242524917,2.57,,0.45
2020-07-29 13:30:00,0.0140181084830232,0.017057899686529363,0.013193340668442086,stress,24.1,29.29,0.8228064185728918,2.61,,0.46
2020-07-30 13:30:00,0.0072323662871367,0.007331010758899083,0.0087907394010991,stress,24.76,29.76,0.831989247311828,2.6,,0.44
2020-07-31 13:30:00,-0.0012860087705963,-0.0013790439717213188,0.0053884195307867385,stress,24.46,29.71,0.8232918209357118,2.6,,0.44
2020-08-03 13:30:00,-0.0044795940529938,-0.003306017660000501,-0.04329978630127449,stress,24.28,29.66,0.8186109238031019,2.63,,0.45
2020-08-04 13:30:00,0.0039012958303801,0.005563893432812651,0.0038082119726728864,stress,23.76,29.09,0.8167755242351324,2.62,,0.41
2020-08-05 13:30:00,0.0018524485637868,-0.0016903050492651022,-0.002288442622209898,stress,22.99,28.6,0.8038461538461538,2.59,,0.44
2020-08-06 13:30:00,0.0046030659000544,0.0035308598528939993,0.004869887970530408,stress,22.65,28.2,0.8031914893617021,2.57,,0.44
2020-08-07 13:30:00,0.0011777057157278,0.0012389071579667998,-0.0012349429639419232,stress,22.21,28.28,0.7853606789250354,2.57,,0.44
2020-08-10 13:30:00,0.0030220387741157,0.0019141382624186696,0.0007727736173491037,stress,22.13,28.05,0.7889483065953654,2.56,,0.45
2020-08-11 13:30:00,-0.0006685402128873,-0.001224377312579736,-0.0011169088367492665,stress,24.03,29.17,0.823791566678094,2.59,,0.48
2020-08-12 13:30:00,-0.0054820650107893,-0.010291910109182179,-0.0074495120976400975,stress,22.28,28.12,0.7923186344238976,2.55,,0.53
2020-08-13 13:30:00,0.001324603545414,0.002666359456122665,0.0034529954072580445,stress,22.13,28.17,0.7855875044373446,2.59,,0.55
2020-08-14 13:30:00,0.0005793675667234,0.0004584271189363773,0.0009581184888349763,stress,22.05,28.37,0.7772294677476207,2.61,,0.57
2020-08-17 13:30:00,-0.0032283923396123,-0.0012339140423636616,-0.0016286046567315408,stress,21.35,27.45,0.7777777777777779,2.64,,0.55
2020-08-18 13:30:00,-0.0014888797823362,-0.0006353426363760413,0.0009915882135998469,stress,21.51,27.35,0.7864716636197441,2.64,,0.53
2020-08-19 13:30:00,0.001595151476089,0.001542364807975019,0.000948248200081837,stress,22.54,28.11,0.8018498754891498,2.65,,0.54
2020-08-20 13:30:00,-0.0019562545524092,-0.0011894317221859093,-0.0005091176949160317,stress,22.72,28.13,0.8076786349093494,2.65,,0.52
2020-08-21 13:30:00,-0.0024353867165378,-0.0008769647021235477,0.00022843034706700313,stress,22.54,28.17,0.8001419950301739,2.64,,0.48
2020-08-24 13:30:00,-0.001538256870116,-0.003268225842426758,-0.00254711233979295,stress,22.37,28.1,0.796085409252669,2.63,,0.51
2020-08-25 13:30:00,-0.000147474713157,-0.0013304366589720652,-0.00046409324080103065,stress,22.03,27.91,0.7893228233608026,2.63,,0.54
2020-08-26 13:30:00,-0.002802149554596,-0.0015356392708515366,0.0007096107891699992,stress,23.27,28.7,0.810801393728223,2.66,,0.53
2020-08-27 13:30:00,0.0024597968530603,0.0025146664111511978,0.003656652878334203,stress,24.47,29.93,0.8175743401269628,2.71,,0.58
2020-08-28 13:30:00,0.0010955376657613,0.0002111507532323153,0.0004320960129318641,stress,22.96,29.62,0.775151924375422,2.71,,0.6
2020-08-31 13:30:00,-0.0032718875424174,-0.003329733360408518,-0.00329059724067995,stress,26.41,31.85,0.8291993720565148,2.67,,0.58
2020-09-01 13:30:00,0.0064943020115861,0.0071983975458168635,0.006784968603760029,stress,26.12,32.1,0.8137071651090343,2.67,,0.55
2020-09-02 13:30:00,-0.0013886919549676,-9.768481074005561e-05,0.00014505303289290717,stress,26.57,32.67,0.8132843587389041,2.64,,0.52
2020-09-03 13:30:00,0.0027256185132373,0.00526523584899133,0.0039653909979431076,stress,33.6,37.63,0.8929045973956949,2.64,,0.5
2020-09-04 13:30:00,-0.004002920471836,-0.006759318969884059,-0.005078158133032388,stress,30.75,34.75,0.8848920863309353,2.68,,0.58
2020-09-08 13:30:00,0.002457851770533,0.002761520094995378,0.0018060281329151662,stress,31.46,34.31,0.9169338385310405,2.67,,0.55
2020-09-09 13:30:00,-0.0034661922534285,-0.004652194795213401,-0.003943759135856754,stress,28.81,32.12,0.8969489414694894,2.69,,0.57
2020-09-10 13:30:00,0.0058096091150093,0.005736089255972809,0.005142111951207487,stress,29.71,32.92,0.9024908869987849,2.69,,0.54
2020-09-11 13:30:00,-0.0097020608225448,-0.010222383797563479,-0.00723777126830576,stress,26.87,31.13,0.8631545133311919,2.69,,0.54
2020-09-14 13:30:00,0.00683447619066,0.006972450882012893,0.0036638049299492106,stress,25.85,30.48,0.8480971128608924,2.66,,0.54
2020-09-15 13:30:00,-0.0035164924474278,-0.003479846867687578,-0.003189454514416358,stress,25.59,30.27,0.8453914767096135,2.68,,0.54
2020-09-16 13:30:00,0.0061069090406742,0.005984434762747785,0.004315002772072651,stress,26.04,30.57,0.8518155053974484,2.67,,0.55
2020-09-17 13:30:00,-0.0007397114388238,-0.0009635975723546993,-0.0004412592611020876,stress,26.46,30.75,0.8604878048780488,2.65,,0.56
2020-09-18 13:30:00,0.0006822748697508,0.0008103401416895226,-0.0024173746675906715,stress,25.83,30.46,0.8479973736047274,2.66,,0.56
2020-09-21 13:30:00,-0.0022328274514168,-0.002565855162572029,0.0007229321194608712,stress,27.78,31.64,0.8780025284450064,2.66,,0.54
2020-09-22 13:30:00,-0.0061867055302297,-0.006061469354446233,-0.006774230848986147,stress,26.86,31.67,0.8481212503946952,2.66,,0.55
2020-09-23 13:30:00,-0.0076810561996643,-0.007978414166766193,-0.00529491990065448,stress,28.58,33.28,0.8587740384615384,2.68,,0.54
2020-09-24 13:30:00,0.0059949196362952,0.006248794765978211,0.007188866784858883,stress,28.51,33.06,0.8623714458560193,2.7,,0.53
2020-09-25 13:30:00,0.00914072058268,0.009460813762131672,0.009691552465258437,stress,26.38,32.03,0.823602872307212,2.74,,0.54
2020-09-28 13:30:00,0.0001803326881739,5.5758287565580605e-05,-0.0020546239674125335,stress,26.19,31.74,0.8251417769376183,2.76,,0.53
2020-09-29 13:30:00,0.0047517013468971,0.0047878939553193155,0.0032597351738295963,stress,26.27,31.09,0.8449662270826632,2.74,,0.55
2020-09-30 13:30:00,0.0024690883877834,0.002416329544350022,0.003192716946248541,stress,26.37,31.64,0.8334386852085968,2.75,,0.56
2020-10-01 13:30:00,0.0016380669017731,0.0015879460098179301,-0.003542509892115276,stress,26.7,31.72,0.8417402269861286,2.75,,0.54
2020-10-02 13:30:00,0.009449229727231,0.009544753620643335,0.00891089710476696,stress,27.63,32.39,0.8530410620561901,2.76,,0.57
2020-10-05 13:30:00,0.0040341490545648,0.0036874233185517653,-0.0007790274993633457,stress,27.96,31.28,0.8938618925831202,2.74,,0.64
2020-10-06 13:30:00,0.0056981929971358,0.005049576602603909,0.0016668877352169235,stress,29.48,31.88,0.9247176913425346,2.7,,0.62
2020-10-07 13:30:00,-0.0015684343892303,-0.0012018824780364204,-0.0020178396458143434,stress,28.06,30.7,0.9140065146579804,2.69,,0.65
2020-10-08 13:30:00,0.0011985540630452,0.0018718683398920009,0.0036164889924392013,stress,26.36,29.49,0.8938623262122753,2.68,,0.65
2020-10-09 13:30:00,-0.0039727744418517,-0.003058238974166477,-0.003983944576613455,stress,25.0,28.28,0.884016973125884,2.67,,0.63
2020-10-12 13:30:00,-0.0026872715701893,,,stress,25.07,27.98,0.8959971408148678,,,
2020-10-13 13:30:00,0.0072421469567338,,,stress,26.07,28.35,0.9195767195767195,2.65,,0.58
2020-10-14 13:30:00,0.0030669548498903,0.002595889091134413,0.004977946815270945,stress,26.4,28.24,0.9348441926345609,2.64,,0.59
2020-10-15 13:30:00,0.0115789675727664,0.011355998504181163,0.009591661291569272,stress,26.97,28.72,0.939066852367688,2.65,,0.6
2020-10-16 13:30:00,-0.0031825897115067,-0.003450537938908873,-0.002959642051629018,stress,27.41,29.21,0.9383772680588839,2.64,,0.62
2020-10-19 13:30:00,0.002022498778141,0.001584692675842387,0.0009500729066996417,stress,29.18,30.4,0.9598684210526316,2.61,,0.62
2020-10-20 13:30:00,0.0011696371015095,0.0007491684565629856,0.0016764691305956392,stress,29.35,30.11,0.9747592162072402,2.64,,0.67
2020-10-21 13:30:00,0.0037445107125575,0.003964155573386124,0.006145061602393233,stress,28.65,29.61,0.96757852077001,2.63,,0.69
2020-10-22 13:30:00,-0.0014342501153582,-0.0011394597253060479,-0.002164949074095461,stress,28.11,29.3,0.9593856655290102,2.61,,0.71
2020-10-23 13:30:00,0.0042842541769432,0.004596435442722098,0.004808697191682766,stress,27.55,28.99,0.9503276992066231,2.6,,0.67
2020-10-26 13:30:00,-0.0038047894445921,-0.005995952775188499,-0.007702210279562766,stress,32.46,32.07,1.0121608980355472,2.6,,0.65
2020-10-27 13:30:00,0.0004726477139717,0.0003098335748810384,-0.0007995066784303325,stress,33.35,32.72,1.0192542787286065,2.6,,0.63
2020-10-28 13:30:00,-0.0012787393326615,-0.002744583283790252,-0.0041446643927254435,stress,40.28,37.75,1.067019867549669,2.62,,0.63
2020-10-29 13:30:00,-0.0020705751496551,-0.002089850190767928,-0.0013996473378174393,stress,37.59,35.84,1.048828125,2.61,,0.69
2020-10-30 13:30:00,-0.0004837450219315,-0.0005901113231702827,0.0017293848792097994,stress,38.02,36.27,1.0482492417976288,2.61,,0.74
2020-11-02 14:30:00,0.0052362953070155,0.005350527332224177,-0.02602553094382773,stress,37.13,35.06,1.0590416428978893,2.6,,0.71
2020-11-03 14:30:00,0.0151251580304611,0.015352853191766219,0.01280744201891034,stress,35.55,33.52,1.060560859188544,2.58,,0.73
2020-11-04 14:30:00,-0.0211604705794129,-0.02111821506528962,-0.017446673991291965,stress,29.57,29.98,0.986324216144096,2.58,,0.64
2020-11-05 14:30:00,0.0132822879221587,0.012718609008688922,0.01037660816344078,stress,27.58,29.05,0.9493975903614457,2.52,,0.65
2020-11-06 14:30:00,-1.451424518642973e-06,-0.0004952420898424258,0.0023235947606195014,stress,24.86,27.37,0.908293752283522,2.51,,0.67
2020-11-09 14:30:00,0.0046840397133275,-0.005586114049022764,-0.004344226842729194,stress,25.75,26.88,0.9579613095238095,2.47,,0.79
2020-11-10 14:30:00,0.005356371101219,0.0039641470231567555,-0.0016975952957116094,stress,24.8,26.49,0.9362023405058514,2.44,,0.79
2020-11-11 14:30:00,-0.0012256940426664,,,stress,23.45,25.62,0.9153005464480873,,,
2020-11-12 14:30:00,-0.0021965839914524,,,stress,25.35,27.22,0.9313005143277003,2.45,,0.71
2020-11-13 14:30:00,0.0019085272603562,0.0018470851558248164,0.002254139158087541,stress,23.1,25.69,0.899182561307902,2.44,,0.72
2020-11-16 14:30:00,0.0020158640547173,0.0010183612335479893,-0.0003769905969619111,stress,22.45,25.35,0.8856015779092702,2.42,,0.72
2020-11-17 14:30:00,-0.0013749431047896,-0.00019056755203333375,-0.0036929041042091547,stress,22.71,25.38,0.8947990543735225,2.42,,0.69
2020-11-18 14:30:00,-0.0006142172803716,-0.004482246725316644,-0.0026898378389199375,stress,23.84,26.39,0.9033724895793861,2.39,,0.72
2020-11-19 14:30:00,-0.0006767414234485,-0.0010408400640913365,-0.0007054646512014212,stress,23.11,25.8,0.8957364341085271,2.35,,0.68
2020-11-20 14:30:00,0.001207962045327,0.0013985292406758388,-0.0017530892306906996,stress,23.7,26.06,0.9094397544128934,2.35,,0.67
2020-11-23 14:30:00,0.0036801895643172,0.0016194434258140766,-0.0004022911738660751,stress,22.66,25.43,0.891073535194652,2.33,,0.7
2020-11-24 14:30:00,0.0036959542420425,0.0020370804511105757,0.0034014546943033725,stress,21.64,24.84,0.8711755233494364,2.31,,0.72
2020-11-25 14:30:00,-0.0041294942659506,-0.00278387902785853,-0.004086464488788915,stress,21.25,24.42,0.8701883701883701,2.32,,0.71
2020-11-27 14:30:00,0.000162317741929,0.0017744579360418765,0.00039408081781361104,stress,20.84,24.43,0.8530495292672943,2.32,,0.68
2020-11-30 14:30:00,-0.0048603990886614,-0.0071379696754151605,-0.0022821805675339525,stress,20.57,24.33,0.8454582819564325,2.29,,0.68
2020-12-01 14:30:00,-0.0024192422291095,-0.006358007294084873,-0.0063857245950175,stress,20.77,24.49,0.8481012658227849,2.28,,0.75
2020-12-02 14:30:00,-0.0001714405638721,-0.0045717857199497145,-0.0028552026691728407,stress,21.17,24.54,0.8626731866340669,2.24,,0.79
2020-12-03 14:30:00,0.0024988930732484,0.0031539807700589726,0.0030790825600618015,stress,21.28,24.56,0.8664495114006515,2.23,,0.76
2020-12-04 14:30:00,0.0071643443626938,0.005313721757388938,0.0008501663946533433,stress,20.79,24.29,0.8559077809798271,2.23,,0.81
2020-12-07 14:30:00,-0.0017863871468156,-0.0019721813830700773,-0.003864492288757441,stress,21.3,24.52,0.8686786296900489,2.22,,0.8
2020-12-08 14:30:00,0.0020094599588335,0.003136284123521542,-0.0006570132077404383,stress,20.68,23.87,0.8663594470046082,2.22,,0.78
2020-12-09 14:30:00,0.0008701370556739,0.0007519610728902737,0.0010504762179061656,stress,22.27,24.73,0.900525677315002,2.24,,0.79
2020-12-10 14:30:00,0.0035304874398157,0.003360958033030302,0.00039167057331167656,stress,22.52,25.05,0.899001996007984,2.22,,0.78
2020-12-11 14:30:00,-0.0088644579334512,-0.009188729139887417,-0.009460184064222913,stress,23.31,26.05,0.8948176583493281,2.23,,0.79
2020-12-14 14:30:00,0.0012814465841832,0.002420344345776747,-0.0005488279711096645,stress,24.72,27.11,0.9118406492069346,2.24,,0.77
2020-12-15 14:30:00,0.0049460429555685,0.0042501414778012055,-9.22269606402305e-05,stress,22.89,25.87,0.8848086586780054,2.26,,0.81
2020-12-16 14:30:00,-0.0021842626120844,-0.001501569281508268,-2.3181556668627583e-05,stress,22.5,25.47,0.88339222614841,2.25,,0.79
2020-12-17 14:30:00,0.0030947074003603,0.0015139583856231642,-0.0008563800718347694,stress,21.93,25.15,0.8719681908548708,2.23,,0.81
2020-12-18 14:30:00,0.0019684591833034,0.0017889171998561177,0.0023124808228522434,stress,21.57,25.17,0.8569725864123957,2.24,,0.82
2020-12-21 14:30:00,0.0024459638592663,0.0013862570640953437,-0.0008421289378329408,stress,25.16,27.58,0.9122552574329225,2.23,,0.82
2020-12-22 14:30:00,0.0066033017035657,0.00728832840171687,0.0018631631209042347,stress,24.23,27.25,0.8891743119266056,2.22,,0.8
2020-12-23 14:30:00,0.0047719354206406,0.005058447692183735,0.00254951989773109,stress,23.31,26.26,0.8876618431073876,2.24,,0.83
2020-12-24 14:30:00,-0.0024392743260759,-0.0014879642561563817,0.00016040203069850887,stress,21.53,25.37,0.8486401261332283,2.23,,0.81
2020-12-28 14:30:00,0.0010374112670887,,,stress,21.7,25.15,0.8628230616302187,2.22,,0.81
2020-12-29 14:30:00,-0.0047798365298038,-0.005721165086343714,0.0008874160223087688,stress,23.08,26.24,0.8795731707317073,2.22,,0.82
2020-12-30 14:30:00,0.0009370418579463,7.299605030995724e-05,-0.0013298281719147094,stress,22.77,25.44,0.8950471698113207,2.2,,0.81
2020-12-31 14:30:00,0.0003681092099156,-0.0005715064386805529,0.003477661470682249,stress,22.75,25.28,0.8999208860759493,2.18,,0.8
2021-01-04 14:30:00,0.0012632693610772,,,stress,26.97,28.26,0.954352441613588,2.19,,0.82
2021-01-05 14:30:00,0.0032686074540487,0.005523319031824896,0.0018445420022205807,stress,25.34,27.25,0.929908256880734,2.23,,0.83
2021-01-06 14:30:00,0.0177416950939054,0.016071705315165954,0.005656547328616538,stress,25.07,26.79,0.9357969391564017,2.27,,0.9
2021-01-07 14:30:00,0.004056249546363,0.0011072465740546295,-0.0024845501721768096,stress,22.37,25.02,0.8940847322142287,2.23,,0.94
2021-01-08 14:30:00,-0.0029398100867236,-0.006578508874480167,-0.0047523176663058445,stress,21.56,24.9,0.8658634538152611,2.19,,0.99
2021-01-11 14:30:00,-0.0075712313892771,-0.008814725364876534,-0.01101632114135151,stress,24.08,26.7,0.9018726591760299,2.15,,1.01
2021-01-12 14:30:00,0.008445457665775,0.008190858755781422,0.0024803555760337936,stress,23.33,26.2,0.8904580152671755,2.16,,1.01
2021-01-13 14:30:00,-0.0045762002786694,-0.0014486351481239803,0.0009946858468909232,stress,22.21,25.55,0.8692759295499022,2.13,,0.96
2021-01-14 14:30:00,-0.0043805876520177,-0.005895154999142662,-0.015382981439593981,stress,23.25,26.32,0.8833586626139818,2.12,,0.99
2021-01-15 14:30:00,-0.0018816555386103,-0.0012030203399082538,0.0018122335075882621,stress,24.34,27.26,0.8928833455612619,2.13,,0.98
2021-01-19 14:30:00,-0.0017818767516871,-0.0003639000970390373,-0.0035362548490210258,stress,23.24,26.69,0.8707381041588609,2.11,,0.96
2021-01-20 14:30:00,0.0042984082551113,0.0032608619350065707,0.0052308567806808705,stress,21.58,25.72,0.8390357698289269,2.11,,0.97
2021-01-21 14:30:00,0.004061852424598,0.002490041196483222,0.004953900327303646,stress,21.32,25.7,0.8295719844357977,2.12,,0.99
2021-01-22 14:30:00,0.001480782408257,0.002511013735417407,-0.0032651781303040016,stress,21.91,25.99,0.8430165448249327,2.14,,0.97
2021-01-25 14:30:00,-0.0061593777505018,-0.002825228431261799,-0.0022966250920985268,stress,23.19,26.88,0.8627232142857144,2.15,,0.92
2021-01-26 14:30:00,-0.0037800580296325,-0.005479452547894825,-0.004070764936894477,stress,23.02,26.89,0.8560803272592041,2.16,,0.94
2021-01-27 14:30:00,-0.0005658434858718,0.0038344539604673964,0.0012838777455117674,stress,37.21,35.73,1.0414217744192555,2.16,,0.92
2021-01-28 14:30:00,0.0039798631982441,0.0006869053679034714,0.0054317057554679,stress,30.21,31.77,0.9508970727101039,2.17,,0.95
2021-01-29 14:30:00,0.0036712991809081,0.00017324532450264897,-0.00044248633060988427,stress,33.09,33.88,0.9766824085005903,2.17,,1.0
2021-02-01 14:30:00,0.0083791663602732,0.009192522077548573,0.005847263381842422,stress,30.24,32.53,0.9296034429757146,2.19,,0.98
2021-02-02 14:30:00,-0.0021254650572405,-0.004540115406512417,-0.004631243477744863,stress,25.56,29.36,0.8705722070844686,2.18,,1.01
2021-02-03 14:30:00,0.0071669229865148,0.0053682659187999845,0.004918548704999199,stress,22.91,27.57,0.8309756982227058,2.17,,1.04
2021-02-04 14:30:00,-0.0025193031883471,-0.004372866105435966,-0.006284020967778714,stress,21.77,26.79,0.8126166480029862,2.19,,1.04
2021-02-05 14:30:00,0.0002450314476294,-0.002168160958126477,-0.003344332332994331,stress,20.87,26.52,0.7869532428355959,2.18,,1.1
2021-02-08 14:30:00,0.0038370125537767,0.007600587177592778,0.0022084395060128184,stress,21.24,26.65,0.7969981238273921,2.14,,1.08
2021-02-09 14:30:00,0.0070315957078715,0.006853928603048645,0.005847314307239713,stress,21.63,27.11,0.7978605680560679,2.15,,1.07
2021-02-10 14:30:00,-0.0017962140096701,-0.0013244812551495926,-0.0007635924913890993,stress,21.99,27.49,0.7999272462713714,2.16,,1.04
2021-02-11 14:30:00,0.0056316136264632,0.0036358881334350225,0.004868014044872938,stress,21.25,27.22,0.7806759735488612,2.18,,1.05
2021-02-12 14:30:00,-0.0040827902201211,-0.006711882032277735,-0.005701668011319586,normal,19.97,26.5,0.7535849056603773,2.19,,1.09
2021-02-16 14:30:00,-0.0014019749442345,-0.0008621084400808666,0.0007770757368066538,stress,21.46,27.55,0.7789473684210526,2.15,,1.17
2021-02-17 14:30:00,-0.0076354290882592,-0.00647253342884478,-0.005012859589156113,stress,21.5,27.52,0.78125,2.13,,1.18
2021-02-18 14:30:00,-0.0026744025383572,-0.0023858762452946274,0.00043180853698086743,stress,22.49,27.86,0.8072505384063172,2.13,,1.18
2021-02-19 14:30:00,0.0064328011980314,0.0038658652932348284,-0.00110800740832927,stress,22.05,27.09,0.813953488372093,2.14,,1.23
2021-02-22 14:30:00,-0.0050857271358341,-0.007406386421868376,-0.007214786291266633,stress,23.45,27.81,0.8432218626393384,2.16,,1.26
2021-02-23 14:30:00,0.0034050581771608,0.00022832641053475598,0.004006455478719528,stress,23.11,27.12,0.8521386430678466,2.2,,1.26
2021-02-24 14:30:00,0.0047478498433134,0.0026192577576982473,-0.00028560942616194865,stress,21.34,25.89,0.8242564696794129,2.22,,1.26
2021-02-25 14:30:00,-0.0117899338625492,-0.004023839354497024,-0.0008673405036618894,stress,28.89,30.24,0.9553571428571429,2.12,,1.37
2021-02-26 14:30:00,0.0038952013623358,0.005025520030994435,0.003318380282927467,stress,27.95,29.6,0.9442567567567567,2.12,,1.3
2021-03-01 14:30:00,0.0005108269716043,-0.0025618627819858574,-0.005257785667343412,stress,23.35,26.78,0.8719193427931292,2.13,,1.32
2021-03-02 14:30:00,0.0043302879945929,0.0033842670902909473,0.006465273996930912,stress,24.1,27.16,0.8873343151693668,2.15,,1.29
2021-03-03 14:30:00,9.375100673906026e-05,0.0013093367984396802,0.000679494649912968,stress,26.67,28.79,0.9263633205974298,2.14,,1.33
2021-03-04 14:30:00,-0.0013200607159299,-0.0009764566231441521,0.00315081914056405,stress,28.57,30.08,0.9498005319148937,2.13,,1.4
2021-03-05 14:30:00,0.0004088415770029,-0.0012639275208724896,-0.0018120395234847166,stress,24.66,27.89,0.8841878809609178,2.13,,1.42
2021-03-08 14:30:00,0.0074695763604782,0.006837425369165071,0.0049727129797340255,stress,25.47,28.13,0.9054390330607892,2.14,,1.42
2021-03-09 14:30:00,-9.646620130060456e-05,-0.001957296363495725,-0.002429798264145129,stress,24.03,27.28,0.8808651026392962,2.16,,1.38
2021-03-10 14:30:00,-0.0002158845769022,-0.0014733316476805028,-0.003893802420113669,stress,22.56,26.68,0.8455772113943029,2.17,,1.37
2021-03-11 14:30:00,0.0034976781621312,0.001815799859546603,0.0006272179368373215,stress,21.91,26.09,0.8397853583748562,2.18,,1.4
2021-03-12 14:30:00,0.004494144148704,0.0013084107366741833,0.0013633496355017118,stress,20.69,25.74,0.8038073038073039,2.19,,1.5
2021-03-15 13:30:00,0.0012244575726427,0.002450991980134632,0.002347138476325039,stress,20.03,24.89,0.8047408597830454,2.18,,1.48
2021-03-16 13:30:00,-0.0082898178638807,-0.009197789349630961,-0.005846464770447186,normal,19.79,24.71,0.800890327802509,2.19,,1.47
2021-03-17 13:30:00,0.0016031030235511,-0.003056813137440422,-0.002632247251561166,normal,19.23,23.88,0.8052763819095478,2.23,,1.5
2021-03-18 13:30:00,0.0054989494150345,0.011005510379136628,0.012526089416333428,stress,21.58,25.28,0.853639240506329,2.17,,1.55
2021-03-19 13:30:00,-0.0025484856662496,0.0022792441221171048,-0.0007648118628988702,stress,20.95,24.99,0.8383353341336535,2.1,,1.58
2021-03-22 13:30:00,-0.0059127837415609,-0.004201234729819566,-0.0019468772871514854,normal,18.88,22.94,0.8230165649520488,2.08,,1.54
2021-03-23 13:30:00,0.0044701455850642,0.003967350667409452,0.008762060814258538,stress,20.3,23.8,0.8529411764705882,2.11,,1.48
2021-03-24 13:30:00,0.0035820097782593,0.004657084134271412,0.005220072881538647,stress,21.2,24.4,0.8688524590163935,2.1,,1.48
2021-03-25 13:30:00,0.0010051664701998,-0.0003977015591604251,-0.0031207280521683015,normal,19.81,23.37,0.8476679503637141,2.11,,1.49
2021-03-26 13:30:00,-0.0014032697502786,-0.0008691757217547472,-0.0013208972865005472,normal,18.86,22.32,0.8449820788530465,2.09,,1.53
2021-03-29 13:30:00,-0.0027950701772868,-0.00284050629998925,0.0011937993868921404,stress,20.74,23.2,0.8939655172413793,2.08,,1.59
2021-03-30 13:30:00,0.0041776327029162,0.0077224391251279325,0.004148698454883585,normal,19.61,22.31,0.8789780367548184,2.04,,1.57
2021-03-31 13:30:00,-0.0024206748115538,-0.0018715565766798037,-0.0013173783906907605,normal,19.4,22.15,0.8758465011286681,2.03,,1.58
2021-04-01 13:30:00,0.0015330668937882,0.0058911181311822975,0.003916000964655252,normal,17.33,20.97,0.826418693371483,1.98,,1.52
2021-04-05 13:30:00,-0.0001762836876451,,,normal,17.91,20.96,0.8544847328244275,1.93,,1.56
2021-04-06 13:30:00,0.0038318872293937,0.002812833506643296,0.002138943084695727,normal,18.12,21.16,0.8563327032136107,1.95,,1.51
2021-04-07 13:30:00,-0.002338605235183,-0.0031257470917154333,-0.0011542646811056058,normal,17.16,20.66,0.8305905130687319,1.96,,1.52
2021-04-08 13:30:00,0.0031442524845092,0.0019398013306526044,0.002430789656480249,normal,16.95,20.59,0.8232151529868869,1.98,,1.5
2021-04-09 13:30:00,0.007551917033461,0.008525568304405358,0.009277703185539752,normal,16.69,20.74,0.8047251687560272,1.96,,1.51
2021-04-12 13:30:00,-0.0001452062442836,0.00034910462872531555,7.343369450840134e-05,normal,16.91,20.82,0.8121998078770413,1.95,,1.51
2021-04-13 13:30:00,-0.0012098719145294,-0.0023010260084525124,-0.0012234201306190271,normal,16.65,20.78,0.8012512030798844,1.97,,1.48
2021-04-14 13:30:00,-0.0033670021071358,-0.0036476625653985226,-0.005584920919996006,normal,16.99,21.06,0.8067426400759734,1.98,,1.48
2021-04-15 13:30:00,0.0030534915045839,0.0035035254507117053,0.0036610571252893485,normal,16.57,20.76,0.7981695568400771,1.95,,1.4
2021-04-16 13:30:00,0.0004684395033884,7.596200189252666e-05,0.0001515822712829103,normal,16.25,20.53,0.7915245981490501,1.97,,1.43
2021-04-19 13:30:00,-0.0037748698543817,-0.003899322726221103,-0.003438758069722209,normal,17.29,21.37,0.8090781469349555,1.99,,1.45
2021-04-20 13:30:00,-0.0052016764419755,-0.005339091987273692,-0.005000021637041479,normal,18.68,22.35,0.8357941834451901,2.0,,1.43
2021-04-21 13:30:00,0.002025885767817,0.0013115718619548667,-0.0007302968964504192,normal,17.5,21.49,0.8143322475570033,2.01,,1.42
2021-04-22 13:30:00,0.0044015406089143,0.005084368328947197,0.0038753169743246424,normal,18.71,22.52,0.8308170515097691,1.99,,1.41
2021-04-23 13:30:00,0.0029576166036305,0.002762351586206651,0.0024542690521404996,normal,17.33,21.57,0.8034306907742234,1.99,,1.42
2021-04-26 13:30:00,-0.001897178192528,-0.0018396586759679373,-0.002352706904391483,normal,17.64,21.54,0.818941504178273,1.98,,1.4
2021-04-27 13:30:00,8.734332134323602e-05,0.0011224933757026656,0.001353467231644582,normal,17.56,21.32,0.823639774859287,1.97,,1.46
2021-04-28 13:30:00,0.0018294495246555,0.001493619076837483,0.0012771672627478535,normal,17.28,21.13,0.81779460482726,1.98,,1.46
2021-04-29 13:30:00,0.0049162523877036,0.005683783585436463,0.006257249449557685,normal,17.61,21.31,0.8263725950258095,1.97,,1.49
2021-04-30 13:30:00,-0.0026650647184515,-0.0019704498149045596,-0.0017030710959296635,normal,18.61,22.07,0.8432260987766198,1.96,,1.49
2021-05-03 13:30:00,-0.0020784244722902,-0.0024757250348284594,-0.0062759888864914095,normal,18.31,21.74,0.8422263109475621,1.96,,1.47
2021-05-04 13:30:00,0.004650110216297,0.004725848507671757,0.0033476830665994015,normal,19.48,22.67,0.8592853992059991,1.97,,1.45
2021-05-05 13:30:00,-0.0035156927853521,-0.004154651722178695,-0.004652047432771803,normal,19.15,22.26,0.8602875112309073,1.98,,1.43
2021-05-06 13:30:00,0.0014933816907469,0.0016177672672311565,0.0024491430241058566,normal,18.39,21.88,0.8404936014625229,1.96,,1.42
2021-05-07 13:30:00,0.0041046860180287,0.0034817088984415816,0.0029453497679053143,normal,16.69,20.79,0.8027898027898028,1.97,,1.46
2021-05-10 13:30:00,-0.0042410010156377,-0.0030125485450816884,-0.004688642903573276,normal,19.66,22.4,0.8776785714285715,1.98,,1.47
2021-05-11 13:30:00,-0.0037582642367103,-0.0030807487923825857,-0.002018868185142151,stress,21.84,24.23,0.9013619479983491,2.01,,1.48
2021-05-12 13:30:00,-0.0088817755280813,-0.0049968884000223725,-0.003975798186961618,stress,27.59,28.18,0.9790631653655074,2.02,,1.53
2021-05-13 13:30:00,-0.0010415705575928,-0.0051262697706622035,-0.005890865720754883,stress,23.13,25.26,0.9156769596199524,2.04,,1.5
2021-05-14 13:30:00,-0.0013586672660458,-0.004602181442877542,-0.005008568056532377,normal,18.81,22.26,0.8450134770889487,2.03,,1.47
2021-05-17 13:30:00,-0.0013690664824297,-0.0006313639625679443,-0.0009472933746680895,normal,19.72,23.14,0.8522039757994814,2.02,,1.48
2021-05-18 13:30:00,0.0015150339514158,0.0023764060978406945,0.00261160511546437,stress,21.34,24.22,0.8810900082576384,2.03,,1.48
2021-05-19 13:30:00,0.0037836419560044,0.004770851399130951,0.005861325159304057,stress,22.18,25.27,0.8777206173328057,2.02,,1.52
2021-05-20 13:30:00,-0.0037744670927825,-0.004932570880541001,-0.004382517989277697,stress,20.67,23.81,0.8681226375472492,2.02,,1.48
2021-05-21 13:30:00,0.0038394349933796,0.0035320005071942055,0.0027768302831167845,stress,20.15,23.49,0.8578118348233291,2.01,,1.46
2021-05-24 13:30:00,0.0018889396801894,0.0012635806568162687,0.0024527316699222766,normal,18.4,22.23,0.8277103013945118,2.0,,1.46
2021-05-25 13:30:00,0.0069487076898907,0.007314892490548153,0.007430280883449525,normal,18.84,22.4,0.8410714285714286,2.01,,1.41
2021-05-26 13:30:00,0.0040568109743488,0.0033450546554723392,0.0033683784196880465,normal,17.36,21.3,0.8150234741784037,1.98,,1.44
2021-05-27 13:30:00,0.0024172565646632,0.002233718811145002,0.0013831256324349855,normal,16.74,20.31,0.8242245199409158,1.98,,1.47
2021-05-28 13:30:00,-0.000913359231514,-0.0006741031083390306,-0.0009367648935325078,normal,16.76,20.48,0.8183593750000001,1.99,,1.44
2021-06-01 13:30:00,0.0036663058942107,0.003518944044622368,0.002567239517457455,normal,17.9,21.34,0.8388003748828491,1.97,,1.46
2021-06-02 13:30:00,-0.0046103584908496,-0.004504593618753051,-0.004315810323749325,normal,17.48,21.42,0.8160597572362278,1.98,,1.46
2021-06-03 13:30:00,-0.0004105578602868,-0.0008414505212850238,-0.0011154418082770317,normal,18.04,21.82,0.8267644362969752,1.96,,1.47
2021-06-04 13:30:00,-0.0003777337162403,-0.00018803399499059802,0.00047023275157281717,normal,16.42,20.62,0.7963142580019399,1.98,,1.42
2021-06-07 13:30:00,-0.0078042271765491,-0.0077612024104460695,-0.00763896442987219,normal,16.42,20.55,0.7990267639902677,1.98,,1.41
2021-06-08 13:30:00,0.0049745428278541,0.005274824545913472,0.005372136027698627,normal,17.07,20.85,0.818705035971223,1.98,,1.39
2021-06-09 13:30:00,-0.0083775992424332,-0.009300190993459223,-0.008637410134035543,normal,17.89,21.28,0.8406954887218044,1.96,,1.34
2021-06-10 13:30:00,-0.0053771144497262,-0.004839872875679302,-0.004877839517351294,normal,16.1,20.08,0.8017928286852591,2.0,,1.31
2021-06-11 13:30:00,0.0050382457686864,0.0039951448186371615,0.004002750110037167,complacency,15.65,19.64,0.7968431771894093,1.97,,1.31
2021-06-14 13:30:00,-0.0030612980920081,-0.0032593034423387796,-0.0016091171203347653,normal,16.39,20.14,0.8138033763654419,1.96,,1.35
2021-06-15 13:30:00,0.0042501213098225,0.0044663771467811,0.003967614185953249,normal,17.02,20.68,0.8230174081237911,1.96,,1.35
2021-06-16 13:30:00,-0.0016341560527636,-0.003502770760480933,-0.003013330673590132,normal,18.15,21.26,0.8537158984007525,1.91,,1.36
2021-06-17 13:30:00,0.0018562998565009,-0.0017763992198431696,-0.0002072454965254889,normal,17.75,20.98,0.8460438512869399,1.84,,1.29
2021-06-18 13:30:00,-0.0055023102125817,-0.0028527514579328363,-0.002457879084627529,stress,20.7,22.93,0.9027474923680767,1.85,,1.19
2021-06-21 13:30:00,0.0075853062148643,0.006738515551712813,0.0060932606611818815,normal,17.89,21.12,0.8470643939393939,1.88,,1.23
2021-06-22 13:30:00,0.0050407503429434,0.004823980492501345,0.00585505160693288,normal,16.66,20.07,0.8300946686596911,1.9,,1.23
2021-06-23 13:30:00,0.0004779721890348,-0.00039168328888555923,-0.00028453067804831906,normal,16.32,19.7,0.8284263959390863,1.89,,1.24
2021-06-24 13:30:00,-0.0037754768617165,-0.004259626617868593,-0.004496332295149892,complacency,15.97,19.26,0.8291796469366562,1.88,,1.23
2021-06-25 13:30:00,0.0009219593848312,0.0006888244946156817,0.00015141137313148996,complacency,15.62,19.0,0.8221052631578947,1.9,,1.26
2021-06-28 13:30:00,0.0016927939073115,0.0015433935849467838,0.002529912872055585,complacency,15.76,19.02,0.8286014721345951,1.88,,1.24
2021-06-29 13:30:00,-0.001717475195458,-0.0014502487244877978,-0.0014430499643150194,normal,16.02,19.49,0.8219599794766548,1.87,,1.22
2021-06-30 13:30:00,-0.0042790653633321,-0.003999374083326626,-0.004395569675599001,complacency,15.83,19.51,0.8113787801127627,1.87,,1.2
2021-07-01 13:30:00,-0.0013326464455022,-0.002944095135492124,-0.003032636872535035,complacency,15.48,19.45,0.7958868894601543,1.86,,1.23
2021-07-02 13:30:00,-0.003549904015417,-0.0026784102705083796,-0.0023936274945187946,complacency,15.07,19.3,0.7808290155440414,1.87,,1.2
2021-07-06 13:30:00,0.0007379883088479,0.004902247583746907,0.005878215441691966,normal,16.44,20.26,0.8114511352418559,1.9,,1.15
2021-07-07 13:30:00,-0.000910994523178,-0.000514916675727737,-0.0005812629282802155,normal,16.2,20.41,0.7937285644292014,1.89,,1.11
2021-07-08 13:30:00,-0.0037833317462496,-0.0007752781129150119,-0.0006728907984393361,normal,19.0,21.98,0.8644222020018199,1.91,,1.11
2021-07-09 13:30:00,0.0024196528545866,-0.0006472538067722453,-0.0008757753167710092,normal,16.18,20.44,0.7915851272015655,1.91,,1.14
2021-07-12 13:30:00,0.0043650291408705,0.004117699649850382,0.004286448598728568,normal,16.17,20.46,0.7903225806451614,1.91,,1.15
2021-07-13 13:30:00,-0.0064657920330743,-0.005993031422074349,-0.004982937248135774,normal,17.12,21.13,0.8102224325603409,1.91,,1.16
2021-07-14 13:30:00,-0.0079967362451513,-0.00809729530965792,-0.00721766044501891,normal,16.33,20.62,0.7919495635305528,1.91,,1.14
2021-07-15 13:30:00,0.0008977993795728,0.0036126320143700435,0.002798073875426574,normal,17.01,21.09,0.806543385490754,1.92,,1.08
2021-07-16 13:30:00,-0.0026281339106976,-0.0007685551529932953,-0.001014213311220089,normal,18.45,22.07,0.8359764386044404,1.93,,1.06
2021-07-19 13:30:00,-0.0026251253317475,0.0035887875760072362,0.0027786032713158658,stress,22.5,24.9,0.9036144578313253,1.97,,0.98
2021-07-20 13:30:00,0.0084317153232616,0.005437219554614948,0.004634864769175693,normal,19.73,23.2,0.8504310344827587,1.98,,1.03
2021-07-21 13:30:00,0.001269703915025,-0.0017804399111443871,-0.0019207694771089707,normal,17.91,21.87,0.8189300411522633,1.96,,1.08
2021-07-22 13:30:00,-0.0050735183064305,-0.005080218173713426,-0.0031368629332899755,normal,17.69,21.86,0.8092406221408966,1.95,,1.07
2021-07-23 13:30:00,0.0006294794732266,-0.00021176713591440687,0.0007236539963921622,normal,17.2,21.65,0.7944572748267898,1.93,,1.08
2021-07-26 13:30:00,-0.0013050754347169,-0.0006334600505620503,-0.0008837054998211559,normal,17.58,21.74,0.8086476540938362,1.94,,1.07
2021-07-27 13:30:00,0.0019944065655023,0.003955920961468986,0.003813430848357138,normal,19.36,23.0,0.8417391304347825,1.95,,1.05
2021-07-28 13:30:00,-0.0071655088645585,-0.008086397444775238,-0.009345843177838565,normal,18.31,22.35,0.8192393736017896,1.96,,1.06
2021-07-29 13:30:00,0.0029337030741035,0.001800779922323627,0.0008327629821619658,normal,17.7,21.88,0.8089579524680073,1.94,,1.08
2021-07-30 13:30:00,0.003543303024316,0.0048488944073550025,0.0039105442068150835,normal,18.24,22.18,0.8223624887285842,1.95,,1.05
2021-08-02 13:30:00,0.0017148072445882,0.0030357691676601963,-0.007868985305339127,normal,19.46,23.05,0.8442516268980478,1.95,,1.03
2021-08-03 13:30:00,-0.0047108323179795,-0.005196698890642762,-0.004859677342871181,normal,18.04,22.18,0.8133453561767358,1.97,,1.02
2021-08-04 13:30:00,-0.0038051520155163,-0.004038986321944846,-0.002949016184662486,normal,17.97,22.17,0.8105548037889038,1.96,,1.02
2021-08-05 13:30:00,-0.0098158085915376,-0.010384203303253778,-0.011318348540828936,normal,17.28,21.52,0.8029739776951673,1.95,,1.02
2021-08-06 13:30:00,0.0016653289181603,-0.0007926136511254868,-0.0005188757107254134,normal,16.15,20.87,0.7738380450407282,1.94,,1.1
2021-08-09 13:30:00,-0.0068573353424243,-0.006711640390711352,-0.006323675521596528,normal,16.72,21.27,0.7860836859426422,1.95,,1.1
2021-08-10 13:30:00,-0.0104756866472779,-0.011065909544456297,-0.011442106184257556,normal,16.79,21.21,0.7916077322017915,1.95,,1.12
2021-08-11 13:30:00,0.0042480229989305,0.004364276806158153,0.0038530435384129423,normal,16.06,20.67,0.7769714562167391,1.99,,1.12
2021-08-12 13:30:00,-0.0017469118291214,-0.002183411298217853,-0.0013134002229351854,complacency,15.59,20.25,0.7698765432098765,1.99,,1.13
2021-08-13 13:30:00,-0.0061691936803519,-0.004703271537452833,-0.004843864254631987,complacency,15.45,20.26,0.7625863770977295,1.98,,1.06
2021-08-16 13:30:00,-0.0003541426303759,0.00022073254699500372,0.0011604832266041277,normal,16.12,20.64,0.7810077519379846,1.97,,1.05
2021-08-17 13:30:00,-0.006682858708933,-0.005245118658462766,-0.004915346633491677,normal,17.91,21.7,0.8253456221198157,1.98,,1.03
2021-08-18 13:30:00,-0.0011317985666146,0.0009564885874376128,0.001031632291824114,stress,21.57,23.8,0.9063025210084034,1.97,,1.04
2021-08-19 13:30:00,0.0004845446844718,0.0009992296548714094,0.002135007303346651,stress,21.67,24.2,0.8954545454545455,1.98,,1.02
2021-08-20 13:30:00,0.0066105211843763,0.004785992499150709,0.004292728176438299,normal,18.56,22.41,0.8282016956715751,1.96,,1.03
2021-08-23 13:30:00,-0.0005463277762533,-0.0011344947355735194,-0.0017933078378422676,normal,17.15,21.2,0.8089622641509434,1.97,,1.02
2021-08-24 13:30:00,0.0078015951074034,0.007032643208628606,0.006541341657893426,normal,17.22,21.22,0.8114985862393967,1.95,,1.05
2021-08-25 13:30:00,0.0008973337299114,-0.001661482324926306,-0.0011933102720423556,normal,16.79,20.79,0.8075998075998075,1.93,,1.12
2021-08-26 13:30:00,-0.0019927655619987,7.647485960189573e-05,5.064436481640958e-05,normal,18.84,21.86,0.8618481244281794,1.92,,1.09
2021-08-27 13:30:00,0.0083120848370266,0.006754524156771243,0.005335512449347333,normal,16.39,20.61,0.7952450266860748,1.92,,1.09
2021-08-30 13:30:00,0.0021986549084898,0.0020374414894334635,0.003392286856406495,normal,16.19,20.4,0.7936274509803922,1.92,,1.09
2021-08-31 13:30:00,0.0039922391071286,0.004031772014262575,0.0037846687105496245,normal,16.48,20.42,0.8070519098922624,1.94,,1.1
2021-09-01 13:30:00,0.0018776019931769,0.001357263365352739,0.000543518218456703,normal,16.11,20.08,0.8022908366533865,1.92,,1.11
2021-09-02 13:30:00,0.0045423799358212,0.005337684429315871,0.004422601607142385,normal,16.41,20.13,0.8152011922503726,1.92,,1.09
2021-09-03 13:30:00,-0.0013590271092488,-0.002067679540806915,-0.0009048103933318116,normal,16.41,20.32,0.8075787401574803,1.91,,1.12
2021-09-07 13:30:00,0.0018056101770955,0.0028614654632473802,0.0036448780472048076,normal,18.14,21.53,0.8425452856479331,1.91,,1.16
2021-09-08 13:30:00,-0.0036265168214809,-0.00318636837703167,-0.00227116758012708,normal,17.96,21.59,0.8318666049096805,1.91,,1.13
2021-09-09 13:30:00,0.007053010230133,0.009313609744957173,0.007881694259350869,normal,18.8,22.06,0.8522212148685404,1.9,,1.07
2021-09-10 13:30:00,-0.0054703708743541,-0.004209151526690791,-0.0037126166903019,stress,20.95,23.31,0.8987558987558988,1.88,,1.12
2021-09-13 13:30:00,0.0053765983089077,0.0039164740211008586,0.003694829138231876,normal,19.37,22.47,0.8620382732532266,1.87,,1.12
2021-09-14 13:30:00,-0.0034838974216687,-0.002618152333304861,-0.002084300241588544,normal,19.46,22.55,0.8629711751662972,1.87,,1.07
2021-09-15 13:30:00,0.0001116150808379,-0.0010564085055776112,-0.0005731807936715033,normal,18.18,21.76,0.8354779411764706,1.85,,1.1
2021-09-16 13:30:00,0.0001964745035871,0.000676982694549052,0.0001681849289012667,normal,18.69,21.81,0.8569463548830812,1.84,,1.11
2021-09-17 13:30:00,0.0060761021897034,0.007473592047801103,0.005323251429820406,stress,20.81,23.22,0.8962101636520241,1.83,,1.14
2021-09-20 13:30:00,-0.0062351931121497,-0.00215682314781138,-0.002779400443223179,stress,25.71,26.4,0.9738636363636365,1.84,,1.08
2021-09-21 13:30:00,8.12561350030062e-05,-0.001384801671352787,-0.0013826530604054692,stress,24.36,25.47,0.9564193168433451,1.83,,1.11
2021-09-22 13:30:00,0.0012972400169658,-0.0003620689535117807,-0.001615890088078026,stress,20.87,23.05,0.9054229934924078,1.83,,1.07
2021-09-23 13:30:00,-0.0044364826566369,-0.007188457986866747,-0.0065016550063703715,normal,18.63,21.37,0.8717828731867102,1.81,,1.14
2021-09-24 13:30:00,-9.225787288420512e-05,-0.0011059339358232578,0.0013725510222198577,normal,17.75,20.82,0.8525456292026897,1.8,,1.18
2021-09-27 13:30:00,0.0055374351813866,0.00639288208485012,0.0019871098743299734,normal,18.76,21.4,0.8766355140186918,1.78,,1.17
2021-09-28 13:30:00,-0.0027313504973044,-0.0004440155059242893,0.0006681126789447197,stress,23.25,24.03,0.9675405742821472,1.8,,1.23
2021-09-29 13:30:00,-0.0005125235041598,-0.0010018380120770053,0.0005127514841059425,stress,22.56,23.72,0.9510961214165261,1.81,,1.25
2021-09-30 13:30:00,-0.0046112736911926,-0.0035701337513795047,-0.004594064049785306,stress,23.14,23.87,0.9694176790950985,1.85,,1.24
2021-10-01 13:30:00,0.0018680072151381,0.000898557959574702,0.00018429874559792612,stress,21.15,23.05,0.9175704989154012,1.85,,1.21
2021-10-04 13:30:00,-0.0016469848452745,-0.0006401453575293856,-0.0017095289106790006,stress,22.96,24.11,0.9523019493985898,1.85,,1.22
2021-10-05 13:30:00,-0.0019195358884755,-0.003386640719068479,-0.0010132761455974339,stress,21.3,23.11,0.9216789268714842,1.84,,1.26
2021-10-06 13:30:00,0.0008088128470671,0.0007671265358464398,0.002702653545187036,stress,21.0,22.84,0.9194395796847635,1.84,,1.23
2021-10-07 13:30:00,0.0003549100184844,-0.00028863239632938206,-0.0011468166142388594,normal,19.54,22.12,0.8833634719710668,1.85,,1.26
2021-10-08 13:30:00,-0.0001582706694961,-0.0009228146148039687,0.0006326559991029342,normal,18.77,21.88,0.8578610603290676,1.84,,1.29
2021-10-11 13:30:00,-0.0062428097727529,,,stress,20.0,22.39,0.8932559178204555,,,
2021-10-12 13:30:00,0.005307700015962,,,normal,19.85,22.33,0.8889386475593374,1.82,,1.24
2021-10-13 13:30:00,-0.0031938524538111,-0.004613860558440466,-0.005176877496885601,normal,18.64,21.54,0.8653667595171775,1.79,,1.19
2021-10-14 13:30:00,0.0032787836287032,0.0032458447545015805,0.0036890710462586466,normal,16.86,20.37,0.8276877761413843,1.81,,1.16
2021-10-15 13:30:00,0.0037327997628896,0.002186227646210788,0.004339847696182475,normal,16.3,20.3,0.8029556650246306,1.76,,1.18
2021-10-18 13:30:00,0.0001239058766464,-0.0013459930892606173,-0.0010843297324264864,normal,16.31,20.29,0.8038442582552981,1.72,,1.15
2021-10-19 13:30:00,0.0029555771059975,0.0026082147484296756,0.00372582620778442,complacency,15.7,19.98,0.7857857857857857,1.72,,1.24
2021-10-20 13:30:00,0.0068002575968447,0.007602496997051712,0.007333163019758242,complacency,15.49,19.87,0.7795671867136387,1.75,,1.25
2021-10-21 13:30:00,0.0061832052590196,0.00588428118564572,0.005856854241126621,complacency,15.01,19.48,0.7705338809034907,1.74,,1.23
2021-10-22 13:30:00,-0.0012850182798425,-0.0009940593731333517,-0.0006350026872260788,complacency,15.43,20.01,0.7711144427786106,1.72,,1.18
2021-10-25 13:30:00,-0.0056572089208827,-0.005624482507290758,-0.006889349280876296,complacency,15.24,19.56,0.7791411042944786,1.73,,1.17
2021-10-26 13:30:00,-0.0034590159995857,-0.0032455020731414035,-0.0018810795578977375,complacency,15.98,20.11,0.7946295375435107,1.71,,1.16
2021-10-27 13:30:00,-0.0004142336686773,0.0011850633813344507,0.003255448264960578,normal,16.98,20.89,0.8128291048348492,1.69,,1.04
2021-10-28 13:30:00,0.0018139236098717,0.0012719076983508724,-0.0003495393722858229,normal,16.53,20.48,0.80712890625,1.69,,1.07
2021-10-29 13:30:00,0.0007701712997132,0.0005736450390868046,0.0010190357285850204,normal,16.26,20.37,0.7982326951399117,1.69,,1.07
2021-11-01 13:30:00,0.0002641880712013,0.00030875469310314156,-0.005361359282062937,normal,16.41,20.39,0.8048062775870525,1.69,,1.08
2021-11-02 13:30:00,-0.0131567469132036,-0.01336851657222718,-0.012619787544473654,normal,16.03,20.1,0.7975124378109453,1.71,,1.1
2021-11-03 13:30:00,0.0100822107196204,0.009040212046503439,0.006907410656737632,complacency,15.1,19.5,0.7743589743589744,1.7,,1.13
2021-11-04 13:30:00,0.0021918938485179,0.003336785865837367,0.0046739623125540974,complacency,15.44,19.7,0.783756345177665,1.73,,1.12
2021-11-05 13:30:00,0.0096721862175777,0.010972224943521142,0.008060933836176908,normal,16.48,20.49,0.8042947779404589,1.73,,1.06
2021-11-08 14:30:00,0.003906096588393,0.0025697926943100287,0.001302395011025582,normal,17.22,20.98,0.8207816968541467,1.67,,1.06
2021-11-09 14:30:00,0.0001968084297939,0.0005285363564947775,0.0010704886933279557,normal,17.78,21.41,0.8304530593180757,1.67,,1.05
2021-11-10 14:30:00,-0.0021487344604373,-0.0019179533429483702,-0.00020139211754382027,normal,18.73,22.0,0.8513636363636364,1.66,,1.05
2021-11-11 14:30:00,0.0019841282262193,,,normal,17.66,21.38,0.8260056127221703,,,
2021-11-12 14:30:00,0.0008050194682026,,,normal,16.29,20.69,0.7873368777187046,1.69,,1.05
2021-11-15 14:30:00,0.0017030009692315,0.0024109983437469386,0.003951672231734789,normal,16.49,20.87,0.7901293723047436,1.7,,1.1
2021-11-16 14:30:00,-0.0004145374561308,8.727024969119163e-05,0.0006575713665928386,normal,16.37,20.9,0.7832535885167465,1.72,,1.09
2021-11-17 14:30:00,-0.0022106894691895,-0.0012654558050983174,0.0012351794367537815,normal,17.11,21.58,0.7928637627432809,1.74,,1.08
2021-11-18 14:30:00,-0.0086095796283662,-0.00866406136811603,-0.007399276604756312,normal,17.59,21.9,0.8031963470319635,1.73,,1.07
2021-11-19 14:30:00,-0.0076071376527089,-0.007688074964558735,-0.006123648844052178,normal,17.91,21.92,0.8170620437956204,1.73,,1.02
2021-11-22 14:30:00,0.0022464977870602,0.002450508118385855,0.001990442804872492,normal,19.17,22.63,0.8471056120194433,1.71,,1.0
2021-11-23 14:30:00,-0.0057476595852917,-0.005024642908258161,-0.004119056979313064,normal,19.38,22.45,0.8632516703786192,1.73,,1.07
2021-11-24 14:30:00,0.0005204497013541,-0.0004861496569903452,-0.0003383672309226701,normal,18.58,21.9,0.8484018264840183,1.72,,1.0
2021-11-26 14:30:00,-0.011704452546449,-0.003607163530657761,-0.0007101740446247146,stress,28.62,29.17,0.9811450119986287,1.82,,0.98
2021-11-29 14:30:00,0.0013735614221901,-0.001947341945383621,0.002817845481886546,stress,22.96,25.04,0.9169329073482428,1.81,,1.01
2021-11-30 14:30:00,-0.0120636223072811,-0.01042828553355183,-0.010447249522409077,stress,27.19,28.13,0.9665837184500534,1.81,,0.91
2021-12-01 14:30:00,-0.0024677775998387,0.00017389137678506606,0.002042802556089023,stress,31.12,30.79,1.010717765508282,1.81,,0.87
2021-12-02 14:30:00,0.0080902174308776,0.005825604630412847,0.0005285495237368001,stress,27.95,29.15,0.9588336192109778,1.8,,0.81
2021-12-03 14:30:00,-0.0016605457878856,0.0006872087226174953,0.00042346110756942036,stress,30.67,31.78,0.9650723725613594,1.81,,0.75
2021-12-06 14:30:00,0.013116489760181,0.009641263597243342,0.008229386877460344,stress,27.18,28.88,0.9411357340720222,1.79,,0.78
2021-12-07 14:30:00,-0.0031690959386386,-0.009217750535273113,-0.007408365435357386,stress,21.89,24.96,0.8770032051282051,1.75,,0.78
2021-12-08 14:30:00,0.0002678556886489,0.00019346946699461202,9.508202920879984e-05,normal,19.9,23.63,0.8421498095641133,1.79,,0.84
2021-12-09 14:30:00,-0.000215326029794,0.0020667748209986367,0.0033282540440961643,stress,21.58,24.66,0.8751013787510137,1.81,,0.79
2021-12-10 14:30:00,0.0055713052896133,0.004366702506787405,0.0069316535396205785,normal,18.69,23.18,0.8062985332182917,1.83,,0.81
2021-12-13 14:30:00,-0.010208506805734,-0.009065049964100937,-0.009756818721792184,stress,20.31,24.32,0.8351151315789473,1.82,,0.76
2021-12-14 14:30:00,-0.0016943782757849,-0.00039132836782805104,-0.000550012346518618,stress,21.89,25.35,0.8635108481262327,1.82,,0.77
2021-12-15 14:30:00,-0.0082350021232333,-0.010226868376348744,-0.008185512969943555,normal,19.29,23.3,0.8278969957081544,1.83,,0.78
2021-12-16 14:30:00,-0.0093918626395908,-0.007295823465396287,-0.010647580744061464,stress,20.57,24.37,0.8440705785802216,1.87,,0.8
2021-12-17 14:30:00,0.0060386478633454,0.006988795096036109,0.0054768803569395196,stress,21.57,25.38,0.8498817966903074,1.87,,0.75
2021-12-20 14:30:00,-0.0074137842009117,-0.005779867034570719,-0.005370848282744014,stress,22.87,26.31,0.8692512352717598,1.89,,0.78
2021-12-21 14:30:00,0.0139143095111975,0.012053421567736958,0.009789863048667259,stress,21.01,25.0,0.8404,1.88,,0.78
2021-12-22 14:30:00,0.0035631041616196,0.000653180277075414,0.002040124232373777,normal,18.63,23.56,0.7907470288624788,1.86,,0.78
2021-12-23 14:30:00,0.000259823668565,-0.0003783547994438136,-0.0007108840772452578,normal,17.96,23.24,0.7728055077452669,1.86,,0.79
2021-12-27 14:30:00,0.0032588825832496,,,normal,17.68,22.74,0.7774846086191733,1.86,,0.72
2021-12-28 14:30:00,0.0030358896354637,0.0028921413990621097,0.0033309413274208847,normal,17.54,22.33,0.7854903716972683,1.86,,0.75
2021-12-29 14:30:00,-0.0018073543837141,-0.0028419199274454365,-0.0028567349496568225,normal,16.95,21.83,0.7764544205222171,1.85,,0.8
2021-12-30 14:30:00,0.0012379751621014,0.0016019397490952749,0.00064750923026289,normal,17.33,21.88,0.7920475319926873,1.85,,0.79
2021-12-31 14:30:00,0.0015066736409201,,,normal,17.22,21.88,0.7870201096892139,,,0.79
2022-01-03 14:30:00,0.0045410606779134,,,normal,16.6,21.53,0.7710171853228054,1.82,,0.85
2022-01-04 14:30:00,0.0027220388227511,0.0036637594674534518,0.0011858296060666593,normal,16.91,21.62,0.7821461609620721,1.84,,0.89
2022-01-05 14:30:00,-0.0023096925415599,-0.0010424097592039358,5.017266749623647e-06,normal,19.73,23.47,0.8406476352790797,1.8,,0.88
2022-01-06 14:30:00,-0.0125177170876003,-0.01318460793754933,-0.015649751129995962,normal,19.61,23.5,0.8344680851063829,1.78,,0.85
2022-01-07 14:30:00,-0.0036693264900656,-0.004772408731447829,-0.0038560720582212866,normal,18.76,22.87,0.820288587669436,1.78,,0.89
2022-01-10 14:30:00,-0.0026903976998524,-0.0025722229362463464,-0.001389856209407101,normal,19.4,22.68,0.8553791887125219,1.76,,0.86
2022-01-11 14:30:00,0.0066001009938377,0.005690486902858478,0.005449799820240419,normal,18.41,21.98,0.8375796178343949,1.76,,0.85
2022-01-12 14:30:00,9.283566949198734e-05,-0.0004249129123886549,0.001748300576047863,normal,17.62,21.58,0.8164967562557925,1.77,,0.82
2022-01-13 14:30:00,0.0051878888810986,0.00875454278811557,0.004093700410620217,stress,20.31,23.41,0.867577958137548,1.8,,0.79
2022-01-14 14:30:00,-0.0074235611167441,-0.008718351720798344,-0.007890512264447157,normal,19.19,22.82,0.8409290096406661,1.79,,0.79
2022-01-18 14:30:00,-0.0027344648839363,0.0005479138887732916,0.0024248922802212547,stress,22.79,25.12,0.9072452229299363,1.78,,0.81
2022-01-19 14:30:00,-0.0014975766006316,-0.0008333438416062732,-4.164332707131432e-05,stress,23.85,25.81,0.9240604416892678,1.77,,0.79
2022-01-20 14:30:00,0.0074123360324826,0.009313353124883966,0.010187764245371937,stress,25.59,27.25,0.9390825688073394,1.79,,0.75
2022-01-21 14:30:00,-0.0009226265898758,0.002695235722461668,-0.0003845741699531122,stress,28.85,29.95,0.9632721202003339,1.84,,0.74
2022-01-24 14:30:00,0.0098387615581688,0.011551698759121484,0.006873036612876907,stress,29.9,30.82,0.9701492537313432,1.89,,0.76
2022-01-25 14:30:00,-0.0134274341274664,-0.012353430983786379,-0.01346011771775448,stress,31.16,31.76,0.9811083123425692,1.91,,0.76
2022-01-26 14:30:00,-0.0008451235508533,-0.00028955500662556006,0.004192607849114542,stress,31.96,31.95,1.0003129890453835,1.84,,0.72
2022-01-27 14:30:00,-0.0007872462766026,-0.00317846008419519,0.000717535003127454,stress,30.49,30.87,0.9876903142209263,1.86,,0.63
2022-01-28 14:30:00,-0.0042781740083266,-0.0068431679220631505,-0.0019353315543932893,stress,27.66,28.82,0.9597501734906315,1.91,,0.63
2022-01-31 14:30:00,0.0032593681333731,0.0010044361284725855,-0.00128757383749249,stress,24.83,26.85,0.9247672253258844,1.93,,0.61
2022-02-01 14:30:00,-0.0037562998592917,-0.0061454378498974425,-0.006925612927162504,stress,21.96,24.76,0.8869143780290791,1.92,,0.63
2022-02-02 14:30:00,0.0022524028732242,0.0022583295064210343,0.007699638712857516,stress,22.09,25.14,0.8786793953858393,1.91,,0.62
2022-02-03 14:30:00,0.0073447589887596,0.009210268505702118,0.004078813103620855,stress,24.35,26.67,0.9130108736407949,1.92,,0.63
2022-02-04 14:30:00,-0.0009853269667831,-0.001849242429888382,0.0006518626224610792,stress,23.22,26.25,0.8845714285714286,1.92,,0.62
2022-02-07 14:30:00,-0.0077022106230469,-0.008033949245479855,-0.011032687763003934,stress,22.86,25.69,0.8898404048267807,1.93,,0.62
2022-02-08 14:30:00,0.0149210947468189,0.013917107208655502,0.012113621922904914,stress,21.44,24.54,0.8736756316218419,1.91,,0.61
2022-02-09 14:30:00,-0.0019142943814737,-0.002977455987287855,-0.0051055846675808125,normal,19.96,23.49,0.8497232865048958,1.92,,0.58
2022-02-10 14:30:00,0.0107276616594025,0.014289948600927827,0.010519810034586222,stress,23.91,26.07,0.9171461449942463,1.91,,0.42
2022-02-11 14:30:00,-6.518991347764791e-05,0.003250368881141081,-0.0011451034760315293,stress,27.36,28.83,0.9490114464099896,2.0,,0.42
2022-02-14 14:30:00,0.0009287855265141,0.00121156135476236,0.0032189368027828796,stress,28.33,29.44,0.9622961956521738,2.0,,0.4
2022-02-15 14:30:00,0.0035875634074199,0.003183031385560829,0.0021771239801956638,stress,25.7,27.28,0.9420821114369501,1.99,,0.47
2022-02-16 14:30:00,0.0028644092127018,0.0029466636354618077,0.003048246829893993,stress,24.29,26.26,0.924980959634425,2.05,,0.51
2022-02-17 14:30:00,-0.0057282873309533,-0.003353363195300966,-0.003464862394868742,stress,28.11,29.32,0.958731241473397,2.12,,0.48
2022-02-18 14:30:00,-0.0025139019649126,-0.0033988737411975644,-0.004012009191410395,stress,27.75,29.22,0.9496919917864477,2.13,,0.45
2022-02-22 14:30:00,5.3973213565557294e-05,-0.00025458496050579163,-0.0004215031515833057,stress,28.81,29.11,0.9896942631398145,2.13,,0.38
2022-02-23 14:30:00,0.0054841247316397,0.007552544304893968,0.006504384046678834,stress,31.02,30.88,1.0045336787564767,2.1,,0.41
2022-02-24 14:30:00,0.007758888959164,0.008577272433093416,0.011127307425031999,stress,30.32,30.05,1.0089850249584027,2.24,,0.42
2022-02-25 14:30:00,-0.0002559755828123,-0.0015057163355516072,-0.0031496533926826786,stress,27.59,28.04,0.9839514978601998,2.2,,0.42
2022-02-28 14:30:00,0.0038382847774693,0.0029414216822991335,0.0029148001382790696,stress,30.15,29.65,1.0168634064080944,2.34,,0.39
2022-03-01 14:30:00,0.0039102264827408,0.007216343538174318,0.0061429902253925086,stress,33.32,32.59,1.0223995090518563,2.25,,0.41
2022-03-02 14:30:00,-0.0007506291473399,-0.0017601992554905164,-0.0030094528094169763,stress,30.74,30.97,0.9925734581853406,2.24,,0.36
2022-03-03 14:30:00,0.0005216970011559,0.000205351333215813,0.002226116586701207,stress,30.48,30.8,0.9896103896103896,2.24,,0.33
2022-03-04 14:30:00,0.0039623765263021,0.0021935093091108903,0.004833442812171207,stress,31.98,32.34,0.9888682745825602,2.31,,0.24
2022-03-07 14:30:00,-0.0061774584565102,-0.005922545086867302,-0.007852214222511627,stress,36.45,35.74,1.0198656966983772,2.32,,0.23
2022-03-08 14:30:00,0.0018761156491683,0.0012609916014417197,-0.0011409996694485116,stress,35.13,35.0,1.0037142857142858,2.35,,0.23
2022-03-09 14:30:00,0.0013741086692288,0.00160355825001148,0.0011393879318376513,stress,32.45,33.06,0.9815486993345433,2.32,,0.26
2022-03-10 14:30:00,-0.0040763723821808,-0.00503457846932835,-0.0041862783561851516,stress,30.23,31.52,0.9590736040609137,2.38,,0.26
2022-03-11 14:30:00,-0.0037602456374871,-0.003856808301526139,-0.003462772580011648,stress,30.75,32.34,0.9508348794063078,2.35,,0.25
2022-03-14 13:30:00,-0.0111921995748841,-0.010566875641643941,-0.0072820827917717944,stress,31.77,33.32,0.9534813925570228,2.33,,0.27
2022-03-15 13:30:00,0.0036325557781886,0.0036948945599476115,0.0058208693234706845,stress,29.83,31.96,0.9333541927409261,2.36,,0.3
2022-03-16 13:30:00,0.001344483770709,0.0010703223275817348,-0.0030741738774232976,stress,26.67,28.96,0.9209254143646409,2.23,,0.24
2022-03-17 13:30:00,-0.0030005245890217,-0.0021226846616842435,-0.0031874907072217125,stress,25.67,28.22,0.9096385542168676,2.17,,0.26
2022-03-18 13:30:00,-0.004815551062786,-0.006165070761705255,-0.00666933643576274,stress,23.87,26.55,0.8990583804143126,2.14,,0.17
2022-03-21 13:30:00,-0.0015545667885732,-0.00034570975349127397,0.0004744639627842946,stress,23.53,26.38,0.8919636087945414,2.07,,0.18
2022-03-22 13:30:00,0.0006814961309537,0.001234544052157594,0.0010804559214367116,stress,22.94,25.85,0.8874274661508704,2.05,,0.2
2022-03-23 13:30:00,-9.311890456317055e-05,0.00011531127139807698,0.00041616769709337126,stress,23.57,26.41,0.8924649753881105,2.03,,0.19
2022-03-24 13:30:00,-0.0024200304929479,-0.0018436329675233475,-0.0012890493804934159,stress,21.67,25.3,0.8565217391304348,2.01,,0.21
2022-03-25 13:30:00,0.0029062379896551,0.003401591087413988,0.0042264995892971,stress,20.81,24.72,0.8418284789644013,1.96,,0.18
2022-03-28 13:30:00,0.0022678525633049,0.0017323766025948346,0.00251282301728359,normal,19.63,24.18,0.8118279569892473,1.94,,0.11
2022-03-29 13:30:00,0.0037117112069901,0.003478448314423011,0.001097837867078271,normal,18.9,23.19,0.8150064683053039,1.91,,0.06
2022-03-30 13:30:00,0.0002085655998883,-0.00038230214783246106,0.0022595195654630204,normal,19.33,23.57,0.8201103097157403,1.93,,0.04
2022-03-31 13:30:00,0.0006715059936036,0.0006747850923571407,-0.0003524216380168773,stress,20.56,24.46,0.8405560098119378,1.93,,0.04
2022-04-01 13:30:00,-0.0018706482739108,-0.001769597450691287,-0.004288775701547293,normal,19.63,24.21,0.8108219743907475,1.81,,-0.05
2022-04-04 13:30:00,-0.0081279025330507,-0.00747623326924421,-0.007156116148968344,normal,18.57,23.03,0.8063395570994355,1.81,,-0.01
2022-04-05 13:30:00,-0.0039921591633977,-0.002710850527203942,-0.0007926901977269411,stress,21.03,24.9,0.8445783132530121,1.77,,0.03
2022-04-06 13:30:00,-0.0115418418885506,-0.009778173788654313,-0.008480357141130095,stress,22.1,25.8,0.8565891472868218,1.77,,0.11
2022-04-07 13:30:00,-0.0029305436407824,-0.0005845282164599762,0.0012642180138629751,stress,21.55,25.23,0.8541418945699564,1.78,,0.19
2022-04-08 13:30:00,0.0002756394529807,0.0002660243579344663,0.002613910015642632,stress,21.16,25.17,0.8406833531982518,1.78,,0.19
2022-04-11 13:30:00,0.0054824535323492,0.008161092143875606,0.006030441274770093,stress,24.37,27.0,0.9025925925925926,1.82,,0.29
2022-04-12 13:30:00,0.0076871886868283,0.00717939631785855,0.006368908644523954,stress,24.26,27.17,0.8928965771071035,1.92,,0.33
2022-04-13 13:30:00,-0.0027442127581308,-0.003177666823083684,-0.004122060653029366,stress,21.82,25.54,0.8543461237274863,1.94,,0.33
2022-04-14 13:30:00,0.0019605868410237,0.002698324528376697,0.002884645881602044,stress,22.7,26.03,0.8720706876680753,1.93,,0.36
2022-04-18 13:30:00,0.0055629281847288,,,stress,22.17,25.75,0.8609708737864078,1.94,,0.39
2022-04-19 13:30:00,0.0090462245548816,0.00833108052367593,0.007563798855434437,stress,21.37,25.06,0.8527533918595372,1.91,,0.32
2022-04-20 13:30:00,0.0040310404016293,0.002550926538341104,0.002729648855334875,stress,20.32,24.15,0.8414078674948241,1.91,,0.25
2022-04-21 13:30:00,-0.0009779156940775,-0.001931875117876267,-0.0005257397133569665,stress,22.68,26.11,0.868632707774799,1.93,,0.22
2022-04-22 13:30:00,-0.0133289462612924,-0.014908157508421341,-0.01637617819841612,stress,28.21,29.87,0.9444258453297623,1.96,,0.18
2022-04-25 13:30:00,-0.0011956664375054,-0.0024833145640824434,-0.0020556556157591585,stress,27.02,29.07,0.9294805641554867,2.03,,0.18
2022-04-26 13:30:00,-0.0007064760794006,0.0019084702769851581,0.0015025527183755044,stress,33.52,33.14,1.011466505733253,2.06,,0.23
2022-04-27 13:30:00,-0.0031930292974749,-0.003421949180900682,-0.001809375816556465,stress,31.6,32.2,0.9813664596273292,2.05,,0.24
2022-04-28 13:30:00,-0.0054740289760451,-0.006504096913175805,-0.004922888169177482,stress,29.99,31.15,0.962760834670947,2.06,,0.22
2022-04-29 13:30:00,0.0010378308749725,0.0014793818420327058,-0.0007807540352655197,stress,33.4,33.18,1.0066305003013862,2.05,,0.19
2022-05-02 13:30:00,-0.0021053453345275,-0.0013497713879512927,-0.003107562858040412,stress,32.34,33.01,0.979703120266586,2.08,,0.26
2022-05-03 13:30:00,-0.0034373160826203,-0.005520401597730638,-0.005932273899916631,stress,29.25,30.81,0.949367088607595,2.05,,0.19
2022-05-04 13:30:00,0.0040842715759911,0.00428233347114922,0.0056598087300654045,stress,25.42,28.09,0.9049483802064793,2.08,,0.27
2022-05-05 13:30:00,-0.000131961753543,0.0026684897649167133,0.0033111715772061426,stress,31.2,32.68,0.9547123623011016,2.1,,0.34
2022-05-06 13:30:00,0.0024188750306232,0.0033280791415142967,0.005414472980257769,stress,30.19,32.31,0.9343856391210151,2.09,,0.4
2022-05-09 13:30:00,-0.0023255196635443,-0.001986890167980231,-8.971558276389506e-06,stress,34.75,35.05,0.9914407988587732,2.17,,0.44
2022-05-10 13:30:00,-0.011853284558387,-0.012563660855853483,-0.011803927608738683,stress,32.99,33.97,0.9711510156020019,2.16,,0.37
2022-05-11 13:30:00,0.0030599252305883,0.003177071425834239,0.005401007481072869,stress,32.56,33.63,0.968183169788879,2.17,,0.25
2022-05-12 13:30:00,-0.002351164767776,-0.003149161035215238,-0.006064337885057876,stress,31.77,33.08,0.9603990326481258,2.2,,0.28
2022-05-13 13:30:00,0.0078039881416598,0.006329734296906208,0.005286014228397477,stress,28.87,30.7,0.9403908794788274,2.24,,0.32
2022-05-16 13:30:00,-0.0074614231023832,-0.008879353373220988,-0.008555935999485086,stress,27.47,29.51,0.930870891223314,2.29,,0.3
2022-05-17 13:30:00,0.0023741026495581,0.002309821791973654,0.0006341198407520013,stress,26.1,28.37,0.9199859005992246,2.27,,0.27
2022-05-18 13:30:00,-0.0008624485131892,-0.0002614376290216308,-0.0013042642269797437,stress,30.96,32.8,0.9439024390243903,2.31,,0.21
2022-05-19 13:30:00,0.0016405516169684,0.00019223461849309387,-0.0011933401842295775,stress,29.35,30.79,0.9532315686911336,2.37,,0.21
2022-05-20 13:30:00,-0.005182377634675,-0.005062906823868322,-0.004474106804323062,stress,29.43,31.14,0.9450867052023121,2.36,,0.18
2022-05-23 13:30:00,-0.0022234818883316,-0.0020441758969715388,-0.0006565181728776226,stress,28.48,30.29,0.9402443050511721,2.33,,0.21
2022-05-24 13:30:00,-0.0019849628322115,-0.0017054119606684502,-0.000982231570164029,stress,29.45,30.74,0.9580351333767079,2.34,,0.26
2022-05-25 13:30:00,0.0048980243702113,0.005020694786452983,0.003037915708317939,stress,28.37,29.73,0.9542549613185335,2.29,,0.27
2022-05-26 13:30:00,0.0009660752320258,0.0011905896994032308,0.00030837067294804807,stress,27.5,29.28,0.9392076502732241,2.25,,0.29
2022-05-27 13:30:00,-0.0024652145864441,-0.0033910765228109922,-0.0034247071730789313,stress,25.72,28.02,0.9179157744468237,2.26,,0.27
2022-05-31 13:30:00,0.0047227345192041,,,stress,26.19,27.99,0.9356913183279744,2.18,,0.32
2022-06-01 13:30:00,-0.0030310544034055,-0.0023519707574900873,-0.002280698331536767,stress,25.69,27.72,0.9267676767676769,2.08,,0.28
2022-06-02 13:30:00,0.0109366018657097,0.010422954275250116,0.009882460870679802,stress,24.72,27.06,0.9135254988913526,2.1,,0.27
2022-06-03 13:30:00,-0.0140763730168396,-0.013982387513116161,-0.016480516545309208,stress,24.79,27.33,0.907061836809367,2.09,,0.3
2022-06-06 13:30:00,0.0058239635124422,0.006104803915984619,0.005771149997691872,stress,25.07,27.22,0.9210139603232917,2.08,,0.31
2022-06-07 13:30:00,-0.0115970690257748,-0.012107032216849377,-0.012962140374766947,stress,24.02,26.52,0.9057315233785822,2.07,,0.23
2022-06-08 13:30:00,-0.0038687163587859,-0.003974548988597674,-0.00282668745635221,stress,23.96,26.54,0.9027882441597589,2.07,,0.25
2022-06-09 13:30:00,0.0079166476032718,0.00892944090218617,0.008908824149804682,stress,26.09,28.01,0.9314530524812566,2.07,,0.21
2022-06-10 13:30:00,0.0118407266664953,0.012742459162548639,0.012553235606345744,stress,27.75,29.72,0.9337146702557201,2.04,,0.09
2022-06-13 13:30:00,0.0012618542364124,0.0022420028211016184,0.00502556936243979,stress,34.02,34.24,0.9935747663551402,1.98,,0.03
2022-06-14 13:30:00,-0.0022682604756877,-0.0023533914507690096,-0.0017229307790546866,stress,32.69,33.28,0.9822716346153845,1.99,,0.04
2022-06-15 13:30:00,-0.0011184163311577,-0.001315697988312356,-0.0002628703739334455,stress,29.62,30.78,0.9623131903833658,2.1,,0.13
2022-06-16 13:30:00,-0.0060319138658913,-0.005933412690974092,-0.0037673188661994927,stress,32.95,33.49,0.9838757838160646,2.13,,0.14
2022-06-17 13:30:00,0.0014904815464721,0.0005257295832006684,-0.00010431283599228415,stress,31.13,32.36,0.9619901112484549,2.13,,0.08
2022-06-21 13:30:00,-0.0164757939570969,,,stress,30.19,31.25,0.96608,2.13,,0.1
2022-06-22 13:30:00,-0.0025363162946756,-0.0030068438265232235,-0.0034470643441800427,stress,28.95,30.24,0.9573412698412699,2.17,,0.1
2022-06-23 13:30:00,-0.0029933210707199,-0.0034912412913663945,-0.0033197483321350464,stress,29.05,30.19,0.9622391520370983,2.2,,0.08
2022-06-24 13:30:00,7.630539812252327e-05,-0.0001581258464231623,-0.0003794923988426459,stress,27.23,28.95,0.940587219343696,2.22,,0.09
2022-06-27 13:30:00,-0.0008665091344013,-0.0003287569312838941,-0.002252614851887779,stress,26.95,28.18,0.9563520227111426,2.19,,0.12
2022-06-28 13:30:00,0.003022007787515,0.002720638239158704,0.0012867178244790316,stress,28.36,29.15,0.9728987993138937,2.22,,0.1
2022-06-29 13:30:00,-0.0032180325886816,-0.0040624597386325605,-0.0011443296764999172,stress,28.16,29.0,0.9710344827586207,2.24,,0.04
2022-06-30 13:30:00,-0.0108309952466143,-0.011116497280208328,-0.01157435163081796,stress,28.71,29.71,0.9663412992258499,2.31,,0.06
2022-07-01 13:30:00,0.0096458801819613,0.009535587638706627,0.00915534698801529,stress,26.7,28.52,0.9361851332398317,2.42,,0.04
2022-07-05 13:30:00,0.0024004686222099,,,stress,27.54,28.9,0.9529411764705883,2.41,,0.0
2022-07-06 13:30:00,-0.0039643794417818,-0.00409298213662684,-0.002291610760959222,stress,26.73,28.39,0.9415287072912998,2.39,,-0.04
2022-07-07 13:30:00,0.0107313543575107,0.010920223651232377,0.010364596886976,stress,26.08,28.03,0.9304316803424901,2.33,,-0.02
2022-07-08 13:30:00,-0.0008065023747126,-0.0011137455847536266,-0.00042392293305462653,stress,24.64,27.3,0.9025641025641026,2.31,,-0.03
2022-07-11 13:30:00,-0.006088261683828,-0.005712588488822338,-0.005263949494682085,stress,26.17,28.25,0.9263716814159293,2.32,,-0.08
2022-07-12 13:30:00,0.0044529706756456,0.004568891827134136,0.002848052064099035,stress,27.29,28.82,0.9469118667591949,2.31,,-0.07
2022-07-13 13:30:00,-0.0012354604359897,-0.0009607538264477522,-0.0013227312349183562,stress,26.82,28.56,0.939075630252101,2.32,,-0.22
2022-07-14 13:30:00,0.0034518536551501,0.003149179686355286,0.005683396014888251,stress,26.4,28.61,0.9227542817196784,2.31,,-0.19
2022-07-15 13:30:00,0.0037681336250597,0.003068442226154298,0.002821333119134995,stress,24.23,27.08,0.8947562776957164,2.3,,-0.2
2022-07-18 13:30:00,0.0097931380360371,0.009703183753914444,0.00821391095533696,stress,25.3,27.82,0.9094176851186198,2.28,,-0.19
2022-07-19 13:30:00,0.0043355384816737,0.004102238041127582,0.002686831641803683,stress,24.5,27.31,0.8971072867081655,2.26,,-0.22
2022-07-20 13:30:00,0.0047473648771345,0.0032790228407224512,0.001960974702962315,stress,23.88,26.7,0.8943820224719101,2.2,,-0.21
2022-07-21 13:30:00,0.0086984785073021,0.009110804163514521,0.010321081641733312,stress,23.11,26.22,0.8813882532418001,2.23,,-0.19
2022-07-22 13:30:00,0.0036661062298949,0.004701352958350759,0.005808470412295092,stress,23.03,25.97,0.8867924528301888,2.28,,-0.21
2022-07-25 13:30:00,-0.0020119588332267,-0.0017495939729717728,-0.002721035540607223,stress,23.36,25.8,0.9054263565891473,2.31,,-0.19
2022-07-26 13:30:00,-0.0030715145088284,-0.003157024105625559,-0.004529316177622269,stress,24.69,26.42,0.9345193035579107,2.29,,-0.21
2022-07-27 13:30:00,0.0017822690583281,0.001544176232175064,0.0023932817509869503,stress,23.24,25.31,0.9182141446068748,2.3,,-0.18
2022-07-28 13:30:00,0.0013374526250778,0.002875613184831311,0.002269037611267302,stress,22.33,24.33,0.917796958487464,2.42,,-0.17
2022-07-29 13:30:00,0.0036105520512247,0.0032942649061023376,0.005032812321111305,stress,21.33,23.79,0.8965952080706179,2.36,,-0.22
2022-08-01 13:30:00,0.0088850598709272,0.01005695766689844,0.009514207104533235,stress,22.84,24.86,0.918744971842317,2.38,,-0.3
2022-08-02 13:30:00,0.00712781312205,0.006194427975148242,0.005249923129006589,stress,23.93,25.66,0.9325798908807482,2.29,,-0.31
2022-08-03 13:30:00,-0.0029682494290759,-0.003047837438018324,-0.0026124979358346906,stress,21.95,24.37,0.9006975789905621,2.29,,-0.37
2022-08-04 13:30:00,-0.0129723473952751,-0.012538329528133354,-0.01226228556339739,stress,21.44,24.32,0.8815789473684211,2.32,,-0.35
2022-08-05 13:30:00,0.0049949471930136,0.004442741425409859,0.002274983841154527,stress,21.15,24.18,0.8746898263027295,2.29,,-0.41
2022-08-08 13:30:00,0.0004237117654895,-0.00044833865264384966,-0.0028368339997607347,stress,21.29,24.48,0.86968954248366,2.26,,-0.44
2022-08-09 13:30:00,-0.006153435880002,-0.006405401721134084,-0.0040383385633493436,stress,21.77,24.69,0.8817334953422438,2.26,,-0.48
2022-08-10 13:30:00,0.0188311064777585,0.019224771972472226,0.017149159627405073,normal,19.74,23.46,0.8414322250639386,2.29,,-0.45
2022-08-11 13:30:00,0.0002483759449365,0.0005833645629871092,-0.00034163874516334407,stress,20.2,23.71,0.8519611978068325,2.29,,-0.36
2022-08-12 13:30:00,0.0010269076407854,0.00029904879897996335,-0.0004736349142339918,normal,19.53,23.31,0.8378378378378379,2.27,,-0.41
2022-08-15 13:30:00,-0.0059957462632331,-0.005873158482693981,-0.0062602468636725,normal,19.95,23.32,0.8554888507718696,2.27,,-0.41
2022-08-16 13:30:00,-0.0063007249260336,-0.006487268421764439,-0.005105638425095555,normal,19.69,23.32,0.8443396226415095,2.27,,-0.43
2022-08-17 13:30:00,-0.0048050105477257,-0.005052602519750531,-0.001019942966885224,normal,19.9,23.6,0.8432203389830507,2.24,,-0.39
2022-08-18 13:30:00,0.0027610707842093,0.0030616470108500034,0.001549678442779713,normal,19.56,23.39,0.8362548097477553,2.24,,-0.34
2022-08-19 13:30:00,-0.0087258587558291,-0.007809513189253799,-0.0053050322443258455,stress,20.6,24.32,0.8470394736842106,2.25,,-0.27
2022-08-22 13:30:00,0.0069639676130584,0.008025944957128254,0.0055447392758338826,stress,23.8,26.0,0.9153846153846155,2.24,,-0.29
2022-08-23 13:30:00,0.0010325075106215,0.0016738630330102237,-0.0009061204050213496,stress,24.11,25.92,0.9301697530864197,2.24,,-0.24
2022-08-24 13:30:00,0.0036018085335783,0.0030859522021955688,0.0028563095366719742,stress,22.82,24.89,0.9168340699075934,2.23,,-0.25
2022-08-25 13:30:00,0.0042910867108323,0.0029150117452922874,0.004117671887445455,stress,21.78,24.13,0.9026108578532948,2.21,,-0.32
2022-08-26 13:30:00,-0.0033023408577865,-0.0025229730989610893,-0.004853564210749443,stress,25.56,26.56,0.9623493975903614,2.19,,-0.33
2022-08-29 13:30:00,0.0037545452963078,0.0044623733669608935,0.005494125581959056,stress,26.21,26.82,0.9772557792692022,2.19,,-0.3
2022-08-30 13:30:00,-0.0026905821793191,-0.00373107003759617,-0.002033756348407343,stress,26.21,26.91,0.9739873652917131,2.17,,-0.35
2022-08-31 13:30:00,0.0016521494784626,0.0020072367681256073,0.0013360699348820447,stress,25.87,26.65,0.9707317073170733,2.18,,-0.3
2022-09-01 13:30:00,-0.0161587896862612,-0.015014643710287108,-0.00980223198880068,stress,25.56,26.43,0.9670828603859251,2.22,,-0.25
2022-09-02 13:30:00,0.0053174080421882,0.006896420191637321,0.005440385188077087,stress,25.47,26.48,0.961858006042296,2.24,,-0.2
2022-09-06 13:30:00,-0.0003157099821689,,,stress,26.91,27.59,0.975353388909025,2.27,,-0.17
2022-09-07 13:30:00,0.0066928563119212,0.004000174962397952,0.004752075727150229,stress,24.64,26.1,0.9440613026819923,2.24,,-0.18
2022-09-08 13:30:00,-6.714028319240381e-05,-0.0006113145368148086,-0.0009411796392756258,stress,23.61,25.52,0.9251567398119123,2.25,,-0.19
2022-09-09 13:30:00,0.0028471501997745,0.00015174180754455244,-0.0007196791369928775,stress,22.79,25.14,0.9065234685759744,2.2,,-0.23
2022-09-12 13:30:00,0.004510418372672,0.0057082116933988465,0.004487024863819344,stress,23.87,25.37,0.9408750492707922,2.2,,-0.21
2022-09-13 13:30:00,0.0036112311507422,0.006374664324154301,0.0034516710390606452,stress,27.27,27.95,0.9756708407871199,2.18,,-0.33
2022-09-14 13:30:00,-0.0054427761863393,-0.007438545158242349,-0.0067655377142494325,stress,26.16,27.46,0.9526584122359796,2.15,,-0.37
2022-09-15 13:30:00,-0.0017672537451732,-0.002740225074063844,-0.004182936439009877,stress,26.27,27.6,0.9518115942028985,2.12,,-0.42
2022-09-16 13:30:00,-0.003230289624742,-0.0015174507049207815,0.0007273841316403806,stress,26.3,27.63,0.9518639160332972,2.18,,-0.4
2022-09-19 13:30:00,0.0039598580963445,0.0025677141982485114,0.003089027330972896,stress,25.76,27.01,0.953720844131803,2.15,,-0.46
2022-09-20 13:30:00,-0.0017139561932305,-0.0009625561529216984,-0.0001542256068818987,stress,27.16,27.88,0.9741750358680058,2.13,,-0.39
2022-09-21 13:30:00,0.0039792090715632,0.00369918868748365,0.0029664875229495928,stress,27.99,28.76,0.9732267037552155,2.12,,-0.51
2022-09-22 13:30:00,-0.01474414214488,-0.015595209836945479,-0.007113372351463076,stress,27.35,28.22,0.9691708008504607,2.08,,-0.41
2022-09-23 13:30:00,-0.0027029644560905,-0.002718635311707036,0.0024184328625145015,stress,29.92,30.32,0.9868073878627969,2.09,,-0.51
2022-09-26 13:30:00,0.0044632039359182,0.007293897640342602,0.008924944725164613,stress,32.26,31.77,1.015423355366698,2.01,,-0.39
2022-09-27 13:30:00,-0.0081956097726666,-0.006263453891919721,-0.013131600711225103,stress,32.6,32.12,1.0149439601494397,2.08,,-0.33
2022-09-28 13:30:00,-0.0036457045898848,0.001121657590963865,-0.007238523268844903,stress,30.18,30.58,0.9869195552648791,2.25,,-0.35
2022-09-29 13:30:00,0.002119965891418,0.002879046278084744,0.003646924589279745,stress,31.84,31.74,1.0031505986137366,2.27,,-0.4
2022-09-30 13:30:00,-0.0032012888630192,-0.004201896099646203,-0.008642912127344478,stress,31.62,31.86,0.992467043314501,2.24,,-0.39
2022-10-03 13:30:00,0.0073484953618925,0.007172284928313288,-0.027994201905889825,stress,30.1,30.69,0.9807754969045291,2.29,,-0.45
2022-10-04 13:30:00,0.0029025340320635,0.0013035133112188073,-0.000723712305591612,stress,29.07,29.67,0.9797775530839231,2.27,,-0.48
2022-10-05 13:30:00,-0.0040161806699871,-0.003531092360665894,-0.0022066562201139735,stress,28.55,29.43,0.9700985389058784,2.22,,-0.39
2022-10-06 13:30:00,0.0002141073268989,-0.0005731230859428969,-0.003901965197490272,stress,30.52,30.79,0.9912309191295875,2.16,,-0.4
2022-10-07 13:30:00,-0.0020699016588891,-0.0017665543776837292,0.00013273134717748,stress,31.36,32.1,0.9769470404984423,2.17,,-0.41
2022-10-10 13:30:00,-0.001222907303673,,,stress,32.45,32.73,0.991445157347999,,,
2022-10-11 13:30:00,-0.0030277116902166,,,stress,33.63,33.36,1.0080935251798562,2.23,,-0.37
2022-10-12 13:30:00,-0.0039927094154573,-0.00322165237391157,-0.004340718421043199,stress,33.57,33.13,1.0132810141865378,2.27,,-0.37
2022-10-13 13:30:00,-0.0050299806672662,-0.00944892905642349,-0.007252480005136061,stress,31.94,31.8,1.0044025157232706,2.28,,-0.5
2022-10-14 13:30:00,-0.0077605893205125,-0.007272865921226213,-0.005361110314260289,stress,32.02,32.45,0.986748844375963,2.28,,-0.48
2022-10-17 13:30:00,-0.0017159531535831,-0.0005555296034552139,-0.005593978791486381,stress,31.37,31.74,0.9883427851291746,2.28,,-0.43
2022-10-18 13:30:00,0.0024457441445596,0.0025120548187599952,0.004139599799157418,stress,30.5,30.98,0.9845061329890251,2.28,,-0.42
2022-10-19 13:30:00,0.0035303710302818,0.0031557854406984607,0.006525477471832908,stress,30.76,31.35,0.9811802232854865,2.25,,-0.41
2022-10-20 13:30:00,0.0043022691134259,0.004651594337802189,0.005986455187403103,stress,29.98,30.81,0.973060694579682,2.24,,-0.38
2022-10-21 13:30:00,-0.0169948087682093,-0.01158626237739151,-0.01136125855874482,stress,29.69,30.47,0.9744010502133247,2.36,,-0.28
2022-10-24 13:30:00,-0.0009428412337819,-0.000886985752427683,0.0024141351764677445,stress,29.85,30.33,0.9841740850642929,2.34,,-0.25
2022-10-25 13:30:00,0.0083763792563506,0.007215625985768388,0.0042786558316465035,stress,28.46,29.29,0.9716626835097304,2.37,,-0.32
2022-10-26 13:30:00,0.0010990873510677,-0.0022626059020115917,-0.00449153976650285,stress,27.28,28.46,0.9585382993675334,2.33,,-0.35
2022-10-27 13:30:00,-0.0052253424172448,-0.004460543171675794,-0.005259146026092974,stress,27.39,28.28,0.9685289957567185,2.34,,-0.34
2022-10-28 13:30:00,-0.0038490713712174,-0.008155509044033116,-0.007188002746303407,stress,25.75,26.9,0.9572490706319703,2.3,,-0.39
2022-10-31 13:30:00,0.0060396439087093,0.0048366236454820966,0.0015679457667772158,stress,25.88,26.92,0.9613670133729568,2.28,,-0.41
2022-11-01 13:30:00,0.0018220771367648,-0.0020189576928592856,-0.002063319570840238,stress,25.81,26.69,0.967028849756463,2.22,,-0.47
2022-11-02 13:30:00,-0.0044915267323438,-0.006966543584060928,-0.0017561413732319706,stress,25.86,27.22,0.9500367376928729,2.18,,-0.51
2022-11-03 13:30:00,-0.0078333989510838,-0.009425766802236907,-0.00798128332567558,stress,25.3,26.7,0.9475655430711611,2.19,,-0.57
2022-11-04 13:30:00,-0.0017381553122671,0.0016998469539347503,0.0022121710958760603,stress,24.55,26.39,0.9302766199317923,2.22,,-0.49
2022-11-07 14:30:00,-0.0001422324747765,-0.0004443442982796713,0.0017925066386434982,stress,24.35,26.26,0.9272658035034272,2.22,,-0.5
2022-11-08 14:30:00,-0.0087083405701228,-0.00920260183307774,-0.006582957895846269,stress,25.54,27.1,0.9424354243542434,2.23,,-0.53
2022-11-09 14:30:00,-0.0048414265229259,0.0001739802574089273,0.004950888971617148,stress,26.09,27.91,0.9347903977069151,2.33,,-0.49
2022-11-10 14:30:00,0.0079281370224429,0.00786597962215617,0.006271251476586444,stress,23.53,26.18,0.89877769289534,2.36,,-0.52
2022-11-11 14:30:00,0.0035796189810143,,,stress,22.52,25.74,0.874902874902875,,,
2022-11-14 14:30:00,-0.0101589830933146,,,stress,23.73,26.13,0.9081515499425947,2.27,,-0.52
2022-11-15 14:30:00,0.0061058146574291,0.003465453270922329,0.0006688896053722504,stress,24.54,26.59,0.9229033471229785,2.23,,-0.57
2022-11-16 14:30:00,-0.0065936567266944,-0.009568860623782174,-0.004172617057978825,stress,24.11,26.03,0.9262389550518632,2.24,,-0.68
2022-11-17 14:30:00,-0.0080647940508639,-0.01003866843079692,-0.008178050039998802,stress,23.93,25.83,0.9264421215640728,2.18,,-0.66
2022-11-18 14:30:00,0.0046118975891524,0.0017994506862139452,0.0024905422243841364,stress,23.12,25.33,0.9127516778523491,2.13,,-0.69
2022-11-21 14:30:00,-0.0027662205179118,-0.0037680071584146337,-0.002029497569175873,stress,22.36,24.72,0.9045307443365695,2.08,,-0.65
2022-11-22 14:30:00,-0.0022614806043703,-0.004536817084825719,-0.0016869767077722702,stress,21.29,23.83,0.8934116659672682,2.07,,-0.71
2022-11-23 14:30:00,0.0077169548778182,0.004642369268670807,0.006663076744635726,stress,20.35,23.38,0.8704020530367836,2.02,,-0.75
2022-11-25 14:30:00,0.002344543252957,,,stress,20.5,23.59,0.8690122933446376,2.06,,-0.74
2022-11-28 14:30:00,-0.0053831198301995,-0.005975282119397776,-0.005327675641297379,stress,22.21,24.9,0.8919678714859438,2.05,,-0.77
2022-11-29 14:30:00,0.0023918779849093,0.00359807213868126,0.0029153941160084676,stress,21.89,24.65,0.8880324543610548,2.06,,-0.73
2022-11-30 14:30:00,0.0023934492601529,0.005594735256909476,0.0063012174123882525,stress,20.58,23.53,0.8746281342966424,2.15,,-0.7
2022-12-01 14:30:00,0.0006606637860109,-0.0020635514781291373,-0.00045531814832042595,normal,19.84,23.31,0.8511368511368512,2.09,,-0.72
2022-12-02 14:30:00,-0.0044056950414511,-0.007655862574232075,-0.01026211016502496,normal,19.06,22.96,0.8301393728222995,2.03,,-0.77
2022-12-05 14:30:00,0.0008630754729762,-0.000559519088959463,0.002226604234865454,stress,20.75,23.89,0.8685642528254499,1.99,,-0.81
2022-12-06 14:30:00,0.0012837527220973,0.0007107686999893305,0.0012055718817681562,stress,22.17,24.72,0.8968446601941749,1.97,,-0.83
2022-12-07 14:30:00,-0.0015193754851953,-0.0020884139364480804,-0.0019599960237666114,stress,22.68,25.18,0.9007148530579825,1.95,,-0.84
2022-12-08 14:30:00,-0.0006090357081309,-0.0015538075464435132,-0.0016745233398795226,stress,22.29,24.73,0.9013344116457743,1.91,,-0.83
2022-12-09 14:30:00,0.004956598909386,0.0067861419981080605,0.007747920713973153,stress,22.83,25.21,0.9055930186433954,1.9,,-0.76
2022-12-12 14:30:00,-0.0040886954450908,-0.003875440495519793,-0.004349950711430609,stress,25.0,25.67,0.9738994935722632,1.88,,-0.78
2022-12-13 14:30:00,-0.0013674727184728,-0.0005785980810378031,0.00048488043124558073,stress,22.55,24.29,0.9283655825442569,1.91,,-0.71
2022-12-14 14:30:00,-0.0035727839852087,-0.004010393918102274,-0.0024273400608410475,stress,21.14,23.46,0.9011082693947144,1.95,,-0.74
2022-12-15 14:30:00,-0.0033374195440824,-0.0027521027267702744,-0.0025673537669389937,stress,22.83,25.08,0.9102870813397129,1.97,,-0.79
2022-12-16 14:30:00,0.0005123536186261,0.0024395175356115317,0.0002618236170173604,stress,22.62,25.15,0.8994035785288271,1.98,,-0.69
2022-12-19 14:30:00,-0.0016093258989666,-0.001728049806279944,-0.00010104360131337462,stress,22.42,25.08,0.893939393939394,1.98,,-0.68
2022-12-20 14:30:00,-0.0029211065873528,-0.0027939139684082692,-0.0039225446342838945,stress,21.48,24.4,0.8803278688524591,1.99,,-0.56
2022-12-21 14:30:00,-0.0002326740382494,-0.0007772151062586078,-0.0005292530131990238,stress,20.07,23.35,0.8595289079229121,2.01,,-0.53
2022-12-22 14:30:00,-0.0033315929870983,-0.0023731712058445787,-0.0032632421530008754,stress,21.97,24.78,0.8866020984665052,1.99,,-0.57
2022-12-23 14:30:00,0.0018871992026364,0.001102039756850151,0.00227012973303683,stress,20.87,24.13,0.8648984666390386,2.0,,-0.56
2022-12-27 14:30:00,0.0037289625663809,0.006012278268128985,0.006809251965911665,stress,21.65,24.43,0.8862054850593533,2.02,,-0.48
2022-12-28 14:30:00,-0.0023480412558277,-0.0018854515954986502,-0.0019669285899668295,stress,22.14,24.58,0.90073230268511,2.01,,-0.43
2022-12-29 14:30:00,-0.0006954491318776,-0.0013624392956428355,-0.003004381782447039,stress,21.44,23.95,0.8951983298538623,2.01,,-0.51
2022-12-30 14:30:00,-0.0004749052406272,-0.0009626891575693303,-0.0010833330516720465,stress,21.67,24.29,0.8921366817620421,1.99,,-0.53
2023-01-03 14:30:00,-0.0009296428699856,0.002431353916034334,-0.005444616904509013,stress,22.9,24.58,0.9316517493897478,2.03,,-0.61
2023-01-04 14:30:00,-5.2697204654152986e-05,0.0007333856390921918,0.001686684943060073,stress,22.01,23.81,0.9244015119697607,2.07,,-0.67
2023-01-05 14:30:00,-0.0038548037101353,-0.004741650144234835,-0.0047370000952104,stress,22.46,24.07,0.933111757374325,2.03,,-0.74
2023-01-06 14:30:00,-0.0003963670383908,-0.0004946694645706837,0.00014713554539817764,stress,21.13,23.18,0.9115616911130284,2.07,,-0.69
2023-01-09 14:30:00,0.0158137689075294,0.01485880920118745,0.013920536301972597,stress,21.97,23.74,0.9254422914911542,2.02,,-0.66
2023-01-10 14:30:00,0.0035377295166613,0.002145056760807237,0.0002902967224982806,stress,20.58,22.74,0.9050131926121372,2.02,,-0.63
2023-01-11 14:30:00,0.0002368053460426,-0.000395857628232672,-0.0006303372766428604,stress,21.09,22.74,0.9274406332453826,1.99,,-0.66
2023-01-12 14:30:00,-0.0055165647167381,-0.00828814922929566,-0.01099416038102291,normal,18.83,21.58,0.8725671918443003,1.97,,-0.69
2023-01-13 14:30:00,0.0067946127930468,0.0059800034685020265,0.005446256899882759,normal,18.35,21.14,0.8680227057710502,1.95,,-0.73
2023-01-17 14:30:00,0.0062263940512011,,,normal,19.36,21.45,0.9025641025641026,1.91,,-0.65
2023-01-18 14:30:00,-0.0005656058815621,0.0024459865874455525,0.00227140813554647,stress,20.34,22.27,0.9133363268971711,1.96,,-0.69
2023-01-19 14:30:00,0.0022088874735651,0.0034832681089318283,0.0033639972014517187,stress,20.52,22.45,0.9140311804008909,1.99,,-0.7
2023-01-20 14:30:00,0.0009549787564317,3.930536797049013e-05,0.0007506137956594805,normal,19.85,21.72,0.9139042357274403,1.98,,-0.66
2023-01-23 14:30:00,0.0046041583339143,0.004597277817740371,0.0048900723092982715,normal,19.81,21.6,0.9171296296296295,1.96,,-0.69
2023-01-24 14:30:00,-0.0139643248158662,-0.015104062107260577,-0.014777070269684727,normal,19.2,20.91,0.9182209469153515,1.94,,-0.66
2023-01-25 14:30:00,0.0018519038570468,0.0020606453944902875,0.0018165400359014061,normal,19.08,20.94,0.9111747851002864,1.96,,-0.65
2023-01-26 14:30:00,0.0050240674154831,0.004556570625919788,0.005794895887839869,normal,18.73,20.7,0.9048309178743962,1.91,,-0.68
2023-01-27 14:30:00,0.0044027870335284,0.003599860363405862,0.002728354828421085,normal,18.51,20.47,0.9042501221299464,1.88,,-0.67
2023-01-30 14:30:00,0.0044346725181149,0.005064501854440467,0.005230719698305819,normal,19.94,21.37,0.9330837622835751,1.87,,-0.7
2023-01-31 14:30:00,0.0046274905746021,0.004994746164592383,0.0030709981127088736,normal,19.4,20.81,0.9322441134070159,1.9,,-0.69
2023-02-01 14:30:00,0.0066265202891197,0.006593700420558317,0.00590629290973012,normal,17.87,19.97,0.8948422633950928,1.91,,-0.7
2023-02-02 14:30:00,0.0018276897117398,0.0016403761045574738,-0.001238099401750504,normal,18.73,20.84,0.8987523992322457,1.88,,-0.69
2023-02-03 14:30:00,-0.0046599759048201,-0.0049817980178160646,-0.0059111325844016524,normal,18.33,20.78,0.8820981713185754,1.83,,-0.77
2023-02-06 14:30:00,-0.0094166521612895,-0.009393727968404533,-0.007795602019378825,normal,19.43,21.43,0.9066728884741018,1.77,,-0.81
2023-02-07 14:30:00,0.0049423573049852,0.004628741587543141,0.005658650854318572,normal,18.66,20.78,0.8979788257940327,1.78,,-0.8
2023-02-08 14:30:00,0.0084065462123431,0.008604827206846806,0.009311512794227124,normal,19.63,21.82,0.8996333638863427,1.83,,-0.82
2023-02-09 14:30:00,-0.0020575199412249,-0.002566700994591594,-0.0019989453457872957,stress,20.71,22.5,0.9204444444444445,1.84,,-0.81
2023-02-10 14:30:00,-0.0005933212972365,-0.001353376137180427,-0.0011498038287169427,stress,20.53,22.55,0.9104212860310421,1.85,,-0.76
2023-02-13 14:30:00,-0.0027747460258084,-0.0021258995451754036,-0.002167529206956929,stress,20.34,21.97,0.9258079198907602,1.84,,-0.8
2023-02-14 14:30:00,0.001123207478063,0.002104412279115015,0.0023220802246858843,normal,18.91,21.14,0.8945127719962157,1.81,,-0.83
2023-02-15 14:30:00,0.0117112698475632,0.011382625832730857,0.01105475674013615,normal,18.23,20.68,0.8815280464216635,1.82,,-0.81
2023-02-16 14:30:00,0.0100693438228785,0.009371724249728987,0.008686245958998409,stress,20.17,21.88,0.9218464351005485,1.84,,-0.76
2023-02-17 14:30:00,-0.0074991340200174,-0.00781803437578838,-0.008692220303330618,stress,20.02,21.77,0.9196141479099679,1.89,,-0.78
2023-02-21 14:30:00,-0.0051937416638078,,,stress,22.87,23.38,0.9781864841745083,1.87,,-0.72
2023-02-22 14:30:00,0.0035748750398247,0.003991713712267074,0.003695962880307777,stress,22.29,22.68,0.9828042328042328,1.85,,-0.73
2023-02-23 14:30:00,-0.0005016058107642,0.001093997284614579,0.001050095700617488,stress,21.14,21.74,0.9724011039558419,1.86,,-0.78
2023-02-24 14:30:00,0.0011894374039682,0.002267802601518828,0.0022695287402026707,stress,21.67,22.43,0.966116807846634,1.86,,-0.83
2023-02-27 14:30:00,0.0012724149804664,0.0022658103775064775,0.002184658801090935,stress,20.95,21.59,0.9703566465956461,1.87,,-0.86
2023-02-28 14:30:00,0.0006483652547876,0.0011824732172416622,0.0007456131253233821,stress,20.7,21.32,0.9709193245778611,1.9,,-0.89
2023-03-01 14:30:00,-0.0051497591796262,-0.0048026690380851295,-0.0052425118892079165,stress,20.58,21.36,0.9634831460674157,1.84,,-0.88
2023-03-02 14:30:00,-0.0002443928146739,-0.0008873280851569384,0.0006128787980312257,normal,19.59,20.63,0.9495879786718372,1.82,,-0.81
2023-03-03 14:30:00,0.0037297682493242,0.006296558743881943,0.007032708672147493,normal,18.49,19.98,0.9254254254254253,1.79,,-0.89
2023-03-06 14:30:00,-0.0112998104415812,-0.011023090343616692,-0.009339626634841369,normal,18.61,19.99,0.9309654827413707,1.79,,-0.91
2023-03-07 14:30:00,-0.0008966469667643,0.0009045654349312481,-0.0006653506523497665,normal,19.59,20.59,0.9514327343370568,1.79,,-1.03
2023-03-08 14:30:00,0.0025534852501221,0.003411995043922875,0.0043032130400761665,normal,19.11,20.19,0.9465081723625556,1.79,,-1.07
2023-03-09 14:30:00,-0.0037999199724501,-0.007159036031729137,-0.00773800711515916,stress,22.61,22.87,0.9886313948404022,1.85,,-0.97
2023-03-10 14:30:00,-0.005925262896591,-0.006799695957460497,-0.005712523021974021,stress,24.8,25.39,0.9767625049231982,1.96,,-0.9
2023-03-13 13:30:00,-0.0107054470126693,-0.011984083085166422,-0.013440735521503891,stress,26.52,26.64,0.9954954954954954,2.14,,-0.48
2023-03-14 13:30:00,0.0010855682239793,-0.0005865233914594723,-0.00010728718932556582,stress,23.73,24.87,0.9541616405307599,2.11,,-0.56
2023-03-15 13:30:00,-0.0027392215315965,0.00047538944513417876,6.80392408159325e-05,stress,26.14,27.2,0.9610294117647059,2.22,,-0.42
2023-03-16 13:30:00,0.0098734397780043,0.0071489392254696655,0.008872490820301218,stress,22.99,24.56,0.9360749185667753,2.16,,-0.58
2023-03-17 13:30:00,-0.0013098396649136,0.001977759165133826,0.0031670795244589014,stress,25.51,27.42,0.9303428154631656,2.21,,-0.42
2023-03-20 13:30:00,-0.0016357336106241,-0.0027172448421185665,-0.0023642406427032492,stress,24.15,25.85,0.9342359767891681,2.19,,-0.45
2023-03-21 13:30:00,0.0132447768633025,0.010013823811929874,0.010143765654073307,stress,21.38,23.57,0.90708527789563,2.11,,-0.58
2023-03-22 13:30:00,0.0003388349797946,0.002522685698760317,0.0033817104979958247,stress,22.26,24.38,0.9130434782608696,2.16,,-0.48
2023-03-23 13:30:00,-0.0084975737074578,-0.00565196479894327,-0.005555126792903303,stress,22.61,24.53,0.9217284957195271,2.26,,-0.38
2023-03-24 13:30:00,-0.0013491139615978,-0.0021849574280852525,-0.002144913436832329,stress,21.74,23.96,0.9073455759599331,2.24,,-0.38
2023-03-27 13:30:00,0.0049798385364792,0.0031044963467391044,0.002390211062683746,stress,20.6,22.87,0.9007433318758199,2.19,,-0.41
2023-03-28 13:30:00,-0.0034935223460614,-0.004252705798198806,-0.003159872841666192,normal,19.97,22.38,0.8923145665773011,2.19,,-0.47
2023-03-29 13:30:00,-0.0021468007826773,-0.0038456455140375547,-0.002285709913849153,normal,19.12,21.49,0.8897161470451374,2.15,,-0.51
2023-03-30 13:30:00,0.000934095840164,-0.0004487287956235523,0.0016912145916256921,normal,19.02,21.45,0.8867132867132868,2.11,,-0.55
2023-03-31 13:30:00,0.0001614144562545,-0.00022293383783249647,-0.0010914672979061041,normal,18.7,21.23,0.8808290155440414,2.11,,-0.58
2023-04-03 13:30:00,-0.0013483429402347,-0.0010249466953249566,-0.004816167367510587,normal,18.55,20.83,0.8905424867978877,2.11,,-0.54
2023-04-04 13:30:00,0.0023514132523576,0.002739238045695258,0.005165811951148991,normal,19.0,21.34,0.8903467666354264,2.1,,-0.49
2023-04-05 13:30:00,-0.0028708357862024,-0.0017814781672953997,0.00010088186191622257,normal,19.08,21.48,0.8882681564245809,2.14,,-0.49
2023-04-06 13:30:00,-0.0042555278365269,-0.005347666003693692,-0.004796047314301242,normal,18.4,21.0,0.8761904761904761,2.11,,-0.52
2023-04-10 13:30:00,0.0055717587395982,,,normal,18.97,21.07,0.9003322259136212,2.09,,-0.59
2023-04-11 13:30:00,0.0075361233350835,0.007176704785565337,0.0060405855407167225,normal,19.1,21.01,0.9090909090909091,2.05,,-0.6
2023-04-12 13:30:00,-0.004520541053482,-0.0033004651310692954,-0.0027175404866386435,normal,19.09,21.05,0.9068883610451306,2.08,,-0.54
2023-04-13 13:30:00,-0.004797584770875,-0.005182007280123879,-0.005393675150386599,normal,17.8,20.26,0.8785784797630799,2.07,,-0.51
2023-04-14 13:30:00,-0.0009071701082062,-0.0023005218693510285,1.0030196748021586e-05,normal,17.07,20.03,0.8522216674987518,2.05,,-0.56
2023-04-17 13:30:00,-0.0025562915979936,-0.0032209639499487866,-0.005328375035387148,normal,16.95,19.65,0.8625954198473282,2.02,,-0.58
2023-04-18 13:30:00,0.0035338201602118,0.0028797048352313557,0.0041706199681061824,normal,16.83,19.82,0.8491422805247224,2.01,,-0.61
2023-04-19 13:30:00,-0.0026828943307202,-0.0033858175650243157,-0.0035027724700245153,normal,16.46,20.02,0.8221778221778222,2.01,,-0.64
2023-04-20 13:30:00,-0.0009815514950164,0.00035635864385743913,-0.00023532828504986276,normal,17.17,20.55,0.8355231143552312,2.05,,-0.6
2023-04-21 13:30:00,0.0043294202453498,0.003931860678817643,0.0039767795809076195,normal,16.77,20.39,0.8224619911721431,2.04,,-0.6
2023-04-24 13:30:00,0.0021243781614308,0.0021954965931546533,0.00253836327720239,normal,16.89,20.4,0.8279411764705883,2.04,,-0.6
2023-04-25 13:30:00,-0.0020501939512451,0.0014471275797279018,0.0020979757003042796,normal,18.76,21.65,0.866512702078522,2.09,,-0.46
2023-04-26 13:30:00,0.0052499260377815,0.00542206701581706,0.0066579720386341235,normal,18.84,21.54,0.8746518105849582,2.11,,-0.47
2023-04-27 13:30:00,0.0083901620754847,0.005810342841436882,0.00799179374004133,normal,17.03,20.37,0.836033382425135,2.07,,-0.54
2023-04-28 13:30:00,-0.0043827491526137,-0.0059625722866623685,-0.005639743891872122,normal,15.78,19.54,0.8075742067553736,2.08,,-0.6
2023-05-01 13:30:00,-0.0040153855846663,-0.0037632267038394864,-0.004077546691737439,normal,16.08,19.67,0.817488561260803,2.06,,-0.55
2023-05-02 13:30:00,-0.0125795437505469,-0.009887966529749086,-0.009364247419395042,normal,17.78,20.75,0.8568674698795181,2.16,,-0.53
2023-05-03 13:30:00,-0.0049630903354081,-0.0032466230045908005,-0.005676238587223902,normal,18.34,21.29,0.8614372945044623,2.2,,-0.51
2023-05-04 13:30:00,-0.0050229070624924,-0.0022527582134993967,-0.0024535015903387465,stress,20.09,22.77,0.8823012736056215,2.24,,-0.38
2023-05-05 13:30:00,0.0093818711419196,0.006734994269250285,0.006435992712776959,normal,17.19,20.78,0.8272377285851781,2.2,,-0.48
2023-05-08 13:30:00,0.002538167494418,0.0024561056172012793,0.002399650431386914,normal,16.98,20.71,0.8198937711250603,2.2,,-0.48
2023-05-09 13:30:00,0.0004389995872196,0.0012668039395962998,0.0010164135208616085,normal,17.71,21.17,0.83656117146906,2.21,,-0.48
2023-05-10 13:30:00,-0.0012903746501877,0.0012929142785365528,0.0002893861951567848,normal,16.94,20.69,0.818753020782987,2.26,,-0.47
2023-05-11 13:30:00,7.245407528828126e-05,-0.0005457319689644162,-0.0004250935561869143,normal,16.93,20.62,0.8210475266731329,2.25,,-0.5
2023-05-12 13:30:00,-9.41779274259793e-05,-0.0023243161263136573,-0.0020547491070602333,normal,17.03,20.66,0.8242981606969991,2.21,,-0.52
2023-05-15 13:30:00,0.000926622165131,0.004359929314952212,0.004261886543319936,normal,17.12,20.31,0.842934515017233,2.27,,-0.49
2023-05-16 13:30:00,0.0006091469652398,0.001584618284861396,0.0002689774121787664,normal,17.99,20.9,0.8607655502392344,2.28,,-0.52
2023-05-17 13:30:00,0.0062986215251575,0.004492993884547583,0.0035309645633786555,normal,16.87,20.05,0.8413965087281796,2.26,,-0.55
2023-05-18 13:30:00,0.0002974574141911,-0.0029691036903060452,-0.003105607659301391,normal,16.05,19.33,0.8303155716502847,2.2,,-0.59
2023-05-19 13:30:00,-0.0035693383514213,-0.00360579789160143,-0.0036721648603472165,normal,16.81,20.04,0.8388223552894212,2.18,,-0.58
2023-05-22 13:30:00,0.0002273426949589,0.0009958463471640372,-0.000619676099047044,normal,17.21,20.36,0.8452848722986248,2.19,,-0.57
2023-05-23 13:30:00,-0.0053863302051098,-0.004080262032650523,-0.0053655286224397036,normal,18.53,21.06,0.8798670465337133,2.19,,-0.56
2023-05-24 13:30:00,0.0009198041263026,0.002030327838266111,0.0011391205542550954,stress,20.03,22.02,0.9096276112624887,2.18,,-0.58
2023-05-25 13:30:00,0.000984054406612,-0.0031666451794233226,-0.004017556980785687,normal,19.14,21.38,0.8952291861552854,2.1,,-0.67
2023-05-26 13:30:00,0.0019218682849193,0.0006485271748009687,8.259589008854213e-05,normal,17.95,20.44,0.8781800391389432,2.1,,-0.74
2023-05-30 13:30:00,-6.142271118036308e-05,,,normal,17.46,20.13,0.8673621460506707,2.14,,-0.77
2023-05-31 13:30:00,-0.0018072345636828,-0.000503211698809418,-0.0006701479122684919,normal,17.94,20.21,0.8876793666501732,2.16,,-0.76
2023-06-01 13:30:00,0.0064031062967191,0.004191907337481638,0.0039023810555394735,normal,15.65,18.75,0.8346666666666667,2.15,,-0.72
2023-06-02 13:30:00,0.0039322969796992,0.0010621944102658268,0.000769081367619111,normal,14.6,17.92,0.8147321428571428,2.11,,-0.81
2023-06-05 13:30:00,-0.0015741417577372,-0.0018407701751296493,-0.001101289227827,normal,14.73,17.9,0.8229050279329609,2.1,,-0.77
2023-06-06 13:30:00,0.0062273870302473,0.004466791372390079,0.003025158309746127,complacency,13.96,17.04,0.8192488262910799,2.08,,-0.81
2023-06-07 13:30:00,0.002470156769002,0.0015654348261774375,0.001070369744055995,complacency,13.94,17.14,0.8133022170361727,2.06,,-0.77
2023-06-08 13:30:00,-0.0042406114439341,-0.004102354388111188,-0.003980171700021611,complacency,13.65,16.86,0.8096085409252669,2.07,,-0.79
2023-06-09 13:30:00,-0.0028102107211244,-0.003178804021877732,-0.0024153992720585796,complacency,13.83,16.96,0.8154481132075472,2.05,,-0.84
2023-06-12 13:30:00,0.0003935032445745,0.004715442366358374,0.004777237175801857,normal,15.01,17.28,0.8686342592592592,2.1,,-0.82
2023-06-13 13:30:00,0.002418761134965,-0.0028912671216231177,-0.003319595871705248,complacency,14.61,17.23,0.8479396401625072,2.0,,-0.83
2023-06-14 13:30:00,-0.0068806480843203,-0.01045255834232398,-0.009023412162754138,complacency,13.88,16.86,0.8232502965599052,1.94,,-0.91
2023-06-15 13:30:00,-0.0014273464024825,0.002484017997065848,0.003189221886751815,complacency,14.5,17.18,0.8440046565774156,2.02,,-0.9
2023-06-16 13:30:00,-0.0015229639710414,-0.0047352105054781265,-0.0031320488179332603,complacency,13.54,16.75,0.8083582089552238,1.96,,-0.93
2023-06-20 13:30:00,0.0006697529192662,,,complacency,13.88,17.3,0.8023121387283237,1.95,,-0.94
2023-06-21 13:30:00,0.0024520888021262,0.0016067460907897338,0.0022641820611357154,complacency,13.2,16.89,0.7815275310834813,1.96,,-0.96
2023-06-22 13:30:00,-0.0018067190435281,-0.0027007398364116506,-0.002131819966343604,complacency,12.91,16.56,0.7795893719806763,1.94,,-0.97
2023-06-23 13:30:00,-0.0004453609019974,0.0008991217371868551,0.002018132072224053,complacency,13.44,16.87,0.7966804979253111,1.96,,-0.97
2023-06-26 13:30:00,0.0075213768530443,0.009183707392175618,0.009597663504019222,complacency,14.25,17.05,0.8357771260997067,1.98,,-0.93
2023-06-27 13:30:00,0.007701228841862,0.006297840431604173,0.0058575324512761175,complacency,13.74,16.44,0.8357664233576642,1.94,,-0.97
2023-06-28 13:30:00,0.0033926227132964,0.0034329733212786514,0.0029857143527196456,complacency,13.43,15.9,0.8446540880503144,1.96,,-1.0
2023-06-29 13:30:00,0.0033411371251894,0.0028208598576776964,0.0016421380369784104,complacency,13.54,16.1,0.8409937888198756,1.92,,-1.02
2023-06-30 13:30:00,-0.0011063862799744,-0.001720896762960555,-0.0005966264479440625,complacency,13.59,16.02,0.848314606741573,1.88,,-1.06
2023-07-03 13:30:00,-0.0017462979963604,-0.0022952945491611374,-0.011094904415478264,complacency,13.57,16.07,0.8444306160547604,1.85,,-1.08
2023-07-05 13:30:00,-0.0046411690981514,,,complacency,14.18,16.51,0.8588734100545123,1.83,,-0.99
2023-07-06 13:30:00,0.001491482151709,0.0031102774221848095,0.00413276425414209,complacency,15.44,17.52,0.8812785388127854,1.8,,-0.94
2023-07-07 13:30:00,0.0087534312552093,0.007691952057345996,0.00645889946585223,complacency,14.83,17.24,0.8602088167053366,1.81,,-0.88
2023-07-10 13:30:00,0.0021950985369841,0.003065311667516371,0.0015218746069679814,complacency,15.07,17.25,0.8736231884057971,1.86,,-0.84
2023-07-11 13:30:00,0.0041881082602508,0.004174486255294379,0.003960904373456702,complacency,14.84,16.97,0.8744843842074249,1.84,,-0.89
2023-07-12 13:30:00,-0.0053893582525303,-0.009042390650042401,-0.00916316370133631,complacency,13.54,16.11,0.840471756672874,1.88,,-0.86
2023-07-13 13:30:00,0.0009440678811947,0.001248359599112952,0.0009964720744956744,complacency,13.61,16.12,0.8442928039702232,1.91,,-0.83
2023-07-14 13:30:00,0.0006857863402814,0.0004843589457905255,0.0010749760207374543,complacency,13.34,16.04,0.8316708229426434,1.87,,-0.91
2023-07-17 13:30:00,0.0029335664637645,0.004221404267764294,0.0025886349680813037,complacency,13.48,16.27,0.8285187461585741,1.9,,-0.93
2023-07-18 13:30:00,0.000475262169061,3.650625026750356e-05,-0.0011791383431235274,complacency,13.3,16.13,0.824550526968382,1.89,,-0.94
2023-07-19 13:30:00,0.0014556864162947,0.002770297126955502,0.0022621938228562562,complacency,13.76,16.56,0.8309178743961353,1.87,,-0.99
2023-07-20 13:30:00,-0.0092683619696834,-0.00962757325664199,-0.008477602461427267,complacency,13.99,16.66,0.8397358943577431,1.85,,-0.95
2023-07-21 13:30:00,-0.0074981011749134,-0.008149887852079955,-0.006821697514731058,complacency,13.6,16.4,0.8292682926829269,1.85,,-0.98
2023-07-24 13:30:00,-5.1813079152484426e-05,0.00028604412474156045,0.00014501053876179656,complacency,13.91,16.26,0.8554735547355473,1.84,,-0.95
2023-07-25 13:30:00,0.0028800100583078,0.0022242585128537805,0.002227321744839592,complacency,13.86,16.22,0.8545006165228114,1.81,,-0.94
2023-07-26 13:30:00,-0.0029576570504157,-0.00371328969722382,-0.0046875398775703065,complacency,13.19,15.79,0.8353388220392653,1.83,,-0.96
2023-07-27 13:30:00,-0.0048507469191397,-0.0035144615853054868,-0.003814607485080182,complacency,14.41,16.63,0.8665063138905593,1.78,,-0.9
2023-07-28 13:30:00,-0.0035534129847782,-0.005494633072350868,-0.006382707116623733,complacency,13.33,15.92,0.8373115577889447,1.8,,-0.91
2023-07-31 13:30:00,0.0089100089699012,0.009291161158585798,0.006628963747825342,complacency,13.63,16.01,0.8513429106808245,1.77,,-0.91
2023-08-01 13:30:00,0.0008580791711965,0.001301774635764992,0.0013328776989564978,complacency,13.93,16.34,0.8525091799265606,1.77,,-0.87
2023-08-02 13:30:00,-0.0004164255059893,0.0025160894553176126,0.002653205952675069,normal,16.09,17.96,0.8958797327394209,1.82,,-0.8
2023-08-03 13:30:00,-0.0008959387305687,-0.0017248171730184655,-0.0016482446854417638,complacency,15.92,17.72,0.8984198645598195,1.84,,-0.7
2023-08-04 13:30:00,-0.0011600810911921,0.0002589288382375092,-0.0006737991762445228,normal,17.1,18.61,0.9188608275120904,1.9,,-0.73
2023-08-07 13:30:00,0.0018989448749666,0.0004731771461953236,0.004025730982488954,complacency,15.77,17.72,0.8899548532731377,1.9,,-0.67
2023-08-08 13:30:00,-0.0174415496592387,-0.016901302674068912,-0.016095538507278257,complacency,15.99,18.13,0.8819635962493106,1.93,,-0.72
2023-08-09 13:30:00,-0.0052817027314521,-0.004232883101304062,-0.002772438888190631,complacency,15.96,18.05,0.8842105263157894,1.92,,-0.79
2023-08-10 13:30:00,-0.0031614508084145,-0.005069932346678325,-0.00447546680607619,complacency,15.85,18.16,0.8727973568281938,1.89,,-0.73
2023-08-11 13:30:00,-0.0012824421399503,-0.0026583695666319695,-0.0026387302468810787,complacency,14.84,17.56,0.8451025056947609,1.87,,-0.73
2023-08-14 13:30:00,-0.0013765771005904,-0.0011978414181002949,-0.0008684244257210053,complacency,14.82,17.41,0.8512349224583573,1.84,,-0.77
2023-08-15 13:30:00,-0.0049541091751893,-0.004241020224266824,-0.004994835807325801,normal,16.46,18.59,0.8854222700376547,1.86,,-0.71
2023-08-16 13:30:00,-0.0017213166368906,-0.0020456664268166075,-0.0010535698657569274,normal,16.78,18.97,0.8845545598313127,1.84,,-0.69
2023-08-17 13:30:00,-0.008379963765598,-0.007587429078282023,-0.006656907232647111,normal,17.89,19.83,0.9021684316691883,1.87,,-0.64
2023-08-18 13:30:00,-6.278151401109175e-05,-7.069905715807674e-05,-0.000580090551257736,normal,17.3,19.24,0.8991683991683993,1.89,,-0.66
2023-08-21 13:30:00,9.608779450819092e-05,-0.0006919797093828219,-9.949052539079146e-05,normal,17.13,18.77,0.9126265316995205,1.88,,-0.63
2023-08-22 13:30:00,-1.5205090427458396e-05,-0.0005485695940280288,-0.0016328314865752935,normal,16.97,18.72,0.906517094017094,1.82,,-0.68
2023-08-23 13:30:00,-0.0010091661405943,-0.0007599679762664642,-5.8120014771709076e-05,complacency,15.98,17.94,0.890746934225195,1.83,,-0.76
2023-08-24 13:30:00,5.104947527331295e-05,0.0006595646859329971,0.00031573848379537017,normal,17.2,18.75,0.9173333333333333,1.8,,-0.75
2023-08-25 13:30:00,-0.0026563888888683,-0.004570398203195818,-0.003154785279382625,complacency,15.68,17.72,0.8848758465011287,1.76,,-0.78
2023-08-28 13:30:00,0.0018214686503974,0.002397439272506485,0.003206784439369015,complacency,15.08,17.12,0.880841121495327,1.82,3.86,-0.78
2023-08-29 13:30:00,0.0035364475083427,0.0030850520329269446,0.0030978172712529473,complacency,14.45,16.56,0.8725845410628019,1.84,3.87,-0.75
2023-08-30 13:30:00,0.0037602188779274,0.003613926215049288,0.0036318524963662004,complacency,13.88,16.18,0.857849196538937,1.82,3.8,-0.78
2023-08-31 13:30:00,-0.0056806987459218,-0.006102916345269535,-0.006177836966184995,complacency,13.57,15.92,0.8523869346733669,1.83,3.85,-0.76
2023-09-01 13:30:00,-0.0063923328787121,-0.008013590526783552,-0.010676145899026247,complacency,13.09,15.74,0.8316391359593392,1.82,3.81,-0.69
2023-09-05 13:30:00,-0.0043322676686109,,,complacency,14.01,16.24,0.8626847290640395,1.84,3.83,-0.67
2023-09-06 13:30:00,0.0041597587132723,0.004100985906725443,0.002696912540290858,complacency,14.45,16.61,0.8699578567128236,1.79,3.86,-0.71
2023-09-07 13:30:00,-0.0043073205157358,-0.004272427583047075,-0.001646222269799135,complacency,14.4,16.58,0.8685162846803378,1.81,3.9,-0.67
2023-09-08 13:30:00,-0.0067266056549333,-0.006912979178202275,-0.00572657447113923,complacency,13.84,16.14,0.8574969021065675,1.79,3.85,-0.72
2023-09-11 13:30:00,0.0001869370121022,3.226765198479606e-05,0.00041572189090128696,complacency,13.8,16.02,0.8614232209737829,1.8,3.82,-0.68
2023-09-12 13:30:00,-0.0073369857280261,-0.0073252962109099755,-0.00819650732051875,complacency,14.23,16.25,0.8756923076923078,1.79,3.84,-0.71
2023-09-13 13:30:00,0.0008347335822428,0.0009586418358746139,0.003249486896211194,complacency,13.48,15.92,0.8467336683417086,1.81,3.85,-0.71
2023-09-14 13:30:00,-0.000953064062336,-0.0014727875265365242,-0.0023015167200208355,complacency,12.82,15.34,0.8357235984354628,1.8,3.78,-0.71
2023-09-15 13:30:00,0.0038948538700342,0.0037754623250974544,0.003314772764487757,complacency,13.79,16.02,0.8607990012484394,1.78,3.79,-0.69
2023-09-18 13:30:00,0.0014453745337965,0.0015727796346729978,0.003139982510770414,complacency,14.0,16.13,0.8679479231246126,1.77,3.82,-0.73
2023-09-19 13:30:00,-0.002388593814465,-0.002993374795609923,-0.002616655015889892,complacency,14.11,16.13,0.8747675139491631,1.75,3.82,-0.71
2023-09-20 13:30:00,0.0022292372507943,0.0023845732405528837,0.0033696044279746973,complacency,15.14,16.81,0.9006543723973827,1.73,3.77,-0.77
2023-09-21 13:30:00,-0.0003629939509116,-0.0018908623636829146,-0.006378102248145038,normal,17.54,18.24,0.9616228070175439,1.66,3.89,-0.63
2023-09-22 13:30:00,0.0012206340404156,0.00273548627975128,0.003324015074593534,normal,17.2,18.09,0.9508015478164732,1.73,3.93,-0.66
2023-09-25 13:30:00,0.005616336187671,0.00555322432547899,0.0057080494293206,normal,16.9,18.02,0.9378468368479467,1.75,3.97,-0.54
2023-09-26 13:30:00,-0.0081143296786953,-0.007586076958508391,-0.008628680228293993,normal,18.94,19.72,0.9604462474645031,1.77,4.04,-0.48
2023-09-27 13:30:00,0.0005780858478222,0.0001518290005666037,-0.0024941134493825998,normal,18.22,19.11,0.9534275248560963,1.77,4.03,-0.49
2023-09-28 13:30:00,0.0081119744487566,0.007672335191832592,0.007716649879746822,normal,17.34,18.38,0.9434167573449402,1.8,4.09,-0.45
2023-09-29 13:30:00,-0.0034191577777336,-0.003679052463024016,-0.0033128877559812885,normal,17.52,18.51,0.946515397082658,1.78,4.03,-0.44
2023-10-02 13:30:00,0.0044827894335961,,,normal,17.61,18.62,0.9457572502685284,1.78,4.11,-0.43
2023-10-03 13:30:00,-0.007617999617695,-0.005903199251343437,-0.004617873312399305,normal,19.78,20.41,0.9691327780499756,1.82,4.26,-0.34
2023-10-04 13:30:00,0.0006949852274014,-0.00044340583855875804,0.0016801498629802501,normal,18.58,19.52,0.9518442622950819,1.83,4.37,-0.32
2023-10-05 13:30:00,-0.0065252688170204,-0.00630556291053357,-0.00715436372031569,normal,18.49,19.5,0.9482051282051281,1.85,4.38,-0.31
2023-10-06 13:30:00,-7.3481652238961e-06,-0.0015690230036378649,-0.0016319781367826426,normal,17.45,18.73,0.9316604378003203,1.84,4.33,-0.3
2023-10-09 13:30:00,-0.0011385166510622,,,normal,17.7,18.81,0.9409888357256778,,4.34,
2023-10-10 13:30:00,0.0078950903543799,,,normal,17.03,18.27,0.9321291735084839,1.83,4.26,-0.3
2023-10-11 13:30:00,-0.0213377078381479,-0.021456915595070132,-0.020247560818445726,normal,16.09,17.63,0.9126488939307998,1.82,4.25,-0.41
2023-10-12 13:30:00,-0.0115238484339842,-0.012014439197239683,-0.00771082645048957,normal,16.69,18.09,0.9226091763405198,1.83,4.25,-0.36
2023-10-13 13:30:00,0.0039945489714296,0.0089151640701494,0.010121796730207284,normal,19.32,20.57,0.9392318911035489,1.82,4.3,-0.41
2023-10-16 13:30:00,-9.64345804727526e-05,-0.0020382146664086965,-0.0038011866335078896,normal,17.21,18.79,0.9159127195316659,1.83,4.27,-0.38
2023-10-17 13:30:00,0.0103192762574637,0.009648638670366756,0.00611419608053874,normal,17.88,19.26,0.9283489096573208,1.8,4.25,-0.36
2023-10-18 13:30:00,0.0097432629995337,0.008251545366515206,0.010705856197430898,normal,19.22,20.47,0.9389350268685882,1.78,4.32,-0.28
2023-10-19 13:30:00,0.0053951127603117,0.0047434794427144945,0.0068025411730431185,stress,21.4,22.19,0.9643983776475888,1.82,4.37,-0.16
2023-10-20 13:30:00,-0.0028596971282971,-0.001594917899089665,-0.0015134284964841824,stress,21.71,22.44,0.9674688057040998,1.88,4.52,-0.14
2023-10-23 13:30:00,0.0002381066380637,0.00034685605103062584,0.002606782878858946,stress,20.37,21.33,0.9549929676511956,1.85,4.51,-0.19
2023-10-24 13:30:00,0.0014993916357638,0.0007041417982708495,0.0004448081439997521,normal,18.97,20.21,0.9386442355269667,1.84,4.41,-0.19
2023-10-25 13:30:00,-0.0044335994298722,-0.006062158922894325,-0.005675807849818491,stress,20.19,21.33,0.9465541490857948,1.83,4.37,-0.13
2023-10-26 13:30:00,0.0022160952425352,0.0030390903987717356,-0.0002593549299310578,stress,20.68,21.57,0.9587389893370422,1.82,4.5,-0.16
2023-10-27 13:30:00,0.0109278789875242,0.012802900872439965,0.014240834948188922,stress,21.27,22.27,0.9550965424337674,1.88,4.53,-0.15
2023-10-30 13:30:00,-0.0023194413624056,-0.0031367807970995474,-0.0018206378811263279,normal,19.75,20.8,0.9495192307692307,1.86,4.5,-0.15
2023-10-31 13:30:00,0.0079038071174437,0.008237366665994042,0.008604132998887543,normal,18.14,19.49,0.9307337095946641,1.85,4.42,-0.19
2023-11-01 13:30:00,-0.0017796995898781,-0.0017116418507332558,-0.001572094750109111,normal,16.87,18.55,0.909433962264151,1.91,4.47,-0.18
2023-11-02 13:30:00,-0.0060369506883717,-0.004739253833574584,-0.006602791771191651,complacency,15.66,17.8,0.8797752808988764,1.84,4.15,-0.31
2023-11-03 13:30:00,0.0070480451297108,0.0060655018988099215,0.0025062286335755047,complacency,14.91,17.22,0.8658536585365855,1.86,4.04,-0.26
2023-11-06 14:30:00,-0.0076405410570047,-0.007716688458159667,-0.004519193334664627,complacency,14.89,17.03,0.8743394010569583,1.84,4.0,-0.26
2023-11-07 14:30:00,-0.0008291084880927,0.0006333212107934901,0.0015665578248702475,complacency,14.81,16.92,0.8752955082742316,1.83,4.08,-0.33
2023-11-08 14:30:00,-0.0054933484685033,-0.003359787233195806,-5.7082499175274866e-05,complacency,14.45,16.64,0.868389423076923,1.84,4.08,-0.44
2023-11-09 14:30:00,0.0048739328504682,0.004468875303558902,0.006949598648394272,complacency,15.29,17.3,0.883815028901734,1.83,4.04,-0.41
2023-11-10 14:30:00,0.0020874689114754,0.0021586599373931976,0.00337602937187255,complacency,14.17,16.52,0.8577481840193705,1.8,4.03,-0.43
2023-11-13 14:30:00,0.0039467676221418,0.003084951798445103,0.002615208637060434,complacency,14.76,16.61,0.8886213124623721,1.79,4.03,-0.39
2023-11-14 14:30:00,0.0152592601492397,0.014410938577770569,0.005421256573496892,complacency,14.16,16.29,0.8692449355432781,1.83,3.92,-0.36
2023-11-15 14:30:00,0.0038302651200365,0.004395133259485937,0.00508120752010038,complacency,14.18,16.28,0.8710073710073709,1.8,3.89,-0.37
2023-11-16 14:30:00,0.0009665240356299,0.001201762962838058,0.006613798070999328,complacency,14.32,16.14,0.8872366790582403,1.81,4.02,-0.38
2023-11-17 14:30:00,-0.0006039091879038,0.0011918154915436813,-0.002487404467156629,complacency,13.8,15.85,0.8706624605678234,1.78,3.99,-0.44
2023-11-20 14:30:00,0.0006510385772617,0.0015301003611614852,0.0017118501631610793,complacency,13.41,15.69,0.8546845124282983,1.76,3.92,-0.47
2023-11-21 14:30:00,-0.000939902955249,-0.0015852747840479626,0.0019119324149301778,complacency,13.35,15.5,0.8612903225806451,1.77,3.95,-0.45
2023-11-22 14:30:00,0.0044335796070867,0.005074011138106742,0.004864017127501286,complacency,12.85,15.48,0.8301033591731266,1.71,3.9,-0.47
2023-11-24 14:30:00,-0.0009779477770007,,,complacency,12.46,15.12,0.8240740740740742,1.72,3.85,-0.45
2023-11-27 14:30:00,0.001673950873807,0.001745249902515783,0.0021016983720340892,complacency,12.69,15.34,0.8272490221642764,1.71,3.89,-0.45
2023-11-28 14:30:00,-0.0017036835204138,-0.0034438955272433538,-0.002009548353545946,complacency,12.69,15.24,0.8326771653543307,1.75,3.9,-0.39
2023-11-29 14:30:00,-0.009419572021949,-0.01015542138219252,-0.011373919521907737,complacency,12.98,15.51,0.8368794326241135,1.72,3.8,-0.37
2023-11-30 14:30:00,-0.0035867038601278,-0.003979860301245987,-0.0025447962193623185,complacency,12.92,15.44,0.8367875647668394,1.67,3.84,-0.36
2023-12-01 14:30:00,0.0071307742982989,0.005974766939520695,0.0004213637468998832,complacency,12.63,15.36,0.8222656250000001,1.71,3.87,-0.34
2023-12-04 14:30:00,0.0019098704167813,0.0034834624829852157,-0.0012312207099596723,complacency,13.08,15.68,0.8341836734693878,1.67,3.8,-0.36
2023-12-05 14:30:00,-0.0067751379277615,-0.005746429828884388,-0.0034562974624566876,complacency,12.85,15.57,0.8253050738599871,1.65,3.8,-0.39
2023-12-06 14:30:00,-0.0017672381242604,0.0015781750613311476,0.00104540284559038,complacency,12.97,15.74,0.8240152477763659,1.63,3.79,-0.48
2023-12-07 14:30:00,-0.0014847198861347,-0.0026470592468046767,-0.0026560789940853454,complacency,13.06,15.65,0.8345047923322684,1.63,3.77,-0.44
2023-12-08 14:30:00,0.0050568547612099,0.006105621321632599,0.0051338232432730346,complacency,12.35,15.16,0.8146437994722955,1.61,3.75,-0.48
2023-12-11 14:30:00,0.0008343991667603,0.001011248777318411,0.002118481889315179,complacency,12.63,15.19,0.8314680710994076,1.61,3.79,-0.48
2023-12-12 14:30:00,0.0029432630875944,0.004118068455930269,0.0055692304788933535,complacency,12.07,14.83,0.8138907619689818,1.6,3.76,-0.53
2023-12-13 14:30:00,-0.0039107832784013,-0.0070761492387390115,-0.01191441400627749,complacency,12.19,14.66,0.8315143246930422,1.61,3.79,-0.42
2023-12-14 14:30:00,0.0055976136193111,0.007009669684326702,0.0012152309737959548,complacency,12.48,14.79,0.8438133874239352,1.57,3.47,-0.45
2023-12-15 14:30:00,-0.0105095092425179,-0.008640188958778721,-0.008160842136915276,complacency,12.28,15.13,0.8116325181758096,1.57,3.51,-0.53
2023-12-18 14:30:00,0.0014381340622667,-2.319288767739904e-05,0.0009455020427246052,complacency,12.56,15.47,0.8118939883645766,1.58,3.51,-0.48
2023-12-19 14:30:00,0.0019725040065927,0.0019074213004063908,-0.0015705702608486355,complacency,12.53,15.64,0.8011508951406648,1.57,3.46,-0.48
2023-12-20 14:30:00,0.0022133290314899,0.00327697142531797,0.0035273420444074614,complacency,13.67,16.58,0.8244873341375152,1.63,3.43,-0.48
2023-12-21 14:30:00,0.0052946921080204,0.003970807680025913,0.002492858321062249,complacency,13.65,16.3,0.8374233128834355,1.64,3.41,-0.44
2023-12-22 14:30:00,-0.0044004008036137,-0.005601460199677017,-0.007016971081057756,complacency,13.03,15.99,0.8148843026891807,1.65,3.39,-0.41
2023-12-26 14:30:00,-0.0003190501188883,-0.0015372476866809604,-0.003599952643377419,complacency,12.99,15.88,0.8180100755667506,1.64,3.37,-0.37
2023-12-27 14:30:00,-0.0047081961416845,-0.0034989201246463657,-0.004269434350203122,complacency,12.43,15.27,0.8140144073346431,1.64,3.34,-0.41
2023-12-28 14:30:00,-0.0028295506416985,-0.0026150278952400442,-0.0009221196323052358,complacency,12.47,15.23,0.8187787261982928,1.62,3.32,-0.42
2023-12-29 14:30:00,-0.002205154204429,-0.004523433842622078,1.302709783182086e-05,complacency,12.45,15.26,0.8158584534731324,1.61,3.34,-0.35
2024-01-02 14:30:00,-0.0074172805474529,,,complacency,13.2,15.48,0.8527131782945736,1.62,3.54,-0.38
2024-01-03 14:30:00,-0.0095472564118914,-0.009160426440662376,-0.005767376555455099,complacency,14.04,16.04,0.8753117206982544,1.66,3.71,-0.42
2024-01-04 14:30:00,-0.0018508602602137,-0.00299246694493333,-0.0027063526224573317,complacency,14.13,16.04,0.880922693266833,1.65,3.69,-0.39
2024-01-05 14:30:00,-0.0008507861701029,-0.002045831326254793,0.001067492519876366,complacency,13.35,15.51,0.8607350096711799,1.65,3.68,-0.35
2024-01-08 14:30:00,-0.0001716071529234,-8.047952720376476e-05,-0.0020415778196338132,complacency,13.08,15.14,0.8639365918097754,1.65,3.63,-0.35
2024-01-09 14:30:00,-0.00021437547535,-0.00022978477443991608,0.0018434867579423101,complacency,12.76,14.9,0.8563758389261744,1.63,3.59,-0.34
2024-01-10 14:30:00,0.0026372309643514,0.0027143035841462244,0.003631944281604362,complacency,12.69,14.73,0.8615071283095722,1.59,3.5,-0.33
2024-01-11 14:30:00,0.0049099588456173,0.003271863816651133,0.005375074164387112,complacency,12.44,14.56,0.8543956043956044,1.63,3.55,-0.28
2024-01-12 14:30:00,-0.0066813368774715,-0.009688600265911531,-0.009110220853978581,complacency,12.7,14.94,0.8500669344042838,1.64,3.56,-0.18
2024-01-16 14:30:00,0.0019978675682317,,,complacency,13.84,15.74,0.8792884371029225,1.65,3.58,-0.15
2024-01-17 14:30:00,-0.0016293852896377,0.0012724331929658908,0.00030660361919548863,complacency,14.79,16.38,0.9029304029304029,1.63,3.62,-0.24
2024-01-18 14:30:00,0.0042741094285938,0.0032057696950622836,0.004430387954480644,complacency,14.13,15.84,0.8920454545454546,1.62,3.58,-0.2
2024-01-19 14:30:00,-0.0045817224725771,-0.004157315270677134,-0.003452056856172581,complacency,13.3,15.26,0.871559633027523,1.59,3.54,-0.24
2024-01-22 14:30:00,0.0040442998474187,0.004193180536666008,9.238020744218103e-05,complacency,13.19,14.97,0.8810955243820975,1.59,3.49,-0.26
2024-01-23 14:30:00,-0.002987408602965,-0.0059389659424117225,-0.004069013249936566,complacency,12.55,14.52,0.8643250688705235,1.62,3.51,-0.17
2024-01-24 14:30:00,5.490715477755349e-05,0.0006324210683716487,0.0026198136200355363,complacency,13.14,14.97,0.8777555110220441,1.61,3.44,-0.16
2024-01-25 14:30:00,-0.0013914534880133,-0.0011010442173685856,-0.001621457144124955,complacency,13.45,15.1,0.890728476821192,1.6,3.45,-0.14
2024-01-26 14:30:00,-0.0016480249202901,-0.0008399867300995403,-0.0013042717545293906,complacency,13.26,15.03,0.8822355289421158,1.58,3.39,-0.19
2024-01-29 14:30:00,-0.0005251420146679,6.599054446466545e-05,-0.0021312954035928827,complacency,13.6,15.22,0.8935611038107752,1.6,3.41,-0.21
2024-01-30 14:30:00,-0.0022128798383823,-0.0006323049081116512,0.0006381209170903623,complacency,13.31,15.14,0.8791281373844122,1.58,3.42,-0.3
2024-01-31 14:30:00,0.0047064816650546,0.004998159974629199,0.005755194172691429,complacency,14.35,15.96,0.8991228070175438,1.61,3.59,-0.28
2024-02-01 14:30:00,-0.002764384470834,-0.002894229887566816,-0.002924272887407005,complacency,13.88,15.5,0.895483870967742,1.63,3.56,-0.33
2024-02-02 14:30:00,0.003040250683598,0.0034443311995689145,0.007626567032273219,complacency,13.85,15.61,0.8872517616912236,1.59,3.47,-0.33
2024-02-05 14:30:00,-0.0138135232761169,-0.014422634168090897,-0.012583059360251152,complacency,13.67,15.33,0.8917155903457273,1.56,3.5,-0.29
2024-02-06 14:30:00,0.004440802085821,0.003959374577483074,0.0030009508188213905,complacency,13.06,14.99,0.8712474983322215,1.58,3.52,-0.3
2024-02-07 14:30:00,0.0030023819659281,0.0023617695611870848,0.0046103307805872755,complacency,12.83,14.85,0.863973063973064,1.6,3.43,-0.32
2024-02-08 14:30:00,0.0022486249794076,0.0022046130159385107,-0.0003149553236063084,complacency,12.79,14.93,0.8566644340254521,1.6,3.38,-0.31
2024-02-09 14:30:00,0.0011704813129731,0.0016409104545921976,0.0001366427619634823,complacency,12.93,15.08,0.8574270557029178,1.59,3.33,-0.31
2024-02-12 14:30:00,0.0063850973436272,0.008130079044555654,0.0040198609565718635,complacency,13.93,15.67,0.8889597957881302,1.58,3.35,-0.29
2024-02-13 14:30:00,-0.0041696814683885,-0.004305340121924947,-1.3978552292110043e-05,complacency,15.85,16.82,0.9423305588585017,1.54,3.36,-0.33
2024-02-14 14:30:00,-0.0009249045553613,-0.0016515021080062773,-0.0028947331000801126,complacency,14.38,15.93,0.9026993094789706,1.56,3.38,-0.29
2024-02-15 14:30:00,-0.0003243858044483,-0.0005692545709733604,-0.0036223206402121104,complacency,14.01,15.76,0.8889593908629442,1.57,3.35,-0.32
2024-02-16 14:30:00,-0.0065771370329328,-0.005906905585364181,-0.004993335359934344,complacency,14.24,15.86,0.8978562421185372,1.53,3.34,-0.34
2024-02-20 14:30:00,0.002065725057078,,,complacency,15.42,16.41,0.9396709323583181,1.56,3.37,-0.32
2024-02-21 14:30:00,-0.002030330268069,-0.0016087365197837186,-0.0008340374583123698,complacency,15.34,16.23,0.9451632778804683,1.54,3.34,-0.32
2024-02-22 14:30:00,-0.0072019656474572,-0.005547855204507576,-0.0029773961370038998,complacency,14.54,15.77,0.922003804692454,1.49,3.22,-0.36
2024-02-23 14:30:00,-0.0038181828443799,-0.0036119397899289757,-0.0038055615139414418,complacency,13.75,15.25,0.9016393442622951,1.49,3.23,-0.41
2024-02-26 14:30:00,-0.0033371697803514,-0.004872441868374287,-0.006128637670633298,complacency,13.74,15.22,0.9027595269382391,1.53,3.23,-0.41
2024-02-27 14:30:00,-0.0002640309955293,-0.0002455310853750542,-0.0019102396834106878,complacency,13.43,14.89,0.9019476158495634,1.53,3.26,-0.39
2024-02-28 14:30:00,-0.0048303175307804,-0.005721529561592902,-0.004875242915185728,complacency,13.84,15.22,0.9093298291721419,1.55,3.31,-0.37
2024-02-29 14:30:00,0.0086757850413762,0.008959077997885293,0.008556422869447529,complacency,13.4,14.93,0.8975217682518419,1.55,3.29,-0.39
2024-03-01 14:30:00,-0.0106637141755343,-0.011103493129957535,-0.010653491797367222,complacency,13.11,14.93,0.8780977896851976,1.57,3.32,-0.35
2024-03-04 14:30:00,0.0091804958973774,0.009170163619358669,0.008472992859225472,complacency,13.49,15.23,0.8857518056467498,1.57,3.26,-0.39
2024-03-05 14:30:00,-0.0030543639513476,-0.0037814528306221278,-0.004926862428745337,complacency,14.46,15.91,0.9088623507228158,1.59,3.31,-0.41
2024-03-06 14:30:00,0.0021479848523068,0.0022687712138979945,0.0015833093598450346,complacency,14.5,15.97,0.9079524107701941,1.57,3.27,-0.44
2024-03-07 14:30:00,0.0104878761210318,0.01041631792428954,0.011230715066882464,complacency,14.44,15.91,0.907605279698303,1.59,3.27,-0.41
2024-03-08 14:30:00,0.0002308405358318,5.7548564855758235e-05,-0.0012173373724744026,complacency,14.74,16.3,0.9042944785276074,1.59,3.26,-0.39
2024-03-11 13:30:00,0.0020097605728484,0.0018034022123348957,0.0021879325615499733,complacency,15.22,16.46,0.9246658566221142,1.59,3.26,-0.41
2024-03-12 13:30:00,-0.0006360613940445,0.0010640518847122515,0.0036755513136532453,complacency,13.84,15.66,0.8837803320561941,1.55,3.2,-0.42
2024-03-13 13:30:00,-0.002965484368663,-0.002907670882069916,-0.003885785056373315,complacency,13.75,15.6,0.8814102564102564,1.55,3.15,-0.42
2024-03-14 13:30:00,-0.0009726318356518,-0.0010868930891481938,0.0010708262570321059,complacency,14.4,16.12,0.8933002481389578,1.53,3.15,-0.39
2024-03-15 13:30:00,0.0006226387329261,0.0017802063980509087,-0.00027075306489597096,complacency,14.41,16.41,0.8781230956733699,1.49,3.16,-0.41
2024-03-18 13:30:00,0.0061720953832731,0.006242824542728876,0.007876370712754632,complacency,14.33,16.22,0.8834771886559803,1.49,3.13,-0.39
2024-03-19 13:30:00,0.0046635015444777,0.004556378386648341,0.004937960764046586,complacency,13.82,15.77,0.8763474952441345,1.5,3.1,-0.38
2024-03-20 13:30:00,-0.0003089341400608,-0.0018339470143657842,-0.0015522884230469026,complacency,13.04,15.28,0.8534031413612565,1.56,3.14,-0.32
2024-03-21 13:30:00,-0.0002624883560587,0.00039169486247357465,-0.0010507747985971602,complacency,12.92,15.18,0.8511198945981555,1.53,3.05,-0.35
2024-03-22 13:30:00,-0.0018776307612044,-0.0019386487228748325,-0.0003631595463794372,complacency,13.06,15.3,0.85359477124183,1.53,3.08,-0.37
2024-03-25 13:30:00,-0.0010037962818601,-0.0008074936183558763,-0.0016355320226702258,complacency,13.19,15.38,0.8576072821846553,1.53,3.11,-0.29
2024-03-26 13:30:00,0.0047003147645738,0.004538282435485773,0.004498705213340931,complacency,13.24,15.29,0.8659254414650098,1.53,3.15,-0.32
2024-03-27 13:30:00,0.0018613685760813,0.0013991188924505733,-0.0004917936954148305,complacency,12.78,15.01,0.8514323784143903,1.54,3.15,-0.34
2024-03-28 13:30:00,0.0053608197615519,0.0061131338658176404,0.004779096849685679,complacency,13.01,15.19,0.8564845292955893,1.5,3.12,-0.39
2024-04-01 13:30:00,-0.0020772766588443,,,complacency,13.65,15.52,0.8795103092783506,1.49,3.12,-0.39
2024-04-02 13:30:00,-0.012961499159603,-0.0133277823848137,-0.012425482867696205,complacency,14.61,16.09,0.9080174021131137,1.51,3.23,-0.34
2024-04-03 13:30:00,0.0035110276063084,0.004683679414482846,0.0038092158490748785,complacency,14.33,15.91,0.9006913890634821,1.49,3.23,-0.32
2024-04-04 13:30:00,0.0038634597600206,0.0033880661557038677,0.0032312665050250643,normal,16.35,17.16,0.9527972027972029,1.51,3.24,-0.34
2024-04-05 13:30:00,0.0001986932852106,0.0009084613600343788,0.0016734040748626938,normal,16.03,17.18,0.9330616996507568,1.49,3.18,-0.34
2024-04-08 13:30:00,0.0022363610806873,0.0027903809450710955,0.0017854608494617436,complacency,15.19,16.56,0.9172705314009663,1.46,3.15,-0.36
2024-04-09 13:30:00,0.002059579725931,0.0022998847315140727,0.0014930073042451796,complacency,14.98,16.42,0.9123020706455541,1.44,3.14,-0.38
2024-04-10 13:30:00,-0.0032332662430438,-0.0029324737873715257,-0.001254649960079192,complacency,15.8,17.04,0.9272300469483569,1.4,3.1,-0.42
2024-04-11 13:30:00,-0.0022684827242762,-0.0016392884383373545,-0.00029258482565801356,complacency,14.91,16.49,0.9041843541540329,1.41,3.16,-0.37
2024-04-12 13:30:00,0.002319309211768,0.000896206895100403,0.002015319463062193,normal,17.31,18.2,0.951098901098901,1.45,3.25,-0.38
2024-04-15 13:30:00,-0.0014569624826713,0.00020193963771040048,-0.0010360148988904736,normal,19.23,19.55,0.9836317135549872,1.46,3.28,-0.3
2024-04-16 13:30:00,0.0002906290981158,0.0004424564951395021,0.0013046689136993273,normal,18.4,18.84,0.9766454352441613,1.46,3.36,-0.3
2024-04-17 13:30:00,-0.0015404441998108,-0.003566805592138737,-0.0024798283267663257,normal,18.21,18.77,0.97016515716569,1.48,3.42,-0.34
2024-04-18 13:30:00,0.0025578832416631,0.0029029775402526843,0.00257948660166735,normal,18.0,18.66,0.9646302250803859,1.47,3.39,-0.34
2024-04-19 13:30:00,0.0050267300290085,0.005038956354638621,0.002558367029615956,normal,18.71,19.25,0.971948051948052,1.46,3.37,-0.35
2024-04-22 13:30:00,-0.0029620084675064,-0.0026948730682644136,-0.002205427956635119,normal,16.94,17.63,0.9608621667612026,1.46,3.29,-0.35
2024-04-23 13:30:00,0.0001028900611589,0.003145658942954875,0.002940478204746212,complacency,15.69,16.68,0.9406474820143885,1.46,3.2,-0.25
2024-04-24 13:30:00,0.0038762890213864,0.0035058717050616937,0.004180320232148971,complacency,15.97,16.84,0.9483372921615202,1.48,3.19,-0.24
2024-04-25 13:30:00,0.0009266960614575,0.000883974520744156,0.0010331242279192855,complacency,15.37,16.37,0.9389126450824679,1.47,3.24,-0.26
2024-04-26 13:30:00,-0.0008336163235656,-0.001043043733160788,-0.00028549244801176845,complacency,15.03,16.27,0.9237861094038107,1.45,3.16,-0.29
2024-04-29 13:30:00,0.0009720132783616,-0.0005151315958540906,-0.0012042610651499808,complacency,14.67,16.0,0.916875,1.45,3.12,-0.34
2024-04-30 13:30:00,-0.0061126429158227,-0.006101616170257536,-0.00616450156618057,complacency,15.65,16.59,0.9433393610608801,1.44,3.18,-0.35
2024-05-01 13:30:00,-0.0082134992991864,-0.007098155231463376,-0.008063131139151221,complacency,15.39,16.57,0.9287869643934822,1.43,3.21,-0.33
2024-05-02 13:30:00,0.0021813579541459,0.002024656689935565,0.0022602705286515166,complacency,14.68,16.05,0.9146417445482865,1.47,3.16,-0.29
2024-05-03 13:30:00,-0.0014133614614067,-0.002637894767985394,-0.0010755207375532586,complacency,13.49,15.27,0.8834315651604454,1.49,3.08,-0.31
2024-05-06 13:30:00,0.0003015666294201,0.000300510844211774,-0.00011886644608133541,complacency,13.49,15.02,0.8981358189081226,1.47,3.03,-0.33
2024-05-07 13:30:00,0.0024245556056264,0.002410059006796506,0.0017773851409831295,complacency,13.23,14.95,0.8849498327759198,1.45,3.06,-0.35
2024-05-08 13:30:00,-0.0055455477516525,-0.006237216571820206,-0.004949404853239835,complacency,13.0,14.9,0.87248322147651,1.47,3.1,-0.36
2024-05-09 13:30:00,0.005442551485493,0.005429613280590677,0.0048481372071224925,complacency,12.69,14.71,0.8626784500339904,1.48,3.14,-0.35
2024-05-10 13:30:00,-0.0012879018189906,-0.0018010153465519477,-0.0008060109733612471,complacency,12.55,14.66,0.8560709413369714,1.48,3.12,-0.37
2024-05-13 13:30:00,-0.0005759512555132,-0.0005642274923373156,-0.0008276583328937412,complacency,13.6,14.89,0.9133646742780389,1.48,3.14,-0.37
2024-05-14 13:30:00,0.0004824323951637,0.0007319449227577641,-3.622912114331861e-05,complacency,13.42,14.7,0.9129251700680272,1.48,3.14,-0.36
2024-05-15 13:30:00,-0.0038983332475691,-0.004180328325087823,-0.003309278312018452,complacency,12.45,14.08,0.8842329545454545,1.49,3.13,-0.37
2024-05-16 13:30:00,-0.0003041263870723,-0.0009023952158098069,-0.0005273665264660431,complacency,12.42,14.22,0.8734177215189873,1.47,3.08,-0.4
2024-05-17 13:30:00,-4.745134063433541e-06,-0.00019357391536802953,2.364803328430259e-05,complacency,11.99,13.99,0.8570407433881344,1.48,3.09,-0.41
2024-05-20 13:30:00,-0.0011582983379614,-0.000544038487653971,-0.000587382099676014,complacency,12.15,14.11,0.8610914245216159,1.47,3.07,-0.38
2024-05-21 13:30:00,-0.0029334542946737,-0.003794802729384671,-0.002867160854985335,complacency,11.86,13.95,0.850179211469534,1.48,3.07,-0.41
2024-05-22 13:30:00,-0.0043733820871609,-0.004981494569325628,-0.004258545009411542,complacency,12.29,14.31,0.8588399720475192,1.46,3.11,-0.43
2024-05-23 13:30:00,-0.0024660961438537,-0.0026716631600775423,-0.0006540312663353102,complacency,12.77,14.67,0.8704839809134287,1.45,3.1,-0.44
2024-05-24 13:30:00,0.0078273025353342,0.0068485912437672705,0.006498672013880726,complacency,11.93,14.17,0.8419195483415667,1.46,3.11,-0.47
2024-05-28 13:30:00,0.0077883613026108,,,complacency,12.92,14.72,0.8777173913043478,1.45,3.09,-0.4
2024-05-29 13:30:00,-0.0004436475365654,0.0008048836666250664,0.002365602106694821,complacency,14.28,15.45,0.9242718446601942,1.47,3.15,-0.35
2024-05-30 13:30:00,0.0040516892341642,0.0038982940143881266,0.0005336155228111003,complacency,14.47,15.59,0.9281590763309815,1.46,3.19,-0.37
2024-05-31 13:30:00,-0.0020815819281033,-0.0026451654116086036,-0.0028854965204492926,complacency,12.92,14.66,0.8813096862210096,1.46,3.2,-0.38
2024-06-03 13:30:00,-0.0098050460037255,-0.010506300224045,-0.017038315457890703,complacency,13.11,14.8,0.8858108108108107,1.47,3.17,-0.41
2024-06-04 13:30:00,-0.0010138399722901,-0.0014259316625867223,4.8174313479618135e-05,complacency,13.16,14.88,0.8844086021505376,1.49,3.22,-0.44
2024-06-05 13:30:00,0.0010683238894445,0.0012726714984582668,1.3160306454565842e-05,complacency,12.63,14.54,0.8686382393397525,1.53,3.2,-0.43
2024-06-06 13:30:00,-0.0020217057821968,-0.002217756364111965,-0.0014929468324623022,complacency,12.58,14.54,0.8651994497936727,1.5,3.2,-0.44
2024-06-07 13:30:00,-0.0032269975200045,-0.003335427158590312,-0.0017070139809626035,complacency,12.22,14.41,0.8480222068008328,1.46,3.15,-0.44
2024-06-10 13:30:00,-0.0032285137862781,-0.002487169835442329,-0.0026586723268101045,complacency,12.74,14.6,0.8726027397260274,1.46,3.15,-0.4
2024-06-11 13:30:00,-0.0007300852730706,-0.0011610262207959778,-0.0015278418552108278,complacency,12.85,14.49,0.8868184955141476,1.48,3.19,-0.42
2024-06-12 13:30:00,0.0046360272672931,0.004081334311967026,0.002253134849065757,complacency,12.04,14.12,0.8526912181303116,1.48,3.09,-0.44
2024-06-13 13:30:00,-0.0030038734540481,-0.003292845239143485,-0.00115272384639,complacency,11.94,14.17,0.8426252646436132,1.51,3.2,-0.44
2024-06-14 13:30:00,8.548527442612695e-05,-0.000403527908683727,0.001646800573505434,complacency,12.66,14.84,0.8530997304582211,1.53,3.29,-0.47
2024-06-17 13:30:00,0.0016956538032247,0.0017229150997127166,0.0012402311099155156,complacency,12.75,14.79,0.8620689655172414,1.52,3.26,-0.47
2024-06-18 13:30:00,7.111349170300878e-05,-3.536560805414666e-05,0.0006337032141861037,complacency,12.3,14.69,0.8373042886317223,1.52,3.24,-0.47
2024-06-20 13:30:00,-0.0053492342940414,,,complacency,13.28,15.41,0.8617780661907851,1.54,3.23,-0.45
2024-06-21 13:30:00,-0.0024339982501816,-0.0024496493505072104,-0.0025776467382202417,complacency,13.2,15.17,0.8701384311140409,1.55,3.21,-0.45
2024-06-24 13:30:00,-0.0068811243970308,-0.0071084990705243285,-0.007237326213990373,complacency,13.33,15.23,0.8752462245567958,1.53,3.19,-0.46
2024-06-25 13:30:00,-0.0024679858323083,-0.0018089621238495674,-0.002222698781233751,complacency,12.84,14.86,0.8640646029609691,1.55,3.19,-0.42
2024-06-26 13:30:00,0.0034727652592883,0.00392537412325819,0.0041055676254912795,complacency,12.55,14.71,0.8531611148878314,1.55,3.18,-0.39
2024-06-27 13:30:00,0.0023071007322862,0.0018954718254038613,-0.0007268225664533259,complacency,12.24,14.42,0.8488210818307906,1.55,3.21,-0.41
2024-06-28 13:30:00,0.0013921640870479,0.0016547960371816306,0.0018246279732825731,complacency,12.44,14.52,0.8567493112947658,1.55,3.18,-0.35
2024-07-01 13:30:00,-0.0070963521342743,,,complacency,12.22,14.19,0.861169837914024,1.55,3.21,-0.29
2024-07-02 13:30:00,0.0061154912041354,0.005853623248987618,0.0059181107429146056,complacency,12.03,14.01,0.8586723768736616,1.56,3.23,-0.31
2024-07-03 13:30:00,0.0028050977091551,0.003308400004805749,0.0025258691409795297,complacency,12.09,14.02,0.8623395149786021,1.53,3.25,-0.35
2024-07-05 13:30:00,-0.0056076667089341,,,complacency,12.48,14.35,0.8696864111498258,1.56,3.27,-0.32
2024-07-08 13:30:00,-0.0027609402598737,-0.0024058455158809952,-0.003622295358302577,complacency,12.37,14.29,0.8656403079076277,1.54,3.2,-0.34
2024-07-09 13:30:00,-0.0064844401540751,-0.006791774503886107,-0.006306328856888551,complacency,12.51,14.39,0.8693537178596247,1.56,3.21,-0.32
2024-07-10 13:30:00,-0.0027995452615443,-0.00285030014231749,-0.003707653322059908,complacency,12.85,14.5,0.8862068965517241,1.56,3.17,-0.34
2024-07-11 13:30:00,0.0105284156580199,0.010515084212061777,0.00823025877100812,complacency,12.92,14.67,0.8807089297886844,1.58,3.18,-0.3
2024-07-12 13:30:00,0.004144660278145,0.003736507346071118,0.003939071514708945,complacency,12.46,14.37,0.8670842032011136,1.58,3.19,-0.27
2024-07-15 13:30:00,-0.0036633737448619,-0.0038386264282366566,-0.00784413267397876,complacency,13.12,14.87,0.8823133826496301,1.58,3.13,-0.21
2024-07-16 13:30:00,0.0201915958685233,0.020807577402010793,0.01612281883018044,complacency,13.19,14.91,0.8846411804158283,1.56,3.08,-0.26
2024-07-17 13:30:00,-0.002076384239319,-0.0014374416241299186,-0.0005862072203855419,complacency,14.48,15.79,0.9170360987967069,1.56,3.09,-0.26
2024-07-18 13:30:00,-0.0003637137755013,0.0007141190724598617,0.003393558388917634,complacency,15.93,16.56,0.9619565217391305,1.57,3.09,-0.26
2024-07-19 13:30:00,0.0005610911142426,0.001476400010368711,0.0007996921506218936,normal,16.52,17.16,0.9627039627039626,1.57,3.09,-0.24
2024-07-22 13:30:00,0.0004528835805277,-0.0011824839474409382,-0.0020356204902569944,complacency,14.91,16.09,0.9266625233064015,1.58,3.05,-0.24
2024-07-23 13:30:00,0.0031138629950336,0.0043120419384395,0.0022448619868336824,complacency,14.72,16.01,0.9194253591505309,1.59,3.02,-0.15
2024-07-24 13:30:00,-0.0010702806253123,0.002932519763633841,0.003577256026858289,normal,18.04,18.43,0.9788388497015735,1.65,3.1,-0.09
2024-07-25 13:30:00,-0.0001669453869291,2.1293996008200613e-05,-0.0069739339714741735,normal,18.46,18.69,0.9876939539860888,1.62,3.08,-0.14
2024-07-26 13:30:00,0.0012668908704761,-0.0006072835794726794,0.0002781678929412348,normal,16.39,17.24,0.9506960556844549,1.65,3.1,-0.16
2024-07-29 13:30:00,0.002681755367962,0.0025913416483079174,0.005611383992676546,normal,16.6,17.16,0.9673659673659675,1.66,3.13,-0.19
2024-07-30 13:30:00,0.0119095005255768,0.01254108863837544,0.011450692586792256,normal,17.69,18.01,0.9822320932815103,1.65,3.2,-0.2
2024-07-31 13:30:00,-0.0038572195141433,-0.0036098348003676685,-0.002896338068235925,normal,16.36,16.97,0.9640542133176193,1.68,3.25,-0.2
2024-08-01 13:30:00,-0.0060138378690163,-0.004947703523659347,1.7562263375774795e-06,normal,18.59,19.14,0.9712643678160919,1.71,3.35,-0.17
2024-08-02 13:30:00,-0.0002365694899774,0.00461722580031817,0.004820566519351993,stress,23.39,23.34,1.0021422450728363,1.8,3.72,-0.08
2024-08-05 13:30:00,0.0009593654537004,0.0032330397602566485,-0.01581720303200963,stress,38.57,33.71,1.1441708691782853,1.85,3.93,-0.11
2024-08-06 13:30:00,0.0007891826778268,0.0004286362320561685,0.004478240487433925,stress,27.71,26.76,1.0355007473841553,1.78,3.67,-0.09
2024-08-07 13:30:00,-0.0005450154977063,0.0003792291616232903,0.001551974694837986,stress,27.85,27.01,1.0310995927434283,1.8,3.57,-0.04
2024-08-08 13:30:00,-0.0029324557427975,-0.003224371260147539,-0.0036349335671896008,stress,23.79,24.13,0.9859096560298384,1.78,3.48,-0.05
2024-08-09 13:30:00,-0.0061441645567586,-0.00686359714313321,-0.005473717649282523,stress,20.37,21.18,0.9617563739376771,1.77,3.49,-0.11
2024-08-12 13:30:00,-0.001932045432056,-0.001792740531491354,-0.0004956156967730505,stress,20.71,21.63,0.9574664817383265,1.78,3.52,-0.11
2024-08-13 13:30:00,0.0016490146889263,0.0024922709589124837,0.0014900142438947252,normal,18.12,19.86,0.9123867069486405,1.8,3.54,-0.08
2024-08-14 13:30:00,-0.00396675542589,-0.0048704008701850885,-0.001086560102119505,normal,16.19,18.45,0.8775067750677508,1.74,3.46,-0.11
2024-08-15 13:30:00,0.0053253042582803,0.004768822766000426,0.0024438040504281863,complacency,15.23,17.88,0.8517897091722596,1.68,3.31,-0.16
2024-08-16 13:30:00,0.0032104209652998,0.0033296495150446884,0.0030004759696895932,complacency,14.8,17.81,0.8309938236945538,1.69,3.29,-0.17
2024-08-19 13:30:00,-0.004172282860856,-0.004567603221250572,-0.00573540399527307,complacency,14.65,17.59,0.8328595793064242,1.68,3.21,-0.2
2024-08-20 13:30:00,-0.008760790834977,-0.008502177865219916,-0.006383370857779614,complacency,15.88,18.28,0.8687089715536105,1.69,3.25,-0.17
2024-08-21 13:30:00,0.004272871613992,0.004768221623261635,0.0029914483011892847,normal,16.27,18.58,0.8756727664155006,1.69,3.27,-0.13
2024-08-22 13:30:00,0.0035477160835018,0.0035828091211766557,0.004501056933774658,normal,17.55,19.36,0.90650826446281,1.7,3.21,-0.13
2024-08-23 13:30:00,0.0085133969648653,0.008939325064347026,0.004007800359748985,complacency,15.86,18.19,0.8719076415612973,1.7,3.19,-0.09
2024-08-26 13:30:00,-0.00271942302525,-0.002757242143112512,-0.0031151444963669734,normal,16.15,18.25,0.884931506849315,1.7,3.15,-0.09
2024-08-27 13:30:00,0.0006355965539719,0.0006948969026200071,0.004061616546279158,complacency,15.43,17.73,0.8702763677382966,1.71,3.17,0.0
2024-08-28 13:30:00,-0.0013393464161705,-0.0015484055351748815,-0.0007884420633574914,normal,17.11,18.9,0.9052910052910054,1.71,3.19,0.01
2024-08-29 13:30:00,0.0023205511939937,0.0020867925401088015,0.0005160865817763038,complacency,15.65,18.0,0.8694444444444445,1.69,3.15,0.0
2024-08-30 13:30:00,-0.0013023140946621,-0.001264735137108006,-0.0002589104465161463,complacency,15.0,17.43,0.8605851979345955,1.69,3.13,0.0
2024-09-03 13:30:00,0.0019715780547228,,,stress,20.72,21.7,0.9548387096774194,1.73,3.31,-0.04
2024-09-04 13:30:00,-0.0001621090534633,3.5095458082678955e-06,0.0006368227338765312,stress,21.32,22.07,0.966017217942909,1.73,3.35,0.01
2024-09-05 13:30:00,0.0036048290538449,0.003718302648082642,0.003922140481618774,normal,19.9,20.93,0.9507883420926898,1.73,3.29,-0.02
2024-09-06 13:30:00,-0.0054104131822193,-0.005573516806018644,-0.0036809859537860227,stress,22.38,22.74,0.9841688654353562,1.73,3.39,0.06
2024-09-09 13:30:00,-0.0052721930077592,-0.0055791795721781045,-0.00417244175692846,normal,19.45,20.88,0.9315134099616859,1.73,3.36,0.02
2024-09-10 13:30:00,-0.0005172864526562,-3.1018225467003364e-05,0.0015297359819389455,normal,19.08,20.55,0.9284671532846714,1.74,3.46,0.06
2024-09-11 13:30:00,0.0025548867998954,0.002751295431715113,0.003979138861674603,normal,17.69,19.59,0.9030117406840226,1.75,3.44,0.03
2024-09-12 13:30:00,0.0019751728397536,0.0019199420427779992,0.0012039967725301958,normal,17.07,19.48,0.8762833675564682,1.74,3.39,0.04
2024-09-13 13:30:00,0.0057858552409648,0.005829558855574068,0.0017854776521062515,normal,16.56,19.28,0.858921161825726,1.72,3.37,0.09
2024-09-16 13:30:00,-0.0024670283390228,-0.003136125709782337,-0.002962462347727826,normal,17.14,19.81,0.8652195860676427,1.7,3.32,0.07
2024-09-17 13:30:00,-2.5504530909357254e-05,-0.0005719840035734004,-0.0018990382336364867,normal,17.61,20.13,0.8748137108792846,1.68,3.25,0.06
2024-09-18 13:30:00,0.0015836177659669,0.0014122402635109606,0.0015765127544732607,normal,18.23,20.35,0.8958230958230958,1.67,3.21,0.09
2024-09-19 13:30:00,-0.0023932775935474,-0.002013208777471746,-0.002176517414294536,normal,16.33,19.07,0.8563188253801782,1.67,3.1,0.14
2024-09-20 13:30:00,-0.0015814185016578,-0.001402577963079919,0.0017622496400344818,normal,16.15,18.94,0.8526927138331573,1.67,3.15,0.18
2024-09-23 13:30:00,0.0048096884934981,0.004333280801214709,0.006646964696157002,complacency,15.89,18.7,0.8497326203208557,1.65,3.15,0.18
2024-09-24 13:30:00,-0.0024520241773822,-0.0017590228676955671,-0.000755328721930485,complacency,15.39,18.47,0.8332430969139145,1.66,3.21,0.25
2024-09-25 13:30:00,0.0015937136951109,0.0013863348218161097,0.004962188537402015,complacency,15.41,18.57,0.8298330640818524,1.65,3.19,0.26
2024-09-26 13:30:00,6.624778759495688e-05,-0.0004420689245787395,-0.0022229796274389163,complacency,15.37,18.45,0.8330623306233063,1.65,3.14,0.19
2024-09-27 13:30:00,0.0029776690725793,0.003091918352291702,0.0004797677969716396,normal,16.96,19.54,0.8679631525076766,1.66,3.14,0.2
2024-09-30 13:30:00,0.0001836850504818,-0.0009005946859003652,0.0006169800950420004,normal,16.73,19.22,0.8704474505723205,1.63,3.03,0.15
2024-10-01 13:30:00,-0.0104236744337813,-0.010236843560801864,-0.010212292988983792,normal,19.26,20.89,0.9219722355193873,1.65,3.07,0.13
2024-10-02 13:30:00,-0.0017125569258716,-0.0021450585216421813,-0.0008105572205789004,normal,18.9,20.59,0.917921321029626,1.64,3.06,0.16
2024-10-03 13:30:00,-0.0020367459766329,-0.0029035745782617288,-0.00040588987388338665,stress,20.49,21.63,0.9472954230235784,1.62,3.04,0.15
2024-10-04 13:30:00,0.0017987782862989,0.0003869691687793501,-7.453499092037377e-05,normal,19.21,20.65,0.930266343825666,1.57,2.89,0.05
2024-10-07 13:30:00,-0.0058145900497589,-0.007340043768348769,-0.005659877637200778,stress,22.64,22.59,1.0022133687472332,1.54,2.95,0.04
2024-10-08 13:30:00,0.0009531930403336,0.0013005100607708783,0.004129371173813857,stress,21.42,21.52,0.9953531598513012,1.55,2.99,0.06
2024-10-09 13:30:00,-0.0007366036062796,-0.0009483731596978348,0.0010832000345821725,stress,20.86,20.91,0.9976087996174079,1.54,2.94,0.07
2024-10-10 13:30:00,0.0021077081925699,0.0017840668697212585,0.0029877675798240123,stress,20.93,21.02,0.9957183634633682,1.54,2.99,0.11
2024-10-11 13:30:00,9.761536372579135e-05,-8.044334453432178e-05,-0.0035533127943753523,stress,20.46,20.77,0.9850746268656717,1.54,2.98,0.13
2024-10-14 13:30:00,0.0080256365627068,,,normal,19.7,20.12,0.9791252485089462,,2.97,
2024-10-15 13:30:00,-0.0037262717075225,,,stress,20.64,20.8,0.9923076923076923,1.53,2.93,0.08
2024-10-16 13:30:00,0.0091163885374464,0.008586563766526894,0.006343249351660056,normal,19.58,20.32,0.9635826771653543,1.51,2.9,0.09
2024-10-17 13:30:00,-0.0080376523110063,-0.007827358585500151,-0.007714943298391969,normal,19.11,19.81,0.9646643109540637,1.53,2.89,0.13
2024-10-18 13:30:00,0.0007331467639105,0.0007762125163013366,0.00224261188473048,normal,18.03,19.19,0.9395518499218343,1.53,2.88,0.13
2024-10-21 13:30:00,-0.0015520664109254,-0.001480104847378024,0.002665495604885869,normal,18.37,19.24,0.9547817047817049,1.54,2.88,0.17
2024-10-22 13:30:00,-0.001017201336937,-0.0006128542788792508,-0.00012715592848137674,normal,18.2,19.17,0.9494001043296817,1.55,2.92,0.17
2024-10-23 13:30:00,-0.0010337557939998,-0.001565196381877713,-0.0009089208244389156,normal,19.24,20.04,0.9600798403193612,1.54,2.95,0.17
2024-10-24 13:30:00,0.0042191189564195,0.0038358075883537937,0.004232711110322458,normal,19.08,19.85,0.9612090680100754,1.52,2.93,0.14
2024-10-25 13:30:00,-0.0013634596082152,-0.00173108975879663,-0.0011155441206063164,stress,20.33,20.94,0.9708691499522444,1.51,2.89,0.14
2024-10-28 13:30:00,-0.0019335839619854,-0.0021087953573514936,-0.005520056927709458,normal,19.8,20.17,0.9816559246405552,1.51,2.82,0.16
2024-10-29 13:30:00,0.0075185376559484,0.0067015793529429275,0.007709554628765269,normal,19.34,19.96,0.9689378757515029,1.49,2.85,0.17
2024-10-30 13:30:00,-0.0022188805778103,-0.003936002811358186,-0.003463287222465141,stress,20.35,20.76,0.9802504816955684,1.44,2.8,0.14
2024-10-31 13:30:00,-0.0037370433527506,-0.00027518073854704197,-0.0009248174591008737,stress,23.16,22.64,1.0229681978798586,1.46,2.88,0.12
2024-11-01 13:30:00,0.0059085850435021,0.004221897676997153,0.0038237862461855646,stress,21.88,21.91,0.9986307622090369,1.46,2.83,0.16
2024-11-04 14:30:00,0.003813217475065,0.00440247118002961,0.0029199527183585597,stress,21.98,21.57,1.0190078813166434,1.46,2.87,0.14
2024-11-05 14:30:00,-0.0001653137726349,-0.0015043592338236413,-0.003019557707852371,stress,20.49,20.19,1.0148588410104011,1.45,2.86,0.07
2024-11-06 14:30:00,0.0165857342075467,0.008017021677185094,0.0020727661003457475,normal,16.27,17.67,0.9207696661007356,1.4,2.74,0.15
2024-11-07 14:30:00,-0.0043582081665164,-0.001853237055893657,-0.0014549054897502224,complacency,15.2,16.95,0.8967551622418879,1.44,2.73,0.1
2024-11-08 14:30:00,-0.0105138996980063,-0.01529063494294599,-0.013920245849144497,complacency,14.94,16.83,0.8877005347593584,1.38,2.63,0.04
2024-11-11 14:30:00,0.0204950468894215,,,complacency,14.97,16.8,0.8910714285714286,,2.63,
2024-11-12 14:30:00,0.0054887901667319,,,complacency,14.71,16.71,0.8803111909036505,1.36,2.61,0.09
2024-11-13 14:30:00,-0.0061910522347416,-0.006558165520144451,-0.004961181489386618,complacency,14.02,16.51,0.8491823137492428,1.41,2.64,0.17
2024-11-14 14:30:00,-0.000307974866325,0.0010476524612386682,0.0024003169376582596,complacency,14.31,16.68,0.8579136690647482,1.39,2.6,0.09
2024-11-15 14:30:00,0.014830223445821,0.018169106141355026,0.018238553449527708,normal,16.14,17.81,0.9062324536777092,1.41,2.72,0.12
2024-11-18 14:30:00,0.0048784981510847,0.0045329329711614125,0.004917026484308012,complacency,15.58,17.19,0.9063408958696916,1.42,2.72,0.13
2024-11-19 14:30:00,-0.000222366966552,0.0009393837082955958,-0.0007259678618655194,normal,16.35,17.69,0.9242509892594687,1.42,2.69,0.12
2024-11-20 14:30:00,-0.0024772278200637,-0.0004105177160887395,-0.0012298916043053721,normal,17.16,18.26,0.9397590361445782,1.43,2.67,0.1
2024-11-21 14:30:00,0.0041917739898485,0.004167581335055305,0.002572013934473585,normal,16.87,18.18,0.927942794279428,1.43,2.61,0.09
2024-11-22 14:30:00,-0.0011408592410068,-0.0015479213562062033,-0.004757510280343313,complacency,15.24,17.3,0.8809248554913295,1.43,2.61,0.04
2024-11-25 14:30:00,0.0083196636982287,0.0064068530543081575,0.005157220148344448,complacency,14.6,16.87,0.8654416123295791,1.42,2.64,0.06
2024-11-26 14:30:00,-0.0082303096673927,-0.009166525147497693,-0.006819507334803713,complacency,14.1,16.53,0.8529945553539019,1.43,2.68,0.09
2024-11-27 14:30:00,-0.0034514284270363,-0.002556441357371949,-0.0037395320501112917,complacency,14.1,16.6,0.8493975903614457,1.43,2.69,0.06
2024-11-29 14:30:00,0.0025712573833004,,,complacency,13.51,16.26,0.8308733087330873,1.44,2.72,0.05
2024-12-02 14:30:00,2.458892509677357e-05,,,complacency,13.34,16.34,0.8164014687882497,1.41,2.68,0.02
2024-12-03 14:30:00,-0.0017321675285966,-0.004040424722267946,-0.0017290583049800457,complacency,13.3,16.24,0.8189655172413794,1.4,2.66,0.06
2024-12-04 14:30:00,0.0045247009723752,0.004066316351079907,0.0053893161995317886,complacency,13.45,16.39,0.8206223306894447,1.39,2.66,0.06
2024-12-05 14:30:00,-0.0091575190907396,-0.007138676278465638,-0.005740834255990078,complacency,13.54,16.58,0.8166465621230399,1.4,2.66,0.02
2024-12-06 14:30:00,-0.0045742588739311,-0.005049847207376433,-0.005333670229410187,complacency,12.77,16.32,0.7824754901960784,1.42,2.67,0.05
2024-12-09 14:30:00,0.0021733670009234,0.0028423632511640935,0.0025452459018608974,complacency,14.19,17.09,0.8303101228788765,1.42,2.67,0.07
2024-12-10 14:30:00,-0.0003184717167635,-0.001108075696047163,-0.00022121637852335813,complacency,14.18,16.98,0.8351001177856301,1.41,2.67,0.07
2024-12-11 14:30:00,0.0034125254194192,0.002160508131716531,0.003736871616691044,complacency,13.58,16.88,0.8045023696682465,1.42,2.64,0.11
2024-12-12 14:30:00,-0.0012740343935731,-0.0005296572572626036,3.0832681695398215e-06,complacency,13.92,17.35,0.8023054755043227,1.44,2.66,0.14
2024-12-13 14:30:00,0.0007921195050751,-0.0012593438233039235,0.0007685982874391012,complacency,13.81,17.15,0.8052478134110788,1.42,2.68,0.15
2024-12-16 14:30:00,-0.0012029739975561,0.00014446618197041117,0.0003790745392747016,complacency,14.69,17.57,0.836084234490609,1.42,2.69,0.14
2024-12-17 14:30:00,-0.0116254259235595,-0.013137776595188989,-0.011081168043939531,complacency,15.87,18.13,0.8753447324875896,1.39,2.75,0.15
2024-12-18 14:30:00,0.002562757425473,0.016933932351309435,0.015710818651121186,stress,27.62,24.24,1.1394389438943895,1.37,2.73,0.15
2024-12-19 14:30:00,0.0001739913933132,-0.0037558022972802437,-0.0017914774505215323,stress,24.09,24.14,0.9979287489643744,1.4,2.91,0.25
2024-12-20 14:30:00,0.0011217536654747,0.0026277808008325233,0.00500402346489072,normal,18.36,20.1,0.9134328358208954,1.43,2.86,0.22
2024-12-23 14:30:00,-0.0063238360954727,-0.010763028356697162,-0.007138546959354635,normal,16.78,18.65,0.8997319034852548,1.42,2.85,0.29
2024-12-24 14:30:00,0.000625363502492,-0.0025758414972619627,0.0005398713153306752,complacency,14.27,17.2,0.8296511627906977,1.39,2.86,0.3
2024-12-26 14:30:00,0.0026291167854443,0.004087849919269739,0.0002612077311811732,complacency,14.73,17.36,0.8485023041474655,1.4,2.86,0.28
2024-12-27 14:30:00,-3.4764010773576104e-05,-0.0005835391269891652,0.00025759226194895966,complacency,15.95,18.07,0.8826784726065301,1.4,2.84,0.31
2024-12-30 14:30:00,0.0016688578659031,0.0035472020864522015,0.0005048272835426733,normal,17.4,18.94,0.918690601900739,1.43,2.94,0.31
2024-12-31 14:30:00,-0.0027118962624295,-0.0037615479207327336,-0.004756301981134624,normal,17.35,18.98,0.9141201264488936,1.42,2.92,0.33
2025-01-02 14:30:00,-0.0023772582606489,-0.0007461096711581787,-0.009961181009272436,normal,17.93,19.33,0.9275737196068289,1.45,2.88,0.32
2025-01-03 14:30:00,0.0071811024224731,0.0064604125454104325,0.006164608204979199,normal,16.13,18.14,0.8891951488423373,1.44,2.81,0.32
2025-01-06 14:30:00,0.0047138565055064,0.0040705915234447,0.0043868939613517805,normal,16.04,18.03,0.8896283971159178,1.44,2.76,0.34
2025-01-07 14:30:00,0.00190355111581,0.0027740754709379067,0.0016307732330514283,normal,17.82,19.19,0.9286086503387181,1.47,2.79,0.37
2025-01-08 14:30:00,0.0075777465360214,0.00737252768071883,0.008954362466190878,normal,17.7,19.34,0.9152016546018614,1.48,2.84,0.39
2025-01-10 14:30:00,-0.0032622397711345,-0.003430041971914042,-0.0002772259528991141,normal,19.54,20.97,0.9318073438245112,1.42,2.81,0.37
2025-01-13 14:30:00,0.0060956440432609,0.006117446679171969,0.007003220427510763,normal,19.19,20.43,0.9393049437102301,1.44,2.85,0.39
2025-01-14 14:30:00,0.0104110141565923,0.009601602807242603,0.007917614206374636,normal,18.71,19.99,0.9359679839919961,1.44,2.8,0.41
2025-01-15 14:30:00,0.0018299514427822,0.0021427702986034085,0.001525538275896907,normal,16.12,18.23,0.884256719692814,1.44,2.72,0.39
2025-01-16 14:30:00,-0.0005858482910102,0.0003830269982366592,0.00013147262013342388,normal,16.6,18.35,0.9046321525885559,1.46,2.73,0.38
2025-01-17 14:30:00,0.0096407559178666,0.011117248318230952,0.012315916034179999,complacency,15.97,18.19,0.8779549202858713,1.46,2.64,0.34
2025-01-21 14:30:00,0.0071715576909772,,,complacency,15.06,17.5,0.8605714285714287,1.46,2.61,0.28
2025-01-22 14:30:00,0.0020707029128303,0.00043311789295887785,0.003043504574675858,complacency,15.1,17.81,0.8478382930937676,1.43,2.59,0.31
2025-01-23 14:30:00,0.0015840563763093,-0.0001502334572767573,2.5803569780142796e-07,complacency,15.02,17.52,0.8573059360730594,1.43,2.61,0.36
2025-01-24 14:30:00,-0.0003037825089258,-0.00033809469016917246,0.00014357323161600256,complacency,14.85,17.55,0.8461538461538461,1.43,2.6,0.36
2025-01-27 14:30:00,-0.0029228029988174,-0.0019651755135205746,-0.001886644913124212,normal,17.9,18.97,0.9435951502372166,1.45,2.66,0.36
2025-01-28 14:30:00,0.0036699111034784,0.003330358642314848,0.002940368432897392,normal,16.41,18.13,0.9051296194153338,1.45,2.66,0.36
2025-01-29 14:30:00,0.0009866211571879,0.0017255189358207305,0.0012134448955426593,normal,16.56,18.15,0.912396694214876,1.45,2.68,0.34
2025-01-30 14:30:00,-0.002129220873634,-0.002291944963723456,-0.0020659549722010897,complacency,15.84,17.91,0.8844221105527638,1.45,2.67,0.34
2025-01-31 14:30:00,-0.0038017469571173,-0.004359337249257115,-0.004231356379486519,normal,16.43,18.43,0.8914812805208898,1.45,2.68,0.36
2025-02-03 14:30:00,0.0022379654593545,0.005253387940999659,0.006859002132206549,normal,18.62,19.55,0.9524296675191816,1.46,2.73,0.28
2025-02-04 14:30:00,0.0004562347507538,-0.0005633391000544519,-0.003929269505887921,normal,17.21,18.64,0.9232832618025751,1.46,2.71,0.31
2025-02-05 14:30:00,-0.003967433995708,-0.002970513757266855,-0.004029129484950984,complacency,15.77,17.96,0.8780623608017817,1.45,2.69,0.26
2025-02-06 14:30:00,-0.0154848604338341,-0.014935087576445879,-0.01423361023436908,complacency,15.5,17.94,0.8639910813823857,1.44,2.66,0.24
2025-02-07 14:30:00,0.0021176926139169,0.0018125454651790828,0.003085531078172528,normal,16.54,18.63,0.8878153515834676,1.45,2.67,0.2
2025-02-10 14:30:00,0.0096346665567714,0.009612699595447605,0.009474633727706943,complacency,15.81,18.23,0.8672517827756445,1.45,2.66,0.23
2025-02-11 14:30:00,-3.169391789076053e-05,-0.0004120523770558825,0.0006229902881880596,normal,16.02,18.28,0.8763676148796498,1.46,2.66,0.25
2025-02-12 14:30:00,-0.0040599468766295,-0.003897951969603383,-0.0030555938672686784,complacency,15.89,18.31,0.8678317859093393,1.45,2.65,0.26
2025-02-13 14:30:00,0.0135611636630916,0.01489022674528484,0.01483765130122038,complacency,15.1,17.84,0.8464125560538116,1.44,2.65,0.21
2025-02-14 14:30:00,0.002447723679992,0.0015923505270618852,0.0015077920090340255,complacency,14.77,17.81,0.8293093767546322,1.46,2.62,0.21
2025-02-18 14:30:00,0.0006289558422937,,,complacency,15.35,17.82,0.8613916947250281,1.44,2.62,0.26
2025-02-19 14:30:00,0.0013215821192473,0.0008129504139911561,0.001985341934898204,complacency,15.27,17.93,0.8516452872281093,1.46,2.68,0.25
2025-02-20 14:30:00,-0.0104044581932471,-0.010713729864686473,-0.009005730428157216,complacency,15.66,18.01,0.869516935036091,1.47,2.66,0.22
2025-02-21 14:30:00,-0.0203546053482795,-0.020459983442755292,-0.017464075140668056,normal,18.21,19.48,0.9348049281314169,1.49,2.78,0.23
2025-02-24 14:30:00,-0.0008363660774521,-0.0006612425568535137,0.002114798728779654,normal,18.98,19.86,0.9556898288016114,1.48,2.78,0.27
2025-02-25 14:30:00,-0.0015443334713239,-0.0012922618941555413,0.00021980309322279967,normal,19.43,20.03,0.9700449326010983,1.5,2.84,0.23
2025-02-26 14:30:00,-0.0016695903673379,-0.0018539406606734965,-0.0030969178695505663,normal,19.1,19.75,0.9670886075949368,1.51,2.81,0.2
2025-02-27 14:30:00,0.0011225114809718,0.001797007831601837,0.002950271696366736,stress,21.13,21.22,0.9957587181903864,1.52,2.81,0.22
2025-02-28 14:30:00,-0.0091820492080077,-0.00962929792796103,-0.009872170152366945,normal,19.63,20.18,0.9727452923686818,1.57,2.87,0.25
2025-03-03 14:30:00,-0.0063473070555265,-0.004559274857587398,0.0019857234867878305,stress,22.78,22.18,1.0270513976555455,1.61,2.94,0.2
2025-03-04 14:30:00,0.0037029945326492,0.00397778060940235,0.001862063568100018,stress,23.51,22.78,1.0320456540825285,1.61,2.99,0.26
2025-03-05 14:30:00,-0.0015752128665328,-0.003750931704451059,-0.002010975752017382,stress,21.93,21.72,1.009668508287293,1.57,2.88,0.29
2025-03-06 14:30:00,-0.0057142467170776,-0.004438633668500762,-0.004977655688853683,stress,24.87,23.7,1.049367088607595,1.59,2.99,0.33
2025-03-07 14:30:00,0.0039446058552726,0.003940574873094587,0.006293698219996359,stress,23.37,22.59,1.0345285524568393,1.61,2.97,0.33
2025-03-10 13:30:00,-0.0085385141122916,-0.00609198692565089,-0.005363649127713628,stress,27.86,25.72,1.0832037325038881,1.64,3.16,0.33
2025-03-11 13:30:00,0.0058754332181254,0.006573367442867064,0.001679865856380863,stress,26.92,25.34,1.0623520126282557,1.68,3.22,0.34
2025-03-12 13:30:00,-0.0040284550933503,-0.006136808864794218,-0.006550446648824763,stress,24.23,23.67,1.0236586396282212,1.65,3.2,0.31
2025-03-13 13:30:00,-0.0024501880611668,-0.001701320479835209,-0.0008761806346142883,stress,24.66,24.06,1.0249376558603491,1.7,3.4,0.33
2025-03-14 13:30:00,0.0053644902056836,0.003290802557852965,0.0037125637401565323,stress,21.77,22.17,0.9819576003608479,1.65,3.25,0.29
2025-03-17 13:30:00,0.0045681070072209,0.0033687139777944823,0.004495136563686794,stress,20.51,21.3,0.9629107981220658,1.63,3.18,0.25
2025-03-18 13:30:00,0.0048257325683385,0.005427097404871593,0.005962184180243667,stress,21.7,21.97,0.9877105143377333,1.63,3.23,0.25
2025-03-19 13:30:00,0.0011758354961049,0.0008373678861363278,-0.00123294423046306,normal,19.9,20.83,0.9553528564570332,1.64,3.19,0.26
2025-03-20 13:30:00,-0.0011616733048279,-0.0010331346579841344,-0.00016317984837816444,normal,19.8,20.71,0.9560598744567842,1.64,3.17,0.29
2025-03-21 13:30:00,-0.001995451604111,-0.001775725236038881,-0.0008816032653296223,normal,19.28,20.35,0.9474201474201475,1.68,3.21,0.31
2025-03-24 13:30:00,0.0050826635222423,0.0025450667138436794,0.0008598789887608585,normal,17.48,19.04,0.9180672268907564,1.64,3.05,0.3
2025-03-25 13:30:00,0.009527225377617,0.009213659339458257,0.01084192824640067,normal,17.15,19.05,0.900262467191601,1.66,3.09,0.35
2025-03-26 13:30:00,0.0057438645457494,0.007168234187606411,0.008375123971119213,normal,18.33,19.84,0.923891129032258,1.66,3.19,0.37
2025-03-27 13:30:00,0.0012265749705919,0.0013935377235604692,0.001811220387865832,normal,18.69,19.89,0.9396681749622926,1.68,3.27,0.41
2025-03-28 13:30:00,-0.0049177641637246,0.0004065311728418206,-0.0007583130822491225,stress,21.65,22.01,0.9836437982735119,1.73,3.47,0.38
2025-03-31 13:30:00,0.0082499895401611,0.010375442348273523,0.012582687250508635,stress,22.28,21.97,1.0141101502048249,1.76,3.55,0.34
2025-04-01 13:30:00,0.0175824512234711,0.01694994910960483,0.01714495059024955,stress,21.77,21.82,0.9977085242896425,1.73,3.5,0.3
2025-04-02 13:30:00,-0.0048788263674783,-0.005214138975588611,-0.006256205798069981,stress,21.51,21.45,1.002797202797203,1.73,3.42,0.29
2025-04-03 13:30:00,0.0032015385655332,0.018439773188584998,0.01810534530522306,stress,30.02,27.38,1.0964207450693937,1.89,4.01,0.35
2025-04-04 13:30:00,0.0019441062392304,0.016112944901488412,0.008832821010810423,stress,45.31,36.71,1.2342685916643967,1.94,4.45,0.33
2025-04-07 13:30:00,0.0014649764577205,0.002884071447607297,0.0024020792699986798,stress,46.98,36.88,1.2738611713665942,2.02,4.61,0.42
2025-04-08 13:30:00,0.0135399494956399,0.014431531492223416,0.017384294086735308,stress,52.33,41.5,1.2609638554216867,2.0,4.57,0.55
2025-04-09 13:30:00,0.0142707544146219,0.01841079337150512,0.018779030052452114,stress,33.62,29.92,1.123663101604278,2.02,4.37,0.43
2025-04-10 13:30:00,0.0090536791504785,0.009396179560547622,0.01104180679159206,stress,40.72,35.71,1.1402968356202743,1.97,4.42,0.56
2025-04-11 13:30:00,-0.0068679601544268,-0.009192355900306783,-0.008430997026937828,stress,37.56,33.91,1.107637864936597,1.9,4.26,0.52
2025-04-14 13:30:00,-0.0063858829370402,-0.009076607059198237,-0.008155775905877263,stress,30.89,29.63,1.0425244684441446,1.9,4.14,0.54
2025-04-15 13:30:00,-0.0025901893142095,-0.002298324288211775,-0.0029556149629502808,stress,30.12,29.0,1.0386206896551724,1.9,4.09,0.51
2025-04-16 13:30:00,0.0040589991561567,0.004811277357673484,0.004344416327271757,stress,32.64,30.94,1.054945054945055,1.92,4.16,0.52
2025-04-17 13:30:00,-0.0229252261479614,-0.023837568751224034,-0.023439950261179017,stress,29.65,29.35,1.010221465076661,1.92,4.02,0.53
2025-04-21 13:30:00,-0.0167094920548035,,,stress,33.82,31.83,1.0625196355639335,1.96,4.16,0.67
2025-04-22 13:30:00,0.0045748589733037,0.003970748089719716,0.004239964387346542,stress,30.57,29.45,1.0380305602716469,1.93,3.99,0.65
2025-04-23 13:30:00,0.0109958879632094,0.010288464877780817,0.00967933849463292,stress,28.45,28.02,1.015346181299072,1.86,3.75,0.59
2025-04-24 13:30:00,0.0019620881909745,0.002126843049257722,0.001642716431334503,stress,26.47,26.44,1.0011346444780636,1.86,3.73,0.55
2025-04-25 13:30:00,-0.0053516418273429,-0.0060602572488861655,-0.0069276799199828095,stress,24.84,25.37,0.9791091840756799,1.84,3.67,0.55
2025-04-28 13:30:00,-0.0017211805975991,-0.0009848918765253717,-0.0012568127147215922,stress,25.15,25.73,0.9774582199766808,1.87,3.73,0.56
2025-04-29 13:30:00,0.0007911823373418,0.0011298946078667654,0.001240913698887082,stress,24.17,25.22,0.9583663758921492,1.88,3.74,0.54
2025-04-30 13:30:00,-0.0064943800856989,-0.0045023724364924005,-0.003680787385685245,stress,24.7,25.54,0.9671104150352389,1.96,3.94,0.57
2025-05-01 13:30:00,0.017230321030105,0.01709521908827121,0.015229571390550535,stress,24.6,25.49,0.9650843468026679,1.95,3.78,0.55
2025-05-02 13:30:00,0.0021279339743145,0.0005228132250660424,0.0007860908135581422,stress,22.68,24.0,0.945,1.9,3.6,0.5
2025-05-05 13:30:00,0.0010846244645916,0.0013797979104207088,0.0023078006669536265,stress,23.64,24.55,0.9629327902240326,1.91,3.6,0.53
2025-05-06 13:30:00,0.0251584028917352,0.026802052259809913,0.02744930995448307,stress,24.76,25.41,0.9744195198740654,1.95,3.66,0.52
2025-05-07 13:30:00,0.0024338725591678,0.002233087674145279,0.003924401836681942,stress,23.55,24.7,0.9534412955465588,1.95,3.67,0.48
2025-05-08 13:30:00,0.0054992608445122,0.003690553111102918,0.001957804554480716,stress,22.48,23.76,0.946127946127946,1.89,3.51,0.47
2025-05-09 13:30:00,0.0046127704382257,0.0047929606557552944,0.005142692292635006,stress,21.9,23.38,0.9366980325064157,1.89,3.53,0.49
2025-05-12 13:30:00,-0.0060151067668588,-0.00837087820259138,-0.009524335232859792,normal,18.39,20.22,0.9094955489614244,1.82,3.15,0.47
2025-05-13 13:30:00,0.0003309773766962,0.000330419008150024,-0.000325805970823517,normal,18.22,20.09,0.9069188651070184,1.82,3.09,0.47
2025-05-14 13:30:00,0.0142991618955789,0.013833176469421605,0.013861261329649432,normal,18.62,20.58,0.9047619047619049,1.8,3.1,0.48
2025-05-15 13:30:00,-0.0032509380188045,-0.0024192203197167385,-0.001699436438854535,normal,17.83,20.25,0.8804938271604937,1.83,3.2,0.49
2025-05-16 13:30:00,0.0046366136022108,0.0043808850768626345,0.005613225445568989,normal,17.24,20.08,0.8585657370517928,1.82,3.16,0.45
2025-05-19 13:30:00,-0.004520388562001,-0.003771940094343897,-0.0037839254548428505,normal,18.14,20.69,0.8767520541324311,1.84,3.21,0.49
2025-05-20 13:30:00,0.0008988357708105,0.0005440448145502876,0.0004224526137688703,normal,18.09,20.72,0.8730694980694981,1.82,3.2,0.51
2025-05-21 13:30:00,-0.0091198807601274,-0.008033124679704576,-0.008657687310502506,stress,20.87,22.66,0.9210061782877317,1.85,3.25,0.58
2025-05-22 13:30:00,-0.0102639678967341,-0.010278963666721043,-0.01037048252796675,stress,20.28,22.32,0.9086021505376345,1.87,3.32,0.54
2025-05-23 13:30:00,-0.0024905300629558,-0.0027991222433421357,-0.0026185782544534773,stress,22.29,23.8,0.9365546218487394,1.88,3.4,0.51
2025-05-27 13:30:00,0.003377982655369,,,normal,18.96,21.29,0.8905589478628465,1.84,3.24,0.51
2025-05-28 13:30:00,-0.0014782540571178,-0.0017558340314394751,-0.0019180418300574018,normal,19.31,21.67,0.8910936778957083,1.83,3.23,0.51
2025-05-29 13:30:00,0.0016080884569971,0.0011831098111815025,7.385929992288027e-05,normal,19.18,21.62,0.8871415356151711,1.81,3.22,0.51
2025-05-30 13:30:00,0.0034278138981434,0.004289785431854027,0.004427994426205289,normal,18.57,21.38,0.8685687558465857,1.84,3.31,0.52
2025-06-02 13:30:00,-0.0020393184147097,,,normal,18.36,21.09,0.8705547652916074,1.84,3.27,0.52
2025-06-03 13:30:00,0.0034749756134404,0.0026652662602964367,0.005790583272952751,normal,17.69,20.72,0.8537644787644789,1.81,3.19,0.5
2025-06-04 13:30:00,-0.0027960923636403,-0.003019435733675214,-0.004458767894977409,normal,17.61,20.66,0.8523717328170377,1.8,3.23,0.5
2025-06-05 13:30:00,0.0024634017982637,0.0013859046989543383,0.0020144905057242765,normal,18.48,21.11,0.8754144954997631,1.77,3.18,0.48
2025-06-06 13:30:00,0.00079381105896,7.386442646987502e-05,0.0016954091510265406,normal,16.77,20.02,0.8376623376623377,1.73,3.09,0.47
2025-06-09 13:30:00,-0.0052876953153267,-0.005430822929969732,-0.0033289216204390637,normal,17.16,20.09,0.8541562966650075,1.72,3.12,0.48
2025-06-10 13:30:00,-0.010150403404802,-0.010659965653786518,-0.011628526369707235,normal,16.95,19.94,0.850050150451354,1.71,3.12,0.46
2025-06-11 13:30:00,-0.0027824313580647,-0.0021598082403595244,-0.0015015648154756908,normal,17.26,20.3,0.8502463054187193,1.74,3.12,0.47
2025-06-12 13:30:00,-0.00543324685623,-0.005870978860730263,-0.010480724277078645,normal,18.02,20.65,0.8726392251815981,1.73,3.17,0.46
2025-06-13 13:30:00,-0.0026421020216136,-0.002782723113908104,-0.006177474877604798,stress,20.82,22.62,0.9204244031830239,1.75,3.18,0.45
2025-06-16 13:30:00,0.0042822423657844,0.004671676256606353,0.006410527181016719,normal,19.11,21.23,0.9001413094677343,1.74,3.1,0.49
2025-06-17 13:30:00,0.0062658986005102,0.005778474284527942,0.0034492380339135402,stress,21.6,22.91,0.9428197293758185,1.74,3.17,0.45
2025-06-18 13:30:00,0.0054249798229575,0.006046263152234721,0.00905603852744334,stress,20.14,21.97,0.91670459717797,1.77,3.16,0.44
2025-06-20 13:30:00,0.000599737864678,,,stress,20.62,22.48,0.9172597864768683,1.76,3.13,0.48
2025-06-23 13:30:00,-0.003520918016049,-0.002941301475900128,-0.0018762406967015861,normal,19.83,21.82,0.9087992667277726,1.77,3.12,0.5
2025-06-24 13:30:00,0.0078385411525297,0.009243390927677854,0.010582060880461713,normal,17.48,20.05,0.8718204488778055,1.78,3.06,0.55
2025-06-25 13:30:00,-0.0079502390543513,-0.007720907879646079,-0.0124405454227337,normal,16.76,19.67,0.8520589730554143,1.79,3.04,0.55
2025-06-26 13:30:00,0.0059214794859119,0.00623395442650663,0.007646872349935155,normal,16.59,19.45,0.8529562982005142,1.8,3.04,0.56
2025-06-27 13:30:00,0.0088788983470534,0.00875948598972732,0.008114442452777502,normal,16.32,19.45,0.8390745501285347,1.79,3.02,0.56
2025-06-30 13:30:00,0.0017252820837865,0.001131030012936604,0.0011335317662551124,normal,16.73,19.44,0.86059670781893,1.75,2.96,0.52
2025-07-01 13:30:00,-0.0080977496620236,-0.008589466361752986,-0.003086077870364921,normal,16.83,19.51,0.8626345463864683,1.72,2.91,0.48
2025-07-02 13:30:00,-0.0224107893602333,-0.022786281103200485,-0.025696360707518993,normal,16.64,19.35,0.8599483204134366,1.7,2.88,0.52
2025-07-03 13:30:00,0.002869692168374,0.002111697261528332,0.0007033419017713652,normal,16.38,19.21,0.8526808953669963,1.67,2.8,0.47
2025-07-07 13:30:00,-0.0059241787410093,,,normal,17.79,20.21,0.880257298367145,1.71,2.86,0.5
2025-07-08 13:30:00,0.0021382452424533,0.003121320073238172,0.004737893260472592,normal,16.81,19.58,0.8585291113381001,1.71,2.92,0.52
2025-07-09 13:30:00,0.0039520001753343,0.0037917911518774387,0.0031140655749138536,complacency,15.94,19.02,0.8380651945320715,1.73,2.94,0.48
2025-07-10 13:30:00,-0.0080596901704659,-0.0070808419819349405,-0.005672399718063333,complacency,15.78,18.92,0.8340380549682874,1.7,2.92,0.49
2025-07-11 13:30:00,-0.008966694600999,-0.006463058380325961,-0.007319784078817042,normal,16.4,19.37,0.8466701084150747,1.72,2.97,0.53
2025-07-14 13:30:00,0.0065194512000019,0.006109644575085754,0.004772972135212543,normal,17.2,19.84,0.8669354838709677,1.73,2.95,0.53
2025-07-15 13:30:00,-0.0041545346957272,-0.0022565904619567642,-0.0035880633314700223,normal,17.38,20.06,0.8664007976071785,1.7,2.95,0.55
2025-07-16 13:30:00,-0.0057461431600342,-0.003513339289187537,-0.004730064196055661,normal,17.16,20.09,0.8541562966650075,1.73,3.0,0.58
2025-07-17 13:30:00,-0.0016337882696869,-0.0030172438431079014,-0.002917452611412104,normal,16.52,19.69,0.8390045708481462,1.71,2.91,0.56
2025-07-18 13:30:00,-0.0115695842964297,-0.012121829114815328,-0.01178321625360146,normal,16.41,19.58,0.838100102145046,1.73,2.93,0.56
2025-07-21 13:30:00,0.0027614784053402,0.0005652892662847317,-0.0004275304367451485,normal,16.65,19.51,0.8534085084572013,1.73,2.89,0.53
2025-07-22 13:30:00,-0.0053483768346789,-0.00608125240304234,-0.0037048785423317264,normal,16.5,19.53,0.8448540706605222,1.73,2.9,0.52
2025-07-23 13:30:00,0.0033629727979751,0.003595781866613808,0.002858239576264015,complacency,15.37,18.56,0.828125,1.71,2.83,0.52
2025-07-24 13:30:00,-0.023086448891456,-0.02239354028582489,-0.020929663714403995,complacency,15.39,18.56,0.8292025862068967,1.68,2.82,0.52
2025-07-25 13:30:00,0.0062119120252762,0.003234849376266299,0.003844880072413642,complacency,14.93,18.32,0.8149563318777292,1.69,2.84,0.49
2025-07-28 13:30:00,0.002791557879822,0.004447087738640549,0.0015931146155712017,complacency,15.03,18.16,0.8276431718061673,1.69,2.82,0.51
2025-07-29 13:30:00,-0.0014474013797527,-0.003735759475592612,-0.002004653050191456,complacency,15.98,18.77,0.8513585508790624,1.7,2.86,0.48
2025-07-30 13:30:00,0.0134619440919698,0.011079348407587855,0.010820930055897605,complacency,15.48,18.35,0.8435967302452315,1.69,2.89,0.44
2025-07-31 13:30:00,-0.0017817282925614,-9.425300171236948e-05,-0.000997100627580079,normal,16.72,19.14,0.8735632183908045,1.67,2.86,0.43
2025-08-01 13:30:00,-0.0177898597877924,-0.011357740932034854,-0.010278692616395045,stress,20.38,21.24,0.9595103578154426,1.75,3.13,0.54
2025-08-04 13:30:00,0.0055709602590973,0.0012483905747680398,-0.0008688820714352783,normal,17.52,19.61,0.8934217236104028,1.74,3.02,0.53
2025-08-05 13:30:00,0.0052797373082853,0.003899364539369345,0.0017289808830882308,normal,17.85,20.03,0.8911632551173241,1.72,2.98,0.5
2025-08-06 13:30:00,0.0016658438381799,0.001598080312984841,-0.000564624607544509,normal,16.77,19.47,0.8613251155624038,1.75,2.98,0.53
2025-08-07 13:30:00,0.0153073542328224,0.013669608402478592,0.014896814830745755,normal,16.57,19.35,0.8563307493540051,1.74,2.95,0.51
2025-08-08 13:30:00,0.0134490983289094,0.010998809474925427,0.010172588302549666,complacency,15.15,18.7,0.8101604278074866,1.74,2.94,0.51
2025-08-11 13:30:00,-0.0023007523676805,0.0003761286334546892,-0.0009794916407230329,normal,16.25,19.25,0.8441558441558441,1.72,2.94,0.51
2025-08-12 13:30:00,0.008575737318754,0.010845969040849172,0.007317355139353234,complacency,14.73,18.34,0.8031624863685932,1.73,2.93,0.57
2025-08-13 13:30:00,0.0034145576712132,0.0038238682744886924,0.004201439061821543,complacency,14.49,18.33,0.7905073649754502,1.71,2.9,0.57
2025-08-14 13:30:00,-0.005493985165103,-0.0063314859379766854,-0.005109032207067142,complacency,14.83,18.49,0.8020551649540293,1.71,2.89,0.55
2025-08-15 13:30:00,0.0025297596569907,0.006425389348045222,0.007533011003562669,complacency,15.09,18.64,0.8095493562231759,1.69,2.88,0.58
2025-08-18 13:30:00,0.0030294699978972,0.0016523900351708841,0.0001624706293385839,complacency,14.99,18.45,0.8124661246612467,1.7,2.88,0.57
2025-08-19 13:30:00,-0.001860060576387,-0.0024285325322373806,0.0025044130904607513,complacency,15.57,18.9,0.8238095238095239,1.71,2.9,0.55
2025-08-20 13:30:00,-5.860726156789887e-05,-0.0010753112607833873,-0.0002661536338249542,complacency,15.69,19.1,0.8214659685863873,1.73,2.94,0.55
2025-08-21 13:30:00,0.0022190411183791,0.004354255306323643,0.001164930864438269,normal,16.6,19.41,0.8552292632663576,1.72,2.95,0.54
2025-08-22 13:30:00,0.0085399088441724,0.0056616909317570826,0.0007801395490547713,complacency,14.22,17.76,0.8006756756756757,1.73,2.88,0.58
2025-08-25 13:30:00,-0.0001708375623623,0.0005059659066460448,0.0008023630845700063,complacency,14.79,18.02,0.820754716981132,1.7,2.8,0.55
2025-08-26 13:30:00,-0.0047592074509808,0.001293465355850564,-0.0013167558720659075,complacency,14.62,17.9,0.8167597765363128,1.75,2.78,0.65
2025-08-27 13:30:00,0.0049923782246164,0.004277683121303904,0.0023886448909258345,complacency,14.85,17.94,0.8277591973244146,1.77,2.78,0.65
2025-08-28 13:30:00,0.0009481793944445,-0.003727816082028719,-0.004938546075204934,complacency,14.43,17.72,0.8143340857787811,1.75,2.75,0.6
2025-08-29 13:30:00,0.0028505921432431,0.005567972433006284,0.006646110635981322,complacency,15.36,18.35,0.8370572207084468,1.8,2.82,0.64
2025-09-02 13:30:00,-0.0016935221887735,,,normal,17.17,19.38,0.8859649122807018,1.81,2.92,0.62
2025-09-03 13:30:00,-7.507321032411505e-05,-0.0007074821404642004,-0.00024896032044151957,normal,16.35,18.93,0.8637083993660857,1.78,2.88,0.61
2025-09-04 13:30:00,0.0019517812162311,-0.005697857281444903,-0.007131905283844874,complacency,15.3,18.39,0.831973898858075,1.8,2.84,0.58
2025-09-05 13:30:00,0.0035799467734284,0.005679114822061045,0.004641066630974172,complacency,15.18,18.42,0.8241042345276872,1.78,2.83,0.59
2025-09-08 13:30:00,0.0008693345345327,-0.0005949021050717935,-0.0021501074310324715,complacency,15.11,18.29,0.8261344997266266,1.76,2.84,0.56
2025-09-09 13:30:00,0.0003574768583603,-0.0008892183839923266,-3.855379096499525e-05,complacency,15.04,18.27,0.823207443897099,1.75,2.87,0.54
2025-09-10 13:30:00,-0.0092411756793861,-0.011978132205747975,-0.012687830462096915,complacency,15.35,18.44,0.8324295010845986,1.75,2.84,0.5
2025-09-11 13:30:00,0.0043196640174208,0.0023352848410668004,0.0016057983790479908,complacency,14.71,18.03,0.8158624514697725,1.74,2.78,0.49
2025-09-12 13:30:00,0.0020477450768959,0.005606304501882164,0.007225602033630653,complacency,14.76,18.06,0.8172757475083057,1.7,2.79,0.5
2025-09-15 13:30:00,-0.0041947516436587,0.0004879605092513494,-0.0026799039697759136,complacency,15.69,18.53,0.8467350242849433,1.68,2.75,0.51
2025-09-16 13:30:00,-0.0051582166783594,-0.0021242823211283213,-0.0030037205575982645,normal,16.36,18.91,0.8651507139079851,1.69,2.79,0.53
2025-09-17 13:30:00,0.0015930091997429,-0.0003489746942931691,-8.638118747053558e-05,complacency,15.72,18.44,0.8524945770065075,1.7,2.79,0.54
2025-09-18 13:30:00,0.0074878445089288,0.008447069227772061,0.0023069081570240542,complacency,15.7,18.52,0.8477321814254859,1.68,2.71,0.54
2025-09-19 13:30:00,-0.0047258101126645,-0.0035230848445157075,-9.30207166994915e-05,complacency,15.45,18.48,0.836038961038961,1.68,2.72,0.57
2025-09-22 13:30:00,0.0101227221941736,0.010686593459924856,0.007256773602723923,normal,16.1,18.95,0.849604221635884,1.67,2.69,0.54
2025-09-23 13:30:00,4.53621288266262e-05,0.004581530112948036,0.006204421101018787,normal,16.64,19.44,0.8559670781893004,1.69,2.71,0.59
2025-09-24 13:30:00,0.0047766006493645,0.003914012906784135,0.007509061093740247,normal,16.18,19.14,0.845350052246604,1.68,2.7,0.59
2025-09-25 13:30:00,0.0028930949443434,0.001489637712532371,0.0005641830753616655,normal,16.74,19.46,0.8602261048304213,1.67,2.76,0.54
2025-09-26 13:30:00,0.0018839663970823,0.000903713110884498,0.003342372865236463,complacency,15.29,18.41,0.830526887561108,1.65,2.75,0.57
2025-09-29 13:30:00,-0.0057181170922519,-0.005822456747931323,-0.006585949229700726,normal,16.12,18.76,0.8592750533049041,1.64,2.74,0.52
2025-09-30 13:30:00,-0.0118016626540963,-0.009819456781018457,-0.008994739356739617,normal,16.28,18.77,0.8673415023974428,1.67,2.8,0.56
2025-10-01 13:30:00,-0.02728326604551,-0.026911138887269214,-0.026699375502686622,normal,16.29,18.76,0.8683368869936033,1.69,2.81,0.57
2025-10-02 13:30:00,0.005871290967595,0.005790080779597282,0.0030656246969404505,normal,16.63,18.89,0.8803599788247749,1.68,2.81,0.55
2025-10-03 13:30:00,0.002560486173371,0.002363457030496858,0.0001714487656707957,normal,16.65,19.08,0.8726415094339622,1.66,2.8,0.55
2025-10-06 13:30:00,-0.0009678853829928,-0.000759581550191421,-0.0014175708653437853,normal,16.37,19.12,0.8561715481171548,1.65,2.76,0.58
2025-10-07 13:30:00,0.0028666474310389,0.00551259950374087,0.0070969519429623235,normal,17.24,19.71,0.8746829020801622,1.67,2.82,0.57
2025-10-08 13:30:00,0.0009414057105193,-0.0024556054607886547,-0.004362063964327427,normal,16.3,19.26,0.8463136033229491,1.68,2.84,0.55
2025-10-09 13:30:00,-0.0094477362510874,-0.009105371931535187,-0.009632129533247333,normal,16.43,19.38,0.847781217750258,1.69,2.95,0.54
2025-10-10 13:30:00,-0.0105925158422127,0.005346730244174081,0.00034427419034206014,stress,21.66,22.81,0.9495835160017537,1.72,3.18,0.53
2025-10-13 13:30:00,0.0017692460904403,,,normal,19.03,20.93,0.9092212135690397,,3.18,
2025-10-14 13:30:00,0.0101096547367745,,,stress,20.81,22.03,0.9446209714026327,1.71,3.11,0.55
2025-10-15 13:30:00,-0.0049602984352273,-0.006192933161353372,-0.008450573795275643,stress,20.64,21.94,0.9407474931631723,1.68,2.95,0.55
2025-10-16 13:30:00,-0.0009658860212882,0.013570323967865552,0.015432322791172598,stress,25.31,24.87,1.0176919983916364,1.71,3.04,0.58
2025-10-17 13:30:00,0.0005374094630736,-0.010017570000813901,-0.0024167307918452597,stress,20.78,22.09,0.9406971480307832,1.7,3.04,0.56
2025-10-20 13:30:00,0.0077450930458613,0.002120920732809938,0.0007052514961574854,normal,18.23,20.31,0.8975873953717382,1.68,2.99,0.54
2025-10-21 13:30:00,0.0004218865417386,-0.0010173622794896933,0.00023737557797479867,normal,17.87,19.99,0.8939469734867435,1.67,2.97,0.53
2025-10-22 13:30:00,0.0073992810428276,0.009761822023584677,0.011330360898805469,normal,18.6,20.31,0.9158050221565732,1.69,3.01,0.52
2025-10-23 13:30:00,-0.0019530158613458,-0.005464260872346954,-0.005895703334503832,normal,17.3,19.65,0.8804071246819339,1.66,2.96,0.53
2025-10-24 13:30:00,0.0043373349167661,0.0026414501807340645,0.0029428832355098107,normal,16.37,19.2,0.8526041666666667,1.65,2.88,0.54
2025-10-27 13:30:00,-0.0016838814693939,-0.0038739148642942486,-0.0015113081803450593,complacency,15.79,18.99,0.8314902580305424,1.63,2.8,0.53
2025-10-28 13:30:00,-0.0032074259881149,-0.0015929449369291165,0.0007803147443142858,normal,16.42,19.55,0.8398976982097187,1.65,2.82,0.52
2025-10-29 13:30:00,-0.0026070353462983,-0.0040687292092425964,-0.001210431164044623,normal,16.92,19.83,0.8532526475037823,1.61,2.76,0.49
2025-10-30 13:30:00,-0.0223370271154817,-0.02117390831126903,-0.022532586522999925,normal,16.91,19.98,0.8463463463463463,1.64,2.85,0.5
2025-10-31 13:30:00,-0.0065836391279372,-0.0023651414697299627,-0.0028936637902333123,normal,17.44,20.49,0.8511469009272817,1.69,2.94,0.51
2025-11-03 14:30:00,0.0108441520347373,0.011887514131414216,0.012941038197052722,normal,17.17,20.38,0.8424926398429834,1.71,3.04,0.53
2025-11-04 14:30:00,0.0049739394692077,0.007594788369457862,0.007681102325396851,normal,19.0,21.29,0.8924377642085487,1.72,3.13,0.52
2025-11-05 14:30:00,-0.0065544551290252,-0.009072357427220597,-0.010758654937103759,normal,18.01,20.6,0.8742718446601941,1.7,3.05,0.54
2025-11-06 14:30:00,-0.0110126312968511,-0.008768693936125796,-0.008543934316465659,normal,19.5,21.35,0.9133489461358313,1.72,3.13,0.54
2025-11-07 14:30:00,0.0065494560191553,0.00834320946475479,0.0075189930333751705,normal,19.08,21.19,0.9004247286455874,1.75,3.15,0.56
2025-11-10 14:30:00,-0.0097590377850392,-0.012143874353005738,-0.009979380187896437,normal,17.6,20.24,0.8695652173913044,1.73,3.02,0.55
2025-11-11 14:30:00,-0.0029238330342762,,,normal,17.28,20.19,0.8558692421991084,,3.02,
2025-11-12 14:30:00,-0.0019135137138977,,,normal,17.51,20.34,0.86086529006883,1.75,3.02,0.52
2025-11-13 14:30:00,-0.0088174331667183,-0.006038268968637593,-0.005685927626314298,stress,20.0,21.85,0.9153318077803203,1.77,3.09,0.53
2025-11-14 14:30:00,-0.0076218430043515,-0.007831213954984219,-0.007923248078770229,normal,19.83,21.58,0.9189063948100092,1.77,3.07,0.52
2025-11-17 14:30:00,-0.0037582967458143,-0.0016443795493575044,8.218845753383587e-05,stress,22.38,23.18,0.9654874892148404,1.77,3.13,0.53
2025-11-18 14:30:00,-0.0051452510274848,-0.0025483818534669978,-0.00554922674321952,stress,24.69,24.54,1.0061124694376529,1.79,3.2,0.54
2025-11-19 14:30:00,0.0001025156235244,-0.00038703050055789674,0.0013377394502853668,stress,23.66,23.99,0.9862442684451855,1.79,3.17,0.55
2025-11-20 14:30:00,-0.000373419349161,0.0018696425118380907,0.0014609438543976563,stress,26.42,25.76,1.0256211180124224,1.8,3.17,0.55
2025-11-21 14:30:00,0.015914886713771,0.01572503420203771,0.013131732235450593,stress,23.43,23.96,0.9778797996661102,1.82,3.19,0.55
2025-11-24 14:30:00,0.0083536536053899,0.005187883489746322,0.008169818190567568,stress,20.52,21.85,0.9391304347826086,1.8,3.15,0.58
2025-11-25 14:30:00,0.0054909012159804,0.0027562006043262933,0.0005271952320977068,normal,18.56,20.73,0.8953207911239749,1.79,3.1,0.58
2025-11-26 14:30:00,-0.0002938549660002,-0.0029844070357040076,-0.003377475086233226,normal,17.19,20.02,0.8586413586413587,1.78,3.0,0.55
2025-11-28 14:30:00,0.0024227068010552,,,normal,16.35,19.64,0.8324847250509165,1.78,2.95,0.55
2025-12-01 14:30:00,-0.0004665081696274,,,normal,17.24,20.22,0.8526211671612265,1.78,2.94,0.55
2025-12-02 14:30:00,-0.0018684679724231,-0.0032850586974394152,-0.002396475828924545,normal,16.59,19.84,0.8361895161290323,1.76,2.92,0.58
2025-12-03 14:30:00,-0.0073050503123717,-0.007530441099305091,-0.009809854752709752,normal,16.08,19.71,0.8158295281582951,1.77,2.89,0.57
2025-12-04 14:30:00,0.0034548284221363,0.0028090076586417805,0.0021220311282832338,complacency,15.78,19.49,0.8096459722934839,1.76,2.88,0.59
2025-12-05 14:30:00,-0.003452174180208,-0.005257255998756007,-0.005170167253341418,complacency,15.41,19.27,0.7996886351842242,1.74,2.85,0.58
2025-12-08 14:30:00,-0.003793749040569,-0.0025502828285094677,-0.0028463730780675565,normal,16.66,19.91,0.8367654445002511,1.73,2.89,0.6
2025-12-09 14:30:00,0.0050124455152282,0.00458890838302068,0.004249821032275355,normal,16.93,20.08,0.8431274900398407,1.73,2.89,0.57
2025-12-10 14:30:00,-0.0012848612246882,-0.0003976317334545357,-0.0015113766000702054,complacency,15.77,19.35,0.8149870801033591,1.76,2.91,0.59
2025-12-11 14:30:00,0.0063357637579064,0.004722684429615856,0.002842936006218413,complacency,14.85,19.05,0.7795275590551181,1.73,2.88,0.62
2025-12-12 14:30:00,-0.0004367744664663,0.0033511285887618905,0.003888179278151926,complacency,15.74,19.25,0.8176623376623376,1.76,2.91,0.67
2025-12-15 14:30:00,-0.0046833894395646,-0.003374412882065352,-0.0033901611862315524,normal,16.5,19.68,0.8384146341463414,1.77,2.91,0.67
2025-12-16 14:30:00,-0.0050341029765757,-0.004545289578334066,-0.0035779416715987535,normal,16.48,19.67,0.8378240976105744,1.78,2.98,0.67
2025-12-17 14:30:00,2.3655175590109323e-05,0.0013419580855330714,-0.000556079045019166,normal,17.62,20.08,0.8774900398406376,1.78,2.99,0.67
2025-12-18 14:30:00,-0.0004211312129768,-0.001293504243157543,-9.098323766696455e-05,normal,16.87,19.59,0.8611536498213375,1.78,2.95,0.66
2025-12-19 14:30:00,-0.0025499280305652,-0.005651659829729212,-0.004581080542151448,complacency,14.91,18.25,0.816986301369863,1.76,2.9,0.68
2025-12-22 14:30:00,-0.0008440040042121,-0.001989465108394656,-0.002165422050050371,complacency,14.08,17.79,0.7914558740865655,1.76,2.88,0.73
2025-12-23 14:30:00,-0.0043540781279007,-0.005194081745240083,-0.00368910006903894,complacency,14.0,17.84,0.7847533632286996,1.74,2.83,0.7
2025-12-24 14:30:00,-0.0009955766317392,-0.001998775072916295,-0.0022658681061925243,complacency,13.47,17.77,0.7580191333708498,1.73,2.84,0.68
2025-12-26 14:30:00,0.0040265426227473,0.004723104588360155,0.005340532333376971,complacency,13.6,17.77,0.7653348339898706,1.75,2.86,0.68
2025-12-29 14:30:00,-0.0013941394934564,-0.00048062565420358403,-0.0005782128313817133,complacency,14.2,17.82,0.7968574635241301,1.76,2.87,0.67
2025-12-30 14:30:00,0.0010233633484395,0.0008023785111147717,0.0010057269497531348,complacency,14.33,17.77,0.8064153066966798,1.75,2.84,0.69
2025-12-31 14:30:00,-0.0035545380289255,-0.002782804796027048,-0.002988326603115998,complacency,14.95,18.18,0.8223322332233223,1.72,2.81,0.71
2026-01-02 14:30:00,-0.0005577492778545,-0.0018153659910888137,-0.004001444683359605,complacency,14.51,18.02,0.8052164261931187,1.74,2.83,0.72
2026-01-05 14:30:00,0.0211715313408198,0.021922306054340476,0.021636808921044186,complacency,14.9,18.32,0.8133187772925764,1.75,2.81,0.71
2026-01-06 14:30:00,0.0055497312318979,0.005564616322087117,0.004400581600202653,complacency,14.75,18.15,0.81267217630854,1.74,2.79,0.71
2026-01-07 14:30:00,-0.0175239723640638,-0.016163755256852565,-0.01671873053180327,complacency,15.38,18.59,0.827326519634212,1.73,2.79,0.68
2026-01-08 14:30:00,0.0111661704648552,0.010657931451646013,0.008971313184290413,complacency,15.45,18.39,0.8401305057096248,1.73,2.76,0.7
2026-01-09 14:30:00,-0.0025971224642361,-0.0006188643077195267,-0.0019928088500930506,complacency,14.49,17.88,0.8104026845637584,1.7,2.74,0.64
2026-01-12 14:30:00,-0.0058014009528111,-0.005314466059710017,-0.005514924144204654,complacency,15.12,18.23,0.8294020844761382,1.7,2.74,0.65
2026-01-13 14:30:00,-0.0076629309376074,-0.006196200195111325,-0.007137943548615451,complacency,15.98,18.85,0.8477453580901856,1.69,2.75,0.65
2026-01-14 14:30:00,-0.0022553867415718,-0.0003240084514655136,-0.003709624522101964,normal,16.75,19.37,0.8647392875580795,1.68,2.76,0.64
2026-01-15 14:30:00,0.0148607340426447,0.014925982881029169,0.01329348526516409,complacency,15.84,18.9,0.8380952380952381,1.65,2.71,0.61
2026-01-16 14:30:00,-0.0072493776577746,-0.0074169191037762655,-0.007247548161101293,complacency,15.86,18.99,0.8351764086361243,1.63,2.65,0.65
2026-01-20 14:30:00,-0.0008225840489497,,,stress,20.09,21.28,0.944078947368421,1.65,2.73,0.7
2026-01-21 14:30:00,-0.0044354361619797,-0.009923609734729078,-0.012811706400479198,normal,16.9,19.36,0.8729338842975206,1.62,2.69,0.66
2026-01-22 14:30:00,0.0043534588323862,0.0028800992832146806,0.002747420887919981,complacency,15.64,18.75,0.8341333333333334,1.59,2.64,0.65
2026-01-23 14:30:00,-0.0027648980491002,-0.0020164792949440196,0.0013644237774873267,normal,16.09,19.15,0.8402088772845954,1.61,2.68,0.64
2026-01-26 14:30:00,1.5633186710271516e-05,-0.00033187196337104897,0.0010738092988217672,normal,16.15,19.07,0.846879916098584,1.61,2.69,0.66
2026-01-27 14:30:00,-0.0342244837241445,-0.03499493986427265,-0.03359576643504373,normal,16.35,19.22,0.8506763787721126,1.61,2.71,0.71
2026-01-28 14:30:00,0.0034646302898279,0.002786338148277123,0.004700111396524587,normal,16.35,19.3,0.8471502590673575,1.62,2.72,0.7
2026-01-29 14:30:00,0.0026028022888524,0.0033574638463150586,0.0023391682759229286,normal,16.88,19.67,0.8581596339603456,1.63,2.77,0.71
2026-01-30 14:30:00,-0.0047019471679481,-0.0011486649449153098,-0.002256688691383495,normal,17.44,20.07,0.8689586447433981,1.62,2.8,0.74
2026-02-02 14:30:00,-0.0034595068729095,,,normal,16.34,19.37,0.8435725348477026,1.61,2.81,0.72
2026-02-03 14:30:00,0.00395464886731,0.005480247746737741,0.003671558232969384,normal,18.0,20.35,0.8845208845208845,1.63,2.85,0.71
2026-02-04 14:30:00,-0.0315367217592251,-0.030627142730082664,-0.035385666252952135,normal,18.64,20.62,0.903976721629486,1.64,2.86,0.72
2026-02-05 14:30:00,0.0067462888285835,0.012143862197129858,0.012248789793407312,stress,21.77,22.45,0.9697104677060133,1.67,2.97,0.74
2026-02-06 14:30:00,-0.0055409057110812,-0.011824932699448926,-0.014437100650217269,normal,17.76,20.37,0.8718703976435935,1.65,2.87,0.72
2026-02-09 14:30:00,-0.0019111900099228,-0.0008679838906836329,-0.0017333464308185416,normal,17.36,20.09,0.8641114982578397,1.64,2.84,0.74
2026-02-10 14:30:00,0.0094797799206605,0.007337534132467775,0.007877708265415891,normal,17.79,20.43,0.8707782672540382,1.66,2.86,0.71
2026-02-11 14:30:00,0.0106222902870926,0.0067477160542361615,0.008345399184177931,normal,17.65,20.37,0.8664702994599901,1.67,2.84,0.66
2026-02-12 14:30:00,-0.0119152141071229,-0.011468115395009693,-0.012060682299036904,stress,20.82,22.17,0.9391069012178619,1.68,2.92,0.62
2026-02-13 14:30:00,0.0042447612155719,0.0010304979058799696,-0.0007631004114074498,stress,20.6,22.17,0.9291835814163284,1.72,2.95,0.64
2026-02-17 14:30:00,0.0061448202765776,,,stress,20.29,21.6,0.9393518518518518,1.7,2.94,0.62
2026-02-18 14:30:00,0.0059692449435783,0.008049738830811747,0.008522633227947524,normal,19.62,21.39,0.9172510518934082,1.67,2.86,0.62
2026-02-19 14:30:00,-0.0015160146792965,-0.001978213074512389,-0.0034288017275224524,stress,20.23,21.88,0.9245886654478976,1.68,2.88,0.61
2026-02-20 14:30:00,0.000868602783246,-0.0027064895424598646,-3.7854321456957767e-05,normal,19.09,21.09,0.9051683262209578,1.69,2.86,0.6
2026-02-23 14:30:00,-0.0085270431987544,-0.008545810920516862,-0.008037286143071674,stress,21.01,22.14,0.9489611562782295,1.73,2.95,0.6
2026-02-24 14:30:00,-0.0053405906868494,-0.00626797270986221,-0.006201895905532659,normal,19.55,21.34,0.9161199625117151,1.73,2.97,0.61
2026-02-25 14:30:00,0.0108702098372103,0.00894854993822113,0.011181505027652512,normal,17.93,20.36,0.880648330058939,1.73,2.94,0.6
2026-02-26 14:30:00,0.0082962970697613,0.00802950799559958,0.005759843575333869,normal,18.63,20.81,0.8952426717924075,1.75,2.98,0.6
2026-02-27 14:30:00,-0.0137793098175089,-0.016183638945212367,-0.014023625997039598,normal,19.86,21.56,0.9211502782931354,1.8,3.1,0.59
2026-03-02 14:30:00,0.0047939174484252,,,stress,21.44,22.44,0.9554367201426025,1.78,3.03,0.58
2026-03-03 14:30:00,-0.0056824557895797,-0.005412517756604392,-0.00463964728210693,stress,23.57,23.54,1.0012744265080715,1.78,3.08,0.55
2026-03-04 14:30:00,0.0064075580867309,0.004791821265206447,0.005635281966319961,stress,21.15,22.29,0.9488559892328398,1.74,2.97,0.55
2026-03-05 14:30:00,-0.0023508784257754,0.0011556561988128647,0.003601325356686621,stress,23.75,23.86,0.9953897736797989,1.76,3.0,0.56
2026-03-06 14:30:00,-0.0076339427145873,0.0018084331033675505,0.0011337181581639426,stress,29.49,27.56,1.0700290275761974,1.75,3.13,0.59
2026-03-09 13:30:00,0.0020090764499851,-0.004909092008604178,-0.003439677091506767,stress,25.5,25.34,1.0063141278610892,1.78,3.19,0.56
2026-03-10 13:30:00,-0.01075852751624,-0.01009090453006769,-0.009870855671269805,stress,24.93,25.51,0.9772638181105449,1.77,3.06,0.58
2026-03-11 13:30:00,-0.0009834180095577,-0.0034345258399191454,-0.0030715809190819923,stress,24.23,24.97,0.9703644373247898,1.84,3.09,0.57
2026-03-12 13:30:00,-0.0098418197448122,-0.011441414746770776,-0.011660407991490268,stress,27.29,26.95,1.0126159554730982,1.84,3.17,0.51
2026-03-13 13:30:00,0.0029795512330569,0.005471785935795247,0.005148859791216452,stress,27.19,27.28,0.9967008797653959,1.83,3.28,0.55
2026-03-16 13:30:00,0.0033837719354752,-0.001082291411797815,0.0009610518199749747,stress,23.51,24.92,0.9434189406099518,1.85,3.27,0.55
2026-03-17 13:30:00,0.0121888814858664,0.009393954062643046,0.00860157959186728,stress,22.37,24.33,0.9194410193177148,1.85,3.22,0.52
2026-03-18 13:30:00,-0.0034348283723684,-0.00043027882958097865,-0.0011284253859296296,stress,25.09,26.56,0.9446536144578314,1.81,3.2,0.5
2026-03-19 13:30:00,-0.0010877635964246,-0.004679613605249162,-0.006897566858180066,stress,24.06,25.54,0.942051683633516,1.81,3.27,0.46
2026-03-20 13:30:00,-0.0072463235841022,-0.0008867947350389774,0.0001275710925637977,stress,26.78,27.43,0.9763033175355451,1.79,3.24,0.51
2026-03-23 13:30:00,0.0031575827457338,0.0024164049478637697,0.00010432892832058782,stress,26.15,26.1,1.0019157088122603,1.79,3.19,0.51
2026-03-24 13:30:00,-0.0045102809445118,-0.0041761403987229904,-0.00663852013943728,stress,26.95,26.56,1.014683734939759,1.75,3.19,0.49
2026-03-25 13:30:00,-0.0006056425733319,-0.0027492605663344567,-0.003650924976851982,stress,25.33,25.63,0.9882949668357394,1.76,3.17,0.49
2026-03-26 13:30:00,-0.0023401139224928,-0.0011999116555777805,-0.0023446305269299913,stress,27.44,27.16,1.0103092783505154,1.73,3.21,0.46
2026-03-27 13:30:00,-0.0143829689762914,-0.004808398079991498,-0.006779276511056942,stress,31.05,29.27,1.0608131192347114,1.78,3.42,0.56
2026-03-30 13:30:00,-0.0082447302128475,-0.010967816586031801,-0.008320829742270355,stress,30.61,29.13,1.0508067284586338,1.79,3.46,0.53
2026-03-31 13:30:00,0.0101289356476541,0.002473530159040568,0.0032993645702598462,stress,25.25,25.55,0.9882583170254403,1.79,3.28,0.51
2026-04-01 13:30:00,-0.0014234451209533,-0.001338844649881424,0.0002424665214987023,stress,24.54,24.86,0.9871279163314561,1.75,3.16,0.52
2026-04-02 13:30:00,0.0086041049907453,0.007731531540713065,0.00655944594183821,stress,23.87,24.72,0.9656148867313916,1.74,3.17,0.52
2026-04-06 13:30:00,0.010581551863731,,,stress,24.17,24.77,0.9757771497779573,1.7,3.05,0.5
2026-04-07 13:30:00,0.0145825476811216,0.01816722519965403,0.015562469611656672,stress,25.78,25.57,1.0082127493156043,1.75,3.12,0.52
2026-04-08 13:30:00,-0.0006660553966207,-0.007179288641780286,-0.00556061180705527,stress,21.04,22.68,0.927689594356261,1.73,2.94,0.5
2026-04-09 13:30:00,-0.0032717330510837,-0.004117754090275316,-0.0046083595952415195,normal,19.49,21.81,0.8936267767079321,1.73,2.9,0.51
2026-04-10 13:30:00,-0.0068466851960502,-0.0076950621138256155,-0.009193957918152723,normal,19.23,21.86,0.8796889295516926,1.72,2.94,0.5
2026-04-13 13:30:00,0.0122224289658377,0.013688015142233029,0.012618461731869547,normal,19.12,21.34,0.8959700093720713,1.72,2.95,0.52
2026-04-14 13:30:00,0.0005356593320347,-0.0012687625649639126,-0.003667482362931538,normal,18.36,20.82,0.8818443804034581,1.7,2.84,0.5
2026-04-15 13:30:00,0.0041988901517293,0.006198474034808801,0.0067530181514738625,normal,18.17,20.78,0.8743984600577479,1.69,2.85,0.53
2026-04-16 13:30:00,0.0059962265645329,0.005756292117026009,0.006597720731960976,normal,17.94,20.77,0.863745787193067,1.71,2.86,0.54
2026-04-17 13:30:00,0.0052527840013851,0.004961783670842944,0.0017655971328621582,normal,17.48,20.51,0.8522671867381765,1.72,2.83,0.55
2026-04-20 13:30:00,0.0048484814387716,0.00595574408228023,0.003120877330217111,normal,18.87,21.24,0.8884180790960453,1.72,2.87,0.54
2026-04-21 13:30:00,0.0012550816328209,0.0013891635446013992,0.002617105829972074,normal,19.5,21.51,0.906555090655509,1.7,2.85,0.52
2026-04-22 13:30:00,0.0072604417520299,0.00630510336896496,0.005330438983635303,normal,18.92,21.24,0.8907721280602638,1.69,2.84,0.51
2026-04-23 13:30:00,0.0008432993737493,0.0015328885823933302,0.00236798906421718,normal,19.31,21.48,0.898975791433892,1.68,2.86,0.51
2026-04-24 13:30:00,0.0088811773623183,0.008171634098988537,0.005936871985025474,normal,18.71,21.3,0.8784037558685446,1.7,2.86,0.53
2026-04-27 13:30:00,0.009389575753974,0.008944606926030213,0.0088198883261593,normal,18.02,20.77,0.8675974963890226,1.7,2.84,0.57
2026-04-28 13:30:00,1.5175321227304387e-05,-0.0002850525803403278,0.0023934954927243087,normal,17.83,20.49,0.8701805758906783,1.7,2.85,0.52
2026-04-29 13:30:00,-0.0004112299604472,0.0010642725569140993,0.0020749760873367443,normal,18.81,21.19,0.8876828692779611,1.69,2.82,0.5
2026-04-30 13:30:00,-0.010229772718328,-0.012916344342030433,-0.013425955914981825,normal,16.89,20.08,0.8411354581673308,1.7,2.83,0.52
2026-05-01 13:30:00,0.0016022652830567,0.0017606425885737214,-0.0025265541336098405,normal,16.99,20.37,0.8340697103583701,1.69,2.77,0.51
2026-05-04 13:30:00,-0.0033528712650703,-0.001815850227091382,-0.0024549778705491377,normal,18.29,21.05,0.8688836104513064,1.69,2.78,0.5
2026-05-05 13:30:00,-0.0135482855787517,-0.014522186099920065,-0.01566711640796052,normal,17.38,20.82,0.834774255523535,1.65,2.77,0.5
2026-05-06 13:30:00,0.0076535540300749,0.0074372849790343785,0.006003845366560286,normal,17.39,20.57,0.8454059309674283,1.66,2.75,0.49
2026-05-07 13:30:00,0.0096460844749121,0.009398807117774223,0.012461507330798621,normal,17.08,20.35,0.8393120393120391,1.65,2.79,0.49
2026-05-08 13:30:00,0.0118466025699333,0.012052619972979439,0.010948499394241463,normal,17.19,20.5,0.8385365853658537,1.65,2.81,0.48
2026-05-11 13:30:00,-0.0104428608198491,-0.008527298362237411,-0.010687494467759275,normal,18.38,21.24,0.8653483992467044,1.65,2.79,0.47
2026-05-12 13:30:00,0.0132107259110083,0.012678001812230822,0.014450503169058954,normal,17.99,21.04,0.8550380228136881,1.66,2.82,0.46
2026-05-13 13:30:00,-0.0015386011692273,-0.0017907926282296142,-0.003402445239016131,normal,17.87,21.18,0.8437204910292729,1.66,2.82,0.48
2026-05-14 13:30:00,0.0003787387218585,-0.00011564692667906921,-0.0005099515067391676,normal,17.26,20.85,0.8278177458033573,1.62,2.76,0.47
2026-05-15 13:30:00,-0.0005932388595278,0.0009918347702503375,0.002444954762089993,normal,18.43,21.36,0.8628277153558053,1.62,2.8,0.5
2026-05-18 13:30:00,0.0110742328087455,0.01060951415620015,0.012976336011276072,normal,17.82,20.92,0.8518164435946463,1.59,2.83,0.54
2026-05-19 13:30:00,-0.0046972545430339,-0.004279940009052262,-0.004226420329106807,normal,18.06,21.12,0.8551136363636362,1.57,2.86,0.54
2026-05-20 13:30:00,0.0031857082542082,0.002125856546213728,0.002032807621529514,normal,17.44,20.76,0.8400770712909441,1.59,2.8,0.53
2026-05-21 13:30:00,-0.0114703635117638,-0.011885998115982415,-0.011869522328832484,normal,16.76,20.0,0.8380000000000001,1.59,2.78,0.49
2026-05-22 13:30:00,-0.0006831121408454,0.0011559155368497582,0.0014237814131418782,normal,16.7,20.03,0.8337493759360958,1.57,2.74,0.43
2026-05-26 13:30:00,-0.0045064861270737,,,normal,17.01,19.89,0.8552036199095023,1.56,2.72,0.49
2026-05-27 13:30:00,-0.0030133000960131,-0.004087086781897952,-0.004286343784153112,normal,16.29,19.45,0.8375321336760926,1.57,2.71,0.48
2026-05-28 13:30:00,-0.0031813123958918,-0.003478250449511484,-0.0035796186679657514,complacency,15.74,19.11,0.8236525379382522,1.57,2.72,0.46
2026-05-29 13:30:00,-0.0032318909505931,-0.003961321340191179,-0.005141983230898969,complacency,15.32,18.66,0.8210075026795284,1.57,2.72,0.47
2026-06-01 13:30:00,0.0094381549355908,,,normal,16.05,19.43,0.8260422027792075,1.54,2.72,0.42
2026-06-02 13:30:00,-0.0025612859576989,-0.0027264248058872244,-0.0017273063435996252,complacency,15.77,19.49,0.8091328886608518,1.54,2.71,0.41
2026-06-03 13:30:00,-0.0021812899746946,-0.0018558807139541994,-0.002544015912034836,normal,16.06,19.76,0.8127530364372468,1.54,2.75,0.41
2026-06-04 13:30:00,0.0073663405913681,0.006409889075567165,0.008029789192826499,complacency,15.4,19.23,0.8008320332813312,1.54,2.74,0.42
2026-06-05 13:30:00,0.0052950307335934,0.01535227030237269,0.015835802212777566,stress,21.51,21.82,0.9857928505957837,1.51,2.76,0.38
2026-06-08 13:30:00,0.0013457361782827,-0.0013649570917353597,-0.0009531071330468907,normal,18.92,20.79,0.9100529100529102,1.52,2.75,0.41
2026-06-09 13:30:00,0.0140781848699973,0.013922195037256247,0.015305582262350296,normal,19.87,21.31,0.9324260910370719,1.53,2.78,0.4
2026-06-10 13:30:00,-0.0008836090276688,0.0005385896165225627,0.0015808187670511733,stress,22.22,22.89,0.9707295762341633,1.53,2.8,0.42
2026-06-11 13:30:00,-0.002685219380949,-0.005891701123912218,-0.004943838900144216,normal,19.44,21.42,0.907563025210084,1.55,2.78,0.4
2026-06-12 13:30:00,0.0044400872918241,0.004951006583516508,0.005175236684889556,normal,17.68,20.51,0.8620185275475377,1.53,2.71,0.39
2026-06-15 13:30:00,0.003395527576757,0.0029539165229241,0.0016304550248130716,normal,16.2,19.36,0.8367768595041322,1.53,2.66,0.4
2026-06-16 13:30:00,0.001370854453194,0.00014507571419820333,-0.0005096334764498607,normal,16.41,19.53,0.8402457757296466,1.55,2.71,0.38
2026-06-17 13:30:00,-0.0140850411994245,-0.011216263322895994,-0.010013084156388298,normal,18.44,20.62,0.8942774005819593,1.5,2.63,0.29
2026-06-18 13:30:00,0.0121466610796522,0.011186592499108753,0.01277775988432504,normal,16.4,19.57,0.8380173735309145,1.51,2.66,0.27
2026-06-22 13:30:00,-0.008837758061895,,,normal,17.28,19.76,0.8744939271255061,1.51,2.65,0.27
2026-06-23 13:30:00,0.0014213753001765,0.001458159997706499,0.002506884779589061,normal,19.49,21.06,0.9254510921177588,1.51,2.71,0.34
2026-06-24 13:30:00,0.0055994751868413,0.005181030347939425,0.005019807623543157,normal,18.63,20.37,0.9145802650957289,1.52,2.76,0.3
2026-06-25 13:30:00,0.0060065478025646,0.0031771661983416386,0.00361621333964216,normal,18.89,20.33,0.9291687161829809,1.54,2.78,0.31
2026-06-26 13:30:00,0.0008272414624234,-0.001665605141075514,0.00010916146739120797,normal,18.41,20.13,0.9145553899652261,1.56,2.83,0.31
2026-06-29 13:30:00,-0.006530323686176,-0.0034112864223829033,-0.007840047630264068,normal,17.65,19.53,0.90373783922171,1.55,2.8,0.28
2026-06-30 13:30:00,0.0029891796943143,0.004750142419366414,0.005237158385212548,normal,16.45,19.0,0.8657894736842104,1.53,2.75,0.3
2026-07-01 13:30:00,0.0215470820507956,0.01967393099970408,0.018968949449921967,normal,16.59,19.16,0.865866388308977,1.54,2.74,0.31
2026-07-02 13:30:00,0.001181091135261,-0.0011302377240291338,-0.003119799933578399,normal,16.15,19.04,0.8482142857142857,1.54,2.75,0.35
2026-07-06 13:30:00,0.004412031541243,,,complacency,15.57,18.78,0.829073482428115,1.56,2.72,0.35
2026-07-07 13:30:00,-0.0070853397734262,-0.006723466292541575,-0.007436847258703413,normal,16.13,19.01,0.8485007890583902,1.55,2.67,0.36
2026-07-08 13:30:00,-0.0063225385087878,-0.0073770139553226465,-0.007644002301050246,normal,16.9,19.46,0.8684480986639259,1.56,2.7,0.35
2026-07-09 13:30:00,0.0063909686952909,0.004904284742995085,0.005603791118078445,complacency,15.84,18.99,0.8341232227488152,1.56,2.7,0.38
2026-07-10 13:30:00,0.0002360215240891,-0.00016745000235044352,-0.002105309891431623,complacency,15.03,18.57,0.8093699515347333,1.58,2.69,0.35
2026-07-13 13:30:00,0.0009793892827684,0.0020686449828937626,0.002034235533885773,normal,17.16,19.64,0.8737270875763747,1.56,2.69,0.36
2026-07-14 13:30:00,-0.0060667487054118,-0.012753525962106223,-0.012196223705555762,normal,16.5,19.3,0.854922279792746,1.6,2.72,0.4
2026-07-15 13:30:00,0.0027744187238502,0.0019835909649892594,0.002924575923085703,complacency,15.67,18.91,0.8286620835536753,1.6,2.71,0.42
2026-07-16 13:30:00,0.001645653297389,0.0026625185240151837,0.0010809738788334466,normal,16.73,19.5,0.857948717948718,1.59,2.71,0.41
2026-07-17 13:30:00,-0.0053802946126734,-0.0037708877280696234,-0.00253726806312009,normal,18.77,20.54,0.9138266796494645,1.59,2.73,0.37
2026-07-20 13:30:00,0.0035573675759231,0.0011304460298088783,0.0007886423463208002,normal,18.65,20.4,0.9142156862745098,1.61,2.69,0.39
2026-07-21 13:30:00,0.0002797188981512,0.0022267382818062574,0.004002034390996946,normal,17.05,19.59,0.8703420112302196,1.6,2.69,0.37
2026-07-22 13:30:00,-0.0120974050304206,-0.010076056111754612,-0.01181962366763531,normal,16.64,19.54,0.8515864892528148,1.58,2.68,0.36
2026-07-23 13:30:00,-0.0132984772402536,-0.012599387151757194,-0.012902903852769047,normal,18.7,20.6,0.9077669902912621,1.58,2.77,0.34
2026-07-24 13:30:00,0.0049862613743137,0.0032517455990417827,0.0010164541819428123,normal,18.58,20.51,0.9058995611896634,1.59,2.79,0.36
2026-07-27 13:30:00,0.0065366077039919,0.006074827369058491,0.004918975124639357,normal,18.67,20.2,0.9242574257425744,1.61,2.81,0.34
2026-07-28 13:30:00,0.0072080971477973,0.00584791877337551,0.003133788539953341,normal,18.21,19.86,0.9169184290030212,1.62,2.84,0.35
2026-07-29 13:30:00,-0.0024762321585912,-0.005631659237666916,-0.004904568413346122,stress,20.66,21.5,0.9609302325581396,1.6,2.87,0.45
2026-07-30 13:30:00,0.0075449432463793,0.0022160648344916236,0.005291074696589968,normal,17.09,19.5,0.8764102564102564,1.64,2.84,0.45
2026-07-31 13:30:00,-0.0031925040268745,-0.0033785840528410323,-0.0029514674612594583,complacency,15.99,19.02,0.8406940063091483,1.63,2.85,0.47
2026-08-03 13:30:00,0.0186561242543325,0.02089811854641634,0.016801116908895006,complacency,15.86,18.93,0.837823560486001,1.61,2.78,0.45
2026-08-04 13:30:00,-0.0053642856702377,-0.005515277624602972,-0.003415375920215441,normal,16.5,19.34,0.8531540847983454,1.64,2.73,0.43
2026-08-05 13:30:00,-0.0087084371072386,-0.00930742838158586,-0.009480952793711406,complacency,15.81,18.95,0.8343007915567283,1.62,2.75,0.45
2026-08-06 13:30:00,-0.0070911474761574,-0.006637838965073545,-0.005305700890549747,complacency,15.15,18.69,0.8105939004815409,1.61,2.71,0.44
2026-08-07 13:30:00,0.0118543445599851,0.00924667621097737,0.00805641075703353,complacency,14.9,18.72,0.795940170940171,1.64,2.7,0.46
2026-08-10 13:30:00,-0.0007778526493449,0.00035906789680239626,0.00109874783414651,complacency,15.46,18.98,0.8145416227608009,1.62,2.7,0.47
2026-08-11 13:30:00,-0.0082334537149857,-0.010057396477893638,-0.013432181642152173,complacency,15.28,18.91,0.8080380750925436,1.64,2.72,0.48
2026-08-12 13:30:00,0.0056604163795461,0.004149645322755347,0.003346614881938591,complacency,14.55,18.53,0.7852131678359417,1.66,2.71,0.48
2026-08-13 13:30:00,-0.0003001692348447,-0.0009105305057461483,-0.0006164088843579321,complacency,14.63,18.61,0.786136485760344,1.67,2.71,0.48
2026-08-14 13:30:00,0.0054653668778398,0.0026366876788679666,0.00043702457187485243,complacency,14.25,18.46,0.7719393282773565,1.69,2.67,0.51
2026-08-17 13:30:00,-0.0111814258237434,-0.011598432528171023,-0.009402524422090122,complacency,15.19,19.04,0.7977941176470589,1.69,2.7,0.53
2026-08-18 13:30:00,-0.0082604462866058,-0.006888446299578122,-0.006534757372754394,complacency,15.84,19.27,0.8220031136481578,1.68,2.75,0.52
2026-08-19 13:30:00,-0.0140362120988195,-0.009662048294384601,-0.014514821602850638,complacency,14.89,18.57,0.8018309100700054,1.64,2.73,0.46
2026-08-20 13:30:00,0.002711637480195,0.001747007699537445,0.003119377937326889,normal,16.01,19.06,0.8399790136411334,1.64,2.75,0.5
2026-08-21 13:30:00,0.0035728132466174,0.004519124828596715,0.0025083232590702325,complacency,15.13,18.5,0.8178378378378379,1.63,2.7,0.5
2026-08-24 13:30:00,-0.0018790090202581,-0.000397506955523877,-0.0005585429463817314,complacency,15.85,18.56,0.8539870689655172,1.63,2.69,0.46
2026-08-25 13:30:00,-0.0020912818666895,-0.001399155992857138,-0.0004318943016169939,complacency,15.45,18.21,0.8484349258649093,1.62,2.7,0.47
