,resid_gross,resid_net_5bp,resid_net_10bp,turnover,leg_turnover,hedge_turnover,beta_XLU,beta_QQQ,basket
2016-12-30 14:30:00,0.010565682850397,0.010561866423917092,0.010558049997437185,0.007632852959813677,0.007632852959813677,0.0,0.6865647426713998,0.6645614497040236,-5.832816268321513e-05
2017-01-03 14:30:00,0.0007165041888694658,0.000694396964741606,0.000672289740613746,0.04421444825571985,0.01256561864891026,0.03164882960680959,0.6919667034405725,0.6383145808663868,0.004717845886234436
2017-01-04 14:30:00,0.010203946099575353,0.010183577283303033,0.010163208467030711,0.04073763254464228,0.03195947763264099,0.00877815491200129,0.6941376569312238,0.6317073794450367,0.01621772596855971
2017-01-05 14:30:00,-0.008846630950980709,-0.008864127771685305,-0.0088816245923899,0.03499364140919211,0.010014963821745345,0.024978677587446763,0.6930334754788243,0.6555818755800841,-0.004424912794587972
2017-01-06 14:30:00,-0.004185941482443565,-0.0041938303318155255,-0.004201719181187487,0.01577769874392258,0.0060404993727731044,0.009737199371149474,0.6973891541701532,0.6609633962599046,0.003759392333489394
2017-01-09 14:30:00,-0.011387428499016637,-0.011400394238539655,-0.011413359978062674,0.025931479046036467,0.0018773351015406812,0.024054143944495787,0.7029376312677108,0.6424577294129664,-0.018492979274138992
2017-01-10 14:30:00,0.005507576009843836,0.005418988259021488,0.005330400508199141,0.17717550164469562,0.007445948734306226,0.16972955291038938,0.770688041063277,0.5404785862981433,0.004301565510922274
2017-01-11 14:30:00,-0.0056205274612367885,-0.00562856038676396,-0.005636593312291132,0.016065851054342994,0.015216860219958273,0.0008489908343847219,0.7710353127856496,0.5409803054101554,0.003860415327092692
2017-01-12 14:30:00,0.0028559215054295662,0.0028376052774720132,0.00281928904951446,0.036632455915106374,0.018377705265588056,0.018254750649518314,0.7739292708005346,0.5256195127755221,0.0026813647526610826
2017-01-13 14:30:00,0.015606520462886214,0.01558857628928122,0.015570632115676226,0.03588834720998724,0.011753672088901101,0.024134675121086135,0.7735628740328436,0.5493877911289172,0.01637156002641893
2017-01-17 14:30:00,-0.01108517750283393,-0.011110824163559586,-0.011136470824285242,0.0512933214513109,0.02871645554291432,0.02257686590839658,0.7673938862719597,0.5657956692764299,-0.004400339716584452
2017-01-18 14:30:00,0.006192391291995361,0.006160091717921647,0.0061277921438479335,0.06459914814742813,0.00536194919242757,0.05923719895500057,0.7444888777977471,0.6021278597572178,0.006507390536154715
2017-01-19 14:30:00,0.004946819109827715,0.004931827097471764,0.0049168350851158124,0.029984024711903055,0.00815056204215022,0.021833462669752834,0.7365380265629378,0.6160104711921613,-0.0018198684258443991
2017-01-20 14:30:00,0.0012018534375257046,0.0011670841904280727,0.001132314943330441,0.06953849419526363,0.0015056781292172397,0.06803281606604639,0.7209958793619702,0.6685011400572402,0.004006292501294991
2017-01-23 14:30:00,0.003560294517087194,0.003542365799104347,0.0035244370811214998,0.03585743596569443,0.003119505033088184,0.03273793093260624,0.7320573848164843,0.646824714579148,0.00032235468870830025
2017-01-24 14:30:00,0.025131198560085815,0.025101353689225173,0.025071508818364528,0.05968974172128635,0.04653143711426085,0.013158304607025495,0.7282430824962485,0.6561687168659377,0.02939612445632304
2017-01-25 14:30:00,0.0034282114685230645,0.0033918700531243916,0.003355528637725718,0.07268283079734628,0.01867162978268666,0.054011201014659616,0.7093901380512087,0.6913269734355575,0.01038715877290508
2017-01-26 14:30:00,0.0002481237752187495,0.00023650319907626908,0.00022488262293378868,0.02324115228496082,0.005258380954908937,0.017982771330051883,0.7043516839795401,0.7042712906939408,0.0012689979264400852
2017-01-27 14:30:00,-0.011878398845908054,-0.011906330561112023,-0.011934262276315994,0.05586343040793951,0.009294281925189773,0.046569148482749734,0.7245962692217537,0.6779467274534047,-0.010732320068962742
2017-01-30 14:30:00,-0.007627928555282679,-0.007647424471786062,-0.007666920388289445,0.03899183300676552,0.013507923729683197,0.02548390927708233,0.7149977691021357,0.6620613182959403,-0.01219437266093141
2017-01-31 14:30:00,-0.015786438427179944,-0.01580574233012738,-0.015825046233074822,0.03860780589487726,0.012486501035214573,0.026121304859662686,0.6938939721417151,0.6670788261951823,-0.0063765613887768096
2017-02-01 14:30:00,0.010079075940902215,0.010025857382195387,0.009972638823488561,0.10643711741365519,0.027582652919498185,0.078854464494157,0.6578180624689574,0.7098573810165816,0.0036105025144061256
2017-02-02 14:30:00,-0.014874966216284816,-0.014917986956928784,-0.01496100769757275,0.0860414812879338,0.009249369281601177,0.07679211200633262,0.6353634710319778,0.7641949015859346,-0.008840724710785083
2017-02-03 14:30:00,0.016004324055321786,0.01589914675449708,0.01579396945367237,0.21035460164941622,0.01652394572597693,0.1938306559234393,0.5971624672948228,0.919824553772219,0.019380348353497556
2017-02-06 14:30:00,0.00867808807833619,0.008662034815589694,0.008645981552843199,0.03210652549299242,0.018374574703004187,0.013731950789988234,0.5968740579954912,0.9332680952628756,0.008571143833199901
2017-02-07 14:30:00,-0.005547262418680373,-0.005883361295884222,-0.00621946017308807,0.672197754407697,0.005059106896325679,0.6671386475113713,0.8851949867324939,0.5544503764885069,-0.0013437870253476165
2017-02-08 14:30:00,-0.011904784380555112,-0.012066889900171192,-0.012228995419787272,0.3242110392321601,0.008994781071634872,0.31521625816052523,0.9308045081862186,0.8240571131953074,-0.00140154837146933
2017-02-09 14:30:00,0.015591522466188536,0.015573594353460047,0.015555666240731559,0.035856225456976865,0.010818246068222903,0.02503797938875396,0.9200201623521316,0.8383107467499743,0.010818246068222903
2017-02-10 14:30:00,0.006268333665441075,0.00620604366932589,0.006143753673210706,0.12457999223036886,0.025703471629348273,0.09887652060102059,0.887360374748412,0.9045274797472753,0.014876758885348229
2017-02-13 14:30:00,-0.006431572123487321,-0.006495214771924435,-0.006558857420361549,0.12728529687422774,0.014775647955275861,0.11250964891895188,0.8934898510862046,1.0109076523284346,0.003633057867995615
2017-02-14 14:30:00,0.003058084835115603,0.0030155967548723267,0.0029731086746290505,0.08497616048655254,0.006122807812510733,0.07885335267404181,0.8639339963501835,1.0602051502664553,0.00033750229410312027
2017-02-15 14:30:00,-0.004967038229987842,-0.005005000254814903,-0.005042962279641964,0.07592404965412165,0.0023891096024012035,0.07353494005172045,0.845425836550491,1.1152319305184832,-0.0004359470316910678
2017-02-16 14:30:00,-0.011445290228521162,-0.011465368149652584,-0.011485446070784007,0.04015584226284412,0.012083236167301375,0.02807260609554274,0.8532846833843506,1.0950181712568001,-0.003259701248571593
2017-02-17 14:30:00,-0.011589245012986183,-0.011644664991144612,-0.01170008496930304,0.11083995631685677,0.007003681920144259,0.1038362743967125,0.8320734201146083,1.1776431823837703,-0.005983310980378039
2017-02-21 14:30:00,-0.00652866833611305,-0.006554740749802068,-0.006580813163491087,0.052144827378036315,0.025036041347366294,0.027108786030670018,0.8398764393087563,1.1583374155472483,0.007992884518096507
2017-02-22 14:30:00,-0.014919728308730323,-0.014949132582422642,-0.014978536856114959,0.05880854738463681,0.019388622020792723,0.03941992536384409,0.8492249985269384,1.1884087816929103,-0.01090348290246268
2017-02-23 14:30:00,-0.020426393701466025,-0.020440747305453543,-0.02045510090944106,0.028707207975036564,0.01291348791969793,0.015793720055338634,0.8625646424708109,1.1908628578043765,-0.015981444581883997
2017-02-24 14:30:00,-0.0023371972151183685,-0.0023611345658317564,-0.002385071916545144,0.047874701426775454,0.009612674445449148,0.0382620269813263,0.8864649186718361,1.1765011070240754,0.013356466113633317
2017-02-27 14:30:00,-0.0024484292000225482,-0.002469964577405781,-0.002491499954789014,0.04307075476646557,0.021132696777376912,0.021938057989088655,0.8827047518114723,1.1946789981528003,-0.005943201464220486
2017-02-28 14:30:00,-0.014515580289755156,-0.014725062052122087,-0.01493454381448902,0.41896352473386345,0.012251391254308297,0.40671213347955515,1.0746092897411965,1.4094865937026313,-0.00899185621348575
2017-03-01 05:00:00,0.0004052081253193632,4.553808266810708e-06,-0.00039610050878574176,0.8013086341051049,0.060588095491207986,0.7407205386138969,0.5078331146593789,1.5834309572347105,0.031812079056776334
2017-03-01 14:30:00,-0.0027524820021122935,-0.0032840676472461134,-0.003815653292379933,1.0631712902676393,0.05594672464031669,1.0072245656273227,0.04353105481774999,1.0405084514490166,-0.01261370372464643
2017-03-02 14:30:00,-0.006004043519440029,-0.006030656392549698,-0.006057269265659367,0.05322574621933791,0.008246118517488094,0.04497962770184982,0.06825812144258081,1.0607610125260356,-0.010838543888727329
2017-03-03 14:30:00,0.003246116083898254,0.0032337814260312648,0.003221446768164276,0.024669315733978237,0.00883686413360707,0.015832451600371167,0.05908847400131201,1.067423816685138,0.005022354211994373
2017-03-06 14:30:00,-0.0029966991492428622,-0.0030158054284388242,-0.0030349117076347858,0.03821255839192358,0.004252943202657974,0.0339596151892656,0.08450898188313394,1.0588847093776943,-0.005504451315529753
2017-03-07 14:30:00,-0.0021141989704829465,-0.002162512573595995,-0.002210826176709044,0.0966272062260974,0.00035735581810155325,0.09626985040799585,0.11565263669330339,1.1240109049755207,-0.00407360015579646
2017-03-08 14:30:00,-0.004492699942772003,-0.004500354623691835,-0.004508009304611666,0.01530936183966336,0.011347880322455817,0.0039614815172075435,0.11628851370145699,1.1273365094845746,-0.00418011635383142
2017-03-09 14:30:00,-0.01776003429421067,-0.017785453327357308,-0.017810872360503945,0.05083806629327355,0.013965089555916318,0.03687297673735723,0.11233367843686326,1.0944183680118111,-0.017166898641072088
2017-03-10 14:30:00,0.009873867703572788,0.009857244173534185,0.009840620643495583,0.03324706007720565,0.0031255582060774794,0.030121501871128165,0.11754059196319688,1.1193329563566057,0.015555743653708895
2017-03-13 13:30:00,0.012783120212031918,0.012611666257790661,0.012440212303549403,0.34290790848251457,0.0181080231111043,0.32479988537141025,0.21539427675066558,1.3462791569405472,0.01567164663885297
2017-03-14 13:30:00,-0.005649456122637916,-0.005669649916122902,-0.005689843709607889,0.04038758696997254,0.00609923453426094,0.0342883524357116,0.2395889519864487,1.3563728341404757,-0.009182133478009632
2017-03-15 13:30:00,0.0009403671147716567,0.0009208416367584807,0.0009013161587453048,0.03905095602635193,0.016722262268158244,0.022328693758193685,0.22971166531536347,1.3688242412275842,0.013074243937608773
2017-03-16 13:30:00,-0.0005928847234626718,-0.0006037797507573115,-0.000614674778051951,0.02179005458927926,0.004667108922816262,0.017122945666462996,0.2286207177282289,1.3848562393069126,-0.004047777826722239
2017-03-17 13:30:00,-0.004775170192319692,-0.004784399861295432,-0.004793629530271172,0.01845933795148032,0.0024925807355639833,0.01596675721591634,0.2333357176055586,1.3961079966454992,-0.0038558267611982964
2017-03-20 13:30:00,0.0018379029447621671,0.0018306527134930924,0.0018234024822240177,0.014500462538149517,0.005896677509056536,0.00860378502909298,0.2268765656133409,1.393963363608624,0.0016021370392955703
2017-03-21 13:30:00,-0.003086640187715182,-0.0031039711006805976,-0.0031213020136460134,0.034661825930831745,0.010998571618429728,0.023663254312402016,0.21297173732453545,1.3842049375850274,-0.021076604092935696
2017-03-22 13:30:00,-0.007406185275524724,-0.0074280591325112085,-0.007449932989497693,0.04374771397296984,0.012509525322186299,0.031238188650783538,0.2055310711530811,1.4080024600643566,0.003134774032769183
2017-03-23 13:30:00,0.003800398358050088,0.003783578369467644,0.0037667583808852,0.03363997716488787,0.007251983366340253,0.026387993798547615,0.1990535584363804,1.3880919789825097,-0.00031935608782918123
2017-03-24 13:30:00,-0.004491027591449439,-0.004516749449766597,-0.004542471308083754,0.05144371663431535,0.007248194854799106,0.044195521779516245,0.19208595416229168,1.3508640614770822,-0.0009869271422620063
2017-03-27 13:30:00,-0.0024847809489913055,-0.002503213266354384,-0.002521645583717463,0.036864634726157454,0.004225874084680595,0.03263876064147686,0.20314950164561618,1.3724392746352345,-0.0010612365108289372
2017-03-28 13:30:00,0.0001171564420039406,8.437438058213218e-05,5.159231916032374e-05,0.06556412284361686,0.005415505215731716,0.06014861762788515,0.15854915774596057,1.387987548363464,0.008481365460924964
2017-03-29 13:30:00,0.005917610921666968,0.005811571874677806,0.0057055328276886435,0.21207809397832444,0.009525752096386952,0.2025523418819375,0.20904743563927042,1.5400416123520917,0.012486899266475726
2017-03-30 13:30:00,0.004311122355353312,0.004279301181676986,0.0042474800080006606,0.063642347352651,0.0054744551887958934,0.058167892163855095,0.19725225403415192,1.5864143229108283,0.0054187776109613965
2017-03-31 13:30:00,0.0004846491298838909,0.0004559121065446588,0.0004271750832054266,0.057474046678464265,0.0011332639050936437,0.05634078277337062,0.17075740155174635,1.5565683926198632,9.481507735405643e-05
2017-04-03 13:30:00,-0.003597575895199476,-0.003632350253487514,-0.003667124611775551,0.06954871657607509,0.032150115972573445,0.03739860060350164,0.17623923319747292,1.5884851615776383,-0.004591390788531768
2017-04-04 13:30:00,0.0017020196432619532,0.0016630681205800648,0.0016241165978981764,0.07790304536377672,0.008466096178096388,0.06943694918568033,0.1892677740504365,1.644893569910355,0.004902806814002718
2017-04-05 13:30:00,-0.0046961487304107005,-0.004752170699451759,-0.004808192668492816,0.11204393808211568,0.018031258487675207,0.09401267959444048,0.10033110517737565,1.6499695806317347,-0.010854619188769917
2017-04-06 13:30:00,0.0010486402523123698,0.001038805143061897,0.001028970033811424,0.019670218500945635,0.0065354501258856335,0.013134768375060002,0.09981702587273689,1.662590269702156,0.0016797220988049588
2017-04-07 13:30:00,-0.0006963525961500914,-0.00070145401312856,-0.0007065554301070284,0.010202833956936996,0.007897498895077182,0.0023053350618598145,0.09849938805805514,1.6616025724549779,-0.001997020322202059
2017-04-10 13:30:00,0.0037946118481602346,0.0037829990111654757,0.0037713861741707167,0.023225673989517727,0.009208547361585643,0.014017126627932086,0.09986552822658967,1.6742535589143754,0.004604273680792821
2017-04-11 13:30:00,0.0025307699739344457,0.0025154211060701664,0.0025000722382058876,0.0306977357285582,0.0018750850341295124,0.028822650694428686,0.10854579008677012,1.6541111700801272,-0.004653388967259568
2017-04-12 13:30:00,-0.009721168729575826,-0.009734602756209226,-0.009748036782842626,0.026868053266800012,0.006605121740762813,0.020262931526037198,0.10282763186552057,1.6395663967753396,-0.015573243147643042
2017-04-13 13:30:00,0.0007626793879347013,0.0007362509880284469,0.0007098225881221923,0.05285679981250905,0.016773080386750662,0.03608371942575839,0.09159343189671065,1.664415916232288,-0.0061480594679853935
2017-04-17 13:30:00,-0.007637339566729512,-0.007649785424753054,-0.007662231282776596,0.0248917160470834,0.018252969450056167,0.006638746597027234,0.09176912751837185,1.657952865256922,0.006502942433532888
2017-04-18 13:30:00,0.004223093693279217,0.004200686117895596,0.004178278542511976,0.04481515076724082,0.0006875878616890615,0.044127562905551754,0.08101235249475147,1.6245820773749906,0.0019390023231345606
2017-04-19 13:30:00,-0.00887991015087416,-0.008891063152337382,-0.008902216153800605,0.022306002926445096,0.010025434856596311,0.012280568069848785,0.08402485171182739,1.6153140085222177,-0.006877067195485494
2017-04-20 13:30:00,-0.014401397663865322,-0.01445771641372199,-0.014514035163578659,0.11263749971333696,0.01388090432165671,0.09875659539168025,0.10587003879649859,1.5384026002152087,-0.0019419297512523654
2017-04-21 13:30:00,-0.010479148717616689,-0.010513176768241584,-0.010547204818866479,0.0680561012497894,0.012301386393951026,0.05575471485583838,0.1210179498909727,1.4977957964538444,-0.01020665149771908
2017-04-24 13:30:00,0.003543787048159528,0.003534689339122493,0.0035255916300854576,0.01819541807407036,0.004021293339647439,0.014174124734422922,0.11132345935623578,1.5022754306535304,0.022257176836549226
2017-04-25 13:30:00,-0.0064498936259006255,-0.006481321508764158,-0.006512749391627691,0.06285576572706526,0.00918229521408683,0.05367347051297844,0.1176099568900455,1.5496624036326991,0.0045963061670536804
2017-04-26 13:30:00,0.009983818834434657,0.009976466378676385,0.009969113922918113,0.01470491151654274,0.004826034345175367,0.009878877171367373,0.1211652980267568,1.543338867598043,0.007439877384441074
2017-04-27 13:30:00,-0.020703024254634207,-0.020727724314247097,-0.020752424373859987,0.049400119225780734,0.015018948907574086,0.034381170318206644,0.11692002588211992,1.5132029694244733,-0.01121276777280463
2017-04-28 13:30:00,-0.018208081137725755,-0.018257665270768334,-0.018307249403810913,0.09916826608515779,0.004870695555964052,0.09429757052919374,0.07463115132564413,1.4611942734517553,-0.015983474799161585
2017-05-01 13:30:00,-0.007766963634954012,-0.007839583959276152,-0.007912204283598291,0.14524064864427966,0.07345186860502873,0.07178878003925093,0.13849589735976164,1.453270239446622,0.004333020513058357
2017-05-02 13:30:00,-0.007584767958545142,-0.00762122075335372,-0.007657673548162299,0.07290558961715703,0.02099204368325706,0.05191354593389996,0.1494194802563984,1.4122802764093587,-0.005042869898526721
2017-05-03 13:30:00,0.0020928514736166643,0.0020802053240526323,0.0020675591744886007,0.025292299128063706,0.010506850067095914,0.014785449060967792,0.1612283422762708,1.415256863450454,-0.003002455277498798
2017-05-04 13:30:00,-0.005545816914364795,-0.0055545467433783784,-0.005563276572391963,0.017459658027167462,0.0022064334033497315,0.01525322462381773,0.15474927552380713,1.4064827055791,-0.004489150704917215
2017-05-05 13:30:00,0.0034218199580930385,0.0034053820039035092,0.0033889440497139795,0.03287590837905878,0.022600498121680895,0.010275410257377882,0.16174920547585114,1.409758185884434,0.009446122355733869
2017-05-08 13:30:00,-0.0046800735483902055,-0.00470552889330439,-0.004730984238218574,0.050910689828368515,0.0006476155602240427,0.05026307426814447,0.21152937450133247,1.4092752806417708,-0.0016882645588161733
2017-05-09 13:30:00,-0.0026723552479442146,-0.002695371261585562,-0.002718387275226909,0.046032027282694656,0.001219268614895334,0.044812758667799324,0.18493304009341438,1.3910588563818895,0.000812893771936459
2017-05-10 13:30:00,-0.004674000563598315,-0.004690000871852696,-0.004706001180107076,0.03200061650876147,0.020769103915445692,0.011231512593315784,0.1889713714237522,1.3982520376448675,-0.0035713346261729098
2017-05-11 13:30:00,0.003742952813226681,0.003737741918928072,0.003732531024629463,0.0104217885972178,0.008334144349513111,0.0020876442477046897,0.18786149663377616,1.3992298071025961,0.002886923987226194
2017-05-12 13:30:00,-0.011001335595453283,-0.011021515591526143,-0.011041695587599003,0.04035999214572017,0.02635801000231519,0.014001982143404978,0.18163011730779743,1.4070004099200224,-0.006965442118929466
2017-05-15 13:30:00,-0.0011218041767845468,-0.0011324041806900019,-0.0011430041845954567,0.021200007810909992,0.005567989062512399,0.01563201874839759,0.17438584888789932,1.398612659591523,0.004059554469389363
2017-05-16 13:30:00,-0.016504854319529035,-0.016524663064069404,-0.016544471808609774,0.03961748908073866,0.015379259089453774,0.024238229991284888,0.17673692988762846,1.4204998085830787,-0.011871203817575301
2017-05-17 13:30:00,0.015120133238879733,0.015083907307663007,0.015047681376446279,0.07245186243345351,0.0060508169478003335,0.06640104548565318,0.21647902506817762,1.3938408582779747,-0.01977443458441201
2017-05-18 13:30:00,-0.016159232573842174,-0.016276811297992556,-0.01639439002214294,0.2351574483007646,0.014155436557324466,0.22100201174344014,0.22355824290205395,1.1799180643684108,-0.0050622517649152226
2017-05-19 13:30:00,0.010596781887429014,0.010542690331843073,0.010488598776257132,0.1081831111718828,0.009247473622356303,0.0989356375495265,0.2518438813210597,1.1092680652378901,0.01625522602410971
2017-05-22 13:30:00,-0.012574030589636239,-0.01260713945622328,-0.012640248322810318,0.06621773317407915,0.006490330620379367,0.05972740255369979,0.20251733544466366,1.1196689219151938,-0.0014014257471150666
2017-05-23 13:30:00,0.0002554519375753497,0.0002073053994904096,0.00015915886140546953,0.09629307616988014,0.0023749778717241377,0.093918098298156,0.14445076176373872,1.0838173972979628,0.0017318914343474878
2017-05-24 13:30:00,-0.010671011520567868,-0.01069177116506678,-0.010712530809565694,0.04151928899782671,0.008489553811784695,0.03302973518604202,0.1692439341538685,1.0755808345020506,-0.004759836830747692
2017-05-25 13:30:00,-0.01656374514447503,-0.016642094432520894,-0.01672044372056676,0.15669857609172946,0.003975741618141218,0.15272283447358825,0.15605882542326222,0.9360431087590686,-0.007327851541253964
2017-05-26 13:30:00,0.0033127190555636288,0.003250414770496889,0.0031881104854301493,0.12460857013347933,0.004562283562208188,0.12004628657127114,0.0965655936933344,0.8754900539177253,0.004865325561215587
2017-05-30 13:30:00,-0.005386730850600295,-0.005404622676903075,-0.0054225145032058535,0.03578365260555871,0.006365062567738944,0.02941859003781977,0.11105529288604743,0.8605611630726185,-0.004301959214014106
2017-05-31 13:30:00,-0.006083250459786581,-0.006089976420475429,-0.006096702381164277,0.013451921377695611,0.004268261286554257,0.009183660091141355,0.11944111346383879,0.8597633235592685,-0.005785314874822663
2017-06-01 04:00:00,0.07139391037535607,0.07133156781379138,0.0712692252522267,0.1246851231293686,0.11354126541882732,0.011143857710541272,0.10958153654390723,0.8610476043498783,0.048467040163037343
2017-06-01 13:30:00,-0.01624615051528515,-0.016901140411996696,-0.017556130308708243,1.3099797934230946,0.10587173776160393,1.2041080556614907,-0.5248459826560569,0.2913670678883517,-0.026591829159545128
2017-06-02 13:30:00,0.001299556550689245,0.0011832827516254922,0.0010670089525617397,0.2325475981275053,0.005939962407142563,0.22660763572036274,-0.7110126992698915,0.2509261487818236,0.0033787271535284935
2017-06-05 13:30:00,-0.0045785619345535995,-0.004605613031832454,-0.004632664129111309,0.05410219455770966,0.02034548328775328,0.033756711269956385,-0.7343028967983223,0.26139266252334925,-0.002333433239397461
2017-06-06 13:30:00,0.0028977952038873687,0.0028711273200151934,0.002844459436143018,0.05333576774435063,0.013482397020629661,0.03985337072372097,-0.7709054200538568,0.26464350999153574,0.0035556933241811897
2017-06-07 13:30:00,0.0006917220754555069,0.0006768988622567312,0.0006620756490579554,0.02964642639755155,0.01719677221903182,0.012449654178519731,-0.7827305590553427,0.264018994814502,-0.0008829175078549634
2017-06-08 13:30:00,0.0007449662028014515,0.0007369736422221545,0.0007289810816428575,0.01598512115859404,0.005541703648001958,0.010443417510592079,-0.7830474749003027,0.25389249314886986,0.00751555087925541
2017-06-09 13:30:00,0.018330282675530694,0.01825195393024556,0.018173625184960424,0.1566574905702698,0.015973122574949095,0.1406843679953207,-0.9036270263223197,0.2739973097221735,0.012319898615984481
2017-06-12 13:30:00,0.0029214202408684325,0.0028498723812383927,0.0027783245216083524,0.14309571926007988,0.00881635945886346,0.1342793598012164,-0.9015651034432046,0.1417798728000722,0.0038416955216554007
2017-06-13 13:30:00,0.01332394844349524,0.013316197706307804,0.013308446969120367,0.01550147437487141,0.009617353128131539,0.005884121246739871,-0.9048491001085547,0.1391797482186824,0.012257718711887374
2017-06-14 13:30:00,0.005876099876965876,0.005837406420689231,0.0057987129644125855,0.07738691255329,0.026768063508792794,0.050618849044497205,-0.9248481704582999,0.16979952691343436,0.00014344737023685994
2017-06-15 13:30:00,0.00017878342371484366,0.00010018889360636708,2.1594363497890503e-05,0.15718906021695314,0.01578031034716424,0.1414087498697889,-0.8514186756995974,0.10182027180234798,-0.005161498669263557
2017-06-16 13:30:00,0.010079264552638696,0.010072073425448738,0.010064882298258781,0.014382254379915213,0.003229750612744405,0.011152503767170807,-0.8570516769314492,0.09630076926702902,0.005731299064362834
2017-06-19 13:30:00,0.005089361898046028,0.005061335520440257,0.005033309142834486,0.05605275521154211,0.009047171576414808,0.0470055836351273,-0.8359591045130981,0.07038775805025288,0.009047171576414806
2017-06-20 13:30:00,-0.009182963088005168,-0.009210078201568935,-0.0092371933151327,0.054230227127533004,0.011592178635439154,0.04263804849209385,-0.8550061894568562,0.09397872159858855,-0.0103946506523942
2017-06-21 13:30:00,-0.017564482166805315,-0.01759766874686054,-0.017630855326915763,0.06637316011044851,0.00990465513951248,0.05646850497093603,-0.8793205597552287,0.12613285627115212,-0.011100750764575987
2017-06-22 13:30:00,-0.005465990891905718,-0.0055457986769306385,-0.00562560646195556,0.15961557004984162,0.0014433076076855178,0.1581722624421561,-0.7975063306139977,0.04977482297022706,-0.0017634341330529102
2017-06-23 13:30:00,0.008554011837694032,0.008527500113867,0.008500988390039968,0.053023447654064824,0.0052579948799372405,0.04776545277412758,-0.7673533762114921,0.03216232459860502,0.01126428923469199
2017-06-26 13:30:00,0.011133765684029483,0.011109033676648544,0.011084301669267604,0.04946401476187845,0.015597767738165347,0.0338662470237131,-0.7879566524561867,0.04542529537762352,0.005590940484167417
2017-06-27 13:30:00,-0.010928679649202971,-0.010957672655006084,-0.010986665660809197,0.05798601160622541,0.002818014218922693,0.055167997387302714,-0.7575822625254824,0.0206316879210251,-0.002818014218922693
2017-06-28 13:30:00,0.0006850449721884973,0.0006531803449855694,0.0006213157177826414,0.06372925440585597,0.0055255193036587436,0.05820373510219723,-0.7375715006522499,0.05882466114998974,0.008634787088212414
2017-06-29 13:30:00,-0.015472856676460225,-0.015479039995816839,-0.015485223315173454,0.012366638713229,0.0012030769465422404,0.011163561766686758,-0.7457008449397596,0.061858878629166725,-0.01057625345350018
2017-06-30 13:30:00,0.01674986425411432,0.016708432228776913,0.016667000203439506,0.08286405067481313,0.014732062530616949,0.06813198814419619,-0.7178408187128651,0.10213084054646837,0.01789038819975423
2017-07-03 13:30:00,0.0017996336196464528,0.0017765249010669483,0.001753416182487444,0.046217437159008834,0.03336346531693213,0.012853971842076706,-0.7283514833281853,0.10447414777322483,0.0040634076170644
2017-07-05 13:30:00,-0.008677318809836097,-0.008688240834433711,-0.008699162859031323,0.02184404919522631,0.011773235214003641,0.01007081398122267,-0.7370707637338206,0.10312261419763746,-0.004100013307592243
2017-07-06 13:30:00,-0.004355088948600608,-0.004384112107423198,-0.004413135266245788,0.058046317645180236,0.011331757103166288,0.04671456054201395,-0.7136953275322122,0.07978348985723194,-0.004797114653199393
2017-07-07 13:30:00,0.005427029908323379,0.005419640241799022,0.005412250575274665,0.014779333048714297,0.007602382179839587,0.00717695086887471,-0.7162206059778132,0.08443516228050563,0.005780937147321456
2017-07-10 13:30:00,0.006369489812938968,0.006345853043653231,0.006322216274367493,0.04727353857147454,0.008608526230942326,0.03866501234053221,-0.6872072537567604,0.07478350216102625,0.007391923059083094
2017-07-11 13:30:00,0.00019098065999488946,0.00018432782901514855,0.00017767499803540763,0.013305661959481832,0.0004049977009749443,0.012900664258506889,-0.6984267846224067,0.07646463555388683,0.0008130873970782678
2017-07-12 13:30:00,0.00542659173511649,0.005413581936101785,0.005400572137087081,0.0260195980294096,0.010534366649873544,0.015485231379536057,-0.7044728343754378,0.0670254539273819,0.00019385173091161315
2017-07-13 13:30:00,-0.005249441478375657,-0.005267299252544449,-0.005285157026713241,0.03571554833758406,0.021317160353208964,0.014398387984375094,-0.6994686539429706,0.0764196614792898,-0.002653312450654921
2017-07-14 13:30:00,0.005480738398298737,0.005460630404036605,0.005440522409774473,0.04021598852426352,0.006857716876288074,0.033358271647975446,-0.7244358507076072,0.0848107363626287,0.0027844349277774314
2017-07-17 13:30:00,-0.0037357867936123955,-0.0037536494445831303,-0.003771512095553865,0.0357253019414695,0.0054720362940722245,0.030253265647397276,-0.7365038627768998,0.10299598994073333,-0.007089877970362868
2017-07-18 13:30:00,-0.00411977702419583,-0.004132884764626023,-0.004145992505056216,0.026215480860385533,0.015746385570992207,0.010469095289393326,-0.7297842616415628,0.09924649578667699,-0.005555434118420817
2017-07-19 13:30:00,0.004917476912095446,0.004883491640860026,0.004849506369624605,0.06797054247084022,0.006676925131194111,0.06129361733964611,-0.7409885003856395,0.04915711719110749,0.0020898032622850282
2017-07-20 13:30:00,0.0006600943716862017,0.0006453090546876069,0.000630523737689012,0.029570633997189698,0.019619200867758223,0.009951433129431475,-0.7331169640760953,0.047077220371220196,-0.004581235565582061
2017-07-21 13:30:00,0.00973782429438955,0.009729019155655022,0.009720214016920496,0.017610277469054338,0.011906652391757403,0.005703625077296937,-0.7278409125551973,0.04750479392761919,0.004490776906200959
2017-07-24 13:30:00,0.0018108157385536968,0.0017880276828582205,0.0017652396271627443,0.045576111390952564,0.012620317286667387,0.032955794104285174,-0.6991198387018888,0.043270073676642595,0.008568478451093356
2017-07-25 13:30:00,0.004568712233373464,0.004533016348289383,0.004497320463205303,0.07139177016816105,0.008034234432277614,0.06335753573588343,-0.7436977923917726,0.062049655722642205,0.008636470748137596
2017-07-26 13:30:00,-0.0003109796041466401,-0.0003217945762701984,-0.0003326095483937567,0.021629944247116617,0.004410607780029996,0.01721933646708662,-0.7560722238872906,0.06689456069421085,-0.007295215871506167
2017-07-27 13:30:00,0.0020211601087513752,0.0020154745359773733,0.002009788963203371,0.01137114554800415,0.006184025209575209,0.005187120338428941,-0.759783469163863,0.06837043575606738,-0.00027213100341346347
2017-07-28 13:30:00,-0.006705106989060984,-0.006712428020215198,-0.006719749051369412,0.01464206230842787,0.0050005024717936965,0.009641559836634173,-0.7650923224452151,0.06403772920078532,-0.005606416257058748
2017-07-31 13:30:00,0.003562653085736759,0.003556537400203626,0.003550421714670493,0.012231371066266039,0.003742751218980933,0.008488619847285106,-0.7571805553547906,0.06346087644392473,0.0007238696700544445
2017-08-01 13:30:00,-0.0021260178244097705,-0.0021394239665797465,-0.0021528301087497224,0.026812284339951975,0.010055996576364357,0.01675628776358762,-0.7697271628522908,0.05925119617783736,-0.006328357664545685
2017-08-02 13:30:00,0.0012256889356030963,0.0012170998036832134,0.0012085106717633306,0.01717826383976573,0.007917481832730888,0.00926078200703484,-0.7765941160351003,0.0616450250020627,-0.0019443609691974784
2017-08-03 13:30:00,0.009640622937637598,0.00960573682845515,0.009570850719272704,0.06977221836489311,0.03789788985981868,0.031874328505074434,-0.7975704408311604,0.0725430287110771,0.00535212727847989
2017-08-04 13:30:00,0.01795444470377488,0.017934012598752,0.017913580493729115,0.040864210045762774,0.009026118010364051,0.031838092035398724,-0.7795110021572242,0.058764375349614484,0.021524045882272008
2017-08-07 13:30:00,0.004966388330139041,0.00493134380859631,0.0048962992870535795,0.07008904308546153,0.018738373144410552,0.051350669941050975,-0.8142589358724525,0.07536711157543724,0.0028700291963493405
2017-08-08 13:30:00,0.004549430399472904,0.00453770642161688,0.004525982443760857,0.023447955712047296,0.014636049768408451,0.008811905943638842,-0.8078591291178588,0.07777921076448246,0.0011206879170499635
2017-08-09 13:30:00,-0.0044473220159595515,-0.004452788304100963,-0.004458254592242375,0.010932576282823644,0.006615828622785388,0.004316747660038256,-0.808740370578304,0.07434370456488931,-0.00036472343988895134
2017-08-10 13:30:00,-0.012147117774733842,-0.012200111168530686,-0.012253104562327529,0.10598678759368745,0.013144033306700812,0.09284275428698663,-0.8655155592476491,0.11041127018253077,-0.01724505589670981
2017-08-11 13:30:00,-0.002967839629213808,-0.002995529534339958,-0.003023219439466108,0.0553798102523,0.009680336305669963,0.04569947394663004,-0.8499177952913942,0.08030956019215563,0.002672539454460813
2017-08-14 13:30:00,0.011889613304705365,0.01187517831220112,0.011860743319696871,0.02886998500849358,0.007768920851762395,0.021101064156731186,-0.8338095769821409,0.0753167143446778,0.00804980073229622
2017-08-15 13:30:00,0.003613748609785278,0.0035976091200440093,0.0035814696303027404,0.032278979482537294,0.008482229551685724,0.02379674993085157,-0.8428925183632586,0.0900305228944116,-0.0010023308146424788
2017-08-16 13:30:00,-0.002211898371212119,-0.0022274764490746893,-0.00224305452693726,0.031156155725140557,0.024516649806606873,0.0066395059185336835,-0.8458702136512001,0.08636871226381937,-0.005485849805237549
2017-08-17 13:30:00,-0.023127520530971148,-0.023136701156198793,-0.023145881781426438,0.018361250455290655,0.011747518999360515,0.0066137314559301386,-0.8514345460000289,0.0874181113709207,-0.01882987684479435
2017-08-18 13:30:00,0.012952297663554869,0.01289565494749328,0.01283901223143169,0.11328543212317799,0.016702752233057505,0.09658267989012048,-0.8459144356132943,0.17848068087430657,0.007829823091783372
2017-08-21 13:30:00,0.0026698609339686585,0.002648225129969058,0.0026265893259694566,0.043271607999201704,0.007387888928448069,0.035883719070753634,-0.8168054080447046,0.17170598937214263,-0.0005464387429364356
2017-08-22 13:30:00,0.00826955507604141,0.008263319697408778,0.008257084318776144,0.012470757265266297,0.00793705348301928,0.004533703782247017,-0.814288476346274,0.1696892172883262,0.009069800507556089
2017-08-23 13:30:00,0.002084257212204988,0.0020680015687978667,0.0020517459253907456,0.03251128681424217,0.008318279323585273,0.024193007490656893,-0.8193214112665411,0.18884928985871596,-0.0012785864278506514
2017-08-24 13:30:00,-0.0041250277840812885,-0.004131335884743975,-0.0041376439854066615,0.012616201325372722,0.0039224727727285025,0.00869372855264422,-0.8132333684548381,0.1862436041177748,-0.004081776172616514
2017-08-25 13:30:00,0.006417196694026156,0.0062461371602709195,0.006075077626515683,0.3421190675104733,0.0032598815644768,0.33885918594599646,-0.541561609199384,0.2534310308083172,0.0041091647549188854
2017-08-28 13:30:00,0.001022325708865544,0.0008123480020807874,0.0006023702952960309,0.4199554135695132,0.006431393782840633,0.4135240197866726,-0.19268110347939132,0.3180745448749971,0.001658675626609707
2017-08-29 13:30:00,0.0012930565915872617,0.0012875999946931208,0.0012821433977989796,0.010913193788282028,0.007629396732858192,0.003283797055423837,-0.19296356336056017,0.3210758820492521,0.0029749411407949213
2017-08-30 13:30:00,-0.007317028051244214,-0.007330715607499821,-0.007344403163755428,0.02737511251121319,0.016814896195691764,0.010560216315521426,-0.20285709728072304,0.32174256444461063,-0.0029477602701665218
2017-08-31 13:30:00,0.011843656455706212,0.011816846607009268,0.011790036758312325,0.05361969739388722,0.005048417845860076,0.048571279548027146,-0.17467237129667845,0.3013560108806281,0.015041191710040813
2017-09-01 04:00:00,0.05875877246526478,0.05873042247580896,0.05870207248635314,0.05669997891164213,0.029282166439665268,0.02741781247197686,-0.1760811114325951,0.3273650832166883,0.06264632389494877
2017-09-01 13:30:00,-0.03422714477239679,-0.034601680979483795,-0.0349762171865708,0.7490724141740034,0.03003040554674093,0.7190420086272624,-0.8794885732219739,0.3429996300545718,-0.055817639851582314
2017-09-05 13:30:00,0.001029796941190931,0.0007969879218779065,0.0005641789025648818,0.4656180386260493,0.0013240949332122462,0.46429394369283705,-1.205431046733418,0.48135110023596483,-0.006368991833435163
2017-09-06 13:30:00,-0.00755172709232984,-0.007557760819515468,-0.007563794546701095,0.012067454371255597,0.005553071421839621,0.0065143829494159755,-1.2037469186489635,0.4861813551009264,-0.0005957286482695853
2017-09-07 13:30:00,0.00912487184603959,0.009104638924760829,0.009084406003482069,0.04046584255752265,0.004361076195988059,0.03610476636153459,-1.1924166609283258,0.4614068464600296,0.0012667814350432922
2017-09-08 13:30:00,0.01535097010313914,0.01533304545078099,0.015315120798422842,0.03584930471629888,0.01795577828856043,0.01789352642773845,-1.1870721994893556,0.4739559114487979,0.005644307191450704
2017-09-11 13:30:00,0.012004714749496184,0.01197437305387452,0.011944031358252857,0.06068339124332681,0.009583311777649298,0.05110007946567752,-1.167286470154753,0.44264156131772303,0.007189765690800949
2017-09-12 13:30:00,-0.011687730704927244,-0.011717136507752583,-0.011746542310577921,0.05881160565067771,0.009935431223914753,0.04887617442676295,-1.1605249936165785,0.4847562592063115,0.008807150436638081
2017-09-13 13:30:00,-0.0068660504780260695,-0.006902469163715536,-0.006938887849405003,0.0728373713789335,0.006589054916449641,0.06624831646248386,-1.0975976606507525,0.48807724270296937,-0.0008002977677802706
2017-09-14 13:30:00,0.018374678120859928,0.0183559928506264,0.018337307580392877,0.037370540467052314,0.002698837996799449,0.03467170247025286,-1.0816729755907124,0.4693302252927566,0.0065097699714304165
2017-09-15 13:30:00,0.00367342770877909,0.0036493493028620892,0.003625270896945088,0.04815681183400193,0.013210219448277976,0.03494659238572395,-1.088627757246641,0.497322036022552,0.0038490375869597213
2017-09-18 13:30:00,-0.002020269968036059,-0.0020311254283834454,-0.002041980888730831,0.021710920694772096,0.007493294767864089,0.014217625926908006,-1.1017264032797711,0.49844101591632983,0.00859513628252162
2017-09-19 13:30:00,-0.004867550472020323,-0.0048848917309105245,-0.004902232989800725,0.03468251778040228,0.013649412097727482,0.021033105682674802,-1.0844787066933617,0.4946556068200645,-0.001816876392862506
2017-09-20 13:30:00,0.004736038638559498,0.004708768620806609,0.00468149860305372,0.05454003550577861,0.007661668272623083,0.04687836723315553,-1.110051453355602,0.5159612273909796,0.01135402707307239
2017-09-21 13:30:00,0.003650279035909818,0.003612643816097952,0.003575008596286086,0.0752704396237321,0.00424977023399727,0.07102066938973484,-1.1397629599007435,0.4746520645463862,0.0009568349041424081
2017-09-22 13:30:00,-0.008663552960271393,-0.008709388323734591,-0.00875522368719779,0.09167072692639526,0.001092001140113689,0.09057872578628157,-1.1827752531015887,0.5222184971318226,0.0005269195094701103
2017-09-25 13:30:00,0.015141009520550263,0.015100090649070978,0.015059171777591694,0.08183774295856931,0.006584790603488747,0.07525295235508056,-1.180229059194933,0.4495117386833978,-0.00045776955358019694
2017-09-26 13:30:00,0.0022658795721047214,0.0022098370766020997,0.002153794581099478,0.11208499100524338,0.011117405928417368,0.10096758507682602,-1.1306426507599339,0.3981305620415708,0.005402159468980594
2017-09-27 13:30:00,-0.013706243353300607,-0.01371334464261459,-0.013720445931928575,0.014202578627967847,0.007913237645051622,0.006289340982916225,-1.1292418027433868,0.40301905500794,0.005088045446830576
2017-09-28 13:30:00,-0.001912697934187686,-0.0019375693566952923,-0.0019624407792028986,0.04974284501521272,0.0073921413180383,0.04235070369717442,-1.0889976167099502,0.4051255726716778,-0.005964054923482657
2017-09-29 13:30:00,-0.00122047973957461,-0.0012307921647554628,-0.0012411045899363155,0.020624850361705693,0.006751089300816915,0.013873761060888778,-1.0929513141326512,0.39520550903349005,0.0024488216726050727
2017-10-02 13:30:00,0.00895289219079384,0.008942798984661007,0.008932705778528175,0.02018641226566481,0.009780784528671649,0.010405627736993162,-1.0914404354880014,0.3863107599411467,0.007446806917694948
2017-10-03 13:30:00,-0.0036467091310921577,-0.0036516022267158504,-0.003656495322339543,0.009786191247385556,0.0016341860870180414,0.008152005160367515,-1.0881021844217922,0.3814970058469884,0.00023687019947427057
2017-10-04 13:30:00,0.010513068304167284,0.010505639382767969,0.010498210461368652,0.014857842798631078,0.009378374169365895,0.005479468629265183,-1.0834082621036099,0.38071145953590557,4.2432178038639044e-05
2017-10-05 13:30:00,0.0008676997305174048,0.0008484754297782026,0.0008292511290390005,0.038448601478404267,0.008797164889724632,0.029651436588679636,-1.0665835419544534,0.3678847430963824,0.0054664516460334696
2017-10-06 13:30:00,-0.006919138687215454,-0.006931074677250539,-0.006943010667285624,0.02387198007017033,0.011647581513669292,0.012224398556501037,-1.0773616221261304,0.3693310614812064,-0.005611781151166451
2017-10-09 13:30:00,0.0024988455421968646,0.002490340101822823,0.0024818346614487816,0.017010880748083178,0.006776773264596211,0.010234107483486965,-1.0771899887399308,0.3592685873839191,0.000673878410089738
2017-10-10 13:30:00,0.00923855832017436,0.009232926719542393,0.009227295118910427,0.011263201263933913,0.005424448595446589,0.005838752668487324,-1.0720704745586365,0.35854934889672607,-0.0009148811287206978
2017-10-11 13:30:00,0.010666450649948202,0.01064452962452824,0.010622608599108277,0.043842050839923985,0.003310052703178412,0.04053199813674557,-1.0481088876697533,0.3751197601445885,0.007322981895403036
2017-10-12 13:30:00,0.00792200919630687,0.0079155962560865,0.007909183315866129,0.012825880440742437,0.002389158453532862,0.010436721987209574,-1.0413695665719636,0.3788171610340083,0.0018559959423436838
2017-10-13 13:30:00,-0.012718631952102748,-0.012725482572548252,-0.012732333192993753,0.013701240891005365,0.0016556021418437186,0.012045638749161647,-1.0343332665955127,0.3738078222612975,-0.0040687609958913
2017-10-16 13:30:00,0.004215566794851252,0.004197467159869657,0.004179367524888062,0.036199269963190416,0.008238373561681852,0.02796089640150856,-1.0215282156131613,0.35865197684214034,0.007712444394655312
2017-10-17 13:30:00,-0.0022932601999071335,-0.0023102170183561983,-0.002327173836805263,0.033913636898129804,0.009017938390639395,0.024895698507490405,-1.036950360455214,0.3681255305075781,-0.007964820087798788
2017-10-18 13:30:00,-0.007776516757168184,-0.007783645961739,-0.007790775166309815,0.014258409141631087,0.009999518808478233,0.004258890333152854,-1.0403671600959092,0.3689676212000357,-0.0063077599767508525
2017-10-19 13:30:00,0.012711128441599922,0.012699885450592991,0.01268864245958606,0.022485982013861504,0.006630854228150204,0.015855127785711298,-1.0317149596824597,0.3761705485722975,0.00048095701075997105
2017-10-20 13:30:00,0.009680336832411329,0.009659158212007172,0.009637979591603014,0.0423572408083136,0.002406262059418962,0.03995097874889464,-1.0010159352929158,0.3669185942129468,0.009939357902871704
2017-10-23 13:30:00,0.009201056396881832,0.009188868034789967,0.009176679672698104,0.02437672418372827,0.0173979948033941,0.00697872938033417,-1.0067521841844589,0.36816107470173787,0.0062493617608426755
2017-10-24 13:30:00,0.010260019511399803,0.010249366368969233,0.010238713226538665,0.02130628486113917,0.0048074315225330455,0.016498853338606123,-1.0103368966757384,0.3552469338544113,0.009940341027540933
2017-10-25 13:30:00,0.002579346555063624,0.002556828000123481,0.0025343094451833375,0.045037109880286495,0.03219686189208645,0.012840247988200049,-1.0037431170285,0.36149340219537296,0.005596557939229678
2017-10-26 13:30:00,0.010424421312719747,0.01042208002015164,0.010419738727583533,0.004682585136214705,0.0032229266357285775,0.0014596585004861273,-1.0028552940567368,0.3620652377240958,0.00908674653081006
2017-10-27 13:30:00,-0.004983981389949978,-0.004997234225983334,-0.00501048706201669,0.02650567206671184,0.008635147607859661,0.017870524458852177,-1.0166091621920195,0.3661818940476653,-0.0006374048250409325
2017-10-30 13:30:00,-0.030455592959840794,-0.03052102428809191,-0.030586455616343024,0.1308626565022295,0.05526059558296681,0.07560206091926269,-1.0061437304757925,0.30104526484462957,-0.02996135314318371
2017-10-31 13:30:00,0.016075869026619793,0.016051108217852827,0.016026347409085866,0.04952161753392729,0.030800075577763465,0.018721541956163823,-1.0042897574909349,0.2841776958733234,0.016049948979634483
2017-11-01 13:30:00,-0.006744589763319037,-0.006761283556413638,-0.00677797734950824,0.03338758618920307,0.015588972861062034,0.017798613328141033,-1.006533074191591,0.2997329925008083,-0.0011823195972004614
2017-11-02 13:30:00,-0.010601014636557658,-0.010608800886291242,-0.010616587136024825,0.015572499467168138,0.010143066432765007,0.0054294330344031305,-1.002617804012777,0.2982188296452193,-0.014828059706744204
2017-11-03 13:30:00,-0.010299585572044396,-0.0103392844988428,-0.010378983425641204,0.07939785359680758,0.01741599092844433,0.06198186266836325,-1.00426693593918,0.23788609890325918,-0.011662986985401877
2017-11-06 14:30:00,0.004569504363584127,0.004544155241891206,0.0045188061201982856,0.050698243385840794,0.009002008256144462,0.041696235129696335,-1.0279628622544177,0.2198857900888005,0.009225539016258258
2017-11-07 14:30:00,0.005999504248803554,0.005964600254767898,0.005929696260732242,0.06980798807131176,0.01473288934133036,0.0550750987299814,-1.0459618585711823,0.1828096876755837,-0.0064448275112879054
2017-11-08 14:30:00,0.0015865262154520256,0.0015781395232995462,0.0015697528311470667,0.016773384304958817,0.005269379734932725,0.011504004570026094,-1.0353693197440905,0.18189822193264937,0.0015754485855803784
2017-11-09 14:30:00,-0.020618088172985816,-0.020623941273171256,-0.020629794373356696,0.011706200370878625,0.00784885869497994,0.0038573416758986845,-1.0319651434675805,0.18235138733203804,-0.022871410533730246
2017-11-10 14:30:00,0.0038937388387739608,0.0037761888953150536,0.003658638951856146,0.23509988691781467,0.008230409068474904,0.22686947784933975,-1.0957758921976604,0.019292658212778147,0.009001294052551309
2017-11-13 14:30:00,0.027633594782194813,0.027609707941576002,0.027585821100957194,0.0477736812376206,0.014103425579243378,0.033670255658377224,-1.1194367185448129,0.029302087524002873,0.01436011208312804
2017-11-14 14:30:00,0.003749285058148248,0.0036960594748049,0.0036428338914615524,0.10645116668669592,0.021387302993612984,0.08506386369308294,-1.0346511354221526,0.0290238069535802,-0.009250404059786351
2017-11-15 14:30:00,-0.017734113502296714,-0.01776810692247515,-0.01780210034265359,0.06798684035687537,0.0071089927225789955,0.06087784763429638,-1.034425271686648,-0.031628176945211584,-0.008672905883954604
2017-11-16 14:30:00,0.0019667057809984088,0.0019070461212674621,0.0018473864615365155,0.11931931946189327,0.014268704914447353,0.10505061454744591,-0.9833356711560226,0.022332837071608935,0.005391403490779416
2017-11-17 14:30:00,-0.00693105932679146,-0.0069429875096701146,-0.00695491569254877,0.023856365757309615,0.010333015862299474,0.01352334989501014,-0.9861093928469903,0.011583208867566475,-0.00013218004943630715
2017-11-20 14:30:00,-0.0022831894396992164,-0.0023100577689588743,-0.0023369260982185323,0.05373665851931597,0.012137368935991377,0.041599289583324595,-0.9729493048056499,0.04002241040955068,0.0006491514522064534
2017-11-21 14:30:00,0.008154775046843678,0.00814857311614786,0.008142371185452042,0.012403861391635814,0.007581516305397015,0.0048223450862387995,-0.9702603317477602,0.04215578243789975,0.005996713404110417
2017-11-22 14:30:00,0.005294611564644515,0.0052674761492936765,0.005240340733942839,0.05427083070167541,0.023192026323918292,0.03107880437775712,-0.966479763885499,0.06945401895339576,0.005379469851232129
2017-11-24 14:30:00,-0.005980902919084308,-0.006005091633273895,-0.006029280347463481,0.0483774283791731,0.0032270911625645513,0.04515033721660855,-0.9746130671127702,0.10647105294273318,-0.0071631465740397875
2017-11-27 14:30:00,-0.0017217156315325602,-0.001757287925357164,-0.0017928602191817674,0.07114458764920728,0.007555037327389269,0.06358955032181801,-0.9754502996651853,0.04371873517333025,-0.00593085069507826
2017-11-28 14:30:00,0.02041956633091107,0.020204890538312616,0.019990214745714163,0.4293515851969078,0.007087209313025941,0.4222643758838819,-0.6334442996676337,0.12397711105966058,0.017802413944472944
2017-11-29 14:30:00,0.006763224509100144,0.006503801346426951,0.006244378183753758,0.5188463253463858,0.012043276240648864,0.5068030491057369,-0.16325530316091386,0.1605911636586777,0.0038765650375238345
2017-11-30 14:30:00,0.0016930716718523949,0.0016507670121163347,0.0016084623523802744,0.08460931947212033,0.014994354236318749,0.06961496523580159,-0.16040177629137248,0.0938297252924175,0.0019395404116460864
2017-12-01 05:00:00,0.0022526897677117488,0.002226142588761791,0.002199595409811833,0.05309435789991589,0.04361458714045756,0.009479770759458328,-0.1665145299363667,0.0971967424068816,0.012926646596578864
2017-12-01 14:30:00,-0.007789463359396695,-0.007815950123716496,-0.007842436888036299,0.05297352863960351,0.04197137348923071,0.011002155150372797,-0.17743900443353047,0.09711906175367258,-0.01959111828696088
2017-12-04 14:30:00,0.004480909636985481,0.004414883010392765,0.00434885638380005,0.13205325318543057,0.03352189398629468,0.09853135919913589,-0.23300490691655248,0.14008451846978645,0.004188636001303703
2017-12-05 14:30:00,-0.026447137751652614,-0.026486608887586457,-0.026526080023520304,0.0789422718676894,0.017650153173339213,0.061292118694350195,-0.24579523187376293,0.0915827247326467,-0.023275813044976907
2017-12-06 14:30:00,-0.0027362879151717964,-0.0027745200343429616,-0.0028127521535141267,0.07646423834233042,0.014214657545842465,0.06224958079648796,-0.19997577306848136,0.10801284672385308,-0.0030069167330149713
2017-12-07 14:30:00,0.012824442072257348,0.012816020955312021,0.012807599838366693,0.01684223389065384,0.008629074755165167,0.008213159135488673,-0.20300807017371714,0.10283198469360019,0.012807687354585706
2017-12-08 14:30:00,0.00805191057227483,0.008025801815984829,0.00799969305969483,0.05221751258000165,0.016717594235211353,0.0354999183447903,-0.20514407446339636,0.13619589874871127,0.007990124948967336
2017-12-11 14:30:00,0.0069986921900177515,0.006986663465359719,0.006974634740701688,0.02405744931606372,0.013396987057670265,0.010660462258393455,-0.2024572657188104,0.14416955226251876,0.006884920676680968
2017-12-12 14:30:00,-0.004201819920267501,-0.0042224752232383695,-0.004243130526209238,0.04131060594173729,0.0010760159009931178,0.04023459004074417,-0.18897075676948552,0.17091763335393806,-0.0012046066646017224
2017-12-13 14:30:00,-0.019178491597811053,-0.01919516650202142,-0.01921184140623179,0.033349808420737766,0.016880251499202616,0.01646955692153515,-0.18041050071551523,0.17882693422150292,-0.019323790224277142
2017-12-14 14:30:00,-0.016353209924856272,-0.016365290105320743,-0.016377370285785214,0.024160360928941492,0.005931672439874988,0.018228688489066502,-0.17513207839582248,0.19177720039087667,-0.016267086341389108
2017-12-15 14:30:00,0.005761558818885651,0.0057467294038322176,0.005731899988778784,0.029658830106866773,0.0035672776070387138,0.026091552499828058,-0.1699027370058091,0.21263941150069135,0.00755300407511957
2017-12-18 14:30:00,0.010258020966012804,0.01023565865619473,0.010213296346376657,0.044724619636147656,0.017059464169206562,0.027665155466941094,-0.16616741665358534,0.23656924661540868,0.014083741845368536
2017-12-19 14:30:00,-0.0035698365781052913,-0.003604175776494638,-0.0036385149748839845,0.06867839677869306,0.013771845920692027,0.05490655085800103,-0.17883816849437684,0.2788050456326182,-0.0019678403011734735
2017-12-20 14:30:00,0.009713559101635679,0.009700122962459352,0.009686686823283023,0.026872278352655054,0.00883042420216033,0.018041854150494724,-0.17099644627072377,0.28900517755945987,0.0107464542194707
2017-12-21 14:30:00,0.009375224484898546,0.009358288936700907,0.009341353388503266,0.033871096395279715,0.011542800274534137,0.022328296120745578,-0.17941359049956007,0.2750940256675506,0.011542800274534137
2017-12-22 14:30:00,-0.005146128031801293,-0.005159851676073179,-0.005173575320345066,0.027447288543772853,0.005991300143245596,0.02145598840052726,-0.18976745825182112,0.2639919050192844,-0.005737636510701287
2017-12-26 14:30:00,-0.0041812161985960205,-0.004188019777066568,-0.004194823355537115,0.013607156941094415,0.00884282337687218,0.004764333564222234,-0.19028574809063709,0.26823794874469065,-0.004505359371918279
2017-12-27 14:30:00,0.003089426844634981,0.0030805434420867585,0.0030716600395385364,0.017766805096444776,0.0038713823321184044,0.01389542276432637,-0.18860726613071888,0.2804548895490988,0.0023294024208279827
2017-12-28 14:30:00,0.003738755496986718,0.00373424165409963,0.003729727811212542,0.009027685774175953,0.006839267603259591,0.002188418170916362,-0.1874213035732636,0.27945243393563773,0.0030399536791819726
2017-12-29 14:30:00,0.011229133277666841,0.011221343706520977,0.011213554135375113,0.015579142291729225,0.014985418825149848,0.0005937234665793767,-0.18706402403090688,0.2796888778598604,0.009391424527457263
2018-01-02 14:30:00,-0.003622105294546665,-0.0036624160089593705,-0.003702726723372076,0.08062142882541123,0.037434972970525116,0.04318645585488612,-0.1882320889605709,0.2376704869346383,0.0022944619773788886
2018-01-03 14:30:00,0.01171386154221042,0.011692760242823601,0.011671658943436782,0.04220259877363748,0.01996341527104802,0.022239183502589466,-0.1865722615302719,0.21709113086234783,0.015289001251551563
2018-01-04 14:30:00,-0.002620579396229037,-0.002645479829100935,-0.002670380261972833,0.04980086574379594,0.01007810584099822,0.03972275990279772,-0.1932151107405769,0.25017104155484055,-0.0005784218806114128
2018-01-05 14:30:00,0.0004677562143900523,0.00046091411201239565,0.000454072009634739,0.01368420475531329,0.01183820689243209,0.001845997862881199,-0.19159125605383837,0.2503931847309832,0.0030570700665676354
2018-01-08 14:30:00,0.0003859924189588339,0.00037734689381102875,0.00036870136866322357,0.017291050295610344,0.009895887712987994,0.00739516258262235,-0.19543949214869466,0.24684625824321715,-0.0004811794687443749
2018-01-09 14:30:00,-0.010354703733434863,-0.010361176095662988,-0.010367648457891114,0.012944724456250705,0.007793499723814194,0.00515122473243651,-0.1967361623856888,0.2507008127386595,-0.008402623620781183
2018-01-10 14:30:00,-0.005773997867336275,-0.005788088349568375,-0.0058021788318004764,0.02818096446420095,0.010284642411285757,0.017896322052915192,-0.1905489906671773,0.2624099630730632,-0.004307384199257876
2018-01-11 14:30:00,0.015208289914682163,0.015198946829572032,0.0151896037444619,0.018686170220263608,0.0073682782511842095,0.011317891969079397,-0.1837153216572736,0.2668941860322389,0.01772300131298728
2018-01-12 14:30:00,0.0014847367265980295,0.0014676674919681366,0.0014505982573382438,0.03413846925978573,0.004781872747312269,0.029356596512473465,-0.18162484646481664,0.2941603073522554,0.004688334540366841
2018-01-16 14:30:00,-0.020022123451182264,-0.020030383698170343,-0.02003864394515842,0.01652049397615476,0.01132040911881412,0.005200084857340637,-0.18303947455343866,0.2903748505835368,-0.02045110822494604
2018-01-17 14:30:00,0.007467983854100862,0.007441448301933247,0.0074149127497656325,0.0530711043352301,0.015711596218282775,0.037359508116947326,-0.1829181934515341,0.32761307759857955,0.009872617620263924
2018-01-18 14:30:00,0.00325423542794924,0.0032340652792493675,0.0032138951305494953,0.04034029739974487,0.014534394518906035,0.025805902880838838,-0.17798662910202445,0.34848741612990874,0.004446018294568699
2018-01-19 14:30:00,0.016248783892386855,0.016226467698688418,0.01620415150498998,0.04463238739687486,0.01930060662316513,0.025331780773709733,-0.18033659211528819,0.37146923389035474,0.0179532467456871
2018-01-22 14:30:00,-0.005579735592568717,-0.00559089853500855,-0.005602061477448384,0.022325884879666823,0.011034207202876031,0.01129167767679079,-0.18500873355210262,0.3780887701303311,-0.0017928655418057253
2018-01-23 14:30:00,-0.0003944422032805977,-0.0003993917418579511,-0.00040434128043530455,0.009899077154706837,0.008055565648251828,0.001843511506455009,-0.1843676046912941,0.3768863874846846,0.0009536881861856861
2018-01-24 14:30:00,0.004209698112414352,0.004194121404398977,0.004178544696383603,0.031153416030748914,0.010237675852984482,0.02091574017776443,-0.18471291506025078,0.39745681729349236,0.0027635258625560524
2018-01-25 14:30:00,0.009140453149472084,0.009079650499349315,0.009018847849226547,0.12160530024553633,0.00831507692369408,0.11329022332184224,-0.17388181333003627,0.4999159388851201,0.006262377597125594
2018-01-26 14:30:00,0.0007002005267568697,0.0006864737959798591,0.0006727470652028487,0.027453461554021025,0.006609304173768778,0.02084415738025225,-0.1545464593132171,0.5014247422485532,0.008293527322910258
2018-01-29 14:30:00,-0.009248802216505548,-0.009255136745752688,-0.009261471274999827,0.012669058494278834,0.0027439101794804284,0.009925148314798404,-0.15774585477095193,0.4946989893914896,-0.009642004257953843
2018-01-30 14:30:00,-0.009625223282617754,-0.009645548636275567,-0.009665873989933378,0.040650707315624666,0.006292234521420988,0.034358472794203676,-0.1473958920607773,0.5187074994755186,-0.014157730555472684
2018-01-31 14:30:00,0.0030321727190830115,0.0030143604685821572,0.002996548218081303,0.03562450100170841,0.014077922662798467,0.02154657833890994,-0.1432116807709991,0.5360698665246504,0.0036677664561524472
2018-02-01 14:30:00,0.018823845133021704,0.018771636579237434,0.018719428025453167,0.1044171075685375,0.03725301321692298,0.06716409435161452,-0.1296059083403368,0.5896281884456026,0.015843299512808495
2018-02-02 14:30:00,-0.028642460534834775,-0.028704072699473594,-0.028765684864112417,0.12322432927764125,0.018986018274112875,0.10423831100352837,-0.15592806079200788,0.5117120298937453,-0.03773135362880938
2018-02-05 14:30:00,-0.014546988077224314,-0.014659754206529119,-0.014772520335833922,0.2255322586096084,0.007775500585878947,0.21775675802372946,-0.13013327002503505,0.7036739971505019,-0.040151221693665806
2018-02-06 14:30:00,-0.008877626381681268,-0.008947770698636321,-0.009017915015591375,0.14028863391010718,0.008103463385603266,0.1321851705245039,-0.11474682737834635,0.8204727250283171,0.014571147015220923
2018-02-07 14:30:00,-0.004312298947873041,-0.004352841783152254,-0.004393384618431466,0.08108567055842486,0.007060916843595777,0.07402475371482908,-0.09970610476393887,0.7614886939278955,-0.013689832864405727
2018-02-08 14:30:00,-0.005869581015746465,-0.005886620399921476,-0.005903659784096486,0.034078768350020716,0.02037541211213767,0.013703356237883046,-0.09678799524174919,0.7722739406435889,-0.03736900476954563
2018-02-09 14:30:00,0.0024944679378346817,0.002465187970887581,0.002435908003940481,0.0585599338942009,0.013329415357802448,0.04523051853639845,-0.11379988301737651,0.80049257140436,0.013926030844867801
2018-02-12 14:30:00,-0.002382470378420513,-0.0023940080499237344,-0.002405545721426956,0.023075343006442945,0.006649446922120846,0.0164258960843221,-0.1016791155605172,0.8047977000318228,0.011123746570452194
2018-02-13 14:30:00,-0.0015899695733665692,-0.001601823275899233,-0.0016136769784318968,0.023707405065327713,0.014087305027267332,0.00962010003806038,-0.10522140886120013,0.7987198932944454,0.0020597142515115983
2018-02-14 14:30:00,-0.005647074922325676,-0.0056562616905591525,-0.00566544845879263,0.01837353646695361,0.010432744931285542,0.007940791535668068,-0.10671726292900152,0.805164830762312,0.010622872976759679
2018-02-15 14:30:00,-0.00044636067372772793,-0.0004597594743136852,-0.00047315827489964244,0.026797601171914525,0.011463921024584305,0.01533368014733022,-0.10082092357737832,0.795727489966605,0.012085091155639457
2018-02-16 14:30:00,0.009357944210401736,0.009354570798558955,0.009351197386716172,0.0067468236855643595,0.004552032221098864,0.0021947914644654953,-0.09985056555949845,0.7969519234131907,0.0049144355034279235
2018-02-20 14:30:00,-0.0073505403398630995,-0.007363012968846919,-0.007375485597830739,0.02494525796763932,0.008441359853358662,0.016503898114280657,-0.08986444892275047,0.790434141935658,-0.004603702509099509
2018-02-21 14:30:00,-0.004233662450561464,-0.004240091382718898,-0.004246520314876333,0.012857864314868203,0.005754230304411431,0.007103634010456772,-0.08432756160783439,0.7888673952401173,-0.005368887162435924
2018-02-22 14:30:00,0.012843141657793919,0.012829626776873632,0.012816111895953346,0.02702976184057291,0.018082829501967636,0.008946932338605273,-0.07901300780037895,0.7924997737712671,0.01234220534272031
2018-02-23 14:30:00,-0.009744297330739983,-0.009757329596150936,-0.00977036186156189,0.02606453082190722,0.011434903467519223,0.014629627354387997,-0.06850162025703882,0.7883815339602193,0.004590610265952273
2018-02-26 14:30:00,-0.011050454974977121,-0.01107268274222594,-0.011094910509474762,0.04445553449764037,0.0015517361359527564,0.04290379836168762,-0.09374674811902317,0.770722863460516,-0.0005511792844786386
2018-02-27 14:30:00,0.0012190469243726337,0.00119650057064058,0.0011739542169085266,0.045092707464107096,0.010294529105770556,0.03479817835833654,-0.09973774801805535,0.7995300419198204,-0.007091887739704483
2018-02-28 14:30:00,-0.006933955071830908,-0.006940297713609473,-0.006946640355388039,0.012685283557131017,0.009778573422283571,0.0029067101348474456,-0.10109465702698295,0.7979802407939005,-0.011359083666972877
2018-03-01 05:00:00,0.056026001294517236,0.05597300636468681,0.05592001143485638,0.10598985966085712,0.07851691011139723,0.02747294954945989,-0.07680458195770867,0.7947973663137149,0.020691560183879004
2018-03-01 14:30:00,-0.026490876503141254,-0.026862870365289487,-0.02723486422743772,0.7439877242964651,0.05778327346498643,0.6862044508314786,0.32237300683422476,0.5077705042741697,-0.02526996141452757
2018-03-02 14:30:00,0.009714993347820987,0.009625975104678088,0.009536956861535186,0.17803648628580054,0.012901514564455763,0.16513497172134478,0.43665128120873614,0.4569138069273363,0.012753048903613395
2018-03-05 14:30:00,-0.006137215218810996,-0.006156927274616849,-0.006176639330422702,0.03942411161170536,0.008909633054161556,0.0305144785575438,0.41245059761637975,0.4632276018925237,0.0074252111054922505
2018-03-06 14:30:00,0.020278492890648217,0.02026541179282217,0.020252330694996122,0.026162195652093455,0.011278451078349313,0.01488374457374414,0.4007564513668432,0.46003800356831615,0.016847999410924224
2018-03-07 14:30:00,0.008747076353265089,0.008726465575244357,0.008705854797223626,0.04122155604146253,0.007094861732067118,0.03412669430939541,0.3712362050904807,0.4646444516013491,0.007034411023148464
2018-03-08 14:30:00,-0.0012217490423015748,-0.001228843904631337,-0.0012359387669610988,0.014189724659524061,0.006670791147871169,0.007518933511652892,0.3638938422759241,0.46446788090425284,0.004014302390271451
2018-03-09 14:30:00,0.00683105829170659,0.0068182206265065375,0.0068053829613064845,0.0256753304001055,0.02263337777161034,0.0030419526284951592,0.36166780400017334,0.4636519665515084,0.016866644548081733
2018-03-12 13:30:00,-0.014543411395755788,-0.014559140668355338,-0.014574869940954888,0.03145854519909934,0.009604843835909132,0.021853701363190203,0.37283068095453215,0.4743427909603398,-0.010438261934312779
2018-03-13 13:30:00,-9.100342506985701e-05,-9.791906266005989e-05,-0.00010483470025026277,0.01383127518040576,0.008247563670596019,0.005583711509809741,0.37377744883349384,0.4697058473294918,-0.005657028701714102
2018-03-14 13:30:00,-0.015071399273668868,-0.015074423426046436,-0.015077447578424002,0.006048304755134644,0.003324853097993759,0.002723451657140885,0.3741008772236968,0.46730582406255383,-0.011315836732417798
2018-03-15 13:30:00,0.007277342188252106,0.007258731627147799,0.007240121066043492,0.03722112220861388,0.01305862434324571,0.02416249786536817,0.3532918697181195,0.4706593144223447,0.00665513558303384
2018-03-16 13:30:00,0.00031957962514526906,0.00029917967092551675,0.0002787797167057644,0.04079990843950465,0.014754624479958789,0.026045283959545862,0.3690261360020779,0.46034829674675726,0.0021884295188649983
2018-03-19 13:30:00,-0.00198843001891736,-0.002002217573117274,-0.0020160051273171876,0.027575108399827502,0.01021589319832698,0.017359215201500522,0.38218889532076794,0.46454475262956774,-0.014257882428850918
2018-03-20 13:30:00,0.00285221009010822,0.002838622680130319,0.002825035270152418,0.02717481995580203,0.008106200138230232,0.019068619817571797,0.39448000858908927,0.4713222591788182,0.0025866757617613776
2018-03-21 13:30:00,0.017174570536137475,0.01715938465864912,0.01714419878116077,0.03037175497670493,0.009759073894202015,0.020612681082502915,0.4139308238887639,0.4724841249616465,0.013701907060019577
2018-03-22 13:30:00,-0.00876719951514909,-0.008787466040596355,-0.008807732566043622,0.04053305089453194,0.02831081371364156,0.012222237180890383,0.4106330515349473,0.4635596601345727,-0.018385558014273478
2018-03-23 13:30:00,-0.0008966880347061022,-0.0009166132237849193,-0.0009365384128637366,0.039850378157634314,0.015008335249022231,0.024842042908612083,0.4047061213034592,0.4824747728116967,-0.01930369835812995
2018-03-26 13:30:00,0.00924299921274566,0.009238306744781826,0.009233614276817993,0.009384935927666167,0.005875938134221343,0.0035089977934448235,0.4060133952391436,0.4846764966694571,0.031473453937635266
2018-03-27 13:30:00,0.004722414957679398,0.004700550838767708,0.004678686719856016,0.04372823782338111,0.012974493630896275,0.030753744192484833,0.4147914207173728,0.5066522153837127,-0.005731754832022891
2018-03-28 13:30:00,0.006225554266530121,0.0062140683689172185,0.006202582471304316,0.022971795225805357,0.012663718149823885,0.01030807707598147,0.42074586382568085,0.5022985814160393,0.00027985346043561216
2018-03-29 13:30:00,-0.007805664209788099,-0.007816490940744339,-0.00782731767170058,0.021653461912480094,0.017815624522058943,0.0038378373904211505,0.4181008161556188,0.5011057916956803,0.003617968240643162
2018-04-02 13:30:00,-0.007674641883750315,-0.007723018924036055,-0.007771395964321794,0.09675408057147872,0.07055096062816762,0.026203119943311093,0.42619343343744837,0.48299528903419875,-0.024899295041225233
2018-04-03 13:30:00,0.0070905671880746,0.007074930303881537,0.007059293419688474,0.03127376838612522,0.011947028065891985,0.019326740320233238,0.4329395306749332,0.49557593211694717,0.014135384089788205
2018-04-04 13:30:00,-0.005188081482149916,-0.005197990647644496,-0.005207899813139076,0.01981833098916001,0.011853052055186868,0.007965278933973141,0.43495018190374635,0.5015305598221071,0.0036723098067272066
2018-04-05 13:30:00,-0.00893051426320808,-0.008943609520746949,-0.008956704778285815,0.02619051507773455,0.01632693337753281,0.00986358170020174,0.4410187274888244,0.4977355237069835,-0.0025963316182620786
2018-04-06 13:30:00,-0.015399512371677887,-0.015411796715661515,-0.015424081059645142,0.024568687967254976,0.010212262258445182,0.014356425708809795,0.4288120910256862,0.49558573446131193,-0.031175884903327455
2018-04-09 13:30:00,0.01223000401946342,0.012192428779190955,0.01215485353891849,0.07515048054492895,0.04170246291295998,0.033448017631968974,0.44132821997388366,0.5165176231450834,0.016732862056530906
2018-04-10 13:30:00,0.014339727443118403,0.01433289480903077,0.014326062174943137,0.01366526817526705,0.001321839158253976,0.012343429017013074,0.4514557879457485,0.5143017620999352,0.02220159791991431
2018-04-11 13:30:00,0.002368862565910469,0.0023492607849170642,0.002329659003923659,0.03920356198680963,0.008348532309654821,0.03085502967715481,0.43832608613806867,0.5320270899694102,-0.0013124946409275307
2018-04-12 13:30:00,0.003595328447291381,0.003588677727619607,0.0035820270079478336,0.013301439343547513,0.005463487672980624,0.00783795167056689,0.43358758837386413,0.5289276360630478,0.004247999058962819
2018-04-13 13:30:00,-2.7982439696545196e-06,-1.0984459603979127e-05,-1.9170675238303735e-05,0.016372431268649214,0.008231850262372201,0.008140581006277015,0.4273638335316222,0.5308444622270829,0.0006220990631049158
2018-04-16 13:30:00,-8.43958221097927e-05,-9.071996265950496e-05,-9.704410320921723e-05,0.012648281099424525,0.007402041032681901,0.0052462400667426246,0.43219655963814657,0.5304309482668647,0.00986131965896194
2018-04-17 13:30:00,-0.006812056273455684,-0.006820992174841253,-0.006829928076226823,0.01787180277113933,0.007411326691996918,0.010460476079142411,0.4389030552144182,0.5266769677639939,0.008960025876298442
2018-04-18 13:30:00,0.004734687285129225,0.004724640924228164,0.004714594563327103,0.02009272180212257,0.011715684912969593,0.008377036889152978,0.43326860769932035,0.5239343783899387,0.004192213415859181
2018-04-19 13:30:00,-0.0012343709535237507,-0.001241457569184059,-0.0012485441848443673,0.014173231320616672,0.0058377277750274095,0.008335503545589262,0.43797564778276676,0.5275628418520816,-0.006342828466759894
2018-04-20 13:30:00,0.0038589109014030686,0.0038505533096713737,0.0038421957179396783,0.016715183463390165,0.007428715413476931,0.009286468049913232,0.4439913442044607,0.5308336134803009,-0.00856576629506182
2018-04-23 13:30:00,0.0025363340458662157,0.0025236278881195532,0.002510921730372891,0.02541231549332466,0.01910060314464283,0.0063117123486818305,0.4408230777247276,0.5276901676113521,0.0014660371663277234
2018-04-24 13:30:00,-0.011352585519039653,-0.011361530458875294,-0.011370475398710934,0.01788987967128053,0.01730713388944416,0.000582745781836369,0.441056057762912,0.5273404018677001,-0.019545930967091785
2018-04-25 13:30:00,0.006485358654851104,0.006470539329446661,0.006455720004042218,0.029638650808886113,0.005077453682644784,0.02456119712624133,0.42916726062378224,0.5400128018548117,0.0072174518819683176
2018-04-26 13:30:00,-0.016910694399657002,-0.016918218226450243,-0.016925742053243483,0.015047653586482376,0.009412392314922599,0.005635261271559777,0.43132871509135934,0.536538995050829,-0.0012744936065341255
2018-04-27 13:30:00,-0.0005479736293511981,-0.0005638000205994453,-0.0005796264118476924,0.0316527824964943,0.0021618834735971,0.0294908990228972,0.41939492467668427,0.5189818864426069,0.004032707066154699
2018-04-30 13:30:00,-0.002442927683606563,-0.0024778749836229844,-0.0025128222836394063,0.0698946000328433,0.012380316674799033,0.05751428335804426,0.46861215333658485,0.5272789411407506,-0.007543236397929236
2018-05-01 13:30:00,-0.006385300688174151,-0.0064106032768020205,-0.006435905865429889,0.05060517725573754,0.010188048393119764,0.04041712886261778,0.45106813943706625,0.5044058261776514,-0.0020182158402639225
2018-05-02 13:30:00,0.0005491798161829731,0.0005163451370070525,0.00048351045783113177,0.06566935835184133,0.011429576573064018,0.05423978177877731,0.4294001942952741,0.47183398954066624,-0.0026512814717423914
2018-05-03 13:30:00,0.01974454356517315,0.01971840384858291,0.019692264131992668,0.052279433180481914,0.01902026803265796,0.033259165147823955,0.44776572014484367,0.45694035024241186,0.01907779999383023
2018-05-04 13:30:00,0.004499741864717886,0.004482150788620706,0.004464559712523526,0.03518215219435977,0.020666792290284564,0.014515359904075209,0.4376779057151744,0.4525128047680059,0.015048787076381465
2018-05-07 13:30:00,0.011216984490213255,0.011179546915739118,0.011142109341264984,0.07487514894827152,0.021833284000638997,0.05304186494763252,0.4186782635238444,0.4184705820117034,0.012499657815241871
2018-05-08 13:30:00,0.006256512059049103,0.006240560609258581,0.006224609159468059,0.03190289958104364,0.021881896770391984,0.010021002810651658,0.41670046528225646,0.4265137865807671,-0.004588879363481846
2018-05-09 13:30:00,0.00447104266839982,0.004455240210090945,0.004439437751782069,0.03160491661775058,0.014081553883195172,0.017523362734555403,0.3997388694358638,0.4259520196926044,0.006312996294926172
2018-05-10 13:30:00,-0.006080304203814779,-0.006086553074938473,-0.006092801946062167,0.012497742247387478,0.007463113951021949,0.005034628296365529,0.3979739752031378,0.42922175375624394,0.0039836594127821146
2018-05-11 13:30:00,0.0014690913539814057,0.0014608959652843772,0.0014527005765873487,0.016390777394056866,0.0016830449297402517,0.014707732464316614,0.3956336568727111,0.416854339622354,0.0016265556693717542
2018-05-14 13:30:00,0.004634787249186735,0.0046223496834721075,0.004609912117757481,0.02487513142925459,0.003162340800766235,0.021712790628488354,0.4103830762522501,0.4238177108713034,0.003812516067388675
2018-05-15 13:30:00,0.00942310755330148,0.009419768473172439,0.0094164293930434,0.006678160258079066,0.0010479833341442055,0.00563017692393486,0.4058276126421969,0.424892424185185,0.0013211297182170363
2018-05-16 13:30:00,0.004260394220929003,0.004247793285886106,0.004235192350843209,0.025201870085793686,0.0065269386112135255,0.01867493147458016,0.39421086088875334,0.41783424446404843,0.003934191519719706
2018-05-17 13:30:00,0.0031730698435653995,0.0031671188164940586,0.0031611677894227176,0.011902054142681768,0.007061073763427091,0.004840980379254678,0.390712263235125,0.41917662718967474,-0.0016042701023232613
2018-05-18 13:30:00,0.007020583627267797,0.007012363894682473,0.0070041441620971485,0.016439465170648516,0.007657656674070626,0.008781808496577892,0.3823061956303708,0.418800886297851,0.004934295500757006
2018-05-21 13:30:00,0.003509303441038024,0.0034638270151401934,0.0034183505892423634,0.09095285179566069,0.008297189920986419,0.08265566187467427,0.44187159847516694,0.44189114532772916,0.008244579672698057
2018-05-22 13:30:00,-0.007621888802499583,-0.007633470662394147,-0.007645052522288712,0.023163719789128977,0.015720987284516173,0.0074427325046128034,0.441630089758005,0.44909236911518,-0.006594422976001176
2018-05-23 13:30:00,-0.013597552655898935,-0.01360791511805538,-0.013618277580211823,0.020724924312888787,0.009786060617147634,0.010938863695741152,0.44741411023278366,0.4542472123361425,-0.005688110809814424
2018-05-24 13:30:00,0.008218283445286564,0.00818471024149985,0.008151137037713134,0.06714640757343106,0.025054220526087374,0.04209218704734369,0.4193756796920335,0.440193455829549,0.011536363027612554
2018-05-25 13:30:00,-0.006287810025731189,-0.006409523297415784,-0.00653123656910038,0.2434265433691902,0.004316023489847201,0.239110519879343,0.2660082522719176,0.5259365482887761,-0.004596545166184167
2018-05-29 13:30:00,-0.001722478628117486,-0.0019477980480628013,-0.0021731174680081167,0.4506388398906306,0.012444187991391242,0.43819465189923934,-0.058668142174286175,0.6394548057418117,-0.004548179990287449
2018-05-30 13:30:00,0.009953670260089517,0.009945980143623386,0.009938290027157256,0.015380232932260957,0.00472782683525641,0.010652406097004546,-0.052017222814693814,0.6354533190043995,0.01408190891035166
2018-05-31 13:30:00,-0.0042208803561082035,-0.004237811798909016,-0.0042547432417098284,0.03386288560162531,0.015404168599004028,0.018458717002621278,-0.036673395657573105,0.6385682088499001,-0.004691302343445798
2018-06-01 04:00:00,-0.015092623555292114,-0.01517189372730612,-0.015251163899320125,0.15854034402801134,0.09309008700943086,0.06545025701858048,0.0172328423223424,0.6270241898112351,-0.007428128736842028
2018-06-01 13:30:00,0.004893933481009019,0.004804043431314761,0.004714153381620503,0.17978009938851564,0.08576382014633452,0.09401627924218112,-0.07544338277376209,0.6256841356651585,0.01070978644056982
2018-06-04 13:30:00,-0.005273370593061301,-0.005294694253590318,-0.005316017914119335,0.04264732105803385,0.00454208238500046,0.03810523867303339,-0.10751844445046901,0.6317143126614849,0.0012881736857303834
2018-06-05 13:30:00,0.016451874789205047,0.0164328087263204,0.016413742663435753,0.03813212576929493,0.014342926434328144,0.023789199334966787,-0.0974529948117357,0.6179905629652515,0.018875073232656952
2018-06-06 13:30:00,0.0018030457912469287,0.0017912860013835207,0.0017795262115201129,0.02351957972681597,0.003920711727799582,0.01959886799901639,-0.1050695817279037,0.6299728440480998,0.007980168727520128
2018-06-07 13:30:00,0.007339697517760487,0.007335393661590083,0.007331089805419679,0.00860771234080863,0.001016818385185895,0.007590893955622735,-0.10906098961286459,0.6335723301187617,0.0014213313394671652
2018-06-08 13:30:00,-0.0017839142982102418,-0.001803209587563001,-0.0018225048769157598,0.03859057870551804,0.0027448636186547435,0.035845715086863295,-0.08217098516589716,0.6246166194788658,-0.0017143416188063847
2018-06-11 13:30:00,-0.00892886035414944,-0.00893570867674315,-0.008942556999336859,0.013696645187420161,0.012800724502548174,0.000895920684871987,-0.08204762379778896,0.6253891787956296,-0.007075143868235341
2018-06-12 13:30:00,-0.002258506192250393,-0.002262571947824239,-0.0022666377033980847,0.008131511147691783,0.005002938226524867,0.0031285729211669167,-0.08453889663863362,0.6247518787153074,5.315130042171656e-05
2018-06-13 13:30:00,1.3017281777112129e-05,2.8047641134218745e-06,-7.40775355026838e-06,0.02042503532738051,0.007631489928837294,0.012793545398543216,-0.09143869216175204,0.6188581288398826,0.00021980284943149778
2018-06-14 13:30:00,-0.020966420659578166,-0.020969968793400757,-0.020973516927223348,0.007096267645180862,0.0064795709785403135,0.0006166966666405482,-0.09172171513971872,0.6191918025285564,-0.015839309163791542
2018-06-15 13:30:00,-0.0036946256966751676,-0.003716841392353172,-0.003739057088031176,0.04443139135600863,0.006326897971221582,0.03810449338478705,-0.12282102165062359,0.6121866156546742,-0.006705668387338696
2018-06-18 13:30:00,-0.0011579898294659641,-0.0011654448560075952,-0.0011728998825492262,0.014910053083262006,0.0077765633968898875,0.007133489686372119,-0.12368304332992458,0.6059151476476031,-0.0019074073813564556
2018-06-19 13:30:00,-0.005320544753934796,-0.005336437891924182,-0.00535233102991357,0.03178627597877411,0.005760637788828256,0.026025638189945854,-0.13383975824425925,0.590046224371992,-0.008311685359201201
2018-06-20 13:30:00,-0.002389303466510125,-0.002424974003649234,-0.0024606445407883426,0.07134107427821784,0.006738631691662111,0.06460244258655573,-0.15358889850090407,0.545192922042081,0.001360600655476829
2018-06-21 13:30:00,-0.0008566954589035846,-0.0009317053916200256,-0.0010067153243364666,0.1500198654328819,0.024718912296974906,0.125300953135907,-0.19918967215688183,0.6248931015220103,-0.006960027158061248
2018-06-22 13:30:00,-0.0073578130426398365,-0.0073745270271225625,-0.0073912410116052886,0.033427968965451735,0.013197553259072497,0.020230415706379234,-0.2018494259314335,0.6424637634538378,-0.01018558275003482
2018-06-25 13:30:00,0.007987478569090208,0.007971169899991382,0.007954861230892556,0.032617338197652945,0.0030711241112584275,0.029546214086394518,-0.20756363677263018,0.6662957666990357,-0.01045989175067319
2018-06-26 13:30:00,0.0030018854141403415,0.0029495016506375224,0.0028971178871347028,0.10476752700563868,0.01665778628313941,0.08810974072249927,-0.1922451488541107,0.5935045138950559,0.0052025217414597424
2018-06-27 13:30:00,0.0021500804779257315,0.0021394989384535637,0.002128917398981396,0.021163078944335688,0.006306259990184379,0.014856818954151307,-0.19477280346340559,0.5811753495501994,-0.006696110326979181
2018-06-28 13:30:00,-0.013772599232560367,-0.013779388675808866,-0.013786178119057364,0.013578886496996807,0.0041465622038805066,0.009432324293116301,-0.19250779321114608,0.5883426635910562,-0.00863772001127113
2018-06-29 13:30:00,0.00386046364516051,0.003848478008764726,0.0038364923723689425,0.02397127279156754,0.0016918563965767261,0.022279416394990814,-0.1849685603689249,0.5736024800382866,0.005116600148703447
2018-07-02 13:30:00,0.005660139954585556,0.005581047061292661,0.005501954167999765,0.1581857865857913,0.03867909520166418,0.11950669138412712,-0.20888016472351195,0.47800739300874656,0.007375150779275789
2018-07-03 13:30:00,-0.007434371054136331,-0.007458515080496618,-0.007482659106856904,0.048288052720572835,0.03652644362191497,0.011761609098657866,-0.20623610866823905,0.4688898399653616,-0.013452425731084924
2018-07-05 13:30:00,-0.004551555328058074,-0.004573406951949745,-0.004595258575841416,0.04370324778334153,0.00826679888962345,0.03543644889371808,-0.19447573870255938,0.4452137610373232,-6.303243460059615e-05
2018-07-06 13:30:00,0.0006988230460313076,0.0006896463395547116,0.0006804696330781158,0.018353412953191796,0.006867008143068768,0.01148640481012303,-0.19689110867104756,0.43614272619568834,0.0059535731122345075
2018-07-09 13:30:00,-0.0015149883408259162,-0.0015332316773469293,-0.0015514750138679427,0.03648667304202646,0.017564955538193816,0.018921717503832647,-0.20525597890287614,0.4466995734676924,0.008835019813952294
2018-07-10 13:30:00,0.009161856272606458,0.009156011259086423,0.009150166245566388,0.011690027040069337,0.005647906322786703,0.006042120717282634,-0.20300319278087747,0.45048890806297637,0.007561977100363733
2018-07-11 13:30:00,-0.015866601960663782,-0.015882533093280065,-0.015898464225896348,0.031862265232564,0.01388408298187993,0.017978182250684066,-0.2081360175179918,0.4376435505494066,-0.019968297229481013
2018-07-12 13:30:00,0.001253606800156866,0.0012310725602573882,0.0012085383203579102,0.04506847979895584,0.010936322083312078,0.03413215771564376,-0.22873936286628696,0.4511723629167552,0.008853628028904104
2018-07-13 13:30:00,0.008506329736701644,0.008500654481425791,0.008494979226149937,0.01135051055170656,0.004670146376552979,0.00668036417515358,-0.22694848028365283,0.45606184450927467,0.008844227819973774
2018-07-16 13:30:00,-0.00105859458018114,-0.0010687438725482355,-0.0010788931649153308,0.020298584734190755,0.013438317801340787,0.006860266932849968,-0.22813113125913131,0.4503842285519032,-0.0019196160203020323
2018-07-17 13:30:00,-0.0033595662605807606,-0.0033718107406373035,-0.003384055220693847,0.024488960113086138,0.00672594314276435,0.017763016970321788,-0.23310653681041504,0.43759661713286513,-0.00051990900332514
2018-07-18 13:30:00,0.001319613382344507,0.0013163559625356445,0.0013130985427267819,0.006514839617725254,0.005377528737498194,0.0011373108802270604,-0.23222644739035725,0.43733939567269586,0.0016902269867284936
2018-07-19 13:30:00,0.001010742681126981,0.0009763314283892672,0.0009419201756515534,0.0688225054754276,0.010588433859492746,0.05823407161593486,-0.22691389791876848,0.3844178735283498,-0.0029994741926654043
2018-07-20 13:30:00,-0.005741235923742918,-0.005743670039405365,-0.00574610415506781,0.004868231324892705,0.0030435411092675593,0.0018246902156251465,-0.22519283234593668,0.38431424888555643,-0.004244748014910445
2018-07-23 13:30:00,-0.015012214861549265,-0.015043808003525085,-0.015075401145500903,0.06318628395163889,0.002264949060665322,0.060921334890973566,-0.20751780547477605,0.42756055690536937,-0.012182403961822685
2018-07-24 13:30:00,-0.0024065462416067414,-0.0024206947181545473,-0.002434843194702353,0.02829695309561155,0.017868843696647724,0.010428109398963825,-0.20043245628547784,0.42421779669570375,-0.0013530794705582199
2018-07-25 13:30:00,0.0060100109936881965,0.005992543634699297,0.005975076275710397,0.034934717977799346,0.017394996991932032,0.017539720985867313,-0.20417538463065238,0.410421004055011,0.011158520636928126
2018-07-26 13:30:00,0.01594568783077996,0.015920788182388155,0.01589588853399635,0.04979929678360706,0.009303077045612618,0.04049621973799444,-0.2039404766856487,0.4506823158480017,0.006931372337439123
2018-07-27 13:30:00,0.00461242615291661,0.004563510754034014,0.0045145953551514175,0.09783079776519293,0.00895087311121423,0.0888799246539787,-0.1857633246011035,0.3799795432785682,8.206155694967521e-05
2018-07-30 13:30:00,-0.005640073043972304,-0.005646797995202189,-0.005653522946432075,0.013449902459771197,0.002686299054855364,0.010763603404915834,-0.18338615815682052,0.37159310631793535,-0.009776378828379154
2018-07-31 13:30:00,0.02715040904331782,0.027133872853376113,0.027117336663434407,0.03307237988341305,0.013253863735611215,0.019818516147801835,-0.18426291497153352,0.3526513469848465,0.028193819228715666
2018-08-01 13:30:00,-0.0035335805696516858,-0.00357520314519886,-0.003616825720746034,0.0832451510943486,0.01033428087414251,0.07291087022020609,-0.14402247883718117,0.38532178107070025,-0.0011429345423531467
2018-08-02 13:30:00,-0.001600028879357045,-0.0016317082987053237,-0.0016633877180536021,0.06335883869655728,0.026949490445576006,0.03640934825098127,-0.1712725107859955,0.3761624647685333,0.0026693085291016696
2018-08-03 13:30:00,0.0015135960295207173,0.0015067317251011626,0.0014998674206816078,0.013728608839109433,0.0061369614734464815,0.007591647365662951,-0.1713285164170794,0.3686268230339543,0.0007252431753233349
2018-08-06 13:30:00,0.006515303728996759,0.006502418229184184,0.00648953272937161,0.025770999625148883,0.017119192361018738,0.008651807264130146,-0.17441772384347112,0.36306422319621584,0.008521377048070359
2018-08-07 13:30:00,0.004833137257358245,0.0048207101402058606,0.004808283023053476,0.024854234304769178,0.01585775485934556,0.008996479445423616,-0.17444126615008848,0.3720371603350221,0.006450346819398563
2018-08-08 13:30:00,-0.005391452866218196,-0.0053957979489172294,-0.005400143031616263,0.00869016539806707,0.006035777075731849,0.0026543883223352216,-0.17441921017737,0.37466949268463884,-0.004020959202527393
2018-08-09 13:30:00,-0.0005654327687869579,-0.0005804384544800202,-0.0005954441401730825,0.03001137138612466,0.0028202083398011966,0.027191163046323463,-0.1619084737198726,0.3893499192734649,-0.0015342007502669637
2018-08-10 13:30:00,-0.013134235901398455,-0.013138979330777744,-0.013143722760157031,0.009486858758576282,0.009418612314504287,6.824644407199543e-05,-0.1619337090724421,0.3893929303649674,-0.015410003035357741
2018-08-13 13:30:00,-0.01832405215225401,-0.01835195857440549,-0.01837986499655697,0.055812844302962794,0.013648161359539612,0.04216468294342318,-0.14984260434387053,0.41946650857981904,-0.01898661394507617
2018-08-14 13:30:00,0.005442599031868972,0.005424435457463722,0.005406271883058473,0.03632714881049904,0.007674476886831687,0.028652671923667355,-0.1459948636437948,0.44427143980341066,0.007923937137007156
2018-08-15 13:30:00,-0.0013029969158850248,-0.001308858500456629,-0.001314720085028233,0.01172316914320835,0.0075069988500096425,0.004216170293198707,-0.1496679420787654,0.44372834794518257,-0.00811102926144299
2018-08-16 13:30:00,0.0022642502299307634,0.0022510524606671914,0.0022378546914036193,0.02639553852714402,0.02450547874908726,0.0018900597780567574,-0.1488287548960156,0.4426774753498756,0.0021127254194379663
2018-08-17 13:30:00,0.011817660204399444,0.011792558961810862,0.01176745771922228,0.05020248517716571,0.017705923474014416,0.032496561703151294,-0.13416473539012402,0.46051001754713533,0.01122747364350322
2018-08-20 13:30:00,0.0025022055424464016,0.0024966446565922395,0.002491083770738077,0.011121771708324485,0.0031693260300589277,0.007952445678265557,-0.14113126712847332,0.4614959314870516,0.002583378247555612
2018-08-21 13:30:00,0.0006368924275493263,0.0006300190857123199,0.0006231457438753136,0.01374668367401256,0.011341449807087772,0.0024052338669247886,-0.14188827032504314,0.4598477008166966,0.0033445243709226227
2018-08-22 13:30:00,-0.0052087033972135315,-0.0052160197206319115,-0.005223336044050292,0.014632646836760538,0.009978955274079954,0.004653691562680584,-0.14401969843381313,0.457325437362786,-0.0023658636282937926
2018-08-23 13:30:00,-0.003779731502519067,-0.003798709631494977,-0.003817687760470887,0.03795625795182026,0.0033971814585319984,0.034559076493288265,-0.1538837270401448,0.43263038947582944,-0.004286013636005707
2018-08-24 13:30:00,0.00017473915882500754,0.00016863865666809396,0.00016253815451118035,0.012201004313827191,0.010309336031242362,0.0018916682825848297,-0.15265786013456553,0.433296190852835,0.003544677937109294
2018-08-27 13:30:00,0.004414260001385654,0.004373777244421586,0.004333294487457518,0.08096551392813671,0.007424327306941055,0.07354118662119566,-0.11102518507220793,0.46520470241167305,0.009837966701400728
2018-08-28 13:30:00,0.003969217963520588,0.0039363967556854665,0.0039035755478503457,0.06564241567024184,0.0009845136095014695,0.06465790206074037,-0.06429713908152021,0.4831345584817257,0.00480941117691791
2018-08-29 13:30:00,0.0016515960478053187,0.0016391025542377194,0.0016266090606701204,0.024986987135198396,0.009972759160831401,0.015014227974366995,-0.07467290864122139,0.4877730168963915,0.006732894776328102
2018-08-30 13:30:00,0.001717163761518198,0.001689265524547054,0.00166136728757591,0.05579647394228797,0.017442288738233686,0.038354185204054286,-0.03951558249362172,0.49096987595284614,0.0008346710618541234
2018-08-31 13:30:00,0.003967840951831022,0.003946138413543779,0.003924435875256536,0.04340507657448586,0.0013862321198205851,0.04201884445466528,9.636255441702879e-05,0.4885629765462196,0.004596578062815215
2018-09-01 04:00:00,-0.01624658866005598,-0.016299467566341905,-0.016352346472627833,0.10575781257185037,0.07446784212736053,0.031289970444489834,-0.017948091598827542,0.5018084928374649,-0.017543482149549223
2018-09-04 13:30:00,0.009187229009164478,0.009118296810929133,0.009049364612693785,0.1378643964706927,0.07579757417066824,0.06206682230002447,0.023414846209926343,0.5225123773287355,0.008675716311897674
2018-09-05 13:30:00,0.012126024685643298,0.012107177953724782,0.012088331221806263,0.03769346383703457,0.015613776635543234,0.022079687201491338,0.04418673784961674,0.5212045817669345,0.006012184850256415
2018-09-06 13:30:00,-0.002440777729914587,-0.0024897819781264084,-0.0025387862263382293,0.09800849642364245,0.01677866235201786,0.0812298340716246,0.09107198435420139,0.48685999419989456,-0.006274729938658741
2018-09-07 13:30:00,-0.003083397716199676,-0.003089923374489298,-0.0030964490327789205,0.01305131657924479,0.007881289329205917,0.005170027250038872,0.09210579695125257,0.49099620885288225,-0.006100459256115094
2018-09-10 13:30:00,0.013556864184798678,0.013474043657803995,0.01339122313080931,0.16564105398936718,0.002219276851031479,0.1634217771383357,0.1844490026858256,0.5620747802566449,0.016370368481766946
2018-09-11 13:30:00,-0.0013114418736116734,-0.0013312666451932265,-0.0013510914167747796,0.039649543163106205,0.0047821084496022515,0.03486743471350395,0.20970302145569125,0.5716881962002832,0.0025530246976154247
2018-09-12 13:30:00,0.014461255904466973,0.014458286655308045,0.014455317406149117,0.005938498317856052,0.002723575207255265,0.003214923110600787,0.21122798432660256,0.5699982359605937,0.012585724082938269
2018-09-13 13:30:00,-0.009627337696500102,-0.009648908334253033,-0.009670478972005963,0.043141275505860624,0.01697187422335163,0.026169401282508997,0.21841573129912722,0.5510165816506094,-0.0020894774478619573
2018-09-14 13:30:00,0.005090936880648458,0.005067039244763951,0.005043141608879445,0.047795271769012625,0.0026867464302252246,0.0451085253387874,0.1959382790977861,0.5283855085131631,0.0025036568643256687
2018-09-17 13:30:00,0.004571802978217628,0.00455405715962334,0.004536311341029052,0.03549163718857645,0.011471078197953566,0.024020558990622887,0.18517087177968816,0.5151323568406382,-0.002233689752447199
2018-09-18 13:30:00,-0.0063765427373107635,-0.006401680180650062,-0.006426817623989359,0.05027488667859552,0.013433587469039259,0.036841299209556255,0.2017000768768717,0.49482026272826546,-0.002653704235486128
2018-09-19 13:30:00,0.008677419643187368,0.00864772901307072,0.00861803838295407,0.059381260233299,0.012590453098533757,0.046790807134765244,0.21912740957024268,0.4654567882868712,0.003566150342573756
2018-09-20 13:30:00,0.00264081038750061,0.0026056314090908863,0.0025704524306811626,0.07035795681944773,0.007590997982631631,0.0627669588368161,0.16635704590821931,0.45546019311207847,0.008020516429194213
2018-09-21 13:30:00,0.006596009530774306,0.006587665163390486,0.006579320796006666,0.016688734767640732,0.013102836186379937,0.0035858985812607935,0.16931758121815205,0.4548348298407504,0.004830262765548691
2018-09-24 13:30:00,-0.004565232967202888,-0.004578189575973734,-0.00459114618474458,0.025913217541692325,0.007072580408790366,0.01884063713290196,0.17311112780851146,0.46988192038329296,-0.004791936634035728
2018-09-25 13:30:00,-0.010117633234061193,-0.010129291651400378,-0.010140950068739564,0.023316834678369758,0.008586647038261508,0.01473018764010825,0.18512088321865428,0.46716148815332753,-0.012016935690736807
2018-09-26 13:30:00,-0.001157305210686885,-0.0011806222820054048,-0.0012039393533239246,0.046634142637039536,0.01126960497661374,0.0353645376604258,0.21854337211518166,0.4652194393894291,-0.0029777483852328293
2018-09-27 13:30:00,-0.0037149711462094773,-0.003744007217203352,-0.0037730432881972267,0.05807214198774922,0.01624370505566301,0.04182843693208621,0.22737600010291859,0.43222363044507983,0.002290547879218748
2018-09-28 13:30:00,0.0113776173815264,0.011362569956105661,0.01134752253068492,0.03009485084147992,0.014949270338750376,0.015145580502729544,0.22680702465976924,0.44680023550466,0.01460325778577487
2018-10-01 13:30:00,0.008940020750856533,0.008898836844541994,0.008857652938227455,0.08236781262907897,0.0214097662997752,0.06095804632930377,0.27190995779660493,0.4626553486971281,0.008956832461722556
2018-10-02 13:30:00,0.001268496919323868,0.00120043342715484,0.0011323699349858123,0.13612698433805565,0.0020966230957026877,0.13403036124235296,0.380019659094578,0.43673468875274823,0.005425379887215254
2018-10-03 13:30:00,0.0035461118864138523,0.003542077766148818,0.0035380436458837834,0.008068240530068882,0.0016792286505117326,0.006389011879557149,0.37435530790385496,0.43601002806391415,-0.0004896766719025836
2018-10-04 13:30:00,-0.007156743161770934,-0.007208915918959665,-0.007261088676148396,0.10434551437746215,0.018088875435368745,0.0862566389420934,0.41946112287966425,0.39485920409763003,-0.012502083433982736
2018-10-05 13:30:00,-0.0022693767748671262,-0.002305377821106604,-0.002341378867346082,0.07200209247895585,0.01603307420051266,0.055969018278443194,0.40977710950375923,0.4411442090001682,-0.0013793046835022988
2018-10-08 13:30:00,-0.0015246568665770784,-0.0015379978125317107,-0.0015513387584863432,0.026681891909264698,0.006486868233446982,0.020195023675817714,0.3984335212076267,0.4499956443798534,-0.0009292608829895391
2018-10-09 13:30:00,-0.012867786425057558,-0.012876717018742954,-0.01288564761242835,0.017861187370792158,0.010275179705277953,0.007586007665514205,0.39348236881237403,0.4526304996501149,-0.00980067615528076
2018-10-10 13:30:00,-0.0036438798551788644,-0.0036612788187236644,-0.0036786777822684644,0.03479792708960008,0.012157030836533042,0.022640896253067033,0.37899592023543627,0.44447605197398565,-0.025285623299425002
2018-10-11 13:30:00,-0.00774218341830572,-0.00777403458848649,-0.007805885758667261,0.06370234036154188,0.013029602925009653,0.05067273743653222,0.39363865036313983,0.4805060592828143,-0.020918671177710957
2018-10-12 13:30:00,-0.013150879377990133,-0.013183065626180972,-0.013215251874371812,0.06437249638167951,0.0032639688283819064,0.0611085275532976,0.4417468479130674,0.49350638928618434,8.343421743132555e-05
2018-10-15 13:30:00,-0.00032657003972200085,-0.00036772031806949325,-0.00040887059641698566,0.0823005566949848,0.016850644414943144,0.06544991228004166,0.44545124225727495,0.43176087135035024,-0.0034493674839570034
2018-10-16 13:30:00,0.00020252447685769823,0.00018107754597859851,0.00015963061509949878,0.042893861758199446,0.014120642739050412,0.028773219019149032,0.4241388442204321,0.4392216923326564,0.017365410098751404
2018-10-17 13:30:00,-0.01141721573994043,-0.011426265723241952,-0.011435315706543473,0.018099966603043267,0.012973132915373792,0.005126833687669474,0.4270254050009054,0.44146196523985254,-0.012037364320392966
2018-10-18 13:30:00,-0.006897386484209627,-0.006908702449583296,-0.006920018414956965,0.02263193074733718,0.00800083214847421,0.014631098598862968,0.4331280730543161,0.43293353469440027,-0.01628792111212148
2018-10-19 13:30:00,-0.015846444975926063,-0.015883535901696347,-0.015920626827466627,0.07418185154056435,0.003939122643339806,0.07024272889722455,0.4040780621232245,0.4741262526605332,-0.009967276385018634
2018-10-22 13:30:00,-0.0008203250177956489,-0.0008632740656941875,-0.0009062231135927262,0.0858980957970773,0.016445064082803995,0.0694530317142733,0.35306031585888176,0.49256153811046377,-0.0005511526174615256
2018-10-23 13:30:00,-0.02077741062442625,-0.020785669497891658,-0.02079392837135707,0.01651774693081859,0.015295945801387711,0.0012218011294308773,0.3533953571475921,0.49167477826974326,-0.024542122841285652
2018-10-24 13:30:00,-0.018166327141654982,-0.018188204600958744,-0.018210082060262506,0.04375491860752338,0.01577193549984372,0.02798298310767966,0.3395560175823798,0.47753113472727593,-0.031771809091689675
2018-10-25 13:30:00,0.0035515704871060955,0.003469757041127353,0.00338794359514861,0.16362689195748534,0.013208598911354766,0.15041829304613058,0.2680893437692585,0.5564827539602852,0.01862881158115363
2018-10-26 13:30:00,0.015677328369861403,0.0156620178316143,0.015646707293367198,0.030621076494205996,0.0026490848361652906,0.027971991658040707,0.26362035768563225,0.5799857595346997,-0.0040895300336880975
2018-10-29 13:30:00,-0.002452320383438466,-0.0025093611787060945,-0.0025664019739737227,0.11408159053525685,0.005829163446266272,0.10825242708899058,0.1995847489626108,0.5357689411687305,-0.010674339534618382
2018-10-30 13:30:00,-0.004923235357402948,-0.0049343141682150595,-0.004945392979027171,0.022157621624222766,0.01516787107457059,0.006989750549652174,0.19439052129096573,0.5339734182907234,0.004630948633032077
2018-10-31 13:30:00,0.005116766000262188,0.005099695202509587,0.005082624404756985,0.03414159550520285,0.022190910665615293,0.011950684839587555,0.19178124291703802,0.5246320118250636,0.015189242463810038
2018-11-01 13:30:00,0.034145798467729055,0.03412546094001072,0.03410512341229238,0.04067505543667349,0.01569735101239328,0.02497770442428021,0.17843024855188488,0.5362587218841907,0.040421691635846635
2018-11-02 13:30:00,0.03563404920885156,0.03558926298500458,0.035544476761157594,0.0895724476939653,0.03269757426337402,0.05687487343059128,0.1601087764832268,0.5748121232461239,0.025782210471069173
2018-11-05 14:30:00,0.015310586759813716,0.015245942806465561,0.015181298853117404,0.12928790669631154,0.008423113245583574,0.12086479345072798,0.09637086081946095,0.5176852454591617,0.015386632305462259
2018-11-06 14:30:00,-0.005436771107323549,-0.005468952384624394,-0.005501133661925238,0.06436255460168851,0.021326333353467192,0.04303622124822132,0.13631926142619244,0.5207730661006515,-0.0005809636989719443
2018-11-07 14:30:00,-0.0066957246571105935,-0.006709866404208305,-0.006724008151306016,0.028283494195422604,0.010420603333766227,0.017862890861656378,0.1262437739352129,0.5129856627299747,0.010837823090050472
2018-11-08 14:30:00,-0.01007796231205811,-0.010099653805552191,-0.010121345299046274,0.04338298698816411,0.007481990579435401,0.03590099640872871,0.1132855880544931,0.4900428522019658,-0.013389544792021776
2018-11-09 14:30:00,-0.0025055151348436708,-0.0025144009425715026,-0.002523286750299334,0.01777161545566333,0.003679547603442468,0.014092067852220863,0.1212606788733156,0.49615982923536417,-0.01068986931532967
2018-11-12 14:30:00,0.006732138201574912,0.006711321753272267,0.006690505304969623,0.04163289660528935,0.030426297999907814,0.011206598605381535,0.11248954982835202,0.4985952987957821,-0.008416253674691565
2018-11-13 14:30:00,-0.005225544559793896,-0.0052366081354813096,-0.005247671711168723,0.02212715137482709,0.007432271467712045,0.014694879907115044,0.1109129560178036,0.4854770126992155,-0.004351619154174517
2018-11-14 14:30:00,-0.0006936950677511843,-0.0007021027050240834,-0.0007105103422969826,0.016815274545798252,0.013806764578579841,0.003008509967218409,0.10947582522674731,0.4839056335230534,-0.005518668001454656
2018-11-15 14:30:00,-0.0027455128147363533,-0.0027620465907615003,-0.002778580366786647,0.03306755205029366,0.028350734500066865,0.004716817550226793,0.10640930750293393,0.4855559333494668,0.004870283495253203
2018-11-16 14:30:00,0.007978652676035383,0.007970918558764147,0.007963184441492908,0.01546823454247433,0.008344317243871597,0.007123917298602733,0.10967706965411822,0.48169977820204835,0.00797190461312051
2018-11-19 14:30:00,0.005964813473806419,0.005951450097051899,0.0059380867202973794,0.026726753509039025,0.004099835043417377,0.022626918465621648,0.13044082310243832,0.4835629432193499,-0.009169785624860483
2018-11-20 14:30:00,-0.012689864828738818,-0.012714544846613355,-0.012739224864487893,0.049360035749076325,0.02845046997917222,0.020909565769904104,0.13689736299815508,0.46910991734516255,-0.02165543349883703
2018-11-21 14:30:00,0.012818268712233905,0.012800641195378779,0.012783013678523655,0.035255033710250384,0.006235752357245976,0.02901928135300441,0.152415236745509,0.48261132495081305,0.014238213411216819
2018-11-23 14:30:00,0.001347631024283588,0.0013263138112564864,0.001304996598229385,0.04263442605420292,0.006999035292326372,0.03563539076187655,0.12241105745302105,0.48824253642020166,-0.002116155433939948
2018-11-26 14:30:00,0.006013624010231684,0.006009387928373571,0.0060051518465154595,0.008472163716224742,0.008097789400343633,0.0003743743158811097,0.12236005377979076,0.48791916577755085,0.01801510925250464
2018-11-27 14:30:00,-0.004146566649645185,-0.004160924487712168,-0.0041752823257791526,0.028715676133967506,0.010169459740454837,0.01854621639351267,0.13229070411138677,0.4965347318394675,-0.0014736121723133062
2018-11-28 14:30:00,-0.004114619467550826,-0.0041351098653634,-0.0041556002631759755,0.04098079562514932,0.011650683772646813,0.029330111852502505,0.1072016861511566,0.49229363794719516,0.011650683772646811
2018-11-29 14:30:00,-0.006143758620280051,-0.006157140782177289,-0.006170522944074528,0.02676432379447637,0.001758823060721467,0.025005500733754904,0.09267401529065278,0.4818158080739441,-0.0077483075954961995
2018-11-30 14:30:00,0.010508815327035407,0.010491209075597968,0.010473602824160532,0.03521250287487541,0.00586002957323221,0.0293524733016432,0.06973952091110963,0.48823378699604414,0.015082310079624758
2018-12-01 05:00:00,0.0034333120225038607,0.003367585809125237,0.0033018595957466134,0.13145242675724722,0.09808841626593516,0.033364010491312046,0.0977915964690187,0.4935457219294471,-0.043217520619926196
2018-12-03 14:30:00,0.009176555042381018,0.009102572036709522,0.009028589031038028,0.14796601134299026,0.12024676637075626,0.027719244972233992,0.0787283959553089,0.48488967747092293,0.06853277811044034
2018-12-04 14:30:00,-0.019396282058576606,-0.019430189566846393,-0.01946409707511618,0.06781501653957472,0.02607722743149125,0.04173778910808347,0.10040375353505306,0.5049521089992622,-0.038693002105123976
2018-12-06 14:30:00,-0.011268737843727636,-0.011307353379946875,-0.011345968916166113,0.07723107243847828,0.03343125558169058,0.0437998168567877,0.08020846607374732,0.5285566383947442,-0.007451361233305476
2018-12-07 14:30:00,-0.007648404371246548,-0.0076615067108506615,-0.007674609050454775,0.026204679208226576,0.018879824913815756,0.007324854294410821,0.08478412534259322,0.5258074433691793,-0.024691733702044433
2018-12-10 14:30:00,-0.01615718330126932,-0.016169724777068784,-0.016182266252868244,0.02508295159892517,0.011520226821694363,0.013562724777230806,0.0804519211907031,0.53503796399452,-0.010397540851851147
2018-12-11 14:30:00,-0.00032370081756794597,-0.0003346482370334816,-0.0003455956564990172,0.021894838931071213,0.009635316915342992,0.01225952201572822,0.08673180306357275,0.5290583238516614,0.0017809134018966037
2018-12-12 14:30:00,0.010766699297741801,0.010757534624960784,0.010748369952179768,0.018329345562033306,0.012239030470510226,0.00609031509152308,0.08325762818515109,0.5316744640647628,0.014918520395498236
2018-12-13 14:30:00,-0.004332279407433387,-0.004354779462520072,-0.004377279517606758,0.04500011017337093,0.02078736842513703,0.0242127417482339,0.06686205631242459,0.5394916339402702,-0.0035885379536667226
2018-12-14 14:30:00,0.006733581487944769,0.006722922931414342,0.006712264374883913,0.021317113060856478,0.004624705538263626,0.01669240752259285,0.08047707339745316,0.536414243502706,-0.0064827897317524625
2018-12-17 14:30:00,-0.012783309480715759,-0.012790727890429109,-0.012798146300142461,0.014836819426702017,0.007638562786196604,0.007198256640505413,0.08242432807198552,0.5311632415367329,-0.0274740815792142
2018-12-18 14:30:00,-0.013526634141405041,-0.013551230679447837,-0.013575827217490634,0.04919307608559258,0.011188832959464861,0.03800424312612771,0.11909272788850045,0.5298273982271201,-0.010996167430359768
2018-12-19 14:30:00,-0.0012500750843165986,-0.0012600085589575083,-0.001269942033598418,0.01986694928181924,0.007552800548861353,0.012314148732957886,0.1274474926727034,0.5258680142783652,-0.014372519764876376
2018-12-20 14:30:00,-0.008698876962914236,-0.00872224163530763,-0.008745606307701024,0.04672934478678881,0.02283424284894464,0.023895101937844165,0.10879818073762937,0.5311138042811353,-0.016457634829890155
2018-12-21 14:30:00,-0.0034920657012813133,-0.003503301162861197,-0.0035145366244410804,0.02247092315976723,0.01635488011934827,0.006116043040418961,0.10572996009764252,0.5341616266815674,-0.02049950710456061
2018-12-24 14:30:00,0.0026977141356641227,0.0026920017760775805,0.0026862894164910384,0.011424719173084186,0.007658846322978197,0.003765872850105989,0.10747205216387495,0.536185407465441,-0.015092429434347965
2018-12-26 14:30:00,0.018229006261142627,0.01820236329416276,0.01817572032718289,0.05328593395973648,0.013211917463359885,0.0400740164963766,0.07268869121426258,0.5414760630122052,0.05302506329026794
2018-12-27 14:30:00,0.007826842560458363,0.007810778381726574,0.0077947142029947845,0.03212835746357762,0.0056842887238832684,0.02644406873969435,0.07324494595287673,0.5673638770132854,0.010639026993885636
2018-12-28 14:30:00,-0.004058844899414266,-0.004063194350076258,-0.004067543800738251,0.008698901323984709,0.003735014797624947,0.004963886526359762,0.07016438732910835,0.5692472049158768,-0.004183215675004237
2018-12-31 14:30:00,0.007286662687474056,0.007279343837830854,0.007272024988187651,0.014637699286405181,0.014252422680471444,0.0003852766059337376,0.0703110588699683,0.569008599850803,0.012204890857003159
2019-01-02 14:30:00,-0.010744792542027395,-0.010756727828149907,-0.01076866311427242,0.023870572245024535,0.022322784302749532,0.001547787942275003,0.07041521064320344,0.5704522360198429,-0.009662758775058658
2019-01-03 14:30:00,0.0016959260483874958,0.00168349100214648,0.001671055955905464,0.024870092482031758,0.011989300512374346,0.012880791969657412,0.08063145062273314,0.5677876840297151,-0.016869549454783805
2019-01-04 14:30:00,0.015890730736808772,0.01588292892932057,0.015875127121832366,0.015603614976404761,0.013511277858839248,0.0020923371175655125,0.07979298430247928,0.5665338132324035,0.041311202526743994
2019-01-07 14:30:00,0.0016097892118871202,0.0015926470662603284,0.0015755049206335366,0.034284291253583524,0.009013856986719377,0.02527043426686415,0.09154951003017675,0.5800477217715702,0.00789110236221228
2019-01-08 14:30:00,-0.0037796078881575275,-0.0037885550496755327,-0.0037975022111935374,0.017894323036009907,0.012752234375767557,0.00514208866024235,0.08869800274598072,0.5823383031476165,0.0025880238267579347
2019-01-09 14:30:00,-0.001926263108315407,-0.001944777317660308,-0.001963291527005209,0.03702841868980167,0.0104574158581493,0.02657100283165237,0.06441980898431632,0.5846311122176044,0.0024496344609749032
2019-01-10 14:30:00,0.02090844221830028,0.020889984750064303,0.02087152728182833,0.03691493647195169,0.011033636682181417,0.025881299789770273,0.05116232206277249,0.5972549250858309,0.02328621949290984
2019-01-11 14:30:00,-0.0030593649905175805,-0.003077487954500073,-0.0030956109184825656,0.036245927964984916,0.007757084379082216,0.0284888435859027,0.07595609630299122,0.5935598557401469,-0.005515220212383228
2019-01-14 14:30:00,0.0022241714500699557,0.002219687720340478,0.002215203990611,0.008967459458955662,0.007048801233639379,0.0019186582253162832,0.07743678990258018,0.5939978203658742,-0.004770620927790015
2019-01-15 14:30:00,-0.014192198420650913,-0.01420130875373478,-0.014210419086818646,0.018220666167733247,0.009333488377569013,0.008887177790164236,0.07043953966120509,0.5958877479146634,-0.001690094270793067
2019-01-16 14:30:00,0.008345170433990754,0.008331187086131267,0.00831720373827178,0.027966695718973922,0.013454997044042072,0.01451169867493185,0.06158742531317396,0.5902281635877626,0.008458300698085619
2019-01-17 14:30:00,0.010603367190827509,0.010587709931397977,0.010572052671968445,0.03131451885906433,0.0038635752345173024,0.02745094362454703,0.08344761055279215,0.5846374052028338,0.015560082614356485
2019-01-18 14:30:00,0.0026014553334316286,0.00258723739854142,0.002573019463651211,0.028435869780417455,0.025167821974136917,0.0032680478062805385,0.08267555016251737,0.5871333926188396,0.008507722760023428
2019-01-22 14:30:00,0.005238591133125251,0.00522495293487797,0.005211314736630689,0.027276396494562483,0.013471382703734935,0.013805013790827547,0.07070890978203381,0.5889717660291836,-0.006425682310534309
2019-01-23 14:30:00,0.0015435054444901493,0.0015033577867788865,0.001463210129067624,0.08029531542252537,0.016347689668784488,0.06394762575374088,0.11263101158096986,0.5669462420743787,0.003421227697389654
2019-01-24 14:30:00,-0.00170902746320399,-0.0017156853176437442,-0.0017223431720834984,0.013315708879508253,0.009793345868707282,0.003522363010800972,0.11035841056551587,0.5681960040697257,0.0025450005146127053
2019-01-25 14:30:00,0.010379529130583704,0.010362130738724844,0.010344732346865986,0.03479678371771761,0.017538794358899303,0.01725798935881831,0.12621634062314982,0.5695960633709101,0.015457299670810073
2019-01-28 14:30:00,-0.0022162598126511694,-0.002236931054742454,-0.002257602296833738,0.0413424841825686,0.017730181602068445,0.02361230258050015,0.1093556326687401,0.5763476579970005,-0.00984815670879132
2019-01-29 14:30:00,0.016816250972243048,0.01680532975265605,0.01679440853306905,0.021842439173997735,0.017294276205172692,0.0045481629688250425,0.10867241604561384,0.5802126043426993,0.011645242645104989
2019-01-30 14:30:00,-0.0007246065052639444,-0.0007430236638110612,-0.0007614408223581779,0.03683431709423353,0.01013169681725164,0.026702620276981892,0.12575638617608742,0.570593954196191,0.01475904157328515
2019-01-31 14:30:00,0.007736159903552786,0.007687726751202708,0.007639293598852631,0.09686630470015536,0.026769638409262754,0.07009666629089262,0.16996494018016162,0.5447058419093725,0.01947092509037603
2019-02-01 14:30:00,-0.004476469662456942,-0.00449226335117801,-0.004508057039899077,0.03158737744213569,0.002491657715834872,0.029095719726300817,0.19072182118646136,0.5530446806293736,-0.00754296394133902
2019-02-04 14:30:00,0.0025271828926425564,0.0025065515650654516,0.0024859202374883467,0.04126265515420974,0.0033671781075801377,0.0378954770466296,0.16329208074849377,0.5635104172380356,0.009796194772596634
2019-02-05 14:30:00,-0.009173998579961705,-0.009178041699561441,-0.009182084819161178,0.008086239199472784,0.004495315455135003,0.0035909237443377817,0.16609561894516722,0.5642978027857,-0.0038466036910728882
2019-02-06 14:30:00,0.0030213644126943365,0.0030159601667518725,0.0030105559208094086,0.010808491884928106,0.003956097644801648,0.006852394240126458,0.16897573489736956,0.5682700810736241,0.001234263442921324
2019-02-07 14:30:00,0.0020164448891003034,0.002008263174397013,0.0020000814596937222,0.016363429406581153,0.01405024593363961,0.0023131834729415435,0.16942284037415142,0.5664040030774644,-0.003361027893189964
2019-02-08 14:30:00,0.0011442663079026204,0.0011337390170300186,0.001123211726157417,0.021054581745203443,0.012661614051795667,0.008392967693407777,0.17478825706430406,0.5633764520742093,0.003006188011080768
2019-02-11 14:30:00,0.004952285920732881,0.004938629457671736,0.0049249729946105915,0.02731292612228988,0.0069867486262117,0.02032617749607818,0.16416147315707252,0.5730758456630559,0.0043493790981481055
2019-02-12 14:30:00,0.0058357664549986525,0.00582926059471727,0.005822754734435888,0.013011720562764673,0.008721150873083783,0.00429056968968089,0.1672891566043152,0.5719129594206177,0.01468288805461948
2019-02-13 14:30:00,0.004082360999285436,0.004074898136038576,0.004067435272791716,0.014925726493719779,0.01009863640172822,0.004827090091991559,0.16494636601494017,0.5743972589232342,0.004012721201058851
2019-02-14 14:30:00,-0.001777952476850917,-0.0017911281303486218,-0.0018043037838463263,0.026351306995409364,0.008200897889217998,0.018150409106191367,0.15281167548016228,0.5804129774946477,-0.0013124483452990148
2019-02-15 14:30:00,0.009360515838718384,0.00934538486852671,0.009330253898335037,0.0302619403833471,0.007573776996999164,0.022688163386347937,0.13634811525098756,0.5866375806518209,0.012244789148103083
2019-02-19 14:30:00,-0.0012299050052428707,-0.001248570449050125,-0.0012672358928573796,0.03733088761450883,0.002607012433242091,0.03472387518126674,0.11654213954210846,0.6015554801242086,0.0006498626491380962
2019-02-20 14:30:00,0.012684985530605037,0.012674337366325691,0.012663689202046345,0.021296328558691752,0.012666238619509846,0.008630089939181906,0.1187174010236155,0.5951006516665337,0.013110941836320148
2019-02-21 14:30:00,-0.0015847859399049078,-0.0016180682189053767,-0.0016513504979058457,0.06656455800093775,0.00920602886274069,0.057358529138197056,0.15948132370520662,0.5785060452099278,-0.002538980492579057
2019-02-22 14:30:00,0.003728890725636024,0.003723476580839736,0.003718062436043448,0.010828289592575795,0.004819042073940609,0.006009247518635186,0.1554708944615748,0.5805048634849311,0.008984322871973557
2019-02-25 14:30:00,-0.003995691286482408,-0.004002831130466125,-0.004009970974449843,0.014279687967434434,0.009358034146576138,0.004921653820858296,0.15826504909772932,0.5783773643002273,-0.002914563369185571
2019-02-26 14:30:00,-0.01159818412264505,-0.011609868395732817,-0.011621552668820584,0.023368546175535482,0.006570769574935594,0.01679777660059989,0.1706651222904232,0.5739796608923213,-0.011213473937795296
2019-02-27 14:30:00,-0.00020272020671615993,-0.0002168221545136811,-0.00023092410231120226,0.028203895595042328,0.004569060024902205,0.023634835570140122,0.15800575304250197,0.5849551272145402,-0.0003776913531093884
2019-02-28 14:30:00,-0.007631570622165584,-0.007633996351923811,-0.007636422081682037,0.0048514595164537155,0.003849796380926418,0.0010016631355272976,0.15822969459324776,0.5841774056297587,-0.008056626839134662
2019-03-01 05:00:00,-0.02241305328595546,-0.022457208211265036,-0.022501363136574613,0.0883098506191519,0.05436444230052499,0.03394540831862691,0.13284859020384432,0.5927417095589822,0.0045580890937930345
2019-03-01 14:30:00,0.030213780328883243,0.03015985445901475,0.030105928589146253,0.10785173973698785,0.05627425267162238,0.05157748706536547,0.10193761239059274,0.6134082188110961,0.008579373071596433
2019-03-04 14:30:00,-0.009975419567940694,-0.010028469381196406,-0.01008151919445212,0.1060996265114254,0.032383252546285934,0.07371637396513947,0.038359531077514164,0.623546511463157,-0.009801134933534295
2019-03-05 14:30:00,-0.0035925639758308233,-0.003635314311309582,-0.0036780646467883408,0.0855006709575174,0.005217319599156611,0.08028335135836079,0.0728360877438835,0.5777397167711655,-0.0032508243175582985
2019-03-06 14:30:00,-0.0013994358906028498,-0.0014062336703848347,-0.0014130314501668193,0.013595559563969553,0.006561440713818848,0.007034118850150706,0.07084844882446939,0.5827861967019021,-0.0047048617158885015
2019-03-07 14:30:00,-0.0032976029455546382,-0.003320013040039429,-0.0033424231345242196,0.04482018896958125,0.006044546261005664,0.038775642708575586,0.08973972516611695,0.5629018303349741,-0.009907644147485314
2019-03-08 14:30:00,0.002761935994785886,0.0027422640393251155,0.0027225920838643454,0.039343910921540846,0.00903206112375162,0.030311849797789225,0.07739160011483104,0.5808655550814774,0.0021509484403057963
2019-03-11 13:30:00,-0.0005042830163640814,-0.0005094986602055553,-0.0005147143040470293,0.010431287682947838,0.007764429473980113,0.002666858208967726,0.07936426445996747,0.5801713612176461,0.01212750307113645
2019-03-12 13:30:00,0.007806221092457893,0.007785002440958744,0.0077637837894595964,0.042437302998297136,0.013361040887412374,0.029076262110884765,0.09611791518667956,0.5678487498334734,0.011589455109008698
2019-03-13 13:30:00,0.0020891010352702202,0.0020772168333630103,0.0020653326314558004,0.023768403814419616,0.004605052764261078,0.01916335105015854,0.11113741016131085,0.5637048937579462,0.006438428220236399
2019-03-14 13:30:00,0.0008485195080840327,0.0008308560796139727,0.0008131926511439127,0.03532685694012001,0.013175936134807237,0.02215092080531278,0.10239323022041891,0.577111634622367,-0.00014687090112922943
2019-03-15 13:30:00,-0.00270859516483579,-0.002747726313546045,-0.0027868574622562994,0.07826229742050968,0.009112946171280296,0.06914935124922938,0.03635815223273786,0.5802259078839154,0.0028080672727538816
2019-03-18 13:30:00,0.008027255584145496,0.007999295808097374,0.00797133603204925,0.05591955209624626,0.009434879582343274,0.04648467251390298,0.0034356097351944115,0.5937880379002749,0.009428296939611188
2019-03-19 13:30:00,-0.004324827734776597,-0.004330697136371351,-0.004336566537966107,0.011738803189509261,0.005826546543492128,0.005912256646017133,-0.001395866121480016,0.5927072571109322,-0.002315941342951211
2019-03-20 13:30:00,-0.007599532213723727,-0.007626435165030449,-0.007653338116337171,0.053805902613444014,0.00677266435045413,0.047033238262989885,0.0246214923809448,0.5716913773503671,-0.00526821335183177
2019-03-21 13:30:00,0.0042433959218500655,0.004230041467194481,0.004216687012538897,0.026708909311168167,0.007817617992919319,0.01889129131824885,0.029570448031837948,0.5577490416830114,0.013276025185785892
2019-03-22 13:30:00,-0.009793500411285634,-0.009810596339201375,-0.009827692267117116,0.03419185583148191,0.015879952766570983,0.018311903064910928,0.013858735552893742,0.5603492322689781,-0.022000841467648174
2019-03-25 13:30:00,0.004193646083040401,0.004155247160429388,0.0041168482378183754,0.0767978452220255,0.0040069184226412995,0.0727909267993842,0.003223695371468993,0.4981933456510187,0.003247764424213225
2019-03-26 13:30:00,0.0004211750915493447,0.00041076358964750007,0.00040035208774565545,0.020823003803689233,0.0076722556742134795,0.013150748129475753,-0.008299455424171653,0.4998209429848538,0.002689449558004653
2019-03-27 13:30:00,0.0015643529410821848,0.0015623327674066277,0.0015603125937310703,0.00404034735111449,0.00104016000003034,0.0030001873510841492,-0.007573988196646619,0.4975462228612947,-0.0015786875790131012
2019-03-28 13:30:00,0.002014968233862092,0.0020071700529649015,0.001999371872067711,0.01559636179438088,0.007056565547229813,0.008539796247151066,-0.0037952308060719697,0.49278518400471827,0.0031954538752712405
2019-03-29 13:30:00,0.005511344573821833,0.005459305400469117,0.005407266227116402,0.10407834670543138,0.00034698306491017395,0.10373136364052121,-0.08063206237579856,0.5196797160755129,0.009013820929709185
2019-04-01 13:30:00,0.007627155225070223,0.007617938121884397,0.007608721018698571,0.018434206371652273,0.0022439178141084315,0.01619028855754384,-0.07294175042949508,0.5111797394642725,0.014900375492959528
2019-04-02 13:30:00,0.0044546950064016065,0.004401088860402843,0.004347482714404079,0.10721229199752733,0.005201987948162845,0.10201030404936448,-0.08714455098536353,0.4233722359707765,0.0059387979200682395
2019-04-03 13:30:00,-0.0029439808025315535,-0.0029463822694336737,-0.002948783736335794,0.004802933804240554,0.0045649831833271355,0.00023795062091341856,-0.08717148375107805,0.4235832538259754,-0.0003742793843741395
2019-04-04 13:30:00,0.002809650809437525,0.002797046408948668,0.002784442008459811,0.02520880097771454,0.008254900326536713,0.016953900651177828,-0.07484689350598889,0.41895394341988673,0.002909284581104917
2019-04-05 13:30:00,0.0008900436437288123,0.0008770216239593807,0.0008639996041899491,0.02604403953886324,0.007945204751404995,0.018098834787458246,-0.08622450797765382,0.42567516373568004,0.002282293853566301
2019-04-08 13:30:00,0.0009818762691379615,0.0009246124225823216,0.0008673485760266816,0.11452769311127989,0.010228865646790375,0.10429882746448951,-0.16387873394611657,0.4523197652317068,0.0032895831675007203
2019-04-09 13:30:00,-0.01498428523637061,-0.014991889261525712,-0.014999493286680814,0.015208050310202679,0.0075538304143335875,0.007654219895869091,-0.1674710594485794,0.44825787083830054,-0.016964545623044464
2019-04-10 13:30:00,0.005212867756110014,0.005165538273514742,0.00511820879091947,0.09465896519054463,0.0076185401801089165,0.08704042501043571,-0.2298622236236494,0.47290713167366627,0.00846612307322577
2019-04-11 13:30:00,0.009479975148600654,0.009461728935760834,0.009443482722921014,0.036492425679640006,0.0022065484040163508,0.034285877275623655,-0.21865652505530947,0.49598731038095,0.007203318102244394
2019-04-12 13:30:00,0.009128702995512182,0.009119778010073638,0.009110853024635093,0.017849970877088655,0.007957930206263491,0.009892040670825164,-0.21300159741346641,0.4917501973519679,0.01026231355939681
2019-04-15 13:30:00,-0.0038299041339013174,-0.003835572260025373,-0.0038412403861494285,0.01133625224811117,0.0004986428582085904,0.01083760938990258,-0.2097975474765577,0.484116637898974,-0.003715693353571211
2019-04-16 13:30:00,-0.0029185766727473387,-0.002924598745995673,-0.002930620819244007,0.01204414649666837,0.0051794050295952045,0.0068647414670731655,-0.20515862751777592,0.48189081639068265,0.0012788424796617386
2019-04-17 13:30:00,-0.0057648056970104125,-0.005777742183763579,-0.005790678670516745,0.025872973506332865,0.008565940698486521,0.017307032807846345,-0.18794606486320892,0.4817963462374033,-0.00336622082324974
2019-04-18 13:30:00,0.006310296429740767,0.006302968988443712,0.006295641547146657,0.01465488259411014,0.008824961471192754,0.005829921122917386,-0.18407206647703897,0.47984042350065587,0.006829193486796596
2019-04-22 13:30:00,-0.0017205174804636788,-0.0017247672255963037,-0.0017290169707289283,0.00849949026524958,0.007508918097688536,0.0009905721675610435,-0.18343879052271242,0.4794831272874214,-0.00020425939184868605
2019-04-23 13:30:00,0.005740062239687214,0.005702856353108708,0.005665650466530203,0.07441177315701154,0.006202151630580503,0.06820962152643104,-0.14037650297998672,0.45433579330371604,0.011125982505511297
2019-04-24 13:30:00,0.0032762872464990986,0.003267501383307811,0.0032587155201165238,0.01757172638257462,0.005510225817107917,0.012061500565466704,-0.145849644144645,0.4477474339029076,0.0009243886471762552
2019-04-25 13:30:00,-0.007271593106283485,-0.007311855319031039,-0.007352117531778593,0.0805244254951078,0.013915276354301453,0.06660914914080635,-0.1736085895730269,0.48659763761533203,-0.0060176857680084295
2019-04-26 13:30:00,0.005789046775564746,0.005778111822813387,0.005767176870062027,0.021869905502718355,0.006295262492334105,0.015574643010384248,-0.17813937354403117,0.47555377857595205,0.005937022113669606
2019-04-29 13:30:00,-0.0015093784797105862,-0.0015601404896852045,-0.0016109024996598228,0.10152401994923667,0.0017386961613764886,0.09978532378786018,-0.2726417166040223,0.470270797848083,0.0009989196885076639
2019-04-30 13:30:00,0.00647431961513597,0.0064629798762494695,0.006451640137362969,0.022679477773001312,0.012327361408121332,0.010352116364879982,-0.2738681656655539,0.4611451305447346,-0.0016030900875095473
2019-05-01 13:30:00,-0.006245126300578869,-0.006279271356525995,-0.00631341641247312,0.06829011189425141,0.002960951159137526,0.06532916073511388,-0.23648324207795982,0.4332008933972148,-0.005222471597807976
2019-05-02 13:30:00,-0.003089660362427172,-0.0031123157924996757,-0.0031349712225721793,0.04531086014500689,0.011791399789593465,0.03351946035541342,-0.21506019276243118,0.4452973044370996,-0.004541214968366421
2019-05-03 13:30:00,-0.01571538101663361,-0.015732529506286765,-0.01574967799593992,0.03429697930630825,0.026650725067539443,0.0076462542387688015,-0.21288138622470934,0.45076475213814654,-0.009701541676238082
2019-05-06 13:30:00,-0.00664081174206474,-0.006668272435996201,-0.006695733129927662,0.05492138786292178,0.006404362144226572,0.048517025718695206,-0.23918104550750566,0.42854738570224765,-0.007951426405140571
2019-05-07 13:30:00,-0.004776322747053299,-0.004787588453719962,-0.004798854160386626,0.02253141333332669,0.00678260122396009,0.0157488121093666,-0.23298998560293693,0.4381051379070455,-0.012587269781225189
2019-05-08 13:30:00,-0.01613967852308201,-0.016167634245918914,-0.01619558996875582,0.055911445673808624,0.022693766688887895,0.03321767898492073,-0.2408519280446278,0.4634608744502754,-0.014017514772354023
2019-05-09 13:30:00,-0.004966033747780238,-0.005032572892534306,-0.005099112037288373,0.13307828950813547,0.007056408430838398,0.12602188107729706,-0.15467655446702389,0.42361436695058224,-0.007056408430838397
2019-05-10 13:30:00,0.003577674417147191,0.003571128333201971,0.0035645822492567513,0.013092167890439627,0.0051656393733914285,0.007926528517048198,-0.15248470927821497,0.42934905027882153,0.0013807236906453468
2019-05-13 13:30:00,-0.019232331491672278,-0.019255769128954887,-0.0192792067662375,0.04687527456522263,0.020811112734094788,0.026064161831127836,-0.13367476855272442,0.42209482917318425,-0.03531010724857712
2019-05-14 13:30:00,-0.00045105322046422227,-0.0005678573228561997,-0.0006846614252481771,0.23360820478395486,0.0030484590489083065,0.23055974573504656,-0.24174060382816792,0.5445887396327873,0.007135393199907118
2019-05-15 13:30:00,-0.007887307753208223,-0.00789073725168305,-0.007894166750157876,0.006858996949653112,0.004701176085048275,0.002157820864604837,-0.24368425906304178,0.5448029052625183,0.00022635101684642667
2019-05-16 13:30:00,0.0016573552612094518,0.0016488310358470989,0.0016403068104847457,0.017048450724705965,0.00171661406533589,0.015331836659370074,-0.24931796970623227,0.5351047792463387,0.005361237196223427
2019-05-17 13:30:00,-0.0030257225846681123,-0.0030370124409281082,-0.0030483022971881046,0.02257971251999206,0.015915376385737517,0.006664336134254545,-0.2510969956613612,0.5399900894254643,-0.00983257085783699
2019-05-20 13:30:00,0.008015324413915621,0.008003075481200692,0.007990826548485763,0.024497865429857785,0.011534336403690466,0.01296352902616732,-0.2639340073663726,0.5398635721043085,-0.0014577414742501145
2019-05-21 13:30:00,0.016265561781923975,0.01625245859313913,0.016239355404354283,0.026206377569692796,0.006317285776856307,0.01988909179283649,-0.26536260717500015,0.5214030801200995,0.021216870189113113
2019-05-22 13:30:00,-0.008043452910433927,-0.008062024225730664,-0.008080595541027403,0.037142630593474966,0.0010475058172699407,0.03609512477620502,-0.2772558470629791,0.5456049650083256,-0.012542746685217302
2019-05-23 13:30:00,-0.0054311014013985835,-0.005452359569460063,-0.005473617737521541,0.042516336122958055,0.016728944795215396,0.02578739132774266,-0.2940436471532831,0.5546045562457642,-0.01644175589331757
2019-05-24 13:30:00,-0.0001373673435960118,-0.0001527065654932924,-0.00016804578739057298,0.030678443794561177,0.012934113193898627,0.01774433060066255,-0.30184140254572916,0.5645511314539807,3.0797659582619076e-05
2019-05-28 13:30:00,-0.005569602706618412,-0.005634126896962346,-0.005698651087306281,0.12904838068786892,0.011455891369327084,0.11759248931854183,-0.23370449596359638,0.6140067141903898,-0.004050459167415125
2019-05-29 13:30:00,-0.002691622608956447,-0.002894959178884159,-0.003098295748811871,0.40667313985542386,0.01406308694158805,0.3926100529138358,0.013457546986130109,0.7594547241544991,-0.009117168612059948
2019-05-30 13:30:00,-0.00902036018567231,-0.009037522894534347,-0.009054685603396383,0.03432541772407186,0.01912398229323823,0.015201435430833632,0.025656027950482607,0.7624576786209802,-0.005855064493270408
2019-05-31 13:30:00,0.0022075199190083085,0.0021952436581738144,0.0021829673973393204,0.02455252166898823,0.01571044525663882,0.008842076412349409,0.029008457279361688,0.7569680315375099,-0.009733052741387064
2019-06-01 04:00:00,-0.004934965778301825,-0.004984354922184577,-0.005033744066067328,0.09877828776550339,0.0870134546434053,0.011764833122098084,0.03271034083398777,0.7489050819700379,0.05294953475851386
2019-06-03 13:30:00,0.03158154858255397,0.03152089647953489,0.0314602443765158,0.12130420603816684,0.07878716808088877,0.04251703795727807,0.013630998329995925,0.7254673865167517,-0.034733205359786044
2019-06-04 13:30:00,0.017675405685836063,0.01758249064187553,0.017489575597914996,0.18583008792106645,0.01485654209672756,0.17097354582433888,-0.012505663124963928,0.5806305021473727,0.03401364797868004
2019-06-05 13:30:00,0.0048641754920598045,0.0048333399801026205,0.004802504468145436,0.061671023914368746,0.005435829846842137,0.05623519406752661,-0.03874311593863031,0.6106282434012329,0.008573444510264613
2019-06-06 13:30:00,-0.008295916964137276,-0.008308221130751992,-0.00832052529736671,0.024608333229433604,0.00868714398741514,0.015921189242018463,-0.02594630504084358,0.6075038650570012,-0.0036290017675500628
2019-06-07 13:30:00,-0.009103868970796196,-0.00911633814498616,-0.009128807319176122,0.024938348379926433,0.015419774248145595,0.009518574131780838,-0.03308008563421705,0.6051190715185938,0.002828127271603235
2019-06-10 13:30:00,-0.009669650977729646,-0.009691570330591856,-0.009713489683454068,0.04383870572442187,0.00574863350079861,0.03809007222362326,-0.007916110452079184,0.5921929744771084,-0.0027136172195394805
2019-06-11 13:30:00,0.0056286743401277395,0.00560762525692318,0.00558657617371862,0.04209816640911888,0.012733721483621988,0.02936444492549689,0.013334185417346267,0.584078825421037,0.006345478544509693
2019-06-12 13:30:00,-0.0034575765401321256,-0.0034618653220617607,-0.0034661541039913953,0.008577563859269869,0.00773669231969513,0.000840871539574739,0.012938929757836948,0.5836332095409715,-0.0066627001474879695
2019-06-13 13:30:00,0.0018928802875066266,0.0018731954233672562,0.0018535105592278858,0.03936972827874082,0.015119746157717792,0.024249982121023028,-0.006306971842303444,0.5886372900618542,0.005366770160018371
2019-06-14 13:30:00,-0.004063641852687765,-0.004067854855933421,-0.004072067859179076,0.008426006491311255,0.004984930925457598,0.0034410755658536574,-0.004334196947093305,0.5901055907324977,-0.006618357160234067
2019-06-17 13:30:00,-0.01616300698354914,-0.016175614051557215,-0.016188221119565287,0.02521413601614919,0.008904844542873214,0.016309291473275978,-0.02041162943130531,0.5903374497215617,-0.01255062363756132
2019-06-18 13:30:00,0.012524107150896045,0.012491581405519536,0.012459055660143029,0.06505149075301642,0.006107874842187222,0.058943615910829195,0.017499899446730083,0.5693053626887679,0.020724823326247144
2019-06-19 13:30:00,0.005750747378289376,0.005731109979785245,0.005711472581281114,0.03927479700826164,0.001856819581540714,0.03741797742672093,-0.005803566666979398,0.5834198740017793,0.007897175349029117
2019-06-20 13:30:00,0.015430627104464148,0.015419419326999612,0.015408211549535075,0.0224155549290734,0.012778644821776005,0.009636910107297392,0.00298119916753975,0.5825677297290011,0.020867346279214976
2019-06-21 13:30:00,-0.0032113137951978285,-0.0032285245417044933,-0.0032457352882111585,0.03442149301332995,0.011287707287664298,0.023133785725665656,0.022201302052696992,0.5864814125695095,-0.003994973168265766
2019-06-24 13:30:00,-0.01070369685295193,-0.010707668801253217,-0.010711640749554503,0.007943896602572869,0.0019620442097655717,0.005981852392807296,0.027438257987826786,0.585736516111832,-0.010676015968171285
2019-06-25 13:30:00,0.000424811367832692,0.00041722870392000536,0.00040964604000731875,0.015165327825373276,0.011995830805061392,0.0031694970203118844,0.024899839363829612,0.5851054377155173,-0.00977034370852381
2019-06-26 13:30:00,-0.01767524120571676,-0.017705683060946314,-0.01773612491617587,0.0608837104591084,0.031529635764945385,0.029354074694163013,0.04444738813242666,0.5752989117899513,-0.015967349553341337
2019-06-27 13:30:00,6.526333580147937e-05,9.85776770198946e-06,-4.554780039750045e-05,0.11081113619897982,0.00453012747351241,0.10628100872546742,0.130133833091288,0.5547043480233452,0.002360724711392296
2019-06-28 13:30:00,0.0091468017622695,0.009141678259804279,0.009136554757339058,0.010247004930443653,0.0076254304988535955,0.002621574431590057,0.12859376070026218,0.5557858500639095,0.01035992500120527
2019-07-01 13:30:00,0.0020049650454000067,0.0019947716223467807,0.001984578199293555,0.02038684610645175,0.008107899314235723,0.012278946792216028,0.13941138432692074,0.554324526898352,0.009134583211109382
2019-07-02 13:30:00,-0.013858971990725671,-0.01386504639258054,-0.01387112079443541,0.012148803709738826,0.007528891728516414,0.004619911981222413,0.13730324921954418,0.5568363037721978,-0.009782574335348829
2019-07-03 13:30:00,-0.0034493602227974275,-0.003466980354407838,-0.0034846004860182482,0.03524026322082063,0.005566179915452829,0.029674083305367804,0.11026401015280962,0.5594711480108311,0.0015293216278565724
2019-07-05 13:30:00,-0.0035353018500178923,-0.003542292340757313,-0.003549282831496733,0.013980981478840896,0.004722270651887831,0.009258710826953065,0.11488550920431906,0.5548339362353875,-0.004722270651887832
2019-07-08 13:30:00,-0.0023378641538243632,-0.0023438671413338907,-0.002349870128843418,0.012005975019054907,0.0011476816027447359,0.010858293416310172,0.12295486362543917,0.5520449972401974,-0.006027495858461555
2019-07-09 13:30:00,-0.008615183463271678,-0.008625219661442772,-0.008635255859613864,0.02007239634218664,0.00674592702843794,0.013326469313748701,0.1132695427698086,0.5556861456983155,-0.00568335077349454
2019-07-10 13:30:00,-0.015881696686229782,-0.01589059561610573,-0.015899494545981673,0.017797859751892114,0.010563238808359004,0.00723462094353311,0.1082069288856804,0.5535141386389106,-0.010116832012785829
2019-07-11 13:30:00,-0.0010110028705349265,-0.0010161105090036094,-0.0010212181474722921,0.010215276937365717,0.0027645366052090705,0.007450740332156647,0.10901016815478581,0.5468666375758594,-0.001372815312093915
2019-07-12 13:30:00,0.015807518042287527,0.01579766922346522,0.01578782040464291,0.01969763764461787,0.009697469595684701,0.010000168048933167,0.11706098464405673,0.5449172860161972,0.018183542787620983
2019-07-15 13:30:00,-0.0068565788869483415,-0.006883420039233891,-0.006910261191519439,0.053682304571098106,0.0034312699440988506,0.05025103462699926,0.07886274788237624,0.5569700838815159,-0.004760118096284997
2019-07-16 13:30:00,-0.002044374809110637,-0.0020555938562678276,-0.0020668129034250183,0.02243809431438132,0.020365410223802893,0.002072684090578425,0.07730546674021682,0.5564546809330969,-0.0053549304273314835
2019-07-17 13:30:00,-0.002647449189329498,-0.0026562397943303635,-0.0026650303993312288,0.01758121000173089,0.01709240428348317,0.0004888057182477201,0.07777073747142188,0.5564782159201396,-0.005088886094401464
2019-07-18 13:30:00,-0.003917208400509412,-0.003920486459097015,-0.003923764517684617,0.006556117175204675,0.0033957772718917383,0.0031603399033129365,0.07783204285625034,0.5533791814016551,-0.002604610602753484
2019-07-19 13:30:00,0.003348088784405027,0.003336581344436568,0.0033250739044681094,0.023014879936917775,0.011845799465404613,0.01116908047151316,0.0690073951874493,0.5557236142043672,-0.0017267011793280125
2019-07-22 13:30:00,-0.013064268179418647,-0.013073505405449758,-0.013082742631480869,0.018474452062222358,0.0049951991176314285,0.01347925294459093,0.05719462320608856,0.5573900951675974,-0.008751888018141715
2019-07-23 13:30:00,0.006499267989051217,0.006481899238810573,0.006464530488569929,0.03473750048128822,0.0185972771273281,0.01614022335396012,0.06697963438796012,0.5510348829955088,0.009683038420994569
2019-07-24 13:30:00,0.007128386640251265,0.007117820402507199,0.007107254164763133,0.021132475488131946,0.00500841128224964,0.016124064205882305,0.05547037164781793,0.555649684461249,0.011074213757060672
2019-07-25 13:30:00,0.0021519934002585486,0.0021298876426497624,0.0021077818850409767,0.04421151521757198,0.019983551908213253,0.024227963309358724,0.03889832249697339,0.5633055986197631,-0.003285626216457153
2019-07-26 13:30:00,-0.0087491802785155,-0.008755369637503424,-0.008761558996491349,0.012378717975849291,0.007085948560524098,0.005292769415325194,0.03497235783363367,0.5619387938677777,-0.002835163795902059
2019-07-29 13:30:00,0.0009798171923863916,0.0009747268832071286,0.0009696365740278658,0.010180618358525777,0.00536311838387397,0.004817499974651807,0.03311940229156429,0.5589742494351952,-0.0007667731193975088
2019-07-30 13:30:00,0.013713967801434464,0.013696579188002283,0.013679190574570099,0.03477722686436531,0.014359536953137814,0.0204176899112275,0.04317274708150021,0.5693385945564868,0.01092727555838772
2019-07-31 13:30:00,-0.007280860980112949,-0.007297823956108187,-0.007314786932103424,0.03392595199047527,0.004050254305016154,0.029875697685459113,0.014481351549013366,0.5705228967094591,-0.015239072534332765
2019-08-01 13:30:00,-0.0191236340132854,-0.019173013266326037,-0.01922239251936667,0.09875850608126874,0.09188244703464143,0.006876059046627303,0.017922434617741567,0.5739578726873582,-0.021793385924343323
2019-08-02 13:30:00,-0.0052696216597199474,-0.0053398212251387946,-0.0054100207905576425,0.14039913083769506,0.04233478975227796,0.09806434108541709,-0.06136499723130376,0.59273478192373,-0.013987417663532434
2019-08-05 13:30:00,-0.003549705119420859,-0.003556761647842564,-0.0035638181762642695,0.014113056843410512,0.009158338949937192,0.0049547178934733205,-0.0636673740308632,0.5953871230176438,-0.023677392659186298
2019-08-06 13:30:00,0.014212873613261807,0.014201241737788858,0.014189609862315907,0.02326375094589988,0.009162639021444393,0.014101111924455484,-0.07250504065212945,0.6006505683208331,0.021716150725938983
2019-08-07 13:30:00,-0.01180552888161513,-0.011871684654345592,-0.011937840427076053,0.1323115454609227,0.0026398352250563972,0.1296717102358663,0.02300638366989549,0.5664902824069917,-0.008687593345682587
2019-08-08 13:30:00,0.01305972753980086,0.013052681585269638,0.013045635630738418,0.014091909062442731,0.005712312460909974,0.008379596601532757,0.026833671885641897,0.5619379740212054,0.025566021317484866
2019-08-09 13:30:00,-0.000286882556126267,-0.00031042767363726056,-0.0003339727911482541,0.047090235021987094,0.025008628580345284,0.02208160644164181,0.03142415332876247,0.5794290990197266,-0.005698307266126561
2019-08-12 13:30:00,-0.008501515858603152,-0.008509550253551384,-0.008517584648499619,0.016068789896466856,0.015394808335035187,0.0006739815614316691,0.031682666101979506,0.579013630231512,-0.015208179654021733
2019-08-13 13:30:00,0.0048014316847392775,0.004795090854209653,0.004788750023680028,0.012681661059249802,0.005816697915282351,0.006864963143967451,0.0372757319721812,0.5802855275052777,0.017542722093322267
2019-08-14 13:30:00,-0.01638261366705769,-0.016413518249311355,-0.016444422831565015,0.06180916450732475,0.02114387714461467,0.04066528736271008,0.015700770567673272,0.5993758534634799,-0.0344240265086884
2019-08-15 13:30:00,0.008863488506049087,0.00884940501713775,0.008835321528226414,0.028166977822672634,0.0069488478499597495,0.021218129972712885,0.025505961441967595,0.6107887925618984,0.008491666818390753
2019-08-16 13:30:00,0.0194635845663896,0.019419518793746662,0.01937545302110372,0.08813154528588038,0.01836155030932226,0.06976999497655811,0.07889011220964792,0.5944029483530207,0.02940448490375062
2019-08-19 13:30:00,0.0015066966188448227,0.0014866206207386121,0.0014665446226324013,0.04015199621242127,0.011873733638102069,0.028278262574319202,0.1046864626343531,0.5968848605026347,0.011665004773591559
2019-08-20 13:30:00,-0.000696548703799542,-0.0007028519069097299,-0.0007091551100199177,0.012606406220375713,0.009724000321057838,0.0028824058993178747,0.10638645750911757,0.5980672715271881,-0.00550261169034331
2019-08-21 13:30:00,0.002143412794209606,0.002138673450032447,0.0021339341058552873,0.009478688354318494,0.005274310891233498,0.004204377463084996,0.10981002160228859,0.5972864581572741,0.00817643611297029
2019-08-22 13:30:00,0.0015601048656962901,0.0015557253507267037,0.0015513458357571171,0.008759029939172916,0.00328698879330395,0.005472041145868967,0.10558518287092455,0.598533660571779,-0.00027336141163344
2019-08-23 13:30:00,0.009583914829740426,0.009572504180719234,0.00956109353169804,0.02282129804238627,0.012235360164546589,0.01058593787783968,0.09762561229591915,0.6011600278746133,-0.010477126388054129
2019-08-26 13:30:00,-0.006980649493423538,-0.00699561151924883,-0.007010573545074123,0.029924051650584576,0.008927571416342744,0.020996480234241832,0.08876246369161855,0.5890266962446721,0.0029411262405272622
2019-08-27 13:30:00,-0.007986164253038535,-0.008022260236656836,-0.00805835622027514,0.07219196723660351,0.009490584076398356,0.06270138316020515,0.04755620942520086,0.5675315673508846,-0.009099828406223143
2019-08-28 13:30:00,0.005665349425257843,0.0055621762642293765,0.005459003103200909,0.20634632205693337,0.006154669970464062,0.2001916520864693,0.054580269362356826,0.760699159500198,0.00823878478918035
2019-08-29 13:30:00,0.006820667084220111,0.006783779001019881,0.006746890917819651,0.07377616640045948,0.004499901009250351,0.06927626539120912,0.0752784899545581,0.7121211147011901,0.018230012484681923
2019-08-30 13:30:00,0.017432322684273836,0.017415291574198823,0.017398260464123814,0.034062220150022283,0.006828621290473494,0.02723359885954879,0.06253867821129555,0.7266149018174763,0.015712328850790176
2019-09-01 04:00:00,0.10604684748190008,0.10601766081845136,0.10598847415500263,0.05837332689743938,0.039509210069691804,0.01886411682774758,0.0774706824335093,0.7226827892119425,0.1159739448591423
2019-09-03 13:30:00,-0.082788817256309,-0.08338751535852545,-0.08398621346074191,1.1973962044328987,0.05199043824595928,1.1454057661869395,1.0622411603167454,0.5620475009082391,-0.11855576554267089
2019-09-04 13:30:00,0.0018717087236035622,0.0016588874927212253,0.0014460662618388884,0.4256424617646738,0.009914579580045046,0.41572788218462875,1.4110688168537966,0.6289477265558167,0.012280642799495034
2019-09-05 13:30:00,0.02910510194850294,0.029086008834979294,0.029066915721455647,0.03818622704729383,0.010091676091327365,0.02809455095596647,1.4354867663141782,0.6252711250602317,0.02502244926416493
2019-09-06 13:30:00,0.008207623605696003,0.008135333227391416,0.008063042849086832,0.14458075660917188,0.013784169074570213,0.13079658753460166,1.3725725768350094,0.6931535231156647,0.002079280738572923
2019-09-09 13:30:00,0.027020771732723048,0.027006483465213487,0.026992195197703926,0.028576535019120573,0.01806064524705272,0.010515889772067855,1.3631321027319376,0.6942289387846607,0.018843570963019102
2019-09-10 13:30:00,0.035207319619798755,0.035165793776278646,0.035124267932758545,0.08305168704021304,0.04389537080218031,0.03915631623803273,1.3779130658592722,0.6698535856739626,0.03504422538645047
2019-09-11 13:30:00,-0.012143099458474221,-0.01215276791470619,-0.012162436370938157,0.01933691246393554,0.011908681610966587,0.007428230852968953,1.3778062372115918,0.662532183468674,0.007727872666782987
2019-09-12 13:30:00,-0.005272006664515217,-0.00531246986156861,-0.005352933058622002,0.08092639410678522,0.011164980912656683,0.06976141319412854,1.4001514131443509,0.6151159462073046,0.0003869257780588035
2019-09-13 13:30:00,0.013759570008080193,0.013754309088280497,0.013749048168480799,0.010521839599393826,0.001327222397685605,0.009194617201708222,1.406700680340253,0.6124705962014986,0.002688821214945255
2019-09-16 13:30:00,0.008785464420747898,0.008762285224214964,0.008739106027682029,0.04635839306586916,0.01871922498053421,0.027639168085334953,1.3842016798923527,0.607330428564064,0.007172335613178722
2019-09-17 13:30:00,-0.02118185204528964,-0.02119943363127362,-0.0212170152172576,0.03516317196795704,0.011857519370398584,0.023305652597558457,1.3963320433475044,0.5961551394216573,-0.006128088198722237
2019-09-18 13:30:00,-0.00718345285065235,-0.007206264386971278,-0.007229075923290206,0.045623072637856775,0.011367203744650464,0.03425586889320631,1.362739206551266,0.5968181715186253,-0.0016408256404218207
2019-09-19 13:30:00,-0.014639622822909546,-0.014656357107915281,-0.014673091392921018,0.03346857001147152,0.006312071148049547,0.027156498863421974,1.3573314276350554,0.6185668914658367,-0.007229856031227722
2019-09-20 13:30:00,9.414047343403074e-05,3.9429333548080315e-05,-1.528180633787011e-05,0.10942227977190085,0.01775353794034858,0.09166874183155227,1.4191516425776578,0.5887183645768868,-0.0005125003400554181
2019-09-23 13:30:00,0.003363302079408691,0.003357112317228102,0.0033509225550475133,0.01237952436117773,0.010477453801179148,0.001902070559998581,1.4201399684973863,0.5878046199366167,0.0038451859321783077
2019-09-24 13:30:00,-0.020032293203460585,-0.020040883671009906,-0.020049474138559228,0.017180935098643713,0.011969981494256987,0.0052109536043867255,1.4159593796017393,0.5888349846453564,-0.011228024725681185
2019-09-25 13:30:00,-0.0007964670255418103,-0.0008506139572810514,-0.0009047608890202925,0.10829386347848213,0.0012202350843288912,0.10707362839415324,1.3530493797324226,0.6329986131701929,0.005471448899514009
2019-09-26 13:30:00,-0.010497691942381267,-0.010551628132221377,-0.010605564322061486,0.10787237968022041,0.004756365291552841,0.10311601438866758,1.4404006018166464,0.6172338208657492,-0.005188532788031479
2019-09-27 13:30:00,0.014651007009256664,0.014637655426759289,0.014624303844261912,0.026703164994751373,0.006902546088020692,0.019800618906730683,1.4372570040046262,0.6338908419604596,0.0016941290815523462
2019-09-30 13:30:00,-0.005664479829686225,-0.005677395159243314,-0.005690310488800403,0.025830659114177406,0.001429902518600127,0.024400756595577278,1.4336818253353278,0.6130652640341807,0.0010561603143714275
2019-10-01 13:30:00,-0.015066181194023632,-0.015103712598381207,-0.015141244002738783,0.07506280871515059,0.0555946643311479,0.019468144384002684,1.4415890930064768,0.6015043873213269,-0.02331198104024786
2019-10-02 13:30:00,0.011180727263987347,0.011160620914232247,0.011140514564477148,0.04021269951019998,0.018934518212075667,0.02127818129812431,1.4404990380050944,0.6216925136180689,-0.018688825880777065
2019-10-03 13:30:00,-0.0040998266289562334,-0.004127135208478484,-0.004154443788000734,0.054617159044500596,0.0029430870957793953,0.0516740719487212,1.4034469344477825,0.6363144820094782,0.006187186928021449
2019-10-04 13:30:00,-0.011712735831818366,-0.011722083598661443,-0.01173143136550452,0.018695533686153544,0.009534595220975254,0.009160938465178292,1.4061259083520796,0.629832517448597,0.017152322482616295
2019-10-07 13:30:00,0.005979878728736047,0.005928878189081334,0.005877877649426621,0.10200107930942641,0.011506025859030414,0.09049505345039599,1.4465470087728096,0.579758564418931,-0.00135366811829792
2019-10-08 13:30:00,0.01285099192720436,0.012839593703219266,0.012828195479234172,0.022796447970187355,0.016860746991687086,0.005935700978500269,1.4442733774831236,0.5834206341077453,-0.00932028560814909
2019-10-09 13:30:00,-0.006510219460717663,-0.006526024419361133,-0.006541829378004602,0.03160991728693885,0.008938638517231756,0.022671278769707093,1.435432964707575,0.5695897681135867,0.00601214209313039
2019-10-10 13:30:00,0.0056439769528381385,0.0056254737232735025,0.005606970493708866,0.03700645912927274,0.013913153112484238,0.023093306016788495,1.4444803162770097,0.555543813666233,0.008371863903058921
2019-10-11 13:30:00,0.020796489898087252,0.020776204511687192,0.020755919125287133,0.04057077280011989,0.016127679239978265,0.024443093560141627,1.46746563623778,0.5540860400668617,0.02244274090758669
2019-10-14 13:30:00,0.006234024695164996,0.006199299159714556,0.006164573624264115,0.06945107090088116,0.0036970194504664837,0.06575405145041469,1.4985341466259365,0.5887715811291199,-0.0034392199428595247
2019-10-15 13:30:00,0.005091775993598022,0.005062402542993712,0.005033029092389403,0.05874690120861918,0.01078729868379617,0.04795960252482301,1.4694752236369497,0.607672260664956,0.008191944115228536
2019-10-16 13:30:00,-0.010258708652885308,-0.010281302374312903,-0.010303896095740495,0.045187442855187054,0.0048600339061017905,0.040327408949085264,1.496665600913185,0.594535228992106,-0.00842400344207983
2019-10-17 13:30:00,-0.0003281012676969678,-0.0003301108630611234,-0.000332120458425279,0.004019190728311176,0.0017403331932663115,0.0022788575350448648,1.495166890742535,0.593755081627711,0.005011095395634897
2019-10-18 13:30:00,0.012715024407630077,0.012704957520933624,0.012694890634237168,0.020133773392908227,0.013753889249199514,0.006379884143708714,1.4957056431282132,0.5995962133857415,0.011890909501131475
2019-10-21 13:30:00,-0.0015347112355847108,-0.001543363292047823,-0.0015520153485109355,0.017304112926224618,0.0017261996685479604,0.015577913257676657,1.5097109801875723,0.598023637187424,0.009682463329172478
2019-10-22 13:30:00,0.00641493587216717,0.006402950277475453,0.0063909646827837365,0.023971189383433716,0.006492972878376839,0.017478216505056876,1.519554838292865,0.5903892787876598,0.008117427652759876
2019-10-23 13:30:00,-0.005286514790322633,-0.005327346201389049,-0.005368177612455465,0.08166282213283176,0.00733701580983374,0.07432580632299801,1.5795580966580451,0.5760667308298419,0.002207609741148605
2019-10-24 13:30:00,-0.013609569842143936,-0.013612112733124935,-0.013614655624105935,0.005085781961998455,0.002208271811713643,0.002877510150284812,1.576777513893815,0.5761636582158965,-0.002634669945695204
2019-10-25 13:30:00,0.02185987440333425,0.021765681782101545,0.021671489160868845,0.1883852424654057,0.007540533171222534,0.18084470929418317,1.6867468729948913,0.5052883080227898,0.008720486713626205
2019-10-28 13:30:00,0.026859547141700094,0.026800256235481705,0.02674096532926332,0.1185818124367752,0.014082955612607046,0.10449885682416815,1.6129781796607097,0.5360184715127763,0.010024128802496665
2019-10-29 13:30:00,0.009088254043691662,0.008965646225455776,0.008843038407219889,0.2452156364717725,0.014627692442509091,0.23058794402926341,1.5187111066190406,0.6723393425003706,0.005321962537756038
2019-10-30 13:30:00,-0.0157549117687343,-0.015770803621881557,-0.01578669547502881,0.031783706294514324,0.00906915696802102,0.022714549326493305,1.5382948214635095,0.6692085080183462,0.001088179897945074
2019-10-31 13:30:00,-0.012360378596827702,-0.012381269429829447,-0.012402160262831191,0.041781666003490425,0.005440069893613564,0.03634159610987686,1.5112126586123862,0.6784679412770998,-0.003772696532986619
2019-11-01 13:30:00,0.013028511034303726,0.013010961218096294,0.012993411401888862,0.03509963241486458,0.005229232073106216,0.029870400341758363,1.501033029946026,0.6981587129524979,0.015631189260600403
2019-11-04 14:30:00,0.03174664453770513,0.031725563048913885,0.031704481560122635,0.0421629775824924,0.011624655447637652,0.030538322134854745,1.4852429908062827,0.7129069959476094,0.017153110129890663
2019-11-05 14:30:00,-0.0003673032382539819,-0.00045113909220274384,-0.0005349749461515058,0.16767170789752392,0.0227758641576777,0.1448958437398462,1.3794858808933996,0.7520457297745725,-0.014125909255493655
2019-11-06 14:30:00,-0.012453110732261016,-0.012464206714806827,-0.012475302697352638,0.022191965091622728,0.015032514586418782,0.007159450505203946,1.3825203260038685,0.7561707351693076,-0.00885418678748077
2019-11-07 14:30:00,0.01937260984974333,0.01935815310085933,0.01934369635197533,0.028913497767999674,0.014467657818262203,0.014445839949737471,1.3693333030999078,0.7574295522150842,0.0033965851948570824
2019-11-08 14:30:00,0.0031117232475182124,0.0030862670004564757,0.003060810753394739,0.05091249412347343,0.013974274912923135,0.036938219210550294,1.341040830642389,0.7660752989681159,0.0005470735902933788
2019-11-11 14:30:00,0.008464786970000845,0.00845150829768776,0.008438229625374672,0.026557344626173023,0.004235638672775914,0.02232170595339711,1.3385710022802262,0.7462234213768817,-0.0007740200995866401
2019-11-12 14:30:00,-0.002583659605546877,-0.0026019211064410804,-0.0026201826073352845,0.036523001788407505,0.007345088831953728,0.029177912956453778,1.3355765236620083,0.7724068557151176,0.0029098770164387444
2019-11-13 14:30:00,-0.033137558178118566,-0.0331404884899923,-0.03314341880186603,0.005860623747466061,0.003779891108628604,0.002080732638837457,1.333500257221159,0.7724113219131057,-0.013220675026152354
2019-11-14 14:30:00,-0.00026783293431364985,-0.0003478450631349652,-0.0004278571919562805,0.16002425764263062,0.009657796060481227,0.1503664615821494,1.2311516925858803,0.8204292188599764,0.0034192413499128937
2019-11-15 14:30:00,-0.005097446794000828,-0.005103568421365595,-0.005109690048730362,0.012243254729533951,0.010177140198278126,0.002066114531255825,1.2298013433065225,0.8211449841118744,0.004862195803565654
2019-11-18 14:30:00,-0.003942414254880793,-0.004056378795307853,-0.004170343335734912,0.22792908085411953,0.018891832216185917,0.2090372486379336,1.2415473450805796,1.0184362309757509,-0.00057111098878689
2019-11-19 14:30:00,-0.0037367556508526977,-0.003800992762615366,-0.003865229874378034,0.12847422352533622,0.0039580522726061496,0.12451617125273007,1.2867991976395228,1.0977005496695378,-0.005384681950462933
2019-11-20 14:30:00,0.0024627937569048843,0.002449380417910661,0.0024359670789164374,0.02682667798844681,0.008097072521619916,0.018729605466826893,1.2946986811516634,1.0868704277148515,0.003774328406785673
2019-11-21 14:30:00,0.0008943218984476175,0.0008817583056847444,0.0008691947129218714,0.025127185525746186,0.009826265840776801,0.015300919684969383,1.3023103330039059,1.0791811598821246,-0.006040971853937112
2019-11-22 14:30:00,0.0032688611955171013,0.0032509926745743364,0.003233124153631571,0.03573704188553014,0.0020356163491999832,0.033701425536330154,1.308582927649019,1.1066099907733415,0.0043972322718705366
2019-11-25 14:30:00,-0.004798889466864021,-0.004815315274216214,-0.004831741081568407,0.03285161470438588,0.013942170268728201,0.018909444435657674,1.305591238571503,1.122527746131483,0.004142060713324643
2019-11-26 14:30:00,-0.007255830658932095,-0.007613785651187366,-0.007971740643442636,0.7159099845105406,0.009043874539527708,0.7068661099710128,0.6227099904708954,1.0985428842610778,-0.003075348097634545
2019-11-27 14:30:00,0.004016065685778535,0.003395563926426065,0.0027750621670735954,1.2410035187049395,0.004990907277262109,1.2360126114276775,-0.15638951933775413,0.6416297826420498,0.008226932970902897
2019-11-29 14:30:00,-0.0017997766700328438,-0.001804619682765011,-0.001809462695497178,0.009686025464334244,0.006457767848978521,0.003228257615355723,-0.15526016100218432,0.6395308833622639,-0.004569543979213016
2019-12-01 05:00:00,-0.07591547730856542,-0.07600294205130506,-0.0760904067940447,0.17492948547928133,0.07247721996434824,0.10245226551493308,-0.10339124318723142,0.5889475356622837,-0.056429013166760376
2019-12-02 14:30:00,0.0400147587661508,0.03947839736382995,0.0389420359615091,1.0727228046416986,0.08709779606574657,0.985625008575952,-0.6359393023989977,0.1358705862980979,0.05785550583521156
2019-12-03 14:30:00,-0.006737354050648875,-0.006915450204489811,-0.007093546358330746,0.3561923076818715,0.008873407970207414,0.3473188997116641,-0.799749586226037,-0.04763802958652685,-0.008534677603900809
2019-12-04 14:30:00,-0.014266868478677783,-0.014329044883156018,-0.014391221287634254,0.12435280895647008,0.028514122836516033,0.09583868611995405,-0.8450325241551319,0.00291771860433232,-0.020709815365519264
2019-12-05 14:30:00,-0.003004981517732746,-0.003043084488870348,-0.0030811874600079506,0.07620594227520458,0.021720855428721007,0.054485086846483566,-0.8958223244872908,-0.0007775679099922828,-0.004563424981861279
2019-12-06 14:30:00,-0.002494146483111539,-0.002502650970955787,-0.002511155458800035,0.01700897568849602,0.014902753480231734,0.0021062222082642856,-0.8972460233584814,-0.001460091247066031,0.00017903032126276308
2019-12-09 14:30:00,-0.010196633621287242,-0.010206719326753568,-0.010216805032219892,0.020171410932650513,0.010394635740206382,0.009776775192444132,-0.8950957917727151,-0.009086634853743947,-0.007039984092452434
2019-12-10 14:30:00,-0.0028049742773399167,-0.0028202408997034774,-0.0028355075220670377,0.030533244727121194,0.011656258861221496,0.018876985865899698,-0.8981858421603867,0.0067003006244842345,-0.0026682139057802776
2019-12-11 14:30:00,0.008036575676397154,0.008032496078697812,0.00802841648099847,0.008159195398684297,0.0031307417689855712,0.005028453629698726,-0.9015763352883795,0.008338261126190072,0.005647362128334314
2019-12-12 14:30:00,0.013280483868627997,0.01326892949769593,0.013257375126763862,0.02310874186413444,0.01685564321413343,0.00625309865000101,-0.9024539134073409,0.013713781657229696,0.017241223480300254
2019-12-13 14:30:00,-0.002840537231082998,-0.00286273909297215,-0.0028849409548613015,0.04440372377830367,0.0018669028087644106,0.04253682096953926,-0.9239965548641641,0.03470796116994579,-0.009926524575323762
2019-12-16 14:30:00,0.017246409491472048,0.017224807470560183,0.017203205449648318,0.04320404182372902,0.01635897800707716,0.02684506381665186,-0.9395788486386225,0.04597073121213924,0.005994607321685034
2019-12-17 14:30:00,0.004156649183864017,0.004128751324125487,0.004100853464386957,0.05579571947706015,0.013617904120294694,0.04217781535676546,-0.8989434331776359,0.047513131107918105,0.001241663139352996
2019-12-18 14:30:00,-0.0010082837240939974,-0.0010207049834489931,-0.0010331262428039886,0.024842518709991174,0.00875883286780384,0.016083685842187334,-0.8898030232296018,0.04056985521376488,-0.004571404085087309
2019-12-19 14:30:00,0.005016636691229163,0.005006158089517204,0.004995679487805245,0.0209572034239179,0.009704993109947399,0.011252210313970501,-0.8856652120187848,0.0334554561106114,0.004951858144260172
2019-12-20 14:30:00,0.007324448254768189,0.007318213346805331,0.007311978438842471,0.012469815925717609,0.010459048920458347,0.002010767005259262,-0.8854741779918732,0.0352751890889591,0.0013793039088183523
2019-12-23 14:30:00,-0.010575162863121029,-0.010593820680978574,-0.01061247849883612,0.03731563571509074,0.012573555908170405,0.024742079806920336,-0.8706778085244362,0.025329478749475776,-0.0024202914029038216
2019-12-24 14:30:00,-0.005299663307701069,-0.005328546968444381,-0.005357430629187694,0.05776732148662448,0.0006557623554031369,0.057111559131221346,-0.8345160623813235,0.0043796657613671686,-0.006471048222870516
2019-12-26 14:30:00,-0.001025634376088699,-0.0010716065263309948,-0.0011175786765732906,0.09194430048459168,0.016737141510185127,0.07520715897440655,-0.811989349986725,-0.048300780818440914,-0.002845850863833932
2019-12-27 14:30:00,-0.004230856583196681,-0.0042941692695412596,-0.004357481955885838,0.1266253726891576,0.006083708092673409,0.12054166459648419,-0.8429356261949135,-0.13789616920673664,-0.006609646289388167
2019-12-30 14:30:00,-0.0007976784604017302,-0.0008027505128292369,-0.0008078225652567437,0.010144104855013492,0.0011905484313904369,0.008953556423623055,-0.8454656224460172,-0.14431972937925597,0.00027941890161453653
2019-12-31 14:30:00,0.004651924033222711,0.004600499106290558,0.004549074179358404,0.10284985386430663,0.006683325520307666,0.09616652834399897,-0.9199206516047032,-0.16603122856456898,0.0007661381655620728
2020-01-02 14:30:00,-0.003653588204446068,-0.003666195127240417,-0.0036788020500347664,0.025213845588698658,0.017671611406631094,0.007542234182067564,-0.9188820075818591,-0.1725348187237925,0.004983716220415417
2020-01-03 14:30:00,-0.0013853175287398738,-0.0014445247672200323,-0.0015037320057001908,0.11841447696031693,0.011339622132080285,0.10707485482823664,-0.8998452526925862,-0.2605729186627562,-0.0008318361754280357
2020-01-06 14:30:00,-0.0023712353302156475,-0.0023840945892279032,-0.002396953848240159,0.025718518024511305,0.011977201918027536,0.01374131610648377,-0.9111753445804752,-0.26298414288135097,-0.004920595740679046
2020-01-07 14:30:00,-0.0025482151400937915,-0.002563538143450164,-0.0025788611468065357,0.030646006712744346,0.007411228494358638,0.02323477821838571,-0.9020403436913231,-0.2770839202105846,-0.0012411080091721354
2020-01-08 14:30:00,0.006905081098350033,0.006841669882513307,0.00677825866667658,0.12682243167345317,0.008396492381126682,0.11842593929232648,-0.8469308224972186,-0.34040033830880656,0.004743923231691187
2020-01-09 14:30:00,0.009782331891961418,0.009758039572371494,0.009733747252781571,0.0485846391798475,0.015503431263172478,0.033081207916675015,-0.8689587948538607,-0.32934710274877366,0.0022305492161199445
2020-01-10 14:30:00,-0.002867880181522689,-0.002890953810917976,-0.0029140274403132633,0.04614725879057421,0.0020042805412050133,0.04414297824936919,-0.8429600377533251,-0.3474913238976072,-0.004210262484140544
2020-01-13 14:30:00,0.005120191738700663,0.0051118127812389445,0.005103433823777226,0.01675791492343659,0.006072114995872235,0.010685799927564354,-0.8381723989710756,-0.3533894850429221,-0.00403290370264453
2020-01-14 14:30:00,-0.0030750039217740965,-0.003084532481186426,-0.003094061040598755,0.019057118824658804,0.010386803810745674,0.008670315013913132,-0.8405190278045594,-0.3470657988624928,-0.00417315898837282
2020-01-15 14:30:00,0.009580757094916967,0.009540034366407758,0.009499311637898546,0.08144545701842065,0.006085208347692217,0.07536024867072844,-0.8738769488445006,-0.3050634712317055,-0.0027820200841475184
2020-01-16 14:30:00,0.024371175999579435,0.024333451623680197,0.02429572724778096,0.07544875179847528,0.00607654803359566,0.06937220376487963,-0.8404012687213266,-0.3409599948734111,0.015874090801361113
2020-01-17 14:30:00,0.009302420114479425,0.009269422986989776,0.009236425859500129,0.06599425497929656,0.0131820820155919,0.05281217296370466,-0.8463177817921924,-0.2940643349805723,0.0019752757022026834
2020-01-21 14:30:00,-0.0001645245720505572,-0.00017149870685239708,-0.00017847284165423697,0.013948269603679786,0.006737033941919046,0.00721123566176074,-0.8398065523423707,-0.2933643287686333,-0.007706531837449737
2020-01-22 14:30:00,0.012102926093554508,0.012091225981146744,0.01207952586873898,0.02340022481552691,0.019231366153327063,0.004168858662199848,-0.8435621714723223,-0.292951089236385,0.008699305119099257
2020-01-23 14:30:00,0.014279417882907573,0.014268112016258772,0.014256806149609972,0.022611733297600613,0.005439025026750569,0.017172708270850046,-0.8325615235027652,-0.29912314953767805,0.005925732453830583
2020-01-24 14:30:00,-0.021590212923659556,-0.02161845333672961,-0.02164669374979966,0.056480826140105966,0.013329170996850714,0.04315165514325525,-0.803022900286185,-0.312736181464353,-0.02107845991628199
2020-01-27 14:30:00,-0.02922055582126877,-0.029288107262281756,-0.02935565870329474,0.13510288202597223,0.0016844431946697967,0.13341843883130244,-0.8581465069035583,-0.23444134925042392,-0.022244285138153946
2020-01-28 14:30:00,0.014304842676418569,0.014175203761471454,0.014045564846524342,0.25927782989422715,0.014270573264876314,0.24500725662935086,-0.9482368409842151,-0.07952442670172988,0.009189891396996516
2020-01-29 14:30:00,0.013979800189664712,0.013942819564832204,0.013905838939999696,0.07396124966501579,0.016017042644324093,0.057944207020691696,-0.9666072544272108,-0.03995063312403391,0.011373815490024178
2020-01-30 14:30:00,0.012469587747416072,0.012428218236445455,0.012386848725474837,0.08273902194123457,0.00927326890114329,0.07346575304009129,-0.9282984739421508,-0.07510760567906516,0.0035478468756404333
2020-01-31 14:30:00,-0.019987728777583764,-0.02004269098497517,-0.020097653192366574,0.10992441478280794,0.019327743360323318,0.09059667142248462,-0.8686602548965465,-0.10606605805594549,-0.014419170277471563
2020-02-03 14:30:00,0.010111485375738923,0.00995992160347531,0.009808357831211697,0.30312754452722535,0.06927208051016842,0.23385546401705692,-0.9893216243927133,0.007128036464944643,0.007063670916561311
2020-02-04 14:30:00,1.0621029673908017e-05,-2.7005116391225505e-05,-6.463126245635903e-05,0.07525229213026705,0.046174205769423736,0.029078086360843303,-0.9984634526718278,0.027064294546673473,0.010585848768777254
2020-02-05 14:30:00,0.015233892083038684,0.01518751159881393,0.015141131114589174,0.09276096844950994,0.016086325523777607,0.07667464292573234,-1.0526378182330314,0.049564571911202226,0.011095150823613528
2020-02-06 14:30:00,-0.013228104777635915,-0.01324210900440253,-0.013256113231169146,0.02800845353323215,0.017911538847932763,0.010096914685299385,-1.0571898219694091,0.05510948286012385,-0.013059790353014708
2020-02-07 14:30:00,0.0021191418145545954,0.002097617154874462,0.002076092495194329,0.0430493193602662,0.021368779015217353,0.02168054034504885,-1.054432886815598,0.036185877668886035,0.005334730842653827
2020-02-10 14:30:00,0.010256513770121304,0.010251737857292617,0.010246961944463931,0.009551825657371671,0.008031001905360435,0.0015208237520112355,-1.0552947428994952,0.035526910000771905,0.006685759039732675
2020-02-11 14:30:00,0.023448227882331973,0.02342626771759284,0.023404307552853703,0.043920329478270036,0.013555288527162665,0.03036504095110737,-1.0678940884246275,0.053292605426746964,0.019579898757996334
2020-02-12 14:30:00,0.006133084166638957,0.0061145981650006734,0.0060961121633623895,0.03697200327656772,0.00890473852004429,0.028067264756523436,-1.051352121727122,0.041767307367729045,0.0057791766412684424
2020-02-13 14:30:00,0.01045071835342992,0.010441992291172835,0.010433266228915751,0.01745212451416952,0.009586274468636432,0.007865850045533085,-1.056681208371893,0.04430407076849108,-0.0013723282516289552
2020-02-14 14:30:00,0.009668472996068036,0.009636971286431461,0.009605469576794885,0.06300341927315141,0.01021912412957467,0.05278429514357674,-1.0227598737222885,0.025441110274518897,0.0028661473994161155
2020-02-18 14:30:00,0.009663488101987057,0.009657525013228144,0.009651561924469233,0.011926177517824396,0.009724670261104759,0.002201507256719637,-1.0248904081346155,0.025370137430126283,0.0010826369376858065
2020-02-19 14:30:00,-0.026934173892938347,-0.02694646906239509,-0.026958764231851833,0.024590338913486498,0.013935940674365543,0.010654398239120955,-1.0272215410830179,0.03369340272084487,-0.015467502248474374
2020-02-20 14:30:00,0.007710742209810188,0.0075927707231885,0.007474799236566811,0.23594297324337662,0.007106518525111424,0.2288364547182652,-0.8903619285541242,-0.058283439468526654,0.0050814203917292815
2020-02-21 14:30:00,0.009091697908719689,0.009071321784868793,0.009050945661017896,0.040752247701792685,0.0137178069735923,0.027034440728200382,-0.8773860619443958,-0.07234201358699865,0.012100241610110177
2020-02-24 14:30:00,-0.035584903466259296,-0.03560797990895171,-0.03563105635164413,0.04615288538483272,0.009523159193517169,0.03662972619131555,-0.865783428097103,-0.09736910593102133,-0.021735845187733454
2020-02-25 14:30:00,-0.05256052319041944,-0.05265929475038462,-0.052758066310349794,0.19754311993035148,0.0020506279560775047,0.19549249197427399,-0.8896676143343263,0.07423919980602933,-0.0358923379123001
2020-02-26 14:30:00,-0.028013672413802496,-0.02814291453876073,-0.028272156663718958,0.25848424991646307,0.003588515608273224,0.25489573430818985,-0.7007717079528926,0.14023902773278546,-0.02018525489885803
2020-02-27 14:30:00,-0.029763530310099345,-0.029884231936971963,-0.030004933563844583,0.24140325374523652,0.0703578819032938,0.17104537184194274,-0.589761723411021,0.08020364043271433,-0.0072509850101863576
2020-02-28 14:30:00,-0.05069219643574911,-0.0509277608115909,-0.0511633251874327,0.47112875168358154,0.02411719686631601,0.4470115548172655,-0.2575075026257463,0.19496097446470517,-0.0419342025953083
2020-03-01 05:00:00,-0.07138094819130386,-0.07176988146114897,-0.07215881473099409,0.7778665396902303,0.07346897365135956,0.7043975660388708,0.38449187884977254,0.25735915902805717,-0.12856394897335757
2020-03-02 14:30:00,0.016532474361256017,0.01626586689606933,0.015999259430882644,0.5332149303733712,0.08077738732505384,0.4524375430483174,0.7939387385149701,0.300349842411177,0.19694652279739425
2020-03-03 14:30:00,0.01015252980513364,0.01010419287856334,0.010055855951993037,0.09667385314060312,0.019221162393694313,0.0774526907469088,0.8634212204845356,0.3083200511885203,-0.010356721970569804
2020-03-04 14:30:00,-0.0150667496511745,-0.015102608581957019,-0.01513846751273954,0.07171786156503807,0.010147429957524823,0.06157043160751324,0.8876872297109564,0.2710156288074278,0.046610891072822014
2020-03-05 14:30:00,-0.009265380524461558,-0.009280252511939657,-0.009295124499417756,0.029743974956197537,0.014533300979721239,0.015210673976476297,0.8748771334936587,0.2686150510482492,-0.03092153834095172
2020-03-06 14:30:00,-0.000586143008350427,-0.0006055206130972587,-0.0006248982178440905,0.038755209493663414,0.010052612303470838,0.02870259719019258,0.8640001886108655,0.28644070335564853,-0.012442316068810558
2020-03-09 13:30:00,-0.04567225129473472,-0.045683119212287696,-0.04569398712984068,0.02173583510595648,0.018783328652418642,0.00295250645353784,0.8651050840861784,0.2845930923774236,-0.11249297847216518
2020-03-10 13:30:00,0.019210689048922626,0.019103642118090177,0.018996595187257728,0.21409386166489883,0.02186630863007862,0.1922275530348202,0.8062959606799307,0.4180115220059961,0.04946810003261307
2020-03-11 13:30:00,-0.0005703106023058763,-0.0006461205572036933,-0.0007219305121015103,0.15161990979563394,0.020254103030141857,0.1313658067654921,0.7514815417082011,0.49456290979975864,-0.05989044580665526
2020-03-12 13:30:00,-0.00030510904910914516,-0.00033910700533888196,-0.0003731049615686188,0.06799591245947365,0.06063520067664877,0.00736071178282488,0.7549060668304922,0.49062672313922484,-0.12148935905735099
2020-03-13 13:30:00,0.013284565338510482,0.013267998794820705,0.01325143225113093,0.03313308737955115,0.031226716321400318,0.0019063710581508353,0.7543953671655573,0.4892310517460089,0.0958313110930759
2020-03-16 13:30:00,0.03694687408055049,0.036903340229091586,0.03685980637763268,0.08706770291780999,0.00974512483236182,0.07732257808544818,0.7258366718745007,0.5379949345404005,-0.10993688007820697
2020-03-17 13:30:00,-0.14758725393518862,-0.1476414208507018,-0.14769558776621503,0.10833383102638885,0.042709308710601225,0.06562452231578764,0.7285356290821048,0.4750693694322169,-0.018352455360232816
2020-03-18 13:30:00,-0.023792146533261373,-0.024186539960097782,-0.024580933386934192,0.7887868536728184,0.03738213346004089,0.7514047202127775,0.28320905540585906,0.7811475159687487,-0.059880153565838055
2020-03-19 13:30:00,0.07100463725698335,0.0709569766459825,0.07090931603498166,0.09532122200169264,0.07034146848340468,0.02497975351828796,0.2990959282267186,0.7720546352713202,0.05822993791782619
2020-03-20 13:30:00,-0.015603960172062746,-0.015861116782476644,-0.016118273392890542,0.5143132208277953,0.05089151484996131,0.46342170597783394,0.07130423498112304,1.0076846480035586,-0.06073679318364152
2020-03-23 13:30:00,-0.07781050129903856,-0.07784441405290242,-0.07787832680676628,0.06782550772770915,0.028936510217393886,0.03888899751031527,0.0933998106875551,0.9908912261996754,-0.08186115830818645
2020-03-24 13:30:00,0.08351555331085554,0.0833359507817207,0.08315634825258585,0.3592050582696972,0.05827484865316501,0.30093020961653216,0.24148592815923797,0.8380471340548261,0.17437177336086385
2020-03-25 13:30:00,0.049081011468666995,0.04899733902726292,0.04891366658585885,0.16734488280814674,0.05018078669028103,0.11716409611786571,0.3366986067189329,0.8160957164966554,0.05163107852725224
2020-03-26 13:30:00,-0.020324352194244444,-0.020400748934539303,-0.020477145674834163,0.1527934805897192,0.021773238300642372,0.13102024228907683,0.39945278999893963,0.7478296574875852,0.05310773392381907
2020-03-27 13:30:00,0.003423027383432878,0.0033783464606925197,0.0033336655379521615,0.08936184548071643,0.058602331277137175,0.030759514203579252,0.37918084655937534,0.7583172282516002,-0.020603769180687587
2020-03-30 13:30:00,-0.023872001165472743,-0.023897635709878462,-0.023923270254284184,0.05126908881144043,0.037811023814058986,0.013458064997381447,0.3849988080823581,0.7506771247772015,0.017676621250217628
2020-03-31 13:30:00,0.030411516968818362,0.030391709391928912,0.030371901815039463,0.03961515377889835,0.03141476480671368,0.008200388972184669,0.38382538517764786,0.7436501587097271,0.00857208748313687
2020-04-01 13:30:00,0.011474947824338146,0.011423273650996203,0.011371599477654261,0.10334834668388498,0.03044571552089964,0.07290263116298534,0.3474495698218668,0.7801769745169314,-0.04255498206833652
2020-04-02 13:30:00,-0.010026106930236239,-0.01004296695473472,-0.010059826979233202,0.03372004899696327,0.02589136482663449,0.007828684170328781,0.34101853446802133,0.7815746233334147,0.01650919539308811
2020-04-03 13:30:00,0.007194342010538025,0.007184620581866542,0.007174899153195059,0.0194428573429651,0.015794575206712423,0.0036482821362526785,0.3382610399788767,0.7824654109805227,-0.01600302919149103
2020-04-06 13:30:00,-0.02121931807286221,-0.021250073226051755,-0.021280828379241303,0.061510306379092314,0.048802507599321185,0.012707798779771129,0.33186239489415104,0.7887745646755682,0.060805086815657695
2020-04-07 13:30:00,-0.0005721768832877231,-0.0005906058628321062,-0.0006090348423764894,0.03685795908876625,0.022526069776630554,0.014331889312135693,0.33159968617542235,0.7747053840821612,-0.005048002718140136
2020-04-08 13:30:00,0.019178636023960166,0.01916584239874609,0.01915304877353201,0.025587250428153796,0.01754216121336749,0.008045089214786305,0.3285289958913271,0.7796797830128522,0.05362349407980993
2020-04-09 13:30:00,-0.00833151658287357,-0.008359151369250032,-0.008386786155626495,0.055269572752924434,0.016638517573154044,0.03863105517977039,0.3492228963518723,0.761742628293627,0.00924193856664135
2020-04-13 13:30:00,-0.034354450885668936,-0.034362416855581966,-0.034370382825495,0.01593193982606071,0.0005675674288594772,0.015364372397201231,0.3417870820376442,0.7696711863766001,-0.036883423991502094
2020-04-14 13:30:00,-0.01673886941970733,-0.016793670890703882,-0.016848472361700437,0.10960294199310402,0.016854170557410418,0.0927487714356936,0.3843798396993354,0.7195151726025978,0.025843675589964848
2020-04-15 13:30:00,-0.031013957689234484,-0.031034010790994864,-0.031054063892755248,0.040106203520763384,0.01857979869274151,0.021526404828021872,0.3917815446327913,0.7053904727080318,-0.05202855667088424
2020-04-16 13:30:00,-0.01309642666542596,-0.013117272294305989,-0.013138117923186017,0.04169125776005702,0.005082155575285204,0.03660910218477181,0.4110153527083116,0.6880151785987803,-0.00047676389841903405
2020-04-17 13:30:00,0.04808369842051017,0.04806581354068252,0.04804792866085486,0.03576975965530845,0.022639531551525392,0.01313022810378306,0.4163542739090642,0.6802238716957498,0.06801034070665597
2020-04-20 13:30:00,-0.00559238616855727,-0.005628898826607954,-0.005665411484658638,0.07302531610136848,0.012955904898932058,0.06006941120243642,0.4475811249620087,0.6513813115462579,-0.030240822336357165
2020-04-21 13:30:00,0.01768028635137331,0.017660482860042206,0.0176406793687111,0.0396069826622083,0.022152941418195904,0.017454041244012397,0.4556359378641524,0.6419820832043892,-0.013519039469436223
2020-04-22 13:30:00,-0.010031885503807871,-0.010059682765587403,-0.010087480027366934,0.0555945235590626,0.014399236623161412,0.04119528693590119,0.47176120015718825,0.6169120585615239,0.022028826968440256
2020-04-23 13:30:00,0.011553949739138923,0.011547644567533159,0.011541339395927394,0.012610343211528596,0.010258000551982782,0.002352342659545814,0.4716855971632892,0.6146353188958771,0.002321502390692287
2020-04-24 13:30:00,0.006737042829437703,0.006726268671314483,0.006715494513191262,0.021548316246440657,0.011449370941434722,0.010098945305005935,0.4666023638457033,0.6196510308832971,0.019407387750600025
2020-04-27 13:30:00,0.03211161222011666,0.032102944453566734,0.032094276687016816,0.01733553309984513,0.013142777140348432,0.004192755959496697,0.46514675116070253,0.622388174157793,0.04198294884889845
2020-04-28 13:30:00,0.03735930229722069,0.03733902155678089,0.037318740816341095,0.04056148087959573,0.034355125217274976,0.0062063556623207505,0.46913068089098703,0.6201657482257568,0.02742992499712164
2020-04-29 13:30:00,-0.0015378464134181095,-0.001581172994793757,-0.0016244995761694045,0.08665316275129491,0.030716708616335724,0.05593645413495918,0.49322841416568536,0.5883270273654959,0.014822098659248032
2020-04-30 13:30:00,-0.0022693511003814386,-0.0022799827547955185,-0.002290614409209598,0.021263308828159504,0.0126237985321274,0.008639510296032105,0.49694570769347357,0.583404810597252,-0.01395554073266921
2020-05-01 13:30:00,0.0067166481203354035,0.006715434325025382,0.00671422052971536,0.002427590620043607,0.00012680836286982355,0.0023007822571737835,0.49797895552727833,0.582137276173883,-0.02169259537267672
2020-05-04 13:30:00,-0.030541692062918874,-0.030550705138186186,-0.0305597182134535,0.018026150534627083,0.013504636631041844,0.004521513903585239,0.4957262804457825,0.5844061149959724,-0.02000312938017257
2020-05-05 13:30:00,-0.006504112534229097,-0.00651615855559153,-0.006528204576953961,0.024092042724864354,0.017309165461543746,0.006782877263320608,0.4975327966316364,0.5794297539185057,0.004130154572263993
2020-05-06 13:30:00,-0.009108758415830708,-0.009114761713097967,-0.009120765010365225,0.012006594534516505,0.01156823372674202,0.00043836080777448494,0.49747669007280004,0.5790474996695676,-0.022459529020369667
2020-05-07 13:30:00,-0.019969715216141208,-0.01998364322795148,-0.019997571239761747,0.02785602362053985,0.014836786557890669,0.01301923706264918,0.5035467278397466,0.572098300373865,-0.010582610377066537
2020-05-08 13:30:00,0.01946712029930704,0.019454554161792037,0.019441988024277036,0.025132275030003887,0.015475386043387458,0.00965688898661643,0.5071056759563691,0.5660003595038711,0.037449092157948595
2020-05-11 13:30:00,-0.03128472682389321,-0.03129699091059969,-0.03130925499730618,0.024528173412964017,0.014230440596235164,0.010297732816728855,0.5133026494723028,0.5618996002030758,-0.028455555711191
2020-05-12 13:30:00,-0.013506477068235236,-0.013525464051960657,-0.013544451035686078,0.03797396745084188,0.017593723808941274,0.02038024364190061,0.5220552086716889,0.5502719157605613,-0.02960199185315689
2020-05-13 13:30:00,-0.025445889207066766,-0.025462204776352693,-0.025478520345638616,0.032631138571851556,0.021340532444321252,0.0112906061275303,0.5177476464929087,0.5572549597093115,-0.03681042802428151
2020-05-14 13:30:00,0.015772272907586544,0.015747966471515502,0.015723660035444464,0.04861287214208091,0.022228718718139286,0.026384153423941625,0.506852808762008,0.5727442754023524,0.02771536099165302
2020-05-15 13:30:00,-0.0002475365457312458,-0.0002608372831409412,-0.00027413802055063655,0.02660147481939072,0.01710823888331318,0.009493235936077538,0.503495806999588,0.5788805095760099,-0.0031969176526368917
2020-05-18 13:30:00,0.03541900500867615,0.035399183830492724,0.0353793626523093,0.03964235636684782,0.006039869941974363,0.03360248642487346,0.4893912470770034,0.5983784360782988,0.06665784447411083
2020-05-19 13:30:00,-0.008835992662368479,-0.008851285730477068,-0.00886657879858566,0.030586136217180517,0.006958947184812528,0.02362718903236799,0.505205120909817,0.5905651208787444,-0.018638880711332833
2020-05-20 13:30:00,0.005775889111202744,0.005768281403739934,0.0057606736962771245,0.015215414925619878,0.0038846238565629996,0.011330791069056878,0.5097395210029888,0.5837687299028593,0.020248475341272314
2020-05-21 13:30:00,0.00965341202430485,0.009636132150948747,0.009618852277592642,0.034559746712207115,0.017627061467930066,0.016932685244277046,0.5023603857755342,0.5933222799196818,-0.0018825998907978276
2020-05-22 13:30:00,0.001529602934640677,0.0015024100775370744,0.0014752172204334718,0.0543857142072053,0.004274562429318858,0.05011115177788644,0.48873888461545717,0.6298119305374912,0.009128221732952099
2020-05-26 13:30:00,0.03069534007963386,0.030657000462565892,0.03061866084549792,0.0766792341359378,0.03655632508071016,0.04012290905522764,0.46922077052321126,0.6504167255004729,0.03201311141290197
2020-05-27 13:30:00,0.024728277239712583,0.024704680003700918,0.024681082767689252,0.04719447202332892,0.019532919904172424,0.027661552119156496,0.4615730224038376,0.6304029215006901,0.03368982333608058
2020-05-28 13:30:00,-0.010922112517523268,-0.01096312112617536,-0.01100412973482745,0.0820172173041823,0.03329612606085249,0.048721091243329795,0.43039744244117095,0.6128574102200269,0.000997869212597961
2020-05-29 13:30:00,-0.01646877441862437,-0.01649818797635416,-0.01652760153408395,0.05882711545958077,0.013865961685161706,0.04496115377441906,0.41138467137452334,0.6388057929277984,-0.003913576138522982
2020-06-01 04:00:00,0.0434622104622627,0.043384837674297204,0.0433074648863317,0.15474557593100163,0.14723298910475968,0.0075125868262419515,0.41459210129073454,0.6345006360177676,0.06398012694116217
2020-06-01 13:30:00,-0.008869798888837412,-0.009048263327235547,-0.00922672776563368,0.35692887679626906,0.1484171385033787,0.20851173829289038,0.3223904438479427,0.7508107168678662,-0.03133585495745176
2020-06-02 13:30:00,0.006370201348133712,0.006336309662508516,0.00630241797688332,0.06778337125039198,0.030507463830118892,0.03727590742027309,0.305907699308971,0.7716038797491676,0.013521191083599208
2020-06-03 13:30:00,0.016980513890782523,0.016945825681389942,0.01691113747199736,0.06937641878516254,0.01932906459925232,0.05004735418591022,0.31208289343934215,0.7277317196936285,0.024001856486128403
2020-06-04 13:30:00,0.017371801123267024,0.017347209314457747,0.01732261750564847,0.04918361761855339,0.03210390245926997,0.017079715159283415,0.31898933138140495,0.7175584424764079,0.006635520798860206
2020-06-05 13:30:00,0.015195708757896834,0.015187881775483244,0.015180054793069653,0.01565396482718114,0.004202641855140705,0.011451322972040434,0.31413422227207466,0.7109622286136977,0.03329555026319649
2020-06-08 13:30:00,0.012656830368341226,0.01262439770561777,0.012591965042894311,0.0648653254469149,0.028023707609559155,0.036841617837355733,0.3043496237421449,0.6839052093062717,0.026121081312629284
2020-06-09 13:30:00,-0.025552512527870865,-0.025586844354977177,-0.025621176182083486,0.06866365421262224,0.024533582461679394,0.044130071750942856,0.31416290982236517,0.6495884236355491,-0.027146559276258014
2020-06-10 13:30:00,-0.03197878334681068,-0.03200185938231255,-0.032024935417814426,0.04615207100374304,0.028520541853168067,0.017631529150574976,0.32589469630804146,0.6436886809706505,-0.026158920342553255
2020-06-11 13:30:00,-0.017269455203913806,-0.017390851244176633,-0.017512247284439463,0.24279208052565726,0.0028412108851829654,0.2399508696404743,0.4842182200376296,0.7253160268815366,-0.07211499108205544
2020-06-12 13:30:00,0.008737774934829707,0.008722884786274357,0.008707994637719006,0.02978029711069985,0.009388214130067407,0.020392082980632442,0.4779737150599641,0.7394636048845036,0.013396090790384507
2020-06-15 13:30:00,-0.00357837156336532,-0.0036705326737905986,-0.0037626937842158772,0.18432222085055705,0.018777673494211,0.16554454735634605,0.5738032751097955,0.6697486175779889,0.008482697004331796
2020-06-16 13:30:00,0.010941977103809524,0.010930926684679498,0.010919876265549472,0.022100838260052012,0.0067913982348151904,0.01530944002523682,0.5853802493797797,0.6734810833332414,0.02518312376450112
2020-06-17 13:30:00,-0.0030815390212268826,-0.003135214426898796,-0.0031888898325707097,0.10735081134382729,0.007833817800207865,0.09951699354361943,0.5220228111164058,0.7096406386134869,-0.0024149635086372356
2020-06-18 13:30:00,-0.01117111975684057,-0.01126692323829565,-0.011362726719750733,0.19160696291016335,0.010040138374938262,0.1815668245352251,0.42418028240330663,0.625916342791361,-0.009546996914852094
2020-06-19 13:30:00,0.013513348018332403,0.01346801744052109,0.013422686862709778,0.09066115562262433,0.0250484442051504,0.06561271141747393,0.39295610136870074,0.660304873174229,0.0023770327798635638
2020-06-22 13:30:00,-0.01907215714826048,-0.019098087673485954,-0.019124018198711425,0.051861050450945946,0.020413057650430368,0.03144799280051558,0.40909628736264325,0.6756126799808021,-0.006980181178361559
2020-06-23 13:30:00,-0.011983097333403634,-0.012000499331229885,-0.012017901329056136,0.034803995652500544,0.028317162735203755,0.006486832917296792,0.4064295329392459,0.6717926014869027,-0.010360124051304967
2020-06-24 13:30:00,-0.011881773283340107,-0.011905754851324824,-0.011929736419309543,0.047963135969436355,0.015094789592211777,0.03286834637722458,0.4238516182467559,0.6872388625566173,-0.0299168596299344
2020-06-25 13:30:00,0.018121913614401398,0.018097422657092084,0.01807293169978277,0.04898191461862785,0.006936780232935499,0.04204513438569235,0.4542806170436282,0.6988549981454373,0.019143189115508424
2020-06-26 13:30:00,0.006423951371226255,0.006393860199810098,0.00636376902839394,0.060182342832315605,0.023607816245361124,0.03657452658695448,0.4651118846722968,0.7245982571037232,-0.01560789469715862
2020-06-29 13:30:00,0.004050553550675493,0.004038295468185897,0.004026037385696302,0.0245161649791917,0.01279282656248156,0.011723338416710138,0.473897876684639,0.7216609106993552,0.020853152208039
2020-06-30 13:30:00,-0.014641670625034854,-0.014654297574825201,-0.014666924524615547,0.02525389958069254,0.007819988577965805,0.017433911002726732,0.48644889441030803,0.7265438039764129,0.0014167969898577122
2020-07-01 13:30:00,-0.021794934810254882,-0.021875680189608115,-0.02195642556896135,0.16149075870646595,0.033252210233045754,0.1282385484734202,0.549429772166298,0.7918014746938432,0.00029885950618232143
2020-07-02 13:30:00,0.0004930154435154139,0.00047767598528659704,0.00046233652705778016,0.030678916457633765,0.012453889078269498,0.018225027379364267,0.5353861528681709,0.787620066612606,0.007229204880977225
2020-07-06 13:30:00,-0.005154291896299496,-0.005166880183261181,-0.005179468470222867,0.025176573923371214,0.004870892529919976,0.020305681393451236,0.5193847824123413,0.7833157556749843,0.007734048520826968
2020-07-07 13:30:00,-0.007549576340064134,-0.00757177119587515,-0.007593966051686166,0.04438971162203283,0.002019297776245617,0.042370413845787214,0.5518098635257498,0.7733704229426056,-0.015096210506895988
2020-07-08 13:30:00,-0.014934784006844974,-0.014976079569561145,-0.015017375132277315,0.08259112543234157,0.030473800528758553,0.05211732490358301,0.5158960751469766,0.7895739594674154,8.462265492229874e-05
2020-07-09 13:30:00,-0.02641087366132419,-0.02644261804891762,-0.026474362436511047,0.06348877518685636,0.0071873676961646815,0.05630140749069168,0.5366725815551288,0.8250988605499548,-0.026651686287537224
2020-07-10 13:30:00,-0.008517741035908497,-0.008545224034128038,-0.008572707032347578,0.054965996439080476,0.013574849360414495,0.04139114707866598,0.5177471478285192,0.8026331471978985,0.006732802325714234
2020-07-13 13:30:00,0.028857624246434996,0.028848485836797635,0.028839347427160277,0.018276819274719802,0.0012238882122261874,0.017052931062493615,0.5104377289867332,0.8123766594186062,0.012676927079443345
2020-07-14 13:30:00,0.013207897574750646,0.013147250111894736,0.013086602649038825,0.12129492571182135,0.01867453172088126,0.10262039399094008,0.4497835455519669,0.7704104488624324,0.022860975863416916
2020-07-15 13:30:00,0.02684433647759032,0.026832968797663784,0.026821601117737244,0.02273535985307671,0.020912363157066162,0.0018229966960105481,0.4485164289153536,0.7698545688030352,0.026644022746082612
2020-07-16 13:30:00,0.0020642255029480923,0.002034470424068051,0.00200471534518801,0.05951015776008217,0.002800148700051297,0.056710009060030875,0.46118989187613224,0.8138911149022874,0.0023814470073357796
2020-07-17 13:30:00,-0.00032167903897984025,-0.00034539196877045363,-0.000369104898561067,0.04742585958122677,0.0011150432822140859,0.04631081629901268,0.48608651052973306,0.8353053125476992,0.011625198447454169
2020-07-20 13:30:00,-0.035740194572029454,-0.035751903269535396,-0.035763611967041344,0.023417395011887145,0.00856588291276487,0.014851512099122277,0.49655390710329805,0.8396894280732565,-0.01843261176381798
2020-07-21 13:30:00,0.01532481971171658,0.015290445077237617,0.015256070442758654,0.06874926895792506,0.003058887630566905,0.06569038132735816,0.5166360071473459,0.7940811467899462,0.009397666730927826
2020-07-22 13:30:00,-0.0018740615389900867,-0.001893588904410477,-0.0019131162698308671,0.03905473084078052,0.005944704376553848,0.03311002646422667,0.5030715101156498,0.7745356173574157,0.008608289654632303
2020-07-23 13:30:00,0.015913849532413257,0.01588108547080909,0.015848321409204922,0.06552812320833472,0.013427587016285695,0.05210053619204902,0.49978145602579926,0.8233460994596142,-0.005014947122878495
2020-07-24 13:30:00,0.0017374436096245643,0.0017250986391781269,0.0017127536687316894,0.02468994089287487,0.006875140065311054,0.017814800827563815,0.4951785238677934,0.8101342307900563,-0.009219586793979903
2020-07-27 13:30:00,-0.011409754937353809,-0.011428674811738022,-0.011447594686122237,0.037839748768428695,0.03305740075101419,0.004782348017414506,0.49260590123387116,0.807924505406564,-0.002959286119820289
2020-07-28 13:30:00,-0.008564593778326258,-0.008600671038756705,-0.008636748299187152,0.07215452086089313,0.02441363829851173,0.047740882562381404,0.5206657273509439,0.8276055618518727,-0.011226813123374701
2020-07-29 13:30:00,0.01805244545682133,0.0180337493306997,0.018015053204578066,0.03739225224326507,0.007741646027684382,0.029650606215580688,0.5284716091875925,0.8494502862308048,0.030291320509504855
2020-07-30 13:30:00,-0.022458629416771035,-0.022476553648063082,-0.02249447787935513,0.0358484625840955,0.014230490063318594,0.021617972520776907,0.536407232426279,0.8631326355128952,-0.017939962244107138
2020-07-31 13:30:00,-0.024629194887681758,-0.024641192217412077,-0.024653189547142396,0.023994659460638168,0.005658038002592347,0.01833662145804582,0.5210897786805575,0.8601134678005709,-0.00842196107702875
2020-08-03 13:30:00,0.012419020284839679,0.012371782958164169,0.01232454563148866,0.09447465335101957,0.08582824619257323,0.008646407158446334,0.5232198505668337,0.8535971325284007,0.01827180902828851
2020-08-04 13:30:00,-0.0066919774080497745,-0.006711437322027316,-0.006730897236004858,0.03891982795508275,0.006112747341788016,0.03280708061329474,0.4961054310185322,0.8479044714634075,0.001896955897199848
2020-08-05 13:30:00,0.01117799991186437,0.011150623988260099,0.011123248064655826,0.054751847208542835,0.033753073991761605,0.02099877321678123,0.4834645801767873,0.8562623938384438,0.007100494415957244
2020-08-06 13:30:00,0.017738583678918212,0.017709448530920054,0.017680313382921895,0.0582702959963155,0.030302979220218296,0.027967316776097206,0.4680609405456675,0.8436987166934664,0.03164184018819727
2020-08-07 13:30:00,0.013719915328726798,0.013703614070896784,0.013687312813066769,0.03260251566002936,0.008662892771393427,0.023939622888635936,0.45708786142081415,0.8307321729296838,0.012380015086975504
2020-08-10 13:30:00,0.028970459053618912,0.02895393322956879,0.028937407405518666,0.033051648100245266,0.014349032259542168,0.018702615840703096,0.4595622622025364,0.814503957870703,0.025340445160230745
2020-08-11 13:30:00,0.03910991573120966,0.03908363880477782,0.03905736187834598,0.0525538528636786,0.030330342284693296,0.022223510578985306,0.45054901479846654,0.8012936946957875,0.014183831189790904
2020-08-12 13:30:00,-0.01540677532249815,-0.015539216213971887,-0.015671657105445623,0.26488178294747344,0.01721503886325526,0.24766674408421818,0.3034515946761349,0.7007243707339009,0.006607552834557495
2020-08-13 13:30:00,-0.007743048000265305,-0.007777544890133777,-0.007812041780002249,0.06899377973694427,0.005236540403694664,0.06375723933324962,0.2698060768193795,0.6706126492574067,-0.006655764553788838
2020-08-14 13:30:00,0.001532295595016508,0.0015280156046732446,0.001523735614329981,0.008559980686526933,0.005256763534262373,0.0033032171522645593,0.2702338513643303,0.667737206650093,-0.0016033486023329842
2020-08-17 13:30:00,0.0068572302202581144,0.00684416140309988,0.006831092585941647,0.02613763431646728,0.014215975123212116,0.011921659193255163,0.2760658984010853,0.6738268188065931,0.014314985851463366
2020-08-18 13:30:00,0.004750090197456959,0.0047327560971837865,0.004715421996910614,0.034668200546344854,0.03079883702448934,0.003869363521855518,0.27430932229406424,0.6759396062214276,0.010028066909550085
2020-08-19 13:30:00,-0.005384049325610172,-0.005398132207929816,-0.0054122150902494595,0.028165764639288177,0.009565922942409617,0.01859984169687856,0.26533665971155773,0.6855667853357996,-0.010791709932245245
2020-08-20 13:30:00,-0.016727684438177196,-0.016741029629734668,-0.01675437482129214,0.026690383114944243,0.007856073066252505,0.018834310048691738,0.24915410763374513,0.6829150273649205,-0.009460783269826281
2020-08-21 13:30:00,-0.0078058447996082175,-0.007826453085647112,-0.007847061371686006,0.04121657207778806,0.013933615996509108,0.027282956081278953,0.2687003307442871,0.6751782943941835,-0.002673905360496054
2020-08-24 13:30:00,0.013240972094028637,0.013226493991481406,0.013212015888934175,0.028956205094461618,0.009482549773059512,0.019473655321402106,0.27799463787579304,0.6853576425840797,0.019953348134712057
2020-08-25 13:30:00,-0.0019768820139304073,-0.0021047615308729993,-0.0022326410478155914,0.2557590338851841,0.0069038256898832,0.24885520819530094,0.39786912087184867,0.5563769173848344,-0.0013860788758543279
2020-08-26 13:30:00,-0.007139556987537976,-0.007347392336064707,-0.0075552276845914385,0.41567069705346227,0.01376467908800505,0.4019060179654572,0.6108424498957661,0.3674442284432946,-0.006089256169479973
2020-08-27 13:30:00,0.0013293905192051953,0.0013081040673214128,0.00128681761543763,0.04257290376756517,0.015878759902231754,0.02669414386533342,0.6207293256073696,0.3506369602895647,0.0022452933145763465
2020-08-28 13:30:00,0.0071379717125278595,0.007125607659757672,0.007113243606987485,0.02472810554037515,0.0032336008352441175,0.021494504705131035,0.6023870204825899,0.353789159869916,0.010675688882861781
2020-08-31 13:30:00,-0.011526938221658898,-0.011552974440342114,-0.01157901065902533,0.052072437366431,0.006964233617920793,0.04510820374851021,0.6366244356081667,0.36465994849284933,-0.0066575743701681915
2020-09-01 04:00:00,0.08452447733221795,0.08443945360016294,0.08435442986810793,0.1700474641100195,0.12287572378873649,0.04717174032128302,0.6145500563991253,0.33956258738060774,0.0715477633778961
2020-09-01 13:30:00,-0.038540910975716214,-0.038843241487484095,-0.03914557199925197,0.6046610235357589,0.09496404349518761,0.5096969800405713,0.7661949071267656,-0.018489541932323217,-0.05690595003758547
2020-09-02 13:30:00,-0.0031575320922305403,-0.00326891186039957,-0.0033802916285685996,0.22275953633805934,0.007055504409288149,0.2157040319287712,0.834344554505728,-0.16604392648213206,0.021196367989646525
2020-09-03 13:30:00,-0.030626516741208937,-0.030647988488251943,-0.03066946023529495,0.04294349408601324,0.003634255901856582,0.03930923818415666,0.802588878744306,-0.15849036405939743,-0.03162834059969307
2020-09-04 13:30:00,-0.004187111819461984,-0.004328679628332035,-0.004470247437202086,0.28313561774010226,0.022998821714825222,0.26013679602527706,0.5986965109548295,-0.21473479229519798,-0.0047345075669231
2020-09-08 13:30:00,-0.02450216548779649,-0.02451228163128961,-0.024522397774782736,0.020232286986244907,0.005820289701332304,0.014411997284912603,0.6093703799287848,-0.21099666398424077,-0.017747922668153837
2020-09-09 13:30:00,0.019334292992458812,0.01928971979069535,0.019245146588931887,0.08914640352692521,0.008742022331210464,0.08040438119571475,0.6315036049572831,-0.15272550781702426,0.023190869448066254
2020-09-10 13:30:00,-0.009681472023715885,-0.009692842080440085,-0.009704212137164284,0.022740113448398748,0.00266038751912682,0.02007972592927193,0.6461016686684496,-0.1472438455989189,-0.01787075026248756
2020-09-11 13:30:00,0.012823640548625063,0.012802650813536992,0.01278166107844892,0.04197947017614123,0.007855677298844732,0.0341237928772965,0.6691139275863041,-0.1361323116394768,0.015361829867728272
2020-09-14 13:30:00,0.006358057803595359,0.0063518907973814705,0.006345723791167581,0.012334012427777392,0.006716632023833287,0.0056173804039441055,0.6712890111760104,-0.1395746084537146,0.013154184467906912
2020-09-15 13:30:00,-0.011352215254115401,-0.011394346787484163,-0.011436478320852926,0.08426306673752386,0.008517659677253969,0.07574540706026989,0.7426698965679445,-0.13521008678537882,-0.008295854082927509
2020-09-16 13:30:00,0.01062271909554083,0.010617721492790876,0.010612723890040922,0.009995205499908361,0.0028844126497605442,0.007110792850147818,0.749107520934515,-0.13588325526895606,0.011793079668831844
2020-09-17 13:30:00,0.00023645369785558513,0.00022311099697062473,0.00020976829608566433,0.02668540176992081,0.014118541029617477,0.012566860740303332,0.741392630195266,-0.14073522527001037,-0.0036137551708498674
2020-09-18 13:30:00,-0.0021472920252304066,-0.002177706986427395,-0.0022081219476243826,0.06082992239397611,0.003221616307014896,0.057608306086961214,0.7080003903095601,-0.16495129147126564,-0.012521461803853162
2020-09-21 13:30:00,-0.03551390642447142,-0.03555849589904758,-0.03560308537362374,0.0891789491523245,0.02852096444565566,0.06065798470666883,0.762574728308812,-0.17103493817868254,-0.040668737993735715
2020-09-22 13:30:00,0.009741266170179954,0.009719330163512414,0.009697394156844872,0.04387201333508113,0.015039451444572933,0.0288325618905082,0.7761531310338649,-0.1862890973441379,0.011126325089391783
2020-09-23 13:30:00,0.015063115380791376,0.015049596859779569,0.015036078338767762,0.027037042023613678,0.015267922179322047,0.011769119844291631,0.7672686626792935,-0.18340444585441762,0.00889366089127297
2020-09-24 13:30:00,-0.0030551347033546143,-0.0030775704486013366,-0.0031000061938480585,0.04487149049344419,0.004470087058507044,0.040401403434937144,0.7427427476074578,-0.1992799342175191,0.00433740330639365
2020-09-25 13:30:00,-0.005152610697689368,-0.005178659399343431,-0.005204708100997495,0.052097403308126365,0.0023523361228823996,0.04974506718524396,0.7864868756961015,-0.19327899512091884,0.0032873893393687106
2020-09-28 13:30:00,0.016993812005423284,0.01697377165162972,0.016953731297836158,0.040080707587124786,0.01702377995568405,0.023056927631440738,0.7703954487166754,-0.20024449577293346,0.014802775761498355
2020-09-29 13:30:00,0.004999149494175877,0.004963674444472132,0.004928199394768388,0.07095009940748864,0.025499163192591934,0.04545093621489671,0.807781944289982,-0.20830893641452364,0.005664109284886476
2020-09-30 13:30:00,0.004085242817566172,0.004073871910972565,0.004062501004378959,0.02274181318721369,0.007996595473851897,0.014745217713361791,0.7984069954500747,-0.21367920528797812,0.009812139626995231
2020-10-01 13:30:00,-0.022247162049388487,-0.022296036285361982,-0.02234491052133548,0.09774847194699288,0.08600787335326132,0.011740598593731555,0.8069155785453159,-0.21044718978948784,-0.017434058466380315
2020-10-02 13:30:00,0.003939468501273757,0.003899122895785783,0.003858777290297809,0.08069121097594771,0.013306729922543706,0.067384481053404,0.7466003789464737,-0.2175164712440496,0.018896183243646652
2020-10-05 13:30:00,0.00986399347306667,0.009840378253133983,0.009816763033201293,0.0472304398653773,0.024859303206782164,0.022371136658595137,0.7689434928996906,-0.21754449394942788,0.014853793357539521
2020-10-06 13:30:00,-0.010692281562533944,-0.010705720214554851,-0.010719158866575759,0.026877304041813765,0.00823952544294404,0.018637778598869725,0.77869926869868,-0.2086624911495476,-0.0003786580495818148
2020-10-07 13:30:00,0.014189498456252746,0.014160466766534697,0.01413143507681665,0.05806337943609595,0.021984898849071326,0.03607848058702462,0.7497118681919201,-0.20157141106928284,0.015299556507963033
2020-10-08 13:30:00,0.000572101771659601,0.0005503191333956206,0.0005285364951316401,0.0435652765279609,0.011518282282256005,0.032046994245704896,0.7761514969889878,-0.19596404562064557,0.01372013576859558
2020-10-09 13:30:00,-0.0006532775395999934,-0.0006678967607510786,-0.0006825159819021638,0.029238442302170375,0.012030809354812932,0.017207632947357443,0.7893282377669133,-0.1999949377900775,-0.0038336329633229527
2020-10-12 13:30:00,0.015284765825588697,0.0152603279421009,0.015235890058613102,0.04887576697559518,0.021455972452692963,0.02741979452290222,0.8143330376657609,-0.20240993241413208,0.01416772260998663
2020-10-13 13:30:00,-0.001014717144735851,-0.0010300674221167517,-0.0010454176994976524,0.030700554761801446,0.00921898808060595,0.021481566681195496,0.8110022069396268,-0.18425919645907074,-0.006594543316378876
2020-10-14 13:30:00,0.017301998875545288,0.017288680184531443,0.017275361493517594,0.026637382027692946,0.022679428270052426,0.00395795375764052,0.8142755724552097,-0.1835746082170131,0.01780845086967031
2020-10-15 13:30:00,0.0071684492158666695,0.00715524401082458,0.007142038805782489,0.02641041008418014,0.012304329819775178,0.014106080264404963,0.8227063367015217,-0.189249924235106,0.007919099930673043
2020-10-16 13:30:00,-0.003635867076107249,-0.003649491387767528,-0.0036631156994278075,0.027248623320558364,0.008043068066902507,0.01920555525365586,0.8256825584397258,-0.20547925775055775,0.0063572608718949946
2020-10-19 13:30:00,-0.004908455034166231,-0.004921879344750032,-0.004935303655333833,0.02684862116760108,0.006892132522261026,0.019956488645340054,0.8067340852238373,-0.20648727318000926,-0.008344141887488296
2020-10-20 13:30:00,0.00676061389192463,0.006743733085033069,0.006726852278141508,0.03376161378312137,0.007280597344244688,0.02648101643887668,0.8325621828450702,-0.207140191997653,0.011300830803449013
2020-10-21 13:30:00,-0.007131419340569164,-0.007184202499733606,-0.007236985658898049,0.10556631832888448,0.0139599652240537,0.09160635310483078,0.9027910928815661,-0.22851763506598788,-0.009358748641787132
2020-10-22 13:30:00,-0.008086669215398083,-0.008099552564762968,-0.008112435914127854,0.025766698729771664,0.011909629288663126,0.013857069441108538,0.8969985511415876,-0.23658216276711785,0.0046010490888585
2020-10-23 13:30:00,0.007933205662701306,0.007912655875690853,0.0078921060886804,0.041099574020907026,0.01054382875883575,0.030555745262071277,0.8716236269148474,-0.23140134173178672,0.009906921510467459
2020-10-26 13:30:00,-0.019704883122080838,-0.019711119704266727,-0.019717356286452617,0.012473164371778811,0.006734142305585666,0.005739022066193145,0.8717260177829508,-0.22576471053369696,-0.01658865186897207
2020-10-27 13:30:00,-0.017062468084716155,-0.017100327361768513,-0.017138186638820867,0.075718554104714,0.014475983846002719,0.06124257025871127,0.9290924785852889,-0.22964081999007013,-0.019573156815923493
2020-10-28 13:30:00,-0.010470647949034274,-0.010499785087580297,-0.010528922226126317,0.05827427709204284,0.030744027057680014,0.027530250034362824,0.9509044078155733,-0.23535914079414855,-0.028933822801607428
2020-10-29 13:30:00,0.016976091109631754,0.01692365073460811,0.016871210359584467,0.10488075004728686,0.01635331025285569,0.08852743979443117,1.0325053254948364,-0.22843261867898051,0.015776628641496537
2020-10-30 13:30:00,0.0016917213146007918,0.0016822077806343842,0.0016726942466679764,0.01902706793281539,0.003752566667173496,0.015274501265641893,1.0187131892876717,-0.22991498373745772,-0.0020220178560151902
2020-11-02 14:30:00,0.01750087152898291,0.017477016847194573,0.017453162165406235,0.04770936357667488,0.011332521673225737,0.03637684190344914,1.0470127673738805,-0.2379922475546981,0.03996551733814813
2020-11-03 14:30:00,0.017048021709951854,0.017014995132250275,0.016981968554548695,0.0660531554031587,0.01562683418621469,0.050426321216944014,1.0958892300310699,-0.23954210611445276,0.028719840668349983
2020-11-04 14:30:00,-0.007826902290397453,-0.007912974995960097,-0.007999047701522741,0.17214541112528936,0.033330243606513196,0.13881516751877615,1.2180962047153132,-0.22293391327991996,-0.03604901536577546
2020-11-05 14:30:00,0.017725099891154096,0.017692192329364205,0.017659284767574314,0.06581512357978223,0.02127630649003328,0.04453881708974894,1.2521133367706585,-0.2334555983143236,0.022842856491061585
2020-11-06 14:30:00,0.0024830561638412626,0.002464834584864485,0.0024466130058877072,0.03644315795355513,0.01200441680795894,0.024438741145596188,1.2636775285825776,-0.22058104898064657,-0.0004347115398805057
2020-11-09 14:30:00,-0.0036608243261623714,-0.0036754779727493753,-0.0036901316193363796,0.029307293174008188,0.018808928914483637,0.01049836425952455,1.2739747396721897,-0.2207822021505591,0.024490879564083617
2020-11-10 14:30:00,0.009639301056578425,0.00961884959417523,0.009598398131772035,0.040902924806389504,0.03523147487413107,0.005671449932258432,1.2708553647654324,-0.22333427717606025,0.03192876877261116
2020-11-11 14:30:00,-0.006043954954810349,-0.006076760079400615,-0.0061095652039908814,0.06561024918053288,0.02082494587103756,0.04478530330949532,1.3030059182713174,-0.23596902697967054,-0.006406107239981584
2020-11-12 14:30:00,0.004871264664019605,0.004857214002002527,0.004843163339985448,0.02810132403415679,0.01619473406446466,0.011906589969692127,1.2974131015054764,-0.24228280018352166,-0.014864331127333244
2020-11-13 14:30:00,0.01416529136034336,0.014155273053795301,0.014145254747247244,0.020036613096115465,0.014907252354663317,0.005129360741452149,1.294912874635008,-0.24491193405450545,0.02487891586548489
2020-11-16 14:30:00,0.0006792851643321902,0.0006640996904074037,0.0006489142164826171,0.030370947849573043,0.014601255731589918,0.015769692117983125,1.3074091778229817,-0.241638545124496,0.012048126957729574
2020-11-17 14:30:00,0.0033460037277486428,0.003337071779943946,0.003328139832139249,0.017863895609393853,0.009219749963160736,0.008644145646233115,1.299813596237544,-0.2426871091852913,-0.021389975232309084
2020-11-18 14:30:00,0.014460991386080639,0.01443975198130189,0.014418512576523138,0.042478809557500496,0.027379416458234607,0.01509939309926589,1.3108181834995414,-0.2467819150225597,-0.00935076064477569
2020-11-19 14:30:00,0.020444898341994235,0.020428606383803657,0.02041231442561308,0.0325839163811544,0.010290648773263541,0.022293267607890854,1.3000837445823896,-0.2583407437132988,0.005456988527656377
2020-11-20 14:30:00,-0.016434221330866076,-0.016455955783259226,-0.016477690235652372,0.04346890478629638,0.008420050868300593,0.03504885391799578,1.2721950733903429,-0.25118056098734975,-0.014515535333692134
2020-11-23 14:30:00,0.02482310116297725,0.024818874827272772,0.024814648491568295,0.008452671408956927,0.005338099951971801,0.003114571456985127,1.2725928760900362,-0.248463792230058,0.02501458505601158
2020-11-24 14:30:00,0.02083188834238308,0.02082322223461174,0.020814556126840397,0.017332215542683015,0.012112507233785394,0.005219708308897619,1.2700181748897335,-0.24581878512146316,0.030967681800870766
2020-11-25 14:30:00,-0.007922297850638745,-0.00801764649771003,-0.008112995144781313,0.19069729414256875,0.010744740638692463,0.1799525535038763,1.199906233247522,-0.13597817325979822,-0.005582303288610868
2020-11-27 14:30:00,0.013288072602973232,0.013166006586746272,0.013043940570519313,0.24413203245391846,0.004784708048918951,0.2393473244049995,1.0679416913176698,-0.02859539078465101,0.0024114897953290138
2020-11-30 14:30:00,-0.009314312452785394,-0.009342279997422334,-0.009370247542059272,0.055935089273878656,0.02122881297694771,0.034706276296930946,1.0990562887757442,-0.025003711945794496,-0.025223460711858953
2020-12-01 05:00:00,0.060919820032808804,0.0608671274435906,0.0608144348543724,0.10538517843640402,0.011618238888447742,0.09376693954795627,1.1251117629119174,-0.09271517735757762,0.06335494451248176
2020-12-01 14:30:00,-0.05043960923799508,-0.05054835824214781,-0.05065710724630055,0.2174980083054688,0.021972639543664203,0.1955253687618046,1.0746683255404892,0.05236675403279878,-0.05139523443032453
2020-12-02 14:30:00,-0.016894542106400418,-0.01696857180378142,-0.017042601501162425,0.1480593947620054,0.014733495331342533,0.13332589943066286,1.021912117215622,0.13293644513859448,-0.009941244351659143
2020-12-03 14:30:00,0.006184470657918235,0.006166096373548922,0.006147722089179609,0.036748568738626086,0.01568318227213572,0.021065386466490366,1.0024602317886508,0.1313229440990753,-0.004016062102045526
2020-12-04 14:30:00,0.02865424757349687,0.02864894623343528,0.028643644893373694,0.01060268012317663,0.001346912432640032,0.009255767690536598,0.9952193774009342,0.1333378574018953,0.01925155920681639
2020-12-07 14:30:00,-0.009587636568148258,-0.009631177130116828,-0.009674717692085399,0.08708112393714111,0.014468787220867124,0.07261233671627398,0.9419199399098168,0.15265075662705185,-0.0034408283907803408
2020-12-08 14:30:00,0.004309020706745316,0.004306593207810228,0.00430416570887514,0.004854997870175441,0.0030344698619636885,0.0018205280082117525,0.9414412336052875,0.15399257833073432,0.0019801659832119714
2020-12-09 14:30:00,0.012922150158978563,0.012906450308580451,0.012890750458182339,0.031399700796224714,0.01159235470528534,0.01980734609093937,0.9498094904630991,0.16543166756386207,0.007506793061697732
2020-12-10 14:30:00,-0.007276950557035594,-0.007284041121688876,-0.007291131686342157,0.014181129306563234,0.011752578285151749,0.0024285510214114847,0.950705303454031,0.16389892953338248,-0.011489393308254603
2020-12-11 14:30:00,-0.013738669287562788,-0.01375432723418942,-0.01376998518081605,0.03131589325326249,0.016461049235017605,0.014854844018244884,0.9641118830413512,0.1653471939643072,-0.012553265685702067
2020-12-14 14:30:00,-0.02032873934683885,-0.02034980526758125,-0.02037087118832365,0.04213184148479898,0.025303058824670766,0.016828782660128216,0.9745384577154399,0.17174940195034671,-0.024093479458945688
2020-12-15 14:30:00,-0.000756814694949412,-0.0007722145279854301,-0.0007876143610214483,0.03079966607203625,0.009225990532584364,0.021573675539451886,0.9558539158255231,0.16886026830081158,0.01988134871919593
2020-12-16 14:30:00,-0.0041958813341262564,-0.004202359289965839,-0.004208837245805421,0.012955911679164617,0.006333157267267205,0.0066227544118974135,0.9498297299575055,0.16826169975693184,-0.01425206461351162
2020-12-17 14:30:00,-0.009158899099333026,-0.009216475564891004,-0.009274052030448983,0.11515293111595719,0.00734663041801146,0.10780630069794572,1.012077684887113,0.21382004552527012,-0.0009499010013518013
2020-12-18 14:30:00,0.0038976083391628813,0.0038876808622889175,0.0038777533854149537,0.01985495374792775,0.012340559025318684,0.0075143947226090635,1.0175657357093706,0.21179370162491873,-0.005488330471698795
2020-12-21 14:30:00,0.015460428437992255,0.015430203089736992,0.015399977741481727,0.060450696510527514,0.007399193074928127,0.05305150343559939,1.0509688619156865,0.2314420788542022,0.002300300551179172
2020-12-22 14:30:00,0.013844535427783569,0.01381737026428271,0.013790205100781848,0.054330327001720066,0.020020897692536604,0.03430942930918346,1.0243553704952895,0.22374614096541579,0.012438842152110738
2020-12-23 14:30:00,0.01867748994554418,0.018667057725812893,0.01865662550608161,0.020864439462569846,0.012007737566733196,0.00885670189583665,1.0191626878982607,0.22741016026422367,0.015523791155536667
2020-12-24 14:30:00,-0.00028348407699024455,-0.0002908919687962393,-0.00029829986060223403,0.014815783611989469,0.006192719908748738,0.00862306370324073,1.0173211921097005,0.22062859234954313,0.007887311788007537
2020-12-28 14:30:00,-0.0018486289289201532,-0.0018883814768191883,-0.0019281340247182233,0.07950509579807005,0.016631119849296515,0.06287397594877353,1.055013506178841,0.24581025422917613,0.005282482254605629
2020-12-29 14:30:00,-0.0059223404971209355,-0.0059535851562307635,-0.005984829815340592,0.06248931821965642,0.005661096348361316,0.056828221871295104,1.0243498427345068,0.271974812656137,-0.005845275792968008
2020-12-30 14:30:00,0.013776605474625194,0.013762669332611981,0.013748733190598768,0.027872284026425387,0.01222105252371053,0.015651231502714857,1.0331516939181522,0.27882419297520644,0.018995692040219447
2020-12-31 14:30:00,-0.006741331305683279,-0.006760710353913362,-0.006780089402143444,0.038758096460165335,0.0034668021643005824,0.03529129429586475,1.05458688277822,0.2649680875394096,0.009615169562609585
2021-01-04 14:30:00,0.0003388588966753668,0.00032582367358017806,0.00031278845048498936,0.02607044619037746,0.004028369449760927,0.022042076740616534,1.0330990540122311,0.26552233551403714,-0.02944382461072233
2021-01-05 14:30:00,0.019100029640060075,0.019079014424205305,0.019057999208350537,0.04203043170953813,0.012261575270046343,0.029768856439491787,1.0617609471460674,0.2644153722083816,0.021106361553929753
2021-01-06 14:30:00,0.028505728039564453,0.028479896027795236,0.028454064016026022,0.05166402353843287,0.027136924250352596,0.02452709928808028,1.056168349156072,0.28334987350646657,0.050850768299711545
2021-01-07 14:30:00,0.021352926665497825,0.02127716838486469,0.02120141010423156,0.15151656126626425,0.01765915568946867,0.1338574055767956,1.1549459858351312,0.2482701046087301,0.012237720381189568
2021-01-08 14:30:00,-0.007146440973406923,-0.007201092977011113,-0.007255744980615302,0.10930400720837907,0.034254828488949784,0.07504917871942929,1.1153096837633218,0.28368298125635005,0.005883734217536074
2021-01-11 14:30:00,0.014602394324737403,0.01458995355323516,0.014577512781732919,0.0248815430044849,0.008947293120383264,0.015934249884101637,1.1054459263637781,0.289753473740908,0.00012930165714034972
2021-01-12 14:30:00,0.02026261317615581,0.020250753337696725,0.020238893499237638,0.02371967691817134,0.004453351530895544,0.019266325387275796,1.0937135055087388,0.28221956920867153,0.013968900559685471
2021-01-13 14:30:00,-0.033645837059101624,-0.03366055748882437,-0.03367527791854712,0.029440859445490537,0.021544022686917758,0.007896836758572778,1.0941770349927296,0.2747862619340895,-0.01041230038071069
2021-01-14 14:30:00,0.008575540808582076,0.00851346885139459,0.008451396894207104,0.12414391437497133,0.03434089318804704,0.08980302118692429,1.0060521080494147,0.27646435617769893,0.003240992104932635
2021-01-15 14:30:00,-0.014799643710422385,-0.01481068708809586,-0.014821730465769333,0.022086755346948074,0.015605528689528617,0.006481226657419459,1.0022912805167985,0.27374395705289567,-0.007166737470218602
2021-01-19 14:30:00,0.018067838643112615,0.018042574028919414,0.01801730941472621,0.05052922838640276,0.009254179080466477,0.041275049305936284,0.9751495580275203,0.2878772838695538,0.018552358865445855
2021-01-20 14:30:00,-0.011608651582647986,-0.011627410772931857,-0.011646169963215727,0.03751838056774126,0.014525493351195351,0.02299288721654591,0.9869679341468673,0.2990517949667527,0.001167285302492771
2021-01-21 14:30:00,-0.008458007025928865,-0.00847529542626457,-0.008492583826600272,0.034576800671407525,0.006450642326057372,0.02812615834535015,0.9791211700829909,0.278772400685279,-0.011967489730215478
2021-01-22 14:30:00,-0.0008395586517929404,-0.0008622242287054713,-0.0008848898056180022,0.045331153825061886,0.0072261979092643385,0.038104955915797545,0.9925524054162961,0.2540986801027866,-0.00014772964699990196
2021-01-25 14:30:00,-0.04496996340721578,-0.04497884266514718,-0.04498772192307858,0.017758515862806114,0.00200811144165273,0.015750404421153386,0.9877851128217661,0.26508179192940995,-0.022972675123786274
2021-01-26 14:30:00,0.0008494450715329487,0.000792493761414265,0.0007355424512955813,0.11390262023736752,0.005230461132094688,0.10867215910527284,0.8894876298353356,0.2754564680482523,-0.007628563458947579
2021-01-27 14:30:00,-0.008836927172656626,-0.008846176284864723,-0.008855425397072821,0.01849822441619405,0.010480495984532785,0.008017728431661264,0.8899872142451364,0.26793832402639184,-0.04028793611152567
2021-01-28 14:30:00,0.0010157973885101205,0.0009628990798337567,0.000910000771157393,0.10579661735272745,0.015815627864652477,0.08998098948807498,0.9308528393877268,0.3170536883718764,0.014046952995966736
2021-01-29 14:30:00,-0.0030916574860426066,-0.003126911728653541,-0.0031621659712644757,0.07050848522186932,0.013981711761873978,0.05652677345999535,0.8807184484397264,0.32344607088387134,-0.01468826058091414
2021-02-01 14:30:00,0.01672398789824525,0.016638021792120247,0.01655205568599524,0.17193221225001132,0.15584925340968536,0.016082958840325956,0.8660177436033334,0.32206381687993835,0.028951711978016787
2021-02-02 14:30:00,0.0031981271033394883,0.0030273340749062865,0.0028565410464730847,0.3415860568664034,0.026844342779341668,0.31474171408706175,0.748956814850413,0.5197446022140797,0.017793672346171463
2021-02-03 14:30:00,0.0021619553249238375,0.0021488287340266617,0.0021357021431294854,0.026253181794351953,0.025334305612095563,0.0009188761822563896,0.7495860243673249,0.5194549355487352,-0.0022799703571758276
2021-02-04 14:30:00,-0.007134886673775925,-0.007142603161662188,-0.007150319649548451,0.015432975772526633,0.014712862669457557,0.0007201131030690755,0.7492233129837118,0.5190975338292793,0.004853920656280171
2021-02-05 14:30:00,0.0005273127556914888,0.0004577585480121806,0.0003882043403328724,0.13910841535861643,0.007968620197206825,0.1311397951614096,0.6707196491246761,0.5717336651316531,0.006071869621672092
2021-02-08 14:30:00,-0.0021587312043042043,-0.002261695745694817,-0.0023646602870854294,0.20592908278122513,0.012010122025241321,0.1939189607559838,0.5686056812940798,0.6635386580570407,-0.0020950535454227204
2021-02-09 14:30:00,0.005419320512062041,0.005391016419870189,0.005362712327678338,0.05660818438370363,0.009325328050645787,0.04728285633305784,0.5684837125092324,0.7106995456052511,0.0060812153036788885
2021-02-10 14:30:00,0.0025209669704152407,0.0025100380845919216,0.002499109198768602,0.021857771646638564,0.015450892994278782,0.006406878652359782,0.5645420206183654,0.7082343588437582,0.0031405753214078422
2021-02-11 14:30:00,0.008634532570265155,0.008620644333362874,0.008606756096460593,0.027776473804561424,0.006124805686357797,0.021651668118203626,0.5483151011760065,0.7028096101679135,0.009388237423682591
2021-02-12 14:30:00,0.0019735085537352496,0.0019613959635425343,0.0019492833733498185,0.024225180385431016,0.010822561773736899,0.013402618611694117,0.5393820206496216,0.7072791482532228,0.001993686362317041
2021-02-16 14:30:00,0.018314140816267026,0.018290338243970434,0.018266535671673842,0.04760514459318388,0.01649827738086096,0.03110686721232292,0.5101277419025929,0.709131736718517,0.010693305663983632
2021-02-17 14:30:00,0.0012480640948718733,0.0012361702544323747,0.001224276413992876,0.023787680878997262,0.00830165666822776,0.0154860242107695,0.49582563762449194,0.7079478167858485,-0.001748551211682862
2021-02-18 14:30:00,0.013634592159098461,0.013609015422015834,0.013583438684933209,0.05115347416525291,0.03822466359171235,0.012928810573540561,0.50419299968624,0.703386368274056,0.013569637605068388
2021-02-19 14:30:00,0.02031995088083703,0.020287241909573983,0.020254532938310935,0.06541794252609616,0.019878989447025413,0.04553895307907074,0.5258231336159986,0.6794775491247439,0.009512095817377145
2021-02-22 14:30:00,0.03987069423010028,0.039839909034800704,0.03980912383950112,0.0615703905991518,0.011025406240228557,0.05054498435892324,0.4781662681487236,0.6823656680163921,0.012840042017422911
2021-02-23 14:30:00,0.004684581916621197,0.00458081286844094,0.004477043820260683,0.20753809636051376,0.00823577319951744,0.19930232316099633,0.37745779759463904,0.5837718154094803,0.006081146059505678
2021-02-24 14:30:00,0.023202704684015123,0.023190031222736045,0.023177357761456966,0.02534692255815807,0.013838565836504335,0.011508356721653734,0.38741145194243887,0.5853265177833342,0.02349685502767196
2021-02-25 14:30:00,0.017387958455927697,0.01732667891726952,0.017265399378611337,0.12255907731635861,0.04989417600078998,0.07266490131556863,0.34095063064704084,0.6115305978035048,-0.007000105419142792
2021-02-26 14:30:00,-0.08077226440344044,-0.08089539986653224,-0.08101853532962405,0.24627092618360613,0.15847689320397007,0.08779403297963606,0.28488372230954956,0.57980347316136,-0.08361452065145047
2021-03-01 05:00:00,0.005419970796624804,0.005116047094441445,0.004812123392258086,0.6078474043667178,0.05762529193788871,0.5502221124288291,0.562690246094559,0.3073878845175403,0.07007243055085095
2021-03-01 14:30:00,0.0019981331814321115,0.0018335607099048542,0.001668988238377597,0.3291449430545146,0.04072387514634142,0.2884210679081732,0.6377304684856995,0.09400703900050761,-0.04492787115599354
2021-03-02 14:30:00,-0.016643403161282242,-0.016657624780962197,-0.016671846400642152,0.028443239359909687,0.020721677064436693,0.0077215622954729946,0.6433891011990492,0.09194410941838438,-0.020059575140134938
2021-03-03 14:30:00,0.003955211207295413,0.003924660732876856,0.0038941102584582996,0.06110094883711322,0.019010456006624175,0.042090492830489046,0.639921136054243,0.13056663710406713,-0.007366153780544689
2021-03-04 14:30:00,0.017591690421346923,0.01755153804896018,0.01751138567657344,0.08030474477348376,0.04929323447250877,0.031011510300974987,0.6512532867638406,0.11088727751268984,0.015222794344677437
2021-03-05 14:30:00,0.006769843519324029,0.00675345024201672,0.006737056964709411,0.032786554614618095,0.003068651096915417,0.029717903517702676,0.6574177815874291,0.08733386881857566,0.018833128702395136
2021-03-08 14:30:00,0.019023240318212602,0.01900229213506919,0.018981343951925772,0.04189636628683002,0.03379987286922881,0.008096493417601214,0.6600017438720158,0.09284639995159019,0.025683943160156986
2021-03-09 14:30:00,-0.023417395644699808,-0.023446969513780738,-0.023476543382861672,0.05914773816186261,0.010806618159078463,0.04834112000278415,0.6754031955493841,0.059906731626174325,-0.01212658123780963
2021-03-10 14:30:00,0.027273209197163806,0.027223955342173242,0.02717470148718268,0.09850770998112646,0.014708618738846546,0.08379909124227991,0.6726087721082986,-0.021097936175020093,0.031940351047748505
2021-03-11 14:30:00,-0.002138181104843863,-0.002166530984277292,-0.002194880863710721,0.056699758866858074,0.031639150080140066,0.02506060878671801,0.682904367509505,-0.03586294956053171,-0.0047337829899325445
2021-03-12 14:30:00,-0.008222558408265,-0.008239187801246033,-0.008255817194227069,0.03325878596206859,0.022957252430464353,0.010301533531604234,0.6775167208233938,-0.030949062715038722,0.001160264125904679
2021-03-15 13:30:00,-0.005167607612702539,-0.005180559702311759,-0.005193511791920978,0.0259041792184392,0.007189505732693576,0.018714673485745625,0.6668812219543405,-0.022869888098346336,0.003136438375255938
2021-03-16 13:30:00,-0.018953187686917648,-0.01895825206988486,-0.018963316452852076,0.010128765934427722,0.0012444704023030582,0.008884295532124664,0.6581456047672709,-0.02301856644340139,-0.018246629724027758
2021-03-17 13:30:00,0.0010056740220158282,0.0009838532207461744,0.0009620324194765208,0.04364160253930742,0.035946781519736445,0.007694821019570974,0.6603921188287905,-0.02846687340145282,-0.009858995582002835
2021-03-18 13:30:00,-0.018659943566788975,-0.018667124770005195,-0.01867430597322142,0.01436240643244202,0.012652024861678157,0.0017103815707638637,0.6607726597681093,-0.029796714032897853,-0.020188195045431345
2021-03-19 13:30:00,-0.0021247873522656033,-0.0021659208895618066,-0.0022070544268580103,0.08226707459240684,0.03061484118610258,0.05165223340630426,0.6603382175930697,0.021421077198366778,-0.00023963052330111534
2021-03-22 13:30:00,-0.00853873698326096,-0.008553980635078577,-0.008569224286896196,0.030487303635235646,0.025524583658385207,0.004962719976850438,0.6617313250673763,0.017851464695822994,-0.009157745029066041
2021-03-23 13:30:00,-0.025087108616185877,-0.025101354650931638,-0.0251156006856774,0.028492069491520534,0.01608021635437821,0.012411853137142326,0.6655428406966488,0.009251127187953179,-0.015195552991304448
2021-03-24 13:30:00,0.00594877956807071,0.005929043892628542,0.005909308217186375,0.03947135088433477,0.007096840693072629,0.03237451019126214,0.6472754523922861,0.02335824907485262,0.005761657580643546
2021-03-25 13:30:00,0.005906452159952268,0.005901090645050625,0.005895729130148982,0.0107230298032862,0.0026262392375540804,0.00809679056573212,0.6481191315370037,0.016105137653838114,0.012816394994064803
2021-03-26 13:30:00,0.01574999879671058,0.015734391193583247,0.015718783590455913,0.031215206254668452,0.0286957321040359,0.0025194741506325523,0.6499444121052796,0.015410944071481473,0.018138639879347978
2021-03-29 13:30:00,-0.003220960548600907,-0.0032513665109263276,-0.003281772473251748,0.060811924650841065,0.04076198919813623,0.020049935452704833,0.646412791973686,0.03192925939259261,0.0036954841797386395
2021-03-30 13:30:00,0.0251108299498269,0.025100182733041067,0.02508953551625524,0.021294433571660415,0.019430947811663435,0.00186348575999698,0.6452366292185084,0.03261658239741208,0.01911285045643818
2021-03-31 13:30:00,-0.008980458704155307,-0.009005720514109885,-0.009030982324064461,0.05052361990915423,0.00884814343575598,0.041675476473398254,0.6221659790194051,0.014011756123117197,-0.004166090578134958
2021-04-01 13:30:00,0.00890872012728745,0.008864681434298685,0.008820642741309918,0.08807738597753109,0.06415158792063291,0.02392579805689818,0.6235636459700965,-0.008516374983089547,0.008179507107879846
2021-04-05 13:30:00,0.009363337497992065,0.009302678175464176,0.009242018852936287,0.12131864505577761,0.018911642900909298,0.10240700215486831,0.5780868329772971,0.048413814178979386,0.01665452450737659
2021-04-06 13:30:00,-0.0014575893679031795,-0.0014843959231257858,-0.0015112024783483918,0.05361311044521235,0.010375120698794168,0.04323798974641818,0.5972131771231179,0.024302168578382022,0.001664925790037038
2021-04-07 13:30:00,-0.008413957467605992,-0.008416365677594401,-0.00841877388758281,0.0048164199768187905,0.003844489003525779,0.0009719309732930115,0.5967702145018154,0.024831136930372533,-0.009088134552628172
2021-04-08 13:30:00,-0.0011425763056726202,-0.00114906402536628,-0.0011555517450599398,0.012975439387319673,0.005908990966813596,0.007066448420506077,0.5994049527596943,0.029262847092999755,-0.0012988774362850581
2021-04-09 13:30:00,0.007897767319234725,0.007886553448656674,0.007875339578078623,0.022427741156102243,0.01660939816333018,0.005818342992772063,0.604227252424219,0.030258890421247076,0.0074293657423607495
2021-04-12 13:30:00,-0.0066803225759001035,-0.006699038377612946,-0.006717754179325789,0.037431603425685155,0.01327481468956689,0.024156788736118262,0.6211266671002892,0.03751626448129519,-0.006154347292506117
2021-04-13 13:30:00,-0.0009038439371010249,-0.000914748634573583,-0.0009256533320461409,0.021809394945116023,0.017501703768318944,0.004307691176797079,0.6216031070591281,0.04134751569925332,0.006956079629525047
2021-04-14 13:30:00,-3.74009339263715e-05,-4.848502199105984e-05,-5.956911005574818e-05,0.022168176129376677,0.002922976343492885,0.019245199785883793,0.6284185208176216,0.028917729671863013,0.0023912919979196165
2021-04-15 13:30:00,0.0041595528201545506,0.004140963715003211,0.004122374609851872,0.03717821030267895,0.007324226456025669,0.029853983846653276,0.6366160309246429,0.007261255932231037,0.011317261829068078
2021-04-16 13:30:00,-0.005115364999583075,-0.005123632193115666,-0.0051318993866482565,0.01653438706518149,0.0067623372119018175,0.009772049853279674,0.6373093610675886,0.016339975642565008,6.584951575464941e-05
2021-04-19 13:30:00,0.004106080030820123,0.004098392297507013,0.004090704564193902,0.015375466626220543,0.0033240335503306926,0.01205143307588985,0.631649779402771,0.022731827053637244,0.000702650502074816
2021-04-20 13:30:00,-0.021540841766281543,-0.021548014349571758,-0.021555186932861976,0.014345166580431168,0.01086181268458164,0.003483353895849528,0.6311722561098404,0.01972599645071832,-0.013661596431614353
2021-04-21 13:30:00,0.017881797075137096,0.01785187872055149,0.017821960365965884,0.05983670917121127,0.0156853347172267,0.044151374453984565,0.645183584143006,0.04986604287153726,0.012878163976713522
2021-04-22 13:30:00,-0.00012161392673481,-0.0001406126721248731,-0.00015961141751493616,0.03799749078012615,0.013724197042730202,0.02427329373739595,0.6343705062967641,0.06332625876269124,-0.005419701907797281
2021-04-23 13:30:00,0.01160481425610011,0.011567696778227554,0.011530579300354997,0.07423495574511262,0.00699956947116472,0.0672353862739479,0.6115283517414118,0.01893302704409555,0.011017762025664698
2021-04-26 13:30:00,-0.0038966368817944835,-0.0039123543842094115,-0.00392807188662434,0.03143500482985593,0.017977060517078515,0.013457944312777415,0.6064977186428813,0.027360338258342387,-0.007180153222200965
2021-04-27 13:30:00,0.00499101954765195,0.004971397486130248,0.0049517754246085465,0.03924412304340391,0.0126170056989241,0.02662711734447981,0.607795531677256,0.002031033948237282,0.00029990317982464543
2021-04-28 13:30:00,-0.0015806314887555704,-0.0016078878559312546,-0.0016351442231069388,0.05451273435136831,0.0018334102652713218,0.05267932408609699,0.6091304954558594,-0.04931332635925628,-0.0022483766982529887
2021-04-29 13:30:00,0.004199480446533167,0.004187764116480735,0.004176047786428303,0.02343266010486315,0.006558579926524792,0.016874080178338358,0.6073125589065163,-0.0643694699882515,0.009522343739315117
2021-04-30 13:30:00,-0.020805418870368415,-0.020808739815021366,-0.020812060759674317,0.006641889305901001,0.0056624723905873324,0.000979416915313669,0.6080876284278642,-0.06457381738221718,-0.015605570664685856
2021-05-03 13:30:00,0.0036458552815053233,0.0036285317002175115,0.0036112081189296997,0.03464716257562345,0.009884343864936307,0.02476281871068714,0.5993793500057928,-0.04851927709360149,0.003814402698098962
2021-05-04 13:30:00,-0.0064523640026303754,-0.0064647398560736345,-0.006477115709516894,0.024751706886518537,0.02256612671877134,0.0021855801677471975,0.5990262860503485,-0.05035179330590436,-0.007791065133932129
2021-05-05 13:30:00,0.0103098442917904,0.010301663461210166,0.010293482630629933,0.016361661160466775,0.005267917184033151,0.011093743976433625,0.6002373608134776,-0.04046912409259983,0.00033062636816253804
2021-05-06 13:30:00,-0.0019814092227319786,-0.0019929430090954835,-0.0020044767954589884,0.02306757272700994,0.014541420138924455,0.008526152588085485,0.5924299325042112,-0.04118784837141892,0.0022414449132487357
2021-05-07 13:30:00,0.006176849318310269,0.006171443109235739,0.006166036900161209,0.010812418149059581,0.008500531660187716,0.0023118864888718657,0.5917956838293376,-0.04286548618541718,0.007626715491841796
2021-05-10 13:30:00,-0.006871389922353917,-0.006877203127096665,-0.006883016331839413,0.01162640948549681,0.0038518237807390427,0.0077745857047577666,0.5964812928502883,-0.04595446286922423,0.0003406742586242369
2021-05-11 13:30:00,0.0035064468810313784,0.003487000147833723,0.0034675534146360685,0.038893466395309884,0.023738451382081825,0.015155015013228058,0.5941316524778814,-0.033149088228403095,-0.0037508995419262745
2021-05-12 13:30:00,-0.011486730531834076,-0.011498647616399677,-0.011510564700965278,0.023834169131201975,0.01503708317036164,0.008797085960840334,0.601736399676957,-0.03195674946663843,-0.024723515126280942
2021-05-13 13:30:00,0.0010100230914731143,0.0009910100813874737,0.0009719970713018331,0.03802602017128122,0.008946668764467852,0.029079351406813364,0.6115759067888435,-0.01271690517171159,0.0126966362138116
2021-05-14 13:30:00,0.014116487858518859,0.014112008065796974,0.01410752827307509,0.008959585443768755,0.0030278010886706976,0.005931784355098058,0.6096090993171365,-0.00875192828832061,0.016897394373929158
2021-05-17 13:30:00,-0.007999292440702948,-0.008025515751856449,-0.008051739063009948,0.05244662230700099,0.014889688487274899,0.03755693381972609,0.6212691163724031,0.017144988476138837,-0.013193270796626244
2021-05-18 13:30:00,-0.014003385322495298,-0.014053648747958388,-0.01410391217342148,0.10052685092618137,0.029005158157477617,0.07152169276870375,0.6423560902144756,0.06757970740277011,-0.014557958392768522
2021-05-19 13:30:00,-0.0016567894977268548,-0.0016739739198779343,-0.0016911583420290135,0.034368844302158745,0.02617984535301362,0.008188998949145126,0.6417795772259794,0.07519219336341909,-0.002650483533600164
2021-05-20 13:30:00,-0.006947929614758898,-0.006975481779172839,-0.0070030339435867795,0.05510432882788176,0.00627615321921889,0.048828175608662865,0.6649099009166165,0.04949434144539328,-0.00018216163732794519
2021-05-21 13:30:00,0.006572261084660123,0.0065658323258269485,0.006559403566993775,0.012857517666348257,0.01113161437687819,0.0017259032894700668,0.6645789516205716,0.04809938745196815,0.009739016538951187
2021-05-24 13:30:00,-0.0007093658340783034,-0.0007629345683347326,-0.000816503302591162,0.10713746851285855,0.001879621155536415,0.10525784735732213,0.5926157683685458,0.08139405155726451,-0.00041532541838196213
2021-05-25 13:30:00,-0.00039462318491158884,-0.0004386041794648683,-0.0004825851740181477,0.08796198910655886,0.022111263541818582,0.06585072556474028,0.5295154907751787,0.07864360358589134,-0.00670026502038068
2021-05-26 13:30:00,0.002709039276215389,0.0026458037586286603,0.002582568241041931,0.12647103517345784,0.0019838850705078404,0.12448715010295,0.42902519013415324,0.10264045304781591,0.0031324078853478543
2021-05-27 13:30:00,0.007925776267673988,0.007902832467363808,0.007879888667053627,0.04588760062035968,0.01526089596872926,0.03062670465163042,0.42127367849910563,0.0797652600312331,0.004786534095598816
2021-05-28 13:30:00,0.0005592334875731452,0.0005482750206127351,0.0005373165536523252,0.02191693392082003,0.005408972194083317,0.016507961726736714,0.40724197086771674,0.07728900593588528,0.003002392405923704
2021-06-01 04:00:00,0.09287274662407703,0.09278831769714892,0.0927038887702208,0.1688578538562241,0.14001051173178586,0.028847342124438236,0.4068075061040662,0.10570188329667296,0.09050835069707182
2021-06-01 13:30:00,-0.031925060133413154,-0.032416408535876705,-0.032907756938340256,0.9826968049271043,0.12797339162884008,0.8547234132982643,-0.05521483427566454,0.4984029562152065,-0.06375585660005552
2021-06-02 13:30:00,-0.004800270396371124,-0.004994635599566671,-0.005189000802762218,0.3887304063910939,0.02539459275819045,0.36333581363290346,-0.23090073208089376,0.6860528720428808,-0.004672574924219908
2021-06-03 13:30:00,0.0219338665655001,0.021824467981376022,0.021715069397251943,0.21879716824815784,0.02396993698534844,0.1948272312628094,-0.1296223965424187,0.7796017677672151,0.013045196933479164
2021-06-04 13:30:00,-0.009051759947485014,-0.009071215836121225,-0.009090671724757436,0.03891177727242281,0.010010201542770622,0.028901575729652185,-0.1500892824907913,0.7711670779859355,0.00426370666802726
2021-06-07 13:30:00,-0.005069519744843451,-0.005092270839952396,-0.005115021935061342,0.04550219021789148,0.015063424141764759,0.030438766076126722,-0.1580233093209253,0.7936718172319283,-0.0029947473060417673
2021-06-08 13:30:00,0.01712857072256941,0.017105462770407743,0.01708235481824608,0.046215904323331704,0.01723525141954655,0.028980652903785153,-0.1831817344159687,0.79749404504067,0.01907366897721256
2021-06-09 13:30:00,-0.0034692181187158336,-0.0034886430033469664,-0.0035080678879780996,0.038849769262265764,0.012628354392008786,0.026221414870256976,-0.20894725726934055,0.7970381530237849,-0.005145767080458478
2021-06-10 13:30:00,-0.012260560790270974,-0.012269164257199396,-0.01227776772412782,0.017206933856846074,0.008073383306640203,0.009133550550205871,-0.21143275553490692,0.8036862053084244,-0.00527318888829309
2021-06-11 13:30:00,0.008233573801714437,0.008180164140954148,0.008126754480193859,0.10681932152057912,0.015672624649718376,0.09114669687086074,-0.2935859521429902,0.7946927050456469,0.009643881015350445
2021-06-14 13:30:00,-0.014275018435625295,-0.01428377019031685,-0.014292521945008406,0.017503509383109926,0.005672705727567581,0.011830803655542343,-0.2879227141846423,0.8008602707428414,-0.007210081831904673
2021-06-15 13:30:00,0.014625054541823336,0.014616721437415806,0.014608388333008274,0.01666620881506231,0.004858810699756244,0.011807398115306067,-0.2916906984130818,0.7928208568559748,0.008566388398878244
2021-06-16 13:30:00,-0.013149537748290287,-0.013164722448549044,-0.0131799071488078,0.030369400517514095,0.0030005485051235086,0.027368852012390588,-0.29648162490663277,0.8153987823748144,-0.011665606103923568
2021-06-17 13:30:00,-0.0320291251397644,-0.0320820291743917,-0.03213493320901901,0.1058080692546067,0.023360591012255814,0.08244747824235088,-0.22013040187034894,0.8214950375808815,-0.022809229558950112
2021-06-18 13:30:00,-0.025190144397434108,-0.025213263394949063,-0.025236382392464018,0.04623799502990896,0.012381218437420868,0.03385677659248809,-0.25136951462707335,0.8188773737451178,-0.025084359194896638
2021-06-21 13:30:00,0.023321938324847753,0.02326094699014618,0.023199955655444613,0.12198266940314066,0.0007997343376337316,0.12118293506550692,-0.15487021638188248,0.8435610105654339,0.02655811437779058
2021-06-22 13:30:00,-0.006991617929596108,-0.00702285800531364,-0.007054098081031172,0.06248015143506439,0.006750740414353343,0.05572941102071105,-0.10258638606585635,0.8470065912701188,0.001525141628592926
2021-06-23 13:30:00,0.0030279524389002182,0.0030190417517800155,0.0030101310646598123,0.017821374240405898,0.011832622397104512,0.0059887518433013875,-0.10559118628655573,0.8440226396475168,0.0045618670998566575
2021-06-24 13:30:00,0.015202377651698313,0.015173572549832414,0.015144767447966513,0.05761020373179937,0.011978294125027267,0.0456319096067721,-0.0721735954984537,0.8562369584661869,0.020564733135283397
2021-06-25 13:30:00,0.00745823176471465,0.007434555192207846,0.007410878619701041,0.0473531450136094,0.003126714370913349,0.044226430642696046,-0.04995379424387347,0.8782435878543027,0.005842305817836809
2021-06-28 13:30:00,-0.0074002350022092465,-0.0074208213436185045,-0.0074414076850277625,0.04117268281851642,0.019701860649912566,0.021470822168603854,-0.03525136814115515,0.8850119839201882,0.0031368746315688276
2021-06-29 13:30:00,-0.013107497632579788,-0.013121134812599229,-0.01313477199261867,0.027274360038881396,0.013108684507856627,0.014165675531024768,-0.043677764781645645,0.8792727050296539,-0.009220089807868037
2021-06-30 13:30:00,0.007821204757759614,0.00780025908998506,0.007779313422210506,0.04189133554910818,0.007333901472689863,0.034557434076418314,-0.009431481457753188,0.8795838557821798,0.006451484059562418
2021-07-01 13:30:00,0.010910029087316826,0.010904135798640874,0.010898242509964925,0.011786577351900751,0.006279540821054808,0.0055070365308459435,-0.013868346042438584,0.8785136838360192,0.011105617824217559
2021-07-02 13:30:00,-0.009150696787527031,-0.009172648124721964,-0.009194599461916898,0.04390267438986676,0.014589916405726303,0.02931275798414046,0.0073832932637558635,0.8865748025139653,0.001037728816364029
2021-07-06 13:30:00,-0.025544453949730934,-0.025557752013374044,-0.02557105007701715,0.026596127286216555,0.015033272248786181,0.011562855037430375,0.003941612694712937,0.8784536280455778,-0.021731297880635287
2021-07-07 13:30:00,0.022792819340529485,0.022762913451376387,0.02273300756222329,0.05981177830619696,0.03272150010021554,0.027090278205981422,-0.01517440180918439,0.8704793643434937,0.024530417005867482
2021-07-08 13:30:00,-0.011868216639150131,-0.011896255155862945,-0.01192429367257576,0.05607703342562779,0.015787500164218406,0.04028953326140938,0.01882789371655713,0.8767666020791616,-0.01721897269403146
2021-07-09 13:30:00,0.020801113900058035,0.020787347127973747,0.020773580355889464,0.027533544168572267,0.00655911415680969,0.02097443001176258,0.01714042777136371,0.8960535661457307,0.02641706716770346
2021-07-12 13:30:00,0.0025807548229458527,0.002565124103482694,0.0025494933840195353,0.03126143892631735,0.006741376853913147,0.024520062072404203,0.029890388940190138,0.9078236670493085,0.006223582422093162
2021-07-13 13:30:00,-0.013690276526974137,-0.01369838107446339,-0.013706485621952641,0.016209094978504018,0.011429432227463437,0.004779662751040581,0.033823397774593755,0.9086703209659455,-0.013945995260935947
2021-07-14 13:30:00,-0.007377851804316106,-0.007399695400637212,-0.007421538996958319,0.043687192642212436,0.005169737163930543,0.03851745547828189,0.061500484084512475,0.9195106901343086,-0.005193393587270667
2021-07-15 13:30:00,0.005244494303746824,0.005236827879184966,0.005229161454623108,0.015332849123716834,0.004978961104883532,0.010353888018833302,0.06691801591076962,0.9145743339417325,-0.00042584238943595604
2021-07-16 13:30:00,0.0023975210948164816,0.0023832781642601497,0.0023690352337038183,0.028485861112663418,0.0035656364255802022,0.024920224687083214,0.08638748425320941,0.9091235775970891,-0.004096742722108286
2021-07-19 13:30:00,-0.026203288216143535,-0.026222970529150635,-0.026242652842157738,0.039364626014201765,0.01892719490757766,0.020437431106624104,0.10081701662840326,0.9151314763285193,-0.03529890673635616
2021-07-20 13:30:00,0.01793290569739204,0.017879659097357954,0.01782641249732387,0.10649320006817102,0.007116349772634681,0.09937685029553633,0.17590935689312037,0.9394159863593385,0.02960069555587001
2021-07-21 13:30:00,0.0050137140923285015,0.004998446929212112,0.004983179766095722,0.03053432623277952,0.003723912902621196,0.026810413330158323,0.18164667612671603,0.9604890804559012,0.010432349507589755
2021-07-22 13:30:00,0.002287982791096605,0.0022754270353992495,0.002262871279701894,0.025111511394710722,0.018887673755914974,0.006223837638795748,0.18067753481599824,0.9657437767839792,0.00895068199729728
2021-07-23 13:30:00,-0.005339263485131073,-0.005343826499847726,-0.00534838951456438,0.00912602943330687,0.006051986335691373,0.0030740430976154975,0.18202396014690303,0.9674713945506899,0.008287046904107864
2021-07-26 13:30:00,-0.008199211943320722,-0.008217039910687255,-0.00823486787805379,0.035655934733067204,0.01031928640233341,0.02533664833073379,0.16282268096804342,0.9613360253988157,-0.0073927554286636514
2021-07-27 13:30:00,0.010378922344732337,0.010366966879910686,0.010355011415089033,0.023910929643303065,0.00603920850201319,0.017871721141289876,0.1755276684001722,0.9561692916896546,0.002861509839242086
2021-07-28 13:30:00,0.005855243836646841,0.0058325471072939545,0.005809850377941068,0.04539345870577245,0.01230384269525649,0.033089616010515965,0.20553278926230945,0.9530847965412759,0.007948897126771678
2021-07-29 13:30:00,0.007650010073711736,0.007632828275351965,0.007615646476992194,0.03436359671954199,0.014560446644248232,0.019803150075293763,0.20760654527675804,0.970814190602121,0.009938240279552776
2021-07-30 13:30:00,0.0018190699539494216,0.0017992027865574723,0.0017793356191655228,0.03973433478389876,0.007398082558306096,0.032336252225592665,0.23425501259345372,0.976501975511018,-0.005241970735423096
2021-08-02 13:30:00,-0.014782767745606377,-0.014816950101253598,-0.014851132456900819,0.06836471129444144,0.06078193931616094,0.0075827719782805,0.23957721222465533,0.9787625478580969,-0.012849919555790216
2021-08-03 13:30:00,0.01351447196818503,0.013494237545766756,0.013474003123348482,0.04046884483654852,0.022297073172414215,0.018171771664134306,0.22176370152163027,0.9791208088192062,0.020716745218259242
2021-08-04 13:30:00,-0.011725669612611964,-0.011769552990043694,-0.011813436367475423,0.08776675486345935,0.01293671458744609,0.07483004027601325,0.2045583537670852,1.0367455013406743,-0.010533485656409844
2021-08-05 13:30:00,-0.006919891916212175,-0.0069422989614603805,-0.006964706006708586,0.04481409049641134,0.037227021521604134,0.0075870689748072095,0.21068301467489303,1.0382079094076737,0.0019691512462188068
2021-08-06 13:30:00,0.011440145238625883,0.011406496615186966,0.011372847991748047,0.06729724687783593,0.00923376320341344,0.05806348367442249,0.24464949209346099,1.0623049156635282,0.006639541713521398
2021-08-09 13:30:00,0.003895940773095306,0.003879289695390157,0.003862638617685008,0.03330215541029816,0.012009459894803102,0.021292695515495064,0.23358477225130425,1.05207693999019,0.00577056862097521
2021-08-10 13:30:00,0.014257698761951758,0.01423098174785152,0.014204264733751285,0.05343402820047327,0.03022402622311504,0.02321000197735823,0.24334381207979616,1.0655279021390562,0.009048865562632846
2021-08-11 13:30:00,0.0065018202341032135,0.006476084576821795,0.006450348919540376,0.05147131456283723,0.023915230640773576,0.027556083922063657,0.2313088796276852,1.0500067506691035,0.006857244039381409
2021-08-12 13:30:00,0.0029535908226463606,0.0029431725922535227,0.002932754361860685,0.020836460785675547,0.005600202166907117,0.015236258618768428,0.23952653004524072,1.0429881424678906,0.006959302337001964
2021-08-13 13:30:00,-0.007271838212414586,-0.007276328070349648,-0.007280817928284711,0.00897971587012473,0.007111105067632609,0.001868610802492121,0.23787447180624,1.0427715899043992,-0.001937437234148261
2021-08-16 13:30:00,-0.009760566402290099,-0.009814393754787718,-0.009868221107285339,0.10765470499523944,0.015277734480591443,0.092376970514648,0.2844470464335074,1.0885759857917798,-0.007548919704427837
2021-08-17 13:30:00,0.002877599681242028,0.0028554728697944365,0.0028333460583468456,0.04425362289518231,0.016088353283063905,0.028165269612118404,0.264844667435145,1.0971388764055359,-0.006633076999399745
2021-08-18 13:30:00,0.012800422503140558,0.012782472135860633,0.012764521768580709,0.035900734559849254,0.011836074564740156,0.024064659995109094,0.2638448743135231,1.120203743279023,0.0006834972528781588
2021-08-19 13:30:00,-0.010353777164543427,-0.010388044972579386,-0.010422312780615346,0.06853561607191853,0.007527904512706055,0.061007711559212474,0.22447064364671454,1.0985702623866191,-0.0041324018706622905
2021-08-20 13:30:00,-0.00533654942493955,-0.005348282989063225,-0.0053600165531868995,0.023467128247349534,0.0098610371539114,0.013606091093438133,0.21571901206809363,1.093715802871802,0.00867837711607966
2021-08-23 13:30:00,-0.008438049029753758,-0.008447555828368836,-0.008457062626983914,0.019013597230156387,0.010612273852585341,0.008401323377571046,0.22193971819311287,1.0958964201243537,0.0050966576220325965
2021-08-24 13:30:00,0.012375499312425724,0.01235618836300615,0.012336877413586576,0.03862189883914868,0.01085735880360783,0.027764540035540852,0.2439604643633808,1.0901526262590808,0.014114978235411302
2021-08-25 13:30:00,0.020513349704141093,0.020336115207968148,0.020158880711795203,0.35446899234589097,0.017276551209180667,0.3371924411367103,0.3349990131551722,0.8439987339141619,0.022117423674011
2021-08-26 13:30:00,-0.00877741277621508,-0.009039618747477052,-0.009301824718739025,0.5244119425239447,0.014272718508231124,0.5101392240157137,0.43051270338431546,0.4293732001275915,-0.012569099382452395
2021-08-27 13:30:00,0.006208495840098001,0.006184307889418479,0.006160119938738956,0.04837590135904533,0.006805755742540202,0.04157014561650513,0.4446587017382697,0.4567973473901424,0.010518833266841185
2021-08-30 13:30:00,-0.003161425714856609,-0.0032230491420192154,-0.003284672569181822,0.12324685432521286,0.005520549225192776,0.11772630510002008,0.4166572865529534,0.5465222373048462,0.0035800663091410576
2021-08-31 13:30:00,-0.0026627473199909678,-0.0026817136909103494,-0.0027006800618297314,0.037932741838763606,0.016333708137728498,0.02159903370103511,0.4115641577006127,0.5630281421535406,-0.003601676009938326
2021-09-01 04:00:00,0.05265621672670546,0.05259236091237424,0.05252850509804303,0.1277116286624305,0.1202208850938449,0.007490743568585589,0.41377021025827077,0.5683128331644681,-0.004853926004741586
2021-09-01 13:30:00,-0.020041275716645216,-0.0203831066952459,-0.02072493767384659,0.6836619572013714,0.11589245559219274,0.5677695016091786,0.23188753150934982,0.18242601030421046,0.009560424303944659
2021-09-02 13:30:00,0.04377942681097878,0.0436709682603949,0.04356250970981102,0.21691710116776117,0.07535602142517939,0.14156107974258178,0.1633827988309956,0.1093696632399829,0.04521007633281138
2021-09-03 13:30:00,0.0010990636614129565,0.0010235314242556235,0.0009479991870982907,0.15106447431466577,0.01786657491324965,0.13319789940141613,0.23124658116525684,0.04403554617282801,-0.0006796401853271054
2021-09-07 13:30:00,-0.009184795803705032,-0.009189347427432775,-0.00919389905116052,0.009103247455487795,0.005825921345855356,0.003277326109632439,0.23264062245484712,0.04215226135278585,-0.01220515437944747
2021-09-08 13:30:00,0.0026600494282394025,0.002643759264040816,0.002627469099842229,0.032580328397173404,0.012130062206471429,0.020450266190701977,0.24792435606259056,0.03698572876982731,0.006978568918782531
2021-09-09 13:30:00,-0.010950092874205732,-0.010960904123380043,-0.010971715372554354,0.021622498348621944,0.0031971196013230356,0.01842537874729891,0.24093678085983666,0.048423532314372325,-0.012428343561031877
2021-09-10 13:30:00,-0.003030161447350338,-0.00305289728996449,-0.003075633132578642,0.045471685228303915,0.018034368909541465,0.02743731631876245,0.22740576197550136,0.06232982974879947,-0.006680807513678388
2021-09-13 13:30:00,-0.0029097487305357935,-0.0029524100374786998,-0.0029950713444216056,0.08532261388581226,0.012032483116399447,0.07329013076941282,0.20855276526250735,0.11676696380521828,-0.0033559236703649318
2021-09-14 13:30:00,-0.01154304341225049,-0.011602921096188702,-0.011662798780126913,0.11975536787642349,0.019787656382260987,0.0999677114941625,0.1455760231556838,0.15375793319255723,-0.012470262979127789
2021-09-15 13:30:00,0.025191486403210624,0.025165425369449917,0.02513936433568921,0.05212206752141408,0.007610221469975512,0.04451184605143857,0.12006176389622389,0.1727555199845359,0.02631721560941817
2021-09-16 13:30:00,-0.015473831291640842,-0.01552096129315626,-0.015568091294671677,0.09426000303083548,0.013239920877805123,0.08102008215303036,0.08613061332655045,0.2198444515678928,-0.016044475012182424
2021-09-17 13:30:00,0.0027913998056528708,0.0027543358516508667,0.0027172718976488626,0.07412790800400813,0.014573154464626665,0.05955475353938147,0.11824243707554571,0.1924015217775066,-0.0013104932100054996
2021-09-20 13:30:00,-0.011580079018762698,-0.011607932136403683,-0.011635785254044666,0.05570623528196843,0.009495946694936547,0.046210288587031884,0.1368719734517942,0.1648207695667232,-0.015237168006694427
2021-09-21 13:30:00,-0.008581073855511387,-0.00864109468488595,-0.008701115514260515,0.12004165874912742,0.010860249214464823,0.1091814095346626,0.0947576107396354,0.231887816389227,-0.008554941763099122
2021-09-22 13:30:00,0.005558886139599428,0.005552206849257019,0.0055455275589146105,0.013358580684818072,0.00533571059247584,0.008022870092342232,0.09978380628538766,0.22889114184263704,0.007635894804090215
2021-09-23 13:30:00,0.012490892661862176,0.012445481963212855,0.012400071264563533,0.09082139729864401,0.00897694850158522,0.0818444487970588,0.05993540321320756,0.27088718756751573,0.01467044477401506
2021-09-24 13:30:00,-0.009100441619996857,-0.009131585948147274,-0.009162730276297692,0.06228865630083493,0.006015069810851055,0.05627358648998387,0.0356109932988794,0.30283636414317144,-0.008854512065116968
2021-09-27 13:30:00,-0.008342448381215862,-0.00836295689090702,-0.008383465400598178,0.041017019382316056,0.014507642266559317,0.026509377115756738,0.021784005804144413,0.3155187537641932,-0.011118511314178847
2021-09-28 13:30:00,-0.0029917984819129786,-0.003001955101173298,-0.0030121117204336178,0.02031323852063921,0.007337789754758961,0.012975448765880249,0.023538334040653086,0.32673987429356477,-0.012533936979150395
2021-09-29 13:30:00,0.002859388367526816,0.002839235653788626,0.0028190829400504365,0.040305427476379496,0.008223827644163961,0.032081599832215535,0.017522974333313568,0.3528061144184408,0.0025098338979372414
2021-09-30 13:30:00,-0.010403532983902893,-0.010424154737204728,-0.01044477649050656,0.04124350660366714,0.020606158562386307,0.02063734804128084,0.00393223333900386,0.3598527214654119,-0.011756818249163045
2021-10-01 13:30:00,0.0043451592249321176,0.00430316332478074,0.004261167424629362,0.08399180030275544,0.05092808963998724,0.0330637106627682,0.018910669744265723,0.3417674472079056,0.006464661869342099
2021-10-04 13:30:00,-0.005524271010091962,-0.0055528336614186725,-0.005581396312745383,0.0571253026534215,0.021878641650314723,0.03524666100310678,0.03163946097964182,0.3192495774401749,-0.011789245601621312
2021-10-05 13:30:00,0.00702754612679216,0.006989883998787674,0.006952221870783188,0.07532425600897205,0.016002669100459922,0.059321586908512136,0.0044960760404562095,0.35142777940950143,0.011760358780432726
2021-10-06 13:30:00,0.00030470014750915266,0.0002705449360507801,0.00023638972459240755,0.06831042291674512,0.010815562000709395,0.05749486091603573,-0.023443343532093597,0.38098322075298735,0.002383005837734838
2021-10-07 13:30:00,0.013346307889895135,0.013339843429240685,0.013333378968586235,0.012928921308899825,0.0041400937360847045,0.00878882757281512,-0.01815930735639438,0.37747842935587145,0.01690666988596945
2021-10-08 13:30:00,-0.001813182340148164,-0.0018408384685767013,-0.0018684945970052387,0.05531225685707472,0.0019371097623590943,0.05337514709471563,-0.04224221839867037,0.4067706654083111,-0.0035308654911689516
2021-10-11 13:30:00,-0.011252716107203166,-0.011261506446828138,-0.01127029678645311,0.017580679249944515,0.007331298924737902,0.010249380325206614,-0.03644312771834446,0.4023203757634304,-0.013843361246393035
2021-10-12 13:30:00,0.007181916252336042,0.007156298562620124,0.007130680872904208,0.05123537943183459,0.011454473564384227,0.03978090586745037,-0.06788937327887118,0.41065503607035403,0.005292719328333528
2021-10-13 13:30:00,0.0363743320721656,0.03630374377496087,0.03623315547775614,0.1411765944094573,0.07163697628762385,0.06953961812183346,-0.04375413463804789,0.36525065658934386,0.038789134256541215
2021-10-14 13:30:00,0.009349278285801038,0.00930900161178192,0.0092687249377628,0.08055334803823835,0.027933086825068155,0.0526202612131702,-0.0030915856487588947,0.35329294436546266,0.015817829211134764
2021-10-15 13:30:00,0.0011478585209404174,0.0011376359005966698,0.001127413280252922,0.02044524068749525,0.010514766668790365,0.009930474018704886,-0.0034769782045649955,0.36283802582836144,0.0034439098013161473
2021-10-18 13:30:00,-0.008977724966195106,-0.008985275791210523,-0.008992826616225939,0.01510165003083335,0.012464155971979881,0.002637494058853468,-0.0035541162834847595,0.36027766984842774,-0.005320786255768077
2021-10-19 13:30:00,-0.002711594415854327,-0.002743177355012609,-0.0027747602941708915,0.06316587831656438,0.006288650440573992,0.056877227875990394,0.02326424651500897,0.3302188047709311,8.070465211114837e-05
2021-10-20 13:30:00,0.008884272617600922,0.008861212814704998,0.008838153011809074,0.04611960579184815,0.0032294859924588692,0.04289011979938928,0.0005133097981860901,0.3503579878534975,0.008435054253582264
2021-10-21 13:30:00,-0.0011739091683691254,-0.0012089160995768262,-0.0012439230307845267,0.07001386241540135,0.0191268723729389,0.05088699004246244,0.02705461619703836,0.3260123042098873,0.0008170451497292083
2021-10-22 13:30:00,0.007459556687436645,0.007454120735492955,0.007448684783549264,0.01087190388738087,0.007638394705944259,0.0032335091814366113,0.02761519449168992,0.32333937332310225,0.004883053240556971
2021-10-25 13:30:00,0.010985696900472578,0.0109691395657801,0.010952582231087624,0.03311466938495378,0.013214596921497845,0.01990007246345593,0.03470730486216278,0.3105314112301192,0.014015197270211832
2021-10-26 13:30:00,-0.005855791535530941,-0.005861605950485849,-0.0058674203654407574,0.011628829909816674,0.004667872609026569,0.006960957300790105,0.03541017816541475,0.3167894952276573,-0.004667872609026569
2021-10-27 13:30:00,-0.009309659264811301,-0.00932413202318651,-0.009338604781561718,0.028945516750418065,0.01820382310125579,0.010741693649162276,0.02921927031652699,0.3122387094273828,-0.008780243647330654
2021-10-28 13:30:00,0.02409016420398616,0.024072711288075865,0.024055258372165572,0.03490583182058621,0.018057201012802393,0.016848630807783815,0.038195345987973806,0.3043661542910458,0.027721530015404117
2021-10-29 13:30:00,-0.006812529446419352,-0.00683033060271671,-0.006848131759014066,0.035602312594714115,0.00769697716187138,0.027905335432842737,0.034366145931391257,0.328442289667306,-0.0054011429168081175
2021-11-01 13:30:00,0.004219549234351923,0.004197031921753152,0.00417451460915438,0.04503462519754231,0.028370262935085155,0.016664362262457155,0.043449422294860984,0.32086120376831856,0.005472390782398584
2021-11-02 13:30:00,0.010248681499944366,0.010231504433541365,0.010214327367138362,0.034354132806003544,0.03273168673450496,0.0016224460714985844,0.04448617721376702,0.320275512615726,0.011627632318552386
2021-11-03 13:30:00,-0.02142779030164058,-0.021446703185603797,-0.02146561606956702,0.03782576792643877,0.013980018768993685,0.023845749157445084,0.035046659086792,0.3346817436461961,-0.01800538268342211
2021-11-04 13:30:00,-0.016592473669529532,-0.016640624507054034,-0.016688775344578532,0.09630167504899957,0.027855888997376493,0.06844578605162308,0.06362638821684316,0.29481568672462416,-0.01316487448206353
2021-11-05 13:30:00,0.03206363645895283,0.03200347352249046,0.03194331058602809,0.12032587292474022,0.03720232873441513,0.08312354419032508,0.10019465249766601,0.24826040681512193,0.0332484680394031
2021-11-08 14:30:00,0.0015806450887661818,0.0015210188734578604,0.001461392658149539,0.11925243061664284,0.036180895583430406,0.08307153503321243,0.14693503740490038,0.21192925668914386,-0.0008923100067570466
2021-11-09 14:30:00,-0.008790420922116259,-0.008807935043591059,-0.008825449165065858,0.0350282429495998,0.014785725810831929,0.020242517138767874,0.15791246520719954,0.20266416735267515,-0.009374694033846165
2021-11-10 14:30:00,-0.0063859588345712625,-0.006401676828736021,-0.006417394822900779,0.031435988329516135,0.013457153319722415,0.01797883500979372,0.14866443376457375,0.21139497091984308,-0.008286685710622632
2021-11-11 14:30:00,0.0004996637453023932,0.0004676718624013971,0.00043567997950040105,0.06398376580199215,0.011743674651574961,0.052240091150417195,0.12605232241837222,0.24102295072405874,0.0003977447700081645
2021-11-12 14:30:00,0.003338156219434769,0.00333410055808826,0.003330044896741751,0.008111322693017916,0.005267325509832629,0.0028439971831852873,0.12888873341312101,0.24101536453562225,0.00579692422139703
2021-11-15 14:30:00,0.018808656072946635,0.018795643505547528,0.01878263093814842,0.02602513479821427,0.020813092247142416,0.005212042551071855,0.12535039575503,0.24268906942860308,0.020408344995255383
2021-11-16 14:30:00,0.0032557191745758002,0.003219370810037566,0.003183022445499332,0.07269672907646825,0.004972237243440572,0.06772449183302767,0.16189715504790975,0.21151133688845516,0.003994689900495378
2021-11-17 14:30:00,-0.00827934553521125,-0.00829238747369548,-0.008305429412179712,0.02608387696846019,0.0039906588457615895,0.0220932181226986,0.17362152957192323,0.20114249328977005,-0.008018055153649431
2021-11-18 14:30:00,-0.00010486267100242577,-0.00011318139141853009,-0.00012150011183463439,0.01663744083220863,0.003649074705296703,0.012988366126911927,0.1664734227280158,0.20698275257277454,0.001173699541841618
2021-11-19 14:30:00,-7.575561363367626e-05,-9.487156353117835e-05,-0.00011398751342868045,0.0382318997950042,0.014814843172213672,0.023417056622790533,0.1745192893077016,0.19161156252966982,0.001983501931118551
2021-11-22 14:30:00,0.003524934357652582,0.0035126813307425034,0.0035004283038324252,0.02450605382015686,0.008958272990837846,0.015547780829319013,0.18010386714608162,0.18164835953873082,0.002513353702758292
2021-11-23 14:30:00,0.007406771447426582,0.007397499764753894,0.007388228082081206,0.018543365345376782,0.009974534853154434,0.008568830492222346,0.18389946655041411,0.17687512845084097,0.0067907558853574175
2021-11-24 14:30:00,-0.0006169781213582134,-0.0006267004919034425,-0.0006364228624486715,0.019444741090458035,0.009474292904795695,0.00997044818566234,0.18767068780533233,0.17067590152009685,4.335190223407152e-05
2021-11-26 14:30:00,-0.01796286994943727,-0.018029077425608633,-0.018095284901779994,0.13241495234272332,0.010122458829733949,0.12229249351298938,0.2397430334501104,0.24089604938830816,-0.026277005179612734
2021-11-29 14:30:00,-0.012448155654671196,-0.01285651941147126,-0.013264883168271324,0.8167275136001267,0.024897624328830505,0.7918298892712963,0.7046105229080115,0.5678584492017034,0.010324553812957124
2021-11-30 14:30:00,-0.010530440414914036,-0.010614671387686792,-0.010698902360459549,0.16846194554551333,0.029204119855829973,0.13925782568968337,0.5878831483439674,0.5453279980760641,-0.03572041774808928
2021-12-01 05:00:00,-0.031095826371291442,-0.031189451094712505,-0.03128307581813357,0.18724944684212314,0.11587333139648366,0.07137611544563949,0.6448011946367516,0.5597860672289194,0.037831322503350674
2021-12-01 14:30:00,0.022641500290413834,0.022476271539368375,0.022311042788322917,0.33045750209091684,0.07775999653442389,0.25269750555649295,0.4277047655026236,0.5953871436512844,-0.03122439488809514
2021-12-02 14:30:00,0.01813523788302356,0.018074167849683458,0.018013097816343353,0.12214006668020587,0.006641594403702747,0.11549847227650312,0.34582800747860787,0.561765429398797,0.026592790751516587
2021-12-03 14:30:00,-0.0008796254486103557,-0.0008896173581784705,-0.0008996092677465852,0.019983819136229597,0.006091908685134206,0.01389191045109539,0.3526000200931475,0.5688853272353528,-0.007231569165429108
2021-12-06 14:30:00,0.0012196644424784225,0.0012106763416644731,0.0012016882408505238,0.01797620162789859,0.009162180397861874,0.008814021230036717,0.3512201888199584,0.5763195171922004,0.011205059636042458
2021-12-07 14:30:00,-0.006396383550822681,-0.0064075434735191734,-0.006418703396215666,0.022319845392984594,0.022192096320600152,0.0001277490723844421,0.3512114690238397,0.5762004879159347,0.013572814871672723
2021-12-08 14:30:00,-0.0015888514529814564,-0.001614790938945882,-0.0016407304249103076,0.0518789719288512,0.012906015650668106,0.03897295627818309,0.3552143562113892,0.5412304188253011,0.0004720264875424836
2021-12-09 14:30:00,-0.006448626608122369,-0.006467859161012286,-0.006487091713902203,0.03846510577983423,0.0067039558668066474,0.031761149913027586,0.36282178368750007,0.5170766963883844,-0.014531172931765016
2021-12-10 14:30:00,8.99441331118616e-05,7.360307126621758e-05,5.726200942057358e-05,0.03268212369128801,0.003267360974640236,0.02941476271664778,0.35311872346854734,0.5367883988860794,0.007824674199526335
2021-12-13 14:30:00,-0.00939419606296531,-0.009406840577748592,-0.009419485092531873,0.025289029566562093,0.008476337477757778,0.016812692088804315,0.35748644126411666,0.5492333731793144,-0.012934767441227235
2021-12-14 14:30:00,-0.004691757296183336,-0.004711598341745499,-0.004731439387307663,0.0396820911243269,0.016015950246040894,0.023666140878286,0.3487278721704611,0.5641409449639448,-0.012622917488065174
2021-12-15 14:30:00,-0.004298422161878247,-0.0043098598696198,-0.004321297577361353,0.022875415483106343,0.012369378989972146,0.010506036493134197,0.34691929418385714,0.5728384034704751,0.014444562088178792
2021-12-16 14:30:00,0.012976060097793174,0.012963166548750555,0.012950272999707937,0.025787098085237714,0.010720612154051068,0.015066485931186646,0.34734943114376693,0.5582020544991982,0.00039045804489235003
2021-12-17 14:30:00,-0.002033771842664135,-0.002085107018282359,-0.0021364421939005828,0.10267035123644792,0.024375473837816537,0.07829487739863139,0.3665514775626221,0.499109223519422,-0.010041810920325264
2021-12-20 14:30:00,-0.004076549849939587,-0.004079793473991224,-0.004083037098042861,0.006487248103273576,0.0044584794278522315,0.002028768675421344,0.36691356891178273,0.5007759008456827,-0.008585751537169931
2021-12-21 14:30:00,0.017592627800435915,0.017584967487351017,0.017577307174266116,0.01532062616979831,0.008975238666710425,0.006345387503087885,0.3642213866748206,0.5044291061118085,0.028358351426801837
2021-12-22 14:30:00,0.0005222965584207196,0.00047352887840536344,0.0004247611983900073,0.09753536003071235,0.014816075295295567,0.08271928473541679,0.35085057177995627,0.5737775759523609,0.009025980236772849
2021-12-23 14:30:00,-0.005068129363778428,-0.005075737882077038,-0.005083346400375647,0.015217036597219069,0.012631302326164162,0.002585734271054907,0.35204127208595426,0.572382541987304,-0.0008034219031755052
2021-12-27 14:30:00,0.004045320195658852,0.0040369010303084735,0.004028481864958095,0.01683833070075665,0.007823714136341382,0.009014616564415268,0.3509033070015988,0.5645058905072442,0.015086299013617651
2021-12-28 14:30:00,-0.001815626159024109,-0.0018206044992976347,-0.0018255828395711605,0.009956680547051417,0.005008036352045571,0.004948644195005847,0.3505669544324457,0.569118182133097,-0.001300952601839415
2021-12-29 14:30:00,-0.0036195563672869902,-0.003633756977929434,-0.003647957588571878,0.028401221284887868,0.006376917813144423,0.022024303471743445,0.3563758896067756,0.5529028138356834,-0.0017864069788112724
2021-12-30 14:30:00,0.0034587520361596354,0.0034447052506257837,0.003430658465091932,0.028093571067703493,0.020643623140370937,0.007449947927332556,0.35792013197564565,0.5469971082772209,0.003133404365254111
2021-12-31 14:30:00,0.015925047725332434,0.015919362745438047,0.015913677765543657,0.011369959788776491,0.005618926324726455,0.005751033464050037,0.3629774580445785,0.5463034008821037,0.01378602922466817
2022-01-03 14:30:00,-0.016406823853945297,-0.01644328008308109,-0.01647973631221689,0.07291245827159076,0.025165055981777762,0.047747402289813,0.3763964250384052,0.5119749655861174,-0.015211763575041134
2022-01-04 14:30:00,0.021371993988094664,0.021340607568507697,0.021309221148920733,0.06277283917393152,0.023503527446912937,0.039269311727018585,0.39153461722461436,0.487843846045308,0.013828854385421216
2022-01-05 14:30:00,-0.01653723264719037,-0.016573107880104618,-0.016608983113018862,0.07175046582849323,0.028370549294326884,0.04337991653416634,0.392160153139946,0.4450894654264733,-0.03043270464109175
2022-01-06 14:30:00,0.01026556478626708,0.010222292428691812,0.010179020071116542,0.08654471515053863,0.003631058943984966,0.08291365620655367,0.37789992123801175,0.5137428897310927,0.0059976661483869265
2022-01-07 14:30:00,-0.0045915565450638015,-0.004619531317505901,-0.0046475060899480005,0.05594954488419934,0.024719207323111725,0.031230337561087618,0.3619760052322465,0.49843646817577036,-0.007245898502839632
2022-01-10 14:30:00,-0.0011226041471259916,-0.0011330255035811947,-0.0011434468600363978,0.02084271291040622,0.013257749792544276,0.0075849631178619425,0.35870060434111284,0.5027460304024987,-0.0031350491251228942
2022-01-11 14:30:00,0.005965496212430883,0.00595932397856237,0.005953151744693858,0.01234446773702495,0.010245178873482457,0.0020992888635424922,0.3596617332895141,0.5016078704873574,0.010261480559251654
2022-01-12 14:30:00,0.010875728440242583,0.010853289566261854,0.010830850692281124,0.04487774796145934,0.01260157273169667,0.03227617522976267,0.348710643489084,0.52293295591669,0.014056256754184279
2022-01-13 14:30:00,-0.0022830588775556958,-0.002295318266000648,-0.0023075776544456,0.0245187768899043,0.012218578987148138,0.01230019790275616,0.35258067408164595,0.5313631232268842,-0.013851905825346974
2022-01-14 14:30:00,-0.00376940207142763,-0.0037783964002335428,-0.0037873907290394554,0.017988657611825314,0.003175950679263832,0.014812706932561481,0.34793672922200275,0.5415318852998025,-0.0027896605982747533
2022-01-18 14:30:00,0.0037933834166468967,0.003786036328102363,0.003778689239557829,0.014694177089067579,0.011268942155837142,0.0034252349332304366,0.3497582676445539,0.5399281887891232,-0.013830802600173034
2022-01-19 14:30:00,-0.012387137364336628,-0.012398258055798262,-0.012409378747259897,0.02224138292326803,0.018528460392448078,0.003712922530819951,0.3465146992248994,0.5394588346779577,-0.01674571188997546
2022-01-20 14:30:00,-0.01638176862127762,-0.016389346809728686,-0.016396924998179747,0.015156376902127585,0.010375464105408757,0.004780912796718828,0.34563021917502806,0.5433552674248052,-0.022987461627442845
2022-01-21 14:30:00,0.009443694166115325,0.009424695662895098,0.009405697159674873,0.03799700644045213,0.010172654335551218,0.027824352104900918,0.3417467264858386,0.5672961268405167,-0.006930726628050314
2022-01-24 14:30:00,0.008935494681986678,0.008921883921362875,0.008908273160739073,0.027221521247605057,0.0070401548573288215,0.020181366390276234,0.34221643327255546,0.5475844672369573,0.008161177321445093
2022-01-25 14:30:00,-0.00167234441401869,-0.0016855780125272378,-0.0016988116110357855,0.02646719701709549,0.006107697945735957,0.020359499071359533,0.33571545665219465,0.5337259447859586,-0.019313446161402514
2022-01-26 14:30:00,0.0031202409117120243,0.0031121490417471017,0.0031040571717821787,0.01618373992984558,0.006000806143030631,0.010182933786814952,0.3334175202403872,0.5416109421609661,-0.00045966894586361534
2022-01-27 14:30:00,-0.007422300056165064,-0.007427246870786151,-0.007432193685407238,0.009893629242174313,0.008178980018675081,0.0017146492234992317,0.3320249241296372,0.5412888890482168,-0.00993034242905629
2022-01-28 14:30:00,-0.0071121854129507014,-0.007118000457087503,-0.007123815501224304,0.01163008827360218,0.005722408789798017,0.005907679483804162,0.3282498248536664,0.5434214692560502,0.013893991966168917
2022-01-31 14:30:00,-0.0035285369442994395,-0.0035488243206858337,-0.0035691116970722274,0.04057475277278796,0.02270670610899502,0.017868046663792936,0.31813620935243847,0.5511759004186152,0.020135930840625187
2022-02-01 14:30:00,0.0010642805204358844,0.001049063736344269,0.0010338469522526536,0.03043356818323073,0.0010765531651439897,0.02935701501808674,0.3050300540137706,0.567426760098034,0.0008725089869747368
2022-02-02 14:30:00,0.006594495684618512,0.006582093934706573,0.0065696921847946356,0.02480349982387629,0.01171294357764589,0.0130905562462304,0.2927448484572332,0.5682321107877271,0.015538679574697086
2022-02-03 14:30:00,0.0016220960948875145,0.0016152270682777792,0.0016083580416680439,0.013738053219470506,0.005557791871692844,0.008180261347777662,0.2993779520373745,0.5697792685553634,-0.022817350514110896
2022-02-04 14:30:00,-0.02237086065462534,-0.022385990609794203,-0.022401120564963066,0.03025991033772666,0.01948412821763127,0.01077578212009539,0.3025338817533307,0.5621594161512242,-0.017689660548160086
2022-02-07 14:30:00,0.001512674270020394,0.001483084936917783,0.0014534956038151719,0.05917866620522212,0.010103003588866916,0.04907566261635521,0.32095840908309675,0.5315082808646351,-0.0032318340311629687
2022-02-08 14:30:00,0.012642051529419437,0.012633513948676579,0.012624976367933723,0.01707516148571401,0.015351302618895316,0.001723858866818695,0.3214633677245469,0.5302893806392666,0.018835113340188354
2022-02-09 14:30:00,0.015292185199975456,0.01527561066729034,0.015259036134605223,0.03314906537023388,0.018290169735661888,0.01485889563457199,0.31816622979293613,0.5418511383422278,0.02816920977047177
2022-02-10 14:30:00,-0.0005665277861313413,-0.0005924663590152189,-0.0006184049318990964,0.051877145767755185,0.010874524917209564,0.041002620850545624,0.30369990130889407,0.5683874307087313,-0.021119289563321503
2022-02-11 14:30:00,-0.004723342014432728,-0.004729236244688069,-0.004735130474943411,0.0117884605106827,0.01033299911941902,0.0014554613912636793,0.3048386646789045,0.5680707326874781,-0.022561161622208375
2022-02-14 14:30:00,0.00047734917816753776,0.00046452944533598644,0.00045170971250443507,0.025639465663102677,0.011392756775714793,0.014246708887387882,0.30160145067348265,0.5790802275694441,-0.0013700647104403958
2022-02-15 14:30:00,0.015236154948269999,0.015220534012496935,0.01520491307672387,0.031241871546128543,0.025769065287058725,0.005472806259069818,0.2995870483699706,0.5825386315250018,0.028322946298067937
2022-02-16 14:30:00,0.008447845948344608,0.008421963940792646,0.008396081933240684,0.051764015103925046,0.012160802498640006,0.03960321260528504,0.28859233729961553,0.6111471330599318,0.008947929451794531
2022-02-17 14:30:00,-0.007638018512488125,-0.007650121524547113,-0.007662224536606102,0.024206024117977155,0.015232323077753832,0.008973701040223325,0.2855918257394918,0.6171203225400315,-0.02582141474558645
2022-02-18 14:30:00,0.006581690773121536,0.006567394651181692,0.006553098529241847,0.028592243879688804,0.007441990219122804,0.021150253660566,0.2801422283089612,0.6328209787700668,-0.001142569292712799
2022-02-22 14:30:00,-0.005146713706520219,-0.005149058704599203,-0.005151403702678189,0.0046899961579697225,0.0019277056718961516,0.002762290486073571,0.2804819628604597,0.6303984228354917,-0.0117748153697389
2022-02-23 14:30:00,0.0008983027657123686,0.0008906753384117152,0.0008830479111110617,0.015254854601306914,0.00454090403022415,0.010713950571082764,0.2749551351140224,0.6252113000108462,-0.019771860712470685
2022-02-24 14:30:00,0.02794548675082252,0.027912321174577967,0.027879155598333413,0.06633115248910727,0.05448552001933156,0.011845632469775713,0.2771927531959991,0.6348193143986453,0.05149495766200266
2022-02-25 14:30:00,-0.008016420232328412,-0.008064402306193515,-0.00811238438005862,0.09596414773020788,0.015140419847818703,0.08082372788238917,0.24581651598928295,0.6842668050743183,0.010206864799219248
2022-02-28 14:30:00,0.013598610884489071,0.013553125838942139,0.013507640793395208,0.09097009109386331,0.02538993018561101,0.0655801609082523,0.1862524605192325,0.6902829105125201,0.016619620235726124
2022-03-01 05:00:00,-0.009706465887151274,-0.009818289428713345,-0.009930112970275415,0.22364708312414183,0.16037371591252114,0.06327336721162069,0.24548399646079733,0.6862410792424642,0.0477223794772097
2022-03-01 14:30:00,-0.00797496516558395,-0.008072559093299219,-0.008170153021014486,0.19518785543053674,0.11136264200250787,0.08382521342802887,0.1627340936009681,0.6873163898106639,-0.06521948694813066
2022-03-02 14:30:00,0.009208892220361213,0.009182897347746669,0.009156902475132124,0.051989745229088453,0.01587898784933809,0.03611075737975036,0.19536165144455697,0.6907995893468254,0.023179048160720212
2022-03-03 14:30:00,0.015494858529546377,0.015481788407557496,0.015468718285568617,0.02614024397776088,0.01977466507969483,0.006365578898066049,0.1948630695263887,0.6966665863267232,0.008973752531263868
2022-03-04 14:30:00,-0.007113437474074816,-0.007138634172417083,-0.00716383087075935,0.05039339668453392,0.03673120104155832,0.013662195642975605,0.2073720904235108,0.6955134115808697,-0.012618343224982639
2022-03-07 14:30:00,0.009016465755140033,0.008996395464187122,0.008976325173234209,0.040140581905824466,0.011996114332002466,0.028144467573821996,0.19319637378168936,0.7094821625128702,-0.014642750606888319
2022-03-08 14:30:00,0.038868256380228124,0.03882726611886065,0.03878627585749317,0.08198052273495432,0.049178870945709496,0.03280165178924482,0.20594173521097625,0.6894258721529123,0.03248024764389501
2022-03-09 14:30:00,-0.010741645954747041,-0.010768485672142194,-0.010795325389537345,0.05367943479030372,0.009400991204430536,0.044278443585873184,0.1769266668458399,0.7046892473736491,0.013374438980044904
2022-03-10 14:30:00,0.01106383887240945,0.011026911171939217,0.010989983471468982,0.07385540094046704,0.014650493059816841,0.05920490788065019,0.20076057878057257,0.6693182514277316,0.004975581801557956
2022-03-11 14:30:00,0.014564025022091046,0.014549341977553564,0.014534658933016082,0.029366089074963114,0.018618306386310828,0.010747782688652285,0.204499927158514,0.6623098171170207,0.00013422112978474696
2022-03-14 13:30:00,0.014279250395148045,0.01427072855917809,0.014262206723208132,0.017043671939912297,0.009082677178198217,0.00796099476171408,0.2085025924385216,0.6583514876353143,0.0013991648093174547
2022-03-15 13:30:00,-0.023295459442834225,-0.023309214160176277,-0.023322968877518332,0.02750943468410525,0.01199458826476866,0.015514846419336592,0.20144667349587697,0.6668104151120062,0.00019723414046842377
2022-03-16 13:30:00,-0.009159250949445245,-0.009181055400145343,-0.009202859850845438,0.04360890140019358,0.0065334858467498425,0.037075415553443736,0.20339375884141264,0.6316820849040982,0.01389667776276493
2022-03-17 13:30:00,-0.0018193519482786547,-0.0018467662803611997,-0.0018741806124437448,0.054828664165090114,0.01885016698659673,0.035978497178493385,0.21594305948273546,0.6082528883669276,0.006455252107938884
2022-03-18 13:30:00,-0.004355044144914245,-0.004369492429804949,-0.004383940714695652,0.028896569781406988,0.0013628405900524645,0.027533729191354522,0.22537371634782113,0.5901498160406587,0.005799242510919307
2022-03-21 13:30:00,-0.0004977187223341481,-0.000510936480849181,-0.000524154239364214,0.026435517030065886,0.01369154704708564,0.012743969982980247,0.230986032118971,0.5830181618288284,-0.0005751894603763796
2022-03-22 13:30:00,-0.001357705529029498,-0.0013638153362202192,-0.0013699251434109404,0.01221961438144233,0.006288820938823066,0.005930793442619264,0.22860249874373056,0.5865654218962072,0.010492684061217247
2022-03-23 13:30:00,-0.008166979560895031,-0.00817647301472752,-0.008185966468560008,0.018986907664975704,0.012115025845870727,0.006871881819104975,0.23049053744233272,0.5815815787757044,-0.01620007597621716
2022-03-24 13:30:00,-0.0012146280060910137,-0.0012241752878471455,-0.0012337225696032773,0.019094563512263647,0.01182967650375984,0.007264887008503806,0.22838758367584855,0.586743512017724,0.014174626356233158
2022-03-25 13:30:00,0.014073473050541628,0.014064440580991572,0.014055408111441516,0.018064939100111733,0.014379656649129805,0.0036852824509819304,0.2294674809232779,0.5841381268141714,0.016912806621068716
2022-03-28 13:30:00,-0.001954258631475192,-0.001963776546907363,-0.001973294462339534,0.01903583086434203,0.008371707929114274,0.010664122935227754,0.23702867095091876,0.5810351939065845,0.008566466292127354
2022-03-29 13:30:00,-0.0071067997053261495,-0.007117655458163178,-0.0071285112110002075,0.021711505674057795,0.01643188401211034,0.005279621661947453,0.2337606574727212,0.5830468020903344,0.005097165916264561
2022-03-30 13:30:00,-0.006064358058828853,-0.006080843499146377,-0.006097328939463901,0.03297088063504787,0.008642173972480165,0.0243287066625677,0.2185959397391298,0.5922107910193107,-0.010801949879282438
2022-03-31 13:30:00,0.0005842919581883349,0.0005662649581301718,0.0005482379580720087,0.036054000116326215,0.01664396682985751,0.019410033286468703,0.2130280246680255,0.6060529092346751,-0.007156296612702969
2022-04-01 13:30:00,0.0008963063563559638,0.0008344386557307786,0.0007725709551055932,0.12373540125037052,0.0987000923831115,0.02503530886725902,0.22077249184905323,0.5887620675484438,0.0028593336074154894
2022-04-04 13:30:00,-0.014331862577791465,-0.01433605310628427,-0.014340243634777075,0.008381056985609878,0.0026068425088546046,0.005774214476755274,0.22467786447448376,0.5868932256971191,-0.003974326526180942
2022-04-05 13:30:00,0.0017238996454093606,0.001695703488176317,0.0016675073309432738,0.05639231446608685,0.02006150512927544,0.036330809336811404,0.24062661635617028,0.5665111682419942,-0.009345678104777858
2022-04-06 13:30:00,0.007715498133967098,0.00770629176623285,0.007697085398498602,0.018412735468496116,0.017621274687692368,0.0007914607808037488,0.23990310489549585,0.5664432189218649,0.00019054795130812874
2022-04-07 13:30:00,0.010887926305090124,0.010871441505813585,0.010854956706537045,0.032969598553078974,0.011206368818767059,0.021763229734311912,0.2505808404993752,0.5553577247914323,0.011589309375927023
2022-04-08 13:30:00,0.015023872367424324,0.015016139914032738,0.015008407460641152,0.015464906783173027,0.012826896136839405,0.0026380106463336217,0.24837020855559339,0.5557851034939841,0.008096409088086842
2022-04-11 13:30:00,0.00035498061382966545,0.00034193393850509286,0.0003288872631805203,0.026093350649145197,0.008840673746341676,0.01725267690280352,0.25457713472583127,0.5447393527614185,-0.016005448672391176
2022-04-12 13:30:00,0.000883320144243349,0.0008750484424290434,0.0008667767406147378,0.016543403628611175,0.009719228351614984,0.006824175276996192,0.25149794875552606,0.5484843420681095,-0.00047281998222659105
2022-04-13 13:30:00,-0.00985247964121729,-0.009858726931293135,-0.00986497422136898,0.012494580151690304,0.011219629746848314,0.0012749504048419902,0.2516163866836535,0.549640854544824,0.0008247791106669178
2022-04-14 13:30:00,0.011852577202087199,0.011831276799028963,0.011809976395970725,0.04260080611647399,0.012957514292088801,0.029643291824385187,0.2630892525953272,0.5314704286321126,-0.00016240908432452184
2022-04-18 13:30:00,0.017123761592487036,0.017101460631265924,0.01707915967004481,0.04460192244222364,0.017651181614529644,0.026950740827693997,0.27111383252134447,0.5125442677304358,0.016056703627924513
2022-04-19 13:30:00,0.004667394823847201,0.0046490355187682976,0.0046306762136893945,0.0367186101578059,0.018854939249634585,0.017863670908171314,0.26319922217388725,0.5224933282911499,0.01804970655392805
2022-04-20 13:30:00,0.030470460832168058,0.030452066807460376,0.030433672782752694,0.036788049415364586,0.03299126567269902,0.003796783742665566,0.266522059996265,0.5220193823708621,0.025026609842477548
2022-04-21 13:30:00,-0.020799733550819936,-0.020846949476961606,-0.020894165403103272,0.09443185228333688,0.055466375904151974,0.038965476379184905,0.28058528941566907,0.49711713541108127,-0.03572620644601284
2022-04-22 13:30:00,-0.008108990135744287,-0.008125839697627927,-0.008142689259511565,0.033699123767277905,0.011429807834145156,0.02226931593313275,0.29122097904426947,0.5087507617156136,-0.026328401196267892
2022-04-25 13:30:00,-0.006263859734272661,-0.006274810380511713,-0.006285761026750764,0.021901292478103317,0.011651970306312117,0.010249322171791198,0.29949336187583186,0.5107277010558424,-0.0017603770564926051
2022-04-26 13:30:00,0.003565762903673775,0.0035550311233289483,0.0035442993429841215,0.021463560689653216,0.014469117507262763,0.006994443182390453,0.3035989560054046,0.5136165501086601,-0.018867303858236983
2022-04-27 13:30:00,0.008363191853162666,0.008357952753689172,0.008352713654215678,0.010478198946989092,0.007137920606082981,0.003340278340906111,0.3044112585946421,0.5161445258603288,0.006285213728377204
2022-04-28 13:30:00,-0.010496540449575547,-0.010500419614689257,-0.010504298779802964,0.0077583302274174355,0.0036361361025040546,0.004122194124913381,0.3018671123312965,0.5177225737218966,0.011256495262230567
2022-04-29 13:30:00,0.01565469231138047,0.015638903351331914,0.015623114391283359,0.03157792009711282,0.011550605000838562,0.020027315096274256,0.30381962370901106,0.4996477700033369,-0.015927626273695556
2022-05-02 13:30:00,-0.005200487923645614,-0.0052235520280547905,-0.005246616132463966,0.04612820881835217,0.020215688067314663,0.025912520751037504,0.2990964666692428,0.47845840629206765,-0.000276259568623131
2022-05-03 13:30:00,0.014086198324264982,0.01406785376339705,0.014049509202529118,0.03668912173586362,0.015169139340404017,0.021519982395459603,0.28889986424469744,0.4897817862629819,0.01571505249830422
2022-05-04 13:30:00,-0.00021644083433015188,-0.00021891427121870305,-0.00022138770810725423,0.004946873777102364,0.0037470205370236567,0.0011998532400787076,0.2898519428200397,0.4900295609277184,0.02282097039505822
2022-05-05 13:30:00,0.016440071472198114,0.01643011587246666,0.016420160272735206,0.019911199462908664,0.008874172117280327,0.011037027345628336,0.2923991971483747,0.48153978791042507,-0.010801652297759349
2022-05-06 13:30:00,0.0069755071499533455,0.006929783567293125,0.006884059984632904,0.09144716532044146,0.043561895776011175,0.04788526954443029,0.3046003731707345,0.4458556943883546,0.004057278271979363
2022-05-09 13:30:00,-0.03210412088226196,-0.03213530022136175,-0.032166479560461536,0.06235867819957695,0.05620948613134051,0.006149192068236442,0.3022509722475229,0.4420559032433298,-0.05166062822913412
2022-05-10 13:30:00,-0.0075518278450008814,-0.0075911326867287975,-0.007630437528456713,0.07860968345583166,0.0417718927592298,0.03683779069660187,0.2961895829917367,0.47283230468414544,-0.005402985592008321
2022-05-11 13:30:00,3.699163565984431e-05,2.1239018698158196e-05,5.4864017364720795e-06,0.03150523392337223,0.015795789778424663,0.01570944414494757,0.3043251988350936,0.4652584763825548,-0.011569564685921963
2022-05-12 13:30:00,-0.0031314308562316925,-0.0031606529180545568,-0.0031898749798774215,0.05844412364572895,0.028840275512224643,0.029603848133504307,0.31670732082732883,0.4480367502412857,-0.0073885920407729495
2022-05-13 13:30:00,0.006474051230476122,0.006456868221895582,0.0064396852133150415,0.034366017161080765,0.029773605044265995,0.00459241211681477,0.3194344856251743,0.4461715029223164,0.02681052195356141
2022-05-16 13:30:00,0.00310029204692047,0.003084111088372551,0.0030679301298246323,0.03236191709583734,0.018059322992536247,0.014302594103301092,0.32532600528574285,0.43776042847958385,-0.0009721494220508534
2022-05-17 13:30:00,0.0035465100925644415,0.0035395565914275863,0.0035326030902907307,0.013907002273710611,0.013405285278848877,0.0005017169948617339,0.3255854765576138,0.43800267420257466,0.018253948299242984
2022-05-18 13:30:00,-0.0005168051447415056,-0.000529421393298588,-0.0005420376418556704,0.025232497114164774,0.024335624076960514,0.0008968730372042599,0.32567126375858024,0.43719158836633687,-0.02512778171633075
2022-05-19 13:30:00,0.02194868045755629,0.02193554104986713,0.021922401642177968,0.026278815378321052,0.022147438685335974,0.004131376692985078,0.3227076344369865,0.43835933573772823,0.018924515373489603
2022-05-20 13:30:00,-0.016866632050403826,-0.016899772527829576,-0.016932913005255325,0.06628095485149726,0.015419847136369902,0.05086110771512736,0.33443831364530313,0.3992289072309175,-0.017172344458661892
2022-05-23 13:30:00,0.012481781787542917,0.012474092252742248,0.012466402717941581,0.015379069601336318,0.007119565796479691,0.008259503804856627,0.3412890580720762,0.400637666609001,0.02323461110792276
2022-05-24 13:30:00,-0.01009436710905236,-0.010101279533402228,-0.010108191957752097,0.013824848699735697,0.00955549124270642,0.004269357457029277,0.34173128473613334,0.40446479740197316,-0.011868997499380937
2022-05-25 13:30:00,0.010234157411756713,0.010208070861881321,0.01018198431200593,0.05217309975078238,0.013911281863055347,0.038261817887727034,0.3703650512293664,0.41409284879646713,0.015779338554594124
2022-05-26 13:30:00,-0.0027888804262428523,-0.002836591780175856,-0.00288430313410886,0.09542270786600739,0.01620471205839154,0.07921799580761585,0.29705639841871134,0.4200021917934279,0.009691205522405063
2022-05-27 13:30:00,0.0036457871204089894,0.003631586364286913,0.003617385608164837,0.02840151224415227,0.006846807892952889,0.021554704351199383,0.2848653757212949,0.410638510139645,0.02150175989078873
2022-05-31 13:30:00,-0.00956574923912236,-0.009591493799758792,-0.009617238360395224,0.051489121272865215,0.022195141567249072,0.029293979705616147,0.2639930758136966,0.4190601899376628,-0.014320136394070074
2022-06-01 04:00:00,0.025561936193281443,0.02546240157905122,0.025362866964820995,0.1990692284604468,0.09943584693309257,0.09963338152735424,0.34613080402885765,0.40156453662546965,-0.02715367481549928
2022-06-01 13:30:00,-0.01827626677560634,-0.018385645762796426,-0.018495024749986513,0.2187579743801736,0.09718058339005062,0.12157739099012299,0.2636576330862952,0.3624603165779091,0.027349753663069503
2022-06-02 13:30:00,0.01115602792606551,0.011117940345321934,0.011079852764578358,0.07617516148715109,0.018774029120030233,0.057401132367120855,0.28053661343249375,0.3219381645569868,0.02186282270034079
2022-06-03 13:30:00,0.019213158674971788,0.01919635717977225,0.019179555684572715,0.033602990399073183,0.027130905906011714,0.00647208449306147,0.2842334698588036,0.32471339262373844,0.009394748814905466
2022-06-06 13:30:00,0.014230052587573084,0.014220367256466332,0.014210681925359582,0.0193706622135027,0.009341235604572784,0.010029426608929914,0.2820569334976487,0.3168605023759634,0.016537359238353755
2022-06-07 13:30:00,0.022337056439678146,0.02232978828094618,0.022322520122214213,0.0145363174639321,0.00900291247418957,0.00553340498974253,0.28444283438041496,0.3200080064829397,0.026811306771670724
2022-06-08 13:30:00,-0.009084835245729728,-0.009094466489238633,-0.009104097732747538,0.019262487017810193,0.010654726250535873,0.00860776076727432,0.28726919215266006,0.3257894094779689,-0.017050137336815707
2022-06-09 13:30:00,0.004772354330452927,0.004747862001477339,0.004723369672501752,0.04898465795117472,0.014151951662660516,0.034832706288514204,0.32025894932836063,0.32763235859078255,-0.011698813199238637
2022-06-10 13:30:00,-0.019124564427488278,-0.019130363006335777,-0.019136161585183272,0.011597157694995069,0.005316800657046244,0.006280357037948825,0.31446076200230966,0.3271501888788847,-0.033069126136065906
2022-06-13 13:30:00,-0.007593236930952804,-0.0076267026042762375,-0.007660168277599672,0.06693134664686752,0.03859034089571119,0.028341005751156334,0.30459076701398197,0.34562119964171334,-0.03766743633633355
2022-06-14 13:30:00,-0.011518183596822901,-0.011540194116518826,-0.011562204636214752,0.04402103939185085,0.003485098272235679,0.04053594111961517,0.34004751884114154,0.34054201034925774,-0.019493636163582535
2022-06-15 13:30:00,7.968582346730077e-05,4.224305000221118e-05,4.800276537121593e-06,0.07488554693017918,0.012890185612143057,0.061995361318036124,0.38421873672865275,0.32271786691873283,0.010628989707494485
2022-06-16 13:30:00,-0.03120601832973565,-0.031220634680030758,-0.031235251030325865,0.02923270059021399,0.02406716712635404,0.00516553346385995,0.38663905683854993,0.31997265356477006,-0.051585555936970895
2022-06-17 13:30:00,-0.005755422066830126,-0.0057759358633949045,-0.005796449659959682,0.04102759312955595,0.0020736901312985445,0.038953902998257406,0.41473469911195265,0.33083091428962474,-0.005596390218419067
2022-06-21 13:30:00,0.009035795828468217,0.00901609319301221,0.008996390557556203,0.03940527091201468,0.02195938672769504,0.017445884184319638,0.425103908467572,0.32375423946092446,0.025295792779112647
2022-06-22 13:30:00,-0.005593600814542459,-0.005603322500456127,-0.005613044186369795,0.01944337182733541,0.002335504809787059,0.01710786701754835,0.4159032902347259,0.3316614882456267,-0.0017012631066832817
2022-06-23 13:30:00,0.0027957390814527285,0.002783562597380295,0.002771386113307861,0.024352968144867447,0.013451294840996239,0.010901673303871207,0.40769402937199833,0.33435390068677034,0.017372325351143896
2022-06-24 13:30:00,0.00842065110603675,0.008403220326617989,0.008385789547199226,0.034861558837523655,0.027955596815360563,0.006905962022163092,0.4139094273866407,0.33504446469429106,0.027100990967219223
2022-06-27 13:30:00,0.010209602231345361,0.010193851581164334,0.010178100930983308,0.03150130036205345,0.00811315449725103,0.023388145864802423,0.4337939160632242,0.3315408075060721,0.011298958740725062
2022-06-28 13:30:00,-0.01275852244624414,-0.012771020697506706,-0.01278351894876927,0.02499650252513108,0.00545512721778052,0.01954137530735056,0.4468386353985789,0.32504415153407623,-0.024331374572995057
2022-06-29 13:30:00,-0.022754386972301942,-0.022768850985378293,-0.022783314998454648,0.02892802615270451,0.012922966348094533,0.016005059804609978,0.4407170680879713,0.3349276440280786,-0.02212941487972553
2022-06-30 13:30:00,0.01137679089284116,0.011346674183470785,0.011316557474100408,0.06023341874075171,0.03546339542925718,0.024770023311494527,0.42423557260590716,0.343216171857509,0.01182929587103639
2022-07-01 13:30:00,-0.00021730641235272186,-0.0002411540232760154,-0.00026500163419930896,0.04769522184658709,0.0029800079466790197,0.04471521389990807,0.45362065647399014,0.3278860418256839,0.013072612583391319
2022-07-05 13:30:00,-0.012856647491869036,-0.012886507352873696,-0.012916367213878354,0.05971972200931911,0.049378706490260806,0.010341015519058305,0.46009326890538593,0.3240176387380214,-0.022998132129203947
2022-07-06 13:30:00,-0.00572848549945291,-0.0057803243719888936,-0.005832163244524878,0.10367774507196816,0.009118304628593272,0.09455944044337489,0.5231279113032659,0.29249284069252646,0.0015741059640918726
2022-07-07 13:30:00,0.02211189725145634,0.0220913803194992,0.022070863387542057,0.041033863914281876,0.019180041170277384,0.021853822744004492,0.5082505664278598,0.2994693185611249,0.02801287654446405
2022-07-08 13:30:00,-0.006358608647496957,-0.00638140344890469,-0.006404198250312423,0.04558960281546637,0.0061002769597260365,0.03948932585574033,0.4865278514693071,0.3172359294583125,-0.007558175843963344
2022-07-11 13:30:00,0.0018574993105085346,0.001852670976615024,0.0018478426427215133,0.009656667787021178,0.004271002857182626,0.005385664929838552,0.49002875165823734,0.3153511647174042,-0.0017916056414710724
2022-07-12 13:30:00,0.0006830367930095744,0.0006676194562831774,0.0006522021195567804,0.030834673452793948,0.02422391942386115,0.006610754028932797,0.48665451045846575,0.3185876775465654,-0.004758275930675682
2022-07-13 13:30:00,0.003190110877902601,0.0031796098267428924,0.0031691087755831844,0.021002102319416495,0.00967315522188598,0.011328947097530517,0.4803706716001357,0.3236327857857659,0.0005306714035307284
2022-07-14 13:30:00,0.000356497980320013,0.0003456899186362517,0.0003348818569524904,0.021616123367522572,0.007304010946045898,0.014312112421476675,0.48983990475577743,0.31878990651993094,0.0014948611050877119
2022-07-15 13:30:00,-0.0012547899997271744,-0.001270986911433414,-0.0012871838231396536,0.03239382341247915,0.02622601130416402,0.006167812108315129,0.4915195298556982,0.31430171951153657,0.005363993125118038
2022-07-18 13:30:00,0.00449431526340937,0.004456976356948244,0.004419637450487118,0.07467781292225233,0.01527275722666969,0.05940505569558263,0.4531264924878805,0.3353137378393015,-0.0046438420971165835
2022-07-19 13:30:00,0.023896416473238605,0.02388201083509237,0.023867605196946137,0.028811276292468935,0.005750841157880826,0.02306043513458811,0.43026701811925727,0.3355146986052664,0.03696669251978557
2022-07-20 13:30:00,0.006930192604849229,0.006908273337044112,0.0068863540692389955,0.04383853561023362,0.006648585822925565,0.03718994978730805,0.41067985769564863,0.3531174879689658,0.007071824737902539
2022-07-21 13:30:00,0.0006120871864550318,0.0005890475416708613,0.0005660078968866907,0.046079289568341175,0.01921397617178311,0.026865313396558066,0.393652824141974,0.36295576781184924,0.006859647087602561
2022-07-22 13:30:00,-0.0061062500793527125,-0.0061121836421476556,-0.0061181172049425995,0.011867125589886654,0.008399035809018943,0.0034680897808677114,0.3948910314178808,0.3607258853068883,-0.007011934096802748
2022-07-25 13:30:00,0.005158722659408552,0.005145564512531595,0.0051324063656546385,0.02631629375391359,0.0077840109949243175,0.01853228275898927,0.38336896885624083,0.36773610550423763,0.007868174266927985
2022-07-26 13:30:00,0.014490845369506391,0.014480617698717864,0.014470390027929337,0.02045534157705366,0.012519453119910057,0.007935888457143603,0.3883617439274882,0.3706792188901339,0.009527492636195975
2022-07-27 13:30:00,-0.006846780030797866,-0.006871007943369519,-0.0068952358559411725,0.048455825143305944,0.009273901594396634,0.039181923548909314,0.42125312581160834,0.36438867722534474,0.008909613706323519
2022-07-28 13:30:00,0.03398849085666275,0.033965425692100475,0.0339423605275382,0.046130329124551214,0.03168287491259296,0.014447454211958255,0.4275161150851738,0.3562042122869519,0.0528132646573732
2022-07-29 13:30:00,-0.0068387092757959955,-0.006921589085117638,-0.007004468894439281,0.16575961864328542,0.04878789901250924,0.11697171963077618,0.5184326580332979,0.3301490356042998,0.0036368906122454803
2022-08-01 13:30:00,-0.008705077603815052,-0.008717081635484313,-0.008729085667153575,0.02400806333852218,0.02145275410658587,0.002555309231936309,0.5182838149302358,0.32774256947542557,-0.008341815446277545
2022-08-02 13:30:00,-0.002751673170459939,-0.0027640042665901224,-0.0027763353627203056,0.024662192260366367,0.002717316337429221,0.021944875922937146,0.5109843993692806,0.34238802983740757,-0.004807972770173752
2022-08-03 13:30:00,-0.00766701144502653,-0.00767693319091671,-0.007686854936806889,0.019843491780359067,0.013923969282997625,0.00591952249736144,0.5075972753091329,0.34492042827462127,0.004886530064228197
2022-08-04 13:30:00,-0.009295262253885009,-0.009341388083443853,-0.0093875139130027,0.09225165911769065,0.019871109096789276,0.07238055002090138,0.5322902146177484,0.2972328175623354,-0.006759596889266713
2022-08-05 13:30:00,-0.000305483420619348,-0.00032706738019579054,-0.00034865133977223303,0.04316791915288504,0.035152089495992134,0.008015829656892903,0.5265593790604612,0.29951781166194114,-0.004660488091011161
2022-08-08 13:30:00,0.0011330194495129107,0.0011180775704068473,0.0011031356913007839,0.029883758212126837,0.005842624260932776,0.02404113395119406,0.5400341742291125,0.2889514728793983,0.0009991622575203178
2022-08-09 13:30:00,-0.008793700705344977,-0.008799288944905708,-0.00880487718446644,0.01117647912146369,0.008491178323384752,0.002685300798078938,0.5379129072479298,0.2895155066962946,-0.006064781554162346
2022-08-10 13:30:00,0.012214983596838935,0.012204146065375522,0.012193308533912109,0.021675062926826173,0.009862768272076808,0.011812294654749367,0.5262404207858057,0.2893756985036694,0.022601942942341708
2022-08-11 13:30:00,0.008461607671021491,0.008452604256178463,0.008443600841335434,0.018006829686057175,0.0004984982604373154,0.01750833142561986,0.5188519185770154,0.299495527720499,0.006692888088253819
2022-08-12 13:30:00,0.00476731323250652,0.004762930923497205,0.004758548614487891,0.008764618018628989,0.00334146756021525,0.005423150458413739,0.5199844483980083,0.2952049070830781,0.01898747086876007
2022-08-15 13:30:00,-0.006733451471307607,-0.006745098375484428,-0.006756745279661248,0.023293808353640755,0.0035006268179037514,0.019793181535737003,0.5289355536672337,0.2843628308165665,-2.3034887697392925e-05
2022-08-16 13:30:00,-0.002389963484999348,-0.002396391215167654,-0.0024028189453359603,0.012855460336612076,0.006030345617194363,0.006825114719417713,0.526329207538575,0.2885815994073256,-0.0015688538967381833
2022-08-17 13:30:00,0.001798000579198549,0.0017859926449887698,0.0017739847107789907,0.0240158684195584,0.014198483643901156,0.009817384775657245,0.5316320115891016,0.28406701868219486,-0.002333002196577357
2022-08-18 13:30:00,0.005214487447700816,0.005207970794071011,0.005201454140441207,0.013033307259609366,0.0053649906377667795,0.007668316621842586,0.5264521172867614,0.2815785963626924,0.007862841127695456
2022-08-19 13:30:00,-0.013595744444675683,-0.013640803987377602,-0.01368586353007952,0.09011908540383563,0.004090505678639408,0.08602857972519623,0.5795798939087796,0.24867779325951433,-0.018742466332920798
2022-08-22 13:30:00,-0.006048969670602929,-0.006056910195353731,-0.006064850720104533,0.015881049501604738,0.006494113153526437,0.0093869363480783,0.5763471074035462,0.25483194310235924,-0.02062063999022079
2022-08-23 13:30:00,0.0020641993038993754,0.0020559903126827366,0.0020477813214660984,0.01641798243327706,0.010265425330099037,0.006152557103178025,0.5786964482904522,0.2586351593186313,-0.001623015398495668
2022-08-24 13:30:00,0.014629182762348189,0.01461594456556959,0.01460270636879099,0.026476393557197907,0.022589471860861098,0.003886921696336809,0.5771650115126274,0.25627967440011923,0.01718991240699704
2022-08-25 13:30:00,0.009852875590292832,0.009847817825777554,0.009842760061262276,0.01011552903055681,0.0005608584121779749,0.009554670618378835,0.5706025019558734,0.259271835461744,0.017946722038817715
2022-08-26 13:30:00,-0.009531801440539035,-0.009590355972145756,-0.009648910503752477,0.11710906321344178,0.014990215056149503,0.10211884815729227,0.6100994099513617,0.32189377562354793,-0.032088589595444916
2022-08-29 13:30:00,-0.0006087854092156884,-0.0007108715966957367,-0.0008129577841757851,0.20417237496009671,0.004759858436898634,0.19941251652319808,0.6901167985399417,0.441288903558166,-0.002861451976476026
2022-08-30 13:30:00,-0.005532117224812522,-0.005539790305400864,-0.005547463385989204,0.015346161176681658,0.010037268496731219,0.005308892679950439,0.6904880370226816,0.4363512493609555,-0.020484273201796317
2022-08-31 13:30:00,0.010148226865045726,0.01012131460424893,0.010094402343452134,0.05382452159359223,0.02158498514649813,0.0322395364470941,0.6897074342474803,0.46781018303284827,0.0029122925418125036
2022-09-01 04:00:00,0.11222397300217765,0.11211053496526709,0.11199709692835653,0.22687607382112035,0.21601934279351764,0.010856731027602706,0.6802427850957962,0.46641810115692967,-0.013653705729751109
2022-09-01 13:30:00,-0.03761656370127861,-0.03798929630467228,-0.03836202890806594,0.7454652067873335,0.19401438008375416,0.5514508267035794,0.23507006874172365,0.36013999080742287,0.038672904470545166
2022-09-02 13:30:00,0.006291893098005814,0.006222185196729459,0.006152477295453104,0.1394158025527103,0.010720130285457152,0.12869567226725315,0.10701260916460081,0.35950177811729256,6.342255696356602e-05
2022-09-06 13:30:00,-0.003970428766025967,-0.003980622957012424,-0.003990817147998881,0.02038838197291379,0.018570020449147684,0.0018183615237661044,0.10672961379344095,0.3579664119646863,-0.0062697008725928205
2022-09-07 13:30:00,0.005437658823022471,0.005409018745889899,0.005380378668757327,0.05728015426514355,0.00426448939997918,0.053015664865164375,0.12795885810149232,0.3261799914075733,0.016030427395934705
2022-09-08 13:30:00,0.016410169021412128,0.016394897508153664,0.0163796259948952,0.03054302651692873,0.011399514295236038,0.019143512221692693,0.12028768038998777,0.31470765689738517,0.017948185899074282
2022-09-09 13:30:00,0.002887958726762247,0.0028482692923045335,0.00280857985784682,0.07937886891542703,0.00975116005856469,0.06962770885686234,0.08165984668334172,0.34570753204760146,0.010774403146728284
2022-09-12 13:30:00,0.0040793801170732925,0.004069649748079288,0.004059919379085283,0.019460737988010034,0.016472004995330712,0.0029887329926793216,0.08035977468818697,0.34739619304512603,0.008976903458929505
2022-09-13 13:30:00,-0.012990874069004586,-0.013035105519198658,-0.01307933696939273,0.08846290038814356,0.0029302398280682818,0.08553266056007527,0.10650813447371388,0.28801189227057766,-0.031620435779611045
2022-09-14 13:30:00,0.005346147151166394,0.005307234658710392,0.005268322166254389,0.07782498491200522,0.006593114381962269,0.07123187053004296,0.07879974148051797,0.3315353698074247,0.008618833420288944
2022-09-15 13:30:00,-0.005277502386450132,-0.005289175081173054,-0.005300847775895975,0.023345389445842895,0.013069678545507373,0.010275710900335522,0.0808245494716204,0.3232844668981916,-0.012675151979785452
2022-09-16 13:30:00,-0.008714154834993857,-0.008725664499877283,-0.00873717416476071,0.023019329766853353,0.00912477974255151,0.013894550024301844,0.09020777882234707,0.31877314622461644,-0.011001260600610721
2022-09-19 13:30:00,0.014503618662925608,0.014494360799953301,0.014485102936980996,0.01851572594461253,0.009942330374440886,0.008573395570171644,0.0847894136534359,0.3219281766258769,0.01814657169630866
2022-09-20 13:30:00,-0.011908151911856464,-0.011928594515047733,-0.011949037118239001,0.0408852063825372,0.008342308519517524,0.03254289786301967,0.0986228240035093,0.30321868911293065,-0.015759252928649176
2022-09-21 13:30:00,-0.007570931658848116,-0.0075758359698729376,-0.007580740280897758,0.009808622049642113,0.00472993970424096,0.005078682345401153,0.09831056283435169,0.3079851102891742,-0.014429828090326446
2022-09-22 13:30:00,-0.009803006663636735,-0.009829947374451106,-0.009856888085265476,0.053881421628741544,0.007708617217983438,0.046172804410758106,0.11962159084473312,0.2831233338887975,-0.013714527703785007
2022-09-23 13:30:00,-0.023009037913776807,-0.023027111602694578,-0.023045185291612348,0.03614737783553951,0.02214003082688143,0.014007347008658078,0.11392715974317624,0.2914362497958987,-0.02907228754812141
2022-09-26 13:30:00,-0.018552419238371275,-0.018584699015157472,-0.01861697879194367,0.06455955357239651,0.017623522319827556,0.046936031252568955,0.09523515534998317,0.3196802766552746,-0.022171084153217335
2022-09-27 13:30:00,-0.010955301812973757,-0.01097708396222298,-0.010998866111472204,0.04356429849844748,0.011234953077838172,0.03232934542060931,0.11354650490888232,0.30566228079356444,-0.012745888611824907
2022-09-28 13:30:00,0.015253631087467088,0.015168164087763437,0.015082697088059786,0.1709339994073009,0.013826822285754417,0.15710717712154648,0.03296792538108326,0.38219087838731186,0.02321035508510912
2022-09-29 13:30:00,-0.00652145656156961,-0.00654157748347311,-0.00656169840537661,0.04024184380700013,0.022289593375698358,0.017952250431301775,0.026986572435688333,0.3941617758732187,-0.0189661149373066
2022-09-30 13:30:00,-0.0017893661190234124,-0.0018315834732662733,-0.0018738008275091345,0.08443470848572208,0.008660882904892381,0.0757738255808297,0.06568273624745807,0.35708411410415875,-0.009112732367050161
2022-10-03 13:30:00,0.018579497214556557,0.018574287880897083,0.018569078547237612,0.010418667318945696,0.004978899477126875,0.005439767841818821,0.06351206583248825,0.36035321153100774,0.028894886177578554
2022-10-04 13:30:00,0.03543044482677695,0.035414162868125626,0.0353978809094743,0.03256391730264742,0.02000361030963956,0.012560306993007864,0.06721995967628197,0.3692056246802219,0.048464142827579305
2022-10-05 13:30:00,-0.0006280851188060618,-0.0006593704004917851,-0.0006906556821775085,0.06257056337144666,0.009092578787628407,0.05347798458381825,0.05126892567252417,0.40673257526028234,-0.0019834705810440148
2022-10-06 13:30:00,-0.008998622820024404,-0.009004074647860155,-0.009009526475695908,0.010903655671503882,0.0035114453696832486,0.007392210301820634,0.05526819792840265,0.4033396372143402,-0.0139963260145017
2022-10-07 13:30:00,-0.01611519936475193,-0.016136674835842923,-0.016158150306933912,0.042950942181982796,0.0069917131850587184,0.03595922899692408,0.07568056694450068,0.38779277723351413,-0.032460976356297
2022-10-10 13:30:00,-9.26588144375259e-05,-0.00012333865332169147,-0.00015401849220585706,0.06135967776833115,0.00900026761236572,0.05235941015596543,0.05603520026114245,0.42050682070612133,-0.0041992696421809805
2022-10-11 13:30:00,0.008996518278530995,0.008993392366701065,0.008990266454871132,0.0062518236598629135,0.0027085352343131737,0.00354328842554974,0.054129568683918716,0.42214447755444734,0.003001911918254422
2022-10-12 13:30:00,-0.012521416872521748,-0.012572914320749671,-0.012624411768977594,0.10299489645584498,0.008695926499781792,0.09429896995606318,0.0948214139931749,0.36853735290764034,-0.015806271599182797
2022-10-13 13:30:00,0.009249972610339257,0.009209351377496948,0.00916873014465464,0.08124246568461717,0.010059678367033401,0.07118278731758376,0.13219310663196882,0.3347262582288505,0.02040910780879009
2022-10-14 13:30:00,-0.018487945919989823,-0.01850120847056102,-0.01851447102113221,0.026525101142389353,0.02167018448638939,0.0048549166559999635,0.13532814326715564,0.33644613824966363,-0.030553412838846123
2022-10-17 13:30:00,0.02178740913592072,0.02176593387224944,0.02174445860857816,0.042950527342559,0.014728367313249224,0.028222160029309773,0.1260386644807902,0.35537881949260797,0.03615892868106374
2022-10-18 13:30:00,0.01848216116687317,0.018447391371788798,0.018412621576704424,0.06953959016874377,0.005934228807590239,0.06360536136115352,0.1009464706085137,0.393891986981485,0.023442447138032934
2022-10-19 13:30:00,-0.008687564615015603,-0.008708761680662229,-0.008729958746308853,0.04239413129325039,0.004958828807664147,0.03743530248558624,0.08633267166302383,0.41671349052158135,-0.011329671611736222
2022-10-20 13:30:00,-0.01997119468979367,-0.020006977888447658,-0.020042761087101648,0.0715663973079766,0.00997643570689751,0.0615899616010791,0.05962214278605649,0.4515929232456931,-0.023780295192754448
2022-10-21 13:30:00,0.008705332508833976,0.008628538087821838,0.0085517436668097,0.1535888420242764,0.009712320999197685,0.1438765210250787,-0.020733513431537898,0.5151137880531774,0.02039991689786465
2022-10-24 13:30:00,0.00578013134069056,0.005758274359877742,0.005736417379064924,0.0437139616256355,0.023322641162691376,0.020391320462944118,-0.02740903844221837,0.5288295835054411,0.011368688663908869
2022-10-25 13:30:00,0.019858927849517136,0.019854469137161698,0.01985001042480626,0.008917424710874625,0.00702080248681162,0.0018966222240630048,-0.026554075705408353,0.5298712429926941,0.030287313689835765
2022-10-26 13:30:00,0.00491575002623655,0.004907842173209667,0.004899934320182784,0.01581570605376611,0.006137062792284173,0.009678643261481934,-0.023557168777661897,0.5365529793264295,-0.006929270879000675
2022-10-27 13:30:00,0.0136758228761885,0.013660104146594734,0.013644385417000967,0.031437459187531436,0.004989072280280338,0.026448386907251098,-0.03475643645777643,0.5518020985535661,0.0033520878512282026
2022-10-28 13:30:00,0.009682919924413658,0.009646686400175193,0.009610452875936728,0.07246704847693092,0.01998615839651019,0.05248089008042073,-0.008900111707364822,0.525177533223557,0.02550949205667563
2022-10-31 13:30:00,0.007510512952883714,0.007504855627026933,0.0074991983011701525,0.011314651713561977,0.004671802427397434,0.006642849286164543,-0.009377970013938586,0.5313425242031478,0.0014196941918234913
2022-11-01 13:30:00,0.008028855900417449,0.008025926675662674,0.0080229974509079,0.005858449509547781,0.004617175635518889,0.001241273874028892,-0.009391215573185285,0.5301144958883656,0.002575748813049006
2022-11-02 13:30:00,0.0026602841392451317,0.0026371928465966257,0.0026141015539481198,0.04618258529701186,0.02346151283204312,0.02272107246496874,0.0016682865625040622,0.5184529255590862,-0.015127042217893294
2022-11-03 13:30:00,0.042317118006188814,0.04228777083976119,0.04225842367333357,0.05869433285524071,0.023132824454076644,0.035561508401164066,0.017566575140331164,0.4987897057357492,0.032650036762613986
2022-11-04 13:30:00,0.0015763346981820126,0.0014843017714868587,0.001392268844791705,0.18406585339030765,0.02519357598546727,0.1588722774048404,0.0932805819502654,0.41563143514084305,0.008835421938208668
2022-11-07 14:30:00,0.012092222701912866,0.01207417886134167,0.012056135020770473,0.03608768114239226,0.02811129669431452,0.007976384448077745,0.095448992474438,0.4098234612169379,0.014776980628558626
2022-11-08 14:30:00,0.00109247582202189,0.0010619929151035338,0.0010315100081851776,0.06096581383671251,0.00740054116093436,0.05356527267577815,0.06971526622028223,0.4376550076385603,0.004769156402827601
2022-11-09 14:30:00,-0.010184015231853215,-0.010192084764141143,-0.010200154296429072,0.01613906457585664,0.013950199091580648,0.0021888654842759925,0.07077099188076125,0.4365218678147633,-0.020812739150027643
2022-11-10 14:30:00,0.00033143269229558847,0.0003122111909448096,0.0002929896895940308,0.03844300270155766,0.008417872969639657,0.03002512973191801,0.05777215896417737,0.45354816463009745,0.036521964580550646
2022-11-11 14:30:00,-0.021350686207271184,-0.021358938010019004,-0.021367189812766824,0.016503605495641633,0.010469124041134054,0.006034481454507579,0.05953954194266986,0.44928106615408236,-0.013738040767727075
2022-11-14 14:30:00,-0.016125097374361297,-0.016204628620032795,-0.016284159865704296,0.15906249134299819,0.026390855018517713,0.13267163632448048,0.12383050394825518,0.3809003918351872,-0.020931763422188127
2022-11-15 14:30:00,-0.004329446444369563,-0.004349817053003564,-0.004370187661637565,0.04074121726800263,0.01314831219782982,0.027592905070172813,0.13724639275019085,0.36672337556695006,0.0022551218281147887
2022-11-16 14:30:00,0.010539618207872959,0.010532838518561887,0.010526058829250815,0.013559378622143384,0.011828388767059753,0.0017309898550836311,0.13669717690997596,0.3655416015520813,0.006776303993591822
2022-11-17 14:30:00,0.004423524217933851,0.004400561623609955,0.004377599029286058,0.045925188647792936,0.017227560355567384,0.028697628292225552,0.15033677052180805,0.35048356687168786,0.0010209829427967332
2022-11-18 14:30:00,0.008094342337725631,0.008083962824217748,0.008073583310709865,0.020759027015767595,0.011960047917243477,0.008798979098524118,0.15315441451844986,0.34450223176980554,0.011354915332993265
2022-11-21 14:30:00,0.001460075816911785,0.0014161262011261045,0.0013721765853404238,0.08789923157136127,0.0026212595967464907,0.08527797197461479,0.19131604895159116,0.29738589422833206,-0.0007378059270657008
2022-11-22 14:30:00,0.0034458178545625938,0.003435451337591417,0.0034250848206202403,0.02073303394235345,0.017070109385448916,0.0036629245569045343,0.19307385736395394,0.2954807780837903,0.009348626478487295
2022-11-23 14:30:00,-0.0028008839873725367,-0.002816103422926195,-0.002831322858479853,0.0304388711073163,0.022047030369791054,0.008391840737525247,0.18706557293313564,0.29786433439049725,0.0022805755921937454
2022-11-25 14:30:00,0.008787658636149505,0.008783380687328457,0.00877910273850741,0.008555897642095134,0.007956329739375434,0.0005995679027196998,0.18650265598866833,0.29782768343224486,0.007912646459363293
2022-11-28 14:30:00,-0.014694675079595827,-0.014756851113437665,-0.014819027147279503,0.12435206768367606,0.011106008405631843,0.11324605927804421,0.2675615020431203,0.3300148966558371,-0.022290296686654127
2022-11-29 14:30:00,0.01441071847713711,0.014251004552039915,0.01409129062694272,0.3194278501943907,0.010851780896296792,0.3085760692980939,0.5637085654859543,0.342443902511097,0.007643412286714946
2022-11-30 14:30:00,-0.013414280773151033,-0.01342642953386512,-0.013438578294579208,0.024297521428175206,0.020534027611297967,0.003763493816877239,0.5622448721042737,0.34474370294629364,0.016339112612079543
2022-12-01 05:00:00,0.025203214390067494,0.02514418729494858,0.02508516019982967,0.1180541902378242,0.07597162138500517,0.042082568852819024,0.5714818858181367,0.3118981478073377,-0.0057357567289299345
2022-12-01 14:30:00,-0.008419691481051778,-0.008560473761072135,-0.008701256041092491,0.28156456004071273,0.08176882628470791,0.1997957337560048,0.6712869117276645,0.2119074399608607,0.015627869994801775
2022-12-02 14:30:00,-0.000457314665301709,-0.0004995204147905126,-0.0005417261642793162,0.08441149897760722,0.017517901855004715,0.06689359712260251,0.7013768328624447,0.17510376397303834,-0.00449605988811171
2022-12-05 14:30:00,-0.011690493825313132,-0.011693828099717887,-0.01169716237412264,0.006668548809507976,0.004363076854129141,0.002305471955378835,0.702381509273395,0.17380296842860987,-0.018563071377539358
2022-12-06 14:30:00,-0.004687630727613807,-0.004698998095340046,-0.004710365463066286,0.022734735452479227,0.015982638495933177,0.00675209695654605,0.7012872463558023,0.17946080246756319,-0.004037416644808278
2022-12-07 14:30:00,-0.0011703859431961552,-0.0011770483120871682,-0.001183710680978181,0.013324737782025883,0.0034394864741804274,0.009885251307845455,0.691790174780541,0.17984898220014728,-0.005116855593722251
2022-12-08 14:30:00,0.00029579060517381187,0.000290983671670973,0.00028617673816813406,0.009613867005677809,0.009041807681409017,0.0005720593242687921,0.6923090953505088,0.17990212095444824,0.006926708500199681
2022-12-09 14:30:00,0.002799471236151869,0.0027878199630202165,0.002776168689888564,0.02330254626330468,0.013429578926922054,0.009872967336382626,0.701088048691476,0.17880810695903285,-0.001983868607780178
2022-12-12 14:30:00,-0.003073019212628319,-0.0030745369894847707,-0.0030760547663412218,0.003035553712902668,0.0009410005305051277,0.0020945531823975405,0.700102426050006,0.17769917641810526,0.015169788239886165
2022-12-13 14:30:00,0.007825350284475797,0.007813859096960245,0.0078023679094446925,0.02298237503110424,0.008954911972557083,0.014027463058547157,0.6879783743515295,0.1796025877781759,0.011845190148944843
2022-12-14 14:30:00,-0.0026096286359712827,-0.0026182100263877394,-0.0026267914168041956,0.01716278083291295,0.009128718050321005,0.008034062782591944,0.6823846682770034,0.1820429444862417,-0.004804310939233725
2022-12-15 14:30:00,-0.014199173327864717,-0.014214402990842983,-0.014229632653821251,0.03045932595653352,0.02773913142750558,0.0027201945290279417,0.6798434646803089,0.18222193541857512,-0.028560469071621093
2022-12-16 14:30:00,0.0043890709742386205,0.004382431303698781,0.004375791633158942,0.01327934107967843,0.00335398418019639,0.00992535689948204,0.6808042507435926,0.1911865062547734,-0.009017733784238424
2022-12-19 14:30:00,0.0029357623226248792,0.0029258371048990627,0.002915911887173246,0.0198504354516331,0.003997102959832613,0.015853332491800487,0.6690006631865404,0.18713676132002516,-0.0023545166105592616
2022-12-20 14:30:00,0.003146010356568719,0.0031343974923571626,0.0031227846281456067,0.023225728423112362,0.005940733168118421,0.01728499525499394,0.6554342962717872,0.19085538966026588,0.0031857343988085005
2022-12-21 14:30:00,0.0025661435462528918,0.002562164555290816,0.0025581855643287397,0.007957981924151963,0.00028082931378762676,0.007677152610364335,0.6497579649640719,0.19285621096291494,0.014412648181966489
2022-12-22 14:30:00,-0.009102980198783325,-0.009110083577624639,-0.009117186956465953,0.014206757682627469,0.007980631688183082,0.006226125994444387,0.647268644654424,0.18911940527811844,-0.017671055020878068
2022-12-23 14:30:00,0.002387439732247849,0.002368065844874637,0.0023486919575014253,0.03874777474642376,0.005346331594389205,0.033401443152034554,0.6770639743777692,0.1927255187068078,0.009766290909854222
2022-12-27 14:30:00,-0.0034348863069378122,-0.0034423421142105895,-0.0034497979214833663,0.01491161454555412,0.005643594502705129,0.00926802004284899,0.6858365783948397,0.19223010268102927,-0.0018972978486362368
2022-12-28 14:30:00,-0.0009064643202824456,-0.0009174541674702322,-0.0009284440146580189,0.02197969437557327,0.008659916168290354,0.013319778207282917,0.6757020958856013,0.19541539837907376,-0.009926126497824464
2022-12-29 14:30:00,0.003305608941951447,0.0032838675102723723,0.003262126078593297,0.043482863358150055,0.004873342650542216,0.03860952070760784,0.6493983178531626,0.18310965570390458,0.012455469310707809
2022-12-30 14:30:00,-0.006600478667187372,-0.006629386216770353,-0.006658293766353333,0.05781509916596139,0.02296855175102508,0.03484654741493631,0.6772227807046183,0.17608757114042395,-0.01317589858182866
2023-01-03 14:30:00,-0.014968455354749435,-0.015005695386730081,-0.01504293541871073,0.07448006396129409,0.02091533171638943,0.053564732244904656,0.719733002887888,0.165033061078789,-0.016084059631347774
2023-01-04 14:30:00,-0.0025966623778925684,-0.002616060180862602,-0.0026354579838326364,0.03879560594006784,0.019212558658582957,0.019583047281484883,0.7039995549681461,0.16118346171704598,0.004562012305957541
2023-01-05 14:30:00,0.0008599521039572115,0.0008556945816664065,0.0008514370593756015,0.008515044581610065,0.006669552443773208,0.0018454921378368572,0.703338950361015,0.15999857418634025,-0.01687002901421375
2023-01-06 14:30:00,0.00120827399749018,0.0012013434964851597,0.0011944129954801395,0.013861002010040582,0.011323216986789916,0.002537785023250666,0.7032094182673255,0.16240682711590143,0.019835878227977128
2023-01-09 14:30:00,-0.007287568852595776,-0.007310972971992693,-0.007334377091389609,0.046808238793833556,0.002197493459585975,0.04461074533424758,0.7381201381081648,0.15270680162249312,-0.0013090434516703775
2023-01-10 14:30:00,-0.002301627438761838,-0.002305837438399903,-0.0023100474380379674,0.00841999927612938,0.007080634475596037,0.0013393648005333436,0.7390529243691207,0.15230022308291571,-0.0008054992731667543
2023-01-11 14:30:00,0.007157691183616581,0.00714247528276497,0.007127259381913359,0.030431801703222284,0.007415124790134471,0.023016676913087813,0.7241699440122522,0.14416652652669643,0.015525986411771534
2023-01-12 14:30:00,0.021434117794055955,0.021405347314906797,0.021376576835757638,0.05754095829831783,0.03321187026899257,0.024329088029325263,0.7047518254593041,0.13925555705031922,0.017395844167760816
2023-01-13 14:30:00,-0.00218862621241932,-0.0022240986232552945,-0.0022595710340912695,0.07094482167194938,0.010138107541420527,0.06080671413052885,0.6577254858022805,0.15303593152382444,-0.0035243271281363286
2023-01-17 14:30:00,-0.007468525977131952,-0.0074729917802515,-0.007477457583371048,0.008931606239096234,0.006528205779249989,0.0024034004598462444,0.6553781270111708,0.1529798898550879,-0.008076849799634337
2023-01-18 14:30:00,-0.011468440384886324,-0.011482738327330497,-0.011497036269774668,0.028595884888344636,0.00194725096656434,0.026648633921780296,0.6333688472227605,0.15761924398845792,-0.028722877161470928
2023-01-19 14:30:00,-0.007407405467289008,-0.0074363551796027905,-0.007465304891916573,0.05789942462756399,0.02041903125823356,0.03748039336933043,0.6639927102686518,0.15076271366501875,-0.015574130479517131
2023-01-20 14:30:00,0.013475635235944756,0.013470303921163069,0.013464972606381381,0.010662629563374723,0.0024665658665303045,0.008196063696844419,0.6710616838710013,0.14963562357052382,0.02156857836136557
2023-01-23 14:30:00,0.021026585372492308,0.02100296809647379,0.020979350820455274,0.04723455203703586,0.0049782105457194525,0.04225634149131641,0.6393561151929799,0.1601863963838188,0.024769967772031443
2023-01-24 14:30:00,0.012283615402167391,0.01226621765981955,0.012248819917471713,0.03479548469567877,0.002362663600858091,0.03243282109482068,0.6213925076696015,0.17465560995526114,0.015067640201331592
2023-01-25 14:30:00,-0.005959148415507723,-0.005964950963745235,-0.005970753511982746,0.011605096475022947,0.0034288985125017213,0.008176197962521226,0.6275248592909887,0.17261176361412706,-0.014817384366751285
2023-01-26 14:30:00,0.004273216302818185,0.004268046988770839,0.004262877674723493,0.010338628094692309,0.0018444967441923294,0.008494131350499978,0.6331060647608041,0.16969883773344252,0.009702610070153531
2023-01-27 14:30:00,-0.0009760141053818523,-0.000985333605825356,-0.0009946531062688595,0.018639000887007057,0.0075860869617496345,0.011052913925257424,0.6412372997670096,0.17262051665249445,0.0007422770079228794
2023-01-30 14:30:00,-0.0028450273827622576,-0.0028477600448085713,-0.002850492706854885,0.005465324092627492,0.004007409362700313,0.0014579147299271789,0.6402532669562453,0.17309439857165732,-0.009225814376638128
2023-01-31 14:30:00,0.012633538786356547,0.012626767016551277,0.012619995246746007,0.01354353961054026,0.011636656974967,0.0019068826355732593,0.6394468977908747,0.17199388510145464,0.01996627236895347
2023-02-01 14:30:00,0.00037973384051887514,0.000315396082711263,0.0002510583249036508,0.12867551561522428,0.05393756159129637,0.07473795402392791,0.5991664546598053,0.20645139599431317,0.005835185331222774
2023-02-02 14:30:00,-0.01295972800458939,-0.012964159600722553,-0.012968591196855714,0.008863192266324704,0.007709865805745175,0.001153326460579529,0.5982315263741299,0.20623299781940907,-0.0042616748554015205
2023-02-03 14:30:00,0.016135117961167546,0.01605423107105105,0.015973344180934552,0.16177378023299427,0.0157375443420118,0.14603623589098247,0.7017477943422532,0.1637130298965499,-0.0014446794170452915
2023-02-06 14:30:00,-0.004092885889206286,-0.0041183895547682444,-0.004143893220330203,0.05100733112391712,0.005580119941306731,0.045427211182610394,0.6586493248136881,0.16604177155059519,0.00012796985263367291
2023-02-07 14:30:00,0.007099012748122699,0.007089798704795727,0.007080584661468755,0.018428086653944686,0.004601332627636179,0.013826754026308508,0.6490530094338791,0.16181133290409566,0.01016725138714314
2023-02-08 14:30:00,0.015278140999241829,0.015245335210664079,0.015212529422086328,0.06561157715550132,0.025869111706072274,0.039742465449429054,0.6775577097532657,0.17304909803413815,0.0008193365062619066
2023-02-09 14:30:00,0.004594373161457304,0.004556574002238883,0.004518774843020462,0.07559831843684135,0.0060942972537112085,0.06950402118313015,0.6165765084490162,0.18157191791301885,-0.0054377348338512
2023-02-10 14:30:00,-0.0004980527953236339,-0.0005228148321647619,-0.00054757686900589,0.04952407368225611,0.017293042615879127,0.03223103106637698,0.5857108070204619,0.18293724755084145,0.009946801472927222
2023-02-13 14:30:00,0.006748195494824109,0.006737618343126257,0.006727041191428406,0.021154303395702883,0.012858843675497871,0.008295459720205012,0.592217171284233,0.1847263430072753,0.013292763232274055
2023-02-14 14:30:00,-0.002251866787887662,-0.0022585182642776017,-0.0022651697406675412,0.013302952779879178,0.004390074708626217,0.008912878071252961,0.5883706560148207,0.189792705809116,-0.0033543547869413124
2023-02-15 14:30:00,0.006163893259530938,0.00613834645044409,0.006112799641357242,0.05109361817369543,0.007114035800829847,0.04397958237286559,0.6255397817743383,0.182982249195768,0.011623423501650501
2023-02-16 14:30:00,-0.0013042224127283192,-0.0013217132397571447,-0.00133920406678597,0.03498165405765093,0.016871333727870603,0.018110320329780327,0.641334265266904,0.1806664123585533,-0.009579232096659932
2023-02-17 14:30:00,-0.002381405462820071,-0.0023869668719134576,-0.0023925282810068446,0.01112281818677352,0.006011126206710848,0.0051116919800626714,0.6458179703934113,0.18003842550499793,0.0033070242419340756
2023-02-21 14:30:00,-0.011290874685077692,-0.01130215024674991,-0.011313425808422132,0.022551123344439407,0.012500122407777906,0.010051000936661503,0.6378609387013814,0.18213239474962956,-0.027525590694405373
2023-02-22 14:30:00,0.0006806696066616724,0.0006561206531063129,0.0006315716995509536,0.04909790711071882,0.00503501542663487,0.04406289168408395,0.6803466169189781,0.18370960821611676,-0.0018141859788577408
2023-02-23 14:30:00,0.031142272135808335,0.03111402718590335,0.031085782235998366,0.056489899809968755,0.04635457096884614,0.010135328841122615,0.6728395146489797,0.18633783478724097,0.029251845023703666
2023-02-24 14:30:00,0.004092324265553517,0.00405686379735188,0.0040214033291502424,0.07092093640327458,0.0071850633470752125,0.06373587305619938,0.6208198288642097,0.19805402205867034,0.0009627054721423519
2023-02-27 14:30:00,0.008111777836842318,0.008098445614418187,0.008085113391994057,0.026664444848261172,0.010143323852325118,0.016521120995936056,0.6358790922809202,0.19659216447944478,0.0052237104426399545
2023-02-28 14:30:00,0.005924672121686398,0.00590278904564023,0.005880905969594061,0.04376615209233642,0.00906722876498911,0.03469892332734731,0.6598668679860382,0.20730331210167408,-0.005913076868440115
2023-03-01 05:00:00,-0.006369244209265053,-0.006465614110739765,-0.006561984012214477,0.19273980294942422,0.050669229132896135,0.1420705738165281,0.5921166433554054,0.2816236612875693,0.04941399566544128
2023-03-01 14:30:00,0.008690791618957326,0.008543224337551631,0.008395657056145934,0.2951345628113914,0.04717228374352174,0.24796227906786966,0.4469819440837077,0.38445124108374135,-0.05538014006491979
2023-03-02 14:30:00,-0.014164057191392477,-0.014190480930103588,-0.014216904668814697,0.05284747742222047,0.01626365962508543,0.03658381779713504,0.4228667104515742,0.37198265691873983,-0.003082134354689773
2023-03-03 14:30:00,7.199799477435216e-05,4.359789177781356e-05,1.5197788781274953e-05,0.05680020599307721,0.008870989108447452,0.047929216884629755,0.38437505690927243,0.3814202202610678,0.01450725221712427
2023-03-06 14:30:00,0.04372725987592569,0.043677838735523514,0.04362841759512133,0.09884228080435926,0.0927202611401426,0.00612201966421666,0.3804364969984828,0.38360368001449485,0.04600010097441657
2023-03-07 14:30:00,0.036624951923114366,0.0365557661755293,0.03648658042794424,0.1383714951701275,0.06216518777101939,0.07620630739910811,0.4301542554555224,0.3571151310724263,0.025201354104912126
2023-03-08 14:30:00,-0.006457716610631841,-0.006500262618307738,-0.006542808625983635,0.08509201535179484,0.011498001682028192,0.07359401366976664,0.37215469934141926,0.37270958862808984,-0.0017545484674080791
2023-03-09 14:30:00,-0.006247906781909765,-0.006257932397900652,-0.006267958013891538,0.02005123198177202,0.004114534624264884,0.015936697357507135,0.36102974953453426,0.377521336178712,-0.015688818627758467
2023-03-10 14:30:00,-0.018605998778530516,-0.018620577255308524,-0.01863515573208653,0.029156953556015962,0.01593798201930604,0.013218971536709923,0.35532534134081195,0.3850358995216996,-0.029605189028158934
2023-03-13 13:30:00,-0.016499808842386807,-0.016518568626197733,-0.01653732841000866,0.03751956762185158,0.0016118274318822992,0.035907740189969284,0.3841095267948887,0.37791234478580704,-0.007794041160672356
2023-03-14 13:30:00,0.015832308234901872,0.015790814876552265,0.015749321518202658,0.08298671669921479,0.01825473302168653,0.06473198367752825,0.3384193718763898,0.3969541735448364,0.029403636287652118
2023-03-15 13:30:00,-0.05475018479617362,-0.05478549253427149,-0.054820800272369366,0.07061547619574293,0.02530046921667828,0.045315006979064654,0.3657372010460872,0.37895699573546915,-0.04779517839648739
2023-03-16 13:30:00,0.014124835596145698,0.014012109762859595,0.013899383929573492,0.22545166657220478,0.015368824900280945,0.21008284167192384,0.22370905064713772,0.4470116870084435,0.02740704295666078
2023-03-17 13:30:00,-0.015445542830067813,-0.01547029579681251,-0.015495048763557208,0.04950593348939486,0.006207156414900439,0.04329877707449442,0.20388225282506425,0.47048366626086446,-0.019628790115347017
2023-03-20 13:30:00,0.01192081443764098,0.0119077781943436,0.011894741951046218,0.026072486594763328,0.0059992567187459045,0.020073229876017423,0.21963048828090315,0.46615867184068593,0.015293145355378401
2023-03-21 13:30:00,0.016272579080843168,0.01625755778948017,0.01624253649811717,0.030042582725995158,0.011834816588691085,0.01820776613730407,0.23076845879115399,0.4590888762136327,0.0181796373473256
2023-03-22 13:30:00,-0.008919747608276496,-0.008976204279544363,-0.009032660950812229,0.11291334253573378,0.014236353597657478,0.0986769889380763,0.16670146446050643,0.49369887082106145,-0.018908759058694786
2023-03-23 13:30:00,-0.010944102182427747,-0.010952084011754232,-0.010960065841080715,0.015963658652968827,0.009375957737403257,0.00658770091556557,0.16983007614488185,0.4971579600522516,-0.006790141617467345
2023-03-24 13:30:00,-0.012453254913655348,-0.012474076049926872,-0.012494897186198395,0.041642272543046976,0.016245237944686686,0.02539703459836029,0.1856493962413903,0.48758024555039975,-0.004859212605059948
2023-03-27 13:30:00,0.004229667159512499,0.0041774060496854995,0.0041251449398585,0.10452221965399873,0.010213481128392193,0.09430873852560653,0.12336798132614601,0.519607569160762,0.0008199829004989315
2023-03-28 13:30:00,0.009584359487864368,0.009578716430864168,0.009573073373863967,0.01128611400040023,0.003241538601317521,0.00804457539908271,0.1280672867895754,0.5162622992251087,0.007192683195977952
2023-03-29 13:30:00,-0.0002188805914695221,-0.00022281714850340772,-0.00022675370553729339,0.007873114067771286,0.003701272460703435,0.00417184160706785,0.12748116441407448,0.5126765799935418,0.010984913929919996
2023-03-30 13:30:00,0.0008182703333882036,0.0008061006747781215,0.0007939310161680396,0.02433931722016408,0.0027701083807745164,0.021569208839389564,0.13861537184436468,0.5022415785844424,0.0061728798423723585
2023-03-31 13:30:00,0.0011039616941260176,0.0010986467944975379,0.0010933318948690579,0.010629799256959671,0.009748422087888287,0.0008813771690713845,0.13807566249209907,0.5025832464012482,0.010469189647346333
2023-04-03 13:30:00,-0.00533591911249778,-0.005346776461941298,-0.005357633811384816,0.021714698887035644,0.008239157211210824,0.01347554167582482,0.1266748910818687,0.5046580166668426,-0.007423321042097901
2023-04-04 13:30:00,-0.025533798711756536,-0.025545553235171645,-0.02555730775858675,0.023509046830215687,0.022014974907141806,0.0014940719230738808,0.1260953027614808,0.5037435330641566,-0.026595416951565604
2023-04-05 13:30:00,-0.0033526774669200184,-0.0033942249092570797,-0.003435772351594141,0.08309488467412263,0.02790480838539755,0.055190076288725076,0.0940143026811529,0.5268526092725538,-0.006119223227046944
2023-04-06 13:30:00,-0.008212845151242397,-0.008231590770544434,-0.008250336389846473,0.03749123860407588,0.010310068287879282,0.0271811703161966,0.0776190304670385,0.537638507374636,-0.004039314627612867
2023-04-10 13:30:00,0.012880413518829313,0.012874378434150187,0.01286834334947106,0.012070169358253186,0.004817899670881494,0.007252269687371693,0.07114271234611241,0.5368625558081904,0.01243393900101449
2023-04-11 13:30:00,0.014382410227001536,0.014367458258351657,0.01435250628970178,0.029903937299756895,0.002473104695850677,0.02743083260390622,0.08740204208225416,0.525691052940426,0.011083951730063083
2023-04-12 13:30:00,0.012557769160677076,0.012545192180154437,0.012532615199631798,0.025153961045278617,0.013662284957793092,0.011491676087485525,0.09283761871397722,0.5196349534846635,0.007874242977797263
2023-04-13 13:30:00,-0.009298610834285221,-0.00931093276712429,-0.00932325469996336,0.024643865678137644,0.01066677088058654,0.013977094797551104,0.09903545060505098,0.5118556905781861,0.0007387285604478766
2023-04-14 13:30:00,0.0014370975974344656,0.0014123600869945846,0.0013876225765547033,0.04947502087976232,0.013452271511176303,0.036022749368586016,0.06380395422149898,0.5126469435632202,-0.00024093574273490828
2023-04-17 13:30:00,0.00020750112096139207,0.00019798064038129283,0.0001884601598011936,0.01904096116019849,0.010753999674748549,0.00828696148544994,0.05674198080445603,0.5114219554948132,0.0009541035121355401
2023-04-18 13:30:00,0.004281942619279927,0.00427430474741597,0.004266666875552012,0.015275743727915217,0.0016429749712102795,0.013632768756704938,0.06211895075733853,0.5031661566909907,0.003990520299898733
2023-04-19 13:30:00,-0.005183887139682434,-0.005203487896144281,-0.005223088652606129,0.039201512923694726,0.005796076079142343,0.03340543684455238,0.07800758089894072,0.48564934998804055,-0.0048123674314278775
2023-04-20 13:30:00,-0.0011014312252272296,-0.0011262485189686441,-0.001151065812710059,0.049634587482829305,0.014863084268452583,0.03477150321437672,0.05663104652302653,0.4990443188265031,-0.004922607698978491
2023-04-21 13:30:00,-0.004881937086570111,-0.004900844355929545,-0.0049197516252889794,0.03781453871886844,0.004652691636404879,0.03316184708246356,0.033565591421325314,0.5091407108072654,-0.004253983392356646
2023-04-24 13:30:00,0.0070355290464692265,0.00702875785969711,0.007021986672924993,0.013542373544234229,0.008772507074115107,0.004769866470119122,0.030803615108994098,0.5111486009650533,0.006124838216126564
2023-04-25 13:30:00,0.00333440587346588,0.003329576570435787,0.0033247472674056942,0.009658606060185593,0.006356339820197565,0.0033022662399880276,0.03343382870926076,0.510476548325332,-0.006328600536759543
2023-04-26 13:30:00,-0.01771751927243371,-0.01772243830214259,-0.01772735733185147,0.00983805941775891,0.004132703375443987,0.005705356042314924,0.036234367349229635,0.5075717309229859,-0.01548936360380689
2023-04-27 13:30:00,0.01083280197010543,0.010774202304586098,0.010715602639066766,0.11719933103866306,0.01776612312259044,0.09943320791607263,0.09658385230531086,0.4684880079629945,0.02473165711925544
2023-04-28 13:30:00,0.0069385323089149135,0.006916140753293752,0.006893749197672592,0.04478311124232148,0.021405604730960537,0.023377506511360946,0.089835854074167,0.4851175162432116,0.010155151708646226
2023-05-01 13:30:00,-0.002981964556401488,-0.0030437909721649286,-0.0031056173879283693,0.12365283152688117,0.012302726862079394,0.11135010466480177,0.037018674064377866,0.5436504408982242,-0.0035411377300471614
2023-05-02 13:30:00,0.007463992989681353,0.007445855864006931,0.007427718738332507,0.03627425134884639,0.02435606674575393,0.011918184603092463,0.04880356113210549,0.5437837384335891,0.0021281834024168647
2023-05-03 13:30:00,0.0007770788317629685,0.0007655745149040017,0.000754070198045035,0.023008633717933418,0.0035127350367561245,0.019495898681177293,0.03519577160504295,0.5496718475877038,-0.0029180181205501845
2023-05-04 13:30:00,-0.009283150419961358,-0.009295111588138935,-0.00930707275631651,0.023922336355153135,0.017941308979839105,0.00598102737531403,0.03222685893879751,0.5526839622967724,-0.010987884162323954
2023-05-05 13:30:00,0.009867510769465387,0.00985501440630604,0.009842518043146694,0.02499272631869267,0.01256327631059125,0.012429450008101417,0.03022109526188005,0.5631076486279564,0.022029849595189093
2023-05-08 13:30:00,-0.00846725985056083,-0.008478899197029854,-0.008490538543498878,0.023278692938049073,0.005685081456044294,0.01759361148200478,0.023330742224979717,0.5738109070730608,-0.0071165562536947835
2023-05-09 13:30:00,0.02666127775449376,0.02661413062971142,0.026566983504929087,0.09429424956467317,0.029288564591971454,0.0650056849727017,-0.016943604931465628,0.5985422448893172,0.02289274711087989
2023-05-10 13:30:00,0.00013919967408714592,0.00011711088281518094,9.502209154321596e-05,0.044177582543929964,0.01877838112086457,0.0253992014230654,-0.006754431777267089,0.5833322166204503,0.006424929202184108
2023-05-11 13:30:00,-0.010619940670900052,-0.010636096814622058,-0.010652252958344067,0.032312287444014307,0.01447992623394993,0.017832361210064374,-0.01723418280046085,0.5906848268073209,-0.008517766861823003
2023-05-12 13:30:00,0.004963208068983873,0.00494368005795758,0.004924152046931288,0.03905602205258478,0.010285255231703577,0.0287707668208812,-7.619636000510965e-05,0.5790720464268955,0.0028856308340737455
2023-05-15 13:30:00,0.005236339978659882,0.005230964790062398,0.005225589601464913,0.010750377194968814,0.003122883841176834,0.007627493353791981,0.004807277254904263,0.5763280266880129,0.00829665172520492
2023-05-16 13:30:00,-0.023843045905253966,-0.0238679266706343,-0.023892807436014636,0.04976153076066873,0.006592070733780467,0.04316946002688826,-0.021412923285094365,0.5932772861749025,-0.022696929593915966
2023-05-17 13:30:00,0.0028716072551059233,0.0028073105031092456,0.0027430137511125674,0.12859350399335587,0.018250874367459053,0.1103426296258968,0.04179230311112614,0.5461398829452262,0.009331698368624833
2023-05-18 13:30:00,0.0023636966312658783,0.002355673828538516,0.0023476510258111536,0.01604560545472448,0.008755185235928813,0.007290420218795668,0.03758314841744126,0.549221148470337,0.012451407465023859
2023-05-19 13:30:00,0.001019756232062125,0.0009962518010295245,0.000972747369996924,0.047008862065201086,0.003136496645802104,0.043872365419398984,0.0633046428254912,0.5310702774589879,-0.000272532354863612
2023-05-22 13:30:00,-0.003188149262971362,-0.0032039413738980784,-0.0032197334848247947,0.03158422185343257,0.002852831518959986,0.028731390334472584,0.04937580603215874,0.5458728310001281,-0.0013403019138712446
2023-05-23 13:30:00,-0.0061774764579854615,-0.006187268107318118,-0.0061970597566507754,0.019583298665313647,0.015295124551204447,0.0042881741141092,0.05190227321790952,0.5441111240717696,-0.013255243168176204
2023-05-24 13:30:00,-0.005381611897827158,-0.0053980358467295795,-0.005414459795632001,0.03284789780484369,0.010139035942866952,0.022708861861976737,0.038940982175518335,0.5538586948913552,-0.008476701848710485
2023-05-25 13:30:00,0.014603773356902107,0.014571272746914821,0.014538772136927535,0.06500121997457178,0.033542867128393196,0.031458352846178594,0.04178786173822979,0.5824701681748223,0.028215054097448438
2023-05-26 13:30:00,-0.001905216705180417,-0.001969459450978856,-0.0020337021967772955,0.12848549159687842,0.01606937721551664,0.11241611438136179,0.01125155004431444,0.6643499708622688,0.015069459836025331
2023-05-30 13:30:00,0.002876450124056641,0.0028443671908383278,0.0028122842576200143,0.0641658664366265,0.03547543562989356,0.028690430806732947,0.035230999824727216,0.6596389898359486,0.005731550779199808
2023-05-31 13:30:00,-0.013707685062100844,-0.013718215434133495,-0.013728745806166145,0.02106074406530123,0.01799737077542496,0.00306337328987627,0.032478122855111535,0.6599494861562092,-0.01716238929627567
2023-06-01 04:00:00,0.1318533907066996,0.13173609521955645,0.1316187997324133,0.23459097428628933,0.13964099232564137,0.09494998196064797,-0.027361446444329807,0.6950598988174158,0.1752320518803062
2023-06-01 13:30:00,-0.060858058721756786,-0.061347380122815105,-0.06183670152387342,0.9786428021166326,0.09286755446538908,0.8857752476512435,0.12068620896421489,1.4327874910601146,-0.13302652163048012
2023-06-02 13:30:00,0.008069803335691251,0.007912849858215675,0.007755896380740101,0.3139069549511506,0.019317453660712802,0.2945895012904378,0.219079877032077,1.6289833242826903,0.02256425338860857
2023-06-05 13:30:00,-0.006640691949673834,-0.006671914385756721,-0.006703136821839608,0.062444872165773734,0.011593561482219314,0.05085131068355442,0.24421682146814727,1.6546976905301745,-0.004312004387104292
2023-06-06 13:30:00,0.0023277835704462587,0.0023204425617337375,0.002313101553021216,0.014682017425042566,0.011474283265406855,0.003207734159635711,0.2449899281839234,1.657132317974034,0.001860480457464268
2023-06-07 13:30:00,0.04253366214794965,0.04250364971430265,0.04247363728065565,0.060024867294002617,0.008792098197072088,0.05123276909693053,0.29018245362207606,1.6510920743152562,0.01944932088041525
2023-06-08 13:30:00,-0.02828056019944376,-0.02840357906959726,-0.02852659793975076,0.2460377403070004,0.006615540000176131,0.23942220030682426,0.44480177988210867,1.5662892002684645,-0.006897989479373627
2023-06-09 13:30:00,-0.004539350594952257,-0.0046097787518658674,-0.004680206908779478,0.14085631382722108,0.0019044663027848463,0.13895184752443623,0.5556265689395574,1.538162141801477,-0.0019044663027848463
2023-06-12 13:30:00,-0.01838069799413213,-0.018404289174641347,-0.018427880355150562,0.04718236101843446,0.011876414004428662,0.0353059470140058,0.5641918863301021,1.5649027714249382,0.00704181362786475
2023-06-13 13:30:00,-0.002173838179601619,-0.0021935428794082066,-0.002213247579214794,0.03940939961317498,0.013142912766787435,0.02626648684638755,0.5683284130300998,1.5427728112785484,0.00959502667734972
2023-06-14 13:30:00,-0.01328315312148902,-0.013289587526516693,-0.013296021931544368,0.012868810055349084,0.00288746477473419,0.009981345280614895,0.5593846632680387,1.5438104067971021,-0.00240100736315337
2023-06-15 13:30:00,-0.009808004046146917,-0.00984300366672852,-0.009878003287310127,0.06999924116320973,0.01102431395453592,0.05897492720867381,0.5985903377200781,1.5240411540404677,0.014860277231863414
2023-06-16 13:30:00,-0.006583670414297898,-0.006615487788822594,-0.006647305163347289,0.06363474904939122,0.01577915399661885,0.04785559505277237,0.6363414901024997,1.5341455967108184,-0.012815446924392663
2023-06-20 13:30:00,0.015561622785388758,0.015526275985322597,0.015490929185256436,0.07069360013232329,0.009182155753133747,0.06151144437918954,0.59592490917371,1.5552404601612182,0.0063464646612960696
2023-06-21 13:30:00,0.02774723532392763,0.02766058539806545,0.02757393547220327,0.17329985172435883,0.015177430206712621,0.15812242151764622,0.7266134891282703,1.5278066185981323,0.012763245191994196
2023-06-22 13:30:00,-0.01111969367876038,-0.011171998093759555,-0.01122430250875873,0.10460882999835104,0.008979396445813656,0.09562943355253739,0.7837430270569723,1.489306722974297,0.00044284571973847903
2023-06-23 13:30:00,0.01707009544548576,0.01706329806526521,0.017056500685044662,0.013594760441096088,0.004930476633287717,0.00866428380780837,0.7906758054096634,1.4910382284294141,-0.009331961057772564
2023-06-26 13:30:00,0.028561323799334563,0.028543164695161185,0.02852500559098781,0.036318208346753665,0.00805274469573732,0.028265463651016343,0.8082016417109791,1.5017778557791148,0.01638340650349875
2023-06-27 13:30:00,-0.012974923067777325,-0.013039829382881368,-0.013104735697985412,0.1298126302080863,0.009379332822516018,0.12043329738557029,0.8871788766320938,1.4603217933146593,0.012404147564381685
2023-06-28 13:30:00,0.003351796645828118,0.003332889478636394,0.003313982311444669,0.03781433438344887,0.0073963813926227005,0.03041795299082617,0.9132885508682715,1.4646300720693077,-0.007275929592911308
2023-06-29 13:30:00,0.015914720636451683,0.01590633325925198,0.01589794588205227,0.016774754399411007,0.008074589769513585,0.008700164629897422,0.9063360644171572,1.4663777502480908,0.012978156132888774
2023-06-30 13:30:00,-0.023418285123793,-0.023447925981623617,-0.023477566839454234,0.05928171566123397,0.001980055111495238,0.05730166054973873,0.9418138228027932,1.4445538480839881,0.009334855027185451
2023-07-03 13:30:00,-0.014823814996056967,-0.014887308019833047,-0.014950801043609125,0.12698604755215787,0.02044722856757214,0.10653881898458573,0.9981518891563497,1.3943530954529588,-0.004066329243222737
2023-07-05 13:30:00,-0.00562108225800901,-0.005638298693661071,-0.005655515129313131,0.03443287130412102,0.022992615239855775,0.011440256064265242,1.0032735167281768,1.400671723945397,0.005754027808295111
2023-07-06 13:30:00,0.01770319907567015,0.017687898996984825,0.0176725989182995,0.030600157370651214,0.009134720117243885,0.021465437253407327,0.9891776623574573,1.4080413068280848,-0.005036223197268337
2023-07-07 13:30:00,0.011514661218393257,0.01148197324324629,0.011449285268099324,0.0653759502939325,0.009233648827261298,0.05614230146667121,0.9409077662892468,1.4159137122265455,-4.281107719594779e-05
2023-07-10 13:30:00,0.018855400765861244,0.018823706401091274,0.018792012036321307,0.0633887295399368,0.02437637224159972,0.039012357298337075,0.9196211841253557,1.4336394873609914,0.015387477668543204
2023-07-11 13:30:00,-0.017551002521091517,-0.01758307686115349,-0.017615151201215457,0.06414868012394055,0.0013924241140517897,0.06275625600988877,0.896192254884581,1.4729668141301056,0.0008751642372077187
2023-07-12 13:30:00,-0.032618375800466816,-0.03263765943456655,-0.032656943068666275,0.03856726819945903,0.010291543536611361,0.028275724662847668,0.8728377970724899,1.477888080980862,-0.001241711425450413
2023-07-13 13:30:00,-0.024486507528674515,-0.024536767457509996,-0.02458702738634548,0.10051985767096498,0.008947529918067281,0.0915723277528977,0.7928416785351742,1.46631187176528,0.0031362927113960013
2023-07-14 13:30:00,-0.0062984335715258605,-0.0063149192608599365,-0.0063314049501940126,0.0329713786681524,0.005279320082143972,0.027692058586008428,0.7952243764943617,1.4410025111384592,-0.009683130253412312
2023-07-17 13:30:00,0.0028295564164278284,0.0028093358320611253,0.0027891152476944227,0.04044116873340586,0.014815661575295236,0.025625507158110628,0.8156481748355177,1.4358008023215045,0.006842685264380144
2023-07-18 13:30:00,0.010258194019319109,0.010240084897548187,0.010221975775777267,0.0362182435418423,0.014377112881709916,0.02184113066013238,0.8038159373581082,1.4458096955042274,0.01588236628524216
2023-07-19 13:30:00,-0.0011880824014303707,-0.0012030314050129657,-0.0012179804085955604,0.02989800716518968,0.013963798941006337,0.015934208224183344,0.7927706058922952,1.4506985722625978,0.006573790023602329
2023-07-20 13:30:00,0.02151299036320955,0.021504763158172815,0.021496535953136078,0.01645441007346915,0.0029572266400279545,0.013497183433441196,0.7836945101035746,1.4551196599073184,0.002285503654633425
2023-07-21 13:30:00,0.0008998119601733717,0.000838769391310083,0.0007777268224467942,0.12208513772657748,0.026685904508826574,0.0953992332177509,0.86119225503525,1.4372181716212429,0.009484771701949057
2023-07-24 13:30:00,0.0025388390691674563,0.0025278299232020236,0.0025168207772365914,0.022018291930865058,0.008911005747078853,0.013107286183786204,0.8497849538171955,1.4389181565869746,0.002603297120791289
2023-07-25 13:30:00,-0.013082268212734387,-0.013128172002929872,-0.01317407579312536,0.09180758039097181,0.00927672105641697,0.08253085933455484,0.8892378359863691,1.481996133752356,-0.001475249218404584
2023-07-26 13:30:00,-0.0011217848401063393,-0.0011337334919232763,-0.0011456821437402134,0.02389730363387395,0.017068910171524527,0.006828393462349425,0.8867759599487801,1.4776296163275955,-0.006037057848049828
2023-07-27 13:30:00,0.012370725966958342,0.012367743469235477,0.012364760971512612,0.00596499544572926,0.004053388672839553,0.0019116067728897068,0.887947584484974,1.4768896340908997,-0.0068580898311484395
2023-07-28 13:30:00,-0.029652930581412953,-0.02967289008225356,-0.029692849583094164,0.03991900168120991,0.010367365332039006,0.029551636349170907,0.8993978629791538,1.4949909919458908,-0.0044298267740391735
2023-07-31 13:30:00,0.008118998647925509,0.008090177713173597,0.008061356778421687,0.05764186950382225,0.003609586782078382,0.054032282721743874,0.9231168233802932,1.4646776696252863,0.009296015239032377
2023-08-01 13:30:00,0.03554556188863419,0.03551102374995559,0.035476485611276996,0.0690762773571929,0.03716262349211197,0.03191365386508094,0.9437049008711147,1.4533520932510269,0.02063615918216703
2023-08-02 13:30:00,0.03388758120218809,0.033849366052781264,0.033811150903374436,0.07643029881365489,0.002300978772829717,0.07412932004082518,0.8826935440033022,1.4664700564240396,0.0017073315604846002
2023-08-03 13:30:00,0.021120256226547875,0.021074631092088455,0.021029005957629035,0.0912502689188407,0.006652091595363174,0.08459817732347752,0.8989969054428977,1.3981752405401575,-0.0016106744940578288
2023-08-04 13:30:00,0.0178194651449254,0.01775888083374749,0.017698296522569577,0.12116862235582396,0.019856863517627978,0.10131175883819599,0.8231681508370678,1.4236582447725237,0.001617862365674368
2023-08-07 13:30:00,0.0010010809609891647,0.000994051920376756,0.0009870228797643475,0.014058081224817148,0.011094917466207315,0.0029631637586098325,0.822300065460186,1.4257533231542516,0.012944053417443277
2023-08-08 13:30:00,0.00933112347018225,0.0093232050768137,0.00931528668344515,0.01583678673709858,0.005034018092782737,0.010802768644315841,0.8129495210113425,1.427205547349724,0.001008373415033496
2023-08-09 13:30:00,0.028694181182410117,0.028668972013742543,0.028643762845074968,0.050418337335149145,0.036837419705180875,0.01358091762996827,0.8197657224416308,1.420440831150044,0.014862676618117207
2023-08-10 13:30:00,-0.0020155099225959727,-0.0020614211601367167,-0.0021073323976774612,0.09182247508148833,0.014667296221025139,0.07715517886046319,0.8613177140437016,1.3848376438916516,-0.0021300331972547992
2023-08-11 13:30:00,8.657624682289252e-05,6.525097958249082e-05,4.392571234208913e-05,0.042650534480803394,0.013712418252191641,0.028938116228611754,0.8349899015138622,1.387447947590424,-0.004208682789103542
2023-08-14 13:30:00,-0.0004717286848950307,-0.00048304596944511233,-0.000494363253995194,0.02263456910016326,0.008195230041233792,0.014439339058929468,0.8275886304102775,1.3944860155457688,0.00864060030013758
2023-08-15 13:30:00,0.02518042110843765,0.025167683424049504,0.025154945739661354,0.025475368776294232,0.0019115676016595955,0.023563801174634635,0.8204171787118812,1.4108783650220071,-0.0031103088704335833
2023-08-16 13:30:00,0.002712125550721426,0.0026743765945766375,0.002636627638431849,0.07549791228957696,0.0032689678520872274,0.07222894443748973,0.7624134189050824,1.3966531803913163,-0.008689646383044
2023-08-17 13:30:00,0.009727948422126518,0.0097241303067144,0.009720312191302283,0.007636230824234961,0.005433082084563981,0.0022031487396709792,0.7637550032496987,1.397514744786371,-0.0072261743277065955
2023-08-18 13:30:00,0.004283622274749804,0.004278873806768487,0.004274125338787171,0.009496935962632458,0.006745758947595659,0.0027511770150367987,0.764529125937075,1.3955376904587105,0.0065270294024339925
2023-08-21 13:30:00,-0.013570588446234707,-0.01357291391957347,-0.013575239392912232,0.004650946677524711,0.0016140229549349203,0.0030369237225897905,0.7674427099512451,1.3954143507502907,0.004076326891627143
2023-08-22 13:30:00,0.003306707077357182,0.003270491855134043,0.0032342766329109033,0.07243044444627882,0.014960923804214914,0.0574695206420639,0.7976085094988503,1.368110629655832,0.0036275832199476423
2023-08-23 13:30:00,-0.00913965845692494,-0.009174617786256311,-0.009209577115587682,0.06991865866274079,0.008454361303108357,0.061464297359632436,0.7844454360902353,1.4164118536068495,0.01629462867739336
2023-08-24 13:30:00,0.019714406132629633,0.019696773703247957,0.019679141273866285,0.03526485876335006,0.017312397416447856,0.017952461346902204,0.7803073400850769,1.4025974882651058,-0.014812487522206763
2023-08-25 13:30:00,-0.00428491070781334,-0.00432697004607371,-0.004369029384334081,0.0841186765207403,0.008731635122596854,0.07538704139814345,0.8104720120791411,1.3573751188610266,0.012397070873033508
2023-08-28 13:30:00,-0.0008631740717126492,-0.001204022371582726,-0.001544870671452803,0.6816965997401537,0.010191524360110504,0.6715050753800432,0.6751958346132141,0.8211462209469104,0.00521144513383176
2023-08-29 13:30:00,0.004091907992414582,0.0035774978787388367,0.003063087765063092,1.0288202273514895,0.00582238032450529,1.0229978470269843,0.28986013375832503,0.1834840747748152,0.009192698897898236
2023-08-30 13:30:00,0.014774681325968745,0.014744585561828845,0.014714489797688943,0.0601915282798008,0.015358226372740386,0.04483330190706042,0.2577702821874054,0.17074062443867444,0.01455626874863262
2023-08-31 13:30:00,0.0036748030296938983,0.0036701289933175263,0.003665454956941154,0.009348072752744,0.0011293338108617026,0.008218738941882298,0.2569449049846283,0.17813398617777965,0.0017433620581167226
2023-09-01 04:00:00,0.005708416516971914,0.005662819528668607,0.005617222540365298,0.09119397660661552,0.09046264278191465,0.0007313338247008638,0.2564271986758058,0.17792035866190126,-0.017798400011555266
2023-09-01 13:30:00,0.014723830961326158,0.014621950179672763,0.01452006939801937,0.20376156330678863,0.09834138434486457,0.10542017896192407,0.18942950146877113,0.21634284041679064,0.03636787737461881
2023-09-05 13:30:00,-0.000743722532600394,-0.0007998190431307861,-0.0008559155536611781,0.1121930210607841,0.026310182696653785,0.08588283836413033,0.23242689720567436,0.25922828304401774,-0.003976252073753776
2023-09-06 13:30:00,0.008328500868346921,0.008323573033463346,0.008318645198579772,0.009855669767149763,0.005247755778640858,0.004607913988508905,0.2362304639925857,0.2584239358424202,0.00658852139754081
2023-09-07 13:30:00,0.00832799025072322,0.008317204830884503,0.008306419411045787,0.021570839677433323,0.01153814935564072,0.010032690321792603,0.24061692851886565,0.2527777100469075,0.00967292209616403
2023-09-08 13:30:00,0.00270075127928598,0.002681301404215012,0.0026618515291440435,0.038899750141936744,0.015793829831937632,0.02310592030999911,0.25218380690816544,0.2412386681262082,0.005252545925102344
2023-09-11 13:30:00,-0.0072234159098656155,-0.007234617670601413,-0.007245819431337211,0.022403521471595432,0.01137021438042348,0.011033307091171951,0.24788974766949373,0.24797791597870844,-0.003281463043635043
2023-09-12 13:30:00,-0.012723497563727796,-0.01274624771912992,-0.012768997874532043,0.045500310804247865,0.0276033964341517,0.017896914370096162,0.2452712922538528,0.2326994570242532,-0.014994488773822775
2023-09-13 13:30:00,-0.025297876252175753,-0.025305682004532242,-0.025313487756888735,0.015611504712981181,0.007060318639646771,0.00855118607333441,0.24862667227656024,0.23789526307488018,-0.02141696229870556
2023-09-14 13:30:00,-0.0014087051360139081,-0.001431198707922672,-0.0014536922798314357,0.04498714381752755,0.008479014651566086,0.03650812916596147,0.21922843860530317,0.24500515856958457,0.003800681494545932
2023-09-15 13:30:00,-0.008442659995006175,-0.008475037679528705,-0.008507415364051238,0.06475536904506256,0.00997927416954662,0.054776094875515935,0.19106486572736117,0.2716176805671585,-0.01391383490941737
2023-09-18 13:30:00,0.005430325926900604,0.005402656341626254,0.005374986756351905,0.05533917054869942,0.013340316922758314,0.04199885362594111,0.1772204518941417,0.29977212035988016,0.005610713828857065
2023-09-19 13:30:00,-0.006980055345346963,-0.006987264998234194,-0.006994474651121425,0.014419305774462172,0.0051066630553161145,0.009312642719146058,0.1694234531746175,0.2982564763602583,-0.008536880636130265
2023-09-20 13:30:00,-0.007213826677804276,-0.007256761489935042,-0.007299696302065808,0.08586962426153157,0.012465496540550586,0.07340412772098098,0.13662673676792442,0.3388638876745462,-0.011968989287297985
2023-09-21 13:30:00,-0.0020210569344399007,-0.0020507070788800506,-0.0020803572233202006,0.05930028888030006,0.04408291546426979,0.015217373416030272,0.13044541248991584,0.3478999368125679,-0.0097600322756356
2023-09-22 13:30:00,0.004591700918528395,0.004568990878110015,0.0045462808376916354,0.04542008083675931,0.011304079457330177,0.034116001379429134,0.11346954839192919,0.3650400740940104,0.004428026189730298
2023-09-25 13:30:00,0.006362695776640135,0.006353482608625711,0.0063442694406112875,0.018426336028847596,0.012571356404024254,0.005854979624823342,0.11095567166345432,0.3683811769903589,0.007954643154414595
2023-09-26 13:30:00,-0.010129816326411654,-0.010134614627779846,-0.010139412929148038,0.009596602736383556,0.004389571275277096,0.005207031461106459,0.10840364696908883,0.37103618375709985,-0.018943294304279473
2023-09-27 13:30:00,0.020010233818332265,0.01998309545923831,0.019955957100144354,0.05427671818791224,0.010476509552088453,0.04380020863582379,0.14730369889361994,0.36613602704580717,0.01803316135697508
2023-09-28 13:30:00,-0.0003467990889862619,-0.00038964408319047564,-0.00043248907739468933,0.08568998840842744,0.0071278851185271695,0.07856210328990026,0.0999666219492224,0.3973610533913099,0.0008159094014171068
2023-09-29 13:30:00,-0.009558879781606779,-0.009565283676785354,-0.00957168757196393,0.012807790357151756,0.0016186677822053923,0.011189122574946364,0.10481245218955798,0.3910177610566991,-0.00909675448126209
2023-10-02 13:30:00,-0.028436066846379095,-0.0284540917185264,-0.028472116590673703,0.036049744294608,0.03138605210871759,0.004663692185890411,0.10111768904637058,0.3919866900994021,-0.029866142398451274
2023-10-03 13:30:00,-0.018527228321365774,-0.018651842724933254,-0.018776457128500734,0.24922880713496146,0.02012057615988324,0.2291082309750782,0.2383209893644715,0.3000817594424248,-0.021036746093591446
2023-10-04 13:30:00,-0.005709915932592594,-0.005758671227708531,-0.005807426522824468,0.09751059023187404,0.01785471050690542,0.07965587972496863,0.20534705974162148,0.34676370954454344,-0.0012077163694835062
2023-10-05 13:30:00,-0.009687556268686195,-0.009708447054503506,-0.009729337840320816,0.04178157163462183,0.025985034629617394,0.01579653700500444,0.21810087883283635,0.34372099163075387,-0.01196789365514069
2023-10-06 13:30:00,0.00832483235669192,0.008306565621623286,0.008288298886554652,0.0365334701372676,0.026451145862119496,0.010082324275148102,0.2194536476624584,0.35245054707627993,0.017340346679297736
2023-10-09 13:30:00,0.006386985591454378,0.006378439999224604,0.00636989440699483,0.017091184459548065,0.004247035439157794,0.012844149020390272,0.22335610964110492,0.3613922341180237,0.010454013810042776
2023-10-10 13:30:00,0.004569479377313178,0.004555529644345499,0.004541579911377821,0.02789946593535701,0.011784666437722174,0.016114799497634835,0.2332458009179152,0.3551671258971991,0.00972321269503281
2023-10-11 13:30:00,0.007785830189549603,0.007766585619568317,0.007747341049587031,0.038489139962571674,0.006632300208718449,0.03185683975385323,0.24895171028953128,0.339016195514962,0.014239976816306918
2023-10-12 13:30:00,-0.004940583981558982,-0.004953691703871077,-0.004966799426183173,0.026215444624190825,0.019552256852875798,0.006663187771315027,0.25402995017271923,0.34060114340308906,-0.01004807135344595
2023-10-13 13:30:00,-0.021787088010904898,-0.021806183530663343,-0.021825279050421784,0.03819103951688735,0.0184185968841879,0.01977244263269945,0.2479196464866425,0.35426328234971177,-0.023449842825864597
2023-10-16 13:30:00,0.01053390301437736,0.01047714415328789,0.010420385292198419,0.11351772217893981,0.0033792890516724707,0.11013843312726734,0.193709317211328,0.4101913862016646,0.01716432151202533
2023-10-17 13:30:00,0.010715317352050556,0.01070509912289956,0.010694880893748563,0.020436458301992932,0.008303927009484829,0.012132531292508103,0.19946199191020605,0.41657124279529467,0.008818141139785038
2023-10-18 13:30:00,-0.022730621601843456,-0.022743892460883222,-0.022757163319922988,0.026541718079532768,0.02533794921350877,0.0012037688660239965,0.20025287239099765,0.4169841311805271,-0.029943276415042946
2023-10-19 13:30:00,-0.0075688470263532565,-0.007583998483526165,-0.007599149940699074,0.030302914345816983,0.0054832996078332625,0.02481961473798372,0.2011913701081478,0.44086524820136064,-0.013698140652983989
2023-10-20 13:30:00,-0.010968560534309349,-0.01097991178385693,-0.010991263033404508,0.02270249909515918,0.014114670115139264,0.008587828980019918,0.19937942883696896,0.4476411359102017,-0.019720389371184293
2023-10-23 13:30:00,0.003768864961318381,0.0037377752458315934,0.0037066855303448058,0.06217943097357531,0.004936675942523117,0.057242755031052195,0.18554956011654267,0.4910540222208276,0.003683863278059696
2023-10-24 13:30:00,0.009695003786419326,0.00968770886007126,0.009680413933723193,0.014589852696132721,0.008406138733680013,0.006183713962452708,0.1815636569750418,0.49325183304177944,0.019163413741136504
2023-10-25 13:30:00,0.005940385702888465,0.005905728816026128,0.00587107192916379,0.06931377372467487,0.01749502652225162,0.05181874720242324,0.2210573999238198,0.4809268287881342,-0.004594707283781123
2023-10-26 13:30:00,0.009080205846966654,0.009068053368311926,0.009055900889657197,0.024304957309456122,0.007357437998864272,0.016947519310591852,0.21669261820065555,0.4935095663755618,0.0015324011231914552
2023-10-27 13:30:00,-0.013481662423401843,-0.013511438937939508,-0.013541215452477174,0.05955302907533074,0.01098546321574941,0.04856756585958133,0.2398805548373003,0.46812993715262524,-0.015762314072096977
2023-10-30 13:30:00,0.002715882883008532,0.002684677974266265,0.002653473065523999,0.06240981748453313,0.010489989479796808,0.051919828004736324,0.2705379064422896,0.4468674607528782,0.009822867232546514
2023-10-31 13:30:00,0.018808821002082976,0.01878957852343756,0.018770336044792137,0.03848495729083704,0.027938715296411377,0.010546241994425665,0.27448650539996955,0.4402698177161325,0.02327975475131024
2023-11-01 13:30:00,-0.002511371532545305,-0.0025462789891374546,-0.002581186445729604,0.06981491318429928,0.055279551073979916,0.014535362110319361,0.2824546542067652,0.4468370310196562,0.008462140144950281
2023-11-02 13:30:00,0.0280354638019081,0.027989304129176357,0.027943144456444614,0.0923193454634829,0.0553347198475697,0.0369846256159132,0.2665845483530864,0.46795155078189066,0.04152020252216334
2023-11-03 13:30:00,-0.016368156964876333,-0.016405591319839027,-0.016443025674801718,0.0748687099253857,0.024850062478494268,0.05001864744689144,0.2881040211258315,0.496450725456037,-0.008848931506610517
2023-11-06 14:30:00,0.003169331115545939,0.0031541838892645293,0.0031390366629831194,0.03029445256281969,0.00862119058697301,0.02167326197584668,0.29127160090720816,0.477945043261567,0.004365641570388361
2023-11-07 14:30:00,-0.015352683081110005,-0.015364315794888358,-0.01537594850866671,0.02326542755670565,0.010342970314985062,0.012922457241720586,0.29702383693095136,0.4707748220435896,-0.013068969656721404
2023-11-08 14:30:00,0.013462654760546566,0.013433259699974383,0.013403864639402201,0.05879012114436518,0.016949295421033593,0.04184082572333159,0.3202905457036418,0.45220070509294846,0.011400672498607692
2023-11-09 14:30:00,0.007393603335248011,0.007388708754993941,0.007383814174739872,0.009789160508139308,0.00382029926673814,0.005968861241401169,0.3168354199829081,0.449686969572281,-0.00023584664238833022
2023-11-10 14:30:00,0.0016367487535815482,0.0016248008989150702,0.001612853044248592,0.023895709332956188,0.01564009158432526,0.008255617748630928,0.3125077694491794,0.44575900235737875,0.013325030255210072
2023-11-13 14:30:00,0.009596192087587763,0.009587236868365155,0.009578281649142548,0.017910438445215893,0.007956967853235408,0.009953470591980484,0.3082478209088816,0.4514525244090614,0.004509075539109952
2023-11-14 14:30:00,0.0069929272363257605,0.006981230101785685,0.00696953296724561,0.023394269080151,0.008776234297750133,0.014618034782400868,0.29839982923500635,0.45622256751758705,0.028729749216544215
2023-11-15 14:30:00,-0.006301658501399579,-0.0063155263156722055,-0.006329394129944832,0.027735628545253077,0.011673836516936542,0.016061792028316535,0.31277950568599155,0.4579046830949184,-0.0069158207132548055
2023-11-16 14:30:00,-0.0007591367190423095,-0.0007696189500058622,-0.0007801011809694149,0.020964461927105365,0.0037754295363597126,0.01718903239074565,0.3180344548856757,0.4459705999038569,0.0013209564135285474
2023-11-17 14:30:00,0.0012964271544215335,0.0012894554763314778,0.0012824837982414225,0.013943356180111038,0.0033120523194193714,0.010631303860691665,0.3204924354424769,0.4377972765999664,0.00227564684419194
2023-11-20 14:30:00,-0.0053832166015127785,-0.00538852198204287,-0.005393827362572962,0.010610761060183438,0.0066268854348287,0.003983875625354738,0.31898623431931683,0.43531960209777176,-0.001056257659505122
2023-11-21 14:30:00,-0.0013890480880532404,-0.0013983524389803467,-0.0014076567899074532,0.018608701854212744,0.003580143795457606,0.015028558058755137,0.3245481446600344,0.4258529543797342,-0.0031836282100589455
2023-11-22 14:30:00,0.003384231477244252,0.0033788083628112837,0.0033733852483783158,0.010846228865936483,0.004246504363196438,0.006599724502740045,0.3224943500821918,0.43039888430463163,0.006700586642868804
2023-11-24 14:30:00,-0.002288513524888361,-0.002301581713352698,-0.0023146499018170353,0.026136376928674453,0.004663263180028928,0.021473113748645523,0.3326048997096704,0.4190363201834647,-0.0020284458299844412
2023-11-27 14:30:00,0.013088199998117585,0.013078875374837364,0.013069550751557146,0.018649246560439942,0.012997916368404045,0.005651330192035897,0.33574931918293,0.4165294094646884,0.01326024873143646
2023-11-28 14:30:00,-0.020468607624720508,-0.02054701623934268,-0.020625424853964847,0.15681722924433936,0.006092360522499321,0.15072486872184004,0.3989310490353477,0.5040725483341107,-0.01787675899055056
2023-11-29 14:30:00,0.010817128781689944,0.01075707877693653,0.010697028772183119,0.1201000095068264,0.016741365427758358,0.10335864407906803,0.43530956660212783,0.5710526748463987,0.006805569189986908
2023-11-30 14:30:00,0.01188911744049542,0.01188410121691158,0.01187908499332774,0.01003244716768174,0.003946100242016175,0.0060863469256655645,0.43042762022938763,0.5698482742934733,0.012316255167301208
2023-12-01 05:00:00,0.1295108952703149,0.1294560794808377,0.12940126369136049,0.1096315789544025,0.0993601765980227,0.0102714023563798,0.430782843194088,0.5797644536851527,0.16990959360199795
2023-12-01 14:30:00,-0.058127439098480754,-0.05856612085318089,-0.05900480260788103,0.877363509400281,0.07476101689135055,0.8026024925089305,0.38809105826573775,1.339675161265733,-0.12779962619775528
2023-12-04 14:30:00,0.019020946376320236,0.018849396748420823,0.01867784712052141,0.3430992557988266,0.020296233631915683,0.3228030221669109,0.32779963153805425,1.6021867567049604,0.002857010418693795
2023-12-05 14:30:00,-0.003635362409407361,-0.00364319353844218,-0.003651024667476999,0.01566225806963828,0.009471354409212318,0.0061909036604259615,0.3265198418956865,1.6070978707230186,-0.0019220323199842237
2023-12-06 14:30:00,0.001411423802091505,0.0013970614295379365,0.001382699056984368,0.028724745107136997,0.025653885562393487,0.0030708595447435094,0.32770986148110093,1.6089787106823477,-0.0035136924353490104
2023-12-07 14:30:00,-0.007552875864073686,-0.007579806774718738,-0.00760673768536379,0.053861821290103265,0.010474891404612958,0.04338692988549031,0.36633522296632615,1.6042171422820826,0.014056480909385863
2023-12-08 14:30:00,0.006491943982269171,0.006467077388488188,0.006442210794707203,0.04973318756196814,0.01852329052475758,0.031209897037210554,0.390993329560263,1.5976653518388089,0.012873574792208667
2023-12-11 14:30:00,-0.009491995291626653,-0.00951130297850307,-0.009530610665379486,0.03861537375283386,0.009042518277717626,0.029572855475116233,0.3871360209471899,1.623380898700852,0.006878313794908331
2023-12-12 14:30:00,0.0019007420010388205,0.0018943254578622337,0.0018879089146856469,0.012833086353173595,0.004164470729965286,0.008668615623208309,0.38305316311836,1.6187951409064736,0.013232596640395
2023-12-13 14:30:00,-0.020141263328067996,-0.020151100920865996,-0.020160938513663997,0.019675185595999345,0.015920851714943174,0.003754333881056171,0.38041521589985305,1.6199115275690228,0.01482393611701105
2023-12-14 14:30:00,0.009994180352872296,0.009938363445950626,0.009882546539028956,0.11163381384334001,0.021728312872086507,0.0899055009712535,0.3106260935616656,1.6400279062020888,0.004522459883921674
2023-12-15 14:30:00,-0.0027078727855200475,-0.002732444796930099,-0.00275701680834015,0.049144022820102884,0.004990132727814234,0.04415389009228865,0.30773137722846133,1.6812870799611732,7.787793262059584e-05
2023-12-18 14:30:00,-0.00959949801670141,-0.009602602630150099,-0.009605707243598785,0.006209226897374613,0.0018396078436584788,0.004369619053716134,0.3114826056861639,1.6806686893651597,0.0002835531195448289
2023-12-19 14:30:00,-0.003186029625470161,-0.0031926321346782073,-0.003199234643886254,0.013205018416093154,0.005433582132890283,0.0077714362832028705,0.3147991067747753,1.6762137541705682,0.007171149953184426
2023-12-20 14:30:00,0.018119958673484385,0.018086739048663654,0.018053519423842927,0.06643924964145857,0.011299226574407666,0.0551400230670509,0.35564516909408406,1.6905077149183103,-0.014215249601843541
2023-12-21 14:30:00,-0.014278430185825756,-0.014306550007011568,-0.014334669828197382,0.05623964237162556,0.008626905602141263,0.0476127367694843,0.36939627007320563,1.6566460791279476,0.005649647672193707
2023-12-22 14:30:00,0.002727584327340815,0.0027209149709986045,0.0027142456146563936,0.013338712684421328,0.0010642469989490255,0.012274465685472302,0.3637528200996858,1.6500150634159951,0.006419880205345674
2023-12-26 14:30:00,-0.007570264494361224,-0.007573293002267769,-0.007576321510174315,0.006057015813090372,0.0018424513206152238,0.004214564492475148,0.36574430267464075,1.647791981498475,0.004736645671827855
2023-12-27 14:30:00,0.0010329959164587389,0.0009049411558806853,0.0007768863953026318,0.256109521156107,0.0018808407614444946,0.2542286803946625,0.1856939333623968,1.7219702925808935,0.004420323965052579
2023-12-28 14:30:00,0.004195814328508093,0.0041708560413523,0.0041458977541965055,0.049916574311587435,0.006937140224667146,0.04297943408692029,0.16497582115855458,1.7442316144639716,0.0045271780261680146
2023-12-29 14:30:00,0.004491460499729233,0.004463345402688679,0.004435230305648126,0.05623019408110719,0.004355450653370507,0.05187474342773668,0.14403077490633187,1.7751613116394855,-0.003372533897865959
2024-01-02 14:30:00,0.011323157003351066,0.011281086935910171,0.011239016868469278,0.08414013488178806,0.07528783722402088,0.008852297657767183,0.1388200638003092,1.771519725087741,-0.01663824687740793
2024-01-03 14:30:00,-0.001232119146379787,-0.0012732481771896668,-0.0013143772079995469,0.08225806161975976,0.02201294508366599,0.06024511653609377,0.1829446737133147,1.7553992184646527,-0.019123527308389027
2024-01-04 14:30:00,0.010742205186139121,0.010736373341862514,0.010730541497585908,0.011663688553213388,0.009412808363531497,0.002250880189681892,0.18225245305844284,1.7569578779994628,0.0011348413645089945
2024-01-05 14:30:00,-0.0022161113198128106,-0.002221708801604383,-0.0022273062833959552,0.011194963583144757,0.005488430279024348,0.005706533304120409,0.1816670376279359,1.7518367601258493,0.0005399854701187978
2024-01-08 14:30:00,-0.016080626390444684,-0.016087140439320413,-0.016093654488196142,0.013028097751456524,0.01113512596856503,0.001892971782891495,0.18340711421123235,1.7519896553254444,0.021465004573998137
2024-01-09 14:30:00,0.0002224586625341387,0.0002037978864592692,0.0001851371103843997,0.03732155214973898,0.009351059061680989,0.02797049308805799,0.18207200018752667,1.725354276261092,0.0021462434679220266
2024-01-10 14:30:00,-0.019917705980132767,-0.019935377904145016,-0.019953049828157262,0.0353438480244946,0.02023989108154319,0.015103956942951413,0.1898555659203438,1.7180338850509578,-0.008302995374459035
2024-01-11 14:30:00,0.006316454940887938,0.006299461226504841,0.006282467512121745,0.03398742876619314,0.010884736742166872,0.02310269202402626,0.20335235508949068,1.7084279821960784,0.005139310045311467
2024-01-12 14:30:00,-0.0007512869105137999,-0.000770729434226919,-0.0007901719579400382,0.038885047426238294,0.007813315684775687,0.031071731741462605,0.1852467036538108,1.721394062501861,0.0011911686165713513
2024-01-16 14:30:00,0.0006873863011369744,0.0006803545465353419,0.0006733227919337094,0.014063509203264971,0.0040036820159729345,0.010059827187292036,0.1811511623148201,1.7154297766535598,-0.0014542568773156332
2024-01-17 14:30:00,0.007584592458542768,0.007573766944597488,0.007562941430652208,0.02165102789056065,0.014962408168941491,0.00668861972161916,0.1842917764440215,1.7189777822459775,-0.004789355312461867
2024-01-18 14:30:00,-0.0183131615723295,-0.01832774229389705,-0.018342323015464602,0.029161443135100017,0.012135672344890954,0.01702577079020906,0.17688288011174058,1.7285946567039057,0.004330932184199295
2024-01-19 14:30:00,-0.01989761838645064,-0.019936679536474915,-0.019975740686499193,0.07812230004855121,0.010930364216245565,0.06719193583230565,0.21401375336102313,1.6985335941208826,0.013505681758158325
2024-01-22 14:30:00,-0.0018725063721424999,-0.0019057300855631208,-0.0019389537989837418,0.0664474268412419,0.006005580061109924,0.06044184678013198,0.239482127783899,1.6635601217636264,-0.0009173845718422798
2024-01-23 14:30:00,-0.022527670274754302,-0.02263228200852585,-0.022736893742297395,0.20922346754309293,0.02399641504337143,0.1852270524997215,0.1706705042890415,1.7799755507684905,-0.014831970732469594
2024-01-24 14:30:00,-0.020748196613506686,-0.02085034946991576,-0.020952502326324833,0.20430571281814514,0.00446805034991038,0.19983766246823476,0.08207998332436861,1.8912226922720523,-0.011374471079627857
2024-01-25 14:30:00,0.020771102686218144,0.02075408936266034,0.020737076039102534,0.034026647115609654,0.006590423453405103,0.02743622366220455,0.06080350979771332,1.8973824424076016,0.024183652526357236
2024-01-26 14:30:00,0.010930556546658149,0.010881163258253692,0.010831769969849237,0.09878657680891194,0.008671042088987651,0.09011553471992428,0.12979568237857775,1.8762590802685417,0.0001352762291915536
2024-01-29 14:30:00,-0.016537845044544208,-0.016551997484917133,-0.01656614992529006,0.028304880745849838,0.008723485962682501,0.01958139478316734,0.12294677037346213,1.86352659749049,0.0033286784220697787
2024-01-30 14:30:00,0.020477298506314526,0.020456747764729617,0.020436197023144705,0.04110148316982161,0.008613806514267647,0.032487676655553965,0.13688964988313024,1.8820713946363758,0.007905045929360291
2024-01-31 14:30:00,0.023907700594306643,0.023884087489975076,0.023860474385643513,0.04722620866313095,0.007754451636301248,0.0394717570268297,0.12918858016244217,1.8503007073302342,-0.012605387661254705
2024-02-01 14:30:00,0.029462557883560045,0.02942042817287591,0.02937829846219177,0.08425942136827247,0.018010166315095222,0.06624925505317725,0.1583885188854952,1.81325139100011,0.0538301544395375
2024-02-02 14:30:00,-0.0026945816588159963,-0.0027364578618253163,-0.0027783340648346363,0.08375240601863987,0.005855003740559361,0.07789740227808051,0.22831412388987915,1.8212231882738066,0.02396473129750798
2024-02-05 14:30:00,-0.007052936395359997,-0.007086962206968368,-0.00712098801857674,0.06805162321674363,0.013352881783442738,0.05469874143330089,0.1979929393579556,1.845600745175184,-0.013583180387165439
2024-02-06 14:30:00,0.010743124056766178,0.010721301582020656,0.010699479107275135,0.04364494949104429,0.011513922268954462,0.032131027222089825,0.22670730981146825,1.8421840884066067,0.007873808352982977
2024-02-07 14:30:00,-0.00867718595126528,-0.008697228233227768,-0.008717270515190254,0.04008456392497369,0.004110798140201395,0.035973765784772294,0.2586612068115661,1.8462039571912812,0.010491854525267316
2024-02-08 14:30:00,-0.009585255248464477,-0.009617752704619996,-0.009650250160775515,0.06499491231103816,0.011738120377569383,0.05325679193346877,0.2594513008845871,1.898670655051729,-0.007914203241583206
2024-02-09 14:30:00,-0.007689440599737732,-0.007707167753557083,-0.007724894907376434,0.035454307638701645,0.005272417982301973,0.030181889656399674,0.2888552166992868,1.899448628893429,0.012113505303151658
2024-02-12 14:30:00,-0.0029641602690948137,-0.003044612437879203,-0.0031250646066635916,0.16090433756877795,0.012655102803476445,0.1482492347653015,0.421353324434111,1.9151997559239062,-0.005563563797863454
2024-02-13 14:30:00,0.038047945496110805,0.03802751736010774,0.03800708922410468,0.0408562720061257,0.031175811961753862,0.009680460044371841,0.4136465137834182,1.9171734053175853,0.0012933693277678386
2024-02-14 14:30:00,-0.008341637162563179,-0.008412158564173738,-0.008482679965784298,0.1410428032211183,0.014201206954975214,0.1268415962661431,0.3403248147453146,1.8636535080895458,0.01383995258020628
2024-02-15 14:30:00,-0.00027254763401780846,-0.00028576121750414484,-0.0002989748009904812,0.026427166972672778,0.014434559478951448,0.01199260749372133,0.33468737126948955,1.8572983440716495,0.01086477357548965
2024-02-16 14:30:00,0.01686121950916324,0.016832059318414094,0.01680289912766495,0.05832038149829014,0.01164586184674469,0.046674519651545454,0.31587287730492286,1.8851583697586283,-0.000593640732870789
2024-02-20 14:30:00,0.01325770387433455,0.013244177287603047,0.013230650700871545,0.027053173463005842,0.013585913199215205,0.013467260263790637,0.3152420703636234,1.872321916436137,-0.0010804134147742728
2024-02-21 14:30:00,0.007934607807505977,0.007923736698117745,0.007912865588729513,0.021742218776463464,0.0049286917926191585,0.016813526983844307,0.3200922903657264,1.8603586094543958,0.004727178666050842
2024-02-22 14:30:00,0.0019305838796037644,0.0018946400325753115,0.0018586961855468587,0.07188769405690583,0.049204528693618535,0.022683165363287294,0.3353067499768889,1.852889903702271,0.053579182479367805
2024-02-23 14:30:00,0.012619223835303952,0.012607097605191235,0.012594971375078519,0.024252460225432666,0.011500419139564084,0.012752041085868582,0.3295165156243194,1.85985171043557,0.009499023400040421
2024-02-26 14:30:00,0.009872964919220512,0.009854661413107825,0.00983635790699514,0.03660701222537285,0.00414295893730506,0.032464053288067785,0.3537779474256957,1.8516490889488786,0.0019319482257804295
2024-02-27 14:30:00,0.009019086954029112,0.008998784107092865,0.008978481260156618,0.040605693872494165,0.025792239903001536,0.01481345396949263,0.3418218633252337,1.8545064588179092,0.019951408167316626
2024-02-28 14:30:00,0.024836920231491436,0.024817995004249003,0.024799069777006567,0.03785045448486779,0.024000055752579796,0.013850398732287994,0.35101608184568467,1.8591626390297462,0.016015533054083986
2024-02-29 14:30:00,0.0035073964892701204,0.0032496119474120554,0.00299182740555399,0.5155690837161304,0.012719711526152366,0.502849372189978,0.26546045959093756,1.4418688890945153,0.0159487532944389
2024-03-01 05:00:00,0.14336486700405077,0.14303385521737447,0.1427028434306982,0.6620235733525743,0.10946158426917012,0.5525619890834043,0.26160910215561806,0.8931582574464305,0.17199242054527772
2024-03-01 14:30:00,-0.07260896960992803,-0.07308882113957026,-0.07356867266921248,0.9597030592844387,0.0815443795206453,0.8781586797637934,1.0120547051167117,1.0208713342491302,-0.1386643366223762
2024-03-04 14:30:00,0.0028532160600223365,0.0026462691201717104,0.0024393221803210843,0.41389387970125235,0.023799891947737795,0.39009398775351456,1.330680521360906,0.9494031627398101,0.02188816552871886
2024-03-05 14:30:00,0.021208761148882645,0.021166815469207505,0.021124869789532368,0.083891359350279,0.03242472253314329,0.0514666368171357,1.3479869839676903,0.9152429885294586,0.0009143643487115419
2024-03-06 14:30:00,0.0014960917372216949,0.0014547208583082613,0.0014133499793948278,0.08274175782686714,0.014355813403227039,0.0683859444236401,1.3501292601317765,0.8489993202699047,0.01977566311262254
2024-03-07 14:30:00,-0.008888959671980936,-0.00889286843836001,-0.008896777204739083,0.007817532758147634,0.0022528086627301063,0.005564724095417528,1.3500910749070885,0.8434727813991751,0.012674544518435157
2024-03-08 14:30:00,-0.0039602955818167345,-0.003972057767842629,-0.003983819953868523,0.0235243720517887,0.006780572563965248,0.016743799487823452,1.3514056937167283,0.8280436007209915,-0.012512577550808812
2024-03-11 13:30:00,-0.026494305724841637,-0.026509673999160432,-0.026525042273479224,0.03073654863758757,0.01750325625486948,0.013233292382718087,1.351466462346593,0.8412161244738448,-0.022833848707678572
2024-03-12 13:30:00,0.0222401548613774,0.02212332866433678,0.02200650246729616,0.23365239408124075,0.01528570263529764,0.21836669144594312,1.459747489766626,0.9513017884997549,0.021751242689417822
2024-03-13 13:30:00,0.005964108504662674,0.005934283872275174,0.005904459239887675,0.059649264774998725,0.007948965378966905,0.051700299396031824,1.463168164678851,0.9995814129835617,0.008197190022142328
2024-03-14 13:30:00,0.02574814027163908,0.025719189934690457,0.02569023959774184,0.05790067389724085,0.020469674271380578,0.03743099962586027,1.4847776811900084,0.9837599298688589,0.011413886754637836
2024-03-15 13:30:00,-0.0007905937908272535,-0.00080782218487403,-0.0008250505789208064,0.034456788093552904,0.01425685425296952,0.020199933840583384,1.4721873541226695,0.9761503230956143,-0.010303345933025843
2024-03-18 13:30:00,-0.008876282275350027,-0.008889693197527289,-0.008903104119704549,0.026821844354522506,0.0075565234804686465,0.01926532087405386,1.4747084048152428,0.992894593277095,0.0073882637701905285
2024-03-19 13:30:00,-0.00015110265798455938,-0.00019702586082458095,-0.00024294906366460251,0.09184640568004314,0.006925646036988567,0.08492075964305457,1.5068619548223863,1.045661802913006,0.015799850319790105
2024-03-20 13:30:00,0.01328310810849096,0.013261165521544908,0.013239222934598855,0.043885173892104,0.020382031451931182,0.02350314244017282,1.5051842438489704,1.067487234379763,0.02782754195515791
2024-03-21 13:30:00,0.020528658472370627,0.0205172615923605,0.020505864712350375,0.022793760020251984,0.004874026679716556,0.017919733340535426,1.505763528316021,1.084827683253248,0.023304670422167623
2024-03-22 13:30:00,0.0007420958212197969,0.000727090094993888,0.000712084368767979,0.03001145245181791,0.006394886190096316,0.023616566261721594,1.5084113509501995,1.105796426880791,0.004135837026704281
2024-03-25 13:30:00,0.0016655258006306947,0.0016523274766771553,0.001639129152723616,0.02639664790707874,0.02580360651290725,0.0005930413941714896,1.5081113182434709,1.1060894355682338,0.004736344117936442
2024-03-26 13:30:00,0.01024523219266327,0.010224687659147809,0.010204143125632347,0.04108906703092341,0.035954437025151,0.0051346300057724115,1.5119334808020428,1.1047769681210333,-0.010534496718692221
2024-03-27 13:30:00,-0.040580639187231766,-0.040587111567068256,-0.04059358394690475,0.01294475967298229,0.003024835501630833,0.009919924171351457,1.5072577229838955,1.0995328017678292,0.0052242708063282945
2024-03-28 13:30:00,-0.0033388063433764086,-0.0034168766680357544,-0.0034949469926951002,0.15614064931869176,0.014936749642721625,0.14120389967597013,1.453685070504059,1.0119015545716956,0.004829133490216075
2024-04-01 13:30:00,0.014420080989119483,0.014385606215801263,0.014351131442483043,0.06894954663644043,0.029597413559823316,0.03935213307661711,1.4562435009862102,0.9751078519772298,0.0076115755346402025
2024-04-02 13:30:00,0.0031161467582589697,0.0031041690208897157,0.0030921912835204617,0.023955474738507898,0.01164473878328709,0.012310735955220808,1.45296144263403,0.9841365295802704,-0.0029278629467496264
2024-04-03 13:30:00,0.03041664692374696,0.030410159247043378,0.030403671570339796,0.012975353407162235,0.009843092268574901,0.0031322611385873333,1.4550293517550004,0.9852008815978874,0.026839806806301974
2024-04-04 13:30:00,-0.0016102396990168785,-0.00165188996254019,-0.0016935402260635016,0.08330052704662305,0.023209909803915463,0.06009061724270759,1.4519181639229835,1.042180311008578,-0.02044524590729424
2024-04-05 13:30:00,0.022978424070775636,0.02295260683382206,0.022926789596868485,0.051634473907150744,0.028157340877581632,0.02347713302956911,1.4558699192612732,1.0617056886998575,0.039747299316740335
2024-04-08 13:30:00,-0.0197676151085422,-0.019798520434272205,-0.01982942576000221,0.06181065146001378,0.006602937364246812,0.05520771409576697,1.4554461273302057,1.116489610864557,-0.009833619460826318
2024-04-09 13:30:00,-0.053904176162202125,-0.05393980552488367,-0.05397543488756522,0.0712587253630963,0.024131874182423463,0.047126851180672835,1.4971717720810953,1.1110884044347737,-0.041576444506100874
2024-04-10 13:30:00,0.03860949542618354,0.03858347259292943,0.038557449759675316,0.052045666508226326,0.01399265264145692,0.0380530138667694,1.4844576798361941,1.0857494828129055,0.0036977334724436948
2024-04-11 13:30:00,0.00020811238150460903,0.00016355119038122677,0.00011898999925784449,0.08912238224676454,0.004562524558695029,0.0845598576880695,1.4545567721400718,1.0310905328209583,0.013755543127742001
2024-04-12 13:30:00,0.014317408301532967,0.014294003663403356,0.014270599025273745,0.046809276259222335,0.01795228984341753,0.02885698641580481,1.4738208172997806,1.0406834740770543,-0.013436601883479097
2024-04-15 13:30:00,0.011873461791669048,0.011851637592436579,0.01182981339320411,0.043648398464937586,0.008116084045349988,0.035532314419587596,1.4711553361273475,1.0078166408298999,-0.018225915939580745
2024-04-16 13:30:00,0.016012628067203737,0.016002070801801164,0.01599151353639859,0.02111453080514414,0.005864989198996362,0.015249541606147776,1.4637841903653266,1.0156950366740267,-0.00322320506991014
2024-04-17 13:30:00,-0.02185871909778338,-0.02187462907458513,-0.021890539051386878,0.03181995360349625,0.019479010132970303,0.012340943470525945,1.4530163951727557,1.0172681849519818,-0.003946519977014155
2024-04-18 13:30:00,-0.016852246291503236,-0.016923670497099322,-0.01699509470269541,0.1428484111921734,0.025187842471512067,0.11766056872066133,1.4147330309795951,1.0966453894794825,-0.015162029671327959
2024-04-19 13:30:00,-0.009151884115234718,-0.009173804206609381,-0.009195724297984043,0.043840182749324844,0.008378456859815715,0.03546172588950913,1.4042884133799642,1.1216624977693608,-0.010783831431007732
2024-04-22 13:30:00,-0.01043842741289663,-0.010467237701379072,-0.010496047989861514,0.057620576964884096,0.004655311760324521,0.052965265204559575,1.3969246315932031,1.1672639811871592,0.014110058022951844
2024-04-23 13:30:00,-0.0011417703564774,-0.001160037060354031,-0.0011783037642306622,0.03653340775326227,0.0070388749352391,0.029494532818023167,1.3909648140787823,1.143729265883557,0.02245622660539522
2024-04-24 13:30:00,0.005394797504851806,0.005375562783491692,0.005356328062131578,0.03846944272022753,0.012873439779054937,0.02559600294117259,1.395541152862245,1.1647489300412668,0.017755256573320628
2024-04-25 13:30:00,0.012356031021302408,0.012339978104475943,0.012323925187649477,0.032105833652930474,0.018233135066662427,0.01387269858626805,1.3966567932421465,1.1775059882476333,0.010435573543027524
2024-04-26 13:30:00,0.013758461455553365,0.013739078432936624,0.013719695410319883,0.03876604523348207,0.013996158784742288,0.024769886448739786,1.3983571535569856,1.200575514381534,0.01703140075263791
2024-04-29 13:30:00,0.0035906967916157807,0.003554614706676595,0.0035185326217374094,0.07216416987837113,0.045096976041117585,0.027067193837253534,1.3794507198767891,1.208736274538591,0.02725530383322187
2024-04-30 13:30:00,0.006513029540883036,0.006454513294468237,0.0063959970480534385,0.11703249282959827,0.007881215899555594,0.10915127693004267,1.415687201999464,1.1358214797312232,-0.022289774739304824
2024-05-01 13:30:00,-0.013757835019681171,-0.01381082285605594,-0.013863810692430709,0.10597567274953751,0.07601872745713861,0.029956945292398895,1.4368245696406254,1.1270019020799857,-0.005329274483768187
2024-05-02 13:30:00,-0.007046847987450805,-0.007075679978617861,-0.007104511969784916,0.05766398233411078,0.02396206060775778,0.033701921726353,1.4241508154330496,1.1480300695987629,0.015200137839032476
2024-05-03 13:30:00,-0.019117163392795997,-0.01912881265634219,-0.019140461919888385,0.02329852709238711,0.009826863027436294,0.013471664064950817,1.4220265826531717,1.1366826383136899,0.015042478741767784
2024-05-06 13:30:00,0.012289160996263884,0.012244588718727625,0.012200016441191366,0.08914455507251888,0.020084443669657153,0.06906011140286172,1.4158581292936734,1.0737909802703265,0.031294577807461664
2024-05-07 13:30:00,-0.025297571918618478,-0.025314820262611976,-0.02533206860660547,0.034496687986992416,0.009634216963650816,0.024862471023341604,1.4165653712680868,1.0979462093192547,-0.0090537249456318
2024-05-08 13:30:00,0.016879514278779918,0.016841841883835747,0.016804169488891574,0.07534478988834256,0.06019286770751094,0.015151922180831612,1.4130878034957937,1.0862718549107162,0.031072117490831313
2024-05-09 13:30:00,-0.0006959343789773795,-0.0007776920818917753,-0.0008594497848061712,0.16351540582879176,0.02025691831323262,0.14325848751555914,1.470324135725212,1.172294010196857,0.024249754015635228
2024-05-10 13:30:00,-0.0015375920062117698,-0.0015496135974419696,-0.0015616351886721697,0.024043182460399937,0.007891802325024733,0.016151380135375204,1.4686244510244884,1.1867457056315087,-0.00017984848006524778
2024-05-13 13:30:00,-0.023850720165795033,-0.023870727044125777,-0.02389073392245652,0.04001375666148921,0.01487041730471994,0.025143339356769268,1.489221656554546,1.1912918394582204,-0.021102040448818804
2024-05-14 13:30:00,-0.007517370592746144,-0.0075301957972085075,-0.0075430210016708705,0.025650408924726996,0.011973153440416015,0.01367725548431098,1.4968852513107511,1.1973055001863262,0.004174679802521027
2024-05-15 13:30:00,-0.004359702714579847,-0.004372237756390678,-0.004384772798201509,0.025070083621662187,0.022669143919106016,0.0024009397025561707,1.49873860655113,1.1978530846485036,0.03680393884866229
2024-05-16 13:30:00,-0.02165163212773514,-0.021670723800938017,-0.021689815474140894,0.03818334640575475,0.009681458006593516,0.028501888399161235,1.5038378517421898,1.1744504414404022,-0.029220634205157487
2024-05-17 13:30:00,0.0033735542327310037,0.003276291993424489,0.003179029754117975,0.19452447861302882,0.0059349340866584974,0.18858954452637033,1.5491050657507903,1.0311281109226325,0.004157518052403904
2024-05-20 13:30:00,-0.0065788759677514845,-0.006591833672502003,-0.006604791377252522,0.02591540950103736,0.02535953480857193,0.0005558746924654301,1.5485582166199312,1.0311190853610261,-0.001957582686556177
2024-05-21 13:30:00,0.0024340136119435397,0.0023930890051106777,0.0023521643982778156,0.08184921366572422,0.010940328838161909,0.0709088848275623,1.607155377823293,1.0188073617368256,0.018892152841676852
2024-05-22 13:30:00,0.01776503470123508,0.01775516873237175,0.017745302763508417,0.019731937726660893,0.0019206334929477618,0.017811304233713132,1.623960101179481,1.0198139426143507,-0.0016022419920207105
2024-05-23 13:30:00,0.04732629978737422,0.04730221696156959,0.047278134135764954,0.04816565160926034,0.008835852770578079,0.03932979883868226,1.6029512490278397,1.0381348893013915,0.015498968835242266
2024-05-24 13:30:00,0.0065078515446570055,0.006442836277928956,0.006377821011200907,0.13003053345609858,0.030676726124372406,0.09935380733172616,1.5408780228919465,1.0008543081055585,0.03142658483859077
2024-05-28 13:30:00,0.003144196613353404,0.002904168089413556,0.0026641395654737085,0.48005704787969544,0.034680146384845435,0.44537690149485,1.1745637249569658,0.9217917045456893,0.005476612194535065
2024-05-29 13:30:00,-0.0038437886079774105,-0.004370697023498297,-0.004897605439019182,1.0538168310417717,0.009788478689299478,1.0440283523524723,0.2551365436312313,1.046392875572427,-0.014505224069947661
2024-05-30 13:30:00,0.017570126774763,0.017537067950376527,0.01750400912599006,0.06611764877293946,0.007800752712060044,0.05831689606087942,0.2243914672789613,1.0739646952810364,0.009087696911077137
2024-05-31 13:30:00,-0.02850698927547495,-0.028558623367139453,-0.028610257458803957,0.1032681833290083,0.03389810608428464,0.06937007724472366,0.2696001143265103,1.098126125478211,-0.025796070699585488
2024-06-01 04:00:00,-0.1576950129880808,-0.15777392737719148,-0.15785284176630215,0.15782877822135263,0.03532188755179052,0.12250689066956211,0.1643330874284481,1.115365989249711,-0.09463781035404643
2024-06-03 13:30:00,0.0412251895851707,0.0404193285687345,0.039613467552298304,1.6117220328723945,0.01499111550058041,1.596730917371814,0.9471033977057628,0.3014053821552116,0.06855954896556549
2024-06-04 13:30:00,-0.024088881071202134,-0.024219554081099284,-0.024350227090996435,0.26134601979430244,0.016962706629851332,0.2443833131644511,1.0313226800263449,0.14124135131134258,-0.024132704338502675
2024-06-05 13:30:00,0.030703747512368117,0.03069137825494923,0.030679008997530344,0.024738514837773666,0.005555892904916057,0.019182621932857608,1.039690799929455,0.130426849281595,0.027401036468827005
2024-06-06 13:30:00,-0.033572534544499794,-0.03360644975606882,-0.03364036496763785,0.0678304231380544,0.017743425026752968,0.050086998111301434,1.0641371948450766,0.15606745247727472,-0.04464771666096212
2024-06-07 13:30:00,0.011777981189049965,0.011727606511745634,0.011677231834441304,0.10074935460866168,0.013198232747665777,0.0875511218609959,1.121341592869773,0.18641417631357426,-0.0005975680362491816
2024-06-10 13:30:00,0.008409296582723642,0.008392220896173776,0.00837514520962391,0.03415137309973163,0.015402298217780311,0.018749074881951322,1.1314351545222385,0.19506968954306003,0.023756740963374694
2024-06-11 13:30:00,0.012992622315740986,0.012973849872367098,0.012955077428993208,0.03754488674777766,0.02661498748579087,0.010929899261986786,1.1345624112155022,0.18726704697433688,0.007390840248981474
2024-06-12 13:30:00,0.017241535556719492,0.017226768051855895,0.017212000546992297,0.02953500972719573,0.019598288559922777,0.009936721167272955,1.1270718847900536,0.18971324171616127,0.012362880465657514
2024-06-13 13:30:00,-0.01049835076362714,-0.010516761867624739,-0.010535172971622337,0.03682220799519548,0.016994810385853043,0.019827397609342434,1.117720567746388,0.20018932228183806,-0.006856649273030424
2024-06-14 13:30:00,-0.01483822933722192,-0.0148684960685207,-0.014898762799819477,0.06053346259755795,0.01178095831687794,0.04875250428068001,1.1006775261359296,0.16847985961161638,-0.016633949733968072
2024-06-17 13:30:00,0.007337579711009441,0.007310664561980015,0.007283749412950589,0.05383029805885212,0.03762568965167815,0.01620460840717397,1.1095992887463009,0.16119701381481366,-0.002903965285642703
2024-06-18 13:30:00,0.022298760279850647,0.022282961868661088,0.022267163457471525,0.031596822379119836,0.022005223342867218,0.009591599036252618,1.1032128342142054,0.16440215831897076,0.022828039520224646
2024-06-20 13:30:00,-0.018970366536263966,-0.018983397846145948,-0.01899642915602793,0.026062619763963773,0.017640005252831086,0.008422614511132687,1.0990675292952967,0.1601248487267467,-0.010674933610469154
2024-06-21 13:30:00,-0.0013628734221396398,-0.0013753685726823864,-0.001387863723225133,0.02499030108549316,0.008379277190277423,0.016611023895215737,1.0964199926556457,0.17408833598231144,-0.008269845227032335
2024-06-24 13:30:00,-0.005523880098856814,-0.005607984218777271,-0.005692088338697729,0.16820823984091474,0.0081314724056644,0.16007676743525034,1.2005314193650887,0.23005367670811883,0.007641057741556508
2024-06-25 13:30:00,0.012291038348151323,0.012282884902644637,0.012274731457137951,0.016306891013370794,0.009743874474605452,0.006563016538765343,1.1978113391093346,0.23389661299113007,0.00363021505422112
2024-06-26 13:30:00,-0.02405809995978021,-0.024070802528905824,-0.024083505098031435,0.025405138251226624,0.01054623200135433,0.014858906249872295,1.201991897075699,0.24457496127463785,-0.02859915996134073
2024-06-27 13:30:00,0.001524549998006706,0.0015095369085247588,0.0014945238190428114,0.030026178963894444,0.010958897881868065,0.019067281082026377,1.2170896689907937,0.24854447044156958,0.004289442206899678
2024-06-28 13:30:00,-0.00616775175045876,-0.006196485888095699,-0.006225220025732638,0.05746827527387821,0.02722433616250286,0.03024393911137535,1.2382557536997854,0.2576223248439533,-0.021341739112645586
2024-07-01 13:30:00,0.0027157161794820637,0.002658363718417456,0.002601011257352848,0.11470492212921557,0.08472990954034354,0.02997501258887203,1.2286888840890509,0.23721418186581578,-0.004367805006027107
2024-07-02 13:30:00,-0.00560072954286143,-0.0056429019288433665,-0.005685074314825304,0.08434477196387362,0.001887327811534038,0.08245744415233958,1.1921210639053408,0.19132455789718628,0.002573915186971846
2024-07-03 13:30:00,0.021128546928717275,0.021116405743972028,0.02110426455922678,0.02428236949049293,0.015914953065633654,0.008367416424859275,1.1979386572168438,0.18877473478383,0.029923218272156566
2024-07-05 13:30:00,-0.017084529296848516,-0.017147132744190115,-0.017209736191531717,0.12520689468320176,0.013344344556078209,0.11186255012712354,1.259861929080338,0.23871401304745943,-0.01238613383396762
2024-07-08 13:30:00,0.015541730396303318,0.015461912287772368,0.015382094179241418,0.15963621706190043,0.021779290698553076,0.13785692636334734,1.3423088429386996,0.2941240255524451,0.017611935646249115
2024-07-09 13:30:00,-0.009531908339155265,-0.009549721538554965,-0.009567534737954665,0.03562639879940077,0.01053185676327939,0.02509454203612138,1.334788715694088,0.2765496107609352,-0.005402635121172228
2024-07-10 13:30:00,0.0005179817288228604,0.0005087717622161989,0.0004995617956095374,0.018419933213323025,0.010139017817785145,0.00828091539553788,1.3379838747196136,0.2816353671309476,0.016091841890978564
2024-07-11 13:30:00,-0.01093158118721781,-0.01094075844708328,-0.01094993570694875,0.01835451973094023,0.016954032343453017,0.0014004873874872148,1.337432114628403,0.280786639834671,0.007360675206555293
2024-07-12 13:30:00,-0.005493842695088655,-0.005542933226106384,-0.005592023757124114,0.09818106203545933,0.011122609480083182,0.08705845255537614,1.377229279127542,0.3280479278909081,0.006557324015959505
2024-07-15 13:30:00,-0.002944917389276498,-0.0029850197111014934,-0.0030251220329264887,0.08020464364999025,0.026147457223575588,0.05405718642641466,1.4209014618341302,0.31766292417108166,-0.03658687385524051
2024-07-16 13:30:00,-0.004142709217837155,-0.004156738446931479,-0.004170767676025803,0.028058458188647793,0.010769761808923825,0.017288696379723967,1.4269735298407697,0.3064462957979972,0.0070571804125122055
2024-07-17 13:30:00,-0.07052893821957243,-0.07057511690441118,-0.07062129558924993,0.09235736967749197,0.035514837320479,0.056842532357012976,1.425115323445314,0.25146196983644,-0.07709736124158784
2024-07-18 13:30:00,0.02976030043907939,0.02949514424696715,0.02922998805485491,0.5303123842244806,0.05487823221360455,0.475434152010876,1.6145112781869204,0.5375001671057096,0.025835274357944638
2024-07-19 13:30:00,-0.0025256941912267256,-0.002580512900369852,-0.002635331609512978,0.10963741828625254,0.01818159423900293,0.09145582404724961,1.5729786465106124,0.487576974734768,-0.00505126136762742
2024-07-22 13:30:00,0.012179464580899885,0.01217192219216451,0.012164379803429135,0.015084777470750026,0.005546230708316429,0.009538546762433597,1.5668084546073147,0.48420861987563213,0.032574907380606234
2024-07-23 13:30:00,0.013207478976479321,0.013166772835248431,0.01312606669401754,0.0814122824617806,0.013568555643272012,0.06784372681850859,1.5982118662373734,0.5206489350640819,0.0014284731283630652
2024-07-24 13:30:00,-0.07076768015848711,-0.07079899859132727,-0.07083031702416742,0.06263686568031154,0.023425624247268982,0.039211241433042554,1.5972420352563,0.4824075246121129,-0.07011733395893598
2024-07-25 13:30:00,-6.1677887967692e-05,-0.0002137579534566251,-0.0003658380189455582,0.30416013097786615,0.009350307467581068,0.29480982351028506,1.6694368745970065,0.7050225087816914,-0.02169556009494115
2024-07-26 13:30:00,-0.0038856902046922118,-0.003892606232858166,-0.003899522261024121,0.01383205633190913,0.01212807665591146,0.0017039796759976689,1.6693081357896353,0.7065977496503179,0.019703501892958625
2024-07-29 13:30:00,-0.010396388741883918,-0.010406851790959591,-0.010417314840035264,0.020926098151345458,0.003107917773168619,0.01781818037817684,1.6826058036275113,0.702077237110017,-0.0014206951965081889
2024-07-30 13:30:00,-0.02610629679232785,-0.02611450075881911,-0.026122704725310374,0.016407932982522556,0.008989993358637186,0.007417939623885372,1.6780841548344236,0.6991809462792193,-0.027021519345901173
2024-07-31 13:30:00,0.04344150982130032,0.04336529231335896,0.04328907480541759,0.15243501588273003,0.060121217728378674,0.09231379815435137,1.7133483107876448,0.7562305884803495,0.08799465302205951
2024-08-01 13:30:00,-0.045565671265932806,-0.04572235821293896,-0.04587904515994512,0.313373894012311,0.018156485330310723,0.2952174086820003,1.8571760493805813,0.9076202585694133,-0.03412609070936268
2024-08-02 13:30:00,-0.03347951581885197,-0.03352480670310089,-0.03357009758734981,0.09058176849784068,0.0063242313359433595,0.08425753716189732,1.8656471915803436,0.9834066535315483,-0.0537991256219272
2024-08-05 13:30:00,0.06078792516424633,0.060738449819323644,0.06068897447440096,0.09895068984536877,0.014669696836781395,0.08428099300858738,1.8899450100299644,1.043389828090515,-0.020231711815435666
2024-08-06 13:30:00,0.016692931651605986,0.016419641934787125,0.016146352217968264,0.5465794336377208,0.021759443253790645,0.5248199903839301,1.5984409316267238,0.8100739161098254,0.03792698188007804
2024-08-07 13:30:00,-0.0014420138854350777,-0.0014685683586397275,-0.0014951228318443772,0.053108946409299564,0.004610691354262656,0.04849825505503691,1.6253499190407867,0.8316631837507994,-0.001303953376689056
2024-08-08 13:30:00,0.026786015178979893,0.02677516704993381,0.02676431892088773,0.021696258092165393,0.018777038534343687,0.002919219557821706,1.626079341499697,0.8338529808497108,0.05406972197732244
2024-08-09 13:30:00,-0.011448701523250818,-0.011510064835370313,-0.011571428147489808,0.12272662423899099,0.015535225758331477,0.1071913984806595,1.6655341527086545,0.9015895681214129,-0.0010647202452634212
2024-08-12 13:30:00,-0.010874866032281777,-0.010883866707450533,-0.010892867382619287,0.018001350337511046,0.007629789124516284,0.010371561212994762,1.6600608846375213,0.8966912749795513,-0.00601198389040869
2024-08-13 13:30:00,-0.010442228897576993,-0.010459835906284364,-0.010477442914991737,0.03521401741474336,0.01366514200889409,0.021548875405849266,1.64692053576887,0.8882827484423532,0.021202470247719447
2024-08-14 13:30:00,0.0010005074648221112,0.0009785222776808678,0.0009565370905396246,0.0439703742824867,0.015097999289152527,0.02887237499333417,1.6337830061191203,0.8725479030987688,0.00018210435801665112
2024-08-15 13:30:00,-0.002287343322333154,-0.0022921541707357114,-0.0022969650191382693,0.00962169680511519,0.008203019345084531,0.0014186774600306595,1.6332207923149167,0.8734043667545959,0.019557208672830246
2024-08-16 13:30:00,-0.025885336836621465,-0.02589373085782262,-0.025902124879023773,0.016788042402307725,0.009863678575780003,0.006924363826527724,1.628228803764458,0.8714719914785267,-0.017514568269062097
2024-08-19 13:30:00,-0.013377119116292122,-0.013395521123652363,-0.013413923131012603,0.036804014720482225,0.008491983541101922,0.028312031179380304,1.648812946686626,0.8791998797357392,0.009025311645328271
2024-08-20 13:30:00,-0.0012819931725485843,-0.0013662793169542321,-0.00145056546135988,0.16857228881129563,0.006632061244843205,0.16194022756645243,1.7626277465802163,0.9273253074086013,-0.006991906791805687
2024-08-21 13:30:00,0.0013958056005821604,0.001375148607744603,0.0013544916149070456,0.04131398567511483,0.01509472498955892,0.026219260685555912,1.7468329541328516,0.9169008391704101,0.018054401811352056
2024-08-22 13:30:00,0.01664439295619539,0.016633873166577672,0.01662335337695995,0.02103957923544031,0.01241946321435472,0.008620116021085589,1.75329012634861,0.9190637829757372,-2.2740297021983658e-05
2024-08-23 13:30:00,0.004287922916581914,0.0042704720970466094,0.004253021277511305,0.03490163907060958,0.011394856829149388,0.02350678224146019,1.772252966062759,0.914519840448426,0.019154642002881934
2024-08-26 13:30:00,-0.012142097886377577,-0.012149185864504307,-0.012156273842631037,0.014175956253460575,0.001620735561766451,0.012555220691694124,1.778409202339924,0.9209188248629552,-0.009527950114175954
2024-08-27 13:30:00,0.009116383118925203,0.009047548462215555,0.008978713805505906,0.137669313419298,0.0005279102101658495,0.13714140320913215,1.8836888514351178,0.9527805789768936,-0.002926316207918611
2024-08-28 13:30:00,-0.001958338561442865,-0.002233084422607559,-0.002507830283772253,0.5494917223293879,0.010209173573644481,0.5392825487557434,1.496702192721682,1.1050764690192012,-0.014498111492778687
2024-08-29 13:30:00,0.019177665739354418,0.018689455702724112,0.018201245666093806,0.9764200732606111,0.008424112325587188,0.9679959609350239,0.8444349740618433,1.4208052112943865,0.021694914126489866
2024-08-30 13:30:00,-0.00892287519020681,-0.008932592957342065,-0.00894231072447732,0.01943553427050963,0.0054991651036137386,0.01393636916689589,0.8581086142015932,1.4210679403215325,0.014475017785902692
2024-09-01 04:00:00,0.14025604016297943,0.140168745695803,0.14008145122862659,0.17458893435284534,0.15716007893455225,0.017428855418293088,0.8579554554195983,1.4037922436852344,0.2337082710987705
2024-09-03 13:30:00,-0.03985673435423595,-0.04049052343868644,-0.04112431252313693,1.2675781689009817,0.11957618960458909,1.1480019792963927,1.8573470009581357,1.5524026774430897,-0.24299913342940724
2024-09-04 13:30:00,-0.012692535014673299,-0.012829789153538785,-0.01296704329240427,0.27450827773097164,0.011875817358692253,0.2626324603722794,2.045657111989646,1.6267250267838589,0.0005351349355372514
2024-09-05 13:30:00,-0.009263055015530933,-0.009267778337498917,-0.0092725016594669,0.009446643935966576,0.003944539672718202,0.005502104263248375,2.0440311641348075,1.6306011831922689,-0.012795772277386855
2024-09-06 13:30:00,0.04813977534990265,0.04812014571437136,0.048100516078840055,0.039259271062592485,0.013249773984897757,0.026009497077694732,2.058547716145415,1.6191082381251816,-0.014839109472054616
2024-09-09 13:30:00,-0.026798520461494404,-0.026853064992118748,-0.026907609522743094,0.10908906124868878,0.005057457909625196,0.10403160333906358,2.063933285102461,1.5204622037431643,0.013689203762409008
2024-09-10 13:30:00,-0.01985609021268053,-0.01987209996720276,-0.01988810972172499,0.03201950904446075,0.011335139549129828,0.020684369495330923,2.0535491266263985,1.510161992723896,0.0037416276609186414
2024-09-11 13:30:00,0.005929631844183485,0.005917429415916662,0.005905226987649839,0.024404856533645585,0.014407339101901211,0.009997517431744374,2.0446347330337886,1.5090788688847616,0.04506978816442168
2024-09-12 13:30:00,-0.00383945846767551,-0.0038495592334120664,-0.0038596599991486224,0.020201531473112766,0.010440345050549471,0.009761186422563295,2.0453322512820766,1.518142537059037,0.015561712358863833
2024-09-13 13:30:00,-0.010649349428531883,-0.010672634523189199,-0.010695919617846515,0.046570189314632936,0.03813604647969678,0.008434142834936154,2.0503849971326886,1.5147611400747127,0.024993064534457304
2024-09-16 13:30:00,0.009230005460341202,0.009208508671197204,0.009187011882053207,0.04299357828799496,0.026710874191962906,0.016282704096032052,2.055915325525067,1.5040087643710591,0.018291732554884737
2024-09-17 13:30:00,0.01586115183403775,0.015845233634189607,0.01582931543434147,0.03183639969628064,0.006314441583694134,0.025521958112586507,2.0730279741182893,1.4955994548516949,0.015079229622415738
2024-09-18 13:30:00,0.02316938696875557,0.023159345040993214,0.02314930311323086,0.02008385552470745,0.008361832198374572,0.011722023326332875,2.0654827746135074,1.4997762786732458,0.0010051124277796013
2024-09-19 13:30:00,0.01686373995741431,0.016842243123739407,0.016820746290064508,0.04299366734980274,0.02543548099368224,0.017558186356120498,2.0590734974708296,1.4886273694598031,0.042432859986035444
2024-09-20 13:30:00,0.008291027201735524,0.008185260028864688,0.008079492855993851,0.21153434574167185,0.10764171323247029,0.10389263250920155,2.008016612159813,1.5414631166579882,0.05837649598566341
2024-09-23 13:30:00,-0.00744234838507243,-0.00746942843200392,-0.00749650847893541,0.05416009386297982,0.019224856511536936,0.03493523735144288,2.0323155756051663,1.5308268427518985,0.01677488600043464
2024-09-24 13:30:00,0.009359406696356456,0.009349305748425499,0.009339204800494544,0.020201895861911828,0.00952588835199834,0.010676007509913488,2.0421647642411305,1.5300000238779492,0.002248533490364616
2024-09-25 13:30:00,0.008530244115367909,0.008502860390832395,0.008475476666296883,0.05476744907102619,0.0387746129288065,0.01599283614221969,2.032261127977465,1.5360892237565036,0.02065593528727901
2024-09-26 13:30:00,-0.008735484982784442,-0.00875938873935554,-0.008783292495926638,0.04780751314219511,0.03031179012900842,0.017495723013186693,2.0303440485873545,1.5516678673795796,-0.011004977080169787
2024-09-27 13:30:00,-0.005412737398896466,-0.005434473903835241,-0.005456210408774016,0.04347300987754961,0.02493635574372551,0.018536654133824104,2.0389948155620665,1.5417819802204675,0.006247997856497249
2024-09-30 13:30:00,-0.006363802687780655,-0.006388292019084709,-0.006412781350388763,0.048978662608107904,0.0021885204698339766,0.04679014213827393,2.0206690919200945,1.5702463987167694,0.006940216377785413
2024-10-01 13:30:00,0.010676418093623647,0.010672365149644798,0.010668312205665949,0.008105887957698843,0.0003932287894629072,0.007712659168235936,2.024071259191217,1.565935906819656,0.005146050586132082
2024-10-02 13:30:00,0.008317520939904795,0.008299466355563667,0.00828141177122254,0.036109168682255735,0.01150066565761761,0.02460850302463813,2.035144820517059,1.55240096512086,0.011510467962802565
2024-10-03 13:30:00,0.01892816103393375,0.018901172407125535,0.01887418378031732,0.05397725361643032,0.03946430382459928,0.014512949791831042,2.0365663362100506,1.5654923992196994,0.017008471125402307
2024-10-04 13:30:00,0.013815292119069235,0.013791505912182636,0.013767719705296036,0.04757241377319906,0.015613000161280052,0.03195941361191901,2.018501488366173,1.5793869649877408,0.029385085982048514
2024-10-07 13:30:00,0.04971298742437248,0.04967961097915745,0.04964623453394242,0.06675289043006205,0.03792356616124226,0.02882932426881979,2.0103825706063523,1.60009737149674,-0.013662175865736703
2024-10-08 13:30:00,-0.031088884432433166,-0.031141671601538898,-0.03119445877064463,0.10557433821146289,0.019013894647059937,0.08656044356440296,1.9252220722645899,1.6014973167193804,-0.006201468469758331
2024-10-09 13:30:00,-0.003863551952116847,-0.003911245558293528,-0.003958939164470211,0.09538721235336352,0.021201062024855128,0.0741861503285084,1.9566044610251312,1.5586935551514134,-0.008339383471686649
2024-10-10 13:30:00,0.005613237055688197,0.005547817519951887,0.005482397984215577,0.13083907147262053,0.0017222533742330404,0.1291168180983875,1.9999991259704548,1.4729714019983495,-0.002150738155954346
2024-10-11 13:30:00,-0.009679018770261427,-0.009686272417505195,-0.00969352606474896,0.014507294487534555,0.0029970410113319508,0.011510253476202603,2.000388956300358,1.4840918251446489,0.010210194776464418
2024-10-14 13:30:00,-0.01330295473482911,-0.013325721550812254,-0.013348488366795398,0.04553363196628838,0.03128631725327128,0.0142473147130171,1.9924070529105236,1.4903572364678315,0.02434453369757546
2024-10-15 13:30:00,-0.012065724129266596,-0.012075644409546915,-0.012085564689827237,0.019840560560640985,0.0068789457271495325,0.012961614833491453,1.982869307697161,1.4937811060879604,-0.023137668742585493
2024-10-16 13:30:00,-0.010083307550545265,-0.010106610761904057,-0.01012991397326285,0.0466064227175839,0.02814944777176113,0.01845697494582277,1.9865879592814388,1.5085194294495055,0.02953229659846864
2024-10-17 13:30:00,0.004983569836223292,0.004843740173813396,0.0047039105114035,0.2796593248197927,0.04957272972493332,0.2300865950948594,2.0731707175680616,1.3650155926412688,-0.012480431345701537
2024-10-18 13:30:00,-0.009871819078463752,-0.009886417728420133,-0.009901016378376514,0.02919729991276247,0.01947014596033229,0.009727153952430179,2.0729064806967212,1.3744785097223586,0.01109459513184293
2024-10-21 13:30:00,0.005989846011198198,0.005980833506684774,0.00597182100217135,0.018025009026847817,0.01019380288775166,0.007831206139096158,2.0766144983936483,1.3786016981645277,0.0005295144345563626
2024-10-22 13:30:00,-0.01606752908791269,-0.01607886842450549,-0.01609020776109829,0.022678673185599164,0.01902329439819154,0.003655378787407626,2.074871985204395,1.380514563762682,-0.02193385674414246
2024-10-23 13:30:00,-0.002113359582713434,-0.002155210863280633,-0.002197062143847832,0.08370256113439807,0.017725457003722262,0.06597710413067581,2.1047994637241354,1.3444649381517466,-0.0025319404601272058
2024-10-24 13:30:00,0.00550203966033876,0.005474303764058827,0.005446567867778895,0.05547179255986494,0.00812623565802521,0.047345556901839725,2.1073899287170295,1.299709846242801,0.0024401136874693994
2024-10-25 13:30:00,0.019335060694076114,0.019197410638469317,0.019059760582862524,0.27530011121359016,0.005627560767317038,0.26967255044627314,2.2302931419828016,1.1529405090623,-0.006715205809586215
2024-10-28 13:30:00,-0.0010473096177370765,-0.001091590171377955,-0.0011358707250188331,0.0885611072817567,0.013718041172936957,0.07484306610881974,2.2392414898554014,1.08704579082608,0.016678868193840568
2024-10-29 13:30:00,0.034822920056631776,0.034692515992588664,0.03456211192854555,0.2608081280862217,0.005956387708518844,0.25485174037770286,2.3266096191415064,1.2545294019176778,-0.002808584048821191
2024-10-30 13:30:00,0.004066264843490349,0.00398131615847769,0.0038963674734650297,0.16989737002531888,0.008864290552995719,0.16103307947232315,2.2321881293433763,1.3211409915918708,-0.011268323772446501
2024-10-31 13:30:00,-0.009220746522429085,-0.009235783213444648,-0.009250819904460214,0.030073382031129116,0.026181781069385103,0.003891600961744013,2.232518821806049,1.3175800830927997,-0.019333067676298093
2024-11-01 13:30:00,0.030868669135628045,0.03083121434632999,0.03079375955703194,0.07490957859610592,0.06662528428536374,0.00828429431074218,2.227798100317675,1.3140165102704318,-0.009033345753031977
2024-11-04 14:30:00,0.01710313382123299,0.017027763157058656,0.016952392492884317,0.1507413283486734,0.019007359577618826,0.1317339687710546,2.1543079634488485,1.3722603421726598,-0.012538261958218685
2024-11-05 14:30:00,-0.014252906231671171,-0.01427044478187998,-0.014287983332088788,0.03507710041761587,0.01780759735561895,0.017269503061996927,2.138867553760429,1.3740894355462372,0.03541521202611323
2024-11-06 14:30:00,0.011729018987158332,0.011664263854867747,0.011599508722577164,0.12951026458116707,0.04094281809531072,0.08856744648585635,2.110034994260892,1.4338243225325566,0.02886477653129212
2024-11-07 14:30:00,0.010661026500565884,0.010614985864390311,0.01056894522821474,0.09208127235114438,0.03892088066083965,0.05316039169030473,2.090128488772401,1.4670782087343706,0.0375324310718812
2024-11-08 14:30:00,-0.01009308131668911,-0.010146399599302906,-0.010199717881916703,0.10663656522759483,0.014368806145062345,0.09226775908253249,2.065530673572588,1.5347481526170896,0.03131459459458134
2024-11-11 14:30:00,0.007849282296113688,0.007833692255397822,0.007818102214681957,0.031180081431731933,0.01655968066414052,0.014620400767591413,2.055460904736252,1.5392987845483455,0.012662189287411732
2024-11-12 14:30:00,0.01298640053823165,0.012964970858592297,0.012943541178952946,0.04285935927870581,0.011544395376791899,0.031314963901913906,2.0562332817635864,1.5698413714229251,-0.013421400378552514
2024-11-13 14:30:00,0.005785806620269071,0.005779738463523592,0.005773670306778113,0.012136313490957265,0.0017015168325024512,0.010434796658454815,2.046585800794733,1.5706286871125266,0.00011428626335060106
2024-11-14 14:30:00,-0.0007063138143550175,-0.0007125523657603493,-0.000718790917165681,0.012477102810663535,0.009478947315180545,0.0029981554954829903,2.048853918037624,1.5713587253651187,-0.01868719065381112
2024-11-15 14:30:00,0.013808705334714483,0.013766862306274077,0.01372501927783367,0.08368605688081132,0.02096636576358568,0.06271969111722564,2.0366910365389512,1.6219155349836716,0.005683835349953759
2024-11-18 14:30:00,-0.014317931090289981,-0.014350617668964309,-0.014383304247638635,0.06537315734865438,0.017896702094973776,0.047476455253680605,2.056606210378179,1.5943542535692186,0.014665433528593988
2024-11-19 14:30:00,0.002622509011765556,0.0025963613739224153,0.0025702137360792752,0.05229527568628067,0.02955411614144432,0.022741159544836353,2.057973169323744,1.5729800529699474,0.026573698464909423
2024-11-20 14:30:00,-0.002004777782900514,-0.0020121847531302467,-0.0020195917233599794,0.014813940459465417,0.006997766713684054,0.007816173745781363,2.062545789725353,1.5697364996257752,-0.0018834287424636849
2024-11-21 14:30:00,0.0016939011027852363,0.0016759722090184859,0.0016580433152517352,0.035857787533501106,0.03425667907765195,0.001601108455849154,2.0624144612238053,1.5712062795800765,0.043218566473722575
2024-11-22 14:30:00,0.006819432287914228,0.006801136515536539,0.0067828407431588505,0.03659154475537803,0.02644390142503224,0.01014764333034579,2.0570766778220255,1.5760161395086425,-0.0017057731492135335
2024-11-25 14:30:00,-0.02200537410429733,-0.02203364617345265,-0.022061918242607968,0.05654413831064057,0.03236242509365309,0.024181713216987477,2.057284665139953,1.5999898654077025,-0.015685965619538684
2024-11-26 14:30:00,-0.013344210217616108,-0.013548142353370814,-0.013752074489125523,0.4078642715094143,0.03273277901900684,0.37513149249040745,1.7291069047048278,1.5530361333524203,0.02254165970846045
2024-11-27 14:30:00,-0.015825925915634583,-0.016398529077304356,-0.016971132238974132,1.1452063233395477,0.026112405087324077,1.1190939182522237,1.1336873437961852,1.0293617760088392,-0.02393051975923684
2024-11-29 14:30:00,0.005442054777193372,0.00541052646081385,0.005378998144434329,0.06305663275904279,0.019307926776537105,0.04374870598250569,1.1527341782698188,1.0540636475177112,0.015121062050301873
2024-12-01 05:00:00,-0.05942331046319886,-0.0594652758003578,-0.059507241137516736,0.08393067431787267,0.07289611641694034,0.01103455790093233,1.143060750437768,1.0527025174488298,-0.14579240106847194
2024-12-02 14:30:00,0.048641187796381005,0.04828463705451886,0.047928086312656715,0.713101483724293,0.11294819640513043,0.6001532873191626,1.5740521125420301,1.2218644426637302,0.15604153864920378
2024-12-03 14:30:00,0.010099397788593643,0.00994550349200059,0.009791609195407534,0.30778859318610935,0.006522203862302364,0.301266389323807,1.765267726880237,1.3319152176493303,-0.0010437176347312487
2024-12-04 14:30:00,-0.003731846197977992,-0.0037635336747656313,-0.0037952211515532705,0.06337495357527856,0.03352333394693319,0.02985161962834537,1.7674154082531206,1.359619155904792,0.012857144854769187
2024-12-05 14:30:00,-0.007119447766108797,-0.00714707547877428,-0.007174703191439762,0.05525542533096502,0.011845624840721344,0.04340980049024368,1.764252946409595,1.319371817258074,-0.0052924823320589605
2024-12-06 14:30:00,0.005713538642147881,0.0057030994598621125,0.005692660277576344,0.020878364571536134,0.0046580982383858105,0.016220266333150324,1.7643593743436186,1.3354856556572008,-0.004199863538216664
2024-12-09 14:30:00,-0.008570224334408863,-0.008593941406017817,-0.008617658477626772,0.04743414321790829,0.03168461368775077,0.015749529530157513,1.770404682546063,1.3451898769849138,-0.0412620144356054
2024-12-10 14:30:00,-0.004941415030435284,-0.0049728163318944665,-0.00500421763335365,0.06280260291836606,0.023268356323284646,0.039534246595081424,1.7782090393929069,1.3769197667331514,-0.022514104722712053
2024-12-11 14:30:00,0.01501741455464518,0.014999867682101441,0.014982320809557702,0.03509374508747842,0.019144565991340068,0.015949179096138355,1.7829530966390055,1.3881248885831912,0.02868478177518652
2024-12-12 14:30:00,0.006991126178657185,0.0069536525398491795,0.006916178901041174,0.07494727761601101,0.008802226796943497,0.06614505081906752,1.7907152735373908,1.4465077625038734,-0.00326737125638051
2024-12-13 14:30:00,-0.013056024891099284,-0.013095877101296102,-0.013135729311492922,0.0797044203936375,0.005939960752220178,0.07376445964141731,1.7907965275058995,1.3728245568309647,-0.0013933708429244203
2024-12-16 14:30:00,-0.0003824078550452052,-0.0004046223659445897,-0.00042683687684397426,0.044429021798769106,0.009469088717387868,0.034959933081381234,1.7701320739902133,1.3585290772652696,0.0050451458696203115
2024-12-17 14:30:00,-0.012892336241367194,-0.012902529693638582,-0.012912723145909969,0.020386904542774476,0.012023277736369353,0.008363626806405122,1.7750415374629993,1.3550749139316505,-0.02623441674581095
2024-12-18 14:30:00,0.04791810714406749,0.04790262816565373,0.047887149187239963,0.030957956827522486,0.009099662662621227,0.02185829416490126,1.7820092363485125,1.3699655092110385,-0.043558657264587554
2024-12-19 14:30:00,0.010540302515443885,0.010365263652140461,0.010190224788837035,0.3500777266068496,0.019056487366828485,0.33102123924002114,1.712218668159349,1.108734838160181,0.013376334310573649
2024-12-20 14:30:00,-0.02129897807456028,-0.021305376666379546,-0.02131177525819881,0.012797183638529516,0.008320252725674123,0.0044769309128553925,1.711214443583021,1.1122075444967083,0.01570905412028319
2024-12-23 14:30:00,-0.015704071989150935,-0.015733886559356557,-0.01576370112956218,0.05962914041124301,0.005450938708966957,0.05417820170227605,1.6918449251132177,1.0773988612642356,0.0005510609315595438
2024-12-24 14:30:00,-0.010285972457813874,-0.010300554804209607,-0.01031513715060534,0.029164692791465052,0.004896614248337983,0.02426807854312707,1.6892746781602301,1.055701029674096,0.01335742867680656
2024-12-26 14:30:00,0.00487449602427377,0.004862186982819008,0.004849877941364246,0.02461808290952446,0.005026013525266733,0.019592069384257726,1.6825960201732437,1.0427876182768248,0.00020553135211402265
2024-12-27 14:30:00,-0.004505761947486631,-0.004510291413507034,-0.004514820879527437,0.009058932040805656,0.0075331717348705585,0.0015257603059350977,1.6817780859666522,1.0420797921774811,-0.02320709820557698
2024-12-30 14:30:00,0.01563417382577733,0.015620314143803361,0.015606454461829391,0.02771936394793839,0.008489343020447682,0.01923002092749071,1.6817470081216002,1.0612787352599198,-0.005554135019288142
2024-12-31 14:30:00,0.00122811332261109,0.0011954857676338007,0.0011628582126565117,0.0652551099545784,0.00732129413131033,0.057933815823268064,1.6808847428401674,1.0042071847180845,-0.008855653772006478
2025-01-02 14:30:00,0.0169555781930033,0.016868993151275304,0.016782408109547307,0.17317008345599272,0.0674874291259534,0.10568265433003932,1.7282839324892891,1.062490649399002,0.028120761738567257
2025-01-03 14:30:00,0.014036179708095946,0.013992545532889594,0.013948911357683242,0.0872683504127038,0.03426565241396477,0.05300269799873902,1.7375024681153015,1.1062748117717287,0.050593200744367316
2025-01-06 14:30:00,0.017029078922010346,0.017007071293190207,0.016985063664370068,0.044015257640278506,0.006800698086853944,0.037214559553424564,1.7432481730683023,1.1377436663721525,0.010655073364967812
2025-01-07 14:30:00,0.011035417362432035,0.011013069759149148,0.010990722155866264,0.044695206565771306,0.011139115552775358,0.03355609101299595,1.7332968521594614,1.1613484364763076,-0.014008769753720673
2025-01-08 14:30:00,-0.011734392652301548,-0.011755257094065143,-0.011776121535828738,0.041728883527190355,0.015481323395375297,0.026247560131815062,1.7373898088325612,1.1391938330175924,-0.011991996611583863
2025-01-10 14:30:00,0.03800744228907584,0.037984960147448836,0.03796247800582182,0.044964283254015955,0.02671074298423119,0.018253540269784763,1.7447855738451274,1.150051608274811,0.010102785930720856
2025-01-13 14:30:00,0.014654960464225994,0.014587515831988874,0.014520071199751754,0.13488926447424068,0.018633954950101044,0.11625530952413965,1.7415498019416038,1.037032070654195,-0.008955456075328735
2025-01-14 14:30:00,0.0005900269411205812,0.0005702399795239991,0.0005504530179274169,0.039573923193164294,0.02917742414503296,0.010396499048131336,1.7453839732772551,1.030469742941715,0.02250949164748232
2025-01-15 14:30:00,-0.03957516371702172,-0.03958718957528936,-0.03959921543355699,0.02405171653526646,0.02008943191141817,0.003962284623848289,1.742161736682536,1.031209790970844,0.009702062121311564
2025-01-16 14:30:00,-0.017821976543809067,-0.017900680649507214,-0.01797938475520536,0.15740821139629393,0.01128833421182455,0.1461198771844694,1.7085853575957688,0.9186662928731417,0.01890703747917703
2025-01-17 14:30:00,-0.021912550949922057,-0.021946302742379197,-0.02198005453483634,0.06750358491428284,0.014342435569294116,0.05316114934498872,1.6768222857258004,0.940064370348162,-0.0037035943713169908
2025-01-21 14:30:00,0.02858933283606882,0.02854982246659583,0.028510312097122844,0.07902073894597643,0.026706255985969134,0.05231448296000729,1.6717184584594507,0.8928537146545045,0.05948324291224109
2025-01-22 14:30:00,0.04012817207423137,0.04010097393024019,0.04007377578624901,0.05439628798235678,0.023260385965713264,0.031135902016643513,1.699992712244625,0.8899920664230353,0.014767815086995614
2025-01-23 14:30:00,-0.004636816945403104,-0.004696882799635631,-0.004756948653868157,0.12013170846505292,0.021735265238597444,0.09839644322645547,1.6543521193482709,0.9427479167531366,0.005183297599663887
2025-01-24 14:30:00,-0.010492457558939742,-0.01050227785596891,-0.010512098152998077,0.019640594058335882,0.008159013798649398,0.011481580259686486,1.659554851196769,0.9364690683419483,0.0010868803947139034
2025-01-27 14:30:00,-0.14135735524755869,-0.1414055895966611,-0.14145382394576356,0.096468698204863,0.07552113631327213,0.02094756189159086,1.65092774532443,0.9487895243612001,-0.20719567754395787
2025-01-28 14:30:00,0.038336284858332334,0.03799703024681465,0.03765777563529697,0.6785092230353599,0.0581184539001182,0.6203907691352417,1.835533706471093,1.3845743323497788,0.03350692435100074
2025-01-29 14:30:00,0.02095476202123968,0.020897113644059526,0.02083946526687937,0.1152967543603071,0.015228049967894211,0.10006870439241289,1.8019767130764053,1.451086043347504,0.021994681060280758
2025-01-30 14:30:00,0.02432240831021417,0.024278279556749115,0.024234150803284057,0.08825750693011356,0.0677551906300696,0.020502316300043955,1.8073492477522843,1.435956261723339,0.06812516924821581
2025-01-31 14:30:00,-0.005121855146237912,-0.005172103031988776,-0.005222350917739641,0.10049577150172848,0.02878923058909929,0.07170654091262918,1.8623245387372354,1.4192250117956609,-0.018119434593946864
2025-02-03 14:30:00,-0.015237056793789953,-0.015270307879753916,-0.015303558965717879,0.06650217192792662,0.04919270203882564,0.01730946988910098,1.8731422596839833,1.425716760738014,-0.01654524316816645
2025-02-04 14:30:00,-0.00456376545441056,-0.004583426288735523,-0.004603087123060486,0.03932166864992533,0.0029182919298013825,0.03640337672012395,1.8757719344025359,1.4594904627395853,-0.0031780440105814525
2025-02-05 14:30:00,-0.019705474845138748,-0.019736844653176423,-0.019768214461214097,0.06273961607534821,0.013774509287637385,0.04896510678771082,1.8869748975317489,1.4217283190810874,0.005710908820431866
2025-02-06 14:30:00,0.005934281306621233,0.005898382080986088,0.005862482855350944,0.07179845127028939,0.030240515646275723,0.041557935624013664,1.8775879807782614,1.3895573002105612,0.011031514920400332
2025-02-07 14:30:00,0.013854149887260941,0.01384382699335941,0.01383350409945788,0.02064578780306211,0.011288111789616159,0.009357676013445948,1.8840273401167327,1.392475616885536,-0.007559378327937257
2025-02-10 14:30:00,-0.02849856835693288,-0.028516954741692434,-0.028535341126451983,0.036772769519103646,0.013600379483483655,0.023172390035619994,1.8830525742360436,1.370277992730605,0.008572486058849601
2025-02-11 14:30:00,-0.019838987939313053,-0.01986733403716569,-0.019895680135018325,0.056692195705272286,0.011853956092837792,0.044838239612434494,1.8760956480677833,1.3323966792864308,-0.013510729887001971
2025-02-12 14:30:00,-0.011370308682574388,-0.011382032261047392,-0.011393755839520396,0.023447156946008296,0.0079147819569515,0.015532374989056796,1.8705510622940515,1.3423844685017559,-0.013880997420867236
2025-02-13 14:30:00,-0.03602594386877096,-0.03603386792158194,-0.03604179197439291,0.015848105621948716,0.012545562382542896,0.0033025432394058196,1.8717089731973613,1.3402398361656598,-0.01249386458285806
2025-02-14 14:30:00,0.0015210473348458787,0.0014949738892262822,0.0014689004436066857,0.052146891239192916,0.01791749390272024,0.03422939733647268,1.8609741289889095,1.316745283037639,-0.0006824917645412709
2025-02-18 14:30:00,-0.010461808660743364,-0.010468462657477843,-0.010475116654212321,0.013307993468956319,0.0027976159096027393,0.010510377559353579,1.863992047043965,1.324237742541937,0.009978459146498716
2025-02-19 14:30:00,-0.008732864835908957,-0.008745988620282523,-0.008759112404656091,0.026247568747134225,0.014175554435956344,0.012072014311177881,1.8568564963146537,1.3193012789600704,0.0014022285775627437
2025-02-20 14:30:00,-0.01941574977384375,-0.01942927828756295,-0.01944280680128215,0.02705702743840166,0.023281615778797615,0.0037754116596040443,1.8545553872110916,1.3207755815161124,-0.025252922140456047
2025-02-21 14:30:00,-0.025153237529920446,-0.025177594936162753,-0.025201952342405062,0.04871481248461536,0.025700397383924784,0.023014415100690577,1.8444189380990048,1.3336535475047162,-0.05237294681374897
2025-02-24 14:30:00,-0.012154546754242747,-0.012195666764363955,-0.012236786774485163,0.08224002024241628,0.013229017104680274,0.069011003137736,1.839541818916835,1.3977874314602825,-0.037821274479641454
2025-02-25 14:30:00,0.01956352098983633,0.01954038284770354,0.019517244705570754,0.046276284265572655,0.026875411818246854,0.0194008724473258,1.842620059342106,1.4141100634823374,-0.007481403576694838
2025-02-26 14:30:00,0.030721994521815826,0.0306857966190752,0.030649598716334575,0.0723958054812508,0.03270951469231198,0.039686290788938816,1.85184910416969,1.3836528175209826,0.04175411676824692
2025-02-27 14:30:00,0.019026968102707043,0.01898807220082241,0.018949176298937775,0.0777918037692682,0.062131234260342394,0.015660569508925803,1.8620694586849638,1.3782126025273305,-0.06054931275328723
2025-02-28 14:30:00,-0.03567612593171217,-0.03572427663892651,-0.035772427346140855,0.09630141442868238,0.014866036220641792,0.08143537820804059,1.8448834886192396,1.313963194385014,0.013208971048123649
2025-03-01 05:00:00,0.07880979290668942,0.07870232848886202,0.07859486407103461,0.2149288356548062,0.11324453772816785,0.10168429792663836,1.7803389176901967,1.2768234673874186,-0.013790657502171086
2025-03-03 14:30:00,-0.08135833508837845,-0.08170109694976842,-0.08204385881115839,0.685523722779938,0.10460654294087264,0.5809171798390653,1.602507126358769,0.873738078879781,-0.03192979580431158
2025-03-04 14:30:00,0.03740333504855632,0.037181777870758576,0.03696022069296083,0.443114355595493,0.01687246945433111,0.4262418861411619,1.7448292208723872,0.5898182872522375,0.007250222288443038
2025-03-05 14:30:00,0.018550645764283502,0.018490898788418277,0.018431151812553056,0.11949395173044648,0.015788607016764506,0.10370534471368198,1.643749743640766,0.5924441547342982,0.014689049102175425
2025-03-06 14:30:00,-0.010258648425971843,-0.01029917474772312,-0.010339701069474398,0.08105264350255563,0.03751136101153822,0.04354128249101741,1.6187568821834755,0.6109925757680251,-0.06069932250117523
2025-03-07 14:30:00,-0.01965383777560058,-0.019687384695984026,-0.01972093161636747,0.0670938407668922,0.01656058202933345,0.05053325873755876,1.666054049726953,0.6077564845739438,0.01577392756186206
2025-03-10 13:30:00,-0.03108097434157487,-0.03112309466410557,-0.031165214986636266,0.08424064506139617,0.014750851113398245,0.06948979394799792,1.597222799075765,0.6070979412771338,-0.03704440902655581
2025-03-11 13:30:00,0.052628134562113654,0.05254946938923744,0.05247080421636122,0.1573303457524279,0.019872813088812096,0.13745753266361582,1.5225210923011598,0.6698537671661444,0.036803243990115066
2025-03-12 13:30:00,0.035017930368697325,0.03497227738230854,0.03492662439591976,0.09130597277756543,0.028423343137368013,0.06288262964019742,1.4850370295827364,0.6444552002443704,0.03768365771891317
2025-03-13 13:30:00,-0.01011187349578035,-0.010152274139020673,-0.010192674782260996,0.08080128648064597,0.02342140151919444,0.05737988496145152,1.4568491271414166,0.6736471827645021,-0.01864429199007885
2025-03-14 13:30:00,-0.0009402927859518614,-0.000953989594795598,-0.0009676864036393346,0.027393617687473098,0.010842999517949686,0.016550618169523412,1.4505318271264802,0.6838805009190891,0.043902676844950715
2025-03-17 13:30:00,0.00691646551781514,0.006900202887904796,0.006883940257994452,0.03252525982068821,0.007834026578808606,0.024691233241879607,1.4668253679037926,0.6754828084545219,0.017433432153668882
2025-03-18 13:30:00,0.004439946952922647,0.0044326965879079964,0.0044254462228933466,0.014500730029300931,0.004914448763089515,0.009586281266211416,1.4598094137499895,0.6780531355669303,-0.01725661630333079
2025-03-19 13:30:00,0.012961477486890704,0.012921126622975744,0.012880775759060785,0.08070172782991906,0.015465277872359332,0.06523644995755973,1.5060688821431656,0.6970301171313139,0.027841930164332302
2025-03-20 13:30:00,0.004134462135539202,0.004119992153431117,0.004105522171323033,0.028939964216168623,0.009734380002710541,0.019205584213458082,1.5004558903728693,0.7106227095744757,0.007808213766139049
2025-03-21 13:30:00,0.0005289726984150436,0.0005092861778712661,0.0004895996573274885,0.03937304108755509,0.006674003622343569,0.03269903746521152,1.5316233012026546,0.712154336209902,-0.00697864190037963
2025-03-24 13:30:00,0.01685596339232911,0.016849175899880154,0.0168423884074312,0.013574984897910019,0.0070829023652715754,0.0064920825326384435,1.5313361327920245,0.7183592503319104,0.03213034907280391
2025-03-25 13:30:00,0.006673533305221791,0.0066518445599055495,0.006630155814589308,0.04337749063248364,0.009763519274317622,0.03361397135816602,1.5225248068944925,0.7431618957925444,-0.013431977726926947
2025-03-26 13:30:00,-0.05087257653210216,-0.05088665859910626,-0.05090074066611037,0.028164134008211234,0.006383296317096072,0.021780837691115162,1.505251139398241,0.7476690659874081,-0.05464988958247249
2025-03-27 13:30:00,-0.020490955879548578,-0.020551147380617623,-0.02061133888168667,0.12038300213809316,0.01251822637727229,0.10786477576082087,1.4426777748558701,0.792960477205858,-0.025381820505029795
2025-03-28 13:30:00,0.0010097700727115626,0.0009931774335300396,0.0009765847943485166,0.03318527836304601,0.014497756219494933,0.018687522143551072,1.4498146088456163,0.8045111653596629,-0.00949589892117105
2025-03-31 13:30:00,-0.023684306112378282,-0.023691699180699004,-0.02369909224901973,0.014786136641446604,0.007064402433199205,0.007721734208247399,1.4539555793626562,0.8009304016684554,-0.007497027494984525
2025-04-01 13:30:00,0.014428112291785119,0.014383361468029517,0.014338610644273915,0.08950164751120382,0.03109369735681855,0.05840795015438527,1.4002661534654919,0.8056489259256764,0.02447431890762301
2025-04-02 13:30:00,0.018529530785385204,0.01850466303910653,0.018479795292827856,0.04973549255734766,0.0097481060523823,0.03998738650496536,1.3717859296324126,0.7941417632537903,0.030746082548937403
2025-04-03 13:30:00,-0.04141456655199552,-0.041471469281856924,-0.041528372011718336,0.1138054597228163,0.056794425636623846,0.05701103408619246,1.4205792402741293,0.7859240398093145,-0.09243112215158078
2025-04-04 13:30:00,0.06800482590185099,0.067939376465872,0.067873927029893,0.13089887195798175,0.027534873507739276,0.10336399845024247,1.432512750525561,0.8773545280081252,-0.06617186881720576
2025-04-07 13:30:00,0.04636824754648621,0.04614404849473629,0.045919849442986355,0.4483981034998547,0.015411975030648655,0.43298612846920603,1.0842155839904695,0.7926655660740107,0.031697296560979936
2025-04-08 13:30:00,0.01605647200167023,0.01599547830057399,0.015934484599477747,0.12198740219248023,0.002469567924348455,0.11951783426813178,1.00631855406045,0.8342863704121231,-0.0030813484117780585
2025-04-09 13:30:00,-0.01111361457122409,-0.01113725240231672,-0.01116089023340935,0.04727566218526158,0.027378290914422232,0.019897371270839348,1.0142909910083928,0.8223614360892265,0.12756181897060137
2025-04-10 13:30:00,-0.006899391189324623,-0.006935854869756884,-0.006972318550189145,0.07292736086452163,0.025824522959987568,0.04710283790453407,0.9881128779386017,0.8014367112544836,-0.0484000400621906
2025-04-11 13:30:00,-0.0027093045839612917,-0.00272626340293928,-0.002743222221917268,0.033917637955976354,0.0021531674297690095,0.031764470526207345,1.0075045967167884,0.8138094630025042,0.024576721164460524
2025-04-14 13:30:00,-0.014399931962582872,-0.014406551739886232,-0.014413171517189592,0.013239554606719772,0.008412838518442767,0.0048267160882770055,1.0034169378393478,0.8145485202133407,0.009133301743238231
2025-04-15 13:30:00,0.005859120455004836,0.005827250907977337,0.005795381360949839,0.06373909405499689,0.020497886035519497,0.043241208019477395,0.9729366834860469,0.8273094738795171,0.006656159360577285
2025-04-16 13:30:00,0.019804766820928486,0.019756938686208352,0.019709110551488215,0.09565626944027099,0.015124156570987795,0.08053211286928319,0.9030376600434207,0.8379425633061741,-0.013599677227172554
2025-04-17 13:30:00,-0.015069622255796038,-0.015135416118045784,-0.01520120998029553,0.13158772449949185,0.0031826259161952253,0.12840509858329663,0.9860199626170346,0.7925197672964914,-0.00509358678673455
2025-04-21 13:30:00,-0.010837658627194761,-0.010859423317741349,-0.010881188008287938,0.04352938109317654,0.02363444972423571,0.019894931368940827,0.9695813495552886,0.7959760856036863,-0.05347527024476569
2025-04-22 13:30:00,-0.008545846002374714,-0.008565678821887515,-0.008585511641400315,0.03966563902560134,0.018068935263555536,0.02159670376204581,0.9896759040675183,0.7944739363538701,0.03929130311553234
2025-04-23 13:30:00,0.02804513311879342,0.02786530622282443,0.027685479326855437,0.3596537919379831,0.016834583280707527,0.34281920865727555,0.6576040494971389,0.7837265822669739,0.048600885354185275
2025-04-24 13:30:00,0.012229626840566634,0.012185941583463611,0.012142256326360588,0.08737051420604595,0.006505657234747646,0.0808648569712983,0.7237900727745431,0.7690477485730798,0.034977127125210096
2025-04-25 13:30:00,0.008167632274327444,0.00814848092349375,0.008129329572660056,0.038302701667387876,0.008453187169265092,0.029849514498122787,0.7071177149988153,0.7822249052954747,0.014724545775723094
2025-04-28 13:30:00,0.00717997963371996,0.007085854212529956,0.006991728791339953,0.18825084238000703,0.014141602092826815,0.17410924028718022,0.5672687660483798,0.8164851966322195,0.010402302338425354
2025-04-29 13:30:00,-0.005074218949257776,-0.005080540458366691,-0.005086861967475605,0.012643018217828908,0.006927553892201047,0.0057154643256278614,0.5628797952383603,0.8178116901478278,0.004690402582879265
2025-04-30 13:30:00,0.008331147326847688,0.008320750463613615,0.008310353600379542,0.02079372646814659,0.0073130473738425295,0.01348067909430406,0.5713721145401707,0.8128233303553342,0.005346517922466321
2025-05-01 13:30:00,0.048948574413910095,0.04891275237829547,0.04887693034268084,0.07164407122925315,0.042349164149399654,0.029294907079853494,0.5504150540321927,0.8211611769272097,0.06127800469207408
2025-05-02 13:30:00,-0.014883648456321662,-0.014901667014888858,-0.014919685573456052,0.03603711713439054,0.012586622091137293,0.02345049504325325,0.5445901978016501,0.8387868157399203,0.001834157415536682
2025-05-05 13:30:00,0.009460405793167924,0.009454354821043329,0.009448303848918734,0.012101944249188978,0.0034602371441967428,0.008641707104992236,0.5414126507053122,0.833322655731266,0.0031589149740139932
2025-05-06 13:30:00,0.006954633667901427,0.006938813741467491,0.006922993815033555,0.03163985286787182,0.028516837171537045,0.0031230156963347744,0.5389395162302268,0.8339725369525154,0.005768858934998382
2025-05-07 13:30:00,-0.006247300176509567,-0.006277021933850336,-0.006306743691191105,0.059443514681538044,0.0352081065327244,0.024235408148813642,0.5587978550491673,0.8295954676226422,-0.001394219439386372
2025-05-08 13:30:00,0.007493023962874879,0.007484270170697261,0.007475516378519644,0.017507584355235323,0.004567951566882907,0.012939632788352418,0.5680166249843343,0.8258746047694567,0.01144793805371084
2025-05-09 13:30:00,-0.009921891012080967,-0.009946443481753782,-0.009970995951426595,0.04910493934562894,0.027117202985750672,0.021987736359878274,0.5524475510713989,0.8322932672163996,-0.00950177539648082
2025-05-12 13:30:00,0.014438365546618374,0.014411897746735264,0.014385429946852156,0.0529355997662188,0.03057664494421945,0.022358954821999344,0.542098743771789,0.8443034147387891,0.04559256913999884
2025-05-13 13:30:00,0.027627544159777136,0.02759112662440045,0.02755470908902376,0.07283507075337554,0.02089001151721422,0.05194505923616133,0.5103807093058969,0.8645304395090583,0.04009985858242785
2025-05-14 13:30:00,-0.005805686974412034,-0.005824236290154852,-0.005842785605897672,0.03709863148563788,0.0023266665492883325,0.03477196493634954,0.4895456693862859,0.8784673645257969,-0.0026922393780621037
2025-05-15 13:30:00,-0.022305438406937134,-0.022314466644784835,-0.022323494882632532,0.01805647569540007,0.006461984209128506,0.011594491486271563,0.4979892748839477,0.8753164785371871,-0.010730602963598698
2025-05-16 13:30:00,0.006328334192805228,0.006284961265897517,0.006241588338989807,0.08674585381542134,0.013368637831694249,0.0733772159837271,0.4373518075817453,0.8880562272187118,0.01661958944409984
2025-05-19 13:30:00,-0.0011809911012910397,-0.001208859108817684,-0.0012367271163443285,0.05573601505328866,0.002834237607619509,0.05290177744566915,0.46669346232883335,0.8644961045201307,0.0016353709662625022
2025-05-20 13:30:00,0.00011279157327136538,0.0001041368228862618,9.548207250115821e-05,0.01730950077020717,0.0021507851412083294,0.015158715628998842,0.4563453277705398,0.8596855234494254,-0.001425525894042064
2025-05-21 13:30:00,0.00013760227204553943,0.00013121072844016036,0.00012481918483478127,0.01278308721075816,0.011441547358995274,0.0013415398517628851,0.4560806996118131,0.8607624351424615,-0.02014467461971503
2025-05-22 13:30:00,-0.000869077107449513,-0.0008861157667148277,-0.0009031544259801425,0.03407731853062945,0.02482442140271257,0.009252897127916881,0.4481875315849301,0.8621221642434954,-0.00565371545465021
2025-05-23 13:30:00,0.015097512798520356,0.015064270941230244,0.015031029083940132,0.0664837145802238,0.01199623498549503,0.05448747959472877,0.3999580449200185,0.8558641713136782,0.011965101261039853
2025-05-27 13:30:00,0.003120726063758829,0.003096284469015076,0.003071842874271323,0.04888318948750592,0.00970707666455084,0.03917611282295508,0.43180971424162773,0.8485397278123323,0.026332427190214336
2025-05-28 13:30:00,0.0008645733741285801,0.0007284579193772482,0.0005923424646259163,0.27223090950266376,0.0016276376289453922,0.27060327187371835,0.2922876613315435,0.9796209467759665,-0.007557253635776233
2025-05-29 13:30:00,-0.009654786656434213,-0.00987986977016607,-0.010104952883897927,0.45016622746371454,0.009350646701594615,0.4408155807621199,0.0660535925238932,1.194202458730436,-0.006847904478602025
2025-05-30 13:30:00,0.0009180228702009724,0.0009065019650864317,0.0008949810599718909,0.023041810229081472,0.01398173885065157,0.009060071378429901,0.07344584628034156,1.1925346411084545,-0.00021107668438358207
2025-06-01 04:00:00,0.05860978044906477,0.05856688490013499,0.058523989351205195,0.08579109785957606,0.07327944480010107,0.012511653059474992,0.06494697265063032,1.1965474205382183,0.13526286045942526
2025-06-02 13:30:00,-0.03550147717577243,-0.035654382643054434,-0.035807288110336434,0.30581093456400943,0.032842741088066174,0.27296819347594325,-0.09828263021142791,1.3062860111521033,-0.10415744402892357
2025-06-03 13:30:00,0.024549945632772484,0.024470888455660034,0.024391831278547584,0.15811435422489994,0.016086486569207414,0.14202786765569253,-0.1707157312685732,1.3758807777506505,0.034848101055162894
2025-06-04 13:30:00,-0.010204550970622957,-0.010248904899424495,-0.01029325882822603,0.08870785760307438,0.016256229755791846,0.07245162784728254,-0.21379884497217538,1.405249291894331,-0.0025505843950750875
2025-06-05 13:30:00,0.006535221622134574,0.0064841526872667895,0.006433083752399005,0.10213786973556856,0.006850992200308899,0.09528687753525966,-0.13642687624505756,1.387334383086189,-0.0036882201726823696
2025-06-06 13:30:00,-0.0008537909145222723,-0.0008707584206148063,-0.0008877259267073404,0.03393501218506819,0.007157486788808083,0.026777525396260105,-0.11946439760732441,1.377519336327662,0.01207983787715213
2025-06-09 13:30:00,-0.021904258975214374,-0.021910258633351692,-0.02191625829148901,0.011999316274637128,0.005398259601696487,0.006601056672940642,-0.12371927426006346,1.3798655163478637,-0.019080499508043913
2025-06-10 13:30:00,-0.026164611142914226,-0.02617688917721227,-0.02618916721151032,0.024556068596092162,0.012543676437587026,0.012012392158505136,-0.11849558491638579,1.3730768135330362,-0.017362458469555087
2025-06-11 13:30:00,0.017246394257648488,0.017238786704482603,0.017231179151316715,0.015215106331770627,0.008019379972850887,0.007195726358919741,-0.12289902350857607,1.3702845257663068,0.01255310626730847
2025-06-12 13:30:00,0.019798281388978607,0.019784783556938395,0.019771285724898183,0.026995664080423865,0.02087170408534389,0.006123959995079975,-0.11844954496802096,1.368610044311782,0.021576853434974952
2025-06-13 13:30:00,0.009205242438220167,0.009179799036966344,0.009154355635712522,0.05088680250764562,0.01288851332390691,0.03799828918373871,-0.09043636863225024,1.358624931463814,-0.007332975245664046
2025-06-16 13:30:00,0.005280458529184892,0.005265084243153167,0.005249709957121441,0.03074857206345142,0.019645379651139917,0.011103192412311502,-0.10005978310393626,1.3601047094044394,0.02469120567879875
2025-06-17 13:30:00,0.0030553021204421053,0.0030364110304073257,0.003017519940372546,0.037782180069559024,0.012897302541492683,0.02488487752806634,-0.1184420399891355,1.3666073300473065,-0.009291352297401856
2025-06-18 13:30:00,0.013382476661996521,0.013378206521511227,0.013373936381025934,0.00854028097058716,0.007791369450109868,0.0007489115204772911,-0.11918772110664211,1.3666040996443358,0.012838499080425706
2025-06-20 13:30:00,0.010171705058870207,0.010121883126744944,0.010072061194619682,0.09964386425052581,0.017901757802286162,0.08174210644823965,-0.18115415578894678,1.3863797714102708,0.00401626595533026
2025-06-23 13:30:00,-0.0033862827919533805,-0.003433331137981862,-0.003480379484010344,0.09409669205696336,0.004860180389426372,0.08923651166753699,-0.12503481909839653,1.353262596433284,0.0089432723918208
2025-06-24 13:30:00,-0.004503762720139441,-0.004517576936479452,-0.004531391152819463,0.027628432680022092,0.01760377645924723,0.010024656220774864,-0.13123941374900316,1.3494425348631158,0.01556660230659331
2025-06-25 13:30:00,-0.004969101134747684,-0.005012240961060227,-0.005055380787372771,0.08627965262508737,0.0038564863497268695,0.0824231662753605,-0.18315260813530387,1.3799525067521756,0.0010056287027390514
2025-06-26 13:30:00,0.006205024058261073,0.006182447020300178,0.006159869982339282,0.045154075921790694,0.004149116620669449,0.04100495930112125,-0.15210874939119168,1.3699914061951666,0.017748726047654612
2025-06-27 13:30:00,0.010179974425660276,0.010173222665528373,0.010166470905396472,0.013503520263804303,0.00985196034837843,0.0036515599154258727,-0.15003696587805493,1.3684116297928774,0.01456912073215344
2025-06-30 13:30:00,-0.009562840903738715,-0.009571974518438088,-0.00958110813313746,0.018267229398744554,0.011978733228971214,0.006288496169773339,-0.15608088143673027,1.3681670491817794,-0.0013342287849121466
2025-07-01 13:30:00,-0.01028328904406249,-0.010332264323764695,-0.010381239603466897,0.097950559404406,0.014538710823437717,0.08341184858096828,-0.12200945256550733,1.318826629472034,-0.021818940776425138
2025-07-02 13:30:00,-0.0026132212246646226,-0.0026368516835541507,-0.002660482142443679,0.047260917779056166,0.0044093328316441305,0.042851584947412036,-0.08932393039148545,1.3289926922454243,0.007417745458953462
2025-07-03 13:30:00,0.011788962853872913,0.01172680325232395,0.01166464365077499,0.12431920309792381,0.013425813566032266,0.11089338953189154,0.0013094110116116386,1.3087326441166298,0.02467693622885229
2025-07-07 13:30:00,0.008488096167697119,0.008471887775649806,0.008455679383602492,0.03241678409462626,0.009247806823043417,0.023168977271582847,0.01157644602714658,1.3216345863726777,-0.001443438368681808
2025-07-08 13:30:00,-0.01398244803504968,-0.014152134393413302,-0.014321820751776924,0.3393727167272444,0.010368821337249184,0.3290038953899952,0.13713415941995155,1.525080768369868,-0.014580932451621545
2025-07-09 13:30:00,0.0058483573365336935,0.005797806891906469,0.005747256447279244,0.1011008892544493,0.01730179723284856,0.08379909202160074,0.17617463355780472,1.5698393862536155,0.01861145683023165
2025-07-10 13:30:00,-0.005170259838895028,-0.005183122111861156,-0.005195984384827283,0.02572454593225504,0.0005222785270215802,0.02520226740523346,0.19576077307065742,1.5754555141459963,-0.005834551195762372
2025-07-11 13:30:00,0.011225512895452898,0.011217517462160202,0.011209522028867505,0.015990866585392133,0.003289312695360221,0.012701553890031914,0.20660502337845466,1.577312817728231,0.007375593420714773
2025-07-14 13:30:00,-0.007035664659626204,-0.007042908386753899,-0.007050152113881595,0.014487454255390848,0.008899886586337075,0.005587567669053772,0.2037637034012587,1.5745665700363731,-0.0005095981001344748
2025-07-15 13:30:00,-0.0038451086298613366,-0.003908875706245901,-0.003972642782630466,0.1275341527691296,0.013059734508225285,0.11447441826090432,0.23795113657807487,1.6548535551204613,-0.0045985430042336795
2025-07-16 13:30:00,-0.011484957991352223,-0.011513377935390482,-0.01154179787942874,0.05683988807651641,0.028164432020193475,0.028675456056322934,0.2617526269914361,1.6499795894774996,-0.009667907338863246
2025-07-17 13:30:00,0.005811983283774641,0.005775519234618799,0.005739055185462957,0.07292809831168334,0.03161101785443243,0.04131708045725091,0.2294077237238461,1.6410074122878386,0.02004312585019208
2025-07-18 13:30:00,0.019415867160523403,0.01935348496174726,0.019291102762971114,0.12476439755228932,0.037636139640954726,0.0871282579113346,0.3005397422556,1.6570036516674194,0.022858266237289444
2025-07-21 13:30:00,-0.026113699080518606,-0.026164597208625077,-0.026215495336731544,0.10179625621293753,0.008300520893324004,0.09349573531961353,0.36873550027665747,1.6317036743688633,-0.01646508331365304
2025-07-22 13:30:00,0.001731315492564917,0.0017088713878040237,0.0016864272830431305,0.04488820952178659,0.007065774640464502,0.03782243488132209,0.35352061285413017,1.654311221827658,-0.0024968024986613178
2025-07-23 13:30:00,0.029935423028770326,0.029923057277497382,0.02991069152622444,0.024731502545886963,0.023506527607122463,0.0012249749387645004,0.3536117820453868,1.655445027575166,0.03482540033598536
2025-07-24 13:30:00,-0.0038181399755263367,-0.0038682166327252457,-0.003918293289924155,0.10015331439781845,0.018746798671421667,0.08140651572639679,0.2820618191710129,1.665301580427189,-0.0006414324313933998
2025-07-25 13:30:00,0.0064757111338987995,0.006450133852761077,0.006424556571623356,0.051154562275443835,0.0318571215317031,0.019297440743740735,0.29888418788333015,1.6677766524586124,0.011269995471364683
2025-07-28 13:30:00,-0.002692374372826454,-0.002709379809638642,-0.0027263852464508307,0.034010873624376416,0.022203472689147054,0.011807400935229362,0.30980227830036755,1.6686659629768044,-0.0007761271240915487
2025-07-29 13:30:00,-0.0005315900012189268,-0.0005548648054061743,-0.0005781396095934218,0.04654960837449499,0.010358337729038195,0.0361912706454568,0.3073712651358069,1.6349057054959082,0.00046466870061641813
2025-07-30 13:30:00,0.010633419762604391,0.01058806830959301,0.010542716856581629,0.09070290602276117,0.03030562850137571,0.06039727752138546,0.34129258686769903,1.6613816612854015,0.015401373814013
2025-07-31 13:30:00,0.0006442220445662958,0.0006210204136357309,0.0005978187827051662,0.046403261861129676,0.013424046669009907,0.03297921519211977,0.365984536444415,1.6696689269008054,-0.00622772348424631
2025-08-01 13:30:00,0.02003335698484715,0.01998829901943322,0.019943241054019293,0.09011593082785885,0.027309754094053784,0.06280617673380506,0.3226148881264801,1.6891054553166756,-0.012750561170581228
2025-08-04 13:30:00,-0.025003019139365944,-0.025034699095483694,-0.025066379051601445,0.06335991223550075,0.017532121452899285,0.04582779078260146,0.33150955170991003,1.652172328117504,0.011355162652407658
2025-08-05 13:30:00,-0.0217274344224725,-0.021807357087787773,-0.021887279753103044,0.15984533063054657,0.03829630116821474,0.12154902946233181,0.23608134713138673,1.6260515032336955,-0.03528200604063677
2025-08-06 13:30:00,-0.0316928712404307,-0.03174042173426554,-0.031787972228100383,0.09510098766968571,0.028042105571229586,0.06705888209845612,0.29245137269569965,1.6367403597678387,-0.013703959919581917
2025-08-07 13:30:00,0.0013997049315435228,0.00135929166328042,0.0013188783950173174,0.08082653652620542,0.013024576366003626,0.06780196016020179,0.3231923224569251,1.673801370166815,0.01057499837762943
2025-08-08 13:30:00,-0.018138917758744405,-0.01816438987471257,-0.018189861990680734,0.0509442319363271,0.01269985842274087,0.03824437351358623,0.3401169592633331,1.6524816334596368,-0.004178377782438607
2025-08-11 13:30:00,-0.0016656015610572008,-0.001676941186791268,-0.001688280812525335,0.02267925146813417,0.0024682948733593855,0.020210956594774787,0.3506093952699578,1.6427631128714868,-0.007624659418105899
2025-08-12 13:30:00,0.0027861179871563127,0.002722708863957512,0.002659299740758712,0.12681824639760073,0.02216953744863267,0.10464870894896805,0.4444213725291579,1.6319263811817188,0.025211488291977096
2025-08-13 13:30:00,-0.023798956627801113,-0.02380871779587456,-0.023818478963948005,0.019522336146893547,0.00762802330619102,0.011894312840702526,0.4357202091443326,1.635119530637596,-0.022022017060266335
2025-08-14 13:30:00,-0.004888754366986346,-0.004896579865842445,-0.0049044053646985445,0.015650997712198578,0.005137675753561721,0.010513321958636856,0.42889733924926166,1.638809982701162,-0.009135477846143214
2025-08-15 13:30:00,-0.0006952079894938304,-0.0007080542011612143,-0.0007209004128285981,0.02569242333476777,0.01791760241407218,0.007774820920695591,0.4345106559695535,1.6409714869015657,-0.009176225988514456
2025-08-18 13:30:00,0.01005825460644751,0.010025151007950235,0.00999204740945296,0.06620719699454924,0.0009642424296827379,0.0652429545648665,0.48669432906393784,1.6540307683720479,0.007295934848731589
2025-08-19 13:30:00,0.0010023812842542001,0.000986866302132292,0.0009713513200103836,0.031029964243816578,0.01046296975391984,0.02056699448989674,0.4670393764376488,1.6531187265084402,-0.01687917600645757
2025-08-20 13:30:00,0.002867389085743889,0.002817644188481456,0.0027678992912190227,0.09948979452486628,0.0035420020528313945,0.09594779247203489,0.3985771674177898,1.680604309960616,-0.006694103303066745
2025-08-21 13:30:00,0.007511498734870401,0.007481173757428885,0.0074508487799873685,0.060649954883032,0.010355381073619514,0.05029457380941249,0.419694960498205,1.7097810906896134,-0.003277977698535809
2025-08-22 13:30:00,-0.02475552406996946,-0.024763034319661766,-0.024770544569354076,0.015020499384616432,0.0029581186313250756,0.012062380753291357,0.42990715616462816,1.7079309056027452,0.0039040992294928265
2025-08-25 13:30:00,0.005882555053456608,0.005864890573686353,0.0058472260939160985,0.035328959540510074,0.0017865643538924614,0.03354239518661761,0.428414453743059,1.6758812128376968,-0.003781675514112348
2025-08-26 13:30:00,0.012181960786431335,0.012167812041166593,0.01215366329590185,0.028297490529485048,0.006698729465270059,0.02159876106421499,0.40854642068799385,1.674150484828547,0.019816353274276555
2025-08-27 13:30:00,-0.005777040784583138,-0.00593318307569203,-0.006089325366800923,0.31228458221778455,0.002622745616581823,0.3096618366012027,0.44223161348992934,1.3981738410292797,-0.0035243935058093534
2025-08-28 13:30:00,0.009412453583250102,0.009131229303655466,0.008850005024060833,0.5624485591892702,0.00038713393942117324,0.562061425249849,0.5137776443765731,0.9076584466660744,0.011178386581842151
2025-08-29 13:30:00,-0.0136739640031454,-0.013711726348200205,-0.01374948869325501,0.07552469010960805,0.012999204784064577,0.06252548532554347,0.4823646454371975,0.8765459602799066,-0.02558742993957097
2025-09-01 04:00:00,-0.02825570678085653,-0.028319462323212186,-0.028383217865567842,0.12751108471131073,0.05412591450139341,0.0733851702099173,0.5116151988436233,0.9206805770833981,0.0423393439685756
2025-09-02 13:30:00,0.007993497825035535,0.007820436973840368,0.007647376122645199,0.346121702390336,0.04355626775699262,0.3025654346333434,0.38006405089590545,0.7496662903977726,-0.05247967670561482
2025-09-03 13:30:00,-0.0015075419209484224,-0.0015439235752738333,-0.0015803052295992443,0.07276330865082196,0.009265203253674118,0.06349810539714784,0.3582998799799957,0.7079323559165345,0.0031668365029651944
2025-09-04 13:30:00,0.003268117423059962,0.00324168297226027,0.0032152485214605787,0.052868901599383546,0.005817084533169019,0.04705181706621453,0.3273575299432805,0.7240418229460338,0.009431265244657169
2025-09-05 13:30:00,-0.0055423010853061505,-0.0055628816403567,-0.005583462195407251,0.04116111010110046,0.007771997227884353,0.03338911287321611,0.31530244987324585,0.7453758557492153,-0.0054459187592236225
2025-09-08 13:30:00,0.002669775011501246,0.0026614387841164583,0.0026531025567316704,0.016672454769575205,0.004965800353244084,0.01170665441633112,0.312207764428849,0.7539878247211496,0.00316846408467956
2025-09-09 13:30:00,0.0031942452754184095,0.003142557378393506,0.0030908694813686025,0.10337579404980682,0.023490181009539292,0.07988561304026753,0.25971003685570615,0.7813757101882742,0.0071997188340376566
2025-09-10 13:30:00,0.05009078693074675,0.050074551417167046,0.05005831590358734,0.03247102715940302,0.02475872942979877,0.007712297729604245,0.26292635189630764,0.785871692877277,0.05486767371737641
2025-09-11 13:30:00,-0.017024927865415714,-0.017239499363427942,-0.017454070861440175,0.42914299602446027,0.01399319532122778,0.4151498007032325,0.5141286671192647,0.6219242073970016,-0.010671007034314006
2025-09-12 13:30:00,0.0032420470841087335,0.0032232284710383826,0.003204409857968032,0.03763722614070131,0.02678254069663799,0.010854685444063317,0.5060369270677795,0.6191612620044236,0.008534869894236019
2025-09-15 13:30:00,0.011077518263238427,0.011067194042221173,0.011056869821203918,0.02064844203450892,0.009364401854809504,0.011284040179699417,0.5008278641809567,0.6252362392973002,0.017599099850143112
2025-09-16 13:30:00,-0.007242281758887803,-0.007259879679265782,-0.007277477599643761,0.035195840755957976,0.005093027697855282,0.030102813058102695,0.48842674933329855,0.6429379375077448,-0.01667642093938863
2025-09-17 13:30:00,-0.010844381044075927,-0.010875095878667683,-0.010905810713259441,0.06142966918351349,0.010333057728203515,0.05109661145530997,0.5252529705690404,0.6286675472881766,-0.010788247140788928
2025-09-18 13:30:00,0.017142316384974005,0.017129782904400086,0.017117249423826166,0.02506696114783761,0.01573070482537956,0.009336256322458047,0.5186297475939059,0.6313805806355002,0.023204399381047864
2025-09-19 13:30:00,-0.004423904820382254,-0.004435933483780757,-0.004447962147179261,0.024057326797007006,0.008569807347218239,0.015487519449788767,0.5238160864467853,0.6416817612324095,0.003270872122563384
2025-09-22 13:30:00,0.011480203356154444,0.011468299761739674,0.011456396167324905,0.02380718882953925,0.011178266430869499,0.01262892239866975,0.5151154893841162,0.6377534358964089,0.020249275192828264
2025-09-23 13:30:00,-0.03357060985137193,-0.033596413153361725,-0.03362221645535151,0.05160660397957821,0.027761406415570938,0.02384519756400727,0.5325214401664653,0.6313141891147507,-0.035013903615278306
2025-09-24 13:30:00,0.010338385108301424,0.010258607289640075,0.010178829470978725,0.15955563732269837,0.02305114513053715,0.1365044921921612,0.4658722155684659,0.7011694567089125,0.011195238480114758
2025-09-25 13:30:00,-0.0016628542919103848,-0.0017217645395765713,-0.001780674787242758,0.11782049533237322,0.010618290860416286,0.10720220447195694,0.5192805304752981,0.6473755671437877,-0.009451027120358871
2025-09-26 13:30:00,0.0027581573966239843,0.0027295523025315403,0.002700947208439096,0.05721018818488843,0.01356164855257691,0.04364853963231152,0.5449536540237074,0.6294001510598856,0.014213334257102916
2025-09-29 13:30:00,-0.014904490961408676,-0.01493127732438623,-0.014958063687363781,0.05357272595510516,0.034304332334009605,0.01926839362109556,0.5490235156695885,0.6142016190846711,-0.010478934095041118
2025-09-30 13:30:00,0.004750479121184823,0.0047396776097199346,0.0047288760982550455,0.021603022929777227,0.017575896431218263,0.004027126498558964,0.5459970168121935,0.6132009914435071,0.007370836917637957
2025-10-01 13:30:00,0.006200684687028002,0.006148914045711501,0.0060971434043949994,0.10354128263300205,0.06678271131200114,0.03675857132100091,0.5224717298989208,0.6264342758512353,0.014238136896218593
2025-10-02 13:30:00,0.0030403904922186665,0.0030362743700964386,0.0030321582479742107,0.008232244244455863,0.00415664185573957,0.004075602388716293,0.5214144665480678,0.623415936813372,0.00465579052269834
2025-10-03 13:30:00,-0.007395680398190542,-0.007410398969441157,-0.007425117540691771,0.029437142501229235,0.00499928514191809,0.024437857359311144,0.5357848552322996,0.6133484681382927,-0.0037596817155690263
2025-10-06 13:30:00,-0.0012484144653374298,-0.0012765990304310158,-0.0013047835955246015,0.05636913018717178,0.01631717070332857,0.040051959483843214,0.5156380715356987,0.6332536439255351,0.008495034506205331
2025-10-07 13:30:00,-0.013201315789187129,-0.013206810214888197,-0.013212304640589267,0.010988851402137196,0.010237481094586293,0.0007513703075509026,0.5161670038576088,0.6334760819111759,-0.014179497971403573
2025-10-08 13:30:00,0.02318841700681251,0.02315978728738096,0.023131157567949413,0.057259438863099435,0.01857027180831435,0.03868916705478509,0.49739189755727853,0.6533901426656307,0.034098344576013316
2025-10-09 13:30:00,-0.002097267046309277,-0.0021266935416652793,-0.002156120037021282,0.05885299071200478,0.02634170773224742,0.03251128297975736,0.49251945799975405,0.6810289860878636,-0.00416901006289383
2025-10-10 13:30:00,-0.012290178269815176,-0.012310900053438342,-0.012331621837061508,0.04144356724633147,0.025002775556529744,0.016440791689801726,0.49756073798682565,0.6696294743851334,-0.037568610112358236
2025-10-13 13:30:00,0.01859256956024992,0.01848507119464806,0.018377572829046198,0.2149967312037203,0.02662198740391804,0.18837474379980224,0.40172783063948114,0.7621713108375912,0.037840009569753454
2025-10-14 13:30:00,-0.004828606021170488,-0.004871158799572838,-0.004913711577975188,0.08510555680470011,0.012426652177153774,0.07267890462754634,0.3824594760550756,0.8155818608807319,-0.006852729325470652
2025-10-15 13:30:00,0.008599836413815263,0.008592946100307359,0.008586055786799456,0.013780627015807734,0.006990927117070944,0.00678969989873679,0.37909642427973367,0.8190085090041268,0.019340327989262773
2025-10-16 13:30:00,0.0024935189487075874,0.0024032713500782895,0.0023130237514489916,0.18049519725859567,0.010444597056232944,0.17005060020236273,0.48772409224275726,0.7575855767647877,-0.005614294411147654
2025-10-17 13:30:00,-0.022491239073339993,-0.022508833307894747,-0.022526427542449504,0.03518846910950953,0.023847084542382567,0.011341384567126966,0.47935562925171216,0.7605584983408695,-0.019166152019421994
2025-10-20 13:30:00,-0.011573531964788037,-0.011624927884842864,-0.01167632380489769,0.10279184010965325,0.03275479853843222,0.07003704157122104,0.5178617806258056,0.7290276081437419,-0.0025568879024310265
2025-10-21 13:30:00,-0.01372687914020086,-0.013765820087032754,-0.013804761033864648,0.07788189366378762,0.020259819014149083,0.05762207464963853,0.5486667675833158,0.7022105204516136,-0.01948477821366279
2025-10-22 13:30:00,-0.023990362773195148,-0.024034779483348454,-0.024079196193501757,0.08883342030661012,0.02823037487489799,0.06060304543171213,0.5893749708167925,0.6823156782533781,-0.0319296854601655
2025-10-23 13:30:00,0.027490286608461725,0.027456017449315896,0.02742174829017007,0.06853831829165447,0.0036569718937720097,0.06488134639788246,0.5606722018340653,0.7184942556685334,0.0330961770845164
2025-10-24 13:30:00,0.01743623348878927,0.017392338574293627,0.017348443659797985,0.08778982899128458,0.021212942131593932,0.06657688685969065,0.5276561820342923,0.7520551227284511,0.03165878055507395
2025-10-27 13:30:00,-0.014950001984739758,-0.014970548074916684,-0.014991094165093609,0.04109218035385135,0.01090951776177477,0.03018266259207658,0.5466217130366511,0.7632722543181689,0.00013863173501897177
2025-10-28 13:30:00,-0.015467638053038742,-0.0155150173075588,-0.015562396562078858,0.09475850904011604,0.0241635982485778,0.07059491079153823,0.5911424860877094,0.737198116577689,-0.019539271441219735
2025-10-29 13:30:00,0.029746579952185978,0.029705684706806665,0.029664789461427348,0.08179049075862972,0.013388246295529111,0.06840224446310061,0.6193939312828985,0.6970473173097775,0.032679169886460725
2025-10-30 13:30:00,-0.0024329672210645567,-0.002519868387006286,-0.0026067695529480156,0.17380233188345884,0.032114232261723274,0.14168809962173556,0.5409619753570994,0.760303461005714,-0.016338378629808137
2025-10-31 13:30:00,-0.007275242401463355,-0.0072840121678438615,-0.007292781934224369,0.017539532761013537,0.003267016011044325,0.01427251674996921,0.5331752403689336,0.7667892427675174,-0.007260836552034504
2025-11-03 14:30:00,0.01002801044845958,0.009996074218403725,0.00996413798834787,0.06387246011171055,0.054762102281760705,0.009110357829949844,0.5298102453316601,0.7725346055601937,0.014021885415512822
2025-11-04 14:30:00,-0.011572526541216762,-0.01158201540881346,-0.011591504276410158,0.018977735193395705,0.00858839200159441,0.010389343191801292,0.5240109968330732,0.7771247002534081,-0.029227552800530947
2025-11-05 14:30:00,0.020281953541221174,0.020265719641209233,0.02024948574119729,0.032467800023884164,0.008175287834623957,0.024292512189260207,0.5129710166889485,0.7903772322985436,0.025541083349247762
2025-11-06 14:30:00,-0.00595643912793177,-0.005964892202107993,-0.005973345276284216,0.01690614835244516,0.0022445785630480133,0.014661569789397144,0.5086248245111069,0.8006926099100992,-0.023103844365497356
2025-11-07 14:30:00,0.005610190343564751,0.0055823738886579075,0.0055545574337510645,0.05563290981368614,0.024656390603653728,0.030976519210032416,0.49398871031842806,0.8170330149274527,0.009901028192823272
2025-11-10 14:30:00,-0.013169946389677244,-0.013195120335614144,-0.013220294281551045,0.050347891873800996,0.018688748432813467,0.031659143440987525,0.5126872815863024,0.8040724427543395,0.004447960566306956
2025-11-11 14:30:00,-0.025751162261386573,-0.02580514934481306,-0.025859136428239542,0.10797416685297034,0.0242099323184517,0.08376423453451864,0.5554033909843812,0.7630243176178997,-0.027473735085992046
2025-11-12 14:30:00,-0.000724316021937441,-0.0007552953580260149,-0.0007862746941145887,0.06195867217714771,0.00504033623466175,0.056918335942485965,0.5899505112201086,0.7406531019111411,7.272172873133236e-05
2025-11-13 14:30:00,-0.01982639989457611,-0.019832182438266423,-0.019837964981956738,0.011565087380629113,0.006981689786063505,0.004583397594565608,0.5920300452763134,0.7381492383727803,-0.043060521536898766
2025-11-14 14:30:00,0.005217772204759286,0.005187334116525608,0.005156896028291931,0.06087617646735555,0.01189412237115528,0.04898205409620027,0.6155950611638273,0.7635662765814667,0.006350318012578349
2025-11-17 14:30:00,-0.009271871865561946,-0.009290113888949465,-0.009308355912336985,0.03648404677503932,0.016942117607979663,0.019541929167059657,0.610506906476893,0.778020051061592,-0.010414020424618179
2025-11-18 14:30:00,0.01617563617468042,0.016150906083777627,0.016126175992874834,0.04946018180558683,0.02483925836705799,0.02462092343852884,0.5997937489270528,0.7919278169502807,0.004256291662171156
2025-11-19 14:30:00,0.021485191570273454,0.021465592539592977,0.021445993508912502,0.039198061360953086,0.0068938653802420955,0.03230419598071099,0.6065047163507906,0.7663345883933075,0.020961966467426246
2025-11-20 14:30:00,-0.01671619678188148,-0.016771504050008795,-0.016826811318136115,0.1106145362546352,0.011980267214804902,0.0986342690398303,0.5458840205070499,0.804348161589397,-0.03853325183294135
2025-11-21 14:30:00,-0.01313620532902646,-0.013163086160049855,-0.01318996699107325,0.05376166204678949,0.023809439587592,0.029952222459197486,0.5540930143511393,0.8260913902045051,-0.006111570891444614
2025-11-24 14:30:00,-0.005572992726925741,-0.005603159970124587,-0.005633327213323434,0.06033448639769342,0.02520188695293365,0.03513259944475977,0.5650070931908776,0.8018728695994836,0.021343103133608727
2025-11-25 14:30:00,0.0010261619730194925,0.0009218747399940718,0.0008175875069686512,0.2085744660508413,0.028290477967635397,0.1802839880832059,0.6839153351368819,0.8632486157366852,0.003738610762601957
2025-11-26 14:30:00,0.002231749782840027,0.0019950127095522347,0.0017582756362644419,0.4734741465755851,0.010647498166750738,0.46282664840883436,0.9542835516460584,1.055707047636343,0.02423906775732128
2025-11-28 14:30:00,-0.004239280603257513,-0.0042466076308024445,-0.004253934658347375,0.014654055089861801,0.0015378127885872965,0.013116242301274506,0.9643571609104515,1.0587496806732244,0.01120271180054296
2025-12-01 05:00:00,0.022102875308084316,0.022039686732149944,0.021976498156215576,0.12637715186874082,0.12083366674244382,0.0055434851262969875,0.9644304619939117,1.0532794966303876,-0.03401405004515171
2025-12-01 14:30:00,-0.009083741767204726,-0.009255797073065418,-0.00942785237892611,0.34411061172138413,0.11297833401758206,0.23113227770380207,0.763207040518705,1.083188352858983,0.01665450057969975
2025-12-02 14:30:00,-0.00991904102505417,-0.009935505226421266,-0.009951969427788362,0.03292840273419184,0.012695150716387715,0.020233252017804126,0.7431639882569381,1.0829981531029458,-0.006733215522651048
2025-12-03 14:30:00,0.0014672276832625056,0.001451423981092137,0.0014356202789217684,0.03160740434073713,0.006891917552777367,0.02471548678795976,0.7561120306309588,1.0712307086890067,0.0016760186959985008
2025-12-04 14:30:00,0.020716015296920357,0.020633984226318677,0.020551953155716993,0.16406214120336324,0.008355319342455333,0.1557068218609079,0.6398302500623974,1.1106557499813532,0.018368031248050826
2025-12-05 14:30:00,-0.019635385461343385,-0.0196536498823133,-0.01967191430328322,0.0365288419398343,0.029437926662893577,0.0070909152769407235,0.6421218881762161,1.1154550271444752,-0.021110116391067968
2025-12-08 14:30:00,0.01643524962844493,0.016406633712172953,0.016378017795900975,0.05723183254395692,0.01163397600472349,0.04559785653923343,0.6712276115557911,1.0989628939848168,0.005335754657545655
2025-12-09 14:30:00,-0.009697362595258297,-0.009719912169980341,-0.009742461744702386,0.045099149444089624,0.0031742989046759833,0.04192485053941364,0.6358605350539779,1.0924051199472165,-0.007903437730884125
2025-12-10 14:30:00,0.01103793863389005,0.011023924189516919,0.011009909745143785,0.02802888874626445,0.018982027626736214,0.009046861119528238,0.6280447820851149,1.0936362280978817,0.015223248510995843
2025-12-11 14:30:00,0.018487450331107866,0.018467607854705654,0.018447765378303442,0.039684952804424044,0.037586417722902575,0.0020985350815214687,0.6286588585168897,1.0951206867476284,0.019506329302799757
2025-12-12 14:30:00,-0.023188617830874763,-0.023232082436476596,-0.023275547042078428,0.08692921120366581,0.020865354288858495,0.06606385691480732,0.6581905138160424,1.0585884851319738,-0.0466385574028203
2025-12-15 14:30:00,-0.004493805889453809,-0.004531675885336208,-0.004569545881218605,0.07573999176479658,0.007799551438682236,0.06794044032611435,0.6624618258576691,1.1222576134164615,-0.004094627938414493
2025-12-16 14:30:00,0.009494590853883106,0.009475553911708944,0.009456516969534784,0.03807388434832237,0.02188174947553212,0.016192134872790254,0.646686891538232,1.1218404128631083,0.009024562343147524
2025-12-17 14:30:00,-0.03403092166117781,-0.034068501334945225,-0.03410608100871263,0.07515934753482086,0.019128863090540366,0.05603048444428049,0.6703657533351159,1.0894887902157118,-0.05858802482760509
2025-12-18 14:30:00,-0.004845770111166735,-0.004904166712320763,-0.004962563313474791,0.11679320230805659,0.02002009811921327,0.09677310418884333,0.662522796510544,1.1784189375799832,0.018737261094312247
2025-12-19 14:30:00,-0.00695605202815767,-0.0069685564873771585,-0.006981060946596646,0.025008918438977012,0.018782185111731797,0.006226733327245215,0.6648637924073153,1.1745332001495092,-0.00011416234131844671
2025-12-22 14:30:00,-0.002918917530094666,-0.0029366226028597234,-0.002954327675624781,0.0354101455301149,0.012742259179053583,0.022667886351061317,0.6765211839504491,1.1635227053415818,0.005168685324936861
2025-12-23 14:30:00,-0.003490820503753934,-0.0034983211619316135,-0.003505821820109293,0.015001316355359137,0.0037755756269757987,0.011225740728383338,0.6815100400136044,1.1697595900068098,0.0043944531432077065
2025-12-24 14:30:00,-0.006202099276320437,-0.006205841802531913,-0.006209584328743388,0.0074850524229515365,0.003967660967340396,0.0035173914556111407,0.6796516937262314,1.1681005448385717,0.0002452201120995238
2025-12-26 14:30:00,-0.0022962556815777405,-0.002302070064320644,-0.002307884447063548,0.011628765485807454,0.0017930790313217166,0.009835686454485737,0.671009988631029,1.1669065634792883,-0.0028412471174624012
2025-12-29 14:30:00,0.0027257841128988233,0.0027230166988378604,0.0027202492847768975,0.005534828121925739,0.0027094111923635644,0.0028254169295621745,0.6722163223409442,1.1652874802596414,-0.0016579228062940654
2025-12-30 14:30:00,0.0003597229395651896,0.00034569635448441664,0.0003316697694036437,0.02805317016154585,0.005541756873569392,0.022511413287976456,0.6853903898849211,1.1559501345156418,-0.0007221870204388026
2025-12-31 14:30:00,0.0035968184181047937,0.0035890418479987696,0.003581265277892745,0.015553140212048677,0.005408664270911578,0.010144475941137099,0.6938537222742741,1.1576312780674258,-0.01033256288382145
2026-01-02 14:30:00,0.02543468292485593,0.025394263920309832,0.025353844915763736,0.08083800909219707,0.05854223245654233,0.02229577663565474,0.7016493456450525,1.1431311248025495,0.03127392853768026
2026-01-05 14:30:00,-0.013179109118122092,-0.013223638619129122,-0.013268168120136155,0.08905900201406265,0.003930229984433893,0.08512877202962876,0.743903509576175,1.1002565167040432,-0.012709251096396942
2026-01-06 14:30:00,0.013123666348249392,0.013093124597364357,0.013062582846479324,0.06108350177006846,0.02090945036886812,0.04017405140120034,0.7672253192650205,1.0834042749916883,0.0264163289236193
2026-01-07 14:30:00,-0.0230653966193362,-0.02311149203321106,-0.02315758744708592,0.09219082774972043,0.04738845084166954,0.04480237690805089,0.7713523083714996,1.12407966279326,-0.0406785461177156
2026-01-08 14:30:00,-0.025175857286053586,-0.02524796683991603,-0.025320076393778472,0.144219107724885,0.025411720158688533,0.11880738756619647,0.8411236616387001,1.0750436284942642,-0.028881082174731176
2026-01-09 14:30:00,0.025380158385348357,0.025335725574580824,0.025291292763813294,0.08886562153506435,0.058139514020565455,0.03072610751449889,0.8305905167088399,1.0952365910789028,0.046574799241906474
2026-01-12 14:30:00,0.022748567444328138,0.022708215390092504,0.02266786333585687,0.0807041084712683,0.012210309152602461,0.06849379931866584,0.8724656674128748,1.1218552396935337,0.025116245154045203
2026-01-13 14:30:00,0.00595903126942641,0.0059385409025319935,0.005918050535637578,0.04098073378883256,0.01669982996126836,0.024280903827564204,0.8955539767580558,1.123047834175917,0.009972332813082333
2026-01-14 14:30:00,-0.005802668883444386,-0.005818744152867302,-0.005834819422290219,0.032150538845833264,0.007627458473423683,0.024523080372409578,0.8905901835189397,1.1426071213092104,-0.011358105654375636
2026-01-15 14:30:00,0.019306973089539322,0.019261466482285192,0.019215959875031066,0.09101321450825599,0.03383208781520623,0.057181126693049755,0.8766825222271798,1.1858805867105002,0.03251097916581743
2026-01-16 14:30:00,0.004892623509633712,0.004844472338718386,0.004796321167803059,0.09630234183065356,0.07476225919411283,0.021540082636540725,0.8925910814171361,1.1915121101570847,-0.0006067698546086131
2026-01-20 14:30:00,0.005603703834671913,0.005572138604920498,0.005540573375169083,0.06313045950282956,0.030874216041478407,0.03225624346135114,0.8911325748287708,1.1607143732840988,-0.02788934545862957
2026-01-21 14:30:00,-0.0020706144194082843,-0.0021045960721788924,-0.0021385777249495006,0.06796330554121621,0.013104884349127044,0.05485842119208917,0.8963346257354582,1.111058002998697,0.014200926601081854
2026-01-22 14:30:00,-0.00790304151848049,-0.007922092209528131,-0.007941142900575772,0.038101382095281945,0.008424214676368705,0.02967716741891324,0.8824192447873722,1.0952962165278697,-0.006299553682668028
2026-01-23 14:30:00,-0.0038183216947263294,-0.0038497404938074463,-0.0038811592928885636,0.06283759816223415,0.005114968948481439,0.05772262921375271,0.8899520172986113,1.1454860732303833,-0.003327116689507766
2026-01-26 14:30:00,-0.011599388795235362,-0.011633340842478452,-0.011667292889721544,0.06790409448618144,0.007950245367888723,0.05995384911829271,0.8541829568027937,1.1696708618528584,-0.00023108928238320855
2026-01-27 14:30:00,0.00498887957097326,0.004967002760915814,0.004945125950858368,0.04375362011489262,0.008340441776696498,0.03541317833819613,0.8458376593876156,1.1426029809298404,0.026395984272694555
2026-01-28 14:30:00,0.00830927311348741,0.008291401201832457,0.008273529290177504,0.0357438233099057,0.007779226638520302,0.0279645966713854,0.85485510448192,1.1615501325069213,0.010187258818891229
2026-01-29 14:30:00,0.009125466629596459,0.009102935436595985,0.00908040424359551,0.045062386000948515,0.02057103980552492,0.02449134619542359,0.8430679595761732,1.174254333796598,0.0020972325174113773
2026-01-30 14:30:00,-0.0020486665374906537,-0.0020633413964630345,-0.0020780162554354152,0.029349717944761676,0.009190659507417006,0.020159058437344668,0.8465563850226617,1.157583700805742,-0.017515233034000117
2026-02-02 14:30:00,0.005624642170259212,0.005612377838271649,0.005600113506284086,0.02452866397512593,0.01930931696666799,0.005219347008457942,0.846966568081641,1.1527745368562632,0.0012028109756627714
2026-02-03 14:30:00,0.013102602614113308,0.013084064513043421,0.013065526411973534,0.03707620213977436,0.015866848379371135,0.021209353760403227,0.8356190405030788,1.1429127106744221,0.0076988750042643606
2026-02-04 14:30:00,-0.014409816857392396,-0.014467512778435472,-0.01452520869947855,0.11539184208615387,0.04376823505066767,0.0716236070354862,0.8705134583130171,1.1061835214488742,-0.03695496529404422
2026-02-05 14:30:00,0.01742265288296006,0.01738408437377145,0.017345515864582835,0.07713701837722353,0.029589204324998786,0.047547814052224746,0.8655260973157434,1.1487439745038253,0.0012878663377968724
2026-02-06 14:30:00,0.024460420681656346,0.024434890043919976,0.024409359406183606,0.0510612754727386,0.009081361409363515,0.04197991406337509,0.8611792449955364,1.1863770362469934,0.05453325277896829
2026-02-09 14:30:00,0.0022647428989255435,0.0022201962137943063,0.002175649528663069,0.08909337026247455,0.007669690431154841,0.0814236798313197,0.8704828817339019,1.2584970793399477,0.0145154849271254
2026-02-10 14:30:00,0.0036818138497380533,0.0036651372371963946,0.0036484606246547364,0.03335322508331691,0.031071466873237325,0.0022817582100795875,0.8715729876524081,1.259688731631521,0.012270367016324816
2026-02-11 14:30:00,0.01530051449796299,0.015275977787028614,0.015251441076094238,0.04907342186875252,0.023041996643231144,0.026031425225521376,0.8694117442701825,1.2358185497882253,0.026286465685260607
2026-02-12 14:30:00,0.008237634724147085,0.008217373356239668,0.008197111988332251,0.04052273581483319,0.022268039553485292,0.018254696261347902,0.8851394475625758,1.23834554275718,-0.003847599897336148
2026-02-13 14:30:00,-0.006280274099125405,-0.006329472279865225,-0.006378670460605044,0.09839636147963968,0.02991771902228143,0.06847864245735824,0.9140091928882514,1.1987366456254973,0.02152309856709537
2026-02-17 14:30:00,0.010432205095985556,0.010398456455167683,0.01036470781434981,0.06749728163574538,0.005927504518284573,0.06156977711746081,0.8953294297390246,1.2416266595937313,0.006842750101637855
2026-02-18 14:30:00,-0.012978557813571703,-0.013006630654515535,-0.013034703495459368,0.056145681887664445,0.009256082442004487,0.04688959944565996,0.9173681952221722,1.2167758256312189,-0.019122724755617937
2026-02-19 14:30:00,0.017464036128516946,0.01740426294515904,0.01734448976180114,0.1195463667158061,0.04344336188569575,0.07610300483011034,0.9460852874038235,1.1693899129827598,0.023356874763850843
2026-02-20 14:30:00,-0.021427424795601415,-0.021442734740331464,-0.021458044685061513,0.030619889460097006,0.004029455361390358,0.02659043409870665,0.9662365645596513,1.1758290699256386,-0.006412537968600048
2026-02-23 14:30:00,-0.01153674503972391,-0.011582698235489044,-0.011628651431254178,0.09190639153026903,0.012833667534139725,0.0790727239961293,0.9780751806965731,1.2430631777848462,-0.019257158577731914
2026-02-24 14:30:00,0.006231505788663081,0.006204630281700965,0.006177754774738848,0.05375101392423313,0.007935462482169845,0.045815551442063285,0.9656995916507334,1.2765031401810698,0.030700672708637338
2026-02-25 14:30:00,-0.018817682997281846,-0.018836577495371692,-0.01885547199346154,0.037788996179694403,0.01863613881961342,0.019152857360080988,0.9727168975650482,1.288638691626836,0.003156153958219258
2026-02-26 14:30:00,0.023786793222663867,0.0237621478015511,0.023737502380438334,0.049290842225532004,0.003254163773162307,0.046036678452369695,0.9743983501107315,1.2442834657201496,0.005071689642082304
2026-02-27 14:30:00,-0.01519132189527083,-0.015305883911939173,-0.015420445928607517,0.2291240333366864,0.011068418075534825,0.21805561526115158,1.1653486837119376,1.217178184060204,-0.00550212769736258
2026-03-01 05:00:00,0.07079781676083642,0.07068962138242817,0.0705814260040199,0.21639075681651804,0.10519228654622896,0.11119847027028906,1.2527672696796819,1.2409580683627488,-0.02911643096785162
2026-03-02 14:30:00,-0.04225010450707631,-0.04262582100794064,-0.04300153750880497,0.7514330017286648,0.09086163002892245,0.6605713716997423,0.9600371489567248,0.8731168173859636,0.027431798455812784
2026-03-03 14:30:00,-0.01897945823026441,-0.019128605098545637,-0.019277751966826868,0.2982937365624577,0.02608816429445837,0.27220557226799935,0.8939801172519665,0.6669682768227225,-0.03178145334904148
2026-03-04 14:30:00,-0.010483051203193938,-0.010506802954534454,-0.010530554705874969,0.04750350268103176,0.006886111211344748,0.040617391469687014,0.9220756497145036,0.6794901358298724,0.0037923808576487694
2026-03-05 14:30:00,0.006341612293198488,0.006310559903569929,0.006279507513941371,0.06210477925711685,0.0310270687693018,0.031077710487815047,0.8916523311188755,0.6788357439376854,-0.0026827891362049363
2026-03-06 14:30:00,-0.016282234035748862,-0.01631805367970383,-0.0163538733236588,0.07163928790993623,0.022751987491505532,0.0488873004184307,0.9305288161036565,0.6688249285040356,-0.029518026749212
2026-03-09 13:30:00,0.022055422820356843,0.022034557662781427,0.022013692505206007,0.0417303151508351,0.018062115007327535,0.023668200143507567,0.9305144443909504,0.6924787569348372,0.033493808365719614
2026-03-10 13:30:00,0.012796423465561906,0.012773731460844049,0.01275103945612619,0.04538400943571674,0.016418864213164963,0.02896514522255178,0.9252563157430638,0.7161857735095023,0.007080935820175882
2026-03-11 13:30:00,-0.005776049976633116,-0.005810871876569892,-0.005845693776506667,0.06964379987355147,0.019815688996659937,0.04982811087689154,0.8899472030382546,0.7307047716815847,-0.013326848352064621
2026-03-12 13:30:00,-0.0010668501929492454,-0.0011035712072571184,-0.0011402922215649916,0.07344202861574618,0.013807286989147757,0.05963474162659843,0.896455714393546,0.6775785414102776,-0.006288830726341492
2026-03-13 13:30:00,-0.004491099257279483,-0.00450892304195913,-0.004526746826638779,0.03564756935929603,0.01888151264585447,0.016766056713441557,0.9084781492094957,0.6728349195127857,0.0005080229284940563
2026-03-16 13:30:00,0.007243991062270239,0.007239194577878078,0.007234398093485917,0.009592968784322142,0.006223449241388623,0.003369519542933519,0.9114273677146221,0.6724146184749786,0.02060930984668974
2026-03-17 13:30:00,0.005566711822515803,0.005521555159973666,0.005476398497431529,0.0903133250842743,0.010265907331907057,0.08004741775236723,0.8892532856309509,0.6145412828062826,0.006119743241027968
2026-03-18 13:30:00,0.024958703580410198,0.024941849739523122,0.02492499589863605,0.033707681774148776,0.026402557233795292,0.00730512454035348,0.8853183502136854,0.6179114719293707,0.008831366612228239
2026-03-19 13:30:00,0.0031754678660549556,0.003144797965905039,0.0031141280657551226,0.06133980029983288,0.013957432817008009,0.04738236748282487,0.8636304238710797,0.5922170307891516,-0.002207556093992702
2026-03-20 13:30:00,-0.012304119387237737,-0.01233928637551986,-0.01237445336380198,0.07033397656424396,0.06806232744517766,0.002271649119066299,0.8627135036558766,0.5935717596930148,-0.05830929572070435
2026-03-23 13:30:00,0.005916081545208247,0.0058708819195092245,0.005825682293810202,0.09039925139804401,0.014075847807106431,0.07632340359093759,0.9375011420275821,0.5920359944737826,0.022015127418988072
2026-03-24 13:30:00,0.020471020525635902,0.02045716938751206,0.02044331824938822,0.027702276247683254,0.01700537385424713,0.010696902393436125,0.9427352727898214,0.5974987661049794,0.022912344990958438
2026-03-25 13:30:00,-0.011922304821935735,-0.011944375646596311,-0.011966446471256886,0.04414164932115231,0.007091585846744889,0.037050063474407424,0.9630780230401246,0.5807914528808752,-0.004685790946295436
2026-03-26 13:30:00,-0.0184690848990528,-0.01849293760176021,-0.018516790304467613,0.047705405414812274,0.03558026134795589,0.012125144066856386,0.9642877645451908,0.5698760503190851,-0.030365986648201337
2026-03-27 13:30:00,0.016527755089083145,0.016486427484637075,0.016445099880191,0.08265520889214369,0.011025912969742608,0.07162929592240108,0.9405040579434406,0.6177216396397359,0.009853925098717001
2026-03-30 13:30:00,-0.04220448745850589,-0.04223535793671475,-0.0422662284149236,0.06174095641770956,0.011326480769616471,0.05041447564809309,0.9611420057960999,0.5879451118443021,-0.03974126296402528
2026-03-31 13:30:00,0.008559457865553118,0.008489274379984441,0.008419090894415766,0.14036697113735241,0.011620203434892673,0.12874676770245974,0.8812139362155667,0.6367638099662286,0.029540724237789417
2026-04-01 13:30:00,0.009768480375619712,0.009682607308067021,0.00959673424051433,0.17174613510538134,0.10296532133981723,0.06878081376556411,0.8481214570379743,0.6724521445542003,0.02214138925036398
2026-04-02 13:30:00,-0.014705429845316965,-0.014712900740370535,-0.014720371635424107,0.014941790107141473,0.010823815726561992,0.004117974380579481,0.8460223571400631,0.670433270071532,-0.00971664118758675
2026-04-06 13:30:00,-0.001726628125111383,-0.0017985712192328442,-0.0018705143133543056,0.14388618824292243,0.010911646931175634,0.1329745413117468,0.7435524586044817,0.7009379128476974,-0.00023659534647391123
2026-04-07 13:30:00,0.00810557328568565,0.00808530708585208,0.008065040886018511,0.04053239966713984,0.007708158220794514,0.032824241446345326,0.7592876238852118,0.6838488366820821,0.009854702421172146
2026-04-08 13:30:00,0.004393923113085483,0.004360736421756384,0.004327549730427285,0.06637338265819874,0.017933641512528114,0.04843974114567062,0.7240503959916756,0.6706463234299476,0.03231427158443371
2026-04-09 13:30:00,-0.0008016521397182837,-0.000819049149248765,-0.0008364461587792463,0.034794019060962536,0.029641351339068384,0.005152667721894155,0.7259674203118909,0.6738819668316265,0.009498969167519763
2026-04-10 13:30:00,0.010272085687397787,0.010266631878984293,0.0102611780705708,0.010907616826985673,0.004620674920742991,0.006286941906242682,0.7205324509320796,0.6747339393580579,0.008341599846991047
2026-04-13 13:30:00,0.01569063717087172,0.01567601475795813,0.015661392345044538,0.029244825827181502,0.012847782312338445,0.016397043514843057,0.7275873598709666,0.6653918047821018,0.013740998996170465
2026-04-14 13:30:00,-0.0034893064982542115,-0.0035450032262496238,-0.003600699954245036,0.1113934559908244,0.02632732491445222,0.08506613107637218,0.6649160433504238,0.6877866193379312,0.01014550460766328
2026-04-15 13:30:00,-0.012246269035162776,-0.012256595403827375,-0.012266921772491975,0.020652737329198218,0.0078054270554797816,0.012847310273718437,0.6701520603826886,0.6801753260964776,-0.009213742495268998
2026-04-16 13:30:00,-0.007239187964097619,-0.0072739743486534975,-0.007308760733209377,0.06957276911175792,0.015041079988862283,0.05453168912289563,0.6930619269723326,0.6485535035632259,0.0008542594694751493
2026-04-17 13:30:00,0.009868452104467365,0.00985002414105805,0.009831596177648734,0.03685592681863052,0.027983446509014003,0.008872480309616515,0.6883405514723449,0.6444023987535972,0.015478234427008722
2026-04-20 13:30:00,0.002963837689339322,0.002934689343589583,0.002905540997839844,0.05829669149947814,0.018570199972297363,0.039726491527180774,0.6652845694496156,0.6610729082580487,-0.0050441208608965615
2026-04-21 13:30:00,0.006504320173013846,0.006489487527085564,0.0064746548811572815,0.02966529185656467,0.021839570137680266,0.007825721718884404,0.6593328300759954,0.6629468906033129,-0.007546392549057608
2026-04-22 13:30:00,-0.00033859578308339383,-0.000344236740910934,-0.00034987769873847416,0.011281915655080299,0.003946390597405092,0.007335525057675207,0.6543071721855589,0.6652567577705516,0.00962700661725524
2026-04-23 13:30:00,0.007793337320884837,0.007776857824979984,0.007760378329075132,0.03295899180970515,0.014702393843706382,0.018256597965998766,0.6411183051920724,0.6601890267980394,0.02150652210523159
2026-04-24 13:30:00,-0.0027742157165411944,-0.002811288565389369,-0.0028483614142375438,0.0741456976963492,0.0368585942352984,0.0372871034610508,0.667948847784944,0.6497324659298602,0.010957824105682875
2026-04-27 13:30:00,0.005051506950551784,0.005037546639360887,0.00502358632816999,0.02792062238179375,0.022403514511353174,0.005517107870440574,0.6697368825947572,0.6460033928692328,0.005537058621412331
2026-04-28 13:30:00,-0.011666997112756743,-0.011679699799956415,-0.011692402487156089,0.02540537439934528,0.015575893449217134,0.009829480950128144,0.6691792741221028,0.6367315203917591,-0.01720113623050316
2026-04-29 13:30:00,-0.013848669879110584,-0.013869279989081015,-0.013889890099051444,0.04122021994086104,0.0272371423512238,0.013983077589637238,0.6767355004228587,0.6431583716806404,-0.01825698467020583
2026-04-30 13:30:00,0.055700937464500104,0.05565331487654476,0.055605692288589414,0.09524517591068649,0.07834987554027228,0.0168953003704142,0.6921506103605646,0.6416781812479321,0.0794134025814377
2026-05-01 13:30:00,-0.00482855082707374,-0.004947843260629031,-0.005067135694184321,0.2385848671105807,0.03685913334725832,0.20172573376332237,0.8492237389639186,0.5970255760879637,-0.004535248007912422
2026-05-04 13:30:00,0.02075332717128563,0.020736836778786162,0.020720346386286694,0.03298078499893616,0.023624030916523507,0.009356754082412655,0.8549256526261371,0.6006804165081578,0.016315856088095677
2026-05-05 13:30:00,-0.010921573645540797,-0.010964291877158097,-0.011007010108775398,0.08543646323460166,0.023581592752377513,0.061854870482224156,0.8472053758906475,0.5465458227614233,-0.003830658885818202
2026-05-06 13:30:00,0.011191797318377232,0.011169583374469,0.011147369430560768,0.04442788781646474,0.023118937474173668,0.021308950342291078,0.8537246670643742,0.5317561635928589,0.010087358195851012
2026-05-07 13:30:00,-0.029993632046730907,-0.030020803819599026,-0.030047975592467146,0.0543435457362403,0.013963394775017252,0.04038015096122305,0.8314400697246451,0.5498517172143529,-0.04138137916104908
2026-05-08 13:30:00,-0.018349191376107018,-0.018379563726279333,-0.018409936076451652,0.060744700344634306,0.027331728371142727,0.03341297197349158,0.8642628060812737,0.5492614815974899,-0.01313592484084658
2026-05-11 13:30:00,0.030529802550128632,0.030472227252043516,0.0304146519539584,0.11515059617023306,0.0112561059222905,0.10389449024794256,0.9156607419580647,0.4967649272263383,0.04056831266988866
2026-05-12 13:30:00,-0.02890829433160936,-0.028954214245300928,-0.0290001341589925,0.09183982738313973,0.011969899232549652,0.07986992815059007,0.9788713295796068,0.4801055866972903,-0.03189619085952289
2026-05-13 13:30:00,0.003937121814875629,0.0038995361047156943,0.0038619503945557594,0.07517142031986916,0.02727095347897716,0.047900466840892,0.9624732410011405,0.511607964959716,-0.0017342954792837946
2026-05-14 13:30:00,-0.0065061888909406194,-0.006527856737875275,-0.006549524584809931,0.04333569386931091,0.007009356791527255,0.036326337077783655,0.9369082521036362,0.5223693131399954,0.00203068911711235
2026-05-15 13:30:00,0.012238839935277447,0.012213806759308785,0.012188773583340124,0.050066351937322895,0.0046203734757752635,0.04544597846154763,0.9048026982308313,0.5357097377287381,-0.01659988469900986
2026-05-18 13:30:00,-0.04110005927562538,-0.041121981381962776,-0.04114390348830017,0.043844212674789884,0.02100711708557812,0.022837095589211764,0.8843221252469934,0.5333532151233642,-0.04198364036183733
2026-05-19 13:30:00,-0.022671453291127918,-0.02268232391577244,-0.022693194540416965,0.021741249289047415,0.008364841974759507,0.013376407314287908,0.8943935640444576,0.5300482466065405,-0.017795901888302157
2026-05-20 13:30:00,0.01567573701299622,0.015613354176699346,0.015550971340402469,0.12476567259375151,0.04093528167777619,0.08383039091597533,0.8333400764871854,0.5528251499652437,0.02802766969852107
2026-05-21 13:30:00,0.006333714932671647,0.006312173045076276,0.006290631157480904,0.04308377519074328,0.018643362060473713,0.024440413130269567,0.8361709452214194,0.5744346943612793,0.016634381849826758
2026-05-22 13:30:00,0.01864706640686017,0.018625770131660894,0.018604473856461617,0.042592550398553475,0.02051919821293846,0.022073352185615014,0.8446048982059174,0.5880740935623963,0.027709951669949273
2026-05-26 13:30:00,0.026621588546889313,0.02658012047973642,0.026538652412583526,0.08293613430578602,0.016697777460924785,0.06623835684486123,0.8929378117365124,0.57016865024813,0.03635136535129494
2026-05-27 13:30:00,-0.005247718441651423,-0.005363129003087288,-0.005478539564523152,0.23082112287172907,0.018135442645339395,0.21268568022638967,0.9643359097010515,0.7114562325099806,-0.010098389955733977
2026-05-28 13:30:00,-0.0003397484381274943,-0.0004859608560082021,-0.0006321732738889099,0.2924248357614156,0.005938807643952418,0.28648602811746315,1.0728654131078263,0.8894127572206689,-0.004962590733703827
2026-05-29 13:30:00,-0.007785004604472902,-0.007809643280414837,-0.007834281956356772,0.049277351883868795,0.015558674654810718,0.03371867722905808,1.0634943501851466,0.8650651429142906,-0.009602253766458216
2026-06-01 04:00:00,-0.010646161416699867,-0.010677799531616622,-0.010709437646533378,0.06327622983351097,0.031644467227245086,0.03163176260626588,1.0769138137434773,0.8832774419622258,0.01736053428367827
2026-06-01 13:30:00,0.011412996294066162,0.011381475061574836,0.01134995382908351,0.06304246498265227,0.013883743042786795,0.04915872193986548,1.042556295166777,0.8980786453253911,-0.03964457588811084
2026-06-02 13:30:00,0.008302347956933808,0.008254445589677426,0.008206543222421045,0.09580473451276321,0.013304761276287694,0.08249997323647551,0.980031772046072,0.8781031952096207,0.030536465488928927
2026-06-03 13:30:00,0.00512172641657674,0.005093152187440213,0.005064577958303685,0.05714845827305526,0.02500064898513865,0.03214780928791661,0.989553639993517,0.8554772538691491,-0.001396774020160918
2026-06-04 13:30:00,-0.0017305272835585182,-0.0017365337731332744,-0.0017425402627080308,0.012012979149512567,0.005534623385131296,0.006478355764381272,0.9944036783634767,0.8571055712635707,-0.0006441216632414223
2026-06-05 13:30:00,-0.008016288937263617,-0.008025806069810165,-0.008035323202356712,0.019034265093095065,0.01423830565847865,0.004795959434616415,0.9897330425144738,0.8569802476779571,-0.03991708878963381
2026-06-08 13:30:00,0.005594092718297929,0.005560312383374792,0.005526532048451656,0.06756066984627358,0.016914246696741426,0.05064642314953216,0.9814523425755739,0.8993459708885894,0.0012703614866917217
2026-06-09 13:30:00,-0.003538878783063259,-0.0035438090373042155,-0.003548739291545172,0.009860508481913444,0.0010182565865995974,0.008842251895313846,0.9759984667764869,0.9027343469848162,-0.00361072630513648
2026-06-10 13:30:00,-0.041445557723129245,-0.04145273173308367,-0.041459905743038095,0.014348019908848857,0.0065392901676647845,0.007808729741184073,0.9694296261359725,0.9039742360854859,-0.05906292493072355
2026-06-11 13:30:00,0.01716357079532082,0.01711923262564677,0.017074894455972718,0.0886763393481013,0.005010104608105175,0.08366623473999613,0.9681872456009339,0.9863980902904435,0.05158019435534985
2026-06-12 13:30:00,-0.0034862706469562573,-0.0035599244188449643,-0.0036335781907336716,0.1473075437774142,0.02202594193975375,0.12528160183766046,0.9983639466519115,1.0815029910771263,0.01375685087592112
2026-06-15 13:30:00,-0.005238193642617017,-0.005245159584007078,-0.00525212552539714,0.013931882780122435,0.010085295880100393,0.003846586900022042,0.9987652457614764,1.0849482788675835,0.03355430843599113
2026-06-16 13:30:00,0.022644151365269642,0.022623373126206527,0.022602594887143408,0.0415564781262336,0.023899807510760113,0.01765667061547349,1.0149442033626332,1.0864259918819001,0.009255506150996498
2026-06-17 13:30:00,0.02412198763565057,0.024091839927717705,0.024061692219784835,0.06029541586573591,0.006155446940139994,0.054139968925595916,1.024742664939301,1.042084484532972,-1.731974745792601e-05
2026-06-18 13:30:00,-0.018016326940792755,-0.01806639865803955,-0.01811647037528635,0.10014343449359346,0.031946703564678255,0.0681967309289152,0.9695261474651146,1.0291042710782432,0.014320616200489114
2026-06-22 13:30:00,0.03393355670629992,0.03390741594531362,0.033881275184327334,0.0522815219725874,0.017275894673691505,0.03500562729889589,0.9597716806161726,1.0038531106282893,0.03667925760241375
2026-06-23 13:30:00,-0.02579021327857823,-0.025826518443433703,-0.025862823608289176,0.07261032971094834,0.02096526869479261,0.051645061016155736,0.9776052888597156,0.9700416578556766,-0.05008158626700484
2026-06-24 13:30:00,-0.005162522890532853,-0.0052303806465916714,-0.0052982384026504905,0.135715512117637,0.002732659929061465,0.13298285218857553,0.9572596589257224,1.082678880110259,0.00022316080708695285
2026-06-25 13:30:00,0.015361965396379415,0.01533382346029833,0.015305681524217248,0.056283872162168534,0.007213442527507738,0.049070429634660795,0.9771735616930026,1.0535223532428784,0.030553174289376022
2026-06-26 13:30:00,-0.029207458935489955,-0.029228635789839145,-0.02924981264418833,0.042353708698377804,0.010889805946889559,0.03146390275148825,0.9902826533018008,1.0718771643855685,-0.0364009144305378
2026-06-29 13:30:00,-0.008457678198090257,-0.008495879518093146,-0.008534080838096035,0.07640264000577761,0.02340480610010646,0.05299783390567114,0.9709267756184532,1.105519120607892,0.01523628921650629
2026-06-30 13:30:00,0.005382358169959387,0.0053543009204083366,0.005326243670857287,0.056114499102100646,0.03425435712535252,0.021860141976748126,0.9791332139721354,1.091865416984826,0.009492266149379591
2026-07-01 13:30:00,-0.006577713499391548,-0.006586007301070534,-0.006594301102749519,0.016587603357971603,0.0012422813464308957,0.015345322011540707,0.9696026074954363,1.0976801325196677,-0.03550677552812528
2026-07-02 13:30:00,-0.02923378324150826,-0.029248639078106382,-0.029263494914704508,0.029711673196245493,0.013096295436384279,0.016615377759861216,0.9755677267247791,1.108330391050186,-0.02687274202753546
2026-07-06 13:30:00,0.021647788527808146,0.021590236611295943,0.02153268469478374,0.11510383302440566,0.020362713672919343,0.09474111935148632,0.9385617513669607,1.166065535043854,0.02893654990114018
2026-07-07 13:30:00,-0.012202387276252745,-0.012227439573639347,-0.01225249187102595,0.050104594773205315,0.01691720597332661,0.0331873887998787,0.9243848538315493,1.1850760263083213,-0.025993180214081108
2026-07-08 13:30:00,0.009625468119195816,0.00961020418096791,0.009594940242740003,0.030527876455812862,0.012005971901946818,0.018521904553866042,0.9234573754649544,1.2026704524955925,0.006162599216620286
2026-07-09 13:30:00,-0.0022296164086292956,-0.0022415789639838946,-0.0022535415193384936,0.023925110709197856,0.01019343034894445,0.013731680360253407,0.9303785319112994,1.195859928581684,0.012954773486911394
2026-07-10 13:30:00,-0.011283225112014168,-0.01129925496987988,-0.01131528482774559,0.03205971573142171,0.012636124552491376,0.019423591178930333,0.9360117984727357,1.209650253199178,-0.0017464212028672026
2026-07-13 13:30:00,0.005693386705715925,0.005676228323660145,0.005659069941604364,0.03431676411156048,0.006827556451788452,0.02748920765977203,0.9182430108495443,1.2193706732357585,-0.01118141068185119
2026-07-14 13:30:00,0.005546017179056912,0.005529173423002363,0.0055123296669478145,0.03368751210909704,0.01651643125161928,0.01717108085747776,0.9282441378242782,1.2122007193530147,0.018476952173492656
2026-07-15 13:30:00,0.008404402480237034,0.008395102005813117,0.008385801531389198,0.018600948847835252,0.015810617369338864,0.0027903314784963884,0.929952753747102,1.2132824349086873,-0.004449113014280082
2026-07-16 13:30:00,-0.023695746848224127,-0.023702888953158304,-0.02371003105809248,0.014284209868354065,0.011040995182474884,0.003243214685879181,0.9273443747509971,1.212647599218913,-0.038505403336486964
2026-07-17 13:30:00,0.033204291094120014,0.03316622402196074,0.03312815694980146,0.07613414431855237,0.012052453397420004,0.06408169092113236,0.9521733417887646,1.2519003231022778,0.008106476792391404
2026-07-20 13:30:00,0.012184598189629612,0.01214413396524048,0.012103669740851346,0.08092844877826555,0.0076160842682342356,0.07331236451003131,0.9171018820338837,1.2136594183471274,0.008788978853911944
2026-07-21 13:30:00,-0.008150622156564905,-0.008168430387541049,-0.008186238618517193,0.035616461952287,0.013535533383832437,0.02208092856845456,0.8964170452204295,1.212263326592127,0.013934535525548094
2026-07-22 13:30:00,0.0003437780679751961,0.0003303741844080383,0.0003169703008408805,0.02680776713431558,0.012780771155097497,0.014026995979218082,0.9017930423069479,1.2209143254848267,0.014386133374966489
2026-07-23 13:30:00,0.034795749682182936,0.034792427344444876,0.034789105006706816,0.006644675476122944,0.00346438495682159,0.003180290519301354,0.9047785380698996,1.2211091202411763,0.0167366510330685
2026-07-24 13:30:00,-0.02310176236228214,-0.023135545460731002,-0.023169328559179865,0.06756619689772574,0.00858279217828221,0.05898340471944352,0.9111356702148561,1.1684828476666893,-0.0341825205466146
2026-07-27 13:30:00,-0.004836750386606751,-0.0048645730315253636,-0.004892395676443976,0.05564528983722513,0.0182661924545516,0.03737909738267353,0.894664694610475,1.1893909694449818,-0.02029423638297116
2026-07-28 13:30:00,-0.03171970927983657,-0.03182197678765892,-0.03192424429548127,0.20453501564469756,0.014359999439276128,0.19017501620542143,0.7579153170848252,1.1359653307652102,-0.045415648859531976
2026-07-29 13:30:00,-0.015465083637859978,-0.015493089346818102,-0.015521095055776228,0.05601141791624935,0.013583253619146512,0.04242816429710283,0.7710016321935139,1.1653071799536243,-0.04953484573580654
2026-07-30 13:30:00,0.05928685533316883,0.05921677622528805,0.05914669711740727,0.1401582157615626,0.07845319935840664,0.061705016403155954,0.8055277953713418,1.1924860331789524,0.09412398867368214
2026-07-31 13:30:00,0.025141321259662015,0.025043920398315263,0.02494651953696851,0.19480172269350401,0.04499464335899369,0.14980707933451032,0.8122366768021947,1.3355842310826098,0.028178583978189325
2026-08-03 13:30:00,0.018449820908067065,0.018411084253979287,0.01837234759989151,0.07747330817555498,0.04047009721829298,0.037003210957262,0.7898307224799546,1.3501814877176317,0.04233500272585089
2026-08-04 13:30:00,-0.05796939241185174,-0.05802680819995956,-0.05808422398806738,0.11483157621564366,0.06558436403376788,0.04924721218187578,0.753246579797909,1.362844557217462,-0.015921385067672045
2026-08-05 13:30:00,0.010102812374530238,0.010051748056531746,0.010000683738533252,0.10212863599698578,0.014744294987248201,0.08738434100973758,0.7340431244915233,1.29466367151411,-0.009100916011507124
2026-08-06 13:30:00,0.004306905381544134,0.00426615285838293,0.004225400335221726,0.08150504632240743,0.01736297304141258,0.06414207328099486,0.6870475456893287,1.2775171770353098,-0.004818850404795423
2026-08-07 13:30:00,-0.01712700584818101,-0.017138235432560236,-0.017149465016939463,0.022459168758453885,0.006917113989804102,0.015542054768649782,0.6846157541603696,1.264406913795619,0.001329276122796652
2026-08-10 13:30:00,0.008226462363254012,0.008200922853018704,0.008175383342783395,0.05107902047061692,0.01903272381603068,0.03204629665458625,0.6627755201383466,1.2542008511630558,-0.002815362419867092
2026-08-11 13:30:00,0.01698671088516624,0.01697827814468193,0.016969845404197614,0.01686548096862591,0.011784491895501755,0.005080989073124154,0.6600998458117031,1.2566061659095364,0.020420689165794686
2026-08-12 13:30:00,-0.004657446287726262,-0.004709713261376631,-0.004761980235027001,0.10453394730073873,0.006773999349040549,0.09775994795169818,0.7338264256647624,1.2806395340081753,0.008232735436678906
2026-08-13 13:30:00,-0.026019528275770337,-0.026029519557508356,-0.026039510839246376,0.019982563476039956,0.006397111815326724,0.013585451660713233,0.7337717898319405,1.267108718180284,-0.008017195963570681
2026-08-14 13:30:00,0.006254359843022892,0.006233700472723284,0.006213041102423676,0.04131874059921577,0.013056397712451668,0.028262342886764102,0.7312368811919128,1.2413812839335476,0.00904171335326794
2026-08-17 13:30:00,0.020260319832558604,0.02023898149383965,0.020217643155120698,0.04267667743790775,0.037185575411936386,0.005491102025971362,0.7321350370473381,1.2367883377630016,0.016082187866578185
2026-08-18 13:30:00,-0.01899288001677118,-0.019008245002394425,-0.01902360998801767,0.030729971246491978,0.010411126560598467,0.02031884468589351,0.717196366888927,1.2314081632355192,-0.04244352352024897
2026-08-19 13:30:00,-0.006461597449615353,-0.00648353902066446,-0.006505480591713565,0.043883142098212355,0.02446253903998478,0.01942060305822757,0.7143337938958874,1.2479661933007071,-0.008948785769992288
2026-08-20 13:30:00,-0.010604398272820443,-0.01061598447927275,-0.01062757068572506,0.023172412904616503,0.0028518492107436986,0.020320563693872806,0.7099443919183792,1.2320350315843425,-0.02349709674052843
2026-08-21 13:30:00,-0.0030747051362492086,-0.0030921520325593896,-0.003109598928869571,0.03489379262036223,0.02446455860427525,0.010429234016086975,0.7153087332659998,1.237099924252809,-0.015049442464570554
2026-08-24 13:30:00,-0.01662448608198017,-0.016635035707022242,-0.01664558533206431,0.02109925008414241,0.017443281726590078,0.0036559683575523305,0.7148457259989163,1.2402928853432778,-0.021481186613513652
