date,resid_ols,basket,beta_XLU,beta_QQQ,coherence,resid_vs_XLU,resid_vs_XLE,resid_slope_20d,vol,slope_z,vol_z,resid_z,cum_resid
2016-12-29 14:30:00,0.0071414048570661885,0.012314373907710766,0.38137906333300986,1.1173498041105223,0.39934178566977646,-0.0011739231177187639,0.014296107223091417,,,,,,0.0071414048570661885
2016-12-30 14:30:00,0.011554406052250617,-5.832816268321513e-05,0.3850217346378337,1.0857720961930766,0.3982965723425667,0.005470280944854615,0.0028542552845940796,,,,,,0.018695810909316806
2017-01-03 14:30:00,0.019625190872628057,-0.01942617304425583,0.4235807908613962,0.8601578539051618,0.3875220368313311,-0.004582880178154964,-0.0642825817899831,,,,,,0.03832100178194486
2017-01-04 14:30:00,0.007627418609224978,0.01621772596855971,0.4228367544642676,0.8784756700563886,0.3861990922037301,0.012502636168213305,0.018318536010227888,,,,,,0.04594842039116984
2017-01-05 14:30:00,-0.011744321620653562,-0.004424912794587972,0.43011047826488025,0.8767880488628557,0.38857457086770175,-0.0054530214066624465,-0.0019252701470999405,,,,,,0.03420409877051628
2017-01-06 14:30:00,-0.006908444804779016,0.003759392333489394,0.43176563653267597,0.8645516010619035,0.38981646054433644,0.0006778118677231624,0.0028364976836424325,,,,,,0.027295653965737264
2017-01-09 14:30:00,-0.016534825832847863,-0.018492979274138992,0.47999677259900597,0.8079876052753014,0.3936099341920954,-0.005386228435787437,-0.003998413505319081,,,,,,0.010760828132889401
2017-01-10 14:30:00,0.002314750722734171,0.004301565510922274,0.4798264420948738,0.8086963854896244,0.3931950012261261,0.0074143725233945705,0.013393640417452574,,,,,,0.013075578855623573
2017-01-11 14:30:00,-0.005029050010566081,0.003860415327092692,0.4806022467373654,0.8023961227409422,0.3895106760465172,-0.0065474724318659305,-0.006934545807120385,,,,,,0.008046528845057492
2017-01-12 14:30:00,0.0016074060079004475,0.0026813647526610826,0.48139885066232324,0.8190723099313999,0.3891065708996673,0.001857013868088416,0.006819501471782527,,,,,,0.00965393485295794
2017-01-13 14:30:00,0.012151476081226645,0.01637156002641893,0.47711556628028523,0.8299429919075403,0.3910043672646864,0.017812880017763155,0.01932107089395063,,,,,,0.021805410934184585
2017-01-17 14:30:00,-0.008911189085649874,-0.004400339716584452,0.4671099631263352,0.8420389377996882,0.38826907460829246,-0.015326354028300477,-0.010585133759768734,,,,,,0.01289422184853471
2017-01-18 14:30:00,0.0031888334486273014,0.006507390536154715,0.45848879360709616,0.8552453028150454,0.3881337630841762,0.007730994680873941,0.008779135884009064,,,,,,0.016083055297162013
2017-01-19 14:30:00,0.0001621666247383364,-0.0018198684258443991,0.44936595088521814,0.8931764968398012,0.388627409402781,0.006959250601856278,0.0036707725460006406,,,,,,0.01624522192190035
2017-01-20 14:30:00,-0.0012593490170009517,0.004006292501294991,0.45388770821170554,0.8857385713448208,0.3882187435273054,0.0021526265478456113,0.00023594402158362993,,,,,,0.014985872904899396
2017-01-23 14:30:00,-0.0004725404916652418,0.00032235468870830025,0.45100291900404005,0.8942382525753622,0.39091130690130677,0.005462158124227197,0.010920600206665484,,,,,,0.014513332413234154
2017-01-24 14:30:00,0.02030513604695587,0.02939612445632304,0.43435003683681384,0.9211587209272517,0.3839814994136444,0.029602532299098743,0.018413125135736046,,,,,,0.03481846846019002
2017-01-25 14:30:00,-0.001795514380168329,0.01038715877290508,0.4316355783136695,0.9274833537549692,0.37855289892168753,0.01038715877290508,0.0051564710388044555,,,,,,0.03302295408002169
2017-01-26 14:30:00,-0.0026859664068646424,0.0012689979264400852,0.433714254821583,0.9253338887561129,0.3813804168218385,0.000855672001097374,0.0004683420518701853,,,,,,0.030336987673157047
2017-01-27 14:30:00,-0.015254037983754066,-0.010732320068962742,0.7490277598512224,0.525265756549216,0.4735763347227486,-0.010525530071056166,-0.0003340076869383646,0.0007541474844701493,0.01026808685330688,,,,0.015082949689402981
2017-01-30 14:30:00,-0.012397602487591903,-0.01219437266093141,0.7250739329310696,0.5353503870984165,0.4848332917039995,-0.013021066347230917,0.006127408560470856,-0.00022280288276275523,0.010553925124399375,,,,0.0026853472018110777
2017-01-31 14:30:00,-0.019522082718576826,-0.0063765613887768096,0.6926932326128705,0.5607555138888777,0.4811819429967977,-0.02186293762344123,-0.006788432795391171,-0.0017766273213041274,0.0110066810315206,,,,-0.016836735516765747
2017-02-01 14:30:00,0.03873052519297721,-0.008054239537753602,0.5280220982985135,0.4486411726907102,0.4684864572927519,0.05839340050950329,-0.02178337046634745,-0.0008213606052866696,0.013506985350858036,,,,0.021893789676211466
2017-02-02 14:30:00,-0.01760184421320004,-0.008840724710785083,0.5000794729105106,0.5050304861206192,0.4686922267708013,-0.019393034588123435,-0.01450711759973152,-0.0020828237464079204,0.01385015938891625,,,,0.004291945463011426
2017-02-03 14:30:00,0.013111871788975134,0.019380348353497556,0.49838687058257214,0.515572546224728,0.46730384274402265,0.018151838720295688,0.010722897793855823,-0.0008400140759264856,0.014051323407549473,,,,0.01740381725198656
2017-02-06 14:30:00,0.00637566474838914,0.008571143833199901,0.7417680449400817,0.20663554307645637,0.47374954233401106,0.010616217664107586,0.01701798713540903,-0.00017580859826807783,0.014063335854216196,,,,0.023779482000375697
2017-02-07 14:30:00,-0.006927518430726071,-0.0013437870253476165,0.7779548400129922,0.2794280377702945,0.47398360325136113,-0.003802609750465054,0.012808626731971065,0.0003045567718380118,0.013632631160150965,,,,0.016851963569649627
2017-02-08 14:30:00,-0.011784868499295458,-0.00140154837146933,0.7695396920103036,0.2848027150350892,0.48322365558827324,-0.011213345835306754,-0.003770814028527747,-0.00040042418926346967,0.013885428513717178,,,,0.005067095070354169
2017-02-09 14:30:00,0.013444390746573045,0.010818246068222903,0.7514702174476857,0.3074524541695719,0.48573506362827157,0.019319915756607076,-0.00044445277882787515,0.0005232478485934866,0.014172784702277307,,,,0.018511485816927215
2017-02-10 14:30:00,0.005987461596991114,0.014876758885348229,0.7547105438891151,0.3428221797289865,0.5135540139615923,0.008547636326017072,0.007314517700586887,0.0007422506280480199,0.014224167141931768,,,,0.02449894741391833
2017-02-13 14:30:00,-0.005224965691106798,0.003633057867995615,0.7293073259386004,0.38231142291757025,0.5075283503369564,-0.0012359088777312843,0.0017226724516398173,-0.0001265714605686522,0.01401982035975343,,,,0.019273981722811532
2017-02-14 14:30:00,0.00080587951592988,0.00033750229410312027,0.715975467373044,0.41288730992028094,0.5076564243708752,0.007605668246165376,-0.002931475063730926,0.00035928196951033554,0.01386690642533259,,,,0.020079861238741413
2017-02-15 14:30:00,-0.004387479571279516,-0.0004359470316910678,0.7219869957386985,0.3976101217331999,0.5072435702999276,0.002004373222967056,0.0035014690668572954,-1.953368148500537e-05,0.01388900765651714,,,,0.015692381667461897
2017-02-16 14:30:00,-0.013397772950631747,-0.003259701248571593,0.7032594369457771,0.4322989810147581,0.5096715658289622,-0.013249434837510102,0.010369230810027127,-0.0006975306602535096,0.014206997558375232,,,,0.002294608716830149
2017-02-17 14:30:00,-0.011390813371184492,-0.005983310980378039,0.7098975089252039,0.4191499661183554,0.5099564707302247,-0.0065888863413053516,-0.00045602126358864226,-0.0012041038779626865,0.014407299209304014,,,,-0.009096204654354343
2017-02-21 14:30:00,-0.004430526915995603,0.007992884518096507,0.7180034368781296,0.41763723143095943,0.5018263550263748,-0.002497264141774683,0.0011845950890152137,-0.0014020031991792046,0.014423895519929947,,,,-0.013526731570349946
2017-02-22 14:30:00,-0.016854970517728197,-0.01090348290246268,0.7264970002068443,0.4142848251841168,0.49673509414879136,-0.015095965169695247,0.0042772778147278645,-0.0032600085274134077,0.01386300853299008,,,,-0.030381702088078145
2017-02-23 14:30:00,-0.02487617408356622,-0.015981444581883997,0.7443784583201356,0.40223587204551137,0.5007236344715733,-0.026319044326798657,-0.020185407475044492,-0.004414041512583303,0.014671768690702077,,,,-0.05525787617164436
2017-02-24 14:30:00,-0.0016591903114860536,0.013356466113633317,0.7421283703608342,0.41529526619801904,0.5017273476833316,-0.0017952927222205286,0.022706058838750244,-0.004362702707814373,0.014679927903644002,,,,-0.05691706648313041
2017-02-27 14:30:00,-0.003511746487313491,-0.005943201464220486,0.8715736284553708,0.3924848749614984,0.49998310111009,-0.00032188480169729593,-0.014536114540072236,-0.003775588132992344,0.014454491659914906,,,,-0.060428812970443904
2017-02-28 14:30:00,-0.009610005279812428,-0.00899185621348575,0.29687820584526725,0.7704640127851087,0.37033082149001445,-0.018154047868570555,-0.005918920708835929,-0.003636208272603371,0.014380225843309218,,,,-0.07003881825025633
2017-03-01 05:00:00,0.014398818421205054,0.031812079056776334,-0.14963786335761897,0.7463848709465957,0.11199553551229278,0.03316567878605662,0.04667205799129174,-0.0019401632156142768,0.014408325106310104,,,,-0.05563999982905128
2017-03-01 14:30:00,-0.008737828982898446,-0.01261370372464643,-0.13834205664232913,0.7590772034151256,0.06358329683037663,-0.00507111671414695,-0.04803364870374793,-0.00431358092440806,0.010818692271541797,,,,-0.06437782881194973
2017-03-02 14:30:00,-0.0077302027718601845,-0.010838543888727329,-0.14692129860426373,0.7632223095597949,0.07223277182308527,-0.018049932552921345,-0.0013618160324820137,-0.0038199988523410673,0.010397522086482551,,,,-0.0721080315838099
2017-03-03 14:30:00,0.001914065217186187,0.005022354211994373,-0.12852557581649787,0.7390616655214008,0.06340573105888701,0.008118317434039901,0.0068249843468642934,-0.004379889180930514,0.009717002323592057,,,,-0.07019396636662371
2017-03-06 14:30:00,-0.005400777461131659,-0.005504451315529753,-0.12591608164720502,0.7481238188365067,0.06803759263526012,-0.003563377774345529,-0.007727085646449046,-0.004968711291406554,0.009381977661496633,,,,-0.07559474382775537
2017-03-07 14:30:00,-0.003937270600678599,-0.00407360015579646,-0.1261482288043168,0.7457819399572319,0.06431540035835705,-0.003489965616188491,0.004796671271197687,-0.00481919889990418,0.009372941057726814,,,,-0.07953201442843397
2017-03-08 14:30:00,-0.007785642555218577,-0.00418011635383142,-0.11421571832757135,0.7129837347432312,0.05177508370638712,0.010219507853317933,0.021830317589389026,-0.004619237602700337,0.009258475496724417,,,,-0.08731765698365254
2017-03-09 14:30:00,-0.018300544975438347,-0.017166898641072088,-0.1135550198161841,0.7130474817783433,0.06528829057267169,-0.014995589957177053,-0.023771544011552976,-0.006206484388800906,0.008703188940758902,,,,-0.10561820195909088
2017-03-10 14:30:00,0.012237735636322404,0.015555743653708895,-0.09593165695588088,0.769270298425005,0.07055862348538326,0.0072459482480547645,0.01698237175689351,-0.00589397068683434,0.009258589452601986,,,,-0.09338046632276847
2017-03-13 13:30:00,0.01346854946303658,0.01567164663885297,-0.11717439745878482,0.7859576754087146,0.075311058956548,0.012727939118821158,0.015528666791652174,-0.004959294929127172,0.010223026994856584,,,,-0.0799119168597319
2017-03-14 13:30:00,-0.008317624352845275,-0.009182133478009632,-0.1278429857753864,0.7950008638196604,0.07699902298897147,-0.008203811157465676,0.0021003393510106525,-0.00541547012256593,0.010155565137058847,,,,-0.08822954121257717
2017-03-15 13:30:00,0.008953401330105245,0.013074243937608773,-0.11659308246153016,0.802612701738119,0.08113216200684342,-0.0029852695693526696,-0.009170159406788373,-0.004748426077496691,0.01065260854858037,,,,-0.07927613988247192
2017-03-16 13:30:00,-0.005676470142186687,-0.004047777826722239,-0.1045542985391893,0.7992277439726359,0.08442549784946711,0.006939388652343041,0.0030171620342063594,-0.00436236093707444,0.010460835348292606,,,,-0.0849526100246586
2017-03-17 13:30:00,-0.0037971535568751295,-0.0038558267611982964,-0.10764147001675503,0.7970102535986767,0.08222784138202775,-0.00988482019039912,-0.0031256857977441563,-0.003982677946358972,0.010329287894630352,,,,-0.08874976358153373
2017-03-20 13:30:00,-0.0008677171874835817,0.0016021370392955703,-0.11216418483916135,0.7986413998477132,0.07892084394793346,0.008239318400216855,0.0030347814648187255,-0.0038045374599333702,0.010351855442547575,,,,-0.08961748076901732
2017-03-21 13:30:00,-0.007101575843097181,-0.021076604092935696,-0.14390015460308736,0.8460504313733045,0.09942421923818646,-0.03522522658420495,-0.014046510278681795,-0.0033168677262018194,0.009925664593113497,,,,-0.0967190566121145
2017-03-22 13:30:00,-0.0026784738682860635,0.003134774032769183,-0.1435796361891905,0.8411812598010812,0.09648533643411507,-0.0017094860454269778,0.004579712673497549,-0.002206982715437811,0.0085311333733675,,,,-0.09939753048040056
2017-03-23 13:30:00,0.0007305668797318008,-0.00031935608782918123,-0.13782033288214157,0.8222900072754672,0.0919858979583436,0.002766299430989605,0.00373206594501696,-0.0020874948558769185,0.008555909223529036,,,,-0.09866696360066876
2017-03-24 13:30:00,-0.00279425652873346,-0.0009869271422620063,-0.1429684583416656,0.8152414774299389,0.08803498443183867,-0.004662077518702734,0.0029359212171958804,-0.002051620357947917,0.00855112596447069,,,-0.0973885238956,-0.10146122012940222
2017-03-27 13:30:00,-0.0034332070591460203,-0.0010612365108289372,-0.17640867435721264,0.8403312209122538,0.08860072964507448,0.0027928668015564,0.003606174921185053,-0.0017427804469145967,0.00837347097532492,,,-0.13894097138057826,-0.10489442718854823
2017-03-28 13:30:00,0.0027978509081456543,0.008481365460924964,-0.18011602729661252,0.8638811633697073,0.09246118352057818,0.00925546453810592,-0.005733250472775916,-0.002322828822567567,0.007558621094098587,,,0.4314900077727437,-0.10209657628040257
2017-03-29 13:30:00,0.006806058770818258,0.012486899266475726,-0.2286168345890427,1.1021633919626486,0.1074646834747615,0.015197505369734965,-0.001239326617873182,-0.0015456344348817313,0.007662712325038052,,,0.8327638476314129,-0.09529051750958431
2017-03-30 13:30:00,0.001999781654892461,0.0054187776109613965,-0.23128171430465372,1.086525889957618,0.11565035541449768,0.013184147229897542,0.005703788165496622,-0.001059135213544099,0.00755754590924699,,,0.4006185138168583,-0.09329073585469184
2017-03-31 13:30:00,0.0017663896743423868,9.481507735405643e-05,-0.23502765543849202,1.1064631328048626,0.11674931432508516,-0.0038182062670340335,0.0035163982203320807,-0.0010665189906862893,0.007554559734723533,,,0.3600738921360938,-0.09152434618034946
2017-04-03 13:30:00,0.0516090396552372,0.04104187148666568,-0.10428372125115393,0.47089763803877405,0.1379847027394821,0.04877880012414678,0.012445177995942545,0.0017839718651321535,0.013912846775768112,,,4.135730202754201,-0.039915306525112264
2017-04-04 13:30:00,0.0027308806029440066,0.004902806814002718,-0.1660601548974351,0.536585519853796,0.11939057744365471,0.0017842626544009406,-0.0024059521390637677,0.002117379425313284,0.013848274852648522,,,0.280232590894938,-0.03718442592216826
2017-04-05 13:30:00,-0.009244396158103034,-0.010854619188769917,-0.17906482028004977,0.5570845362247571,0.12238297472824512,-0.016490461508119357,-0.007724660946100656,0.0020444417451690616,0.01390689589159348,,,-0.65308265972789,-0.04642882208027129
2017-04-06 13:30:00,-0.00068938928616416,0.0016797220988049588,-0.1824525611072797,0.5574037897682874,0.12579733845604682,0.004191961910988806,-0.006312430324611595,0.0029249995296327705,0.013084102488503023,,,0.0182190999534216,-0.04711821136643545
2017-04-07 13:30:00,-0.003981547590109193,-0.001997020322202059,-0.18025973529890957,0.5576511936369012,0.12988172623453875,0.0022650636455168183,0.0018257750444186094,0.002114035368311191,0.012978729770319922,,,-0.23512925114313066,-0.051099758956544644
2017-04-10 13:30:00,0.0033458894314844006,0.004604273680792821,-0.17049557693672446,0.5384917429934296,0.12196497355136371,0.0028530954345101405,-0.0029283565718551214,0.001607902366733582,0.01270716781639962,,,0.35977845444545675,-0.04775386952506024
2017-04-11 13:30:00,-0.0037203644679613852,-0.004653388967259568,-0.16691982534492666,0.5387125389238537,0.13563425124079237,-0.004264984582015556,-0.0047944664739079474,0.001837765360977776,0.012558888174153337,,,-0.2120489273444324,-0.05147423399302163
2017-04-12 13:30:00,-0.012931773003909493,-0.015573243147643042,-0.18916058683112041,0.5676307467508623,0.14681672259483658,-0.02295589300360986,-0.011342149986912816,0.0007435066442770394,0.012856181631565227,,,-0.9223877681031587,-0.06440600699693112
2017-04-13 13:30:00,-0.005518446101815896,-0.0061480594679853935,-0.19509662417023282,0.5775855405417066,0.14500847159103675,-0.002869641932451354,0.012123856228499947,0.000751407846295579,0.012852076257427309,,,-0.3246245857536825,-0.06992445309874702
2017-04-17 13:30:00,0.001550509012526337,0.006502942433532888,-0.1955662672602546,0.5803121364054075,0.1398332345182275,0.0020525160881778026,0.004339027303763676,0.0010187909747656522,0.012808017011345619,,,0.23366731951427216,-0.06837394408622069
2017-04-18 13:30:00,0.0021867145741874087,0.0019390023231345606,-0.19680541734860552,0.5807731139232303,0.14014819901771577,-0.0003726670420031535,0.011296936120132347,0.0011715125628492017,0.012802547752845657,,,0.2805344818829676,-0.06618722951203328
2017-04-19 13:30:00,-0.00925578230554756,-0.006877067195485494,-0.15749769960792231,0.4993608984611507,0.14877804019316052,4.204448251103176e-05,0.0078008415446085095,0.001063802239726683,0.0128846130316659,,,-0.6029594208950864,-0.07544301181758084
2017-04-20 13:30:00,-0.006541102794309563,-0.0019419297512523654,-0.1379164195914549,0.4529971576609807,0.14512373019660527,0.0019286825353569774,-0.0068090006831684384,0.0008706707934255078,0.012972310108634059,,,-0.3754183887956261,-0.0819841146118904
2017-04-21 13:30:00,-0.009473506121075462,-0.01020665149771908,-0.14607823597895558,0.45860303077901593,0.14755853163733898,-0.015257969542723107,-0.005216278932633248,0.0003604671433851448,0.013177157215141165,0.7766229747457254,0.5742144662362061,-0.6024244743314764,-0.09145762073296586
2017-04-24 13:30:00,0.016046009868948368,0.022257176836549226,-0.1611276402938042,0.5344119925349967,0.16639346359348883,0.01703755064758668,0.016356353115563122,0.001302480463269236,0.013606206324649393,1.1553788182008984,0.7357228560724157,1.410130174744387,-0.07541161086401749
2017-04-25 13:30:00,-3.094793187237866e-05,0.0045963061670536804,-0.15195774391063602,0.5087179248512929,0.162221539332031,0.0059424868050497555,-0.003909019028837409,0.0014725934196329184,0.013565088098044006,1.2011833171100428,0.6953112121440026,0.10278474131981574,-0.07544255879588986
2017-04-26 13:30:00,0.00677396805594505,0.007439877384441074,-0.14259770979449127,0.4965744130472944,0.16469776581252163,0.010520784904262337,0.010784033552761585,0.0016713992770228878,0.013614579022602807,1.2417586045332873,0.6960202438082658,0.6273236598058446,-0.06866859073994482
2017-04-27 13:30:00,-0.014083352591474942,-0.01121276777280463,-0.17790220376705385,0.4509440970770633,0.1920267505238673,-0.014689598770594578,-0.00026999984906957673,0.000626928708908228,0.01399587830353296,0.8103104966283102,0.8548228044730614,-1.1088151416461414,-0.08275194333141976
2017-04-28 13:30:00,-0.01781334409434887,-0.015983474799161585,-0.1072176160077138,0.4352415632085501,0.20159930976347207,-0.011170919435870192,-0.016721119274947866,-0.00036372757855383857,0.01458250306740793,0.4045569188652011,1.0966182787350085,-1.4430117184096825,-0.10056528742576863
2017-05-01 13:30:00,0.03052550072201587,0.06060579160194224,-0.6539753702009595,0.04602815922841996,0.16543336751992574,0.1061111488884593,0.026834690307558917,0.0010742279738298356,0.016138530586912152,0.9561335567610005,1.7146628193427678,2.724742992189574,-0.07003978670375276
2017-05-02 13:30:00,-0.005813931577441045,-0.005042869898526721,-0.6508211681419782,0.04090832816262712,0.16403791469600534,-0.006210747892802367,-1.7005147299260955e-05,-0.0017969205878040767,0.010948205547890364,-0.16599974163177883,-0.44628114844561995,-0.3548221732862799,-0.0758537182811938
2017-05-03 13:30:00,-0.006485087408576439,-0.003002455277498798,-0.6472418207357704,0.04804075900115569,0.16248633933725903,0.0004960009038934197,-0.00582524306807212,-0.002257718988380099,0.010941548314507346,-0.33213342336666174,-0.4312277821483647,-0.4129029324176445,-0.08233880568977024
2017-05-04 13:30:00,-0.0034486963416167594,-0.004489150704917215,-0.6586541889567669,0.05178011968493709,0.16522533399932823,-0.007999889050575953,0.013880945666737993,-0.001967933997555785,0.010822873860046616,-0.2071780920556651,-0.46164141598546726,-0.16634424953474947,-0.085787502031387
2017-05-05 13:30:00,0.011355116318126007,0.009446122355733869,-0.6374589090700846,0.04989122440128178,0.15804970965901646,0.004004134495666981,-0.0064002309648671565,-0.0013657087173412769,0.011225377406834875,0.04440361790793943,-0.2718211693164435,1.113704792906941,-0.074432385713261
2017-05-08 13:30:00,-0.0030692355477751673,-0.0016882645588161733,-0.6579292864752009,0.04093502843206226,0.16374713957529888,-0.0013017607319941356,-0.008819649945604876,-0.0013200931152245756,0.011216037942870476,0.07681314593237991,-0.2564917972781336,-0.11859093230692187,-0.07750162126103616
2017-05-09 13:30:00,-0.004900725248451518,0.000812893771936459,-0.6495636526303379,0.02214906967946112,0.1670626057663858,0.008161575105709659,0.009073764708810236,-0.0017324238492213717,0.011187022171496737,-0.07816675129593159,-0.2504749914248927,-0.27772586768399476,-0.08240234650948768
2017-05-10 13:30:00,-0.003450682099392657,-0.0035713346261729098,-0.6631898732906247,0.03349822836136322,0.16218218830807188,-0.005129794978663208,-0.016809519915394516,-0.0017189397307929351,0.01118466220304273,-0.059095163793327694,-0.23365062212915838,-0.14600471533330148,-0.08585302860888033
2017-05-11 13:30:00,0.002831603837642136,0.002886923987226194,-0.6664480676130878,0.0401285113029877,0.16073369799638634,0.0015253930707492445,0.004941992452467478,-0.0009307708887153536,0.010904833109107748,0.2666098436432093,-0.3366410611926425,0.38755539302937764,-0.0830214247712382
2017-05-12 13:30:00,-0.004643268607630074,-0.006965442118929466,-0.6780550602447806,0.04281753726774338,0.15277060324217573,-0.011821738248441016,-0.003582009958656762,-0.0008870120140060625,0.010887196479017988,0.28576148937400747,-0.32324762344158525,-0.27445121138211737,-0.08766469337886827
2017-05-15 13:30:00,0.005674289740296363,0.004059554469389363,-0.6766942736655073,0.057055302159925055,0.15149766812106377,-0.00019356559483392922,-0.003763428618070959,-0.0006808229776175612,0.010974489053838932,0.3655515345485395,-0.2623009676532837,0.6033926847611502,-0.08199040363857191
2017-05-16 13:30:00,-0.01730685274774822,-0.011871203817575301,-0.6635356282792694,0.005593637602983259,0.159766566895397,-0.0045562767940039075,-0.006891795362496697,-0.0016555013437143426,0.011556613339791062,-0.02789697075661531,0.02199840951655372,-1.3689167078860507,-0.09929725638632013
2017-05-17 13:30:00,-0.014614374568142484,-0.01977443458441201,-0.7113147494486459,0.14942812443113804,0.17501349926140555,-0.022295245794735668,-0.009912569451816882,-0.001923430956844089,0.011801613013793488,-0.14611269590196532,0.15128346219025082,-1.144633486495032,-0.1139116309544626
2017-05-18 13:30:00,-0.004244652363919606,-0.0050622517649152226,-0.6842720501839289,0.1209914068864112,0.16714650838379289,-0.008543988755274696,-0.0047649968260114655,-0.001808608435324591,0.011765437375753205,-0.11842110690601963,0.15995204468232607,-0.2869166729846934,-0.11815628331838221
2017-05-19 13:30:00,0.018155576153527534,0.01625522602410971,-0.768317960031348,0.16034220015976983,0.17160218390170004,0.012400281525044281,0.003913009213708889,-0.0004271543215944411,0.012421828233545663,0.4277766278237688,0.49583942309819845,1.6537995769855676,-0.10000070716485468
2017-05-22 13:30:00,0.0032440813406988973,-0.0014014257471150666,-0.7807562211212432,0.17602323861345237,0.17655306094028597,-0.010041914357322454,0.0008020807008381297,-0.0010672507480069145,0.011844725410044945,0.1438359668103692,0.24436597740211916,0.3371593337108708,-0.09675662582415578
2017-05-23 13:30:00,0.0029121750302453795,0.0017318914343474878,-0.7722727616778883,0.17179166273528826,0.17495468652724613,-0.0009333059842123737,-0.0006232089163241694,-0.0009200945999010267,0.011876517494413985,0.18792019148851485,0.2855581415758812,0.29116361777183486,-0.0938444507939104
2017-05-24 13:30:00,-0.0009362925586782487,-0.004759836830747692,-0.6909214729748873,-0.02371004964844422,0.19879091161001053,-0.01045595935850267,0.0005269779546783386,-0.0013056076306321915,0.011737952265580363,0.020627713653984327,0.2436854597226451,-0.025358404949104907,-0.09478074335258865
2017-05-25 13:30:00,-0.0014803973786978513,-0.007327851541253964,-0.7114730407472785,-0.06756590153048517,0.29752795603927734,-0.015445608523055581,0.010832448092181608,-0.000675459869993337,0.011347684682832286,0.2647385800440007,0.04092229362586376,-0.08513113543669405,-0.0962611407312865
2017-05-26 13:30:00,0.00432190993111874,0.004865325561215587,-0.6924239014370468,-0.0845986849561853,0.29316998324628135,0.004865325561215587,0.003211112323430336,0.0004313028312800435,0.010645970725959625,0.7123824350162875,-0.3181403648792606,0.418223885516857,-0.09193923080016776
2017-05-30 13:30:00,-0.0026351258730121074,-0.004301959214014106,-0.6920588270914348,-0.0863363679060693,0.2952387951327715,-0.007485215471445317,0.00905961135774791,-0.0012267284984713556,0.007954336922858966,-0.02466373239784415,-1.6420777749307385,-0.20035468772144466,-0.09457435667317987
2017-05-31 13:30:00,-0.0029833617157120932,-0.005785314874822663,-0.6988881358479105,-0.08812134438917003,0.295562206406027,-0.01082546906508471,-0.0015249960252947297,-0.001085200005384908,0.007893370848376133,0.009171748953277815,-1.6336980983814147,-0.2355779341829976,-0.09755771838889196
2017-06-01 04:00:00,0.021176771952561974,0.048467040163037343,-0.8040643063349543,-0.18665144032189773,0.027994557791690314,0.07555551392127388,0.04958378483125877,0.0002978929626720127,0.009210915869580723,0.6039655382768773,-0.9835155893415353,1.8462855552811135,-0.07638094643632999
2017-06-01 13:30:00,0.0050058567076573905,-0.026591829159545128,-0.8533864528598548,-0.11545962815989005,-0.07238401457521416,-0.0616891821512245,-0.03398186310056113,0.0007206206151357202,0.00922391762247908,0.7712627177014628,-0.9765784469479866,0.41536159165538133,-0.0713750897286726
2017-06-02 13:30:00,0.0034038477257066534,0.0033787271535284935,-0.8776653640785423,-0.08904206870073998,-0.07995406964607889,0.0022720889521442578,0.014919792483556349,0.0003230571855147525,0.008907355166194387,0.563655513847031,-1.1358879590033015,0.2488994018715254,-0.06797124200296595
2017-06-05 13:30:00,-0.006683473318945126,-0.002333433239397461,-0.9041237477423557,-0.086989130193925,-0.08717945937694711,0.0007986853186776979,-0.004176610078367856,0.00014234529695625453,0.009015802585828875,0.4492945727177523,-1.0783419704654134,-0.6309040921722096,-0.07465471532191108
2017-06-06 13:30:00,-2.2585912040612617e-05,0.0035556933241811897,-0.9126760182501811,-0.085658836604757,-0.09178301191503364,0.005773186620504448,-0.008252526031242232,0.00038625226377679984,0.008937838131033594,0.5519673770166595,-1.096797084668522,-0.01002751484903203,-0.07467730123395169
2017-06-07 13:30:00,0.0010875002554846316,-0.0008829175078549634,-0.9105306056148424,-0.09302058213767841,-0.09640642460552222,-0.004216691501601866,0.01321211372558373,0.0006131613815206643,0.008892794206425612,0.6573106063779967,-1.0992811989057794,0.07740242545671319,-0.07358980097846707
2017-06-08 13:30:00,-0.001685433995623451,0.00751555087925541,-1.0021839878737515,-0.06594576371842462,-0.10447746010599153,0.01582276396631092,0.010436667830351059,0.0003873094898573849,0.008890846444211006,0.503630384135788,-1.075745235214984,-0.16163521919710472,-0.07527523497409051
2017-06-09 13:30:00,0.007531095194519662,0.012319898615984481,-1.0174845682236233,-0.0992702566312877,-0.104841394049681,0.013250601517004634,-0.01173184442472519,0.0009960276799648718,0.00894489581268532,0.854299670209849,-1.029253285715826,0.6673424632404756,-0.06774413977957085
2017-06-12 13:30:00,6.990812312811581e-05,0.0038416955216554007,-1.0190069460163789,-0.09840768643980043,-0.10573799410236122,0.00570502546965094,-0.003234675273632933,0.0007158085991064593,0.008878161164989386,0.6559694558919162,-1.040828218020676,-0.025949502331696364,-0.06767423165644273
2017-06-13 13:30:00,0.013609621119807885,0.012257718711887374,-1.0419434185642682,-0.06350868897251019,-0.10268623468847692,0.009831020132402632,0.004782950126058191,0.0022616322924842646,0.008243836068093577,1.6489580402104744,-1.3043694903928729,1.1860730297787392,-0.05406461053663485
2017-06-14 13:30:00,0.0027838909771095775,0.00014344737023685994,-0.9605340518391696,-0.14406258247776266,-0.12391626041446524,-0.005257210349803199,0.018246886790722394,0.003131545569746867,0.00722420636183439,2.1608700627605204,-1.7152537232921243,0.18538803953993707,-0.05128071955952527
2017-06-15 13:30:00,-0.0020234982083535366,-0.005161498669263557,-0.967939157469509,-0.14632288044004108,-0.12469578614638588,-0.01090309281988892,0.002394858887757441,0.003242603277525171,0.007121182255915567,2.1264981272041728,-1.7246458962402111,-0.2554549622463416,-0.0533042177678788
2017-06-16 13:30:00,0.0074024066301977415,0.005731299064362834,-0.953287843259642,-0.16420222034610502,-0.12346444234611557,0.001145623974104855,-0.0108126859344501,0.002704944801358681,0.00629385317888568,1.7040593482844606,-2.0228466670442384,0.5950585177011036,-0.04590181113768106
2017-06-19 13:30:00,0.005880594313180628,0.009047171576414806,-0.9796735425677221,-0.12974413183682768,-0.12020910261818829,0.012373718322916819,0.015382230724316806,0.002836770449982768,0.006333227706608003,1.7217001936153598,-1.9421865671051932,0.44272177551004543,-0.04002121682450043
2017-06-20 13:30:00,-0.012537638872088131,-0.0103946506523942,-1.0087764181220027,-0.0932844540953655,-0.11469395390531896,-0.010951019423262043,0.002355651414181481,0.002064279754866093,0.007205690840039001,1.1813355804922032,-1.5469392091858578,-1.2086638202363646,-0.052558855696588566
2017-06-21 13:30:00,-0.016591122070109876,-0.011100750764575987,-0.941251706020362,-0.16832863365883033,-0.10932589737473679,-0.005170357133796247,0.0050431574240415635,0.0012815382792945112,0.008313858208320564,0.6474577834735528,-1.0947840881110573,-1.5144360792447633,-0.06914997776669844
2017-06-22 13:30:00,-0.00738607747370426,-0.0017634341330529102,-0.9171361863622647,-0.18873592512091678,-0.11299314727629627,0.0028969692880419506,-0.001138181854939524,0.0009862542745441905,0.008519451271082517,0.4286044049842214,-1.0214980722231062,-0.6793003479715782,-0.0765360552404027
2017-06-23 13:30:00,0.007302479388785087,0.01126428923469199,-0.9364443500697641,-0.17221122087469654,-0.10866045049692281,0.014635411235848625,0.004540326399557001,0.001135282747427508,0.008606496507585576,0.5068256207379755,-1.001122303214234,0.6071432910090204,-0.06923357585161762
2017-06-26 13:30:00,0.00928017920630766,0.005590940484167417,-0.9132053761242803,-0.19263351624384942,-0.11032860036643725,-0.0011741093264008295,0.007765372566265194,0.0017310480013934964,0.008743082959118992,0.8786488008426565,-0.9610309034710083,0.7662974465983536,-0.05995339664530996
2017-06-27 13:30:00,-0.013714070077930752,-0.002818014218922693,-0.9781401723081943,0.04724261803805403,-0.1336279533966653,0.00838196613149178,-0.0012613146725504176,0.0011945125832825633,0.009355429330991882,0.5253538983715386,-0.6694070866987311,-1.3979466779514105,-0.0736674667232407
2017-06-28 13:30:00,-0.001910875558011036,0.008634787088212414,-0.9727082391412419,0.03697532724874582,-0.13111555437858996,0.01826322750251641,0.0031779745736479903,4.0130207753912886e-05,0.008100220510334367,-0.23747755632654863,-1.1807910469631346,-0.1352205192202328,-0.07557834228125174
2017-06-29 13:30:00,-0.01727460917998227,-0.01057625345350018,-0.9690885201842825,0.08601967150941109,-0.12676376381766505,-0.002570178282520449,-0.012747063041707548,-0.00107389308662807,0.00887628026759685,-0.9695744913804224,-0.8115110529663565,-1.722549177146612,-0.09285295146123401
2017-06-30 13:30:00,0.015642533774127443,0.01789038819975423,-0.9754520999155799,0.09016015776201851,-0.11769997372711449,0.019427565185452005,0.013403192025373583,-0.00046195878420703053,0.00959407209739048,-0.5226500548232963,-0.47040920057391594,1.6455059326461243,-0.07721041768710657
2017-07-03 13:30:00,-0.014227344520892788,0.0035188900585819325,-0.9783754716499548,0.2115702310634109,-0.12594349924338308,0.03170388469310389,0.010273904153237664,-0.0008391523443044138,0.009991605082917887,-0.7617707817521103,-0.27250045478382257,-1.3608623078039053,-0.09143776220799936
2017-07-05 13:30:00,-0.010791922367481142,-0.004100013307592243,-0.9522155828544591,0.18259635918868627,-0.12707953113416495,0.0007335942129488293,0.016150715878986754,-0.0013776191670764402,0.010232567179401271,-1.1079672444552295,-0.14612537284944663,-0.9853507428522685,-0.1022296845754805
2017-07-06 13:30:00,-0.0037995764987066114,-0.004797114653199393,-0.9543090055099798,0.18553726078702343,-0.1277284742115538,-0.004408540006357893,0.00630884347451414,-0.0016219730047860024,0.010228952917877463,-1.2393344898324656,-0.13101597235179216,-0.2881301943026726,-0.10602926107418711
2017-07-07 13:30:00,0.004065425352577234,0.005780937147321456,-0.9360852552952279,0.17782153437377377,-0.13762274379191317,0.00500348575573865,0.007340793348650047,-0.001334430037375968,0.010307603049110894,-1.0031492269096338,-0.07623170428976397,0.47266069326365984,-0.10196383572160989
2017-07-10 13:30:00,0.004727163558434397,0.007391923059083094,-0.9414014320488121,0.1805095236882417,-0.13676793124931239,0.008168770489550115,0.004111203490835269,-0.0014746266191802315,0.010199172333280578,-1.0673532114141022,-0.10708952598444978,0.5219937215944347,-0.09723667216317548
2017-07-11 13:30:00,-0.0008150932798567844,0.0008130873970782678,-0.9433595249028879,0.17266297228153138,-0.13598323466953657,0.0013958808554700073,-0.004637188798409723,-0.0015188766893294763,0.0101940370719886,-1.0625048427377797,-0.09006492299388061,-0.03228968439470473,-0.09805176544303226
2017-07-12 13:30:00,0.005491476731935937,0.00019385173091161315,-0.9427184780354142,0.18075959007376913,-0.13665556140567003,-0.008363002093168278,-0.0025936439862602376,-0.0019247839087230736,0.009710081143330905,-1.2974573400208664,-0.2977833275976218,0.5961493286060263,-0.09256028871109633
2017-07-13 13:30:00,-0.00714834492155981,-0.002653312450654921,-0.9628181783044857,0.19240260391301064,-0.14247633254774325,0.0008175591803755156,-0.006668627518738868,-0.0024213957036565434,0.00971057303682937,-1.573513485365058,-0.27563504458838545,-0.679767105523723,-0.09970863363265614
2017-07-14 13:30:00,0.0047135452128023074,0.0027844349277774314,-0.9785898031404792,0.21339523019371803,-0.14208081894839122,-0.001859120762869574,-0.003214708199169617,-0.002084543532598751,0.009841076687805254,-1.2972204013576747,-0.18994148060543292,0.4975512552730541,-0.09499508841985384
2017-07-17 13:30:00,-0.0036742216821274657,-0.007089877970362868,-0.9735071698697155,0.21026843368669787,-0.1433188722845459,-0.011712750486962853,-0.005866590118244752,-0.0026383749482150115,0.00958748989052991,-1.6005432629686835,-0.2902000204239264,-0.36097692049650293,-0.09866931010198131
2017-07-18 13:30:00,-0.0043995172922846335,-0.005555434118420817,-0.9693172377058968,0.16972589046724976,-0.16214988711045866,-0.008431288525926412,-0.0008095483575155287,-0.0031523805284882746,0.009380057333366698,-1.8485678813924127,-0.3677586186553892,-0.40907447412167885,-0.10306882739426594
2017-07-19 13:30:00,0.004602220392403136,0.0020898032622850282,-0.96509937957988,0.16935381125555787,-0.16360361842745144,-0.002115589070567858,-0.012523381663318012,-0.002295387565263711,0.00925966368166546,-1.2539741869304115,-0.40327114077060927,0.5166766235767469,-0.0984666070018628
2017-07-20 13:30:00,0.0016283210584860054,-0.004581235565582061,-0.959797521136495,0.1673534129307146,-0.16473988309145274,-0.011815367489018864,-0.0015490225178290311,-0.001384415408833917,0.00865574381062645,-0.6444345969261046,-0.6965896477894038,0.21833751994714043,-0.09683828594337679
2017-07-21 13:30:00,0.010410630101294751,0.004490776906200959,-0.9349995143620602,0.16031826859068413,-0.16927759795118172,-0.002691111272239051,0.01437505922538233,-0.0004945800300839665,0.008917112845264273,-0.05591325621515556,-0.53059160743566,1.0976812110431224,-0.08642765584208204
2017-07-24 13:30:00,-0.0024374310757182827,0.008568478451093356,-0.9602599805124509,0.17795414949507157,-0.18075958961710595,0.017950977463214314,0.01041162583600889,-0.000981575553309135,0.008732939368366324,-0.3655506375301683,-0.6164399159459306,-0.2843600285249517,-0.08886508691780032
2017-07-25 13:30:00,0.004095225669852822,0.008636470748137596,-0.7175262492110663,0.15193891977072727,-0.1902927423665084,0.014319346712850881,-0.003980967348760597,-0.001240823230131877,0.008485735656394535,-0.5119293649906651,-0.7914419414084206,0.5181955511841726,-0.0847698612479475
2017-07-26 13:30:00,-0.0018303460795678229,-0.007295215871506167,-0.7219966719016512,0.15413795167929575,-0.18514582052044556,-0.01682071216163472,-0.00835876492331089,-0.0006466370302137304,0.007966545141812947,-0.13702393908501556,-1.111171077919611,-0.19781292913248358,-0.08660020732751532
2017-07-27 13:30:00,0.001415869239780981,-0.00027213100341346347,-0.7242202034011387,0.15106545908052527,-0.1852326840911596,-0.0027252253394358292,-0.010442066307162897,-0.0004802997903241295,0.007973486525074817,-0.047687077080616355,-1.0698369671312253,0.17611942818391968,-0.08518433808773433
2017-07-28 13:30:00,-0.007522066908189016,-0.005606416257058748,-0.7173481247982918,0.14922546961694538,-0.18558560765173696,-0.004100587147417604,-0.00440460291230275,7.327323265533077e-06,0.007147820102638478,0.2574261010203485,-1.5701644177663017,-0.8866834782467651,-0.09270640499592335
2017-07-31 13:30:00,0.0030021725965023115,0.0007238696700544445,-0.727622528466286,0.14654944009423604,-0.18576152487308276,-0.0026698802160460833,-0.0015327988796920433,-0.0006246907356157234,0.006186810219237997,-0.17617687485464809,-2.10383071516073,0.39582789953498465,-0.08970423239942103
2017-08-01 13:30:00,-0.05808831267655803,-0.05134730756921365,-0.3476160306281879,0.12261853518699699,-0.05236356383485582,-0.02496909442679226,-0.10915289998200103,-0.0028177391433989855,0.014045231862357578,-1.6070927240881807,2.8445372133482207,-5.123810797628948,-0.14779254507597905
2017-08-02 13:30:00,-0.0005764609561329525,-0.0019443609691974784,-0.35381869622981543,0.12626194950152547,-0.0528220853945767,-0.006241995568134651,0.001809044275382643,-0.002306966072831576,0.013925214106847694,-1.2542013306789674,2.6034673157660517,0.04712533384327566,-0.148369006032112
2017-08-03 13:30:00,0.007505694724597703,0.00535212727847989,-0.3365013487847993,0.11490877091300887,-0.06641131762221432,0.0003289821706821128,0.019366399127220713,-0.0017417025116663602,0.014089918267066744,-0.8823813431681923,2.54050567425952,0.755493032966036,-0.1408633113075143
2017-08-04 13:30:00,0.01936414190626159,0.021524045882272008,-0.3715559801026384,0.13676567362523695,-0.049967463455679574,0.025966643330031552,0.018314612065557217,-0.0009767666839821424,0.014818234742570257,-0.3793598738821492,2.730407862628819,1.748265015153043,-0.12149916940125272
2017-08-07 13:30:00,0.002744831333308699,0.0028700291963493405,-0.3646352845039664,0.13762262380340953,-0.0450284638301792,-0.00029089239894345776,0.01048751759746632,-0.0010758832952384274,0.014784665822846777,-0.44203077416219266,2.5360392468805366,0.2852520280923934,-0.11875433806794401
2017-08-08 13:30:00,0.0024765065301212384,0.0011206879170499635,-0.3649913737287197,0.13529789549622157,-0.046449908753135004,-0.0029570547520699026,0.0034232613779730707,-0.0009113033047395261,0.014806026967964169,-0.3312943551923362,2.396075956369564,0.26696555445263925,-0.11627783153782277
2017-08-09 13:30:00,-0.0028488291522612607,-0.00036472343988895134,-0.40776146462433893,0.16458643309663049,-0.04779254808533721,0.004804453092380275,-0.001288084871126786,-0.0013283185989493862,0.014733475375279229,-0.6099209200912125,2.247369716762621,-0.22468047276232164,-0.11912666069008403
2017-08-10 13:30:00,-0.013551245370615734,-0.01724505589670981,-0.39226451709100113,0.14360211874788553,-0.0496760300603493,-0.02039999647863115,-0.006637827858535433,-0.001648463621402182,0.014934784568084569,-0.8257335097651606,2.2298066390928017,-1.1834446191059076,-0.13267790606069976
2017-08-11 13:30:00,-0.0014445370995285613,0.002672539454460813,-0.38934941568018183,0.14731452903523298,-0.049130647798535744,0.008591962544507817,0.009198556413785012,-0.0019563677370187257,0.014860010523723691,-1.0254612667330572,2.103085098346251,-0.10544760246619843,-0.1341224431602283
2017-08-14 13:30:00,0.007800464776554454,0.00804980073229622,-0.39984339802813584,0.1558321083157462,-0.05935309152219117,0.0022813982996134907,0.01102124173213248,-0.0013826334140846295,0.01501094281479758,-0.6350955277136172,2.0871912206056313,0.7514599281060407,-0.12632197838367384
2017-08-15 13:30:00,0.0005505072215061888,-0.0010023308146424788,-0.3992068476952776,0.15539093701498366,-0.059657782713835705,-0.006553010836848079,0.002762429944447568,-0.0011351321883950887,0.014999385929257607,-0.4718399989166972,1.9993401843024883,0.09439958801483066,-0.12577147116216766
2017-08-16 13:30:00,-0.0045582473752524165,-0.005485849805237549,-0.4054392656911272,0.15676652026633758,-0.06656392373346706,-0.00953358120965871,0.0041188060118667975,-0.001593155576777866,0.014954764742032799,-0.7617159533603889,1.908052599675129,-0.3604958422100992,-0.1303297185374201
2017-08-17 13:30:00,-0.017743784905030948,-0.01882987684479435,-0.41519341392969433,0.20894271749006169,-0.053954136094273346,-0.01168311609481491,-0.0046805317402010375,-0.002561760874953714,0.01535707581268646,-1.3622290653671307,1.9779891835716024,-1.5078277668475153,-0.14807350344245104
2017-08-18 13:30:00,0.009767260152997202,0.007829823091783372,-0.38747820195447175,0.203323742958054,-0.056314453220793516,0.0019236039360442936,0.0028307001467103854,-0.0025939293723685913,0.015329120736342376,-1.3413130734102596,1.885743142441969,0.9294484033797185,-0.13830624328945385
2017-08-21 13:30:00,0.0006873736553579961,-0.0005464387429364356,-0.38558097064788,0.20111035352740414,-0.057629539934580955,-0.00421615158697793,0.004588363954175871,-0.0024376891358147772,0.015346714282406236,-1.2001760473457133,1.8106803729411518,0.12883188238058518,-0.13761886963409584
2017-08-22 13:30:00,0.006015027026860761,0.009069800507556089,-0.3912607859701918,0.216441794151805,-0.054359805728184156,0.006876115850997863,0.0024570193674421006,-0.0023416990679643807,0.015395652665361408,-1.1178338388726476,1.7463934741428173,0.5881748963551668,-0.13160384260723507
2017-08-23 13:30:00,5.19712814711444e-05,-0.0012785864278506514,-0.38394125799126616,0.2133227591304785,-0.05549765199398812,-0.004562141622023434,-0.0056046778741314736,-0.002247583199912432,0.015404693951054056,-1.0384131493956905,1.6749343412217463,0.054874628542929446,-0.13155187132576393
2017-08-24 13:30:00,-0.003394696379878705,-0.004081776172616514,-0.12477471007021845,0.23383663705960314,0.03170440382388881,-0.003354505787491746,-0.004720363828247254,-0.0024881114808954163,0.015382021677026741,-1.1478212134668566,1.598456400268176,-0.2217061440631494,-0.13494656770564264
2017-08-25 13:30:00,0.003260058704114024,0.0041091647549188854,0.21777556371461776,0.24528115586369134,0.31222633292456053,0.0008340661396259259,-0.00035488781807598447,-0.0019490052002802641,0.01538525142735178,-0.7910526132462524,1.5358867120634614,0.391481779202554,-0.13168650900152862
2017-08-28 13:30:00,-0.0001539433666986191,0.001658675626609707,0.21740806999926077,0.24586962709748128,0.3112171373403475,-0.0001550675760981779,0.006102888997471467,-0.002106810998440311,0.015347935400646837,-0.8599937243033552,1.4650774314560764,0.0836865080800956,-0.13184045236822722
2017-08-29 13:30:00,0.0017319126030499502,0.0029749411407949213,0.21209293394510492,0.2489887357711006,0.3221318733864446,0.005147822341139788,0.0042505884333197495,0.0008842002655400879,0.007872362052116683,0.951540780689881,-0.9300754890366385,0.24455850355567166,-0.13010853976517728
2017-08-30 13:30:00,-0.005605039237327058,-0.0029477602701665218,0.22886485441341686,0.23566877289906799,0.31560755427292414,-4.537816291316776e-05,-0.0034264043902322294,0.0006327713514803825,0.00800072355102007,0.7950860637755202,-0.8806657297335896,-0.42178552048551515,-0.13571357900250433
2017-08-31 13:30:00,0.011416382871954353,0.015041191710040813,0.21961127642747458,0.2587958366915792,0.3421246964542381,0.014859149707048491,0.010254097145457441,0.000828305758848215,0.008222256372027401,0.9096019905678276,-0.8043641515399,1.1154915126421017,-0.12429719613054997
2017-09-01 04:00:00,0.05252876551893194,0.06264632389494877,-0.3590585781734655,0.40603929128550453,0.44542835728106295,0.09021380895401836,-0.039177061492883095,0.002486536939481732,0.013686086292003843,1.8410812889312973,0.9056063166966857,4.044965344192793,-0.07176843061161803
2017-09-01 13:30:00,-0.038095926444456085,-0.055817639851582314,-0.747181361956506,0.5976946802286058,0.5106707228706552,-0.08098618866600585,0.027803836810741576,0.0004444990505934932,0.016419406754737714,0.6476127593964673,1.694378394894031,-2.7028592021595426,-0.10986435705607411
2017-09-05 13:30:00,0.0008697580653140302,-0.006368991833435163,-0.7461464706642773,0.6005541058010095,0.5131679133572122,-0.008924005383770767,-0.011873690937869903,0.00036416162735313266,0.016412870678339908,0.6050941437103828,1.621325777669715,0.11263518995783188,-0.10899459899076008
2017-09-06 13:30:00,-0.005532797579187656,-0.0005957286482695853,-0.7382412351971538,0.5834148887105808,0.5103561901933739,0.003954674481523461,-0.016863701854166597,0.00022996320600681292,0.0164514513645168,0.5587592122471158,1.5674761130818915,-0.32979199754449157,-0.11452739656994775
2017-09-07 13:30:00,0.0056528033455374655,0.0012667814350432922,-0.7408129928110951,0.5906854688188345,0.5294931166743105,-0.006229807974883743,-0.000580079572298368,0.0011901656418144729,0.016162660833203245,1.2036845296877912,1.4286128548440624,0.48129303977773535,-0.10887459322441027
2017-09-08 13:30:00,0.013907901884630754,0.005644307191450704,-0.713455615887535,0.5650408755042957,0.5268591066679075,0.0009255372293051067,0.016244761138402786,0.0019577875910224384,0.016393860831746175,1.7511421626443981,1.4451080370482743,1.0526552905760727,-0.09496669133977952
2017-09-11 13:30:00,0.006663581898954923,0.007189765690800949,-0.7243982682889065,0.5873516097792744,0.5248107601493861,-0.0013000907626855946,-0.0022820657871508816,0.001900943447142462,0.016374495226744567,1.7539156310921489,1.3952137448138544,0.5315788551081312,-0.08830310944082459
2017-09-12 13:30:00,-0.004349078096500453,0.008807150436638081,-0.711030907239018,0.5888755156951007,0.5241577147263329,0.025464897631990037,0.0026541037611312133,0.00165596418124213,0.016432311845496105,1.6491711854468676,1.3704316360057085,-0.2507621134559186,-0.09265218753732504
2017-09-13 13:30:00,-0.004939948050150054,-0.0008002977677802706,-0.6993581674296074,0.5773280780646632,0.524093064572734,0.004117903513068473,-0.013336546216259496,0.0016368791474972479,0.016440128900906653,1.6556244721092104,1.3287376143921616,-0.3042081956860808,-0.09759213558747509
2017-09-14 13:30:00,0.015429013896396497,0.0065097699714304165,-0.704249310076753,0.5990149136025317,0.5243124631295347,-0.001910764092691049,0.00167827763461396,0.0032955190875686205,0.016050692787292677,2.640863293418587,1.1717694881447893,1.1364263784909687,-0.08216312169107859
2017-09-15 13:30:00,0.002123215575643791,0.0038490375869597213,-0.710069392054864,0.6024489397148343,0.5194273789584463,0.0024408754090070226,0.0014891697032774673,0.0029133168587009498,0.01597932765254438,2.286617945469195,1.1125392320912895,0.1587966642013806,-0.0800399061154348
2017-09-18 13:30:00,0.0015660621710889928,0.00859513628252162,-0.7069166874306653,0.5971870914734029,0.5169986252878918,0.01882341588864367,0.004342426104640529,0.0029572512844874997,0.015974092511401444,2.2216086774206207,1.0746226469547362,0.12549519108275803,-0.0784738439443458
2017-09-19 13:30:00,-0.004639724311745091,-0.001816876392862506,-0.7335514879262655,0.6139995209266137,0.5178411755351998,0.00021275404275226495,-0.0059003055054424785,0.002424513717557207,0.01604426255724121,1.8675840350087582,1.0598196265010482,-0.31136388821257777,-0.08311356825609088
2017-09-20 13:30:00,0.007336388409818529,0.01135402707307239,-0.7449939040166452,0.6138013281754134,0.5188845560236094,0.018750558381841663,0.004575546331272292,0.0027887345739745764,0.016070229549738718,2.0190337618533936,1.0324907017016447,0.5426812506850741,-0.07577717984627236
2017-09-21 13:30:00,0.0041349136900584935,0.0009568349041424081,-0.774204122338631,0.6407261347573003,0.5178930169004937,0.0011434909870818486,0.0006577148568840027,0.0031652150774714367,0.016005814578830012,2.124774251624822,0.9812653207739335,0.2993936903635489,-0.07164226615621386
2017-09-22 13:30:00,-0.005746903397907228,0.0005269195094701103,-0.7640691401094373,0.6184335500457131,0.5145002569514617,0.00872513118816239,-0.004558003448480489,0.0027148669723703737,0.016129241993472872,1.7849020763441588,0.9854424332564059,-0.44733903518688933,-0.07738916955412109
2017-09-25 13:30:00,0.011650484686792115,-0.00045776955358019694,-0.7154973662256363,0.5765329771667574,0.5124112019507786,-0.009663219681258791,-0.01489247023709924,0.0033050883750449104,0.01623437623571045,2.0016639992269076,0.9839027064601822,0.8580411492845302,-0.06573868486732898
2017-09-26 13:30:00,0.001964987920861475,0.005402159468980594,-0.6627955427206399,0.7351100823094115,0.5580023731573757,0.007263684657489167,0.005842490524127442,0.0033167421409354865,0.016233271121051822,1.9088561612895965,0.9513750576342085,0.11374539053947225,-0.0637736969464675
2017-09-27 13:30:00,-0.010678936537839457,0.005088045446830576,-0.6465811367283042,0.7464061771161524,0.5601603294286613,0.01851562992315466,0.0008320117476777371,0.0030630472759098663,0.01641862926442355,1.7004362748220736,0.9745018077694039,-0.8427932832252164,-0.07445263348430696
2017-09-28 13:30:00,-0.003639048175771139,-0.005964054923482657,-0.650519090468974,0.7524037643249687,0.5636098947169553,-0.009555596851262099,-0.00684096799597748,0.002310275723523592,0.016360515561286378,1.2766277337125584,0.9256458426698565,-0.3105055100436761,-0.0780916816600781
2017-09-29 13:30:00,-0.0036944019915387113,0.0024488216726050727,-0.649178078615418,0.7511252651485756,0.5628504063717634,0.0032021352638182954,0.002594778675701792,-0.0005008826519999404,0.011336411128180344,-0.12478881577820089,-0.5975826662703637,-0.30485998348013504,-0.08178608365161681
2017-10-02 13:30:00,1.888799421293809e-05,-0.008742450408930366,-0.648385690390548,0.7473270730561367,0.5525362817657504,0.027179144288895486,-0.0168415726953108,0.0014048580699335107,0.007093421777878553,0.7968820621189413,-1.82656495989893,-0.0180890122693457,-0.08176719565740387
2017-10-03 13:30:00,-0.00336943978119804,0.00023687019947427057,-0.646395167620091,0.7460084482389635,0.5524975902772608,0.003059492689381882,0.0012594197994559853,0.0011928981776079073,0.007173140932439109,0.6692176855321689,-1.7525427864488121,-0.2712271561263237,-0.08513663543860191
2017-10-04 13:30:00,0.00528472897354636,4.2432178038639044e-05,-0.631142706732907,0.7495431488703582,0.5537397978239144,-0.00995944352315751,0.0007732842765641642,0.001733774505244608,0.00704602246029889,0.9067651884538552,-1.7449060714458173,0.38387042523323045,-0.07985190646505555
2017-10-05 13:30:00,-0.0028730365318894663,0.0054664516460334696,-0.6344090003052025,0.7485909236530961,0.5736127123311238,0.006400457686433418,0.0009304014293179215,0.0013074825113732614,0.00705434409390759,0.6698122132804265,-1.7005140086581954,-0.23934617190344196,-0.08272494299694502
2017-10-06 13:30:00,-0.00739794224784783,-0.005611781151166451,-0.6326012386572681,0.7461368038461756,0.5712996776278281,-0.004863257838596202,0.0028368863948263767,0.00024219030474933223,0.006648421037146823,0.1194235275705606,-1.763416244364899,-0.5661712799406735,-0.09012288524479285
2017-10-09 13:30:00,0.0019330209957437823,0.000673878410089738,-0.6263319763077153,0.7441203211000503,0.5695481878155191,-0.0006361961260732037,-0.0013827756999318006,5.6622595887752e-06,0.006490212353807837,-0.022339659414263184,-1.7581898589827427,0.13318055655395364,-0.08818986424904907
2017-10-10 13:30:00,0.003865796185674848,-0.0009148811287206978,-0.6166749895700365,0.754896496176134,0.5773062827438359,-0.01063506922396403,-0.0017942988317478279,0.0004164059736975402,0.006459985880454052,0.1612080173013468,-1.7221155338598633,0.26924797648459525,-0.08432406806337422
2017-10-11 13:30:00,0.006885362236649979,0.007322981895403036,-0.6114566802900594,0.7584863271090141,0.5801872626124936,0.003065931865209981,0.0049793359380265745,0.001007671488037542,0.006485051241415448,0.4476104960046864,-1.6754731534787584,0.49456970385553334,-0.07743870582672424
2017-10-12 13:30:00,0.005424236493587453,0.0018559959423436838,-0.6008707546822997,0.7534836696204756,0.5938470896528294,-0.0033055575433320232,0.005509088260159538,0.0005074326178970897,0.00564562268029528,0.16646584620158347,-1.8447102044170527,0.37876317031789397,-0.0720144693331368
2017-10-13 13:30:00,-0.011626559105561696,-0.0040687609958913,-0.5938587944083047,0.7393842747333168,0.597736352018197,0.00289979282932525,-0.0034817121273702884,-0.00018005611616318467,0.0062439791585100525,-0.2032226072153852,-1.6549611830242699,-0.8808323924523054,-0.08364102843869849
2017-10-16 13:30:00,0.003186332804529452,0.007712444394655312,-0.598599418518529,0.7451114326248964,0.5996155420794156,0.009928702593975897,0.005510871766440347,-9.904258449116173e-05,0.006278244057026809,-0.1683629127539505,-1.613708064052497,0.2298249011668429,-0.08045469563416903
2017-10-17 13:30:00,-0.005795016948988445,-0.007964820087798788,-0.5997523627804215,0.7461792106942745,0.6006077286391823,-0.013887597356849671,-0.008550519505403345,-0.00015680721635332942,0.006327343413235029,-0.21000059462482507,-1.5737315424246137,-0.4349816911790507,-0.08624971258315747
2017-10-18 13:30:00,-0.006885158293401925,-0.0063077599767508525,-0.5895280586856481,0.7465320201414767,0.598075108251667,-0.004467535690059569,0.0007170033514753609,-0.0008678845515143523,0.006239434550559139,-0.5900842208733161,-1.5727262422308923,-0.5097444330165942,-0.0931348708765594
2017-10-19 13:30:00,0.008757772515528384,0.00048095701075997105,-0.5713123269082402,0.739768571636129,0.5971594426916856,-0.010026196887743569,0.0035759416704046107,-0.0006367416102408577,0.006514102390982706,-0.4641349334740451,-1.4883466219542691,0.6554274315987451,-0.08437709836103102
2017-10-20 13:30:00,0.007650095215447951,0.009939357902871704,-0.5727660058759224,0.7451146556914369,0.5997332673119841,0.009209633989539556,0.008017583312627252,3.3108320426901384e-05,0.006648391185412256,-0.10445903467793391,-1.4498842334860458,0.5535087958822728,-0.07672700314558308
2017-10-23 13:30:00,0.010566625176124316,0.0062493617608426755,-0.5706439203469904,0.7347414211929998,0.5917918127850833,0.005702628118999686,0.011413677761072272,-2.1084655106488533e-05,0.0065524354968636515,-0.13921160268926006,-1.4777323586050064,0.7591669191994646,-0.06616037796945876
2017-10-24 13:30:00,0.007877240736363303,0.009940341027540933,-0.8386625123472431,0.6100991552341196,0.5148127972474842,0.00902909771798277,0.00801196822036343,0.00027452798566860283,0.006776294325442349,-0.008041004994584312,-1.3730985587039128,0.5796226702614752,-0.05828313723309545
2017-10-25 13:30:00,0.0023719932687427062,0.005596557939229678,-0.8389455127348534,0.6094742399051878,0.480556436886983,0.009965245595111399,0.012554446355587705,0.000927074475997711,0.006275892756876805,0.32746173432136566,-1.4365154357715062,0.07545410381712672,-0.05591114396435275
2017-10-26 13:30:00,0.009354305453531619,0.00908674653081006,-0.8517801244662953,0.6158273393123678,0.5549518569727251,0.008903754656824544,0.006999821561910332,0.0015767421574628487,0.0064484888151021815,0.6660578454063507,-1.3468243749682236,0.7053714556850496,-0.046556838510821125
2017-10-27 13:30:00,-0.01203311296284308,-0.0006374048250409325,-0.8233345815025618,0.5198215348163088,0.5410679966564099,-0.006852023191548429,-0.002422554425600354,0.0011598066088976304,0.007048865689615291,0.4118226139227458,-1.168654139664802,-1.198053876770559,-0.058589951473664206
2017-10-30 13:30:00,-0.03177076597422126,-0.02996135314318371,-0.8207660604063614,0.5050100538764032,0.4929642717994791,-0.030142816609086687,-0.0351588091170667,-0.0004296760895240793,0.010199678666480175,-0.4981762366947718,-0.43515519530830865,-2.7538240538659586,-0.09036071744788546
2017-10-31 13:30:00,0.014021770283634317,0.016049948979634483,-0.825708487449134,0.5177864118824802,0.47772422774277024,0.014960179901765864,0.012799640595623513,0.00043988441371753845,0.010666511380131442,-0.01565732408373272,-0.31385754940227806,1.1283885191316207,-0.07633894716425114
2017-11-01 13:30:00,-0.008329154356594976,0.006749256577971541,-0.7788278162641358,0.5329369225394416,0.4625561474816557,0.03837435927776378,0.012827249665020912,-0.0002408097527895283,0.010774901310103674,-0.4190780462118912,-0.2747615323411783,-0.7491293320402558,-0.08466810152084613
2017-11-02 13:30:00,-0.011790702749535972,-0.014828059706744204,-0.779748538486971,0.5204094668305312,0.4638197506873934,-0.018476977731671486,-0.011915711070594229,-0.0006866930636718535,0.01107003218387424,-0.6919234649936751,-0.19315355436571002,-1.0457831866020384,-0.0964588042703821
2017-11-03 13:30:00,-0.014347249877716326,-0.011662986985401877,-0.7924900883916863,0.5095710279155826,0.4593957985558245,-0.015298730114699585,-0.014583842170165581,-0.0010341584451652784,0.011396033339255707,-0.9129896854299767,-0.10539019423937183,-1.2274156431405556,-0.11080605414809842
2017-11-06 14:30:00,0.0038580770273497853,0.009225539016258258,-0.7972018107328938,0.5006772523837523,0.45621884929836326,0.01302923092531009,-0.013633939760410682,-0.0009379056435849783,0.011430491225726648,-0.8644946631592165,-0.08405745018863942,0.2952108173589175,-0.10694797712074863
2017-11-07 14:30:00,0.0021610375908754616,-0.0064448275112879054,-0.7943604857671023,0.4992938677290518,0.45577670698671496,-0.01844463245932511,-0.005163575444910602,-0.0010231435733249476,0.011399097497469542,-0.9169747106411491,-0.07779477301719774,0.15122588197520387,-0.10478693952987317
2017-11-08 14:30:00,-0.0005554437573171004,0.0015754485855803784,-0.791049753568617,0.4985707032534397,0.48093458541819717,0.0008569178280335803,0.006421515639157642,-0.0013951838730233014,0.011247818620465703,-1.1418606640097388,-0.09910373177549679,-0.08125737635738475,-0.10534238328719027
2017-11-09 14:30:00,-0.020070468786783237,-0.022871410533730246,-0.8001820154008824,0.4604144105340322,0.486667704288513,-0.024128454977974372,-0.025878910557039874,-0.002669919137041836,0.011862186323878785,-1.8932857893279713,0.05861460775114024,-1.7005783193519453,-0.1254128520739735
2017-11-10 14:30:00,0.004719622606806314,0.009001294052551309,-0.8234645157248689,0.4737522074055219,0.4925168196347678,0.013663566782403066,0.014284679049080337,-0.0018526100514234356,0.011775402257282854,-1.4341783985813996,0.052473158882072456,0.3696099904693231,-0.12069322946716719
2017-11-13 14:30:00,0.022058759176170808,0.01436011208312804,-0.7660488500404397,0.4514618844985635,0.4907581552949649,0.0024704620772921793,0.020102155326448323,-0.0009089887328413678,0.012902664101630842,-0.902703872846762,0.33128741778163795,1.7405262003950734,-0.09863447029099638
2017-11-14 14:30:00,0.000987725813143837,-0.009250404059786351,-0.7597983389976393,0.43744700776805,0.47652784501706485,-0.021712626472759254,0.0069207745278832365,-0.0005698515947347535,0.012856536432659776,-0.7300697750516435,0.33252916673810784,0.03434572270173,-0.09764674447785254
2017-11-15 14:30:00,-0.013558008261780559,-0.008672905883954604,-0.7451656312317221,0.4468807382284882,0.479910769110176,-5.6832909891299174e-05,0.0026269943441289776,-0.0009034940931536853,0.013113076680242204,-0.9724185369167522,0.4058187388772107,-1.119393866665563,-0.1112047527396331
2017-11-16 14:30:00,-0.003073597284094347,0.005391403490779416,-0.7384762982550035,0.43233245489163213,0.47164711311127344,0.008583900988038778,0.009399394578600433,-0.0014950625831348218,0.0129197381231095,-1.3864611270813547,0.37152149840548676,-0.27535526755056733,-0.11427835002372744
2017-11-17 14:30:00,-0.0039890103872003944,-0.00013218004943630715,-0.7420206895138671,0.4413507174830436,0.4687192194673484,0.00680731944010123,-0.005050347621332644,-0.0020770178632672394,0.012747105875353153,-1.7597939911494669,0.3426899677915781,-0.3391915170735525,-0.11826736041092784
2017-11-20 14:30:00,-0.0016112223588336085,0.0006491514522064534,-0.7417455061800163,0.4408496700607937,0.46402223542864224,0.003695081854492299,0.003021910887731738,-0.002685910240015135,0.012397422723179534,-2.1226847771032133,0.27118023614702963,-0.1457577204764655,-0.11987858276976145
2017-11-21 14:30:00,0.0027326456516347133,0.005996713404110417,-0.7430855435054963,0.4483075898133941,0.4650919984093906,0.003300826279331999,0.003766914635473813,-0.0029431399942515648,0.012218801215725392,-2.1554960479099945,0.21044296457386025,0.2025490264155744,-0.11714593711812674
2017-11-22 14:30:00,0.004153146748991648,0.005379469851232129,-0.760568544831962,0.48460475646170553,0.4572624875869053,0.005379469851232129,0.001374859955175907,-0.0028540823202391177,0.01226597986386001,-1.992993784054412,0.20567796488568027,0.30412202129077226,-0.1129927903691351
2017-11-24 14:30:00,-0.00795228429789082,-0.0071631465740397875,-0.7526737367621839,0.45221508510256664,0.45356730541932544,-0.00877609582793944,-0.009970245906088599,-0.00371941180781024,0.01196618482778327,-2.343454557333343,0.1158924590366891,-0.6473381520005448,-0.12094507466702592
2017-11-27 14:30:00,-0.003307361375559477,-0.00593085069507826,-0.48686816843307523,0.35479277712699764,0.3312294007386934,-0.010225871250275298,0.004234097471976228,-0.00328312422844606,0.01180509976539157,-1.9945859596170732,0.08353797574220213,-0.23663269685237914,-0.1242524360425854
2017-11-28 14:30:00,0.017111687503823088,0.017802413944472944,-0.15724072452536914,0.22303903247665954,0.20236574755637862,0.013169575373037794,0.010063176075808016,-0.0008390015545438423,0.010594872467386548,-0.630694959246572,-0.19919982821600693,1.8315647614740151,-0.10714074853876232
2017-11-29 14:30:00,0.005954320977736304,0.0038765650375238345,-0.13022961806547445,0.17593913362512162,0.19200727750366506,0.0033442148772577416,-0.0015878468252675062,-0.001242374019838743,0.010143257116999241,-0.83296931969909,-0.29167933105394384,0.6230026584985884,-0.10118642756102601
2017-11-30 14:30:00,-0.00021168152347254723,0.0019395404116460864,-0.13457825874521293,0.179348267469749,0.1863214252691214,-0.0014282579656212195,-0.013042673552537446,-0.0008365003781826214,0.01000624235983236,-0.599314114221504,-0.3038233316733851,-0.0461956074616076,-0.10139810908449856
2017-12-01 05:00:00,0.0011670823786899404,0.012926646596578864,-0.157038941745116,0.19060837124192045,0.15031857014688305,0.0735083265581317,-0.03976750943338455,-0.00018861112177132587,0.009673614198616924,-0.23379651193712783,-0.36779422507681625,0.11008822080668497,-0.10023102670580862
2017-12-01 14:30:00,-0.005014387785586742,-0.01959111828696088,-0.21254510022940082,0.23674435612214206,0.14432255818294298,-0.0805066703471687,0.022491709807716236,0.0002780319828351534,0.009166481776031741,0.03675368867049037,-0.47812835690269845,-0.5300208192615546,-0.10524541449139536
2017-12-04 14:30:00,0.004642452302838244,0.004188636001303703,-0.21652654708959043,0.21306888248618117,0.10635617376722588,0.009861523470397593,0.004619187314421902,0.00031725074660957634,0.009184265878568116,0.07342642330256999,-0.44860135865813056,0.5317754718953521,-0.10060296218855712
2017-12-05 14:30:00,-0.025987172055840172,-0.023275813044976907,-0.18194050027339886,0.19719735444464076,0.13999212377856185,-0.010617540992638747,-0.018968524579660768,-0.0010901597357262055,0.010885942355948308,-0.6830874678431663,0.045678747846862156,-2.6229081149050577,-0.1265901342443973
2017-12-06 14:30:00,-0.003447239116249297,-0.0030069167330149713,-0.18384951369556204,0.1950312991211426,0.13589542855941147,-0.00679893324728161,0.009970768086388785,-0.001234749503672815,0.010897664782618586,-0.7377911771465815,0.07662646865241456,-0.30017572449011565,-0.1300373733606466
2017-12-07 14:30:00,0.012109877791243848,0.012807687354585706,-0.19064079553223662,0.21622834906892274,0.14038075806518938,0.011008872711096407,0.009885713188435119,0.000374267825228539,0.010331196695360133,0.1897732254163897,-0.059967574524010664,1.3236817210894585,-0.11792749556940275
2017-12-08 14:30:00,0.0072482481166597345,0.007990124948967336,-0.18919781837590058,0.2203732780450547,0.14318255822287806,0.004757892083904869,-0.001186706967856832,0.00050069910072121,0.010402400222840608,0.2917670754513088,-0.012069954207385044,0.8043447764802266,-0.11067924745274302
2017-12-11 14:30:00,0.005837303492041537,0.006884920676680968,-0.18131637057844588,0.22934451368014788,0.13951125983712387,0.0007995119038759118,-0.0003322601506797014,-0.00031037368348525355,0.00919542588955048,-0.155236781415311,-0.3483907726811507,0.6485919025267644,-0.10484194396070148
2017-12-12 14:30:00,-0.004247061544287228,-0.0012046066646017224,-0.17567008534714162,0.23000792771746847,0.14557206602114162,0.01587434680553638,0.0015181788416628688,-0.0005721130513568068,0.009230965016526683,-0.2878888711862413,-0.31070564445416726,-0.3942350574627346,-0.1090890055049887
2017-12-13 14:30:00,-0.019142987882862856,-0.019323790224277142,-0.17475877137619328,0.22946808305041524,0.15553223007201045,-0.022039071979074436,-0.017886578173068973,-0.0008513620324109216,0.009716204330675781,-0.4329327787807838,-0.12806342262788625,-1.8424763822953487,-0.12823199338785157
2017-12-14 14:30:00,-0.015860721564171915,-0.016267086341389108,-0.1744566453080289,0.23572343660758555,0.17009530296254005,-0.015003597691210773,-0.012669480267782179,-0.0014907182464148,0.01027479010410674,-0.8128702618008495,0.08735580719154401,-1.4538664003678563,-0.1440927149520235
2017-12-15 14:30:00,0.005731468510394294,0.00755300407511957,-0.17412896355745622,0.24862828049703053,0.17298025157101526,0.0038863665462121793,0.008454398044679918,-0.0010046943015350658,0.01037976030149955,-0.47096483772638364,0.1607043260967418,0.66808080047097,-0.1383612464416292
2017-12-18 14:30:00,0.009923794173102787,0.014083741845368536,-0.19052052288474536,0.27892088426907247,0.1784252986692474,0.025170808920451315,0.006370998625041313,-0.00042794347493824576,0.010660947445186478,-0.0448444641746569,0.3038753043617466,1.0897093473746144,-0.1284374522685264
2017-12-19 14:30:00,-0.003257697405908343,-0.0019678403011734735,-0.18528360251737364,0.28005295497846117,0.17619244360305827,0.016227152271374945,-0.0034117353435761943,-0.0007274606278153987,0.010651622513759682,-0.22226806033612467,0.35082579422353766,-0.2112598304499241,-0.13169514967443474
2017-12-20 14:30:00,0.009815661799292549,0.0107464542194707,-0.19036369355454447,0.27779007285855073,0.1796562443328119,0.018608791132986933,-0.0033847377439912094,-0.0004443348753003536,0.010861370659962304,0.0368995102447443,0.49388229605531725,1.0521770222625682,-0.12187948787514219
2017-12-21 14:30:00,0.009197577531422535,0.011542800274534137,-0.1971380631306518,0.2786580199362798,0.1839845844823764,0.023429577191689477,-0.009642931163356128,0.00041315821616531406,0.010914281715491725,0.780039172222109,0.5891319481563745,0.9625254228869813,-0.11268191034371966
2017-12-22 14:30:00,-0.004988986633272908,-0.005737636510701287,-0.1984215647518669,0.28015430000623354,0.18721281571988094,-0.007265409115350489,-0.007826549658538056,0.00032907695327964254,0.010950868438774875,0.6954517245890237,0.6088849848619942,-0.43205970052585413,-0.11767089697699257
2017-12-26 14:30:00,-0.004368418538558498,-0.004505359371918279,-0.20769809370605385,0.23516269514590507,0.1936897516139839,0.0014050527118522433,-0.013258830590464028,-0.0007449283488394368,0.010249132366176654,-0.17061185297293135,0.28519539568422364,-0.3633987456646939,-0.12203931551555107
2017-12-27 14:30:00,0.0031968679360378817,0.0023294024208279827,-0.20647032266805815,0.23455331425655976,0.19368525842504944,-0.001889812768881153,0.00563552779995454,-0.0008828010009243579,0.010172530632662744,-0.26313212410009335,0.2320833655376715,0.3692247864048426,-0.11884244757951319
2017-12-28 14:30:00,0.0038893137412700776,0.0030399536791819726,-0.20614191513866514,0.2349038966874994,0.19541825934628698,-0.0024988641374089626,0.0015196671355014457,-0.0006777512376872265,0.010227951844226112,-0.052856789839122155,0.2357035335956411,0.44004959033884783,-0.11495313383824311
2017-12-29 14:30:00,0.010583277818705772,0.009391424527457263,-0.2045096393294631,0.2001615635986371,0.19553926253039125,0.008821615825914156,0.012288992154194692,-0.00020694146568643506,0.010529615145506061,0.40172463003670744,0.34808691351859633,1.0662101747439205,-0.10436985601953734
2018-01-02 14:30:00,0.001880591802223967,-0.01259930246588703,-0.20014247682918504,0.1599044753976637,0.1767858674287088,-0.035130422340714285,0.006104762177122081,0.00013780751370410043,0.010476671641486534,0.7210820625818729,0.3003982121317873,0.20404965057532798,-0.10248926421731337
2018-01-03 14:30:00,0.01145086172975976,0.015289001251551563,-0.20632151436861756,0.17520620346023155,0.17310353816963878,0.023144804724698965,0.0003126434198800574,0.00047822798505017615,0.010738097386261651,1.0210028094445687,0.3951353293629307,1.1127321955958165,-0.09103840248755361
2018-01-04 14:30:00,-0.0030396464969479164,-0.0005784218806114128,-0.2046576564980242,0.17460948043921598,0.16946384546619098,0.007725710879418979,-0.006614865787790358,0.001625604262994789,0.00881522776116444,1.996483077378943,-0.530980522350277,-0.2785828244720985,-0.09407804898450153
2018-01-05 14:30:00,0.0009029935926013382,0.0030570700665676354,-0.20807665432298045,0.1719256430492959,0.1640808017558022,0.003446721067765224,0.003457357794380167,0.0018431158984373208,0.00873679083905481,2.129579632232241,-0.5984218184186991,0.11327383806982837,-0.0931750553919002
2018-01-08 14:30:00,0.0004965931672033246,-0.0004811794687443749,-0.20903949721844067,0.17269125094453674,0.1606779111461024,-0.009832571116434763,-0.006483440633079041,0.0012624516672352947,0.008397875902671196,1.590578285485304,-0.8124728689432739,0.08196311692534816,-0.09267846222469688
2018-01-09 14:30:00,-0.010653274489578948,-0.008402623620781183,-0.20340905238763884,0.17702891560753461,0.16252491088480325,0.0014413688593862464,-0.005883546701482759,0.00036737553692336034,0.008675718137986002,0.8109559787066549,-0.7125345666567575,-1.0079908415281138,-0.10333173671427583
2018-01-10 14:30:00,-0.006073135665307081,-0.004307384199257876,-0.1969647676589856,0.1768762104321631,0.15830954048339144,0.006608340701000952,-0.0031109934049761883,-0.00022814642094407043,0.008689257625765742,0.304359933426709,-0.7477568481120774,-0.5449418650833402,-0.10940487237958291
2018-01-11 14:30:00,0.015256245655091264,0.01772300131298728,-0.1947480295716949,0.19353189686201183,0.1718314089287387,0.021467961547976217,-0.0027723826926543786,0.0007470189390248542,0.00928823968723131,1.1141196849317965,-0.4710424855512844,1.4749435285043548,-0.09414862672449165
2018-01-12 14:30:00,0.0015847952548564879,0.004688334540366841,-0.19596885929134328,0.19386369044865495,0.17063608600575497,0.010424885720993277,-0.0049620990058569054,0.0017834080959108216,0.008022219083179736,1.8936699123255254,-1.218555973104194,0.15151008147285844,-0.09256383146963516
2018-01-16 14:30:00,-0.020459455764085515,-0.02045110822494604,-0.19567427255381195,0.20351178746445694,0.19253812574677495,-0.018262391910479996,-0.0077927638905995016,0.0015534713859151415,0.008599682505683373,1.636117626423293,-0.9396772093927729,-1.8742480363389566,-0.11302328723372068
2018-01-17 14:30:00,0.008590570513558327,0.009872617620263924,-0.1904779105289478,0.21361249621438558,0.18909541079107683,0.0036913380556056197,0.001107503884211214,0.0016964264860733428,0.008696014288830899,1.6880112617074672,-0.9319582148962048,0.848058166726108,-0.10443271672016236
2018-01-18 14:30:00,0.0031124650115478304,0.004446018294568699,-0.19225713245565848,0.2202143753787666,0.19065721554987172,0.010787536884486637,0.012616286115915032,0.0013558600279955952,0.008487726437627983,1.3816857179459507,-1.1138574654606914,0.3493507721310057,-0.10132025170861453
2018-01-19 14:30:00,0.01647958861319018,0.0179532467456871,-0.19618833713142347,0.22403415324347065,0.19611572041087055,0.0209449131510151,0.019260787458450612,0.0023427243289505214,0.009051759737819194,2.0431080028831765,-0.8155612803649515,1.5726873757277144,-0.08484066309542435
2018-01-22 14:30:00,-0.0039185199873427905,-0.0017928655418057253,-0.19583400629596326,0.22169688675889615,0.20985489458003456,-0.0031929998615306916,-0.023394995533003875,0.001656015239618754,0.00897563875797074,1.505859026813046,-0.9442039766524265,-0.31321280901672083,-0.08875918308276713
2018-01-23 14:30:00,0.0010665586597095778,0.0009536881861856861,-0.1953070663126783,0.22783696208934276,0.2041424877172143,-0.008635044493783828,0.0024912607726121916,0.0012494642960331065,0.008798463846251135,1.2174492043900433,-1.1525974877433787,0.16395971110842272,-0.08769262442305756
2018-01-24 14:30:00,0.003195894926549914,0.0027635258625560524,-0.19012608575463907,0.25102030749675247,0.20137332761203797,0.008897401891309423,0.005458632514258524,0.0016587083740242474,0.008682611367181311,1.5015078912627726,-1.3044739326438284,0.3424642559117858,-0.08449672949650765
2018-01-25 14:30:00,0.008332420111679208,0.006262377597125594,-0.17287717507216635,0.2633999634285252,0.19490104354595836,-0.00926631600656221,0.014113443004144115,0.0022937503065361326,0.008683055693441051,1.87454515633764,-1.2675942616754992,0.8245172516145379,-0.07616430938482843
2018-01-26 14:30:00,0.0038307565099416924,0.008293527322910258,-0.1748751848935111,0.26367719690722574,0.20049233514770334,0.007705691581736765,0.002844983227750989,0.0023254447352313236,0.008687681367172977,1.8250062482560012,-1.224108739586432,0.3895165309644294,-0.07233355287488674
2018-01-29 14:30:00,-0.010203196040693188,-0.009642004257953843,-0.1396412735012562,0.300729564570456,0.2167409355429576,0.0030931612927636767,0.0054532870886991516,0.0016208192461331602,0.009115145161644985,1.2966928743119972,-0.8867451551360258,-1.0562088548089192,-0.08253674891557992
2018-01-30 14:30:00,-0.01162617910231831,-0.014157730555472684,-0.13472971071185247,0.3123167520408909,0.21994200851743617,-0.01594402288252309,0.006014697236539876,0.000510346400081956,0.009316442334818006,0.5248489687494159,-0.7181507437265946,-1.2037038515137062,-0.09416292801789823
2018-01-31 14:30:00,0.003027914663027446,0.0036677664561524472,-0.12103738007586512,0.33844730128366,0.21430027317190123,-0.007425567360850946,0.0029995690899931407,0.00056771254312213,0.009328847781819877,0.5456326204801608,-0.6851353482869172,0.28388134594454284,-0.09113501335487079
2018-02-01 14:30:00,0.060477133383681464,0.06455186445872003,0.02814719802234389,0.4160669422374775,0.3400873154643675,0.04049991260786008,-0.06850175050135159,0.0030190261258182154,0.01622869067814188,2.0902177647032394,3.7324129107310604,4.823393594997733,-0.030657879971189322
2018-02-02 14:30:00,-0.028165395022498395,-0.03773135362880938,0.06934389530805699,0.5135552465373653,0.3829029130674695,-0.03056584205827003,0.004056883097711163,0.0017627386995406915,0.01763404761110947,1.2230875111613118,3.9230222810100135,-2.251753953183861,-0.05882327499368772
2018-02-05 14:30:00,-0.015381967280972655,-0.040151221693665806,0.10458873494061505,0.6089667880982307,0.42714175732626075,-0.023711894442225434,0.0018027540457241642,0.0009484906558619917,0.01804697795352202,0.6705495126052985,3.605698180518697,-1.2216682394918108,-0.07420524227466037
2018-02-06 14:30:00,-0.0008885236935978688,0.014571147015220923,0.10789771822569924,0.5952961041348439,0.4159062224579752,0.029450728015178042,0.00664818323309683,0.0008792348128219319,0.018051460554389977,0.6000337600508888,3.2325874422947094,-0.1356352236598952,-0.07509376596825823
2018-02-07 14:30:00,-0.006372246612640159,-0.013689832864405727,0.11368530888893136,0.6048812624423716,0.4199548674120379,-0.008930438837215782,0.003031508477175482,0.0010932862066688714,0.017932502374557874,0.7157474294058411,2.9044154304853405,-0.5507518758294119,-0.08146601258089839
2018-02-08 14:30:00,-0.00956711665600802,-0.03736900476954563,0.11422583185296104,0.6454252090239746,0.45336391517526264,-0.026142642816151418,-0.007136128002657394,0.0009185871571338246,0.018022784378678207,0.5784769510168581,2.7307831392794757,-0.7749646518232752,-0.0910331292369064
2018-02-09 14:30:00,-0.0006461014607773881,0.013926030844867801,0.12357049070129605,0.6430562002013658,0.4636756909951141,-0.00710016995767789,0.014675477774554394,0.00012346980134039188,0.017704935299936043,0.03737091216278442,2.4535437858016325,-0.059603894275709904,-0.09167923069768379
2018-02-12 14:30:00,-0.0020120847679911263,0.011123746570452194,0.11851461154589643,0.6376564714805748,0.46579662503776725,0.0035045736432835674,-0.005225611643276654,-5.637419980198883e-05,0.017707578201475546,-0.09328321703000447,2.323495537254103,-0.18605814785486122,-0.09369131546567491
2018-02-13 14:30:00,-0.002697094316335391,0.0020597142515115983,0.1167873548699106,0.6400606001546989,0.46413769883138595,-0.0024365024260230386,0.006191764513237405,0.0008317438725855173,0.01706415260849033,0.4831928349304207,2.00992006448497,-0.24191504064995414,-0.0963884097820103
2018-02-14 14:30:00,-0.0008956216792513141,0.010622872976759679,0.11864873836559711,0.639279977566008,0.4687465897678149,0.021813100980819233,-0.0038997560091624806,0.0003574342629450353,0.016968710817669458,0.1358956067228829,1.8976217243523663,-0.10067668088782543,-0.0972840314612616
2018-02-15 14:30:00,-0.0030101133654992143,0.012085091155639457,0.11293042559459984,0.6343559305684356,0.4706189133543483,-0.010137146993493587,0.01456863877340627,5.130534409268307e-05,0.016971619768501298,-0.11164552481835295,1.821851035459633,-0.26962195716697684,-0.10029414482676081
2018-02-16 14:30:00,0.005761348101158446,0.0049144355034279235,0.11760213638466671,0.6340891805533148,0.4707070581719092,-0.003942242346934559,0.00740352447246891,-0.00048460668150890357,0.0165905073316343,-0.5488194772091126,1.6396979307848123,0.4345476741181695,-0.09453279672560237
2018-02-20 14:30:00,-0.005078964328548267,-0.004603702509099509,0.12242864934009845,0.632922998984387,0.47854929634717386,0.008365228230970374,0.000827935474811266,-0.0005426288985691775,0.016605171621393477,-0.6498793654754647,1.587396880741605,-0.42755884629253815,-0.09961176105415064
2018-02-21 14:30:00,-0.0028193733310785114,-0.005368887162435924,0.1269589009712443,0.6368764190752186,0.4779017415462878,0.007770144928330243,0.011457413284068425,-0.0007369254981085818,0.016608085893995136,-0.9165416619469079,1.5331650742867997,-0.2530515764953202,-0.10243113438522915
2018-02-22 14:30:00,0.010495989296012375,0.01234220534272031,0.13449824365102797,0.636862399710378,0.4753171460374066,0.007221347762921345,0.00138331633581131,-0.0003719207796354587,0.016778414318110453,-0.7040481968851081,1.527656726911929,0.8016724854123626,-0.09193514508921677
2018-02-23 14:30:00,-0.011461582719184502,0.004590610265952273,0.10483495753105829,0.6137201215616612,0.4666586957570829,-0.021494407185612945,-0.017090879124840346,-0.0013616209211786442,0.016821686312850918,-1.5988568197810005,1.4821180042511726,-0.9352427730986945,-0.10339672780840127
2018-02-26 14:30:00,-0.00889643982234284,-0.0005511792844786386,0.10523591431122825,0.624405593843867,0.4687500360380585,0.0024280098759968207,-0.006510307360726071,-0.001997980737792871,0.016855620824041347,-2.12740545855309,1.435918553864914,-0.7053318366355739,-0.11229316763074411
2018-02-27 14:30:00,0.001833369496295787,-0.007091887739704483,0.10433414915888854,0.6250659578344198,0.4727949591765781,0.008844565883176503,0.005912025581265468,-0.0013961524609434222,0.016761856534007358,-1.559189692536055,1.3585586194025152,0.16063540271947796,-0.11045979813444833
2018-02-28 14:30:00,-0.006165779668404974,-0.011359083666972877,0.19551752172873338,0.6154995250378922,0.5166525362719127,-0.004476861193823031,0.01162422292093727,-0.0011231324892477554,0.016630412779923606,-1.2859896143273304,1.2757342667176936,-0.4761101232993299,-0.1166255778028533
2018-03-01 05:00:00,0.0183885717669816,0.020691560183879004,0.555768764767574,0.4907008436752043,0.42387087316777516,-0.017273573791887726,0.003461422206791836,-0.00035509963405004776,0.017177892580399538,-0.5991014490384814,1.3737597107847277,1.4511333235256096,-0.09823700603587171
2018-03-01 14:30:00,-0.015206479563887508,-0.02526996141452757,0.6294299518142166,0.47304182630695474,0.4024176108590389,0.01111012878254088,-0.006858609334996418,-0.004139280281428496,0.009841165755261469,-3.4383177932212217,-0.6228850693277784,-1.1776870762868477,-0.11344348559975923
2018-03-02 14:30:00,0.00879475307508808,0.012753048903613395,0.6071087803239141,0.4773265666828121,0.3917632669550362,0.015402397219295927,0.008101460001372462,-0.0022912728765491727,0.008466201307411601,-1.9302049550975737,-0.9788837675669787,0.6840490935054517,-0.10464873252467115
2018-03-05 14:30:00,-0.010895166233859707,0.0074252111054922505,0.5860169836114603,0.47027932179970705,0.39666716422631226,-0.013007893894148432,-0.003179901188121022,-0.002066932824193525,0.008154781802582521,-1.7216581435080918,-1.0417229436546176,-0.898220946653693,-0.11554389875853086
2018-03-06 14:30:00,0.02099315498666332,0.016847999410924224,0.5564926693558592,0.47214566295268545,0.4007107892453843,0.030264326222155618,0.01625686878409664,-0.0009728488901804656,0.009651690518352176,-0.8752756794902783,-0.6366639043961692,1.635946282299356,-0.09455074377186753
2018-03-07 14:30:00,0.008650373199006071,0.007034411023148464,0.5495068468837482,0.4720656676153727,0.40484554143355095,0.014543791942085289,0.014567561930396173,-0.00022171789959815404,0.009792898661493058,-0.3043100403557584,-0.5953404283332521,0.6533204992563444,-0.08590037057286146
2018-03-08 14:30:00,-0.003983848933287225,0.004014302390271451,0.5472154925982284,0.4712896131657597,0.40633999728241216,-0.0033475636605215797,0.004311935202082617,5.744548653788565e-05,0.009589947938408543,-0.10026179351206,-0.6521071396318432,-0.3359469041467428,-0.08988421950614868
2018-03-09 14:30:00,0.00462959375738131,0.016866644548081733,0.5620663249984696,0.47909361100879994,0.39910372499831376,0.014024776384177318,-0.0021894031212873477,0.00032123024744582055,0.009641993791600785,0.08629027954667712,-0.6408528871407813,0.33592620995587263,-0.08525462574876737
2018-03-12 13:30:00,-0.016792804983326144,-0.010438261934312779,0.5611941395727229,0.4757896036289025,0.39396917268395565,-0.014689437469363723,-0.010145947685366289,-0.0004178057633209303,0.010369274449780983,-0.4755434113179868,-0.4497860755664283,-1.3738530669343545,-0.10204743073209352
2018-03-13 13:30:00,-0.0021034095740148236,-0.005657028701714102,0.5591938442045776,0.47598146558043275,0.3870157833065775,-0.007874121884322977,0.0015033607545329826,-0.000388121526204902,0.010363254113256922,-0.47288943379054016,-0.45187982097775703,-0.22399658173496084,-0.10415084030610834
2018-03-14 13:30:00,-0.01817060100053916,-0.011315836732417798,0.5401694755103152,0.47659586429173234,0.3904660100976567,-0.02157363015840267,-0.00542840900336398,-0.0012518704922692943,0.011101402127718691,-1.1248357751764402,-0.25744857635855684,-1.4657154916225432,-0.1223214413066475
2018-03-15 13:30:00,0.006141350996588269,0.00665513558303384,0.5556294969828024,0.4692202070774439,0.39092489194577124,0.007252495904241337,0.011837407257698846,-0.00079429727416492,0.011213155562736726,-0.7700333629769112,-0.2300903383729332,0.47346208853305366,-0.11618009031005923
2018-03-16 13:30:00,-0.0024686397516078705,0.0021884295188649983,0.5727841868087884,0.4749050369506062,0.39059960640715524,-0.006584634144478407,-0.0067299513096994446,-0.001205796666803236,0.01111045642449271,-1.0699992500795865,-0.2599135786211565,-0.21426250853698514,-0.1186487300616671
2018-03-19 13:30:00,-0.0011832279779959536,-0.014257882428850918,0.5870519630532128,0.47893749679570424,0.39537533529282537,-0.00808850999016982,0.001193052874222925,-0.0010110098492756203,0.011073065568910781,-0.9114028260885398,-0.2709937388891386,-0.09759182567848644,-0.11983195803966305
2018-03-20 13:30:00,0.0033005737928361164,0.0025866757617613776,0.6089572497935969,0.48072083148864087,0.3946361926427948,0.007192127101430653,-0.0058638510525855034,-0.000705012493079889,0.011104976902639984,-0.6655219448736059,-0.26333203054048965,0.27083310149646767,-0.11653138424682694
2018-03-21 13:30:00,0.01691800958901433,0.013701907060019577,0.6020589261715779,0.4750769260498647,0.3958109920952941,0.0171218154962672,-0.012483548490074195,-0.0003839114784297911,0.011530591067950572,-0.41611336924996273,-0.1515251700369463,1.3191123161861043,-0.0996133746578126
2018-03-22 13:30:00,-0.009678971710511531,-0.018385558014273478,0.6000819077074195,0.49050256228261024,0.3903552675759579,-0.022826362946671768,0.0020284834412892146,-0.00029478092799614257,0.011447041761380743,-0.35625759482511704,-0.17972137269100225,-0.7819886733635735,-0.10929234636832413
2018-03-23 13:30:00,0.0012126473219379388,-0.01930369835812995,0.5983601623167942,0.4884842789888006,0.3952919861351285,-0.005236425108007703,-0.013200837741948579,0.0002106734292178964,0.011269041566443913,0.00845293257410912,-0.2330945975601727,0.08172186699201077,-0.1080796990463862
2018-03-26 13:30:00,0.005626280249367253,0.031473453937635266,0.6061832443325015,0.5016381484769128,0.41437406810558813,0.02107830125816982,0.013501018490687113,0.0004003189668714697,0.01132953988196546,0.13814927368623353,-0.22212197082402543,0.4281496952968051,-0.10245341879701894
2018-03-27 13:30:00,0.0011219979498599186,-0.005731754832022891,0.6076433783709454,0.5034250219767268,0.4127188063260701,-0.02005515579979263,0.0036845278690962697,0.0007647078477847144,0.01122394664836027,0.4009349660579163,-0.25411834087932306,0.08515268099851644,-0.10133142084715903
2018-03-28 13:30:00,0.005791922538458898,0.00027985346043561216,0.5930098215835907,0.5225869777999843,0.4316898720582048,0.0006776748799617687,0.01973635453761217,0.00013487538635857926,0.010513903372637374,-0.07449337885417655,-0.4467374691055969,0.45043481340529873,-0.09553949830870014
2018-03-29 13:30:00,-0.009154403018613198,0.003617968240643162,0.6022816228470855,0.5022161087112235,0.4333765416439954,-0.0017539232487207381,-0.0174366484614286,0.00043747921362229477,0.010129174275340299,0.1544703329765809,-0.5475388954244257,-0.7102838974854343,-0.10469390132731334
2018-04-02 13:30:00,-0.0015830078460630087,-0.03516610757708546,0.6099249487391598,0.5049722699192215,0.39068339101743027,-0.00762543412461477,0.06983323479514006,-8.14088324352597e-05,0.009942616154662307,-0.2177936680937749,-0.6054814435385203,-0.10981471818390734,-0.10627690917337634
2018-04-03 13:30:00,0.005932784448054592,0.014135384089788205,0.6107646563668387,0.5103146206959869,0.3949418204881048,0.010745198728601801,-0.007208877792071577,0.0007599887016604553,0.009688112301738026,0.44231752644519295,-0.681354033129061,0.4807931146263621,-0.10034412472532175
2018-04-04 13:30:00,-0.0060856927587882095,0.0036723098067272066,0.6182914642227901,0.5057836478593207,0.3956701046911739,0.0014855468430582754,0.0050060661912078395,-0.0005939536856121213,0.00853522119600816,-0.5796292001247881,-0.9969970725937577,-0.4643855863696282,-0.10642981748410996
2018-04-05 13:30:00,-0.010584706405332584,-0.0025963316182620786,0.6076486055229033,0.5034071115522323,0.39155778163232857,-0.010529590746323278,-0.0205540920596153,-0.001555707665829054,0.008522441466407868,-1.2805392033083915,-0.9990938379887332,-0.8212833476928664,-0.11701452388944254
2018-04-06 13:30:00,-0.013245878513950732,-0.031175884903327455,0.6192321425662733,0.5222284793196055,0.40887407899449496,-0.023305067013138836,-0.013097379350172744,-0.0020188091448622293,0.008904413829416296,-1.5770282715446329,-0.8967434767429662,-1.015583906297238,-0.13026040240339326
2018-04-09 13:30:00,0.011909632149534614,0.016732862056530906,0.6287451402149216,0.5193333682062398,0.39520274710378106,0.014749473826573545,0.011981216149733354,-0.001654807225254564,0.009329165910299074,-1.2603930148811933,-0.7811213609862666,0.9742939991026347,-0.11835077025385865
2018-04-10 13:30:00,0.014952319905399296,0.02220159791991431,0.6147975713664956,0.5381813612742726,0.4036927563013806,0.02992123656373084,-0.010899970210354566,-6.75509808182922e-05,0.009318582009693042,-0.06750752191043548,-0.794514524371967,1.1831430397291998,-0.10339845034845935
2018-04-11 13:30:00,0.002166267641896036,-0.0013124946409275307,0.6100879399529748,0.5351769975319042,0.3959793751858305,8.399726660002216e-05,-0.011754138356439015,0.00014593287997725077,0.009318394827344718,0.1110606120375645,-0.800253376550562,0.15741704256839084,-0.10123218270656331
2018-04-12 13:30:00,0.0051353131820013435,0.004247999058962819,0.602200587865225,0.5396226734287949,0.39557440730687454,0.017432518714667816,0.004389201554202675,0.001311228589104276,0.00830997302426217,1.0035861159474433,-1.0742016401164247,0.4003011017717265,-0.09609686952456196
2018-04-13 13:30:00,-0.001761122440480615,0.0006220990631049158,0.6059147281468149,0.5396600557732233,0.39648384841358547,-0.0072727627198406015,-0.010421449221100146,0.0009161049172508318,0.00825592031808201,0.7119372346267858,-1.0867579196086776,-0.14576573381230315,-0.09785799196504258
2018-04-16 13:30:00,-0.0025878487592512437,0.00986131965896194,0.6094448997287661,0.5349529235126347,0.394267476642439,-0.0037961387336295314,-0.00036106777109938017,0.0009101444668686631,0.008258535202176556,0.743310611121643,-1.0785341160219426,-0.1893434485576316,-0.10044584072429383
2018-04-17 13:30:00,-0.008597028826182516,0.008960025876298442,0.6029133044094166,0.5303530613943782,0.39703681510679517,-0.0011449114030806697,0.005078607960902573,0.0005394544244593351,0.008519700339759165,0.4737653835500139,-1.0030071181440683,-0.6697055010523849,-0.10904286955047635
2018-04-18 13:30:00,0.005075995622139901,0.004192213415859181,0.6079863258687261,0.534545009676025,0.3952877388174911,0.007918995124158279,-0.011549269055412648,0.0006282255159245243,0.008559142245037068,0.5562067180628684,-0.9900980530650598,0.43294536350203944,-0.10396687392833645
2018-04-19 13:30:00,-0.0011347755017098466,-0.006342828466759894,0.6140252993574544,0.5379658886452195,0.3968594632389513,-0.0057518452433337934,-0.007566607613350225,-0.0002744137386116846,0.007654978972807868,-0.14209965736424632,-1.2256771858948978,-0.06411474637717168,-0.1051016494300463
2018-04-20 13:30:00,0.005204994336096721,-0.00856576629506182,0.6147441271533326,0.5333917855694362,0.3976328925682259,0.000496146986714038,-0.003813394486857394,0.00046978456371872795,0.007412212321024522,0.5032028135048423,-1.2774943331793898,0.4548775025743229,-0.09989665509394957
2018-04-23 13:30:00,0.0021607931402456257,0.0014660371663277234,0.614785383540922,0.5335724029652316,0.3947947420348143,0.0008696895232360353,-0.0046730029536885915,0.0005171918546341124,0.007420241357440387,0.588493032023421,-1.261611755281557,0.2100204594150591,-0.09773586195370394
2018-04-24 13:30:00,-0.012100779098733694,-0.019545930967091785,0.6048081795699813,0.5482993832853676,0.39389428928012543,-0.026301098146098933,-0.008834183986118349,-0.000369161112770935,0.007825523790604383,-0.15600387071948874,-1.140776372381983,-0.9443301592665417,-0.10983664105243764
2018-04-25 13:30:00,0.006076613341968538,0.0072174518819683176,0.6065777714123616,0.5444492420904953,0.39024936452635767,0.007020023364052053,-0.000732082799699274,-0.00012143034316550397,0.007952605238920826,0.07335490980778142,-1.094673764413838,0.5081887777242556,-0.1037600277104691
2018-04-26 13:30:00,-0.01849306793503996,-0.0012744936065341255,0.5981576640956734,0.5253139607965112,0.39125112706365434,-0.011337658261763065,-0.01582450171646958,-0.001335679866840447,0.00880997030589945,-0.9751282655566481,-0.8636974498666855,-1.439110736054986,-0.12225309564550907
2018-04-27 13:30:00,-0.0004699362427175611,0.004032707066154699,0.47565549080896746,0.5251796566662675,0.3443890368833504,-0.006125622196670418,0.014621419523910089,-0.0009014565280456649,0.008616208841374224,-0.5735361149708152,-0.88464847553655,0.11104597405020435,-0.12272303188822663
2018-04-30 13:30:00,-0.0023378491530042823,-0.007543236397929236,0.4617866039332234,0.5030579830768837,0.3167119893509598,-0.004642515753426483,-0.00740782174307079,-0.0009391985933927286,0.008621003310365553,-0.5848167651414572,-0.8551152574301755,-0.13821865610585793,-0.12506088104123092
2018-05-01 13:30:00,-0.035860216447765755,-0.05764844601995504,0.40126965231749845,0.5677951067022847,0.31885548581194173,-0.06568872507757964,-0.022657834329918226,-0.003028848638183746,0.01146397757356986,-2.4744477825629243,-0.06237898147479177,-3.501652943190051,-0.1609210974889967
2018-05-02 13:30:00,0.0018097305665063638,-0.0026512814717423914,0.4134193262165204,0.5573603517930221,0.31219499089160935,-0.0016786389985927372,-0.0067408244527783125,-0.002634077471919017,0.011489087549329596,-1.99985553279335,-0.025989124710179386,0.32632269555714216,-0.15911136692249034
2018-05-03 13:30:00,0.020058905538098144,0.01907779999383023,0.40538899859968575,0.555977902377296,0.3112293968775864,0.020440921349420698,0.02138610404488687,-0.0011018968747474808,0.0123816310281255,-0.5582831032485385,0.26040876094376514,2.061501899448662,-0.1390524613843922
2018-05-04 13:30:00,0.0032225321706146805,0.015048787076381465,0.39503535039001436,0.5371871358094455,0.27462232491778277,0.010563584892756661,0.010150044756906396,-0.0002784763405192103,0.012075322640143002,0.23725555084816402,0.2065033186473645,0.3911882299905993,-0.1358299292137775
2018-05-07 13:30:00,0.009949517032865401,0.012499657815241871,0.3955596151658093,0.5457171109897596,0.2718843080747119,0.017741284929180923,0.011145472274433077,-0.00037648209635267094,0.011978763396604055,0.15223407664183689,0.21281762149209316,1.0273048631885489,-0.12588041218091212
2018-05-08 13:30:00,0.005258338662214895,-0.004588879363481846,0.3805564218095925,0.5474258321388551,0.26485845121127055,0.020391787731359523,-0.012431915618686507,-0.0008611811585118908,0.011512933341246475,-0.29882374328190536,0.10378084346181651,0.5559541105493857,-0.12062207351869722
2018-05-09 13:30:00,0.0026658118098012397,0.006312996294926172,0.37955894274614027,0.5501214747945482,0.2647287316606856,0.013318525269538212,-0.014081318369580969,-0.0008362039501166307,0.011520386516314561,-0.25198331162282767,0.14028224930037375,0.2946025749326206,-0.11795626170889598
2018-05-10 13:30:00,-0.007023699599876507,0.0039836594127821146,0.3746653706448324,0.5405694779729374,0.26283400932845996,-0.0101261463573038,-0.0035116481044065173,-0.0014441545892105233,0.011509494502104476,-0.814657691113299,0.17259772513727825,-0.6367977778037864,-0.12497996130877248
2018-05-11 13:30:00,0.0013505484218479839,0.0016265556693717542,0.3911062979824576,0.5480703022094778,0.26039246841719094,0.00023476510396669426,0.0001910033602758876,-0.0012885710460940932,0.011526003967480157,-0.6415383415202072,0.21737769271372584,0.16884872579362425,-0.1236294128869245
2018-05-14 13:30:00,0.004068509122247023,0.003812516067388675,0.38547854463489806,0.5495895469309324,0.260347488768986,0.00758377873031039,-0.0030949655637696103,-0.0009557531520191801,0.011582476355641276,-0.30986581535553925,0.27704712394175696,0.43604475738848625,-0.11956090376467748
2018-05-15 13:30:00,0.010019583685386373,0.0013211297182170363,0.3736874218319948,0.5431271658164525,0.26098992618614236,0.009689670560649252,0.0010625000483649079,-2.4922526440735588e-05,0.011683685034553753,0.5851459061742887,0.35874357969666487,0.9835340939439895,-0.10954132007929111
2018-05-16 13:30:00,0.002767090838754582,0.003934191519719706,0.3719495384230524,0.5444795444433297,0.26009797188056677,0.01177016156278939,0.0004400730136015678,-0.00014036776561000152,0.011641963219216993,0.4627642135462822,0.3915465789396176,0.2741749129079939,-0.10677422924053653
2018-05-17 13:30:00,0.0030624190788688483,-0.0016042701023232613,0.36291422169209375,0.5437218444234243,0.26133837968286167,0.006496073404078058,-0.01669071790416125,6.949196341893322e-05,0.011660908647141512,0.6566262738298596,0.45709971573718405,0.3172411349883294,-0.10371181016166768
2018-05-18 13:30:00,0.006967684387219095,0.004934295500757006,0.4210883310700878,0.5654723740135796,0.2614001341051013,0.004729954190484646,0.012682701595764272,0.00015762646597505193,0.011708331130456218,0.7172841845416623,0.5459978580451444,0.6719239322818907,-0.09674412577444859
2018-05-21 13:30:00,0.0019087650764661353,0.008244579672698057,0.4202149984592679,0.5733838790569928,0.26146461523798403,0.0031417268868108774,-0.0019970855896091298,0.0001450250627860774,0.011706197128801367,0.6789469640857129,0.6279363940290101,0.1595746292039934,-0.09483536069798246
2018-05-22 13:30:00,-0.008148070544688106,-0.006594422976001176,0.4287714789479474,0.5781998038921148,0.25974229432541557,-0.010249836041788935,0.0067119276157911285,0.0003426604904883568,0.011520463470884142,0.8434640581045766,0.6322201656122675,-0.8115071547450953,-0.10298343124267056
2018-05-23 13:30:00,-0.014738480477028325,-0.005688110809814424,0.40498287049320947,0.5665244253246412,0.25632927693946744,-0.014793809632259364,-0.005559792459535491,-0.0006980942004614864,0.011908863758031954,-0.18020408240339075,0.9697413374366454,-1.4232237476906824,-0.1177219117196989
2018-05-24 13:30:00,0.009678178113153605,0.011536363027612554,0.22474844573636105,0.6632673948376304,0.32567302152102023,0.003314816013991676,0.0279781781460691,0.000710468101948192,0.011346051169915638,1.167825397082623,0.8190405643905144,0.970646128180361,-0.10804373360654529
2018-05-25 13:30:00,-0.005839401908332264,-0.004596545166184167,-0.09254006991215935,0.7793025714666558,0.3674107981890748,-0.00897199156139276,0.021392954166704243,0.0004419948186674568,0.011438601659373198,0.933883615970484,0.8589440881377962,-0.5846998318692803,-0.11388313551487755
2018-05-29 13:30:00,-0.0018742322086339669,-0.004548179990287449,-0.08780685259202192,0.7757763500021495,0.3611357032381375,-0.004548179990287449,-0.001464360139651899,0.00046517566588597263,0.011433140146581495,0.9361061814735816,0.8264338008569999,-0.1704464361811201,-0.11575736772351151
2018-05-30 13:30:00,0.00820711331772471,0.01408190891035166,-0.07370477942158282,0.7789437793246947,0.36589139355688766,0.005963124251398222,-0.01618038804334998,0.002668542154160496,0.007701415411186235,3.1142459420663093,-1.7061682751914171,0.8183021060658323,-0.1075502544057868
2018-05-31 13:30:00,-0.00473063696225879,-0.004691302343445798,-0.03145876599034969,0.7680447491801806,0.353246418747927,-0.006262896334882269,0.0028807579341009566,0.002341523777722238,0.007876666611483365,2.565324689633831,-1.536951997498309,-0.4670133947618006,-0.11228089136804559
2018-06-01 04:00:00,-0.013447838626445989,-0.007428128736842028,-0.10990273285274227,0.7663276009883236,0.16747245669332947,-0.035566396760049655,-0.01312375041379062,0.0006661865694950316,0.007462393134992673,0.8797572015236178,-1.7404297126689467,-1.3355387809083465,-0.12572872999449158
2018-06-01 13:30:00,0.0017213624665642357,0.01070978644056982,-0.12713519730287626,0.7698559196147078,0.07242570142775719,0.05295665222568421,0.011664262216636708,0.0005911280842925093,0.007442851506965041,0.7930835652091593,-1.6887591031751503,0.23937332439470838,-0.12400736752792735
2018-06-04 13:30:00,-0.006726956978639834,0.0012881736857303834,-0.11656494388132266,0.7598335690852062,0.06671571914488023,0.009254810401254717,0.009929053149647501,-0.00024269561628275244,0.007271409110317743,-0.016901848681418523,-1.7273550424508965,-0.6234074152697944,-0.1307343245065672
2018-06-05 13:30:00,0.015105578324250996,0.018875073232656952,-0.12329872051582447,0.7724592926231276,0.07436526380043462,0.024095056396432096,0.021252093207357364,0.0002496663668190525,0.007963912510142923,0.45634179668323865,-1.258537763634065,1.6046194832525924,-0.1156287461823162
2018-06-06 13:30:00,-0.0001980487446651951,0.007980168727520128,-0.12540665037204718,0.7772483639111496,0.07578210467405262,0.031794247969669086,0.00321458529490822,0.00010647333909573082,0.00794390448897983,0.30725597721611975,-1.2302475138056235,-0.00036114025354185036,-0.11582679492698139
2018-06-07 13:30:00,0.007406233428226094,0.0014213313394671652,-0.09988363667518058,0.769420038201105,0.07135350527840167,-0.005607868027589428,-0.013730323943114723,0.0008279699905008609,0.007917478116999244,0.9830378891790116,-1.203601335345182,0.7711792625068526,-0.1084205614987553
2018-06-08 13:30:00,-0.002621943066277163,-0.0017143416188063847,-0.09979283481886458,0.7694069469517975,0.0721070838707067,-0.001303799131004017,0.0002323625863968799,0.0006293454160946036,0.007953425320945664,0.7629688471397055,-1.1425324198468925,-0.29183453653713026,-0.11104250456503247
2018-06-11 13:30:00,-0.009932153439496248,-0.007075143868235341,-0.10344470105397319,0.768227404799333,0.07329345793635227,-0.005021486947286731,-0.012276339020824995,-7.068771199255997e-05,0.008245569770143794,0.05764534492983115,-0.9386127167026593,-1.0567339558610565,-0.12097465800452871
2018-06-12 13:30:00,-0.0032440861071919066,5.315130042171656e-05,-0.10836168638458747,0.7690382948853911,0.06805181851334675,-0.01147154283957541,0.00768574977419767,-0.000733871201621474,0.00791819898958767,-0.606251429993471,-1.0942046625525608,-0.3384075563591691,-0.12421874411172061
2018-06-13 13:30:00,-0.0005325682020889779,0.00021980284943149778,-0.10882305594089031,0.7693622926123337,0.06808206453135593,0.0028646410699607974,0.0040001560366123385,-0.0008988541536636519,0.007875675508991401,-0.7654264342275737,-1.0821457031048611,-0.04226192139759077,-0.12475131231380959
2018-06-14 13:30:00,-0.021688577898127916,-0.015839309163791542,-0.1376717762149139,0.7609987758998888,0.07108634592654851,-0.028283280771136992,-0.014399786080580384,-0.00213640400251349,0.009073934227445726,-1.903183179597125,-0.3625368075342758,-2.2023219946565797,-0.1464398902119375
2018-06-15 13:30:00,-0.002810866082229824,-0.006705668387338696,-0.1421972367799217,0.7651976827645176,0.0681472968343828,-0.01382085325857944,0.014772406283117451,-0.002625331525985936,0.008817383655809351,-2.2335222934618573,-0.49116513512581067,-0.22755720040367977,-0.14925075629416734
2018-06-18 13:30:00,-0.0007944761969276202,-0.0019074073813564556,-0.14393868794591802,0.7632379886657906,0.05710230782098482,-0.005137035597241028,-0.011884575648965093,-0.002760493589655624,0.008764784381133305,-2.214982971190629,-0.5005241400623812,-0.010087613330562387,-0.15004523249109497
2018-06-19 13:30:00,-0.004317752890141793,-0.008311685359201201,-0.15419837443439421,0.7474301788006574,0.02407354376642191,-0.018171141241858,-0.006042191618005196,-0.0025689777069283085,0.008682326162119973,-1.9419913118961942,-0.5269315905234696,-0.3674230759771549,-0.15436298538123677
2018-06-20 13:30:00,-0.0035719485591862842,0.001360600655476829,-0.21681424833018237,0.8375682062600525,0.02384582395709024,0.0005637722120946931,-0.003054776288508587,-0.002010651111036206,0.008204451760857842,-1.4110837254770943,-0.7860088860227701,-0.2796487469938798,-0.15793493394042304
2018-06-21 13:30:00,0.002176595031490405,-0.006960027158061248,-0.21812740723475543,0.8512225829723042,0.022106072862436776,-0.01034424143284966,0.011555969981759302,-0.002385730265119366,0.007803636667126488,-1.6544328272781144,-0.9946339632177332,0.339511312125736,-0.15575833890893265
2018-06-22 13:30:00,-0.005758528929783781,-0.01018558275003482,-0.22112754421496317,0.8747497997377367,0.02542360032275549,-0.017130045400899387,-0.030136758987209945,-0.002381686616191942,0.007801773602029608,-1.5833398829914804,-0.9659922689156945,-0.515854169905829,-0.16151686783871644
2018-06-25 13:30:00,0.011509300720903563,-0.01045989175067319,-0.2335551992030175,0.7833125050831858,0.07010904576671263,-0.027011736128389363,0.009633407454897491,-0.0017125099697150655,0.008398721165025165,-1.010167614702932,-0.5944188685955455,1.2930965216305552,-0.15000756711781288
2018-06-26 13:30:00,0.0028218325642350222,0.0052025217414597424,-0.23590608777215522,0.7753117554249408,0.062131076620807614,0.004039619306213549,-0.007426372330247899,-0.0019817740073895503,0.00814649779630799,-1.1853773477705483,-0.7256764891138472,0.3818022704713402,-0.14718573455357786
2018-06-27 13:30:00,0.005341470533950334,-0.006696110326979181,-0.23108091847761641,0.7808762788897038,0.06521812806988668,-0.01153636688976038,-0.020106463315773298,-0.001478168632579094,0.008277885555587311,-0.7661036179516285,-0.6445838368111555,0.628225453977585,-0.14184426401962752
2018-06-28 13:30:00,-0.014853724386460865,-0.00863772001127113,-0.22324668891065502,0.7676471986418789,0.07276191867636465,-0.008252432596855227,-0.007314580694264014,-0.0015484629205798376,0.008390088332704916,-0.8223177694169622,-0.5766898734500414,-1.4885655816321728,-0.1566979884060884
2018-06-29 13:30:00,0.0036968012077319354,0.005116600148703447,-0.24300386701658538,0.7182354355821013,0.02963982349186592,0.00357457348400884,-0.0011111601522824826,-0.0014496909835214529,0.008442075019877546,-0.7568095069207265,-0.5404895019284475,0.43335642006377356,-0.15300118719835645
2018-07-02 13:30:00,0.026773357716713863,0.01665416138357227,-0.2892248335816048,0.6210528202332695,0.02385023431117299,0.025368037700408557,0.04647794285007871,0.00022532475124623208,0.01042941530758027,0.5664734481437687,0.6158842746368359,2.7131858073343986,-0.1262278294816426
2018-07-03 13:30:00,-0.005578800253331677,-0.013452425731084924,-0.28281154704568806,0.61054873218263,-0.013362894625462751,-0.016318803789797963,-0.01973392951229721,-0.0008088941776329015,0.009887672054039955,-0.2584650728372561,0.29243646383011174,-0.5241827446727862,-0.13180662973497428
2018-07-05 13:30:00,-0.005873551034564131,-6.303243460059615e-05,-0.2860744915127478,0.6012366966587654,-0.013905085648622287,-0.005398280798790567,0.000999329686439343,-0.0010926692921278485,0.009950461943627389,-0.47110756429067613,0.3227708454946422,-0.5396708413401918,-0.13768018076953842
2018-07-06 13:30:00,-0.0011873751474977146,0.0059535731122345075,-0.302919294272776,0.6110273650695108,-0.012954614595604161,-0.001817464287587593,-0.00016276318895373353,-0.0015223497209140388,0.009747623951429949,-0.7907095388518098,0.19060165770062584,-0.048774912956309965,-0.13886755591703615
2018-07-09 13:30:00,-0.005141270679761048,0.008835019813952294,-0.2831008791820869,0.6080647006786067,-0.011270293029820772,0.03967956803294448,-0.006098001701950406,-0.001648316101588233,0.009778810104321804,-0.8642109119120185,0.1947377452310946,-0.4486527595083349,-0.1440088265967972
2018-07-10 13:30:00,0.010066890001146887,0.007561977100363733,-0.2875138714755527,0.5991438719223411,-0.012019071468099413,-0.0019472429787192143,0.0001398353734135176,-0.0006483639295560763,0.00990880368830228,-0.019182141454490764,0.25610193934956543,1.0796422371064707,-0.13394193659565032
2018-07-11 13:30:00,-0.013711673525411788,-0.019968297229481013,-0.3025767072526431,0.6114908608354634,0.0020377758360365836,-0.029003263011798674,0.0012286139971008359,-0.0011717433004670703,0.010320998484920125,-0.4353124558996371,0.48260126309799084,-1.3155121727344687,-0.1476536101210621
2018-07-12 13:30:00,-0.0009240311720525255,0.008853628028904104,-0.3012984495609897,0.6083078772968521,0.005146660667532684,0.008091621508074742,0.007137373825433779,-0.0011913164489652478,0.01032009368357641,-0.4299198692514801,0.4650809475891968,-0.018224048997295288,-0.14857764129311463
2018-07-13 13:30:00,0.008712074958026936,0.008844227819973774,-0.30200705260217614,0.6085705500474374,0.008350759192992949,0.008653521879124973,0.003570903835313036,0.0003287161938424949,0.009333899136900527,0.8459243859053286,-0.13743562797615763,0.9309906406909916,-0.13986556633508768
2018-07-16 13:30:00,-0.0004590171966439064,-0.0019196160203020323,-0.3039457455820597,0.6053535302282136,0.0046230658536920806,-0.0009676653130917072,0.009619847893038566,0.0004463086381217908,0.009307039713164619,0.9457438574847459,-0.17491715478739264,0.02158325904818305,-0.14032458353173158
2018-07-17 13:30:00,-0.003994796166688023,-0.00051990900332514,-0.3030115549172636,0.6035282055822393,0.008196230643811059,0.00024200428288719455,0.0034601589631508465,0.00028629263963377065,0.009356873462048656,0.8164344903835887,-0.16673840817215388,-0.3233498961361982,-0.1443193796984196
2018-07-18 13:30:00,0.0015639472264666857,0.0016902269867284936,-0.30117132764380405,0.5876372564610521,-0.007825227845505314,0.006838369391392041,0.0010241596271032272,0.0005803776454641945,0.009296790574966522,1.0426367929745937,-0.22119789688894037,0.2145732699300858,-0.1427554324719529
2018-07-19 13:30:00,0.003038872396625683,-0.0029994741926654043,-0.2971794709498371,0.5845026125326634,-0.012090022024077496,-0.012198535969584942,-0.003265810128901222,0.0009109186932547929,0.009258831405025696,1.2889325635042945,-0.260803822022369,0.37053307658316315,-0.13971656007532723
2018-07-20 13:30:00,-0.0057042910679862766,-0.004244748014910445,-0.27489468461732014,0.623158924110141,-0.010523468712765513,0.0027814070433838474,-0.0007847412439248762,0.0005168743882809589,0.009369173602982101,0.9325962928229877,-0.19770126036634256,-0.5563490934015661,-0.14542085114331352
2018-07-23 13:30:00,-0.015338028382430252,-0.012182403961822685,-0.2687182973572355,0.6159087428887581,-0.005126294406545449,-0.005106439143888308,-0.007776014654021779,3.7899415648635306e-05,0.009934670234321824,0.5238871974395369,0.145453213901973,-1.5078011581028241,-0.16075887952574378
2018-07-24 13:30:00,-0.0022393724447452895,-0.0013530794705582199,-0.2715977211629005,0.6099675873565623,-0.010382206782983239,-0.0048201786943701625,-0.01396018634229638,-0.0006495342426338073,0.009568031748205849,-0.04568955472702012,-0.09689556815790148,-0.16479977064701284,-0.16299825197048906
2018-07-25 13:30:00,0.007251498168200514,0.011158520636928126,-0.24312899795400575,0.3065537879357434,-0.14300051831192565,0.008279770615793214,0.002813845461069664,-0.0004280509624355327,0.00970293560554011,0.10464516683665588,0.007525493839362546,0.8296400028987093,-0.15574675380228856
2018-07-26 13:30:00,0.012510157237913159,0.006931372337439123,-0.22571079177640574,0.251208513111837,-0.14111102731939965,-0.0037866595579596485,-0.003970916372143085,-6.96166272373915e-05,0.01005336439529007,0.3841516661735525,0.25064748966154854,1.3943896057366139,-0.1432365965643754
2018-07-27 13:30:00,0.002357368172724101,8.206155694967521e-05,-0.22239411521007152,0.2497434998174755,-0.15721724215660804,0.0033012200071386166,0.004370142195761706,0.0007909380007218569,0.00943911766966569,1.101586149808131,-0.11951975914416195,0.28444726747077553,-0.1408792283916513
2018-07-30 13:30:00,-0.007945584268735307,-0.009776378828379154,-0.22252400468167827,0.2306666553758275,-0.16055144232441582,-0.0036972330715883493,-0.01799793096296102,0.00020881872689849473,0.009607966619485594,0.586941954902311,0.021074816303904505,-0.915228293801777,-0.1488248126603866
2018-07-31 13:30:00,0.027465586570552942,0.028193819228715666,-0.18115228768321331,0.26127831499456766,-0.11232269355611228,0.019210471534248263,0.030005792510295115,0.00024343016959044866,0.009709409790626577,0.6060938384795828,0.11900817906217459,3.016187085614805,-0.12135922608983367
2018-08-01 13:30:00,-0.006532169622617122,-0.01953968878202524,-0.19570283726659027,0.3350723937021291,-0.08691814302286699,-0.00046378651365859905,-0.041167568656423306,0.0001957617011261764,0.00974178485470771,0.5488245974491974,0.16500448884512503,-0.7049268322058306,-0.12789139571245078
2018-08-02 13:30:00,-0.0011973890238207037,0.0026693085291016696,-0.19486527661571962,0.33097545241118614,-0.09530761957256073,-0.002287557175433904,0.008191931003985223,0.0004295698016633477,0.00964407660651457,0.7297185847226244,0.11987097270553196,-0.11133648343051829,-0.1290887847362715
2018-08-03 13:30:00,0.0016296475516141468,0.0007252431753233349,-0.1978481707811341,0.3275394776106726,-0.09592667509006408,-0.010467744242349494,0.00588188603808663,0.0005704209366189409,0.009639788578832098,0.8226576172156603,0.14197389263898819,0.1847107690805147,-0.12745913718465735
2018-08-06 13:30:00,0.006323842863256823,0.008521377048070359,-0.19874911155825448,0.33347303453918203,-0.09674202175147206,0.007770124056876862,0.004800136739997721,0.0011436766137698346,0.009623138109360309,1.2697311245593825,0.15625472792577963,0.6917218857657921,-0.12113529432140052
2018-08-07 13:30:00,0.004504286965218497,0.006450346819398563,-0.19909693003406992,0.33543312641399325,-0.0970699100784292,0.007950440403218424,-0.0009650422224561179,0.000865546461973415,0.009430113554921205,1.0002608315669452,0.03881810396077757,0.490390276859875,-0.11663100735618202
2018-08-08 13:30:00,-0.005701206061006539,-0.004020959202527393,-0.19021224993538782,0.3381953506773367,-0.09663334964854338,0.0012365210625105245,0.0032084125205456377,0.0012660698351936775,0.00893553611681438,1.302659882456252,-0.3155770702227239,-0.6084583281142752,-0.12233221341718856
2018-08-09 13:30:00,-0.0007258648670842371,-0.0015342007502669637,-0.19070829901280922,0.3383759064364169,-0.09686073866042832,-0.006064601545481903,0.0077335400263612115,0.001275978150442092,0.008933089305158974,1.2732285093493523,-0.2900276736300817,-0.050433257955190804,-0.12305807828427279
2018-08-10 13:30:00,-0.01357685895519522,-0.015410003035357741,-0.18409354224928873,0.35164306279374735,-0.08523852366156197,-0.01108799172075677,-0.02155711047755301,0.00016153145478098413,0.009337736150048112,0.353780387232102,0.07387880187908948,-1.4220209928927905,-0.136634937239468
2018-08-13 13:30:00,-0.017984791856967542,-0.01898661394507617,-0.184954751193403,0.359567153864979,-0.07138175025419882,-0.020307750645367162,-0.006236114764820999,-0.0007147572782351977,0.010183111255468903,-0.3557969792706511,0.8344930455274079,-1.8148103499167723,-0.15461972909643557
2018-08-14 13:30:00,0.00643505955177721,0.007923937137007156,-0.1885763395427195,0.359689030732321,-0.07268320064554624,0.005850907386871921,0.005502132929231665,-0.00019326449231193608,0.010272962656414005,0.07832344576895513,0.9656546591109322,0.7775079164835312,-0.14818466954465837
2018-08-15 13:30:00,-0.0016304358419545794,-0.00811102926144299,-0.1887977980657844,0.36168417386090623,-0.06959790289450296,-0.017326481532115433,0.02678355025902971,-0.00035298364573299937,0.010269036077773566,-0.04386883279867767,1.0109980953713125,-0.0906815141876796,-0.14981510538661294
2018-08-16 13:30:00,0.0029660854597786165,0.0021127254194379663,-0.1770853008994525,0.3707270591388728,-0.07702105970383226,-0.008696507847318236,-0.005118326386588601,-0.00035662299257535265,0.010267783558253958,-0.051624283796796205,1.0864871924031996,0.37505615850630547,-0.14684901992683433
2018-08-17 13:30:00,0.012263232078979502,0.01122747364350322,-0.1839296315654495,0.3723215147710666,-0.07124928399274043,0.006065074990404132,0.008742364077342338,0.0005417531647729363,0.010557217034019148,0.6948278041867262,1.414056221276662,1.3725394067305383,-0.13458578784785483
2018-08-20 13:30:00,0.002337391487420622,0.002583378247555612,-0.1835580924754983,0.37287468689628633,-0.07162515157913801,0.006068250832434674,-0.004165339418669478,0.00142552415826548,0.009875748153362961,1.394003663463634,0.7930207400105641,0.28620336401618385,-0.1322483963604342
2018-08-21 13:30:00,0.0006559169061136436,0.0033445243709226227,-0.18463491597630216,0.3716561047256758,-0.0722034472262612,0.010523481158553763,-0.0017167089435852954,0.0015702886258084268,0.009840355479712189,1.473668496349973,0.8215629113550419,0.09960468259686805,-0.13159247945432057
2018-08-22 13:30:00,-0.00486040169287918,-0.0023658636282937926,-0.19153767400564126,0.3551514939921973,-0.08426640175603799,0.005049363217494643,-0.014343684244667662,0.000964693632754442,0.009845014911573498,1.05142767834464,0.7992155468137238,-0.47668791056946563,-0.13645288114719975
2018-08-23 13:30:00,-0.00361710534583897,-0.004286013636005707,-0.19029204087900647,0.35545053730678616,-0.08168645277549606,-0.0035387685025823163,0.0004212900163039395,0.0001583305035668356,0.009504161901844334,0.4240142817336698,0.3981775737431704,-0.34364102531082774,-0.14006998649303873
2018-08-24 13:30:00,0.0010215082457579443,0.003544677937109294,-0.1627526932840364,0.3662934795711659,0.022518973090515797,-0.0007542570254457739,-0.0037522558460288216,9.153750721852777e-05,0.00949258119943629,0.37601697431771725,0.35803895394231394,0.13786354116368552,-0.13904847824728078
2018-08-27 13:30:00,0.005291660725095289,0.009837966701400728,-0.1468139144809938,0.37173392404786826,0.2622388772038309,0.0159795973736128,0.002459380358924493,0.0007533997569100576,0.00936330345724928,0.952955904378599,0.17748058202389932,0.6030285833480363,-0.1337568175221855
2018-08-28 13:30:00,0.003947003291436199,0.00480941117691791,-0.15683133926321918,0.3777598228406056,0.26531521610479025,0.006869241758693634,0.009071041167609817,-0.0004225294070457795,0.007014119490128216,-0.07509887509691635,-2.6050552178074367,0.43596088543342654,-0.12980981423074928
2018-08-29 13:30:00,0.0036175628254992618,0.006732894776328102,-0.12567533444588871,0.3731428537876682,0.24590457801682497,-0.0005856157232990711,0.0005803478442629739,8.495721536003964e-05,0.006915289545482989,0.37251730539910494,-2.5898440452578555,0.43050573100796624,-0.12619225140525
2018-08-30 13:30:00,0.001848423497105157,0.0008346710618541234,-0.10328666915978657,0.3676776381601603,0.2319353802461744,0.00046234203713816735,0.003626187404219864,0.00023724784140633268,0.006919099854801391,0.503792156772598,-2.470703883950789,0.22577134757219672,-0.12434382790814485
2018-08-31 13:30:00,0.0039229682067069595,0.004596578062815215,-0.12029605297130519,0.37674208788851465,0.23368496902373417,0.008879593355887172,0.012327826174673873,0.00035191387416097335,0.006962258046028908,0.614834241983077,-2.329228473949086,0.4697625570218182,-0.1204208597014379
2018-09-01 04:00:00,-0.01640741018804448,-0.017543482149549223,-0.08576379475793106,0.37924495783076995,0.1077467536751705,-0.011060159982364388,-0.04200325163686887,-0.0007846487784040918,0.007747200576906173,-0.36851237504687007,-1.4863588636059906,-1.771690282228707,-0.13682826988948238
2018-09-04 13:30:00,0.010290876242243098,0.008675716311897674,-0.06444214163403467,0.37827982889543627,0.01619649715416242,-0.002367536944376636,0.03464959132708312,-0.0004953193145528619,0.008056979325591787,-0.10582728474583523,-1.1524159408304153,1.149257885832706,-0.1265373936472393
2018-09-05 13:30:00,0.011042229941395497,0.006012184850256415,-0.017967166946014884,0.35383821825927486,0.015242253055388547,-0.007951471738006404,0.00735852097789332,0.00034185248556724003,0.00835205633288329,0.619211084999905,-0.8572262635421283,1.1924439199858228,-0.11549516370584378
2018-09-06 13:30:00,-0.002705025442252326,-0.006274729938658741,-0.021089834191100193,0.35728357604729993,0.015145731122102343,-0.011967310631852746,0.01219374640712434,0.00024289445680883556,0.00837706029865341,0.5146681797847071,-0.8480375661415961,-0.30772305184969845,-0.11820018914809612
2018-09-07 13:30:00,-0.003959050094357078,-0.006100459256115094,0.048119114637040106,0.38492939705266876,0.003276549055728865,0.006132466807438212,-0.005963048069508277,0.0007237848998507426,0.007798020285122716,0.9114355961062635,-1.419559447757124,-0.501298310026299,-0.1221592392424532
2018-09-10 13:30:00,0.014448905001804947,0.016370368481766946,0.07156764118722682,0.39020971982687486,0.017199280501271175,0.011379600827506515,0.0167825844484832,0.0023454697427893667,0.0070380325073937456,2.276115211894274,-2.104317303220579,1.5491263087236247,-0.10771033424064826
2018-09-11 13:30:00,-0.0005340860300724246,0.0025530246976154247,0.07339903820931616,0.3895143267182852,0.01755218404729127,0.005127962479928527,-0.006929104105256045,0.0019970124636968854,0.006997303153673166,1.9212787282070922,-2.0406300835819757,-0.13860708766689356,-0.10824442027072068
2018-09-12 13:30:00,0.013172766493761465,0.012585724082938269,0.08788652793786939,0.3817980467771532,0.02236650005332778,0.013507738136320483,0.007413024218508127,0.002737172580482688,0.007366585776415329,2.479578154183677,-1.6231405948518627,1.3540785667487725,-0.09507165377695921
2018-09-13 13:30:00,-0.007184220674945473,-0.0020894774478619573,0.07603116517959677,0.37306061249353895,0.016274491262017816,-0.00965684356311928,-0.0024958876017913503,0.0022296572737464833,0.007692427381302119,1.9506965125112046,-1.2927078364487277,-0.8972253204224495,-0.10225587445190468
2018-09-14 13:30:00,0.003307441488537643,0.0025036568643256687,0.07450432082352178,0.36683343689641795,0.02183230054233713,0.0078161980743963,-0.0027759190486208083,0.0017818677442243904,0.007329730473618632,1.5233528155012843,-1.6112012007534116,0.2609775298461966,-0.09894843296336703
2018-09-17 13:30:00,0.0017693625997935057,-0.002233689752447199,0.09444237855553746,0.3591393137668996,0.014744529523256963,-0.0055489145057409095,-0.0038494079434777673,0.0017534662998430345,0.0073285650365736395,1.473663457920025,-1.5884530682123308,0.07742781933685285,-0.09717907036357352
2018-09-18 13:30:00,-0.005970259281027422,-0.002653704235486128,0.12739790289171923,0.33131921297193817,0.003388599004882457,-0.0008181382170464233,-0.009241752470422656,0.0014221574904859809,0.007527862127646612,1.1349337375586301,-1.3718533545527904,-0.7550078710367866,-0.10314932964460094
2018-09-19 13:30:00,0.005018930829639929,0.003566150342573756,0.09482637260797008,0.33338970429322656,0.003332583838243419,0.025265372261705516,0.000494383667758743,0.0019161241166119364,0.007417233219620178,1.5667325905429124,-1.4434892894428255,0.4691656802942639,-0.09813039881496101
2018-09-20 13:30:00,0.0031814103398678344,0.008020516429194213,0.10140278848177042,0.33071158507653614,0.0038086364787739413,0.005952850005596533,0.0077539301222731005,0.0022560499008972765,0.0073052430854640684,1.8258341233129838,-1.5055341785009655,0.268413782358439,-0.09494898847509317
2018-09-21 13:30:00,0.004997982000186124,0.004830262765548691,0.10253161433427177,0.3426355528400272,-0.0025772726824797956,0.0005718208368054407,-0.0017774304448815075,0.0024548735886186857,0.007323963679447815,1.9435353440839171,-1.449864824834393,0.4457489469880433,-0.08995100647490704
2018-09-24 13:30:00,-0.005824238970160999,-0.004791936634035728,0.11583277345018789,0.33691888513334634,-0.002835295866230362,0.004065720894492901,-0.019439259197368736,0.0018990786038558713,0.007516601337884518,1.3764896072799546,-1.2531148017493632,-0.774134133506807,-0.09577524544506805
2018-09-25 13:30:00,-0.010487603922058827,-0.012016935690736807,0.19044939673526048,0.4040936324932265,0.012929505871039507,0.0016741506878553691,-0.018447040696599637,0.00117734824318112,0.007987834934852216,0.6637000455392721,-0.8174818096529238,-1.3200678886712365,-0.10626284936712688
2018-09-26 13:30:00,-0.0018976629636477849,-0.0029777483852328293,0.20604632625064379,0.38279949901817506,0.005605997382952681,0.006854378798901236,0.006671340097691067,0.0009015869537237677,0.007994355880447175,0.3761448911307636,-0.7848983427813188,-0.28066315063164055,-0.10816051233077466
2018-09-27 13:30:00,-0.0038445989604009773,0.002290547879218748,0.20390043672554803,0.3911745306127965,0.002544184338276708,-0.00802866776557746,0.002290547879218748,0.0006169358308484609,0.008059953143973887,0.07331485776937935,-0.7024156820423647,-0.5246658405580447,-0.11200511129117563
2018-09-28 13:30:00,0.010162525831154902,0.01460325778577487,0.24407046165588664,0.3924960251505859,0.011889238831111815,-4.3111547218810387e-05,0.0173680885615497,0.0009289137120708582,0.008311488192142379,0.35532108413607166,-0.4630967556405591,1.1589274587584981,-0.10184258546002073
2018-10-01 13:30:00,0.01274581462511009,0.06597221088549603,0.21253407830919935,0.592721761913683,0.17144253977851598,0.08869552924611072,-0.07741673026552805,0.002386574952728587,0.007640375364032162,1.8206730276663057,-1.0174000425159127,1.4172722979022583,-0.08909677083491063
2018-10-02 13:30:00,0.002917637259349371,0.005425379887215254,0.21238814435926512,0.5921888773372735,0.17081665541389665,-0.008106227959053802,0.004383472912226738,0.0020179130035839,0.007413420242002202,1.3864827173518022,-1.1748876082517874,0.2566887842118137,-0.08617913357556126
2018-10-03 13:30:00,0.0005980976352713831,-0.0004896766719025836,0.25348234829380406,0.5866317212284787,0.1539427913600642,0.011544910076106585,-0.00855521329469322,0.0014957063882776946,0.007105745557055492,0.8151412125424166,-1.3949577886058244,-0.054264174492078376,-0.08558103594028987
2018-10-04 13:30:00,-0.003728249829387893,-0.012502083433982736,0.2515758303250596,0.594742822825913,0.15219906051067617,-0.01783129873730893,-0.008372588731615505,0.0014445451689209163,0.007141177846809162,0.7373333685043971,-1.3206295309873413,-0.5849248154449327,-0.08930928576967777
2018-10-05 13:30:00,0.000798581450075478,-0.0013793046835022988,0.2535993592501948,0.5942911897916243,0.14777337644920294,-0.016714620491670013,-0.001249638085958645,0.001682426746142544,0.007030080759499125,0.9718737231409479,-1.365722679906269,-0.007167829648961562,-0.08851070431960228
2018-10-08 13:30:00,-0.0006302360827711822,-0.0009292608829895391,0.2520541282549482,0.5941122402615839,0.14919150090121755,-0.009319891514272186,-0.00015150826731894862,0.0009284696919137376,0.006366090644277642,0.12647177798955622,-1.844148737623911,-0.18543176768464098,-0.08914094040237347
2018-10-09 13:30:00,-0.013760874755733163,-0.00980067615528076,0.23856095287418944,0.592159459633027,0.15386201017425905,-0.013868794970287443,-0.018750296013846444,0.0002671302556307006,0.007163156705612497,-0.6078209107555652,-1.1374529594078178,-1.7631121186765344,-0.10290181515810663
2018-10-10 13:30:00,0.0009521628575255327,-0.025285623299425002,0.24014232269869146,0.5900305767506775,0.18073814043305492,-0.019760591656484177,0.006081125159237383,-0.0003438999261810959,0.006494338145796772,-1.2528840239061665,-1.6222557904801789,0.03319636285852001,-0.1019496523005811
2018-10-11 13:30:00,-0.009160814048310912,-0.020918671177710957,0.286908702531363,0.599293737843826,0.1985559000987711,-0.002585418083591029,0.01292309886798415,-0.0004427295948493679,0.006617778175848209,-1.3165536871670018,-1.4631372834025158,-1.1629781309595066,-0.11111046634889202
2018-10-12 13:30:00,-0.01623915841644124,8.343421743132555e-05,0.2798974552430459,0.5725266565462458,0.19747861094217067,0.0012150748172337449,-0.0026640203001363125,-0.001420059590098312,0.0074284824322496945,-2.2357278035831,-0.7861131526139729,-1.9394752378350768,-0.12734962476533326
2018-10-15 13:30:00,0.001300000262426514,-0.0034493674839570034,0.26230427479970586,0.5726423168177096,0.18635292198353023,-0.008170855650420453,0.0049072655337516115,-0.0014435277069666616,0.007418610915246091,-2.1532224125555697,-0.7664988474807591,0.08716083556951656,-0.12604962450290674
2018-10-16 13:30:00,-0.002861756052276298,0.017365410098751404,0.259283283993314,0.569133521173334,0.19301900521387527,0.007027295502520053,0.00907688057969917,-0.0012881025455291053,0.007351036101709328,-1.9529572326572024,-0.7934352516955668,-0.4141392562928692,-0.12891138055518303
2018-10-17 13:30:00,-0.012523273053091432,-0.012037364320392966,0.26338631539203505,0.5681488744200087,0.19875577347457207,-0.010177202906677377,-0.005735380548041605,-0.0021652127396656735,0.0076011801164423765,-2.638465125009531,-0.5667530491010597,-1.5185359098560927,-0.14143465360827445
2018-10-18 13:30:00,-0.003632053090519557,-0.01628792111212148,0.23704115373222143,0.581803262623833,0.20853729039969382,-0.01777916710487822,-0.011324478402356248,-0.002505885911185043,0.007500964577108914,-2.733811507732493,-0.6230296011531262,-0.4359341281798925,-0.145066706698794
2018-10-19 13:30:00,-0.012698089806687948,-0.009967276385018634,0.2015823333622322,0.587106661946815,0.2136026099178525,-0.025600464276203695,-0.0010989578792014818,-0.0033906895015287466,0.007612110713926121,-3.137254240446987,-0.5087186597609678,-1.4755147188794784,-0.15776479650548197
2018-10-22 13:30:00,-0.0023455159657675088,-0.0005511526174615256,0.2041710512952568,0.5863660312977439,0.2075026422332089,0.005862648240159141,0.010492924250616431,-0.0032167533513090723,0.007593298672676068,-2.756006578521733,-0.501135201469765,-0.25807847515011695,-0.1601103124712495
2018-10-23 13:30:00,-0.020734442579754923,-0.024542122841285652,0.1875416381480114,0.5817816960699013,0.20067280988022282,-0.01900947486880522,0.0016100269529855105,-0.003729095284193877,0.008411332558159765,-2.860781389335162,0.20927215539191144,-2.4791412066716028,-0.18084475505100442
2018-10-24 13:30:00,-0.006645510135399511,-0.031771809091689675,0.2461220810619854,0.6555976355510857,0.22091448213281328,-0.0560668319964848,0.007711413704308466,-0.003966487642781463,0.008423913396354977,-2.7724690007343047,0.24248558939346523,-0.7096289406982043,-0.18749026518640394
2018-10-25 13:30:00,0.0006403449341399088,0.01862881158115363,0.2539733211977824,0.6628935936488914,0.24537642502830573,0.03420002889610056,0.006387927625843542,-0.0037422404480544195,0.008486789532253304,-2.44784269828914,0.31818191724687594,0.201190202966014,-0.18684992025226402
2018-10-26 13:30:00,0.015922549109551955,-0.0040895300336880975,0.17823892663368684,0.6264460451852042,0.24647044637005303,0.014302817567872068,0.0033750944092321893,-0.0034542392841345666,0.009061743948535702,-2.143427186593286,0.8404210322172845,2.0165897630597542,-0.17092737114271206
2018-10-29 13:30:00,0.0003895349910401809,-0.010674339534618382,0.1771826941076679,0.624366399194676,0.24962520432136268,-0.02472697192670481,0.007977982364131275,-0.004072053265838062,0.008287237607448737,-2.3385763425115145,0.1749649240534743,0.14783386294858297,-0.17053783615167187
2018-10-30 13:30:00,-0.005337559855717422,0.004630948633032077,0.1713022701901099,0.6180166544260322,0.24747711145026932,0.0007506347664821096,-0.018514546990226328,-0.004484813121591402,0.00812477094545033,-2.3933601846358368,0.04865530638986636,-0.5308554924675394,-0.1758753960073893
2018-10-31 13:30:00,0.003296774590002747,0.015189242463810038,0.16303245198242755,0.620520241775434,0.24802730478468313,0.026969182765995026,0.009046947752368029,-0.004349879273854834,0.008235287161740868,-2.185118269803494,0.1611056719289011,0.5048365534735518,-0.17257862141738656
2018-11-01 13:30:00,-0.01128718799780798,-0.011580132436699864,0.2412869364838819,0.6261732159273825,0.21042149062121016,0.026915943975583168,-0.03608477131126142,-0.004727826182275838,0.008377482632641074,-2.231975355460563,0.3016199951065694,-1.237867369208986,-0.18386580941519454
2018-11-02 13:30:00,0.036095098296875294,0.025782210471069173,0.18651091062664724,0.5832899343613644,0.2098250982046186,0.03139492330374756,0.028292349307823168,-0.002963000339935847,0.012369614440188758,-1.329562915637998,3.5324229962434894,3.8489941403801327,-0.14777071111831924
2018-11-05 14:30:00,0.013355834955583859,0.015386632305462259,0.2201887531125303,0.5864400580663043,0.20830224329931882,0.0012758318414051537,-0.0013392548940827833,-0.002263696788018095,0.012892719189216625,-0.9753913159258291,3.563846839353169,1.4013554432944122,-0.1344148761627354
2018-11-06 14:30:00,-0.006592964412324929,-0.0005809636989719443,0.20985784588168713,0.5812947030589497,0.19998305581125828,-0.007260313084664645,-0.005239808963694433,-0.0019053012708476833,0.012653708555108509,-0.7876051173414907,3.1281521947130346,-0.7219649927482393,-0.14100784057506033
2018-11-07 14:30:00,-0.00907404472850659,0.010837823090050472,0.18903932988131988,0.5623526258127459,0.19840693759192196,-0.0005884012232922533,-0.005536624967178735,-0.0024066116501492893,0.012732903921778857,-0.9992945618781716,2.961432500967934,-0.9678604529416347,-0.15008188530356692
2018-11-08 14:30:00,-0.009433961396169612,-0.013389544792021776,0.19562732130101235,0.5669366307224942,0.21403217523993082,-0.011749747040225652,0.008281353924938709,-0.0024202690175422242,0.012740673921049394,-0.9813608989567959,2.7801020906038043,-0.9769319190347724,-0.15951584669973654
2018-11-09 14:30:00,-0.0011933054910933279,-0.01068986931532967,0.18753691039660708,0.5669983555723713,0.22146714683912858,-0.01214982206427595,-0.008941167327381039,-0.0016679763712748284,0.012318995853753937,-0.6141363006483043,2.4134159240282496,-0.08151372101937401,-0.16070915219082987
2018-11-12 14:30:00,0.008593313070476876,-0.008416253674691565,0.18273670828754102,0.5546421586223472,0.20809503717535383,-0.007869436933083063,0.012313870317189224,-0.0013033107308723104,0.012517821134549127,-0.426055152118592,2.397522752148449,0.9530096436845256,-0.152115839120353
2018-11-13 14:30:00,-0.005315949513792065,-0.004351619154174517,0.18159229937267748,0.5539830922508845,0.20956393894348002,-0.008545643827633825,0.01860618833699697,-0.0014260204039480988,0.01254589980847127,-0.4623513490059769,2.2917786944419865,-0.5205139141015619,-0.1574317886341451
2018-11-14 14:30:00,0.0007442195344292881,-0.005518668001454656,0.17752202761340785,0.5535064845023959,0.2082924174621742,0.0048318856633298895,-0.0038405443677762925,-0.0007626457745720628,0.01227610439909691,-0.139317442561287,2.053707510284853,0.11543547506277249,-0.1566875690997158
2018-11-15 14:30:00,-0.003092451788456272,0.004870283495253203,0.1795330197052672,0.5513412442281178,0.19838873281193134,0.01312697496984705,-0.009801552463995167,-0.0007356657094688986,0.01227005765947989,-0.11974627896559,1.9630412874681136,-0.295114448971077,-0.15978002088817206
2018-11-16 14:30:00,0.006930290000745026,0.00797190461312051,0.19683441901375887,0.553834681554802,0.2011844462979281,-0.0073842351776092965,-0.0039276245612801155,0.00024575328090275015,0.012045823924428298,0.3395619901564218,1.7788931493152345,0.7608380808690252,-0.15284973088742704
2018-11-19 14:30:00,0.0075461755077472735,-0.009169785624860483,0.1992821802885849,0.5415726757421393,0.20116300589396993,-0.013542903688707808,-0.0088722877711922,0.0007403378545784892,0.012136558119385804,0.5717511810894205,1.7555870074889883,0.8199458643842756,-0.14530355537967976
2018-11-20 14:30:00,-0.010674658713409831,-0.02165543349883703,0.21060385983865293,0.5506149481683157,0.20563161277170902,-0.01748288987073021,0.011102169161871456,0.0012433270478957438,0.011384894900681798,0.7904477376036861,1.336354308383627,-1.0757340241161983,-0.1559782140930896
2018-11-21 14:30:00,0.012843025416287283,0.014238213411216819,0.18822669149589744,0.5517953065363167,0.2128262733630276,0.028995116665322097,-0.0014635968937589307,0.0022177538254800834,0.011507503056535933,1.2135676877672925,1.3454983783529677,1.3590488914697447,-0.1431351886768023
2018-11-23 14:30:00,0.001790090682334186,-0.002116155433939948,0.188048868946585,0.5513733351858776,0.21452784469456876,-0.0026708703718973936,0.029256885901968732,0.0022752411128897972,0.011502078728639823,1.2098093385844348,1.2954349694807927,0.2146962771999961,-0.14134509799446812
2018-11-26 14:30:00,0.004026008575235022,0.01801510925250464,0.19606635301710262,0.5561610723256721,0.22105094562171337,0.012101370562057106,0.0029939059804659322,0.0016804140861739509,0.011058215031164461,0.9228401586708525,1.0478911148659613,0.44600252721265327,-0.1373190894192331
2018-11-27 14:30:00,-0.004804253311246697,-0.0014736121723133062,0.1773337242514179,0.5511228029355467,0.27811188138933435,-0.009006295652931503,0.0013011154463391887,0.001420724671059607,0.011150723470520763,0.7847369226500992,1.0571525953613488,-0.4993770801799643,-0.1421233427304798
2018-11-28 14:30:00,-0.005579731598034076,0.011650683772646811,0.16227176633428556,0.5420000856343467,0.39164687398080583,0.012379994769216732,-0.005507967803021282,0.001408616083943774,0.011158577277444726,0.7612060472241605,1.0284025669527868,-0.557834691653518,-0.14770307432851387
2018-11-29 14:30:00,-0.005533125922583169,-0.0077483075954961995,0.14326336620868924,0.5454600549361887,0.4005149976139381,-0.007383385955846348,-0.014283346686455072,0.0009671210583144782,0.011254209440928684,0.5576073353431694,1.0414302060413092,-0.5288994351989675,-0.15323620025109705
2018-11-30 14:30:00,0.008840750711680162,0.015082310079624758,0.16506507512308044,0.5501829054817151,0.41122487276540937,0.0002961274811868666,0.016894278424363494,0.0019735179937888855,0.010997742903136336,0.9868172503061755,0.8963725600832364,0.9924439223329297,-0.14439544953941688
2018-12-01 05:00:00,0.0065455785272188205,-0.043217520619926196,0.11471563566322462,0.5211866996021998,0.25310927931197974,-0.0032730680756835814,0.08117443306733643,0.0004960420053060617,0.007646875590092627,0.33330175405487383,-0.6493462686197699,0.7257643361183238,-0.13784987101219806
2018-12-03 14:30:00,0.002405165330555667,0.06853277811044034,0.119636542995613,0.5276270121023894,0.18632258362545628,0.016433423184953888,-0.09892541574232805,-5.1491475945347924e-05,0.007046066608593189,0.1092369121682388,-0.9267003270189105,0.3121520023917886,-0.1354447056816424
2018-12-04 14:30:00,-0.01740313885932422,-0.038693002105123976,0.11082514603568772,0.5434413513747444,0.21759178178708458,-0.03940529803808349,-0.009985868864168558,-0.0005920001982953125,0.007933074812265123,-0.11513845131526493,-0.5274234975735094,-1.7642946281764487,-0.15284784454096662
2018-12-06 14:30:00,-0.01045123254880628,-0.007451361233305476,0.1111495522960621,0.5429685099061163,0.20417022851304747,-0.008519303584099247,0.010982495365847722,-0.000660859589310297,0.008016116642106132,-0.12273397119158852,-0.4955446776091708,-0.9967324084152152,-0.1632990770897729
2018-12-07 14:30:00,-0.0060645623166821865,-0.024691733702044433,0.11149477926522955,0.5487849985076513,0.2172996762268848,-0.02842511329915128,-0.019104628577699973,-0.0004923896353359258,0.00785583738617212,-0.02449548477613641,-0.5718726527885128,-0.5299312500158152,-0.16936363940645507
2018-12-10 14:30:00,-0.015055749130882933,-0.010397540851851147,0.11294078435708627,0.5456773392768559,0.21641212244451133,-0.01234590005506527,0.005210445176520398,-0.001185511817325406,0.008505605672601366,-0.3276960150411826,-0.27971939778589494,-1.4370273286009756,-0.184419388537338
2018-12-11 14:30:00,0.0008898786145306441,0.0017809134018966037,0.11036788449976453,0.5479557759157567,0.21797047145396412,-0.0022846793268501324,0.0014636884891780315,-0.0015706835401227176,0.008208711397801305,-0.4866392937490337,-0.42749219137530053,0.24564501276070674,-0.18352950992280737
2018-12-12 14:30:00,0.01177967865449762,0.014918520395498236,0.10129553885018533,0.5519783973741809,0.2230046394960343,0.021256590779563767,0.010956210794527799,-0.0007159021317082334,0.008675033874728552,-0.06475803888250674,-0.21812442048855984,1.3442446257644336,-0.17174983126830975
2018-12-13 14:30:00,-0.00347527237412767,-0.0035885379536667226,0.11322809969629094,0.5508153461397786,0.2225751349115929,-0.012270661410851721,-0.006746248197604906,-0.0009268767271360813,0.008688952468758598,-0.14470376866290321,-0.22273765044740526,-0.22854810585756508,-0.17522510364243743
2018-12-14 14:30:00,0.008205631110815868,-0.0064827897317524625,0.11335668866887767,0.5460613846949056,0.2209601649456299,-0.0045506012904295385,0.016337490297993435,-0.0003619725821724743,0.008905322640470571,0.15226315612648836,-0.13351705573291298,0.9752792892105737,-0.16701947253162155
2018-12-17 14:30:00,-0.009207778771730957,-0.0274740815792142,0.1351247587665435,0.5487076619508903,0.23344757591245335,0.004732985914703242,-0.00927468239853228,-0.0011688760207962732,0.008940858270547783,-0.21948561388781557,-0.13028432230542722,-0.803929618348178,-0.1762272513033525
2018-12-18 14:30:00,-0.011871880785723139,-0.010996167430359768,0.13987654002277405,0.5467253840637858,0.23248132851505807,-0.004267694020460197,0.012625785511720259,-0.0021397788354697938,0.00899879853971304,-0.6808835520256106,-0.11493625255120223,-1.0606184004660542,-0.18809913208907564
2018-12-19 14:30:00,0.0007485436473916203,-0.014372519764876376,0.12884990305136473,0.548087492020598,0.2350788819383448,-0.012724650078450436,-0.0026116698536615326,-0.0015686187174297212,0.008788637648553404,-0.3703564150187709,-0.2237234484430843,0.2170459168283764,-0.187350588441684
2018-12-20 14:30:00,-0.0068598285529637565,-0.016457634829890155,0.12772547524805006,0.5500709674133994,0.23384851654668395,-0.015907319686190524,0.011253889404790884,-0.0025537614158922736,0.00817072493979479,-0.8456400282395461,-0.5254703309164795,-0.5592706213970517,-0.19421041699464775
2018-12-21 14:30:00,-0.0013284324559053387,-0.02049950710456061,0.12950170548726003,0.5510395814837097,0.2374558853502067,-0.01622565293231304,-0.010792585511522512,-0.00270968757280425,0.008113018438465156,-0.8955614112058693,-0.5540664912231548,0.006579564087084651,-0.19553884945055308
2018-12-24 14:30:00,0.004331705434409028,-0.015092429434347965,0.09567382980025518,0.5527703509788654,0.23815872597329904,0.026721446478100264,0.025364282625926604,-0.0026944027298455497,0.008126652822428677,-0.8583274479513902,-0.5455291309267376,0.6059115695335254,-0.19120714401614405
2018-12-26 14:30:00,0.019498631839961866,0.05302506329026794,0.16114202910173603,0.5294353000400562,0.27426952130986365,0.03944915289638821,-0.009196479743860252,-0.0014792584722851214,0.0094961350543445,-0.20851402690940893,0.10484610153173114,2.127088206942422,-0.1717085121761822
2018-12-27 14:30:00,0.008910607860086961,0.010639026993885636,0.15940213259166702,0.5310230594890475,0.27643299596152054,0.00221939277020633,0.00539308766804214,-0.0007547414993790694,0.009717027875971262,0.20139313116668867,0.19524582518361633,1.0302169817365634,-0.16279790431609523
2018-12-28 14:30:00,-0.002549018522899748,-0.004183215675004237,0.16182013866618816,0.530149130770423,0.2761603550822034,-0.006649805646310347,0.0034705226284439394,-0.0006055361293948983,0.009662551726826129,0.3055964217891697,0.14903817744509223,-0.12335246331530696,-0.16534692283899496
2018-12-31 14:30:00,0.00902049691362528,0.012204890857003159,0.16270846578822362,0.5315538310205192,0.2794884082093994,0.010501061172969228,0.006946357895127209,-0.0005965488192976423,0.009671879404870526,0.33474307309113943,0.13412397535421164,1.0166713581814846,-0.1563264259253697
2019-01-02 14:30:00,-0.028965634910427848,-0.08760567757408133,0.2442876451767324,0.5615211775203407,0.30132771681667647,-0.03738620997173636,-0.004507282514710442,-0.002372109491179976,0.011397373940024422,-0.6278184507071886,0.9671781054589701,-2.5816118658784655,-0.18529206083579752
2019-01-03 14:30:00,0.0034745238608947654,-0.016869549454783805,0.24486103481136312,0.5595459832065743,0.30287886120831997,-0.016677579033763656,-0.006951789414156528,-0.002318641564663021,0.011423443374998375,-0.572873945561535,0.9508586521791104,0.4728405174542733,-0.18181753697490277
2019-01-04 14:30:00,0.014632623343419277,0.041311202526743994,0.25323699518758924,0.5716021586460167,0.33402557534068006,0.026503334667708232,0.007286730553186592,-0.000716853454525846,0.011442982065900515,0.35728890462366886,0.9295965133109858,1.4685392444478929,-0.1671849136314835
2019-01-07 14:30:00,0.004216801724376986,0.00789110236221228,0.2478178218984095,0.5764056016691501,0.3287363055893276,0.014713165479215343,-0.006974155531863499,1.6548259133317233e-05,0.011254753821926193,0.775138784960739,0.8059892002617367,0.48857244453462934,-0.1629681119071065
2019-01-08 14:30:00,-0.004092781468836557,0.0025880238267579347,0.23395156025387087,0.5778804693207058,0.32305865329488065,-0.009813992408211458,-0.005147663641489775,0.00011513730152559873,0.011207216841330336,0.8235442418256533,0.754736554739097,-0.2962673869821572,-0.16706089337594304
2019-01-09 14:30:00,0.0001743532733819459,0.0024496344609749032,0.22255253055865343,0.5892975346255205,0.3217615209275609,0.00848045796500696,-0.0133920026738098,0.0008766424217388425,0.010624406825962057,1.2223203384012844,0.4214326884638327,0.07953984272033515,-0.1668865401025611
2019-01-10 14:30:00,0.01935384213804311,0.02328621949290984,0.24173455743516659,0.5864258999396696,0.33265282637323584,0.01020336442009569,0.02039243827091049,0.0017998405979144662,0.011399545753593011,1.6726256576474672,0.8106313673359951,1.8271424346890126,-0.14753269796451798
2019-01-11 14:30:00,-0.00155039940350529,-0.005515220212383228,0.24234577461858386,0.5870709819177213,0.3270935689191597,-0.0017720908449749455,0.0004161859304831301,0.0011333366950143208,0.011172771450358124,1.2644247662264096,0.6613741597205501,-0.11258745306779179,-0.14908309736802328
2019-01-14 14:30:00,0.006250839181862618,-0.004770620927790015,0.2297925977726415,0.5904808377650927,0.327146891715988,0.017772988993462024,-0.0023517045436647344,0.001619642272813835,0.011173288889620818,1.4704172848795682,0.6360883971530373,0.5865345224707025,-0.14283225818616066
2019-01-15 14:30:00,-0.014990785527688965,-0.001690094270793067,0.22194958175979684,0.5854352345703968,0.3235270586398188,-0.013990701166793832,-0.005246750319421049,0.00045982144088859333,0.011647526692744305,0.8216612529185083,0.8711943404330372,-1.360645342926458,-0.15782304371384961
2019-01-16 14:30:00,0.008186764837279101,0.008458300698085619,0.24302139897176267,0.5798581093739856,0.32261207510228457,0.004850999348486207,0.00974696866158753,0.0013295486213390963,0.011536549096623588,1.2448264610515276,0.7811223553276329,0.7462737328017416,-0.14963627887657052
2019-01-17 14:30:00,0.010250850734830473,0.015560082614356485,0.24441154406336174,0.581627108345493,0.3302484178795316,0.011398095953567333,0.006366754658974072,0.002435685197366777,0.011261458414085435,1.7594939624650214,0.5988630304495701,0.9119459242309345,-0.13938542814174004
2019-01-18 14:30:00,0.0023685021510203783,0.008507722760023428,0.23711063754805406,0.5835819175115615,0.31843586599676776,0.007377216571052392,-0.011789783828997091,0.0025166831225482147,0.011254508617732594,1.7348933422189674,0.5712717868876022,0.1559207741808523,-0.13701692599071966
2019-01-22 14:30:00,0.003790957687190427,-0.006425682310534309,0.28591216548478726,0.5565167005356386,0.30137632103055084,-0.00830746010906791,0.015347576022076814,0.003049222434555924,0.011037372309314758,1.934727337163338,0.42290918421399293,0.2757576163063145,-0.13322596830352923
2019-01-23 14:30:00,-0.0006122222082273368,0.003421227697389654,0.2952167710541018,0.550762451539228,0.29322515658748965,-0.006721394858622073,0.013669236441321711,0.003085032946939824,0.011023574807203874,1.8770695438098595,0.39336587857251964,-0.14286745389159383,-0.13383819051175658
2019-01-24 14:30:00,-0.002685265709465965,0.0025450005146127053,0.3097933238212388,0.5529906447651632,0.29251556853054184,-0.0026614008040551917,-0.0027935228561731806,0.002734184389746074,0.011093253258202497,1.6367162143295417,0.41612833514121206,-0.3166661900286579,-0.13652345622122256
2019-01-25 14:30:00,0.012490774695540514,0.015457299670810073,0.29437232639126865,0.5601674280329161,0.2927706520696159,0.02914594017029356,0.0027441369281536367,0.002383791532525007,0.010637159153196057,1.4201199732393228,0.1229373430126488,1.125986369434951,-0.12403268152568205
2019-01-28 14:30:00,-0.0018922071973119497,-0.00984815670879132,0.293693454805133,0.5630387397034655,0.29361053931141173,-0.005159772613794708,0.00016280139972727793,0.001843650779655061,0.010562305707371928,1.1188484506952825,0.0541563793919663,-0.2624968430312591,-0.12592488872299398
2019-01-29 14:30:00,0.015385580587016182,0.011645242645104989,0.31683049414677333,0.5497337596359536,0.2923566668544323,0.008819124620217575,0.008595612893872192,0.0027403807351508574,0.010924837858143703,1.5678136631972268,0.25320091543465073,1.3610299513778668,-0.1105393081359778
2019-01-30 14:30:00,-0.0024890015792297607,0.01475904157328515,0.26039928048259886,0.5722934437445426,0.31493274971203644,0.007054913631190743,0.0006764393000510491,0.002164905810508106,0.01087965923108188,1.2444982437792158,0.20206929334148124,-0.3518010081761699,-0.11302830971520757
2019-01-31 14:30:00,0.004867441375851881,0.01947092509037603,0.27263841457225585,0.5799516573393574,0.32580483278610345,-0.0015993673890123787,0.013001134609095539,0.0038565596248220924,0.008045698409576167,2.1117173560776714,-1.5329649017166318,0.44824588418572625,-0.10816086833935569
2019-02-01 14:30:00,0.006778195608078148,-0.022167117442440747,0.21389168369104372,0.597648823528461,0.3218317221865317,0.02098345527714592,-0.016649920584034732,0.004021743212181261,0.008071314665635505,2.094799454525291,-1.4680540003995168,0.6715884568969585,-0.10138267273127755
2019-02-04 14:30:00,0.0017684035325332588,0.009796194772596634,0.21657292577955167,0.5983706313634171,0.3308750004768437,0.008146176116761827,0.00748447267363983,0.003378532221636961,0.007684532116659953,1.6719689454162616,-1.6482139464996068,0.11689187094588344,-0.09961426919874429
2019-02-05 14:30:00,-0.009883143803436568,-0.0038466036910728882,0.21731522042096696,0.6032137082409544,0.330089056487064,-0.005859804804952703,-0.005384170010528563,0.0026735349452462827,0.00823093514936505,1.2509996761552216,-1.2676936372093095,-1.1426035795983125,-0.10949741300218085
2019-02-06 14:30:00,0.002682160672635235,0.001234263442921324,0.2190112961647641,0.601603012745446,0.32740177555184286,0.0017821432832183515,0.008602810575487951,0.003012282052319872,0.008075758461250363,1.3905579672397872,-1.3244442288955391,0.19716215255558195,-0.10681525232954561
2019-02-07 14:30:00,0.0012334644399538872,-0.003361027893189964,0.223526707981907,0.5991039227565168,0.3235926582497837,-0.016518758411435946,0.018754813858731862,0.003065237610648469,0.008059626105619427,1.370013727580302,-1.2917384363695874,0.03440969495259878,-0.10558178788959173
2019-02-08 14:30:00,0.0005352275649420633,0.003006188011080768,0.20994569888989423,0.610186324402149,0.3293492623134525,-0.0013230810750493038,0.007592627083197856,0.0021243068819934165,0.007099181520444633,0.8304003385007138,-1.8256184721488344,-0.02742338989840911,-0.10504656032464967
2019-02-11 14:30:00,0.0044586743477038095,0.0043493790981481055,0.2133375369028444,0.6091544304968483,0.3290101436621798,0.004708617967811264,-0.00041705369584236606,0.0024247605695538717,0.007062538472208725,0.961492123686355,-1.7808315830042378,0.3873139824194167,-0.10058788597694586
2019-02-12 14:30:00,0.004538406044311412,0.01468288805461948,0.21213190735533283,0.6112641316658158,0.33395737957143207,0.01234729868423834,0.002032500656952152,0.0023391389126763114,0.007023987254364433,0.8851656682970875,-1.7367778836573873,0.38862835010162045,-0.09604947993263445
2019-02-13 14:30:00,0.003405537060569555,0.004012721201058851,0.2012964630622136,0.6175772698222052,0.3430034473472727,0.006880621084215129,-0.008479217829150103,0.003258955042089237,0.00571830501065382,1.3364437261596713,-2.3981944445514722,0.2522043501927555,-0.0926439428720649
2019-02-14 14:30:00,-0.002374858632263118,-0.0013124483452990148,0.18722526616422308,0.6233939741064461,0.3420607288981652,0.0003053635099170189,-0.004859603194090105,0.0027308738686121267,0.0057269463909276905,1.0206808967957641,-2.2628094603753772,-0.3691245310438279,-0.09501880150432802
2019-02-15 14:30:00,0.008479093351563036,0.012244789148103083,0.1642675906738406,0.6403636723418079,0.34298366290419074,0.009184037832632072,-0.0038916018693843455,0.002642285999448755,0.0056171513817812515,0.9488971954571823,-2.207529565536928,0.8280336402208341,-0.08653970815276499
2019-02-19 14:30:00,-0.002303721236688187,0.0006498626491380962,0.1679568392191627,0.6348625466352134,0.34677410676170944,-0.005273653845155361,-0.0023750413697224784,0.002408674830063326,0.005725253153153188,0.8102599445830487,-2.0364912212228865,-0.38291487460328755,-0.08884342938945318
2019-02-20 14:30:00,0.011581886225105057,0.013110941836320148,0.20561572630710523,0.6172832613666845,0.3448404339836341,0.008649688222595634,0.008888879717282286,0.002798221256959058,0.0060784092565536775,1.0063423679440255,-1.763342998005427,1.1764202220881916,-0.07726154316434812
2019-02-21 14:30:00,-0.00239366429798389,-0.002538980492579057,0.2015365573732506,0.6193977759398045,0.3445823336546763,-0.009822674251230401,0.012926365403218232,0.00270914915247123,0.006143717359621709,0.9526189328132119,-1.6591586822687032,-0.3835001421515482,-0.07965520746233201
2019-02-22 14:30:00,0.0024913756109113195,0.008984322871973557,0.20369221530368753,0.6179673442698923,0.3409657981387724,0.002811711653260515,0.006086779809720907,0.0029679812184900947,0.006012127348110864,1.067925999054433,-1.6579889746099696,0.16697774866157694,-0.07716383185142069
2019-02-25 14:30:00,-0.0044474104967095664,-0.002914563369185571,0.21417638663581562,0.6136675718429375,0.34128619717504227,0.003570961253796782,-0.0045870202948669805,0.0021210719588775906,0.0057889511937605775,0.620172833268864,-1.7014316559492695,-0.6121839223343091,-0.08161124234813025
2019-02-26 14:30:00,-0.012249338255151801,-0.011213473937795296,0.19840703191722253,0.626298162524663,0.3413353641831147,-0.009978617643316237,-0.008025697764720433,0.001603215405985598,0.006576536980643303,0.3500012076327012,-1.2481918620896058,-1.45483621624708,-0.09386058060328205
2019-02-27 14:30:00,-0.0009487945495717679,-0.0003776913531093884,0.19917530201171885,0.625641129591813,0.33996136364829294,-0.0016140744029798926,-0.004185107767744056,0.0007864966491562004,0.005735322267696863,-0.07137745871427598,-1.6184737408082042,-0.213605783422529,-0.09480937515285381
2019-02-28 14:30:00,-0.008093964498265611,-0.008056626839134662,0.17787497987778822,0.6336319987721273,0.3371828358690549,-0.013878855898570963,0.00195681096797784,0.0005062485032044079,0.006033011946793769,-0.2042827221918328,-1.4130261641582005,-0.9745197417989249,-0.10290333965111942
2019-03-01 05:00:00,-0.02524619843974847,0.0045580890937930345,0.14367944829637702,0.6644077950995676,0.36746739110259385,-0.023356688901739624,-0.016722821435679196,-0.0009994334875756098,0.008241021861085704,-0.9652711665631402,-0.2954352328654125,-2.6516865782154055,-0.12814953809086788
2019-03-01 14:30:00,0.032516706559541586,0.008579373071596433,0.09343997067164278,0.7118053544986287,0.41005610093441525,0.03368826177610088,0.01140938255311356,0.00028749205999756223,0.011050341664142621,-0.30579545460778135,1.0992384378278268,3.0480152568887995,-0.09563283153132629
2019-03-04 14:30:00,-0.010697156867524671,-0.009801134933534295,0.12460985867127272,0.6790819185567768,0.37281787118316884,-0.011551488190549408,-0.011606855532587668,-0.00033578596000533424,0.011310895702952909,-0.6303249081507353,1.1906584746583837,-1.1150674139958803,-0.10632998839885097
2019-03-05 14:30:00,-0.004322361921550321,-0.0032508243175582985,0.12171206904484788,0.6842795695406507,0.3883256947890222,-0.0020274994100426547,5.402929370901255e-05,-5.7746865911021894e-05,0.011130766989717327,-0.49362550307715813,1.0653999510342032,-0.5095196281632713,-0.11065235032040129
2019-03-06 14:30:00,-0.0016173618987070583,-0.0047048617158885015,0.13173759542151975,0.6753204955784186,0.37978863518240663,-0.0047048617158885015,0.007955277746040285,-0.00027272299447813654,0.011116574900433242,-0.6076892643176376,1.0246893766207306,-0.25259536301902674,-0.11226971221910835
2019-03-07 14:30:00,-0.0028269884802905347,-0.009907644147485314,0.11929878742397815,0.6913795145076178,0.381064003464495,-0.013231924036891959,-0.003954619508266552,-0.0004757456404903577,0.011124694722033595,-0.7232316891669436,0.9990010864895129,-0.39966136747137504,-0.11509670069939888
2019-03-08 14:30:00,0.0017026316910064712,0.0021509484403057963,0.12151661002596859,0.6906293523475191,0.3814637563333807,-0.0013361611540762355,0.020885670686349018,-0.00041737543418713725,0.011133337655951203,-0.7100755470629633,0.9728475445331917,0.05356070693552144,-0.11339406900839241
2019-03-11 13:30:00,-0.0037662664121888654,0.01212750307113645,0.137875186152277,0.6757025546277755,0.3833813180061305,0.005003193011468602,-0.0035219669123503685,-0.000828622472181771,0.011095588660290262,-0.9250378953398507,0.9281459422855437,-0.47301276039423396,-0.11716033542058128
2019-03-12 13:30:00,0.005798331997589646,0.011589455109008698,0.15098672918653278,0.6711514780602871,0.38813952898311727,0.004688219966404597,0.005118123742883155,-0.0007656261745178594,0.011131183855386821,-0.8944796635923423,0.9193542811564523,0.4787309014798354,-0.11136200342299164
2019-03-13 13:30:00,0.00022142406818881355,0.006438428220236399,0.13481833453426367,0.688418763818615,0.38740216671874755,0.005410202064872823,-0.0036657005852588726,-0.0009248318241368965,0.011091083576450833,-0.9694664102419891,0.8767906557259116,-0.07211091714559828,-0.11114057935480283
2019-03-14 13:30:00,1.7392492277365165e-06,-0.00014687090112922943,0.10189461619769913,0.6955871502880636,0.3689158742274401,2.4529910283196038e-05,-0.0012079867913639502,-0.0008060019300623538,0.011087461169294672,-0.9131995734233539,0.8527072207428036,-0.11102630480209773,-0.11113884010557509
2019-03-15 13:30:00,-0.005282749729611931,0.0028080672727538816,0.07426771004639399,0.7107458834861536,0.36584572312529406,-0.0008141160579241045,0.0032051210707654634,-0.001494094084121102,0.010906451419262898,-1.2922743265993462,0.7479486405299527,-0.6717062029277372,-0.11642158983518702
2019-03-18 13:30:00,0.0066597370119891525,0.009428296939611188,0.06436875637702577,0.7182297676351174,0.3611286294862294,0.013208957272852725,-0.004462828440109959,-0.0010459211716872352,0.011054590032349324,-1.0647666526001576,0.7962824241289149,0.5550481617673237,-0.10976185282319786
2019-03-19 13:30:00,-0.005049775783289679,-0.002315941342951211,0.0860519530952849,0.7020625182267952,0.3621404279017693,0.009069494331902517,0.00039386979893540897,-0.001877504272106972,0.010673661577441622,-1.531134100052046,0.5969001506526069,-0.6607234884461093,-0.11481162860648754
2019-03-20 13:30:00,-0.009459307246527519,-0.00526821335183177,0.0829361781041299,0.7029963399863768,0.35573563521735846,-0.007885722406528923,-0.014024003788050982,-0.0022307864195341533,0.010807733896520878,-1.7404180723121965,0.6387014456116631,-1.093113837076008,-0.12427093585301506
2019-03-21 13:30:00,0.0001041851076546748,0.013276025185785892,0.11432893568181746,0.6944002126100715,0.34915606254012893,0.002659925853493098,0.0062419077259436104,-0.0023501459446969857,0.010765939153910062,-1.819547753169704,0.5984634393566077,-0.10410206731299083,-0.12416675074536039
2019-03-22 13:30:00,-0.008606822114884291,-0.022000841467648174,0.10807254857551507,0.684368779617101,0.2971184345631341,-0.029233649797980748,0.005046484412201641,-0.0025581165256057217,0.010848443774630756,-1.892904907628143,0.6246017136550968,-0.9736357278066524,-0.1327735728602447
2019-03-25 13:30:00,0.0036530810338059093,0.003247764424213225,0.1006363441070719,0.6864536307169445,0.294459297125006,0.002393190396309438,0.0027894549124691435,-0.0017629955611578364,0.010682254748792494,-1.4395872926028217,0.5377194909805549,0.3270696665242716,-0.12912049182643878
2019-03-26 13:30:00,-0.0020921568885169045,0.002689449558004653,0.1011831279846872,0.6853582152214941,0.2930092359834602,-0.00448537111837044,-0.011661731691914201,-0.0018201636781050932,0.01068072741427817,-1.4413372705266325,0.5278010413949183,-0.2815747420774182,-0.1312126487149557
2019-03-27 13:30:00,0.002688714676882915,-0.0015786875790131012,0.10223289709914352,0.681397115749541,0.2950418136343235,0.005375226485468658,0.005495421507378843,-0.0012810297193476667,0.01061933916727668,-1.1445924215597565,0.49073104222765224,0.23699488209045358,-0.12852393403807277
2019-03-28 13:30:00,-1.24362484291104e-05,0.0031954538752712405,-0.01630663589824577,0.5203892038591337,0.17813128217724958,0.014980078906408437,-0.0005942583710522773,-1.93416097816987e-05,0.008997308961790075,-0.5166712376105685,-0.2483862714172506,-0.1119713748897463,-0.1285363702865019
2019-03-29 13:30:00,0.003270110747246013,0.009013820929709185,-0.009008453205397449,0.5126558938828301,0.15987688848408949,0.003656369397066742,0.010524030563636969,-0.0014816714003964772,0.004853309779643559,-1.3236362251092726,-2.0738670833720447,0.2719772551160454,-0.12526625953925588
2019-04-01 13:30:00,-0.0077565267167023395,-0.024391488865433925,0.012481006522570337,0.4550232379137745,0.07576557477008318,-0.008380576344495256,-0.0377028283408702,-0.0013346398928553607,0.004597218679112388,-1.2308065659721934,-2.072867635825899,-0.9866835884457874,-0.13302278625595823
2019-04-02 13:30:00,0.0026029378092041707,0.0059387979200682395,0.015086243034783398,0.45335501480942697,0.07649605068137544,0.0045541076395674285,0.012805629471777324,-0.0009883749063176362,0.00462108450764414,-1.0278387433027047,-1.9584658025162631,0.24444954184637172,-0.13041984844675406
2019-04-03 13:30:00,-0.004480790828406263,-0.0003742793843741395,0.026616316492670822,0.4481980764679224,0.07984357717414077,0.001181549436329347,0.009245124565550192,-0.0011315463528025964,0.004685506216450201,-1.0840281291155787,-1.8403273669575353,-0.5949165619390702,-0.13490063927516033
2019-04-04 13:30:00,0.001501394226665345,0.002909284581104917,0.018216994860898506,0.4540668955189158,0.08036207668099786,0.006371940889943381,-0.005437867501758823,-0.0009151272174548022,0.004703003009432717,-0.9459103988516209,-1.7500575895908137,0.11184768364977225,-0.13339924504849499
2019-04-05 13:30:00,-0.0010842860943672664,0.002282293853566301,-0.04453235950126494,0.480830372502639,0.05580871655594496,-0.007099380223788606,-0.01532756353004335,-0.0010544731067234892,0.004662471201060311,-0.9878531861532325,-1.6919960143339685,-0.1613847367967373,-0.13448353114286224
2019-04-08 13:30:00,0.00033073893970195223,0.0032895831675007203,-0.048280003379329084,0.4802655806788586,0.051548828457032764,0.010346348215786394,-0.0011476662810824267,-0.0008496228391289484,0.0046269225486501855,-0.8580332953651442,-1.6357372092925828,0.01015765835378517,-0.1341527922031603
2019-04-09 13:30:00,-0.016193931437334413,-0.016964545623044464,-0.08053960599405838,0.5004558790484558,0.07150739582862996,-0.019391196813782503,-0.00474246595013535,-0.001949236010875151,0.005495593227157939,-1.3781178286520324,-1.247708793996042,-1.9366832728388412,-0.1503467236404947
2019-04-10 13:30:00,0.003981170244273398,0.00846612307322577,-0.07898963607340581,0.5244452148171412,0.07336583682164792,0.011578609366373746,0.004739356950082948,-0.0017612487020709218,0.005636257259715108,-1.2460442259925675,-1.1534333615889334,0.4691119110219403,-0.14636555339622132
2019-04-11 13:30:00,0.007386153537682,0.007203318102244394,-0.07399770450756787,0.520411862717616,0.07909829532867672,0.002172911744518391,0.006460622594078869,-0.0013920279876482088,0.005988677406732994,-1.0278619188985638,-0.9819014917412939,0.8936091103793949,-0.13897939985853933
2019-04-12 13:30:00,0.006998647361929171,0.01026231355939681,-0.06986267605967106,0.513360154008468,0.07101679976646631,0.005602324814691842,0.0075910325866580895,-0.0007779581330711537,0.006194840663083998,-0.6950237681318522,-0.870640039744601,0.8584758622000181,-0.13198075249661015
2019-04-15 13:30:00,-0.005056402369003664,-0.003715693353571211,-0.06633585618846008,0.5098966583794691,0.08630488255981357,-0.0035437103593023065,0.0022047844525846885,-0.0013637651021207945,0.0060055559622051065,-0.957072909006199,-0.9145775834855395,-0.6295913854208859,-0.13703715486561382
2019-04-16 13:30:00,-0.002452192719092826,0.0012788424796617386,-0.06500736425191189,0.5148235266192593,0.08578589814574199,0.013649967367273233,-0.005272493579747868,-0.0012338859489109517,0.00594947133403374,-0.8622943659464238,-0.9060165799447046,-0.29269997141647397,-0.13948934758470666
2019-04-17 13:30:00,-0.006392209297242567,-0.00336622082324974,-0.06129587243618595,0.511222042264799,0.09580756557736425,0.0004609730670604253,-0.0020350049867382167,-0.0010805310514467043,0.0057628956705645835,-0.7572904819416301,-0.9484077802301675,-0.7679839194939352,-0.14588155688194923
2019-04-18 13:30:00,0.005084975649660429,0.006829193486796596,-0.060288875073831294,0.5117604302927149,0.09654170255783205,0.006305434793648683,0.011569348700869491,-0.0008314915243464166,0.005922205627835767,-0.6050129152258196,-0.855184293941424,0.6378434867797822,-0.1407965812322888
2019-04-22 13:30:00,-0.002520568637673541,-0.00020425939184868605,-0.013036624085553283,0.47758627106316637,0.08863551767318505,0.0006684647900609594,-0.021338373934275772,-0.0005271788504858791,0.005651841628606748,-0.4261969092033052,-0.9323783712043539,-0.2777057138107426,-0.14331714986996236
2019-04-23 13:30:00,0.004001065238736156,0.011125982505511297,-0.015225517603127126,0.4763813011501875,0.09121366239132384,0.008330458746395117,0.012729414358849963,-0.0005097796402393668,0.005665906018891012,-0.3984149230871849,-0.8961081936750869,0.532306545144065,-0.1393160846312262
2019-04-24 13:30:00,0.001984207594289267,0.0009243886471762552,-0.04722538508583174,0.5109375073222449,0.08645594773568317,-0.0055214586173245594,0.01844224466060429,-0.00030596141609905814,0.005679290849372202,-0.26904132295550104,-0.8611695043749643,0.31678281993983115,-0.13733187703693692
2019-04-25 13:30:00,-0.008557536733963677,-0.0060176857680084295,-0.04997145436476924,0.5053510735378358,0.0714857557768888,-0.010172004524934164,-0.0028969121423405575,-0.0008682739866413876,0.005918877241807774,-0.5442809327534632,-0.7366053989146428,-1.0348218192419432,-0.1458894137709006
2019-04-26 13:30:00,0.005053839217156499,0.005937022113669606,-0.10193973694059122,0.5100919797893115,0.05176734806044069,0.004385566830179284,0.018904314700228204,-0.0006149602133621074,0.006064064372132636,-0.38180754119374477,-0.6609735429133259,0.7230699683756874,-0.1408355745537441
2019-04-29 13:30:00,-0.002236774785872743,0.0009989196885076639,-0.23611576084674113,0.5083404748062191,0.028853383010960593,0.006851003464184695,0.0019050773449580765,-0.0008903044900180452,0.006003090757456367,-0.5089040070807564,-0.6693758135377113,-0.20063549632700642,-0.14307234933961685
2019-04-30 13:30:00,0.004446067221251324,-0.0016030900875095473,-0.19480847868236595,0.4814563488338524,0.02022430117439437,-0.01805041826970018,-0.0008471807621712364,-0.0002801747931203619,0.005887504898363351,-0.1269839489194577,-0.7013224809914056,0.6612000840391992,-0.13862628211836553
2019-05-01 13:30:00,0.022991941895283516,0.10272559153822398,-0.49979216749738964,0.8956783543232731,0.14745659381523482,0.10512899559433427,0.0002919616899935279,0.0007392754111836054,0.007850863402523894,0.5095099150061454,0.09889108757165468,2.8186604154221198,-0.11563434022308201
2019-05-02 13:30:00,-0.00305879868641272,-0.004541214968366421,-0.4969277416252865,0.8976248133409376,0.1464176595873941,-0.0023037245199080863,0.012899970226858109,0.0008103750182832826,0.007807419680761249,0.5918207446808403,0.08307308238340255,-0.34914673438528054,-0.11869313890949473
2019-05-03 13:30:00,-0.02170138971105958,-0.009701541676238082,-0.5838677236728526,0.9074964878501269,0.1374012899866322,-0.015220985089612818,-0.01896960467966905,-0.0003497641786029638,0.0092836693741416,-0.10187285397374178,0.6724816370527575,-2.4422513480384107,-0.14039452862055432
2019-05-06 13:30:00,-0.0061273303246384735,-0.007951426405140571,-0.5774889134912028,0.9105728590489283,0.1437960376192289,-0.002462280024601027,-0.008885039814283235,-0.000601916390116524,0.009372729078754216,-0.24049007643382392,0.6906206876158011,-0.6265355833098976,-0.1465218589451928
2019-05-07 13:30:00,0.002734616145272383,-0.012587269781225189,-0.5767236200473632,0.907218868104603,0.1523517722143396,-0.009483082042585448,-0.0038797029223644284,-0.00048172252983800254,0.009400690426506672,-0.13259934129671141,0.6837523614643425,0.39882760663711964,-0.14378724279992042
2019-05-08 13:30:00,-0.01865011855244112,-0.014017514772354023,-0.4920637409804771,0.8966366685324458,0.1458982600357492,-0.00034951402172545,-0.014017514772354023,-0.0006045318855933379,0.009630002710633547,-0.1878577924890553,0.7552422979322514,-1.9631960024226742,-0.16243736135236153
2019-05-09 13:30:00,-0.0029106054996358354,-0.007056408430838397,-0.48987863737279186,0.897959658882769,0.14743215347470165,-0.00582869409227212,-0.007056408430838397,-0.0009491206727887996,0.009580453166882314,-0.4014535481907884,0.7105741147382537,-0.19046915653725163,-0.16534796685199737
2019-05-10 13:30:00,0.00802267850215342,0.0013807236906453468,-0.4477584304915061,0.8897628272650653,0.14731047066012792,-0.016532854546104314,-0.00332511444918393,-0.0009172944245652286,0.009610610093027713,-0.3492253439266134,0.6979830404937827,1.0071165103161501,-0.15732528834984397
2019-05-13 13:30:00,0.0002323852068065943,-0.03531010724857712,-0.4517692031031543,0.8883493903775739,0.18736511306997491,-0.046007268153164284,-0.018136294953908817,-0.0012556075323213573,0.009434771116945823,-0.589548465091954,0.604192452988576,0.15802293847021298,-0.15709290314303737
2019-05-14 13:30:00,-0.005488643695411829,0.007135393199907118,-0.4404663698868707,0.8832800606629795,0.18896414837380218,0.013793030673768397,-0.005096215167314473,-0.0012772195986417657,0.009444425887912642,-0.5851279061968637,0.585390078277836,-0.4771076878145388,-0.1625815468384492
2019-05-15 13:30:00,-0.012438625098348732,0.00022635101684642667,-0.4429696188956861,0.8752043029947265,0.18529920605230674,0.0019446390690015525,-0.004952599594507334,-0.001776541217604561,0.009768252539962113,-1.0148456166898996,0.6923456930237756,-1.2169406574244677,-0.17502017193679792
2019-05-16 13:30:00,9.992520738695207e-05,0.005361237196223427,-0.4515829356134161,0.8779297771562928,0.18686952503734475,-0.0013522289868551267,-0.00010353587044050361,-0.0014519344923730848,0.009714519084736462,-0.7124534953693271,0.6474826819622711,0.18995595109462823,-0.17492024672941098
2019-05-17 13:30:00,0.002033077093846475,-0.00983257085783699,-0.4557776437233995,0.8749028455893401,0.18600422127046193,-0.01496244385554039,0.00026084095331576317,-0.0016045294201637826,0.009630035653914938,-0.8961831038367192,0.5906745505994211,0.40855609491205463,-0.1728871696355645
2019-05-20 13:30:00,0.01387864590088106,-0.0014577414742501145,-0.4615026914961884,0.8606069277942328,0.1856446127958484,-0.0028187205149941734,-0.0019282507881657935,-0.0007845686932360527,0.010227560869681861,0.09911509451576965,0.8060118670109434,1.6679744899671345,-0.15900852373468344
2019-05-21 13:30:00,0.012775353232277962,0.021216870189113113,-0.4686001328311145,0.8684912284825673,0.19619438936594236,0.019347651730228232,0.009614391000020817,-0.00034585429355896233,0.010624145314288918,0.7561262496466415,0.9370640619190912,1.4905486953825038,-0.14623317050240547
2019-05-22 13:30:00,-0.005233616972825387,-0.012542746685217302,-0.47918865507862507,0.8718319916176691,0.20261237178745353,-0.020003970592124033,0.0029564501374064935,-0.0007067455219146951,0.010663348431245966,0.30832156088460166,0.9216748847368196,-0.4675622605970109,-0.15146678747523087
2019-05-23 13:30:00,0.0006996692791500295,-0.01644175589331757,-0.4723330845131922,0.8694545528658183,0.20882520679686378,-0.02502592040198996,0.01709093597022911,-0.0002438852212590097,0.010504363209577967,1.0230196817701305,0.8282420279392708,0.1640485743873316,-0.15076711819608085
2019-05-24 13:30:00,-0.0004374326323367068,3.0797659582619076e-05,-0.34435089241768496,0.9041622925153485,0.2563792007141954,0.0015324806392313188,-0.003715685821600497,-0.00051844881373367,0.010430106108822583,0.6016855844941732,0.7789387154418645,-0.006223948023850966,-0.15120455082841755
2019-05-28 13:30:00,-0.0011357791155610672,-0.004050459167415125,-0.06790595463473537,0.9655972467955346,0.30657033274145257,0.012329559891978443,0.0063357797062304115,-0.0004633990302180862,0.010423462901617145,0.7187836720064278,0.7835579838958313,-0.025859558781872193,-0.15234032994397861
2019-05-29 13:30:00,-0.001648797817412619,-0.009117168612059948,-0.05647785599188748,0.9659810080235949,0.32612448711601694,0.004136695509670959,-0.0027215759589997255,-0.0007681422821512833,0.01036128406182,0.2694634849990248,0.7694815021231627,-0.11767212797249627,-0.15398912776139123
2019-05-30 13:30:00,-0.00961690411869643,-0.005855064493270408,-0.052218250515470466,0.9635943544875711,0.3206028950827938,-0.004304883381211118,0.006853322385372877,-0.0023985845828502807,0.008886299581489758,-2.1084377227712463,0.18073988056089602,-1.1904676039921611,-0.16360603188008765
2019-05-31 13:30:00,0.0060144578946966076,-0.009733052741387064,-0.04321891820619528,0.9567612882236389,0.32257643632084826,-0.014390075402122263,0.007819575900891848,-0.0019449217537948142,0.009080306297305548,-1.3812230330038884,0.27807951689148597,0.9160900179074539,-0.15759157398539106
2019-06-01 04:00:00,-0.010633808369922608,0.05294953475851386,-0.14751756532634897,0.9050777907056234,0.3066575441160036,0.021086500197765624,-0.04100231254586092,-0.0013915426867379655,0.008096917682704001,-0.5412718561909642,-0.11414425217486275,-1.3006474778267556,-0.16822538235531367
2019-06-03 13:30:00,0.030395009257196244,-0.034733205359786044,-0.23116314996779574,0.7738910739874242,0.26626080798618146,-0.013503628556588564,0.039483989918248454,0.0004345742923537703,0.010679307534114757,2.0810083066636738,0.9868351282796205,3.6197195199461776,-0.13783037309811744
2019-06-04 13:30:00,0.01137697253485433,0.03401364797868004,-0.24057894839574084,0.7886889342952879,0.28329147341625566,0.033163606839934946,0.016708665279939007,0.0008666921118328676,0.010948722466522795,2.514078985931416,1.1037698899771338,1.3359501771758489,-0.1264534005632631
2019-06-05 13:30:00,0.00678847376580429,0.008573444510264613,-0.21758807607051994,0.7853269004439023,0.28382808953897937,-0.012826074584538697,0.019638422857206815,0.0021386217277451383,0.009998477383622436,3.663792294709979,0.7127521638195105,0.8013055195526105,-0.11966492679745881
2019-06-06 13:30:00,-0.008923574859731744,-0.0036290017675500628,-0.22682100842536446,0.7845305717832928,0.28270737332370166,-0.009781254422218296,-0.022165872065331122,0.0018379732597403429,0.01024564389475728,2.9897784912913146,0.8299898943519964,-0.9901883930554393,-0.12858850165719055
2019-06-07 13:30:00,-0.01366081872257596,0.002828127271603235,-0.19069043774653027,0.7700252159954767,0.28197472909463284,0.010264908125387643,-0.0017630000559956858,0.0007537983985038737,0.010694180485632072,1.7269923076073395,1.029774476143249,-1.4787691038820077,-0.1422493203797665
2019-06-10 13:30:00,-0.012748957326024352,-0.0027136172195394805,-0.16263600892526586,0.7621527237465152,0.2824786532001837,0.0041129366298500915,-0.005651026332544476,0.0001047312718623264,0.011113224002033918,1.000841875863542,1.2076530836965853,-1.3441212365522583,-0.15499827770579086
2019-06-11 13:30:00,0.004329794078272093,0.006345478544509693,-0.1620434217462745,0.7618089914809711,0.28118399560488566,0.012380678917916128,0.004392483197365478,0.0005956531605465226,0.011069912833884145,1.466038866853917,1.1886575304792628,0.5581062800368899,-0.15066848362751878
2019-06-12 13:30:00,-4.241733734851837e-06,-0.0066627001474879695,-0.18131557894424888,0.7652300872099098,0.282220554204488,-0.019649756008737456,0.00746750294198691,0.0012173723287772164,0.010640175113609025,2.0092842687740315,1.0033621583519985,0.06622061259264082,-0.15067272536125362
2019-06-13 13:30:00,0.0009212690510537669,0.005366770160018371,-0.17870013186010725,0.765794771141689,0.27980476286087425,0.0033689288841913427,-0.0063300214052651,0.0012584395209605573,0.010637219812163848,1.9629323504193632,1.004619171694426,0.15144197606783316,-0.14975145631019984
2019-06-14 13:30:00,-0.0015915495847454207,-0.006618357160234067,-0.18775143275379727,0.765888287144599,0.2777879187430984,-0.017087181890734993,-0.00010479222450587855,0.0010772081870309626,0.010654191020979512,1.7205294496130903,1.013636068979773,-0.1280992932807266,-0.15134300589494526
2019-06-17 13:30:00,-0.017516206128342208,-0.01255062363756132,-0.16198771941995432,0.7557636521406699,0.2736274218327955,-0.009754981102971017,-0.020909804698514445,-0.000492534414430201,0.01097672262367192,0.11998626827940363,1.151262455498482,-1.8589783573581955,-0.16885921202328746
2019-06-18 13:30:00,0.008887719752567273,0.020724823326247144,-0.17623060700845639,0.7625725499363504,0.28153411731527306,0.02484761591044804,0.006908234928105106,-0.0006869160884157355,0.010761718197074789,-0.10061291519054258,1.0569719618913906,1.0258146582777383,-0.1599714922707202
2019-06-19 13:30:00,0.0061856558445606315,0.007897175349029117,-0.1672148543147965,0.7617062124721038,0.28300262460236486,0.0002799208081711857,0.009019434596330034,-0.00011595244754643453,0.010810610672097041,0.4728029541613689,1.076113103296633,0.7129860673069319,-0.15378583642615956
2019-06-20 13:30:00,0.0144037974115279,0.020867346279214976,-0.14929826322581702,0.7635381480607432,0.28945755777422355,0.0144579921086944,-0.0012833816032612085,0.0005692539590724591,0.011288756632259115,1.1581578160286061,1.2708913327619984,1.5529195556624595,-0.13938203901463167
2019-06-21 13:30:00,-0.002558767527267549,-0.003994973168265766,-0.15321297419081648,0.7644131586039273,0.288002412694046,-0.007862837155658348,-0.011221304120997606,0.00046318721432591687,0.011308661322385572,1.0311243919979045,1.246735865599855,-0.2485268336393292,-0.14194080654189922
2019-06-24 13:30:00,-0.010696038137271054,-0.010676015968171285,-0.1553080485403167,0.7645251058939148,0.289477659318424,-0.011004033308360675,-0.0017083612965527548,-1.4825736759582418e-05,0.01157863796798468,0.5092946763148651,1.3194457213996014,-1.079994030648017,-0.15263684467917027
2019-06-25 13:30:00,0.0024773146452388116,-0.00977034370852381,-0.14869665074646016,0.7670628242553563,0.3066591977610614,-0.0037056430100386173,-0.0018324172045778298,0.00019147988637298907,0.011584749379203093,0.701263732464872,1.2849120659638242,0.29268883118017475,-0.15015953003393145
2019-06-26 13:30:00,-0.019843432597386513,-0.015967349553341337,-0.03896745102452637,0.7504270482790484,0.3020394259879839,0.005800501019030846,-0.0313299730245874,-0.0003198465375615151,0.012247204133370949,0.15069339769353463,1.5236583213784431,-1.9650096092025497,-0.17000296263131798
2019-06-27 13:30:00,-6.44810797332529e-05,0.002360724711392296,-0.04152803229924873,0.7513577263006466,0.3021466917315186,0.0010119568901995426,0.009768276806315349,-0.0006237934862830081,0.012156826751228894,-0.18023458726277777,1.443288904678971,0.053500753835020246,-0.17006744371105123
2019-06-28 13:30:00,0.009806924273714624,0.01035992500120527,-0.032109734088022535,0.7501884003254898,0.3040309501798037,0.006487948903627213,-0.0012311765918550464,0.00039824314589885344,0.012130189814968415,0.8771057916008743,1.3943118005553936,1.0422736465394207,-0.1602605194373366
2019-07-01 13:30:00,0.041137699033134655,0.034579253391222586,-0.034278417747081624,0.7331640003534144,0.30945488649943437,0.03575436030805723,0.017513787858433716,0.000935377634695774,0.013668664920881044,1.3909683732946205,2.000832065202076,3.647819447085332,-0.11912282040420194
2019-07-02 13:30:00,-0.012068828879766846,-0.009782574335348829,-0.0658376647640535,0.736210186953986,0.3125249206466611,-0.02340046920520992,0.006212431330674803,-0.00023691243603528485,0.01373127972814785,0.15849639689331557,1.9628417162212168,-1.0705564187988788,-0.1311916492839688
2019-07-03 13:30:00,-0.003985594277083325,0.0015293216278565724,-0.06383646957637823,0.7322906585987232,0.30689464456836024,-0.005437056655149042,-0.0024550724743969132,-0.0007756158381796657,0.013652270591237513,-0.4338248727002857,1.8567251213606146,-0.38078502314580437,-0.13517724356105212
2019-07-05 13:30:00,-0.0035782048989040274,-0.004722270651887832,-0.05901126719461791,0.7316689114612774,0.30701410469397056,-0.004228209411542265,-0.006150382347902476,-0.0005083473401382799,0.01353619314799459,-0.1741659860091455,1.7434028258809358,-0.33286958064774147,-0.13875544845995616
2019-07-08 13:30:00,-0.0009298826577234989,-0.006027495858461555,-0.06776796279992803,0.7345165726881445,0.30740133592164964,-0.007510646388015389,-0.007454399832424278,0.00012819946310434327,0.013179785809617019,0.4952537298640671,1.5361239864057525,-0.08278498265994387,-0.13968533111767967
2019-07-09 13:30:00,-0.00914421405431798,-0.00568335077349454,-0.07239817198058285,0.7333228507044014,0.3071972303371278,-0.006999546543742648,-0.00647445825527045,0.00030843662668966185,0.0130180746869068,0.672069670808615,1.4193714737187197,-0.7975549553382991,-0.14882954517199765
2019-07-10 13:30:00,-0.016875732352656866,-0.010116832012785829,-0.07369774309261168,0.7282366520714771,0.30785124637672884,-0.01241776962034317,-0.022927472342178436,-0.0007518396948567862,0.013526923898033262,-0.5058915676152768,1.5902169896194414,-1.4508305971575024,-0.16570527752465453
2019-07-11 13:30:00,-0.0005158875373104729,-0.001372815312093915,-0.07919774146525371,0.7291177639874568,0.3082365767740689,-0.0017008326522833055,-0.003402742343652158,-0.0007774219850355671,0.013525919395462153,-0.5463252320278832,1.543102162458239,-0.00622659475158756,-0.166221165061965
2019-07-12 13:30:00,0.013154847514992882,0.018183542787620983,-0.11123779509734466,0.7356328385318508,0.31293373572189653,0.024740030526093155,0.013976018644739813,-0.00016574306183861145,0.013878796729357969,0.11888458370967392,1.6513814500996902,1.1637849620545049,-0.1530663175469721
2019-07-15 13:30:00,-0.006514651788927262,-0.004760118096284997,-0.11391556691592936,0.7358010867160983,0.3135175945497321,-0.008719754683664743,0.004240556510010059,-0.00041189817204770346,0.013948897042721427,-0.16552865149880336,1.6361332027085362,-0.5432839943212512,-0.15958096933589938
2019-07-16 13:30:00,-0.002057646177564594,-0.0053549304273314835,-0.11228209683138801,0.7361877007058333,0.3110309346508409,0.0003965574142501538,0.0052931870128883896,0.00036102982549117717,0.013367410542270967,0.685087131700822,1.3484527848056074,-0.15352603256031058,-0.16163861551346398
2019-07-17 13:30:00,-0.0008398710716480884,-0.005088886094401464,-0.11295091175604455,0.7355726156462469,0.3064378209398448,-0.008890384022365822,0.0063071835465634924,-0.00012534971571959088,0.013216958898955309,0.1326128650560847,1.257748721070358,-0.03981055058463566,-0.16247848658511208
2019-07-18 13:30:00,-0.002085553444943424,-0.002604610602753484,-0.12178262138811685,0.7374990741207345,0.3068830719206158,-0.01133178895026706,-0.0027646057535024213,-0.0005389101801947936,0.01313826274368403,-0.3267298234964521,1.2035235024022757,-0.1431611582828568,-0.1645640400300555
2019-07-19 13:30:00,0.0020099073515118483,-0.0017267011793280125,-0.1235964767399354,0.7378571499384674,0.3061845552627745,0.012801792502933932,-0.006368748160151723,-0.0011586046831955964,0.012680686818557997,-1.0111858430928713,0.9632895049237874,0.20152435859650417,-0.16255413267854366
2019-07-22 13:30:00,-0.014358334702227356,-0.008751888018141715,-0.11231352971209863,0.7329628397749499,0.30695090284037907,-0.006598662561565901,-0.01337290258159903,-0.0017485830419435868,0.013019231671335596,-1.6132224816153486,1.1224613418180456,-1.1990603193048208,-0.17691246738077102
2019-07-23 13:30:00,0.0044873496657634555,0.009683038420994569,-0.12071785915492744,0.7349508446289927,0.30368011115265764,0.01599107505874294,0.006986665146723045,-0.0009894136517918611,0.012912276112533032,-0.7814216942874896,1.0585140516007003,0.4331295808638937,-0.17242511771500757
2019-07-24 13:30:00,0.00636183353436346,0.011074213757060672,-0.14562127126982183,0.741914913444991,0.3069429781071759,0.01023892750595771,0.006803629315060547,-0.0007951877073356286,0.012996110287466901,-0.5587562692804762,1.1099911159056677,0.5926381780408021,-0.16606328418064412
2019-07-25 13:30:00,0.0029618903262319516,-0.003285626216457153,0.04128265176933524,0.5384063284295589,0.22287982812613436,-0.0007817797701056652,0.008054720499134324,0.0003450784388452944,0.012213785640463161,0.6929999524586162,0.6178462483867021,0.33817510160148423,-0.16310139385441216
2019-07-26 13:30:00,-0.007343451444113379,-0.002835163795902059,0.03919920398822041,0.5349870925299917,0.22464591542414605,-0.006516748012824499,0.0022627289579039513,-1.8870079373711943e-05,0.012334485708213015,0.3133813765538035,0.669172957425796,-0.5824809560801913,-0.17044484529852555
2019-07-29 13:30:00,0.0016903678484446417,-0.0007667731193975088,0.047850120587283745,0.5463833053623576,0.23118798625760398,-0.005934996822917722,0.003236425956417636,-0.0004246979006372111,0.012125945543708274,-0.13473759123652143,0.5117774579079636,0.20049361404577287,-0.1687544774500809
2019-07-30 13:30:00,0.01394621291837816,0.01092727555838772,0.018943052922688053,0.5479649240803526,0.23006686865771722,0.018557069809097028,-0.00032659937696018736,-0.0017842722063750357,0.008065044602225435,-1.5847386372351102,-2.051710719483516,1.289695839337771,-0.15480826453170274
2019-07-31 13:30:00,-0.006905851416921495,-0.015239072534332765,0.023074306215148582,0.5507519636884016,0.23530373674781235,-0.01055906044482946,-0.012059474504694023,-0.001526123333232768,0.007796691589552678,-1.2683241059595782,-2.1424614161677704,-0.6034651135400222,-0.16171411594862423
2019-08-01 13:30:00,-0.03010027707159344,-0.035770782659941124,0.2919561973905723,0.4735103734096202,0.1893769836587679,0.002899692152967738,-0.10188054306670288,-0.002831857472958274,0.010082068571103848,-2.4833091176949815,-0.7470141388842017,-2.605267983570346,-0.19181439302021766
2019-08-02 13:30:00,-0.005712914769332382,-0.013987417663532434,0.28957563246671847,0.47737206324953024,0.16799573295484874,-0.013821303686671041,0.0003729151480884232,-0.0029385929664796913,0.010101666444413461,-2.431002030598701,-0.7439358038622338,-0.4548231215436021,-0.19752730778955005
2019-08-05 13:30:00,-0.0013181219091465309,-0.023677392659186298,0.30168147408355117,0.4777339248672168,0.1773478725885984,-0.009379847113560064,0.006123787928475493,-0.0029580049290508434,0.010097975583949911,-2.3080581346754854,-0.7547386560710863,-0.05528042887626457,-0.1988454296986966
2019-08-06 13:30:00,0.011329192529924927,0.021716150725938983,0.39561747741402864,0.4295629014829366,0.1708450830601224,0.009235275523747106,0.02291069245730722,-0.0019343345998386978,0.010468775417298822,-1.3428626384293167,-0.5396957050126502,1.0353880817057015,-0.18751623716877167
2019-08-07 13:30:00,-0.01113046124187029,-0.008687593345682587,0.40194287271756535,0.4225409994583228,0.17089725128966296,-0.011186592530986972,-0.001169848338609003,-0.001647071044299369,0.010109877628028478,-1.0708269973182034,-0.7775698348311381,-0.9158851930286196,-0.19864669841064195
2019-08-08 13:30:00,0.012401821224821648,0.025566021317484866,0.4106856622646242,0.4364760938595668,0.1893609302003978,0.01526376924631534,-0.0031824746462152387,-0.001001185606192763,0.010587309496950694,-0.5039940939749538,-0.4873043158066435,1.0937223340298992,-0.1862448771858203
2019-08-09 13:30:00,-0.0014845522151524081,-0.005698307266126561,0.41075117875777734,0.437727560849746,0.18409547739409685,-0.006849488219807391,0.005345907482950348,-0.0017331555927000274,0.010049498792497663,-1.1625461943882496,-0.8362098419634745,-0.11041905945734837,-0.1877294294009727
2019-08-12 13:30:00,-0.008762237995846325,-0.015208179654021733,0.4193154407908644,0.4372087762197536,0.1865322917445603,-0.013236817931398933,-0.0033642625811728024,-0.0018455349030459805,0.010118115086047756,-1.2556425351074845,-0.8016000948998562,-0.7239569519580427,-0.19649166739681903
2019-08-13 13:30:00,0.007915235687397182,0.017542722093322267,0.4064071284592318,0.45354739431508057,0.19616043842102548,0.01688432952544779,0.008296435897393446,-0.0013468908097978918,0.01035019333073312,-0.792293897593508,-0.6544624809334814,0.7336685451594228,-0.18857643170942184
2019-08-14 13:30:00,-0.01591616525458467,-0.0344240265086884,0.41008772119918324,0.46842085553920254,0.19788100142942475,-0.026199027932514087,0.0047682820264913425,-0.002100705518944721,0.010848345724495986,-1.4196130519554995,-0.33695823265177016,-1.3000565430059752,-0.2044925969640065
2019-08-15 13:30:00,0.004135684077240114,0.008491666818390753,0.4423268823993344,0.4577668109130046,0.19681477404427083,-0.004445769402942723,0.014672242003138103,-0.0017896436428355435,0.010937628507516468,-1.1165492221445987,-0.2827588762230046,0.4304597970201356,-0.2003569128867664
2019-08-16 13:30:00,0.019966001888867938,0.02940448490375062,0.4786746269197667,0.454037351912337,0.21465642324660758,0.024328116802538362,0.016255740023464565,-0.0008918389159677395,0.011955516428104954,-0.320902858093865,0.3579765984394103,1.7326439059681424,-0.18039091099789847
2019-08-19 13:30:00,0.001653089439362699,0.011665004773591559,0.4798028363863553,0.45497655162215966,0.21585822533689347,0.005311238016084463,-0.010432458035580794,-9.126770888823665e-05,0.011534992424908843,0.3730641207632779,0.07499798128487098,0.17880473352253703,-0.17873782155853576
2019-08-20 13:30:00,-0.0008082709593663353,-0.00550261169034331,0.4975257463142919,0.45224741371700017,0.21678417030889122,-0.0038836952878156623,0.002905182525028212,-0.0003560487401447262,0.011485031749191622,0.14002547246294897,0.03130985539201681,-0.03004230087038303,-0.1795460925179021
2019-08-21 13:30:00,0.0012149996748102142,0.00817643611297029,0.5023154147968453,0.4521946364962636,0.21708516652587953,0.0015281465075246779,0.0017738010752025666,-0.0006133904331223885,0.011383799401013847,-0.08717666463500896,-0.04573034327724654,0.1372046847074306,-0.1783310928430919
2019-08-22 13:30:00,0.0009764631619912183,-0.00027336141163344,0.49886079080991863,0.4537113526293609,0.2177145309981162,-0.0012399828370605788,0.004197305333797289,-0.0007126617913344251,0.011359611726922809,-0.20328193123792532,-0.0906220510807899,0.10259370288375104,-0.1773546296811007
2019-08-23 13:30:00,0.008671375528160294,-0.010477126388054129,0.5018120868937488,0.4361563983584971,0.21885880614913544,0.00014422179466873873,0.023028775694376745,8.807955727925843e-05,0.01143182041954335,0.48946601498196685,-0.07013162131476924,0.7517920473695715,-0.1686832541529404
2019-08-26 13:30:00,-0.008561584414303611,0.0029411262405272622,0.47117866551017584,0.41727325097901863,0.2514681224387138,-0.008607291402540981,-0.0013478608643839505,-0.0004245180558581542,0.011585013178972781,0.010096249346560148,-0.0053397968575817824,-0.7157289469150822,-0.177244838567244
2019-08-27 13:30:00,-0.00796498349813772,-0.009099828406223143,0.4821960619323804,0.5572700168359039,0.3114665482290585,-0.010868503333306467,-0.0028717792484327376,-0.0015200778766839482,0.011183572917252733,-0.9574977894187313,-0.30112059040652145,-0.6471997435039698,-0.18520982206538172
2019-08-28 13:30:00,0.008739221248523743,0.00823878478918035,0.49431240490010864,0.4961119581279435,0.2797302887659983,0.010967393166978109,-0.006085342755788462,-0.0007378242434116864,0.011333188355429187,-0.2238891822162028,-0.19808611077864433,0.866884848208268,-0.17647060081685798
2019-08-29 13:30:00,0.007557888190316367,0.018230012484681923,0.5250341095057274,0.5077857922961928,0.2876563889282005,0.011309175221018375,0.0035785861814392472,0.0011450840196838038,0.009107950101117054,1.5758694790009968,-1.767437793415236,0.7580976366635892,-0.16891271262654162
2019-08-30 13:30:00,0.017014433346301427,0.015712328850790176,0.5409755906951466,0.506485476481823,0.29628120610908987,0.015392391935748002,0.015712328850790176,0.0022814514254654943,0.00961117175858095,2.604762520820645,-1.389437087349703,1.548896658526683,-0.1518982792802402
2019-09-01 04:00:00,0.06222337068708394,0.1159739448591423,1.1459758222957253,0.4564679217699315,0.5045637492140901,0.07345766553592618,0.07663087123013106,0.005458526055277017,0.016436990570682222,4.495645859792389,3.0796102679890627,4.473326926376269,-0.08967490859315624
2019-09-03 13:30:00,-0.07388995457180081,-0.11855576554267089,1.4012869906917285,0.5700694627091545,0.5973717729386921,-0.09478708739145181,-0.07601501493208351,0.0011975687001907307,0.024096210690005032,1.2123487929371743,5.484839809400841,-4.4181672886212455,-0.16356486316495705
2019-09-04 13:30:00,0.003608692264120892,0.012280642799495034,1.4160646068243707,0.5697337173193412,0.5987944729432194,0.011338456103900274,-0.0017054152993782878,0.00193452637549029,0.023924102672508312,1.715639858875854,4.3600940076033,0.2255099156377041,-0.15995617090083616
2019-09-05 13:30:00,0.028677630202819233,0.02502244926416493,1.3859481921137773,0.6229964212207494,0.6025774922550933,0.03584591126979016,0.012608500337115986,0.002748316824390169,0.024567067524133873,2.225460931837921,3.889110136774239,1.6582570706172597,-0.13127854069801692
2019-09-06 13:30:00,0.008084441486451108,0.002079280738572923,1.3811491541020153,0.6232667132793047,0.6035059255153349,0.006043777593337777,-0.003199856104430484,0.0032267665094703447,0.024573471031359026,2.438972875714212,3.4196012993011435,0.44615575229601495,-0.12319409921156581
2019-09-09 13:30:00,0.02613885039514811,0.018843570963019102,1.4009193709358234,0.5981707415452402,0.600958516405626,0.0237790838456254,-0.0011463335372385135,0.004971820929020067,0.024914144315464255,3.2704370662597255,3.148603779275368,1.4466125699734116,-0.0970552488164177
2019-09-10 13:30:00,0.033286374332605666,0.03504422538645047,1.4052704815065544,0.5912010039173231,0.5863064805695943,0.0337641587490245,0.02325225106127271,0.0062403778612804914,0.025705255107468596,3.5370156654274996,3.0257164733100472,1.7751855089351976,-0.06376887448381202
2019-09-11 13:30:00,-0.012612370588117271,0.007727872666782987,1.4127323618477783,0.5491062128732883,0.5825637673791265,-0.0021793556251822332,0.006743119431505407,0.00640556759460386,0.025565612832939996,3.2293906093923344,2.7435371571390514,-0.7853023585028716,-0.0763812450719293
2019-09-12 13:30:00,-0.006217061985771803,0.0003869257780588035,1.4184817106078556,0.5470349530745454,0.5806673526580584,-0.0018283045298289242,0.006618418183014711,0.005887930291453265,0.025718342900842142,2.7261415381760803,2.569451002793428,-0.41476385848918873,-0.0825983070577011
2019-09-13 13:30:00,0.012182628431970025,0.002688821214945255,1.4043495425926034,0.5399246617086757,0.57932645613763,0.00900397549901862,-0.005232099876574839,0.005498761618608369,0.025552456004524937,2.3809273559776263,2.3659878792028075,0.6189944563948971,-0.07041567862573107
2019-09-16 13:30:00,0.006825014721193282,0.007172335613178722,1.4151930512644144,0.530611030598425,0.5776225988155078,0.006378074998324175,-0.026390057411059858,0.005757357882699899,0.025537654821259647,2.3385090865615434,2.2195933331711095,0.309501960968425,-0.0635906639045378
2019-09-17 13:30:00,-0.022202750810724363,-0.006128088198722237,1.3877388018364012,0.526952403746716,0.5750316744930033,-0.014859825679815808,0.007811256240649156,0.004687633890131998,0.0262648839700836,1.799721974335273,2.2167659482401127,-1.2936136228010577,-0.08579341471526217
2019-09-18 13:30:00,-0.008454659634162419,-0.0016408256404218207,1.3819145263491908,0.5432676934197006,0.5740191134851468,-0.005890077621653204,0.0031784138172606573,0.004204150924683366,0.02642070962472316,1.540600502495921,2.1176388151590357,-0.5195754313279645,-0.09424807434942459
2019-09-19 13:30:00,-0.015484681539880168,-0.007229856031227722,1.4161984459678836,0.5254449484319438,0.5815415179710657,-0.011931335607083482,-0.0046471708101281095,0.003381093689589796,0.026780499322891314,1.1705301680831273,2.061631193773698,-0.9166061271493865,-0.10973275588930476
2019-09-20 13:30:00,-0.0012631389790666398,-0.0005125003400554181,1.414485828554766,0.5285712016096268,0.5785033554902967,-0.004473605300545598,-0.0013290210731064698,0.0028843679642284493,0.02676934108650638,0.9432957135025793,1.9537904922996558,-0.12493090912405078,-0.1109958948683714
2019-09-23 13:30:00,0.0026635993015375146,0.0038451859321783077,1.4123424729351284,0.5288736477227565,0.5769930341359849,0.0036885236266449573,0.0035188610162352196,0.0034456271500205053,0.026634063564685787,1.132893086459027,1.8388575619411855,0.10014367605550835,-0.10833229556683388
2019-09-24 13:30:00,-0.018434143810043546,-0.011228024725681185,1.349483287860314,0.6283522858793736,0.5792598668705725,-0.022968794151872696,0.004595557276459883,0.002922169134425214,0.026970876762485007,0.9083937514971769,1.8055140460907035,-1.0565511040313347,-0.12676643937687743
2019-09-25 13:30:00,-0.0008079807938224043,0.005471448899514009,1.4164152436514317,0.6219495085504911,0.5790311958609909,0.0060904382597617435,0.0038141318943250013,0.002444809032307907,0.026946979269487036,0.7028155498677768,1.7225142880257638,-0.05031629130247135,-0.12757442017069984
2019-09-26 13:30:00,-0.010508983205684773,-0.005188532788031479,1.4161692000444384,0.638010744935527,0.579559327682046,-0.010452473477270002,0.007884537936532505,0.0015414654625078498,0.027069103290438514,0.3379618690485721,1.6669989515490875,-0.6045646844333193,-0.1380834033763846
2019-09-27 13:30:00,0.01385615996226679,0.0016941290815523462,1.41434774239038,0.6172170344482765,0.5790875128562923,0.005236366885236025,0.001861734812399744,0.0013835517933061179,0.026983163305028823,0.26467791467694335,1.586839134361455,0.7829322340514084,-0.12422724341411782
2019-09-30 13:30:00,-0.006063895124549904,0.0010561603143714275,1.4192079353672298,0.6058348957018094,0.5786710079719711,0.00043813116632100235,0.00826736955128208,-0.0020308114972755744,0.02288938423896015,-1.0401124905939287,0.9582245586966042,-0.35735432831049335,-0.13029113853866772
2019-10-01 13:30:00,-0.027334339480422624,-0.05955563214110852,1.328488815469759,0.7923053186410333,0.5639252156989485,-0.06484742853269157,-0.057312618492055746,0.000296969257293335,0.016737469981260574,-0.1426373330867609,0.055145169792005566,-1.5336748578250126,-0.15762547801909035
2019-10-02 13:30:00,0.011694490959494926,-0.018688825880777065,1.3064447217017818,0.7996089548716644,0.563046252629852,-0.00537413097133425,0.0058655952125267925,0.0007012591920620367,0.016918352089014675,0.003895402145322855,0.07335976969575767,0.6437672965030902,-0.14593098705959542
2019-10-03 13:30:00,-0.006272632242993747,0.006187186928021449,1.3067686222855737,0.7929768946721905,0.5632577615206802,0.0038334914542983434,-0.004626402101396643,-0.0010462539302286123,0.015632732015860226,-0.6690774391837881,-0.11942145526605158,-0.36812440292400855,-0.15220361930258916
2019-10-04 13:30:00,-0.012461117112597377,0.017152322482616295,1.3152931699898818,0.7616342836816248,0.563251678992616,0.003220169369604415,0.010838999197550676,-0.0020735318601810366,0.015676142448230387,-1.044448383639333,-0.11758551836077584,-0.6944287149348142,-0.16466473641518653
2019-10-07 13:30:00,0.005655495437798702,-0.00135366811829792,1.3169702970492911,0.7643715216634019,0.561972620505005,0.0025061461668244673,0.007534147892937863,-0.0030976996080485067,0.014348864539753415,-1.3972881461957694,-0.31271936580905074,0.319665586962632,-0.15900924097738783
2019-10-08 13:30:00,0.013589104541086678,-0.00932028560814909,1.3067215696993602,0.7521990821964291,0.5638213975676599,-2.0778905080084606e-05,0.00773644962496948,-0.004082563097624456,0.012241340295456721,-1.6969079221575745,-0.6172823943457797,0.7505080208886487,-0.14542013643630117
2019-10-09 13:30:00,-0.008062323504413375,0.00601214209313039,1.3089514417207957,0.7421232628701302,0.5662273653890549,0.0011618350133849598,-0.003111635255628964,-0.003855060743439262,0.012116112723411046,-1.5576640829783368,-0.6319376558479547,-0.46192074036494174,-0.15348245994071455
2019-10-10 13:30:00,0.0032769582977042536,0.008371863903058921,1.3280126112726398,0.7424890411690338,0.5646228201802028,0.009461914188643764,-0.0042143949432956376,-0.0033803597292654587,0.012204363731402235,-1.3496847391903137,-0.6160184603459007,0.1708411430902295,-0.1502055016430103
2019-10-11 13:30:00,0.016948296563848442,0.02244274090758669,1.3593029043928244,0.7672028268810849,0.5667420160065813,0.02618366357181745,0.008962291383271204,-0.003142076322671538,0.012565398341683786,-1.240139426033636,-0.5630722133736487,0.9190466249111379,-0.13325720507916186
2019-10-14 13:30:00,0.004268705082375422,-0.0034392199428595247,1.3444690410265288,0.779184210789707,0.5661870671400809,0.0029748674323720006,-0.0029209342600314456,-0.0032698918046124305,0.01247132609212624,-1.2645373101076884,-0.5750233776247479,0.19484019682999443,-0.12898849999678644
2019-10-15 13:30:00,0.0018595957217415497,0.008191944115228536,1.359858803141782,0.770807646741542,0.5694358205028478,0.01134087868573778,0.004043956379622885,-0.0020667744779891356,0.011684569630459584,-0.8366312698374742,-0.6852794891580253,0.06204787740365084,-0.1271289042750449
2019-10-16 13:30:00,-0.010091433115376545,-0.00842400344207983,1.3566778367503713,0.7709368823940935,0.569356402285991,-0.010635190925330495,0.005517525120697586,-0.002148613152049842,0.011737278218607152,-0.8529169409072958,-0.6733580665656086,-0.592537001346425,-0.13722033739042144
2019-10-17 13:30:00,-0.0009114819617135955,0.005011095395634897,1.3576973672956494,0.7757004690210331,0.5735000209895943,0.002489387852081822,0.004312991311734867,-0.0014199531731415133,0.011310384529455474,-0.5900273865080804,-0.7319789243102577,-0.07441914882543306,-0.13813181935213503
2019-10-18 13:30:00,0.013871266844168725,0.011890909501131475,1.3718321863492613,0.7766218493492294,0.5726956336743672,0.008589475084288978,0.017123851055319106,-0.000663232881979745,0.011816392433760411,-0.3262122000414732,-0.6569603925149485,0.7321823466973907,-0.1242605525079663
2019-10-21 13:30:00,-0.003543936870616571,0.009682463329172478,1.376574860204161,0.7713936803217829,0.5733708930925537,0.0057653415575799425,-0.008203077713010284,-0.0009736096905874493,0.01180592946618553,-0.4291096001604923,-0.6573749483159668,-0.236087417191187,-0.12780448937858288
2019-10-22 13:30:00,0.0075690367462156434,0.008117427652759876,1.414245193806134,0.766684274911074,0.5744876318532817,0.0039032433049165007,-0.004802305677502542,0.00032654933722551025,0.011198020800466366,0.00448855618975126,-0.7585148590848156,0.39195809020876127,-0.12023545263236723
2019-10-23 13:30:00,-0.005558498395696691,0.002207609741148605,1.41211717377183,0.7675910446059337,0.5721259468833542,-0.0018335179849161922,-0.006125656026911766,8.902345713179592e-05,0.01127348072254925,-0.08683948655511883,-0.7625708967696486,-0.34528735400963273,-0.12579395102806393
2019-10-24 13:30:00,-0.014836894638146143,-0.002634669945695204,1.4969267123064176,0.7242194361913563,0.7416673948283842,-0.006040183124425261,0.0015817821095664617,-0.0001273721144912726,0.011526319377214779,-0.1789680234377302,-0.7311497445529247,-0.8969646593941849,-0.14063084566621006
2019-10-25 13:30:00,0.01691432113036318,0.008720486713626205,1.4385478350191119,0.7467645743953959,0.7671848948910845,0.01890249678709407,0.0005902298720795365,2.5535943913546946e-05,0.011739894313047722,-0.14450945263226933,-0.7060763760226583,0.8915522389592611,-0.12371652453584689
2019-10-28 13:30:00,0.02031172767626617,0.010024128802496665,1.3953808514496113,0.8525837940386695,0.7603019586668682,0.02373996621018489,0.015736649386254374,0.0013443170839543507,0.012478069143620976,0.2992074211161261,-0.6055873966315808,1.054133056400713,-0.10340479685958072
2019-10-29 13:30:00,0.00984894316494848,0.005321962537756038,1.4151547462610334,0.8510608414357689,0.7586395956636122,0.0043735960394470546,0.0012665822633275052,0.003203481216222906,0.010610509880432845,0.9317884424583461,-0.883690930651371,0.4667250088818503,-0.09355585369463223
2019-10-30 13:30:00,-0.016133333606329223,0.001088179897945074,1.390741667103845,0.8573831045198782,0.7573737360235174,-0.007752900365404769,0.02145175797421428,0.0018120899879316983,0.011244112491129967,0.4163925633696736,-0.7943223635841566,-0.9885942335047013,-0.10968918730096146
2019-10-31 13:30:00,-0.012474138934427408,-0.003772696532986619,1.387988258517947,0.8752566065445762,0.7570253278925021,-0.009250139957303616,0.0005219854341650398,0.0015020146533600155,0.0115598714196982,0.29101793044373775,-0.7512073109713225,-0.7586559827708681,-0.12216332623538886
2019-11-01 13:30:00,0.023273317548674684,0.025308513975221974,1.5028303996589312,0.7813690637507661,0.7752370844225059,0.008813574553223107,0.018685826675738076,0.0032887363864236184,0.012039747784508921,0.9021418143251527,-0.6873975812332241,1.2056837390063226,-0.09889000868671419
2019-11-04 14:30:00,0.028516326117576395,0.017153110129890663,1.4087782552316288,0.8054496677798428,0.775234139913688,0.029947548605898138,-0.015404260559489364,0.004431777920412503,0.013295931043278633,1.266803981636007,-0.5100681567148275,1.439050083587084,-0.07037368256913779
2019-11-05 14:30:00,-0.0017692503319127004,-0.014125909255493655,1.4110710395915431,0.8108943228136866,0.7586799928358877,-0.003852532441007953,-0.015432701621205172,0.003663860176762534,0.013182236914186267,0.9606775432659327,-0.5372389500779994,-0.20221341916079083,-0.07214293290105049
2019-11-06 14:30:00,-0.013872736385571122,-0.00885418678748077,1.4028252320481194,0.814612422713573,0.7477385722001023,-0.01268658356205891,0.011540628206137956,0.0033733395327046464,0.013514118974624604,0.82850173151393,-0.49600583229167516,-0.8653057462791941,-0.08601566928662162
2019-11-07 14:30:00,0.017261333475070334,0.0033965851948570824,1.3747351775335397,0.8219419999466735,0.74407034028011,0.016918691890870363,-0.01159356182649851,0.004072558291572951,0.013866061882565395,1.0429332624928211,-0.4521099284746173,0.8180877005683201,-0.06875433581155128
2019-11-08 14:30:00,0.001186342419041947,0.0005470735902933788,1.369653607583977,0.8101928164337344,0.7539554785020478,0.004739666532091014,0.0046496158893105655,0.003284460584332626,0.013539823167186814,0.7365460450155493,-0.5074244442480184,-0.0379872197446725,-0.06756799339250934
2019-11-11 14:30:00,0.006593323131821787,-0.0007740200995866401,1.3709199424506213,0.8305856639997361,0.7553012772713502,0.005380029329784837,0.004828032329852146,0.0034006914868049444,0.013558681542499751,0.7549735682900629,-0.5114953973406059,0.2533093479224246,-0.06097467026068755
2019-11-12 14:30:00,-0.00491740958049358,0.0029098770164387444,1.3696255534351414,0.8298980728007164,0.755410496375314,0.0004655927145534866,0.008046759368051548,0.003061841221693188,0.013683333114668938,0.6138501293824159,-0.4998443527603385,-0.37224787117367203,-0.06589207984118113
2019-11-13 14:30:00,-0.03416048018773669,-0.013220675026152354,1.2848551850027397,0.8462744905226401,0.7579050148193197,-0.028012656554873096,-0.008890145913603967,0.0018583888680751806,0.015796343899751354,0.17152581507792905,-0.18550653576975243,-1.8782945515681237,-0.10005256002891783
2019-11-14 14:30:00,-0.0021299394242408074,0.0034192413499128937,1.283747738161482,0.8463569454560614,0.7551045149160379,-0.00010456853238360875,0.006095519757415624,0.0017974659949488204,0.015809932716673632,0.13544041478659583,-0.19617098843227906,-0.1791103338537096,-0.10218249945315863
2019-11-15 14:30:00,-0.007411825426876957,0.004862195803565654,1.334873156062736,0.9543102388404137,0.7539288964798919,0.0016697355191489889,-0.00285338211077731,0.0007333113813965363,0.015670138141875557,-0.25080155312877656,-0.230570607555464,-0.4444128285316347,-0.10959432488003559
2019-11-18 14:30:00,-0.005559677738130274,-0.00057111098878689,1.3893806542953213,1.0068496138064946,0.7478477952318919,-0.0026396514511046374,0.01157941602654359,0.000632524338020851,0.015705538843971883,-0.2942802719142784,-0.23726835243786676,-0.34943360078106844,-0.11515400261816587
2019-11-19 14:30:00,-0.004741557290234079,-0.005384681950462933,1.3947061929870563,1.0024777090694514,0.7481057940766735,-0.0028439323476158185,0.009442626875522775,1.699463619836499e-05,0.01566054894159924,-0.5294776756991264,-0.25811992716206483,-0.3092814093484732,-0.11989555990839995
2019-11-20 14:30:00,4.39535401310304e-06,0.003774328406785673,1.3997295787894977,0.9992349198132741,0.7468694594079652,-0.0022748268998058854,-0.0063161844372927965,0.0002951393236838547,0.015605616088855134,-0.4363896481842795,-0.28026504360132676,-0.04986113368997318,-0.11989116455438685
2019-11-21 14:30:00,-0.00029663908078545517,-0.006040971853937112,1.4091509725131226,1.015936563823114,0.7445579983600301,-0.002560094370592088,-0.0224650561004018,0.001022152101551889,0.015196901718539976,-0.17041051633539542,-0.36752965791003833,-0.058959758431993275,-0.1201878036351723
2019-11-22 14:30:00,0.00210996534218059,0.0043972322718705366,1.410132693695576,1.0212794482029566,0.746708031956267,0.004080002367277051,0.007729036251613845,0.0002819343121427595,0.014735625410811514,-0.4278857855727595,-0.46246029491111507,0.08275527167474953,-0.1180778382929917
2019-11-25 14:30:00,-0.0044812108687439555,0.004142060713324643,0.833216840585812,0.9352269046588493,0.6405297257517814,0.007475238130346414,0.003139100160854909,-0.0009577126151077466,0.013985697409227938,-0.8511821532982684,-0.5781075769358458,-0.23344309043425346,-0.12255904916173566
2019-11-26 14:30:00,-0.006401277581672497,-0.003075348097634545,0.042525751431467085,0.6305379258971634,0.3630727208300655,-0.006419672742036142,0.006108120361269287,-0.0017702236524387957,0.013795575215698899,-1.120446536707525,-0.5854317066451139,-0.5036050700644282,-0.12896032674340815
2019-11-27 14:30:00,0.0017600078340818375,0.008226932970902897,0.042985396335147086,0.6299332106702227,0.3606312582712203,0.0064805210789494385,0.00569908909414559,-0.0008755565804182425,0.013389302561361257,-0.7731577941969582,-0.6281406018562318,0.08765054884978234,-0.12720031890932632
2019-11-29 14:30:00,-0.003431487852600271,-0.004569543979213016,0.0906289624096783,0.6025409696270214,0.33786792560508533,-0.003618548684815222,0.005516248891438795,-0.00042342402632688576,0.013127135883612735,-0.5894419837768623,-0.6464167202702474,-0.2577028565303103,-0.1306318067619266
2019-12-01 05:00:00,-0.04903532935364857,-0.056429013166760376,-0.5684876488984155,0.25947933905097753,0.3643353826815597,-0.08933443353595624,-0.11669130017636695,-0.004038856371443049,0.01591799212256645,-1.8133076127032672,-0.1530372139017476,-3.263578287648936,-0.17966713611557517
2019-12-02 14:30:00,0.029492420989767943,0.05785550583521156,-0.8333724888585174,0.11267281850751057,0.35723359064103244,0.09600816293933342,0.11469265617804988,-0.0039900516278334715,0.0160242021027878,-1.7262775142642472,-0.1113244460877988,2.04605061583311,-0.1501747151258072
2019-12-03 14:30:00,-0.00642407554082098,-0.008534677603900809,-0.8488500094006568,0.13016488971444332,0.35991601215809627,-0.011248581652150369,0.006408186621210121,-0.004222792888278886,0.01602405289378825,-1.7531412454477597,-0.08508283150275757,-0.3442333464214977,-0.15659879066662818
2019-12-04 14:30:00,-0.01524696827922882,-0.020709815365519264,-0.8898068456511715,0.11844758690769751,0.3639843373054809,-0.02835179745753032,-0.035706951485742947,-0.00429150448296177,0.016070489069294824,-1.7298328270710444,-0.04977879776684134,-0.9612520686660838,-0.17184575894585702
2019-12-05 14:30:00,-0.0038991165832730737,-0.004563424981861279,-0.8903854764123776,0.11714097835631755,0.3614544605703173,-0.006301388964926528,0.00019195832273296177,-0.00534952698587894,0.015252597141203639,-2.028815451704946,-0.17127985373862,-0.16529695009486553,-0.1757448755291301
2019-12-06 14:30:00,-0.004301776964084574,0.00017903032126276308,-0.8887082156321803,0.11111764587420632,0.35697239105008066,0.0031757531629845737,-0.018933566639348642,-0.005623932955035266,0.015178008485265486,-2.043061455953205,-0.1570960274442687,-0.17568411138807366,-0.18004665249321467
2019-12-09 14:30:00,-0.009910481074043364,-0.007039984092452434,-0.8837736574974374,0.11739264675379962,0.36759810205477006,-0.003559434047918364,-0.005867881860980861,-0.0064491231653285245,0.014925360369128145,-2.2356820609794434,-0.1767795159315849,-0.5544085523267793,-0.18995713356725802
2019-12-10 14:30:00,-0.0029757467655208525,-0.0026682139057802776,-0.8845344311178229,0.11737831913147023,0.3670115573927902,-0.002509736009865445,-0.004680014010792285,-0.006352040024579887,0.01494215329230292,-2.1035028071537316,-0.1414269486883724,-0.08606155827879394,-0.19293288033277886
2019-12-11 14:30:00,0.007039427035741631,0.005647362128334314,-0.8845990530154163,0.12121502471045897,0.373056809723886,0.002948333384663308,0.007320380606705183,-0.004292044663405973,0.01369448867853039,-1.3575551336181346,-0.369633024077104,0.618707951923345,-0.18589345329703724
2019-12-12 14:30:00,0.011779263445038608,0.017241223480300254,-0.8983385571678631,0.133779159915736,0.37458719222632003,0.0215166532336654,-0.0011935150269180746,-0.0035965845199420012,0.014155490532670456,-1.0839125349788812,-0.2380937814053535,0.9294457718143412,-0.17411418985199864
2019-12-13 14:30:00,-0.0037933008097898067,-0.009926524575323762,-0.9094298732993821,0.13911785268118593,0.3830891097281448,-0.01771905347320083,-0.0023569556578821125,-0.0034156582890876434,0.014127256746204544,-0.9885377431010949,-0.20948293661384831,-0.19361188010000277,-0.17790749066178846
2019-12-16 14:30:00,0.014792700243459554,0.005994607321685034,-0.8772332950321179,0.1456405839252003,0.3812264490961746,-0.006471949589896349,-0.007435875259758269,-0.0023980393900081528,0.0146866298252725,-0.6125187759783438,-0.028966072834809346,1.1237336344125337,-0.1631147904183289
2019-12-17 14:30:00,0.003300077685134747,0.001241663139352996,-0.8761920890299757,0.1458313851015538,0.3798844047481033,-0.0020313237129543733,0.0005872199798481932,-0.001995957641239711,0.014729111675551698,-0.4487881137146659,0.03825352901720466,0.2791493178803046,-0.15981471273319417
2019-12-18 14:30:00,-0.001797347634707774,-0.004571404085087309,-0.8753027716550839,0.1427603986383017,0.37861867906917407,-0.008610648467039,-0.008332139435686153,-0.002086044790675755,0.014721741180283418,-0.45809399747261614,0.1059963047079743,-0.08916038292070641,-0.16161206036790193
2019-12-19 14:30:00,0.0035936845275964732,0.004951858144260172,-0.8757220007035775,0.14466297198250777,0.37620142306981474,0.004642581622980406,0.005277682740049731,-0.0018915286102566583,0.014772243220686338,-0.3701461334286998,0.22188303012802757,0.2856522557847775,-0.15801837584030545
2019-12-20 14:30:00,0.005939307978396577,0.0013793039088183523,-0.8682808517814173,0.14419437956548062,0.3747987624159168,-0.005495372997869508,-0.008213193941178476,-0.0017000614784458592,0.014851441681262139,-0.2845310575619574,0.4247085628923758,0.46936674461025446,-0.1520790678619089
2019-12-23 14:30:00,-0.011236873498447464,-0.0024202914029038216,-0.8419763344707365,0.13530255073314124,0.37301377352120885,0.006868988002323681,-0.012687667378818027,-0.0020378446099310345,0.014994165747702723,-0.4060842601509929,0.6788572739774619,-0.7803130667886335,-0.16331594136035635
2019-12-24 14:30:00,-0.0074849561882813,-0.006471048222870516,-0.5361063682543799,-0.3275656917369529,0.406481144473173,-0.00787744315850784,-0.005986917094199,-0.0020920285402614746,0.015012710197843143,-0.4113259221494013,0.7223285802274566,-0.5474914750349074,-0.17080089754863764
2019-12-26 14:30:00,-0.0009650405868628005,-0.002845850863833932,-0.5912970731262748,-0.3981919742706729,0.41287973904572395,-0.0045626226691281024,-0.002523161316026812,-0.0022282809613087063,0.014988255938316406,-0.44340579011042247,0.7466019127309073,-0.04055696218724395,-0.17176593813550045
2019-12-27 14:30:00,-0.007573593796113545,-0.006609646289388167,-0.5936608580955725,-0.4067320446489817,0.41292456584192516,-0.009569435009585254,-0.0024120024183425697,-0.00243538625848437,0.015034303435062967,-0.5085928980371694,0.7863553626298238,-0.5399526420945382,-0.179339531931614
2019-12-30 14:30:00,-0.004538793444829524,0.00027941890161453653,-0.6607999376392013,-0.4332950824858253,0.40493865132585577,0.00043464985891206176,0.0034353481480953185,-0.0002105594630434179,0.010332493090140348,0.2807555953115875,-2.055174307709786,-0.3218821759577746,-0.18387832537644352
2019-12-31 14:30:00,0.002129316109560271,0.0007661381655620728,-0.6638974229870458,-0.4366756381054135,0.41263359694327856,-0.0031177014926942657,-0.004929113654544033,-0.0015787147070538015,0.0076578781250321555,-0.22182133543914845,-3.275536895125982,0.19167062119312453,-0.18174900926688325
2020-01-02 14:30:00,-0.01531004811041525,0.0253012890507122,-0.41475061450686684,-0.550328674350896,0.4163767746567652,0.10025043765361456,-0.10830644432740207,-0.002023013335533515,0.008192881442153754,-0.3987338749293994,-2.756034555277192,-1.1033798208432208,-0.1970590573772985
2020-01-03 14:30:00,-0.006906159270240081,-0.0008318361754280357,-0.42282632455515035,-0.5494753100600954,0.41363689563162565,-0.0028691804467064763,0.002139464664422719,-0.0016059728850840783,0.007680585556416002,-0.2625920105129668,-2.7886231729055204,-0.4634679601426401,-0.20396521664753858
2020-01-06 14:30:00,-0.0025975605942260734,-0.004920595740679046,-0.41804395927205434,-0.564011732585373,0.41534628020472847,-0.005858901259374161,-0.012701966945629417,-0.001540895085631728,0.007665632569303766,-0.2515987894553568,-2.601355284733855,-0.12681524097683136,-0.20656277724176467
2020-01-07 14:30:00,-0.0031512456219331244,-0.0012411080091721354,-0.3894402275784631,-0.6253189458279251,0.40644997628623253,0.0001652130469298092,0.0013872835311204608,-0.0014833685185241556,0.007648120185442115,-0.24188618944894372,-2.4392744859535807,-0.14588524260307933,-0.20971402286369778
2020-01-08 14:30:00,0.007665212409173339,0.004743923231691187,-0.3970347702599824,-0.6150681276600422,0.4059712665867334,0.005213186830794895,0.02121572890561944,-0.0006045838443633205,0.007638600594986442,0.06994909690403815,-2.298664500496605,0.6886878792369193,-0.20204881045452444
2020-01-09 14:30:00,0.00826515900888746,0.0022305492161199445,-0.38128929986029036,-0.6375747755790784,0.3985716562234202,-0.003248490820323339,-0.005138282065424807,-4.2538555642904814e-05,0.007865140238644933,0.2688601164211089,-2.101315107074345,0.7239886057688327,-0.19378365144563697
2020-01-10 14:30:00,-0.0063773763365686876,-0.004210262484140544,-0.3794376247168987,-0.6407333660450841,0.39979882745729584,-0.006856876108174499,0.001442133550401385,-0.0007133787242584207,0.007801226593616411,0.0074216739527871445,-2.030111671203872,-0.41254766427040745,-0.20016102778220565
2020-01-13 14:30:00,0.004106583309437103,-0.00403290370264453,-0.380446442536904,-0.6352112449508,0.40015823682502366,-0.010089013963939575,-0.004367150438219447,-0.001097012731038496,0.0073289118009896275,-0.13937954223905571,-2.1093488615430185,0.39217512084067097,-0.19605444447276854
2020-01-14 14:30:00,-0.006700696138484313,-0.00417315898837282,-0.3915299056364073,-0.6147718984913896,0.3966498004927182,-0.007105610045569681,-0.0043401432304740846,-0.0012423824974732212,0.007413553258779409,-0.19053690675306,-1.9832375486399514,-0.42112240428785347,-0.20275514061125285
2020-01-15 14:30:00,0.0018692790988859643,-0.0027820200841475184,-0.3884646634424745,-0.6347654972078872,0.39244920717924625,-0.016786357851248823,0.004570638219212775,-0.0018885535547019008,0.006441896113364012,-0.42790903416130266,-2.204928725373279,0.24104472742318625,-0.2008858615123669
2020-01-16 14:30:00,0.022715710891160895,0.015874090801361113,-0.3875916393727085,-0.6009665125444918,0.4006764390349475,0.009651513062136036,0.014190566663312715,-0.0009177718944005934,0.008423220034715767,-0.05449262832283964,-1.4817931472480028,1.8036881290429634,-0.178170150621206
2020-01-17 14:30:00,0.006242439358478341,0.0019752757022026834,-0.38549650817481196,-0.5990220880864501,0.40076803036542125,-0.004962850482518544,0.008361898615592112,-0.0005157825447412877,0.008569607072824998,0.10102933629298956,-1.3961244891209246,0.5332714784071705,-0.17192771126272766
2020-01-21 14:30:00,-0.00561741566319997,-0.007706531837449737,-0.391703198512491,-0.5981589507909179,0.3994823160483521,-0.016843563563002317,0.01022305621389663,-0.0009763375542811098,0.008584630895998516,-0.06753342953437026,-1.3547738884885514,-0.3837803209857599,-0.17754512692592764
2020-01-22 14:30:00,0.010222494154562833,0.008699305119099257,-0.37534775459251546,-0.6137582522471037,0.37888260532411583,0.005582056189401255,0.01834450823007542,-0.0007621782454727969,0.008816528315160447,0.01833089437785977,-1.2465034122522665,0.8481583589590473,-0.1673226327713648
2020-01-23 14:30:00,0.009761577567423425,0.005925732453830583,-0.34377425965506714,-0.6423752913203695,0.37904806428930954,-0.0029524834566131046,0.009751887802913067,0.00028774430782074745,0.008753572827008171,0.42366141176005373,-1.230448288568128,0.8404941825297048,-0.15756105520394137
2020-01-24 14:30:00,-0.02587354681044888,-0.02107845991628199,-0.3678805996504081,-0.5894113131716442,0.40919515726915856,-0.023718458608491644,-0.009556080773863829,-0.0006316852232876315,0.010420038827678555,0.100945476919479,-0.6946795307507874,-1.873747055591657,-0.18343460201439024
2020-01-27 14:30:00,-0.0327507493779038,-0.022244285138153946,-0.41098907621779446,-0.4573644226156905,0.4304101688511673,-0.019757840246799423,0.005484339074911155,-0.0022209706628396816,0.01265737473079321,-0.4924957761344592,0.014599285768262646,-2.2955729980947863,-0.21618535139229406
2020-01-28 14:30:00,0.016979938991645526,0.009189891396996516,-0.41945789671890954,-0.41626065354197606,0.4304296490816106,0.005083883504357364,0.0046483689252220985,-0.000993294023451728,0.013286031693342635,0.003034374985126377,0.20722696822430894,1.3396949555727637,-0.19920541240064854
2020-01-29 14:30:00,0.01314103575062515,0.011373815490024178,-0.5233739017537613,-0.24053508821579336,0.4119807284247489,0.008744998735449908,0.021862181378290248,-0.00010930256367899438,0.013621643032070493,0.3822367053551163,0.30637356982038355,1.0903964568242537,-0.1860643766500234
2020-01-30 14:30:00,0.009060505568669913,0.0035478468756404333,-0.4835532825795203,-0.27590910425305626,0.4065123072365319,-0.005774837085658549,-0.004492867733536557,0.00023725690927648772,0.01376896953149201,0.5732570140327689,0.3508759516745021,0.8419867056779902,-0.1770038710813535
2020-01-31 14:30:00,-0.019628554923295904,-0.014419170277471563,-0.535193298932662,-0.18486383446767052,0.39722753235692937,-0.00994497955625854,0.016762742567175325,2.1331568632454965e-05,0.01405647486796546,0.5255268433849855,0.4377830312785492,-1.3424145452282814,-0.1966324260046494
2020-02-03 14:30:00,0.06010040010011851,0.07320903839669701,-0.029419394270362678,0.20106022883732896,0.45240631459903907,-0.03968899432288575,-0.09180087066884601,0.0033716595371503844,0.019318814969809278,1.9811970413444395,2.0184798048023116,3.9958593913637777,-0.1365320259045309
2020-02-04 14:30:00,0.004708194393211926,0.010585848768777254,-0.045436854104879534,0.22558584837125042,0.3765918905731187,0.020556933371468057,0.006983420292274204,0.0037369472865222838,0.019269012017614717,2.1541566351462156,1.9137420629956399,0.3818185173961925,-0.13182383151131896
2020-02-05 14:30:00,0.010090699164605858,0.011095150823613528,-0.04523337994050046,0.22586109098394277,0.3794276208532043,0.007008116501292813,-0.026501797806910123,0.0043990445258492335,0.01924736094673254,2.3923251146234894,1.8246970053677156,0.7256378997682069,-0.1217331323467131
2020-02-06 14:30:00,-0.015050451974749773,-0.013059790353014708,-0.03165562542650212,0.20507368399124137,0.3710975257365367,-0.013350552469741447,-0.0028631309668028706,0.003263261306653078,0.019709164520633943,1.9095645823315048,1.870551787425096,-0.9054871659258135,-0.13678358432146287
2020-02-07 14:30:00,0.005799722843596808,0.005334730842653827,-0.030785236150190493,0.200968017080176,0.3676126600387771,0.008531913337017343,0.012325240461823078,0.003139989498388546,0.019683927311464604,1.8540562598610295,1.7846132427929724,0.4515879200116317,-0.13098386147786606
2020-02-10 14:30:00,0.003932260448580735,0.006685759039732675,-0.012165799677765224,0.18236709909602167,0.36254122981788833,0.0028952379057978206,0.011687466768822263,0.0036554713376460166,0.019556148452929665,2.018642431830721,1.696464019136113,0.29963892086736965,-0.1270516010292853
2020-02-11 14:30:00,0.018694498313516276,0.019579898757996334,-0.005362244202011382,0.17226967045506228,0.36768643509753773,0.015948911925716864,0.008408831092193998,0.004384867087849975,0.019843790452734884,2.23526443300503,1.7174968079417083,1.2675088287777965,-0.10835710271576904
2020-02-12 14:30:00,0.0031999628726172282,0.0057791766412684424,-0.007325630816704551,0.17497807294348386,0.3666131311440597,0.005055566055254664,-0.007661927250641114,0.004879900038405052,0.019675468970028465,2.3067716779898837,1.6231417071706375,0.21114822207712886,-0.10515713984315181
2020-02-13 14:30:00,-0.0019075463161889758,-0.0013723282516289552,-0.009783674495040265,0.17779252592579556,0.3678609931625562,-0.01250748232817748,0.001716077894873121,0.004691058767651305,0.019723950006987536,2.126726147410783,1.5877803516420979,-0.1381027716274614,-0.10706468615934078
2020-02-14 14:30:00,0.0014242156328593293,0.0028661473994161155,-0.011833188682060944,0.17900824043787808,0.36467047943490555,-0.0038560346675572768,0.00815151943917066,0.003626484004736227,0.019269238732213652,1.664695686961591,1.4355238449027978,0.08030954142553264,-0.10564047052648146
2020-02-18 14:30:00,0.00021917595945318558,0.0010826369376858065,-0.017115037211166723,0.1870197569769399,0.3637832066901427,-0.007299311791026201,0.009327207263623091,0.003325320834784969,0.01927327056295678,1.5076933829458408,1.4004150275707674,-0.0014881573386094696,-0.10542129456702827
2020-02-19 14:30:00,-0.01735697288145939,-0.015467502248474374,0.021147898861057543,0.13754993441857732,0.3694317100876254,-0.0046191077048256535,-0.028768733330829632,0.002738342973871998,0.019733239500868846,1.2726829182624215,1.468605471687845,-1.1581648343787239,-0.12277826744848766
2020-02-20 14:30:00,0.005296926711454544,0.0050814203917292815,0.028587974880425665,0.12577116694271845,0.36866041258231247,0.0015206341931981076,0.006175381990788227,0.0024920646017165837,0.01966553872546073,1.1595398689902547,1.4086604115062318,0.35334256456803137,-0.11748134073703312
2020-02-21 14:30:00,0.012581629840129616,0.012100241610110177,0.054862576203195526,0.07722694661610145,0.36843478679771424,0.013945368009012285,0.023963743718260745,0.0026330672153518932,0.019730407639892034,1.1740444532666388,1.3782646340418208,0.8170878143730813,-0.1048997108969035
2020-02-24 14:30:00,-0.01600137208526907,-0.021735845187733454,0.013618610875650958,0.16501575463892112,0.38133448873713127,-0.01007682583412332,0.024440528761780673,0.0031266759516108836,0.01909289344264566,1.2999897357015706,1.19427597238565,-1.0642933944250532,-0.12090108298217257
2020-02-25 14:30:00,-0.02969903120935494,-0.0358923379123001,0.009739759121399655,0.22303887037902592,0.4140853837681733,-0.014887973218251672,0.00825947034850457,0.0032792618600383265,0.018801042487033837,1.308985831558717,1.095038657657497,-1.8739581146621245,-0.15060011419152752
2020-02-26 14:30:00,-0.02049854781805289,-0.02018525489885803,0.04213515744372645,0.18818614856768867,0.42329368840483905,-0.01004552757728161,0.010001521159556326,0.0014053375195534055,0.019226555927635645,0.6605101358825497,1.1556188894914283,-1.250714492100197,-0.1710986620095804
2020-02-27 14:30:00,0.009823615936550355,-0.0072509850101863576,0.02565241095700639,0.3362627499129417,0.27670419635288634,0.037731009896297664,0.04622714565403733,0.001239466528849666,0.019134068732245605,0.5800518063606619,1.112319822157698,0.6528993321286434,-0.16127504607303006
2020-02-28 14:30:00,-0.03706421193620216,-0.0419342025953083,0.12003451107184171,0.4888215491900701,0.3081206628429287,-0.008512802857803946,-0.04105155919599853,-0.0010667693463939376,0.020845001663660476,-0.22589960947819807,1.4511020128690417,-2.442193898403863,-0.19833925800923222
2020-03-01 05:00:00,-0.05392080511543501,-0.12856394897335757,0.2797241290379622,0.6085227420506866,0.5303614698408882,-0.028607995978929962,0.2151454420150218,-0.002781381856000893,0.02367096721047951,-0.8337469274997779,1.975488536493774,-3.201667154687587,-0.2522600631246672
2020-03-02 14:30:00,0.032844696919713756,0.19694652279739425,0.3895931837718164,0.7196601957597579,0.7558017766197175,0.020491639499539277,-0.38836343657350436,-0.00414416701502113,0.020421781978120543,-1.3109499086744176,1.2552469980724792,1.9981316738087969,-0.21941536620495344
2020-03-03 14:30:00,0.01701773693329332,-0.010356721970569804,0.4228880893961381,0.6655541522605403,0.7515660192611048,0.0019457437356608098,0.020216242209528557,-0.0035286898880170607,0.020882906682152497,-1.1241480563090713,1.3125555301176741,1.0280821045489,-0.20239762927166013
2020-03-04 14:30:00,-0.004140007034004849,0.046610891072822014,0.4146111737925352,0.6719441424545308,0.7521585344666099,-0.010132291135539706,0.022957948011612217,-0.004240225197947596,0.02063540689784763,-1.4034868121409962,1.2267075943237185,-0.21775853708847462,-0.206537636305665
2020-03-05 14:30:00,-0.003122142105514574,-0.03092153834095172,0.41030363354844057,0.6791397583268923,0.7484594552555687,-0.015496399156864998,0.0056636884017623075,-0.0036438097044858356,0.02047830073256476,-1.2427173667381193,1.1621443754148697,-0.164894120107433,-0.20965977841117955
2020-03-06 14:30:00,0.003065889123598781,-0.012442316068810558,0.4126086241203617,0.6750810791594822,0.7492229150394176,-0.004313538174190038,0.0437428950715398,-0.0037805013904857374,0.02042099187756812,-1.3483864119859184,1.1199499852475985,0.19437147790109693,-0.20659388928758077
2020-03-09 13:30:00,-0.03604027832865128,-0.11249297847216518,0.35176389175845213,0.8048344328647347,0.7745353918894483,-0.05810470943062136,0.0889184538671564,-0.005779128329347338,0.021551209022269594,-2.0649144356395412,1.300058450475936,-2.0015123771479426,-0.24263416761623205
2020-03-10 13:30:00,0.003838906634734192,0.04946810003261307,0.3516887355458128,0.8070990536091714,0.769009007594327,0.040170819720607355,0.002031462125878937,-0.0065219079132864425,0.020909770269093682,-2.2514402593492573,1.13936241414787,0.28151075670212644,-0.23879526098149786
2020-03-11 13:30:00,-0.00534431993813355,-0.05989044580665526,0.3563354122400889,0.8076881485385732,0.7750911426810382,-0.00961717362115122,-0.007007207478515909,-0.00694912205382398,0.020787614056202743,-2.2990259791302874,1.0832853268018168,-0.2427076504066432,-0.24413958091963142
2020-03-12 13:30:00,-0.008470693360670606,-0.12148935905735099,0.35926048584609627,0.8206494319611446,0.7961941492509199,-0.020552284396652534,0.0032508695229993972,-0.007277279406048063,0.020755616884935605,-2.2853308849789524,1.047720128452987,-0.40177847210417733,-0.252610274280302
2020-03-13 13:30:00,0.0067854914672819955,0.0958313110930759,0.34460596440168634,0.845953884415864,0.7924789098447116,0.04134239093830942,0.003534310033770957,-0.0070092156143269305,0.020907975509240825,-2.089183553758445,1.0471689820695975,0.4725559984076075,-0.24582478281302003
2020-03-16 13:30:00,0.0258176308766203,-0.10993688007820697,0.35732532895501556,0.7871908106466448,0.80458916906656,0.0036403514931486053,0.0261301112159215,-0.005729292868468574,0.02212204606399673,-1.621725903486305,1.2363458695376703,1.5097999900063128,-0.22000715193639975
2020-03-17 13:30:00,-0.09896320864210648,-0.018352455360232816,0.07191870093978436,0.9781250537024779,0.797005174902499,-0.14628682627418568,-0.025184514948341657,-0.009809604656500928,0.030368521393866185,-2.6893179354147563,2.5638197439804093,-4.4209448651811,-0.31897036057850625
2020-03-18 13:30:00,-0.02342145604284386,-0.059880153565838055,0.08642377216872987,0.9707681572217162,0.7930036686320214,-0.016348984171251378,0.0836911168755238,-0.011245523794215848,0.030295503117873174,-2.847258679828386,2.3808510079361267,-0.9241846287704572,-0.3423918166213501
2020-03-19 13:30:00,0.049273759001915496,0.05822993791782619,-0.07294015526510478,1.1431878605119064,0.7806109349188727,0.1164347565490235,-0.009743407229231248,-0.009410917336126553,0.03282013775016664,-2.2113793176878795,2.588535180987154,2.245834054421257,-0.2931180576194346
2020-03-20 13:30:00,-0.017998486596234806,-0.06073679318364152,-0.04481132844269309,1.1214830272526988,0.7679273211135774,0.018585629621891732,-0.07049844303885885,-0.009510773061674842,0.032844273894543884,-2.1194927514579867,2.415233525624819,-0.6813143128133867,-0.3111165442156694
2020-03-23 13:30:00,-0.07415857968549583,-0.08186115830818645,0.09884778304878661,0.9670981629568245,0.769798265804788,-0.030832776320876706,-0.013702692432941463,-0.011733750485481887,0.03566593597260335,-2.497698176422686,2.615329852375036,-2.8487643310524247,-0.38527512390116525
2020-03-24 13:30:00,0.08274934359621326,0.17437177336086385,0.177043539407579,0.9581009343096216,0.7846487335363462,0.06687126904263563,0.013998212023105916,-0.006571355914768579,0.041349822012046004,-1.2301793890174455,3.066265651372487,3.12191798478759,-0.302525780304952
2020-03-25 13:30:00,0.052910451466318224,0.05163107852725224,0.23806919524364534,0.8888019991954552,0.776896669315199,0.026108769158874612,0.004464756428314898,-0.004417014138280185,0.04332424528795474,-0.7019344270839603,3.005857078346017,1.9238548699537488,-0.24961532883863374
2020-03-26 13:30:00,-0.012316930123561914,0.05310773392381907,0.22639422475077542,0.8945382480257522,0.779255585399314,-0.0321364509580182,-0.007995511315532333,-0.0031796500476481727,0.04269152640951293,-0.4037211600235472,2.7093837512640104,-0.39068874482507954,-0.26193225896219563
2020-03-27 13:30:00,0.0053969975719449954,-0.020603769180687587,0.3582410583126422,0.7562450322791081,0.7712876824483779,-0.026020793241602187,0.047181640517323584,-0.00021375991327917242,0.04100816741327153,0.2864407512395681,2.3653095650905733,0.22767915490063625,-0.2565352613902506
2020-03-30 13:30:00,-0.020426881616365952,0.017676621250217628,0.3580680147631134,0.7494768761389404,0.7665451064744483,-0.019320618284056512,0.007440060563947193,-0.002877338840083158,0.04047451554543911,-0.334238186365072,2.1830150239899577,-0.682167744930109,-0.2769621430066166
2020-03-31 13:30:00,0.030006556727694093,0.00857208748313687,0.32231704780572557,0.785914678010332,0.7637469642840188,0.04892560326525708,-0.00680171685055686,-0.0022278978503631197,0.040912385745139876,-0.17901863901113726,2.1141304949683106,1.0785023978669925,-0.2469555862789225
2020-04-01 13:30:00,0.012458024653745292,-0.14286191533440729,0.3594363547121605,0.7251818302856988,0.7668635987474178,-0.052397488512712864,0.13029577469546727,-0.001397996265975612,0.041039703667555445,0.01544697116917758,2.0244491510580587,0.4516973358515448,-0.2344975616251772
2020-04-02 13:30:00,-0.0076995699653911,0.01650919539308811,0.35769032074524965,0.725375064766438,0.7660044007737591,-0.014788443537826417,-0.07509061441878721,-0.0016268676589694386,0.041062582388104195,-0.034287435760540975,1.9350447763577947,-0.24676716631490767,-0.2421971315905683
2020-04-03 13:30:00,0.008414474423938351,-0.01600302919149103,0.35137916955304627,0.7311151571699712,0.7659745554985561,0.019744307308192505,-0.005389427140382857,-0.00135943839395246,0.04111214060129155,0.03369287197180401,1.8565171599035646,0.3187372639335989,-0.23378265716662994
2020-04-06 13:30:00,-0.016166828780371838,0.060805086815657695,0.34894293092687345,0.7241019811229602,0.762593244957216,-0.01642975741079441,0.007838084245672151,-0.00036576591653848784,0.0404648674409238,0.2657954621147923,1.7238978544043837,-0.5371579430389143,-0.24994948594700178
2020-04-07 13:30:00,0.0010925405266861872,-0.005048002718140136,0.3459285024837153,0.7283513140023874,0.7613930279681026,0.007498778843653316,-0.026378506001176565,-0.0005030842219408881,0.040454506419523514,0.23111630345262293,1.6597900606030596,0.06910192261330508,-0.24885694542031558
2020-04-08 13:30:00,0.019843746089603743,0.05362349407980993,0.3632179551822998,0.7149511928394977,0.7642594330908209,-0.0008329928954158294,-0.013084886657890982,0.0007563190794459766,0.04068725955398549,0.5179028306939302,1.6223347486899684,0.7076617235256153,-0.22901319933071185
2020-04-09 13:30:00,-0.007453144295218012,0.00924193856664135,0.356713754138118,0.721255273320635,0.7638612583612815,-0.03792597338805215,0.018301153356833355,0.0008071965327186064,0.04067574893062601,0.518140164273117,1.5690864951004513,-0.2392603986632701,-0.23646634362592986
2020-04-13 13:30:00,-0.029881155994911767,-0.036883423991502094,0.3923520900163843,0.682820331495389,0.7647225230860535,-0.005155595883658735,-0.0336396988321905,-0.0010261358403910819,0.04121485890013889,0.08991127784345836,1.564497709738841,-0.9881764512672894,-0.26634749962084164
2020-04-14 13:30:00,-0.012996088687409962,0.025843675589964848,0.39717418429874696,0.6738464226370737,0.7649032720454315,-0.0035282135167201308,0.03057754904682745,-0.0029668218185925953,0.04079602277266715,-0.35406317965999135,1.4757911572642235,-0.3894794712387839,-0.2793435883082516
2020-04-15 13:30:00,-0.028290590452500236,-0.05202855667088424,0.41495289805881275,0.6587861283978949,0.7666172239107247,-0.019041496013384895,-0.005060920751323028,0.000566809090887717,0.03463968672662588,0.4647692873954921,0.8678650670663144,-0.9016876786782566,-0.30763417876075183
2020-04-16 13:30:00,-0.00964961961336164,-0.00047676389841903405,0.4195287163684139,0.6527255271167993,0.767471775934592,-0.0006474192432940711,0.04225546383703801,0.001255400912361828,0.034272672412247684,0.6156447581965155,0.8057723054635225,-0.24707101178993313,-0.31728379837411347
2020-04-17 13:30:00,0.04967099967210206,0.06801034070665597,0.44461292338411995,0.6321159872307015,0.7711238014879496,0.03577962129309993,-0.03821284011525898,0.0012752629458711562,0.03430206761522331,0.6152316205233176,0.7823310208898474,1.7355847034814356,-0.2676127987020114
2020-04-20 13:30:00,-0.003925979832398452,-0.030240822336357165,0.45041796614255275,0.6259463321352746,0.7714927176809606,0.007591641685848249,0.0009815291683883398,0.001978888284062974,0.03402915061779536,0.7647433851197897,0.728940843621189,-0.08328100741201909,-0.27153877853440983
2020-04-21 13:30:00,0.018044583434760467,-0.013519039469436223,0.4607762042672441,0.6100803933560054,0.7697699158807568,0.0029646177129246665,0.004115607089667295,0.006589046440075788,0.02905330863574565,1.7483065592736273,0.20288422195572778,0.6365387787887669,-0.2534941950996494
2020-04-22 13:30:00,-0.007876201765344162,0.022028826968440256,0.4607688591641607,0.6083841809584071,0.7703806021723705,-0.007126177744705881,-0.01356405780337407,0.0020577691719979177,0.022982834761854243,0.7147237740280903,-0.44397403655568213,-0.23387072297293449,-0.2613703968649935
2020-04-23 13:30:00,0.012830305458244873,0.002321502390692287,0.4561290859644559,0.6125918551075081,0.7703754420136755,0.019115426611061137,-0.02995586924797211,5.376187159424998e-05,0.019849081267925124,0.26539561363419406,-0.7913547374652404,0.4743241733044865,-0.24854009140674865
2020-04-24 13:30:00,0.008258045658420598,0.019407387750600025,0.45441330635124766,0.6153075646356749,0.7707161848383429,0.013196123510976099,0.0170913379281894,0.0010825106606933755,0.019706857325129945,0.49190443265702577,-0.82677178658162,0.31848687874351994,-0.24028204574832807
2020-04-27 13:30:00,0.03305577109709475,0.04198294884889845,0.4563552848904286,0.6153111775126856,0.7729625121666586,0.03152318210097641,0.020319388383143545,0.0024654493369508632,0.02095643160289353,0.7881705022328834,-0.7151097984802792,1.1279205102502499,-0.20722627465123333
2020-04-28 13:30:00,0.036336365672514095,0.02742992499712164,0.4980045036756906,0.5878083825034055,0.7859099717177195,0.023696893952202796,0.004529050665867656,0.0053036117013948655,0.02152886108142662,1.4002814710483833,-0.6591558967423047,1.2819446911513963,-0.17088990897871925
2020-04-29 13:30:00,-0.001562325213329675,0.014822098659248032,0.5010241466397509,0.5841278644757906,0.7897177076018446,0.023951475497355358,-0.059252157523092396,0.0037251676043436772,0.020766143005532436,1.052211837589807,-0.7464668396398795,-0.03075343171592222,-0.17245223419204891
2020-04-30 13:30:00,-0.002241841162548686,-0.01395554073266921,0.5020321267804774,0.5828848975626294,0.7898222193486933,0.0090778698090939,0.008174978681068127,0.0029901743135289783,0.02070082544734348,0.9002479750633355,-0.7579196715905717,-0.047276545225119045,-0.1746940753545976
2020-05-01 13:30:00,0.038972143635516876,-0.041175269412261906,0.5162872252352799,0.5455836303915081,0.7907235964806164,0.02265449313453305,0.03390200466303794,0.005323759993574377,0.0220208971934003,1.3974698037221625,-0.6199700373145687,1.3367501735251195,-0.13572193171908073
2020-05-04 13:30:00,-0.030544253343310013,-0.02000312938017257,0.5184649632924052,0.5403144050675077,0.7912421210178935,-0.02751925433703062,-0.05459192918766709,0.003375823605211959,0.023412267468625264,0.9676452158419283,-0.47661192370484545,-1.0190730647121007,-0.16626618506239074
2020-05-05 13:30:00,-0.0064971286726766215,0.004130154572263993,0.5184649451603386,0.5398678727006886,0.7905222840928094,-0.004040443527031219,0.00332135621272515,0.003859308610596719,0.02308500978857742,1.0722271237683407,-0.5215404365594604,-0.19508238218745313,-0.17276331373506737
2020-05-06 13:30:00,-0.007768346354729496,-0.022459529020369667,0.5240402545016544,0.5337251314625397,0.790616862570421,0.011543434429466665,0.0036719720805716456,0.0034162642665259355,0.02322550486719045,0.9823865932591825,-0.5145130005836955,-0.22407095592497123,-0.18053166008979687
2020-05-07 13:30:00,-0.019011960056406742,-0.010582610377066537,0.5271677749785669,0.5285874278293912,0.7902460080031783,-0.014594954522628933,-0.03658546024454323,0.0014734789592254112,0.02340347729742295,0.5737580248673642,-0.5041495878138396,-0.5934744875113775,-0.1995436201462036
2020-05-08 13:30:00,0.0195491369435242,0.037449092157948595,0.5324300035952325,0.5261104505029125,0.791498288117689,0.01728545541306984,-0.008115493117716387,0.0028235930211625215,0.02363908548841427,0.8885812149671799,-0.487671236594389,0.7036357091821375,-0.1799944832026794
2020-05-11 13:30:00,-0.030238633160336106,-0.028455555711191,0.5403877001742033,0.5162564252194914,0.7917298400905771,-0.02418207603206805,-0.010920688696746488,0.002805719162891305,0.023665236211770052,0.8903657597615817,-0.4960160067177298,-0.958001377170979,-0.2102331163630155
2020-05-12 13:30:00,-0.013297714594897755,-0.02960199185315689,0.5375959334670357,0.5206335375853179,0.7911810771967914,-0.02083950741419612,-0.012016916732742595,0.0027906378675169154,0.02367593002982124,0.8907019466601477,-0.5062901048988397,-0.3804215253941316,-0.22353083095791326
2020-05-13 13:30:00,-0.02480210735081012,-0.03681042802428151,0.5297497832725406,0.5308158758161478,0.790936051747494,-0.028331248465474114,0.008607658218681334,0.002965062022601421,0.023446638129397894,0.9285113291006741,-0.5422730554565933,-0.760499995145584,-0.24833293830872338
2020-05-14 13:30:00,0.01671558252538364,0.02771536099165302,0.5275561946235549,0.534971937453488,0.7908848207106874,0.016980150637514752,0.016520249811580474,0.0042833221295386845,0.0234412393903718,1.2108131736385985,-0.5531671309996002,0.6217249659679788,-0.23161735578333975
2020-05-15 13:30:00,0.0012792517497750484,-0.0031969176526368917,0.5179831793512615,0.5467703040697285,0.7902720910989954,0.010124287057444689,0.0006781227489017403,0.0018637347334223343,0.020865783476616263,0.6729560388598032,-0.8528790340927409,0.11274947325942078,-0.2303381040335647
2020-05-18 13:30:00,0.035293821898229175,0.06665784447411083,0.5340392689416451,0.5386447322611266,0.7943801934458086,0.02560703195772618,-0.015031179812089679,0.0038247248199537154,0.02209950913061792,1.1077285059197006,-0.7204123181733493,1.2089670619261246,-0.19504428213533553
2020-05-19 13:30:00,-0.007881358389097901,-0.018638880711332833,0.5374697757633383,0.5337335239134984,0.793538935472074,-0.00216480192838912,0.009359778206469455,0.002528427728760797,0.02198156889972103,0.8223079415278841,-0.7444793129671089,-0.2336605292458309,-0.20292564052443343
2020-05-20 13:30:00,0.006668775412096581,0.020248475341272314,0.5307226272084192,0.5419070482033712,0.7936968141131125,0.014724674389640684,-0.019656405397399174,0.0032556765876328346,0.02185948716178084,0.9733973518808579,-0.767444562818914,0.23704949292090793,-0.19625686511233686
2020-05-21 13:30:00,0.010290508835861393,-0.0018825998907978276,0.5274135879083668,0.5601385641219215,0.8056417368673938,0.00821850608261058,0.014127357803616106,0.00312868675651366,0.021808254375171764,0.9331402157804003,-0.7825220224524332,0.35787918020005266,-0.18596635627647548
2020-05-22 13:30:00,0.0018035316045138961,0.009128221732952099,0.510067088133344,0.5767388855389244,0.8054096973545565,-0.0019709683931662756,0.01532685283554199,0.002805961053818325,0.021776087675778273,0.841904146611218,-0.7893584421592471,0.05310030306458101,-0.18416282467196157
2020-05-26 13:30:00,0.029568730567693678,0.03201311141290197,0.49069836768902586,0.5742459622594106,0.8018674447919922,0.025462017029597273,0.004206395704940413,0.0026316090273482717,0.021533754099352573,0.7803920068296988,-0.8113028851932319,0.9674933090997676,-0.1545940941042679
2020-05-27 13:30:00,0.024671198716667453,0.03368982333608058,0.44646474369928424,0.5753419370580386,0.7819581195678703,0.021728820148775606,0.020794606798182867,0.0020483506795559393,0.020715209050070838,0.6299881150619476,-0.9084172130875636,0.8062774115051127,-0.12992289538760043
2020-05-28 13:30:00,-0.011115384451995673,0.000997869212597961,0.4322079685377658,0.5913605582144407,0.7798787075440914,-0.028552285696760455,0.028956181183957524,0.00157069771762264,0.020912048565541682,0.5065605902776424,-0.8854096864839558,-0.42262085947933514,-0.1410382798395961
2020-05-29 13:30:00,-0.015794768746252037,-0.003913576138522982,0.43504358739221827,0.5876782430627479,0.7769368765828656,-0.011679989417914077,0.0007086014146999347,0.000893051338437472,0.02125880821712136,0.33981120985255,-0.8468429358599406,-0.577279967273548,-0.15683304858584815
2020-06-01 04:00:00,0.03679769640048229,0.06398012694116217,0.34748004991033143,0.6826063582699525,0.702021718244244,0.11070287376530374,0.07493571021894851,0.0007843289766857429,0.021058429322717176,0.3003338598001975,-0.872445110799679,1.2106265623546522,-0.12003535218536586
2020-06-01 13:30:00,-0.011412035830532793,-0.03133585495745176,0.32215210181216364,0.7089818580702596,0.6336559545044359,-0.09282655224898076,-0.06015084391598539,0.0017409398523246036,0.019966630876012546,0.49335882686352023,-0.9991378700828524,-0.4335909219060582,-0.13144738801589864
2020-06-02 13:30:00,0.00577515100067562,0.013521191083599208,0.32215075854708974,0.6807242287621822,0.612499858194501,0.007064342994777132,-0.014369167350665476,0.002354553835992216,0.019888556967033275,0.6051098919770056,-1.0020456305520107,0.13284227486512482,-0.125672237015223
2020-06-03 13:30:00,0.015795926546544284,0.024001856486128403,0.3289401763847393,0.6720206003259299,0.6093920765467292,0.011993585134134621,-0.005351763013366595,0.003532767481055905,0.019955177287046932,0.8409407629728284,-0.9906131370956835,0.47297578217607816,-0.10987631046867873
2020-06-04 13:30:00,0.015333688568361254,0.006635520798860206,0.3217505956205884,0.6701373933609637,0.600396338847733,0.024515778453735537,0.006395508997987909,0.005250049912294304,0.01938255961912475,1.1943630975038428,-1.0520181285801151,0.44451188319533813,-0.09454262190031747
2020-06-05 13:30:00,0.013835213130173017,0.03329555026319649,0.30510923879288676,0.657206864200446,0.575699302538047,0.020551418996512437,-0.04097337173171859,0.004964353721626746,0.019201970049249572,1.09778721970273,-1.0668578017739898,0.37976696859039577,-0.08070740877014446
2020-06-08 13:30:00,0.010459821443133819,0.026121081312629284,0.31181531252592487,0.6340904533650357,0.5593924306209676,-0.0006806938922275414,-0.018928131295423995,0.006999276451800242,0.017341354726694912,1.5227599996114782,-1.2668756928470069,0.2606857344955037,-0.07024758732701064
2020-06-09 13:30:00,-0.02711851171955146,-0.027146559276258014,0.32322261070918545,0.6231513319553433,0.5270388124986337,-0.007092247566906001,0.01041208564080794,0.006308236595567557,0.018433713384765057,1.3189680588563613,-1.1261593280315423,-1.0057396428245382,-0.0973660990465621
2020-06-10 13:30:00,-0.03382619414528511,-0.026158920342553255,0.4931066771403717,0.6214018487218412,0.5317162797002458,-0.020311986746809858,0.023064992129345357,0.005857032255843807,0.01932421621912766,1.2018351249138586,-0.994817147121654,-1.4084566307161126,-0.13119229319184722
2020-06-11 13:30:00,-0.024780234139419995,-0.07211499108205544,0.48656568971933845,0.6330609794447879,0.5437032847970142,-0.03306924240127562,0.02210132037654733,0.0037822414226036257,0.020300013164855232,0.6864881542673797,-0.8597867632484713,-1.061868447502979,-0.1559725273312672
2020-06-12 13:30:00,0.008589055557038199,0.013396090790384507,0.584667689344013,0.5677495056735198,0.5527447341875763,0.015946317412652844,-0.011835184818238309,0.004147731612966783,0.02031837255009976,0.7734205568575669,-0.8313788336239648,0.2409487585060021,-0.147383471774229
2020-06-15 13:30:00,-0.0040396695831218885,0.008482697004331796,0.5922681160062997,0.5662028392614507,0.5496993363116163,0.001664993814253557,0.005468935449136292,0.00218105703889923,0.019006214245942413,0.17905069795685347,-0.9486482245636574,-0.26340912359415897,-0.15142314135735088
2020-06-16 13:30:00,0.009555448751145154,0.02518312376450112,0.5252848466224918,0.6062597372405591,0.52980600911286,0.020612174189943062,-0.003610400040164812,0.0030528973959113824,0.018920073934439337,0.4408994473774027,-0.9269029187636411,0.2353174399778638,-0.14186769260620574
2020-06-17 13:30:00,-0.0048772619144147236,-0.0024149635086372356,0.4151583907053461,0.5878396296647076,0.4368656708816541,0.0006183667875272469,0.031656483591858575,0.002475595529585817,0.01897999231874162,0.19100201798206898,-0.8919450884454154,-0.356192521506821,-0.14674495452062047
2020-06-18 13:30:00,-0.012058674044271855,-0.009546996914852094,0.3841056922070456,0.6103006014814009,0.44546505034863637,-0.00937802654070489,-0.02189221051135507,0.0013581363855791548,0.01915279268253177,-0.31170848979147686,-0.8474927599714875,-0.6787946605883319,-0.15880362856489233
2020-06-19 13:30:00,0.012248709499251727,0.0023770327798635638,0.3958171070531269,0.6144359232000013,0.43213297006756357,0.03044139319267991,0.01755851994625035,0.0018803952803160464,0.019307362928824207,-0.13190646284225876,-0.8050273673431746,0.5173731839316679,-0.1465549190656406
2020-06-22 13:30:00,-0.01921874740636564,-0.006980181178361559,0.39512875540604997,0.6100140390813635,0.4432548084439687,-0.016732247785237558,-0.011612707000526894,-0.0005589786183869195,0.01869735417929586,-1.207019442445536,-0.8524653548282483,-1.029488610148352,-0.16577366647200625
2020-06-23 13:30:00,-0.01263271519043042,-0.010360124051304967,0.4112483164763556,0.6120247252132793,0.44581769131139953,-0.00028546347108585925,-0.011379126300796997,-0.0024241743137418136,0.017891285999537987,-2.049544846184926,-0.9252578208635382,-0.7131069476874246,-0.17840638166243666
2020-06-24 13:30:00,-0.013859944110166514,-0.0299168596299344,0.43999561941879334,0.6079333814516386,0.4535495346620591,-0.02079277951627201,0.02556752676709506,-0.0025614022966503553,0.01797180137181533,-2.097445939391875,-0.8913236157449919,-0.747374092233405,-0.19226632577260316
2020-06-25 13:30:00,0.017876121562626208,0.019143189115508424,0.4308760080918337,0.605096011368916,0.36669912721021075,0.03153963169213718,1.1143475576885081e-05,-0.0008778577812064432,0.018241957416916227,-1.3634751716428268,-0.8344443697886467,0.8509343098566017,-0.17439020420997695
2020-06-26 13:30:00,0.0022613482616934827,-0.01560789469715862,0.4379723791026482,0.6051470383892484,0.36925509839042303,-0.005028833812137812,0.01902973781711559,-0.0026046751881458837,0.015982524110901404,-2.096087721435794,-1.1158363395208963,0.05523520639329612,-0.17212885594828348
2020-06-29 13:30:00,0.0048220931308301206,0.020853152208039,0.4464189762080506,0.6065137217034714,0.36914485725145124,0.0020058387404124182,0.007432566538628265,-0.0017929687400777376,0.015923815995276945,-1.7271856061212458,-1.1085386524098841,0.18776329142104445,-0.16730676281745335
2020-06-30 13:30:00,-0.013750486037116262,0.0014167969898577122,0.48009437599473026,0.6306357598111236,0.36334198286855246,-0.002318642387503271,-0.021556341102777304,-0.0027692505919673324,0.016033572769905646,-2.077253463166595,-1.0792706039301234,-0.7544499838855755,-0.1810572488545696
2020-07-01 13:30:00,0.04520594618724068,-0.0064668421615837746,0.43195856060264554,0.5528821704968542,0.35584682815402774,0.04416615498744125,-0.03144592859167361,-0.0012987496099325126,0.018915518414150748,-1.4362722784157749,-0.63019750755799,2.108099056072635,-0.13585130266732892
2020-07-02 13:30:00,0.0007148381128849962,0.007229204880977225,0.40436660409739744,0.5523333316496769,0.3351464690926614,0.0046316663579586415,-0.00387291384088595,-0.0020296921327063256,0.01851723364723022,-1.6869052482456788,-0.6802147066158615,-0.04162479671520647,-0.13513646455444392
2020-07-06 13:30:00,-0.0023148438935773332,0.007734048520826968,0.4285730959779067,0.542720426727277,0.3364410351350418,0.019996735654566982,0.004787888844668557,-0.002837194983893843,0.018137219325564904,-1.934029000060153,-0.7406659402665966,-0.1944876635391199,-0.13745130844802125
2020-07-07 13:30:00,-0.011785297708664304,-0.015096210506895988,0.38971069799963753,0.5664286542672973,0.3271050126815523,-0.011074638071112938,0.016679435067109262,-0.00394945094148375,0.017960089383521824,-2.2801043108917467,-0.7866806677291777,-0.685350248391374,-0.14923660615668555
2020-07-08 13:30:00,-0.013189262937046009,8.462265492229874e-05,0.39492007251779865,0.5763683858874964,0.3182522078228136,-0.008869094939813102,0.0009120767181166981,-0.003252988502358477,0.017271209619069697,-2.0017684002007625,-0.9814776069237345,-0.7551412925346476,-0.16242586909373155
2020-07-09 13:30:00,-0.028620529430110387,-0.026651686287537224,0.37285055685909574,0.5624394748707616,0.2993228592301177,-0.013253489058087431,0.022754958869644182,-0.0029927052665997406,0.01681953005569045,-1.8282214557058274,-1.108073084776005,-1.5239984333120937,-0.19104639852384195
2020-07-10 13:30:00,-0.006393275326970742,0.006732802325714234,0.36667410069085293,0.5700298998352912,0.2980361624608041,-0.012138302249362003,-0.02520679203347313,-0.002073357325977278,0.01605090370340593,-1.4373342369424305,-1.3544633153559797,-0.4189599286497694,-0.19743967385081268
2020-07-13 13:30:00,0.02206886307050071,0.012676927079443345,0.31206096532292044,0.5576747658157948,0.260289632930006,0.0116381922164972,0.018023186576467065,-0.0013993669503041522,0.016788268430315785,-1.1595252342684432,-1.214986714989813,1.0685546975323241,-0.17537081078031197
2020-07-14 13:30:00,0.013920362754882312,0.022860975863416916,0.29902929718949567,0.5580053082490044,0.25244346169151993,0.013523250455096242,-0.012217115397161232,-0.0005013653334039423,0.017116732292434326,-0.8129567986450517,-1.2334979616712898,0.6272892540634789,-0.16145044802542965
2020-07-15 13:30:00,0.024241984491846624,0.026644022746082612,0.29844877848164264,0.5706753792759426,0.2561785628881732,0.030584608330028556,0.005053523441661472,0.00023296145363113136,0.017869375592847483,-0.5216389937892277,-0.9612839329017194,1.1514045539274766,-0.13720846353358304
2020-07-16 13:30:00,-9.564455134255167e-05,0.0023814470073357796,0.30467628208103115,0.5749289246654166,0.2528660386394217,-0.010346722989116985,0.00692964799301965,0.00047204232178473985,0.01782934822330816,-0.42255376217060875,-0.9479441188401002,-0.11191889040202775,-0.1373041080849256
2020-07-17 13:30:00,0.0015053704566010996,0.011625198447454169,0.31005966355768455,0.5744267407659993,0.25401073604772373,-0.01096304767931929,0.025599777295785033,0.0011502445468283876,0.01758390001126661,-0.1784679681289399,-1.0320101361304244,-0.01938173972878778,-0.1357987376283245
2020-07-20 13:30:00,-0.031211489976858818,-0.01843261176381798,0.33283426518334297,0.5376486023557856,0.256072361212355,-0.005311564434551091,-0.0018069684607733665,-0.0010227654269771395,0.018784573377717894,-0.9652930633269612,-0.4877200360442592,-1.6442074982599484,-0.16701022760518333
2020-07-21 13:30:00,0.01188657430382925,0.009397666730927826,0.3228784702684735,0.528129883406207,0.2396774612087853,0.004853581077991645,-0.05102355671670574,0.000532500658532605,0.01848402437217339,-0.37989040663712254,-0.6026704936264453,0.5699533207111227,-0.15512365330135408
2020-07-22 13:30:00,0.00096836899400401,0.008608289654632303,0.3097884185038532,0.5548071755514543,0.24462367113531677,-0.0068048688346295325,0.020892810741751165,0.0012125548677543265,0.018222515831184137,-0.10586961654620633,-0.6951110434815897,0.03674608159329374,-0.15415528430735007
2020-07-23 13:30:00,0.007907281221276548,-0.005014947122878495,0.3106381829005531,0.5505883448672075,0.24803336947175125,-0.006169554427584896,-0.0031627501610776614,0.0023009161343264797,0.01792247943331591,0.31245328140799544,-0.8045346860906972,0.3976477130846609,-0.14624800308607352
2020-07-24 13:30:00,-0.0031374134325955127,-0.009219586793979903,0.30396593061118854,0.5528590149497307,0.2474872259904266,-0.0026276610672607194,-0.0036521746120753065,0.0012502393845653936,0.017573904223397697,-0.07256711678653059,-0.9306145765116716,-0.18942765556260113,-0.14938541651866905
2020-07-27 13:30:00,-0.010241676044352409,-0.002959286119820289,0.38411953387444864,0.650647566327458,0.22702931963950293,0.009150816662192343,-0.004025685706577095,0.0006250881692630991,0.0177574677865755,-0.2842303110644946,-0.8210448753325675,-0.5425983522664212,-0.15962709256302146
2020-07-28 13:30:00,-0.009206311113527791,-0.011226813123374701,0.38783912907948914,0.6702470692190997,0.21894473004341264,-0.02634026144802426,0.0058171480142718,-7.633204295479654e-05,0.017859727316481087,-0.5333424282337227,-0.7497439139578991,-0.5164061727646071,-0.16883340367654925
2020-07-29 13:30:00,0.01952432737188485,0.030291320509504855,0.3944789920343378,0.6819823113060787,0.22810138578028763,0.025659454547288647,0.009429573770324124,0.001587408627495259,0.01806751961864521,0.12396174633095136,-0.6302070108028338,1.0688063987647949,-0.1493090763046644
2020-07-30 13:30:00,-0.02246949452589123,-0.017939962244107138,0.370769186538328,0.6819581998191854,0.22425320415253147,-0.017939962244107138,0.021338160375101906,-0.0017963634081613361,0.015643107688501644,-1.1518094087786928,-1.6918928112709404,-1.2484626344645826,-0.17177857083055562
2020-07-31 13:30:00,-0.022075774964764816,-0.00842196107702875,0.37343821620617024,0.6767298572508434,0.2248280190373808,-0.010068679752560317,-0.0037259028042720965,-0.002935894062043827,0.016268159638914884,-1.532297164212888,-1.3693688317238666,-1.219925875567495,-0.19385434579532043
2020-08-03 13:30:00,-0.011407132084979107,-0.06728500345839983,0.3446242145077776,0.7124485763277426,0.14507079374846177,-0.08281246559263855,-0.08159072978489101,-0.003390508471613916,0.016376571885678096,-1.6325572890499331,-1.2929086779354502,-0.6086074888758666,-0.20526147788029953
2020-08-04 13:30:00,-0.0053116546429409295,0.001896955897199848,0.33394768745058756,0.721420687584409,0.13628293051838658,-0.009071851549489085,-0.022439118691527038,-0.003066826318327747,0.016265515574786546,-1.4544365152924073,-1.3242306839410374,-0.3008741343634608,-0.21057313252324045
2020-08-05 13:30:00,0.008223125909784476,0.007100494415957244,0.32166321621243665,0.7122211793342227,0.12360373061690773,0.019923256808352236,-0.003428785521682724,-0.0019962068759862227,0.016268871988467236,-1.0281327853039344,-1.3058929585853376,0.4476976522194729,-0.20235000661345598
2020-08-06 13:30:00,0.01843499621615281,0.03164184018819727,0.31340118832851294,0.7074617202214896,0.11470552672911755,0.025813135286332445,0.039656641372492696,0.0003565694063269372,0.015604850972153741,-0.1562906797065092,-1.6226327069577888,0.9968704023775591,-0.18391501039730318
2020-08-07 13:30:00,0.012722457270805598,0.012380015086975504,0.316555971927711,0.6969723315892353,0.10846847474230208,-0.0056663726902059786,0.011033713819018187,0.0013123560362157543,0.015754365010028797,0.21462705824901251,-1.5311486606113667,0.674746676668918,-0.1711925531264976
2020-08-10 13:30:00,0.02587136110126258,0.025340445160230745,0.3100275860267657,0.6933870098236448,0.11314872513884149,0.025665867164432792,-0.005590358714254357,0.0015024809377538477,0.016038423463132053,0.28765660947209193,-1.3301625573098128,1.384974931767803,-0.145321192025235
2020-08-11 13:30:00,0.027909893026385857,0.014183831189790904,0.18691697823654324,0.6408539920575226,0.05949583614855088,0.03582026534930701,0.017575469321317337,0.002201957451329025,0.01689090660526193,0.562446536653748,-0.8426348752925606,1.526039507106379,-0.11741129899884914
2020-08-12 13:30:00,-0.013964598182422502,0.006607552834557495,0.1602712575090775,0.6257376148801849,0.05282701869789391,-0.007858532313698596,-0.0033400310937334865,0.0002916283176155686,0.016421038133308863,-0.13997775271017465,-1.0813381576639756,-0.8654764031471195,-0.13137589718127163
2020-08-13 13:30:00,-0.010082633816173612,-0.006655764553788838,0.1601793421585887,0.6220133483942135,0.04964290174668614,-0.005016678425175318,0.012784253512196437,-0.0002077211456259844,0.016584469131266728,-0.30839788818075475,-0.9647486449901753,-0.6262747588753541,-0.14145853099744524
2020-08-14 13:30:00,-0.0016142939871743942,-0.0016033486023329842,0.16365544958193717,0.6239116354323612,0.049996613820257885,0.007098017630793911,-0.011119504111378705,-0.0003637043678147591,0.016582179496076207,-0.3478456596873876,-0.945041367685279,-0.13296607112960032,-0.14307282498461962
2020-08-17 13:30:00,0.005063579728788743,0.014314985851463366,0.1616077306476964,0.6254378980075176,0.05027970009507737,0.01563999711504501,0.020075276851057554,0.0014500491174676189,0.014932268769589557,0.3548365128474291,-1.9072402296409734,0.2450326915588013,-0.1380092452558309
2020-08-18 13:30:00,0.002910586548159285,0.010028066909550085,0.15132538857002165,0.6290143575948645,0.04656018936268824,0.014505609373266096,0.022670015801105427,0.0010012497296841207,0.014735678248368423,0.1941046952080473,-1.974259714984879,0.15106452714744348,-0.1350986587076716
2020-08-19 13:30:00,-0.007346939410581102,-0.010791709932245245,0.13541921622488573,0.6253584930178984,0.03726580984231705,-0.007793281344068129,0.0006778319849824656,0.0005854843094548651,0.014853491559110947,0.04327244352370372,-1.8350396298144969,-0.4238531627562099,-0.1424455981182527
2020-08-20 13:30:00,-0.017648667785320003,-0.009460783269826281,0.14874404425520582,0.6178783207493364,0.043087453238760766,-0.0006052317317817666,0.012125724028579329,-0.0006923131408749625,0.015283493477314282,-0.43648674779682395,-1.5285736960128324,-1.02345679690305,-0.1600942659035727
2020-08-21 13:30:00,-0.008308802157022507,-0.002673905360496054,0.15540478331161173,0.6237678929037038,0.04310420678552231,-0.0043595339659616705,0.0036692234496829013,-0.0009508825770963122,0.015370534886047093,-0.5235315288519651,-1.4499798140434543,-0.4817961368984861,-0.1684030680605952
2020-08-24 13:30:00,0.013568629792511338,0.019953348134712057,0.26043806873913566,0.5463211230728395,0.1236464448465061,0.011201858535857312,-0.0075235412649632405,0.00023963271474687517,0.015534281908730557,-0.060421556596191764,-1.3229195348968876,0.8714016002853154,-0.15483443826808388
2020-08-25 13:30:00,-0.002606870855376554,-0.0013860788758543279,0.3783435839327043,0.47777193088296827,0.38153454686378635,0.008123392054832443,0.012660284391878792,0.000569604727654437,0.01539251949411948,0.0746962760870568,-1.3760189060731405,-0.13436819794657504,-0.15744130912346044
2020-08-26 13:30:00,-0.012366365423552104,-0.006089256169479973,0.3903935003376266,0.46203525781752874,0.3874923465413111,0.005027663415160477,0.015006494944110882,-0.0010249299121174106,0.014971675837085585,-0.5220165133080401,-1.6051151116912221,-0.7167020135013369,-0.16980767454701254
2020-08-27 13:30:00,0.0019934119554089525,0.0022452933145763465,0.37251692657463553,0.4622944485729284,0.38105506590684585,-0.000990966017629824,0.0002865113714912715,0.00019821541194759836,0.014101492672994763,-0.026149577928468542,-2.0976080269000277,0.1839390875063845,-0.1678142625916036
2020-08-28 13:30:00,0.006812080805099313,0.010675688882861781,0.3972370639856452,0.4647698648195369,0.39746214457394374,0.007789445479547888,-0.007201562432789318,0.0016426082004408048,0.013147096886088585,0.5836822212457761,-2.5517820881548055,0.49566539996807696,-0.16100218178650427
2020-08-31 13:30:00,-0.011238419843264093,-0.0066575743701681915,0.37565138862263875,0.4487102174533481,0.3790394444784986,-0.0097048108770383,0.015021868349739547,0.0016510438125265556,0.013138334254880937,0.6279805653193997,-2.4011330479022255,-0.6105537131915783,-0.17224060162976837
2020-09-01 04:00:00,0.07754937634116175,0.0715477633778961,0.5084509042003225,0.22128086176993106,0.2868447863601457,0.06073445905439041,0.21761412200219493,0.00579409536173169,0.02133502297425116,2.423719040742702,2.4428998593645797,4.135489527757514,-0.09469122528860661
2020-09-01 13:30:00,-0.04906489768271617,-0.05690595003758547,0.616847216126563,0.061996543507370605,0.26584547168445966,-0.03485455059715059,-0.2200736667949399,0.0029296941821066584,0.024589250911103984,1.2846182368640502,3.7399704086357572,-2.4667969682923485,-0.1437561229713228
2020-09-02 13:30:00,0.000431751978616602,0.021196367989646525,0.6069403822273967,0.071125079157625,0.2702609801750802,-0.009877380456724705,0.02599739906605747,0.0020295319702298476,0.02431981370140134,0.9589321357622288,3.2519042153010345,0.033208887607318376,-0.14332437099270617
2020-09-03 13:30:00,-0.02620007541936673,-0.03162834059969307,0.461967969442137,0.03614428858842329,0.205240759393677,-0.020368140699583225,-0.024250276790112678,8.340533572123131e-05,0.024967808047545725,0.06635666601333787,3.237183497216564,-1.358362667576147,-0.1695244464120729
2020-09-04 13:30:00,-0.0029629907652892777,-0.0047345075669231,0.46624464015669387,0.034523062595161864,0.20064537971790494,0.0009595186978371322,-0.0015897167766754467,-0.0013583122576063618,0.02422170428349359,-0.6135610417926585,2.7350808781613964,-0.1332974308289144,-0.17248743717736217
2020-09-08 13:30:00,-0.01360670918526603,-0.017747922668153837,0.46971963891749546,0.053675670316942696,0.20874045569390062,-0.0121895785654067,0.018672920288476225,-0.003434142368188956,0.02334449352781619,-1.5985151448045511,2.253724060942383,-0.6799973825266108,-0.1860941463626282
2020-09-09 13:30:00,0.01431417598422909,0.023190869448066254,0.4780426485091453,0.05511857322649108,0.2066965223724654,0.009979574349946674,0.016345503160388963,-0.0020202036598563765,0.02352878420215458,-0.8640276468619579,2.2028123966057134,0.7709897510294745,-0.1717799703783991
2020-09-10 13:30:00,-0.009044985333254528,-0.01787075026248756,0.49133050657837246,0.060050021982654814,0.21238870343359953,-0.0006523717651108311,0.01878326642797042,-0.0019683212357104224,0.023511207827236164,-0.8096734867080785,2.089731575982553,-0.44067846641600683,-0.18082495571165363
2020-09-11 13:30:00,0.01335114209166011,0.015361829867728272,0.4957325713123876,0.05860631186319783,0.21471194255767634,0.01298034803863879,0.014441490259016643,-0.0012200494317686971,0.023759899193376434,-0.40439126109718726,2.0749535111926853,0.7007577586194169,-0.16747381361999353
2020-09-14 13:30:00,0.003635713285101117,0.013154184467906912,0.541768341509149,0.058594101606854694,0.22140408986074353,-0.0005908764860080105,0.005489994124372307,-0.0012914427539530784,0.023742163116894047,-0.4186075582432894,1.9780874097680554,0.20439792330682952,-0.1638381003348924
2020-09-15 13:30:00,-0.01382436457776523,-0.008295854082927509,0.5461706764790698,0.05764822932859811,0.22426975052396567,-0.014991654922000905,-0.0009943917774915736,-0.0021281903102493044,0.0238807674539923,-0.8380983065723986,1.9317177020813685,-0.7127050176900533,-0.17766246491265764
2020-09-16 13:30:00,0.01201294952306844,0.011793079668831844,0.5384873495123219,0.054501078596031025,0.23148659364690993,0.013123378410438683,-0.028354026596088287,-0.0011601958635668271,0.024049867335533617,-0.34769192317084663,1.892020966529477,0.6174279233249673,-0.1656495153895892
2020-09-17 13:30:00,-0.0005302585756458162,-0.0036137551708498674,0.517312072923881,0.04132379069320912,0.2172673981336025,0.004544873479345809,-0.005087020077448804,-0.0003042754030831177,0.023734719601037218,0.08239442665636222,1.7176268817890437,-0.05072988511478882,-0.166179773965235
2020-09-18 13:30:00,-0.003617138095231884,-0.012521461803853162,0.5545852332219007,0.03385612988458314,0.2154775709678093,0.005104859086382585,-0.00134162978589758,-6.969219999358655e-05,0.023674551517273178,0.19958249267120393,1.632734900269453,-0.1955275961769319,-0.16979691206046688
2020-09-21 13:30:00,-0.03800059638302511,-0.040668737993735715,0.5694023064090747,0.023036379479390648,0.23501917646346918,-0.034446877444913704,-0.007522966137607279,-0.002648153508770409,0.02488815382158464,-1.165989296052785,1.8964698468403984,-1.916621349917856,-0.20779750844349199
2020-09-22 13:30:00,0.006433027969773544,0.011126325089391783,0.5561443562012457,0.024063717724497804,0.23064717365919152,0.004882596454551099,0.021448613389633407,-0.002196158567512904,0.02497089250406375,-0.920277341885214,1.8296299068423036,0.3585413510493939,-0.20136448047371844
2020-09-23 13:30:00,0.016385341399947444,0.00889366089127297,0.533594968325525,0.012291707101468636,0.23033402351681972,0.024233316191716647,0.05408960885314906,-0.0007585732263379264,0.02518131092468079,-0.18099996399974835,1.8012655145968521,0.8406909796393245,-0.184979139073771
2020-09-24 13:30:00,-0.00399995215016714,0.00433740330639365,0.6678893507839115,0.05104579566790934,0.24616283665011104,-0.006864976506960607,0.0046683756410556,-0.0010582414316167312,0.025182499219691713,-0.34375706792014055,1.7266835882446658,-0.16701391103158875,-0.18897909122393813
2020-09-25 13:30:00,-0.008766251147713292,0.0032873893393687106,0.647859844824464,0.04301357647694395,0.24683176113955127,-0.013157253108421937,0.003949553166600431,-0.0018371580292573613,0.025167171905185276,-0.7636131046684607,1.6525035707964941,-0.4135475474151626,-0.19774534237165142
2020-09-28 13:30:00,0.01191863866477954,0.014802775761498355,0.6742063317392862,0.04006683237515583,0.24744268923129895,0.012248359007233534,-0.008722360939499962,-0.0006793051038551797,0.025244457488049387,-0.16444416754298533,1.6053352915828472,0.6787234299789748,-0.18582670370687188
2020-09-29 13:30:00,0.0054122706411899035,0.005664109284886476,0.6646679482600278,0.03674086462718177,0.23413872159457103,0.00600389209071972,0.03318098845640205,-0.004286160388853772,0.017419835392517895,-2.1103942597792065,-0.4004735254734179,0.31706133443695816,-0.18041443306568197
2020-09-30 13:30:00,0.002661354110165815,0.009812139626995231,0.6746933746936,0.04035532008019818,0.2486980185033795,0.0008061462001622832,0.01280798449677556,-0.0016998477992096728,0.013907428959108367,-0.738187889687963,-1.2710233963534041,0.15649077660687807,-0.17775307895551615
2020-10-01 13:30:00,-0.016116119487079944,-0.04208526696338947,0.7222369181495916,0.022038983345044227,0.1767870223938394,-0.003611277709632245,-0.05287910944306643,-0.0025272413724945,0.014261668526552076,-1.2041341793468932,-1.1596947071509411,-0.8740562045821649,-0.1938691984425961
2020-10-02 13:30:00,0.009471655440540516,0.018896183243646652,0.7495857096965513,0.017591154542433752,0.18123429505747723,0.007058860260407956,0.009250798909450058,-0.0007436548294991378,0.013346506398493834,-0.2321297903385702,-1.3617955761058795,0.5027935256444733,-0.18439754300205558
2020-10-05 13:30:00,0.0038837707307984685,0.014853793357539521,0.7568841279837571,0.026969495175841494,0.17613302601394057,0.002331119795197697,-0.015169901164276448,-0.00040131675469475046,0.013374364984486064,-0.05089260331231383,-1.3233338533286514,0.21824449761401482,-0.18051377227125712
2020-10-06 13:30:00,-0.006713464506069473,-0.0003786580495818148,0.7368959152932086,0.02629834420281202,0.1709115263466574,-0.008841063468854826,0.014526768082848251,-5.665452073492262e-05,0.013102197716225287,0.137497809956907,-1.3536482939675778,-0.3469084312012293,-0.18722723677732658
2020-10-07 13:30:00,0.00988376860737392,0.015299556507963033,0.7593329051261918,0.030911106482345675,0.16343776212690148,0.009167879856268693,0.0011772851615286326,-0.00027817488957768117,0.012882043667535044,0.018530061976393456,-1.364751531883517,0.5903376685950608,-0.17734346816995267
2020-10-08 13:30:00,-0.0007961370447508963,0.01372013576859558,0.7672316349849916,0.029854770209793702,0.16494289413688323,-0.004563808597476701,-0.023746921094560745,0.00013426752484750043,0.012717586407325069,0.2525227334037452,-1.3617042941882262,-0.006463890008012801,-0.17813960521470357
2020-10-09 13:30:00,-0.004499726065618852,-0.0038336329633229527,0.78259777590812,0.029075870785604294,0.16239564354085426,-0.0036761041027556507,0.012145985531786696,-0.0007582758830164477,0.012362631565179345,-0.230421619077513,-1.4006306481910886,-0.20800182462067204,-0.18263933128032242
2020-10-12 13:30:00,0.007348774832107786,0.01416772260998663,0.77471146194023,0.04226994091792144,0.15563060306779858,0.00786629059507867,0.011569744317285599,-0.0005726228056661141,0.01245959008005369,-0.13032441385082177,-1.333287896797463,0.42890627539886816,-0.17529055644821465
2020-10-13 13:30:00,-0.0017643340233330865,-0.006594543316378876,0.7743099040233375,0.0440589242474239,0.15458771601212062,0.00029341335597288243,0.008954237989657443,3.0378722055492958e-05,0.012070245305752358,0.21441437908297767,-1.3742690445439067,-0.0804611623778213,-0.17705489047154774
2020-10-14 13:30:00,0.018236688866282776,0.01780845086967031,0.7764476794834808,0.03985583252950356,0.15444674631871333,0.019069460100707314,0.013530828354785251,0.0003415656892162097,0.01246907035021919,0.400328767250469,-1.2471221904553074,1.0435815988680326,-0.15881820160526497
2020-10-15 13:30:00,0.0075179228536675045,0.007919099930673043,0.7746117141466922,0.03376522459674743,0.1546401234967164,0.00855050810202059,-0.004203808624258657,0.0007439747606818759,0.012568921479424018,0.6539597322710228,-1.1908161549344778,0.43325272384392766,-0.15130027875159746
2020-10-16 13:30:00,-0.002856685524696566,0.0063572608718949946,0.7666802593003814,0.03245839296063022,0.15249208118408572,-0.004381667357557332,0.029018152574615447,0.0007819973892086418,0.01255617795246561,0.6829318368484181,-1.1618037552497122,-0.15828019666080273,-0.15415696427629402
2020-10-19 13:30:00,-0.0023059687142160936,-0.008344141887488296,0.7764311086803155,0.03180340197826951,0.16351627146665818,9.314091318372332e-05,0.01285463063358098,0.0025667287726490926,0.008697353267816402,1.6613805100620684,-1.8949561244331787,-0.1348001697680884,-0.15646293299051012
2020-10-20 13:30:00,0.0048461999553132875,0.011300830803449013,0.820068254288681,0.024570912130969926,0.16817808648595325,0.005312692044145306,-0.0005432094228385864,0.00248738737192608,0.008667413083596434,1.5588754627904793,-1.8154926469525439,0.2610394530002124,-0.15161673303519682
2020-10-21 13:30:00,-0.008133134758172803,-0.009358748641787132,0.8103296346782963,0.01698978415375966,0.15531073939765846,-0.006695725121956412,0.009704645110656126,0.0012614635640200676,0.008325425616328585,0.8844776123332331,-1.799389191907757,-0.45969921766494254,-0.15974986779336964
2020-10-22 13:30:00,-0.0077984300738163925,0.0046010490888585,0.7964150563958406,0.019144281269065023,0.15062293065317237,-0.009534326077931143,-0.03665373395859761,0.001071539667837605,0.008493400775252001,0.7528720208920214,-1.7010760468677386,-0.4602853502666423,-0.16754829786718603
2020-10-23 13:30:00,0.006194231973659429,0.009906921510467459,0.7998198310777626,0.02516736419033135,0.14928534696725296,0.0071193918631706765,0.0148185583204683,0.001819563823906241,0.008236275101551541,1.1343188564319415,-1.682697610096476,0.33520390329283123,-0.1613540658935266
2020-10-26 13:30:00,-0.02219317624486284,-0.01658865186897207,0.9472327413712547,-0.21266124320838392,0.16706905379852408,-0.0162797249972072,0.019278478405422517,0.00011397307842412191,0.009473864049577166,0.14824790367758572,-1.4061421962577367,-1.322951861842776,-0.18354724213838944
2020-10-27 13:30:00,-0.019688447311066472,-0.019573156815923493,0.9637383536610457,-0.2163341201876515,0.17726640549162034,-0.01880081138337671,-0.00660381662890382,-0.0011410628191886969,0.01035651204925295,-0.6081795282621525,-1.2109170771370357,-1.1497675695414145,-0.20323568944945591
2020-10-28 13:30:00,-0.009066127914587697,-0.028933822801607428,1.0273560612288097,-0.2039843693181527,0.20027861341871625,0.00013223717218187672,0.012905670748098636,-0.0017274369204263724,0.010461360194418045,-0.9596023014350276,-1.160883599861035,-0.516346251377504,-0.2123018173640436
2020-10-29 13:30:00,0.014789859952374427,0.015776628641496537,1.0147673599099103,-0.20631045521799918,0.1884923880991861,0.01306972068381318,-0.014898248904759215,-0.000182137948453654,0.010506611995747322,-0.03965841611166697,-1.1256454017478585,0.8742374618175973,-0.1975119574116692
2020-10-30 13:30:00,0.0002863604377196386,-0.0020220178560151902,1.0374316559156835,-0.2119843138568641,0.18693934863393327,0.007347565180308546,-0.007624178424154748,-0.0006414026985946978,0.01026028187434815,-0.29398016925537257,-1.1404356215940572,0.04213784821605019,-0.19722559697394954
2020-11-02 14:30:00,-0.03719736756724699,-0.014591117590861588,0.9468042324922153,-0.08090556938403329,0.16882879679782073,-0.029072501342004196,0.17746547668769933,-0.0026954596134969705,0.013041780382575646,-1.4603561980865445,-0.6422545030392715,-2.0542929440864985,-0.23442296454119652
2020-11-03 14:30:00,0.0139272720425728,0.028719840668349983,1.0566665436166782,-0.05924557875803463,0.1893605044628257,0.014288358677418511,0.03444402292945015,-0.0016634227860648568,0.01351517961313132,-0.8239101517525308,-0.5483697513432235,0.9163000225391978,-0.22049569249862372
2020-11-04 14:30:00,-0.016680088425561942,-0.03604901536577546,1.1003240793483477,-0.0730405863792885,0.2028192715397644,-0.021049635949382507,-0.03740371131909829,-0.0029916156377116495,0.01362548350152688,-1.5518605024352408,-0.519844550274728,-0.8717616564779974,-0.23717578092418568
2020-11-05 14:30:00,0.013810606375188045,0.022842856491061585,1.1149491881238576,-0.06369819328035356,0.207223666643593,0.013894595872338582,0.022842856491061585,-0.0022612784667147027,0.014131429888184981,-1.0935373093784577,-0.4241934319327222,0.8827199978795865,-0.22336517454899762
2020-11-06 14:30:00,0.0014433833612030676,-0.0004347115398805057,1.122332052056294,-0.06327768335440451,0.2058568180448288,0.0017437856474280533,0.021208938840554192,-0.001964122995373607,0.014144362364248651,-0.8998468845967535,-0.4142891151333497,0.16036107000374084,-0.22192179118779456
2020-11-09 14:30:00,0.0017748807238604468,0.024490879564083617,1.1287585402699198,-0.06835858594023078,0.21153868931948086,0.005934641533395329,-0.11826757426510855,-0.002242817700785974,0.014005437694400852,-1.0252738810059858,-0.43525160760891807,0.18299071299153946,-0.22014691046393411
2020-11-10 14:30:00,0.013567415290844941,0.03192876877261116,1.1579239106401298,-0.07688608366513178,0.22753062475633765,0.01753799345892245,-0.0004367056393611915,-0.0014762302350770726,0.01444567829926556,-0.5627534856820106,-0.3581435603074877,0.8540889036737439,-0.20657949517308918
2020-11-11 14:30:00,-0.009192024031091126,-0.006406107239981584,1.1504908691797346,-0.08325296366379971,0.22115382642237122,-0.010179142715435963,0.0038488970517496224,-0.002847665879945768,0.01376148781131239,-1.3056715984668954,-0.4727647009845183,-0.460878431966841,-0.2157715192041803
2020-11-12 14:30:00,0.002853557658553328,-0.014864331127333244,1.1465956014866951,-0.08416757374003137,0.22283812048037352,0.0012235769040063928,0.017403281580028095,-0.0030808841397014764,0.013615322432243187,-1.3921713795917912,-0.4923683353397193,0.21753417834525565,-0.21291796154562698
2020-11-13 14:30:00,0.013428916528022306,0.02487891586548489,1.1606821052360392,-0.08014720221974003,0.232029182225194,0.01494618258607942,-0.011523609071723968,-0.0022666040370655327,0.014107529354181894,-0.9169695841469176,-0.40340812486297084,0.8092395860225978,-0.19948904501760467
2020-11-16 14:30:00,0.0005236283295607519,0.012048126957729574,1.1527735306392812,-0.08175229339924661,0.22802473069702556,0.001910281913208264,-0.05377250027348871,-0.0021251241848766907,0.01412129564134185,-0.8132007394857526,-0.3965260825156863,0.07347949397177235,-0.1989654166880439
2020-11-17 14:30:00,0.0008375709061523642,-0.021389975232309084,1.1621612837906343,-0.08351346973511699,0.2370063729844157,-0.0017673485554490949,-0.03163665947498402,-0.0023255556373347366,0.014045384272357478,-0.8949767264444133,-0.40526098092526297,0.08845316346282195,-0.19812784578189155
2020-11-18 14:30:00,0.012014300905192288,-0.00935076064477569,1.1462240388616345,-0.08991175767016274,0.2343121361662366,0.010206186159721353,0.019706422320494132,-0.0013181838541664822,0.014326624313219552,-0.33494198433157285,-0.35487264167547283,0.7166978465329983,-0.18611354487669926
2020-11-19 14:30:00,0.01667205218427021,0.005456988527656377,1.1287781865311382,-0.0867273093627065,0.2363767663786056,0.015430513629780502,-0.010918041946717343,-9.465974126215207e-05,0.01478175599671994,0.34431448565063255,-0.27882119520927373,0.9664058723601524,-0.16944149269242906
2020-11-20 14:30:00,-0.015616039418640697,-0.014515535333692134,1.127670865490949,-0.08557378073633994,0.23883354478648675,-0.014673107929638088,-0.009237668825814819,-0.0011851733108771585,0.015094586983352313,-0.23634924461863163,-0.2311442067599525,-0.8758638340191637,-0.18505753211106976
2020-11-23 14:30:00,0.02392922679617902,0.02501458505601158,1.1296456532933787,-0.08275079838843542,0.24707916833130147,0.024857323086221534,-0.04563595714511674,0.0011209468411749347,0.01523865871655088,1.0696136100964067,-0.21286370053607345,1.349737161646411,-0.16112830531489075
2020-11-24 14:30:00,0.018895010748075994,0.030967681800870766,1.0915828254901627,0.0031076926758400293,0.3119437550285294,0.020267476713785298,-0.020414793505300805,0.0030501197441320576,0.014904202817898315,2.376679510004625,-0.25352081448260333,1.3490170774398376,-0.14223329456681477
2020-11-25 14:30:00,-0.009698276814456645,-0.005582303288610868,0.9899829675294992,0.08918763879479348,0.3830995895899025,-0.008229016328300531,0.01773705131179848,0.0030185122991386107,0.014931894771683473,2.3512930351355785,-0.22464919516840615,-0.7240796078566963,-0.15193157138127142
2020-11-27 14:30:00,0.01033523855273564,0.0024114897953290138,1.017399885554275,0.09482138187325019,0.37543420284751994,0.012349395421072717,0.014095347724926821,0.0027957812291566713,0.014779512531819469,2.1730107261587497,-0.2274487561355818,0.776397720468263,-0.1415963328285358
2020-11-30 14:30:00,-0.012036998226565832,-0.025223460711858953,1.0190202511065036,0.06627558832244948,0.36472309481159443,-0.01079459745994667,0.03003246976287403,0.0021796132959423977,0.015142075777398593,1.7373977371660556,-0.13581077679626305,-0.9520370428957876,-0.15363333105510163
2020-12-01 05:00:00,0.047685211377215,0.06335494451248176,1.0441931180046518,0.14299588719108444,0.43002449581353036,0.05715073457067528,0.01855351167644577,0.006423742243165498,0.015417568486260866,3.654780658941789,-0.059350708971523516,3.2595490738004886,-0.10594811967788663
2020-12-01 14:30:00,-0.04717471022670222,-0.05139523443032453,1.032396487993247,0.18769397634463508,0.45263724929376253,-0.05218791392035312,-0.012941281498765687,0.003368643129701746,0.019393630911088033,1.9819712589806535,0.7093229838474066,-3.0824791674906353,-0.15312282990458886
2020-12-02 14:30:00,-0.018010478095310672,-0.009941244351659143,1.0149398648039445,0.1850834084637018,0.44561905136855184,-0.01657826408515243,-0.04243526728564543,0.0033021236462143096,0.019468155062130184,1.8549520038769136,0.7474095265955727,-1.158360770763465,-0.17113330799989954
2020-12-03 14:30:00,0.0050705506194453215,-0.004016062102045526,1.0129043693880173,0.186699990526955,0.4358313898846866,0.0063448567066348716,-0.014506587794813175,0.002865120858427173,0.019317365878105903,1.5716747533403166,0.7434102682861181,0.3107581110130343,-0.16606275738045423
2020-12-04 14:30:00,0.026835205433574774,0.01925155920681639,0.9761490817955802,0.1931060296375562,0.43842071253169174,0.02924535062601182,-0.035251131760376905,0.004134711962045759,0.020039905255743787,2.0697547151179916,0.9117008017667688,1.6672813202792995,-0.13922755194687947
2020-12-07 14:30:00,-0.011295471448605978,-0.0034408283907803408,0.9768249018166063,0.19404309991117621,0.4347906141437085,-0.00904894911602864,0.01994060803228777,0.003481194353422437,0.020331901691990534,1.6857166573983593,0.9964937375852596,-0.7252980936704879,-0.15052302339548546
2020-12-08 14:30:00,0.0026572022902039234,0.0019801659832119714,0.991386289566409,0.2029348379046596,0.43384250630281107,0.0050075217778133094,-0.012888481491491096,0.0029356837033903864,0.020192929683142437,1.3826462239355333,0.9979738420806323,0.13696619446859784,-0.14786582110528154
2020-12-09 14:30:00,0.01221708676872418,0.007506793061697732,0.991113189723961,0.20159045399879177,0.4314445601680929,0.009264871205840592,0.0052719397185111054,0.004006139243381152,0.020083351865982785,1.783088612711959,1.0086423104164497,0.7426594990016296,-0.13564873433655736
2020-12-10 14:30:00,-0.008519401382479334,-0.011489393308254603,1.002642064724293,0.20409605218351556,0.43282541103678085,-0.006366214675523452,-0.04221303594679238,0.003437491291329519,0.020277772294179857,1.4752155360487524,1.0806549096199856,-0.5617220138763264,-0.1441681357190367
2020-12-11 14:30:00,-0.014704548070731722,-0.012553265685702067,1.0150004266060566,0.2089527602928021,0.429623480611706,-0.014162631275802898,-0.0010149682867353436,0.0020308180613918176,0.020522520822790147,0.8431981740759544,1.1640514242821267,-0.9344219177687464,-0.1588726837897684
2020-12-14 14:30:00,-0.02167545646829411,-0.024093479458945688,0.9998603363850034,0.2057991152653577,0.4208458175494602,-0.018951755260623204,0.010925932339554745,0.0009208638214990742,0.021197541094256575,0.34163440130593853,1.3564646939092055,-1.4371083883499245,-0.1805481402580625
2020-12-15 14:30:00,-0.0030426092680980524,0.01988134871919593,0.9923386925204614,0.204715147957019,0.42617800236144293,0.00017839425484293334,0.00022419547185885055,0.0007268548127865534,0.021216091970761262,0.23760224838371066,1.4107571579999751,-0.217019975132152,-0.18359074952616056
2020-12-16 14:30:00,-0.003809807520471149,-0.01425206461351162,1.0616652660341008,0.23940976955070414,0.43298312968920855,-0.002690438728009484,-0.009308864725279512,-6.435060849661845e-05,0.021067539707466512,-0.1163495525360453,1.435588143569764,-0.24722130819114368,-0.1874005570466317
2020-12-17 14:30:00,-0.010182495605047855,-0.0009499010013518013,1.0659352140797158,0.23878576441396845,0.4324188448943407,-0.0076797331643687254,0.00376950295253368,-0.0014070779979625217,0.02079877868386678,-0.7051966265879394,1.4380808326966183,-0.6563516899415692,-0.19758305265167955
2020-12-18 14:30:00,0.003922040794303473,-0.005488330471698795,1.1067649772600228,0.2560983885069233,0.4314350110599167,0.0031065002882384824,0.011232082065964082,-0.0004301739873153134,0.02055366889210107,-0.2868926676512996,1.4521359279700579,0.25252488907722626,-0.19366101185737608
2020-12-21 14:30:00,0.014817079691468137,0.002300300551179172,1.0807284042015561,0.24917430857680517,0.43168281299176575,0.014410208572931885,0.02159074201832571,-0.0008857813425508576,0.020080836073189307,-0.4870272548929026,1.418397517224248,0.960553143658327,-0.17884393216590794
2020-12-22 14:30:00,0.0127293305905884,0.012438842152110738,1.078292717261118,0.2510902813684653,0.43662510859159953,0.01440508672531334,0.0292234693016021,-0.0011940653504252372,0.019806631434947024,-0.6672177136477941,1.320486286040888,0.8123535824472045,-0.16611460157531954
2020-12-23 14:30:00,0.017404510038004705,0.015523791155536667,1.0773654356854787,0.24794410320407806,0.43740780763975823,0.017494353000367578,-0.0066157503935266124,0.00016107399219783018,0.020118867379824622,-0.062147127561230045,1.3540794025945884,1.0893449955049364,-0.14871009153731485
2020-12-24 14:30:00,-0.0020474922971477523,0.007887311788007537,0.9892270903777594,0.2753911516172878,0.557363891684172,0.0008127021881102845,0.01310662466595173,-0.00045806255029633944,0.019979338284807805,-0.36810812444602986,1.2753216759574597,-0.17980635315932292,-0.1507575838344626
2020-12-28 14:30:00,-0.0033226233226057106,0.005282482254605629,0.9610007685739651,0.2903666833942171,0.5517605886175013,0.0008714847244375807,0.01157860447961238,-2.234380509833337e-05,0.01980781630436472,-0.17065513007623118,1.1910282197491657,-0.2493986348015591,-0.15408020715706833
2020-12-29 14:30:00,-0.007345719169124791,-0.005845275792968008,0.970581826401419,0.294135051879015,0.5598799152391948,-0.005682715185137632,0.0007541098635491794,-0.002773890332415323,0.016352760892938623,-1.4154551156347086,0.30627646185471175,-0.49845799621209874,-0.16142592632619313
2020-12-30 14:30:00,0.012316530300198754,0.018995692040219447,0.9879330222226508,0.2896545685497852,0.5628530896155434,0.013952637601025497,0.003317316587905017,0.00020067169392972567,0.012896696007369843,-0.049057097644191326,-0.566019409542887,0.7573506650163726,-0.14910939602599438
2020-12-31 14:30:00,-0.007037444825532138,0.009615169562609585,0.9683536137809965,0.28769996860924735,0.5689093507349771,-0.00527652679369058,0.017987508416019073,0.0007493233574186524,0.012300822761035664,0.19557053962912527,-0.712954387714196,-0.4797136458031761,-0.15614684085152652
2021-01-04 14:30:00,-0.007432917324158923,-0.027544035820285046,1.009676518767793,0.29357684789920013,0.5771874698819129,-0.010971165439525438,0.007044519850255265,0.0001241499602384402,0.012387076868040617,-0.09209548884590371,-0.6891802810303822,-0.49716462782828735,-0.16357975817568546
2021-01-05 14:30:00,0.016775185979775946,0.021106361553929753,1.0091448053517882,0.3059900378235251,0.5815204397054224,0.02126980598135131,-0.023677849246378724,-0.00037885101245150113,0.011411144390725965,-0.326916519170195,-0.9280290438914837,1.0389331333510736,-0.1468045721959095
2021-01-06 14:30:00,0.024689091588589753,0.050850768299711545,1.1148766308899893,0.29381669729032395,0.6006629807696048,0.025977738379335,0.020341465167373306,0.0014203771394082853,0.012393875430327576,0.48663405620581013,-0.6808208813133375,1.50105479700824,-0.12211548060731975
2021-01-07 14:30:00,0.016045286387209232,0.012237720381189568,1.0818872224026093,0.3118343585122529,0.5987423932562427,0.025330473963124746,-0.0024431068240349987,0.002089781344258551,0.012818471478239644,0.7752443244590411,-0.5785735044798739,0.930445615821443,-0.10607019422011052
2021-01-08 14:30:00,-0.009497423944737501,0.005883734217536074,1.0731007510735462,0.3129612110464181,0.5844496783124729,-0.0025288740537440235,0.0070894639515770574,0.0010040558085854668,0.012835140952628733,0.2724551546408025,-0.5764735587145261,-0.6437790752827107,-0.11556761816484802
2021-01-11 14:30:00,0.012034219143309495,0.00012930165714034972,1.0580629960391166,0.30801603875615696,0.5848306801744979,0.009434296611367224,-0.015563430158130073,0.0020317368348749085,0.012855311666241388,0.7300551468712358,-0.573021443221445,0.7060996326399045,-0.10353339902153852
2021-01-12 14:30:00,0.0173129848316398,0.013968900559685471,1.0549460725957542,0.30572412864945997,0.5873861463487274,0.019313005603989297,-0.02097286427605627,0.0036326134799934844,0.012653434960987989,1.4136578077563984,-0.6244809701154194,1.0081608079082525,-0.08622041418989872
2021-01-13 14:30:00,-0.03338917643908039,-0.01041230038071069,0.9633523754746699,0.2987217879589251,0.5805765903880351,-0.02995013336905957,-0.002603500472557493,0.003046927481454171,0.01407747897670907,1.1432650498101544,-0.29458503643753087,-2.0418894482024816,-0.1196095906289791
2021-01-14 14:30:00,0.006303558152996916,0.003240992104932635,0.9579170236515966,0.2970712713039887,0.5604131202995845,0.00707393517039708,-0.026388643933117278,0.0035142358525089195,0.014019701392734816,1.3327172460266508,-0.340639013212787,0.3400337576240217,-0.11330603247598219
2021-01-15 14:30:00,-0.01596858058387477,-0.007166737470218602,0.9331651159465219,0.3024558792496314,0.5591852277928974,-0.01694556686281083,0.03172706040840464,0.0029062971993387378,0.01460539779910464,1.0426146182341538,-0.22002368478038264,-0.9830510472822535,-0.12927461305985696
2021-01-19 14:30:00,0.01509948777677763,0.018552358865445855,0.9464521024814794,0.3116850709652528,0.5637909523488068,0.022362573961207593,-0.0015645274730807408,0.004170396368430013,0.014506683972582686,1.5428379768705252,-0.28276154959600236,0.8443825858301968,-0.11417512528307933
2021-01-20 14:30:00,-0.013488713825033761,0.001167285302492771,0.9333825791839806,0.2983983794832752,0.5624418837448854,-0.0047292395079449046,-0.00250154511854761,0.003299858637463151,0.015035150903694278,1.1474957036797444,-0.1725042130731933,-0.8306243086809925,-0.12766383910811308
2021-01-21 14:30:00,-0.011005632676088907,-0.011967489730215478,0.9421984465175172,0.28582872014541755,0.5609412491873088,-0.006105530110115645,0.021845672533023573,0.0020087230190852985,0.015102665446962696,0.5823712803591908,-0.18531672867982227,-0.7029362733712778,-0.13866947178420197
2021-01-22 14:30:00,-0.003259821284617929,-0.00014772964699990196,0.9396390335484301,0.2931044252037384,0.5560573890971222,-0.0015821687697519977,0.0050544818562814715,0.0012092654253249816,0.014927479168066683,0.22694527996983574,-0.2664775292040041,-0.2592766393277473,-0.1419292930688199
2021-01-25 14:30:00,-0.04391390166685644,-0.022972675123786274,0.8370621316276574,0.2884572583688809,0.5665712231354364,-0.043023621701806805,-0.012751594265279016,-0.0018566551599180753,0.01750124797296389,-1.0800885838543821,0.49659045278782316,-2.5403545143246165,-0.18584319473567634
2021-01-26 14:30:00,-0.0013360179221817469,-0.007628563458947579,0.8363839035788485,0.2835662364120694,0.5700503116649119,0.002355827370796537,0.013745091634992601,-0.0018210814411697758,0.01750156273645501,-1.044518962092008,0.47109837869675086,-0.08688303463940476,-0.18717921265785809
2021-01-27 14:30:00,-0.008747695418660072,-0.04028793611152567,0.8924167243150848,0.31266098963234745,0.588827644473723,-0.013341716393576362,-0.026791138918191813,-0.002092335045972493,0.017567974824052687,-1.1390339380488435,0.4664554750348125,-0.5040589604041291,-0.19592690807651816
2021-01-28 14:30:00,0.00033711871911742096,0.014046952995966736,0.8856399845673832,0.3315856008935426,0.621818252456725,0.0020630697354488223,0.002355521080277404,-0.001708193151560383,0.017531016048110276,-0.9931729621438748,0.4328539216012271,-0.018572042407818748,-0.19558978935740073
2021-01-29 14:30:00,-0.003932531096184754,-0.01468826058091414,0.8705631671756255,0.3296468930229205,0.616704436120619,-0.009247435060652101,0.018505437499549103,-0.002520646221379558,0.017220622828585042,-1.3213600860292876,0.3111683632618631,-0.25771761435531765,-0.19952232045358548
2021-02-01 14:30:00,-0.02299094458705202,0.02755551777418856,0.5254497331743431,0.48639295792019127,0.2992587133027919,-0.0425268301764697,0.20512565838432253,-0.0033183212094555527,0.017800581154469797,-1.6479449742247179,0.4840936042929521,-1.38763667837247,-0.2225132650406375
2021-02-02 14:30:00,0.004717526578389801,0.017793672346171463,0.5263886570420485,0.4822177144446842,0.29774842683271113,0.009627386989566333,0.006934827303996083,-0.0027107990143281162,0.017860005869379712,-1.3849324533927916,0.4845453831237452,0.2775831958812524,-0.2177957384622477
2021-02-03 14:30:00,0.0003768489861930651,-0.0022799703571758276,0.5261493373482758,0.48203123154434924,0.29593951694586923,0.0008966031550275235,-0.04499772465501747,-0.0035307158640072605,0.017285529496644837,-1.6897844344993227,0.27464611178170295,0.01811560571058984,-0.21741888947605464
2021-02-04 14:30:00,-0.0056050866373146,0.004853920656280171,0.4648584419255042,0.5494658662187506,0.29077989137108123,-0.0029537542425954006,-0.006166750278898163,-0.005045424775302477,0.015958927033799437,-2.218716051964976,-0.18622724102551874,-0.33327792813058343,-0.22302397611336924
2021-02-05 14:30:00,0.0022193871763310498,0.006071869621672092,0.38827056209770294,0.6503778045816734,0.28201988988339016,0.0006964910080945836,-0.0024589249425935504,-0.005736719735846387,0.015282362228253073,-2.357154944296971,-0.42231901400621946,0.14814781878294292,-0.2208045889370382
2021-02-08 14:30:00,-0.0035973878377010262,-0.0020950535454227204,0.3804406012194249,0.6966673806249822,0.2830356623986558,0.0056105708318840986,-0.043918643148959324,-0.005441717930494563,0.01526288003752141,-2.1664792926568586,-0.4401453964259576,-0.20872770049673395,-0.22440197677473922
2021-02-09 14:30:00,0.005727746043754067,0.0060812153036788885,0.3739036798236307,0.6937799328421254,0.28006830677275435,0.004654875359610955,0.01668123437414637,-0.005757041585472335,0.014944660378019073,-2.201726781081271,-0.56037091902718,0.35169965106910717,-0.21867423073098516
2021-02-10 14:30:00,0.003464457195544175,0.0031405753214078422,0.3652546405733935,0.6856936697444672,0.26914082567341396,-0.0008157418981186528,-0.016006523094663255,-0.006449467967277116,0.014117431251116438,-2.3272675028102654,-0.8461362503733916,0.2262514991808292,-0.215209773535441
2021-02-11 14:30:00,0.007753028328757368,0.009388237423682591,0.3567974028690283,0.6897314996821743,0.27167197093662526,0.015062735916353912,0.024820757373402315,-0.004392357728885228,0.012933156889225647,-1.580846043823424,-1.2392954469508124,0.4783784499177479,-0.2074567452066836
2021-02-12 14:30:00,0.00045938550446744295,0.001993686362317041,0.3328212847081544,0.6919818821126391,0.26140160229299586,0.009285869109867654,-0.012772170592906326,-0.004684566361311702,0.012743405876762023,-1.638491323438389,-1.2864687863603677,0.036795249422802795,-0.20699735970221617
2021-02-16 14:30:00,0.01578659478749536,0.010693305663983632,0.31917124953937837,0.6903961243601393,0.2652249428096803,0.021872141808058188,-0.01437961771018148,-0.0030968075927431957,0.013232363390606228,-1.090964967245308,-1.1074875016693848,0.9586213408841959,-0.1912107649147208
2021-02-17 14:30:00,0.0009693829914632927,-0.001748551211682862,0.32352671729320437,0.6864562296426625,0.26676866425898443,-0.0025561600678394676,-0.016598742356090528,-0.003803312832008912,0.012570347574539958,-1.2853773680414564,-1.303248372132597,0.08019432212885241,-0.1902413819232575
2021-02-18 14:30:00,0.013682152388457446,0.013569637605068388,0.3375040705824318,0.6617731424487282,0.25637788743954815,0.007599113625589885,0.03616459144261034,-0.0024447695213343523,0.012931562424001267,-0.8324180874548313,-1.1590001278368123,0.8264192683870139,-0.17655922953480008
2021-02-19 14:30:00,0.016435535856115867,0.009512095817377145,0.3135578621667705,0.6648584550753314,0.24427074780411528,0.024430264665030656,-0.007220585810852017,-0.0010727110947241134,0.01342191353222053,-0.3755435332603277,-0.9798849562299462,1.0117587913951969,-0.1601236936786842
2021-02-22 14:30:00,0.031655098734288185,0.012840042017422911,0.26908978101923564,0.5664907379302709,0.22886267570005372,0.03238091095435077,-0.02180699943570833,0.0006730349062211925,0.015266373432252326,0.20475794157059196,-0.37625037608210443,1.897711282212926,-0.12846859494439603
2021-02-23 14:30:00,0.004118305065492003,0.006081146059505678,0.27395101530828003,0.5676647251912625,0.22821676632425236,-0.002223261865429353,-0.010452682098738213,0.0030746452428386147,0.011089827788056788,0.9886373563521664,-1.6889080330012638,0.22152765185527867,-0.12435028987890402
2021-02-24 14:30:00,0.01967669591150805,0.02349685502767196,0.24016478053521262,0.5954534671953298,0.23545549200030758,0.03519186553866216,-0.011916510264965874,0.004125280934523105,0.011632076242970616,1.3137899349274316,-1.4727938869833102,1.1445815188253394,-0.10467359396739598
2021-02-25 14:30:00,0.012222116003292927,-0.007000105419142792,0.20549400601842926,0.5674310568416272,0.206786790207963,0.0019998740971981137,0.012288159258510085,0.005173771505620754,0.011352387472317465,1.6068816175635252,-1.512243620829664,0.6733996856872542,-0.09245147796410305
2021-02-26 14:30:00,-0.07714993845309326,-0.08361452065145047,0.43450128760224926,0.2633056606816377,0.14201620361546563,-0.06511484909502752,-0.059891621017753804,0.0012994186470102205,0.021645766736781275,0.4164261041061499,1.6099522345903978,-4.1325929687680665,-0.1696014164171963
2021-03-01 05:00:00,0.006487151156510149,0.07007243055085095,0.5866565240603963,0.012526863598633744,0.13675094661304246,-0.03544788436014194,0.0403624005061823,0.0018204027596449655,0.021638605748938916,0.6007417247560278,1.57369876765329,0.3821745401519461,-0.16311426526068618
2021-03-01 14:30:00,-0.001553093912891143,-0.04492787115599354,0.5977833287941754,0.003325003765914781,0.14682759175419186,0.030526490593998222,-0.04128672430262229,0.0028922952933530094,0.02086189471004494,0.9605626623405885,1.324141971351839,-0.0962645075187899,-0.16466735917357733
2021-03-02 14:30:00,-0.018879010978183786,-0.020059575140134938,0.593396765346161,0.04408836950735255,0.15409880263204878,-0.017041979302806636,-0.014594113945921288,0.0017124684155243302,0.021413194217411672,0.5778259702245718,1.4593288545309144,-1.0674791840061373,-0.18354637015176112
2021-03-03 14:30:00,-0.000298858343173127,-0.007366153780544689,0.6052633222889935,0.029492738926207858,0.14851058307044693,0.0044045778540261855,-0.022020938213549186,0.0016786830490560206,0.02141594532893873,0.5883101690489865,1.4411139150558503,0.026094406245480185,-0.18384522849493423
2021-03-04 14:30:00,0.014545009894902402,0.015222794344677437,0.6104459548139356,0.006030724929921761,0.14376719812260305,0.016073460300068287,-0.008648994771998764,0.0026861878756668706,0.021528927074320667,0.9384740930634664,1.4570359588000545,0.8688934022558565,-0.16930021860003183
2021-03-05 14:30:00,0.007210472339457862,0.018833128702395136,0.6131805400376547,0.014786260552507537,0.14769596262225296,0.0024843667678865096,-0.01858846362438486,0.0029357421338232115,0.021552146087934883,1.0233767568076892,1.4451159643514913,0.4349343458235163,-0.16208974626057396
2021-03-08 14:30:00,0.014786892882324723,0.025683943160156986,0.6275380517581401,-0.0198101230700831,0.15171256171107808,0.011608857934787276,0.023795308047972252,0.0038549561698244987,0.021650664164939964,1.3385595183048293,1.4521391367556589,0.8731167669784822,-0.14730285337824922
2021-03-09 14:30:00,-0.018363338378776222,-0.01212658123780963,0.6297895135762079,-0.08719605549378745,0.1520406701650741,-0.02534537937551551,0.005404104507277796,0.0026504019486979845,0.022204077589228502,0.9372720107164034,1.5804082586117552,-1.0416108768870473,-0.16566619175702543
2021-03-10 14:30:00,0.025246954996985316,0.031940351047748505,0.6377332340510047,-0.10207475490650002,0.16162858977681893,0.025091027430752977,0.006614366888096468,0.003739526838770041,0.022773042504561542,1.287453726269251,1.7034591561238237,1.4257588455435355,-0.14041923676004012
2021-03-11 14:30:00,-0.003322639199587009,-0.0047337829899325445,0.6311610940564862,-0.09263583362779836,0.1489714268847564,-0.0021424544830803693,-0.005108291414842148,0.0031857434623528227,0.02280495134113601,1.077086610844514,1.6861480673569669,-0.2280459680409652,-0.14374187595962712
2021-03-12 14:30:00,-0.010008578257490948,0.001160264125904679,0.6215653634648044,-0.08619407703146921,0.14398164872960015,-0.012318026844492088,-0.0008971881130908816,0.0026623452742549026,0.02299019069130202,0.8849414926237242,1.7078358699712977,-0.6069842093172628,-0.15375045421711805
2021-03-15 13:30:00,-0.0059876866827212,0.003136438375255938,0.6148398072703168,-0.08470406534914067,0.13965554239378794,-0.009681973302192856,0.014523463360293235,0.0015736312007440748,0.02285111957791574,0.5113511072479312,1.6434108793526794,-0.3723315529157136,-0.15973814089983926
2021-03-16 13:30:00,-0.020442837918505305,-0.018246629724027758,0.6175109255579888,-0.09081933960387309,0.14595732553170812,-0.019512162214147605,0.010265356161957489,0.0005030201552456452,0.023376478607538564,0.14453273052396126,1.74298886256828,-1.1863176358282488,-0.18018097881834455
2021-03-17 13:30:00,-0.0013577595162560345,-0.009858995582002835,0.6177308599780493,-0.09200081908110257,0.14333408316943066,0.006415359169524995,-0.01763360368035468,-0.0002489754399900289,0.023171214352415086,-0.10733728988309371,1.6522697833086204,-0.08927740972596117,-0.18153873833460057
2021-03-18 13:30:00,-0.020474679047258554,-0.020188195045431345,0.6153042738472423,-0.037355395488423426,0.15013498289306912,-0.016494117962375543,0.024749240155038432,-0.00209448618515875,0.023242187468111897,-0.7137977212243067,1.6289513941870988,-1.1436803614619029,-0.20201341738185913
2021-03-19 13:30:00,-0.0029395965175585664,-0.00023963052330111534,0.617593780946667,-0.041333592203365785,0.1449412577429542,-0.0029801085596324883,-0.000441613408435626,-0.003824220947751088,0.02184349399708714,-1.2586182889882858,1.2546763660246414,-0.1311169219889668,-0.2049530138994177
2021-03-22 13:30:00,-0.00810982036658294,-0.009157745029066041,0.6218981128822819,-0.04805153144436851,0.1420279844707513,-0.007716412141387371,0.0004320050277390273,-0.004435627219354835,0.02178052324095203,-1.4094861419601732,1.223036871913718,-0.4056994395718834,-0.21306283426600064
2021-03-23 13:30:00,-0.024702171611424247,-0.015195552991304448,0.6071406246017673,-0.034095946593727194,0.14483894032364353,-0.030118579645090758,-0.0005683652843476352,-0.00665457059550145,0.021452870205517775,-2.0177428963349056,1.1284671739067602,-1.3202286296868901,-0.23776500587742488
2021-03-24 13:30:00,0.0045265716426741796,0.005761657580643546,0.6081416608531612,-0.04212671882672085,0.14550019044244308,0.0054421397625975905,-0.019327097025013302,-0.007039347813532387,0.021163542057151957,-2.0254818139649933,1.0458332534877084,0.3316406491378265,-0.2332384342347507
2021-03-25 13:30:00,0.005689479999464826,0.012816394994064803,0.6096471603197182,-0.043070881608506466,0.1466682297359041,0.002111826227828425,0.009145112392798879,-0.002897376890904483,0.013403503883762912,-0.7818393809139816,-0.8519088517887559,0.3851835655846779,-0.2275489542352859
2021-03-26 13:30:00,0.015948429024085428,0.018138639879347978,0.6052483665713161,-0.024182305229952655,0.14429088998421222,0.014819165649368842,-0.006653207500635323,-0.002424312997525719,0.01390956440319751,-0.6248659682109587,-0.7345673372261333,0.9607017733462238,-0.21160052521120049
2021-03-29 13:30:00,-0.0032714149608946896,0.0036954841797386395,0.604061295821195,-0.02363516553833908,0.13688780970859663,-0.007018303929643532,0.015593481389624686,-0.0025102290499258964,0.013909206688810564,-0.6326886034411502,-0.7459543665163658,-0.12974913484046902,-0.21487194017209518
2021-03-30 13:30:00,0.02292951433190453,0.01911285045643818,0.5870848968271767,-0.049768303708138714,0.12818993498222825,0.028154201942642842,0.027741875749327183,-0.0004198027844214807,0.014450824900179494,-0.006722419809800165,-0.6250381309196333,1.306287398040267,-0.19194242584019067
2021-03-31 13:30:00,-0.008190341877833513,-0.004166090578134958,0.5911293106416148,-0.07194893833174744,0.1237702427782109,-0.011559526826301198,0.002716478200530374,-0.0008143769611545001,0.014554712277694214,-0.12220872222907092,-0.620475157549332,-0.41026299228596397,-0.20013276771802418
2021-04-01 13:30:00,0.013245471879170592,-0.006260736310893448,0.5383414841786642,-0.053518374798371675,0.07059787892599546,0.03480620186135449,-0.024887964496825326,-0.0008793538619410905,0.014485269259908316,-0.13046871226047588,-0.6521905603183626,0.8149191790873038,-0.1868872958388536
2021-04-05 13:30:00,0.011854717779864646,0.01665452450737659,0.5591778345036148,-0.08110166984818806,0.07244743368468921,0.005713945208291271,0.04050673069173105,-0.0006471415899207513,0.014657978475781703,-0.047662910694775226,-0.620144947418705,0.7423503172646604,-0.17503257805898897
2021-04-06 13:30:00,-0.0015725686722346747,0.001664925790037038,0.5588867678933391,-0.08256616182866675,0.07584586669659914,-0.003591823390506492,0.004311936995193795,-0.0014651146676487212,0.014200696282057472,-0.28129593690475363,-0.747512010127374,-0.03176041247709941,-0.17660514673122366
2021-04-07 13:30:00,-0.008235884514249602,-0.009088134552628172,0.5607451898976656,-0.0809960751455058,0.07749187945571027,-0.007857809310219325,-0.012558928306879472,-0.0009587419744223901,0.013739495157823016,-0.11462196006817667,-0.8737444596131595,-0.3949338798230854,-0.18484103124547327
2021-04-08 13:30:00,0.00023405615561241928,-0.0012988774362850581,0.5647448083119151,-0.08088573865354166,0.07475371171907438,-0.0005287532984945182,0.01172253441928687,-0.0022093869164910352,0.012290567146445297,-0.46886466602685095,-1.2453872307305927,0.10862127506065279,-0.18460697508986085
2021-04-09 13:30:00,0.008275333553143648,0.0074293657423607495,0.5752418031687917,-0.0736426690760839,0.07419521436529836,0.008507971095928824,0.014026064048403009,-0.001629488278854502,0.012506981542798687,-0.2704823665885483,-1.1746983172439407,0.5493869962561093,-0.1763316415367172
2021-04-12 13:30:00,-0.00680206821368482,-0.006154347292506117,0.5756118960613865,-0.0711918646334487,0.07941680709907124,-0.0070799727652888595,0.0017308971293508906,-0.0014691627766641956,0.012414125036266902,-0.19815614377903798,-1.1835283539206791,-0.3361526597692211,-0.18313370975040202
2021-04-13 13:30:00,0.000737717764201111,0.006956079629525047,0.5824999103010383,-0.08162275155219878,0.07713881743301199,-0.004912059413599512,0.005910100239708949,-0.0011328925543180803,0.012376316980615188,-0.07234629211968545,-1.173510706925427,0.09741570467005804,-0.1823959919862009
2021-04-14 13:30:00,-0.001368929140592993,0.0023912919979196165,0.5928152325110871,-0.10651835121199171,0.07242491199324959,-0.002026058829024883,-0.0253980709458748,-0.0001791971154224647,0.011514938219061752,0.25935662759128797,-1.3613832112095199,-0.01265071670399321,-0.1837649211267939
2021-04-15 13:30:00,0.006307658281667571,0.011317261829068078,0.5933442784105963,-0.10053338391072393,0.07449673756922141,0.00024675728087183123,0.01944921272197849,0.00020407377447371556,0.011600895141724903,0.40686969337376616,-1.3085227549141067,0.4332122739273841,-0.17745726284512633
2021-04-16 13:30:00,-0.004616369985198132,6.584951575464941e-05,0.5886704458430003,-0.09425749717020217,0.07174579503771973,-0.008033952419530274,0.00805906034602281,0.0009969892275767367,0.010613016226757893,0.6772357514251596,-1.5059869271351498,-0.23694884564932703,-0.18207363283032446
2021-04-19 13:30:00,0.0027072730048140078,0.000702650502074816,0.5884922768809778,-0.09613678379888466,0.07188693706628234,0.005761451214992904,0.0017359746568840948,0.0012793327036953652,0.010577832236528886,0.7702090718610886,-1.471453390209115,0.20272767394454558,-0.17936635982551044
2021-04-20 13:30:00,-0.02201849425804568,-0.013661596431614353,0.5948272211157613,-0.06875430564683961,0.06629648268631082,-0.0263729021764737,0.012811942745196592,0.0005838990091222282,0.011632260374425135,0.5253525726202116,-1.1829734753348482,-1.3876976362167672,-0.2013848540835561
2021-04-21 13:30:00,0.017580131623297787,0.012878163976713522,0.5833799323930459,-0.051881705843664624,0.06647227593075164,0.021295204830496885,0.00013104591590655003,0.00269801417085833,0.010590405400163058,1.185893543041826,-1.3782696599840045,1.10578143961199,-0.1838047224602583
2021-04-22 13:30:00,-0.0035999648141368497,-0.005419701907797281,0.5667974924174939,-0.09487757131282892,0.03958827603381593,0.001728691828080109,0.006327867179464208,0.0022916873480177784,0.01067213768204203,1.0211313382360823,-1.3134299505968943,-0.23664170792108644,-0.18740468727439516
2021-04-23 13:30:00,0.011650909265240933,0.011017762025664698,0.5605156705706549,-0.08426009767867929,0.04015067924315955,0.012367505599184833,0.001890129920067615,0.0025897588113065837,0.010853738234102201,1.0841626203136898,-1.2309187657259228,0.7127486000103433,-0.17575377800915423
2021-04-26 13:30:00,-0.004599000671263249,-0.007180153222200965,0.5640092674083591,-0.11083806906898046,0.035890391405452055,-0.0014725341662084794,-0.013911448753252637,0.0015623873265391498,0.010489050403871086,0.7307570864262507,-1.2701908390226793,-0.3096142113149537,-0.1803527786804175
2021-04-27 13:30:00,0.0028603120860602196,0.00029990317982464543,0.5922553001358603,-0.10072715681969106,0.18572393485920116,0.008003675064098159,-0.011818480968654899,0.0018689736788868952,0.010429771278267438,0.8017302644247053,-1.2406370448032769,0.13533431779376087,-0.17749246659435727
2021-04-28 13:30:00,-0.0031212068298915067,-0.0022483766982529887,0.5910839258642139,-0.11636428675348254,0.19127331781800586,-0.0008784290731213376,-0.03672417212524263,0.0005664376207970936,0.009217391955265233,0.3672622325090153,-1.4499187729933316,-0.23995868355764172,-0.18061367342424878
2021-04-29 13:30:00,0.003148445791338745,0.009522343739315117,0.5919469207156327,-0.1163628918375079,0.19681033423600655,0.0003762857544736455,-0.0016529268278783569,0.0011333770042557063,0.008996499753259463,0.5275183914247744,-1.4422534400085352,0.15920757388627615,-0.17746522763291003
2021-04-30 13:30:00,-0.0218634670834908,-0.015605570664685856,0.5822077702811349,-0.10249298308199131,0.2024053940379461,-0.02346067881375217,0.009655839045576172,-0.0006220699438773631,0.009889716254725203,-0.06541563360393615,-1.215778551821427,-1.4049123982173797,-0.19932869471640083
2021-05-03 13:30:00,0.008262496281549486,0.022719528830793905,0.589770178991403,-0.10102844157005407,0.20818028749584558,-0.0010679520805461813,0.05068366185412969,-0.0008016810187931212,0.009681624881910579,-0.15589220252345914,-1.2237559549260022,0.48927451488834445,-0.19106619843485134
2021-05-04 13:30:00,-0.008162255168068722,-0.007791065133932129,0.5902290614020953,-0.09109270902711673,0.20994331213656833,-0.004043616574018749,-0.008382131963560413,-0.0011311653435848235,0.009820376057633962,-0.29939178296938884,-1.1626450812375573,-0.5395640289122828,-0.19922845360292007
2021-05-05 13:30:00,0.008830473524499696,0.00033062636816253804,0.5834183453852022,-0.09060098289808234,0.21050770972561939,0.017182777185768366,-0.03196549023435454,-0.00027784744164735867,0.009911583117381396,-0.03575136917217301,-1.1149096303733537,0.5248227638257752,-0.19039798007842038
2021-05-06 13:30:00,-0.0025160138756243197,0.0022414449132487357,0.5830252382948435,-0.09212299594794232,0.21335550435523754,-0.0054105979784041525,-0.002909125903616361,-0.00041535094320919563,0.009923176797665726,-0.12684383043837266,-1.0878579007687266,-0.18129905331793852,-0.19291399395404468
2021-05-07 13:30:00,0.0057443651945562856,0.007626715491841796,0.5875715252846051,-0.0957585815618782,0.21260166091530353,0.004589006238719384,-0.010213507281738532,-0.0005418993611385639,0.009822137009509608,-0.20306417410032926,-1.0886420232971938,0.3397236657111463,-0.1871696287594884
2021-05-10 13:30:00,-0.008288423572522536,0.0003406742586242369,0.5835553887171627,-0.08160950725472092,0.21303047601334676,-0.009804677011738852,-3.2382075209539784e-05,-0.0006162171290804496,0.009877463966872745,-0.2649894354632566,-1.0601752925459842,-0.5316230385119598,-0.19545805233201094
2021-05-11 13:30:00,0.002982621702678221,-0.0037508995419262745,0.5905064865687818,-0.0821234157202547,0.21025868140058432,0.008541227419983125,0.021971254902841058,-0.0005039719321565941,0.009906372525000467,-0.24083037640657234,-1.0353196344746134,0.18980067922638857,-0.19247543062933273
2021-05-12 13:30:00,-0.012602115046450334,-0.024723515126280942,0.599651282928176,-0.06312313514982466,0.2195303714854072,-0.0013512810807190627,-0.02950645692822122,-0.0010656312274494612,0.010269771196240085,-0.4934461152955584,-0.9515649280546336,-0.7766473078906572,-0.20507754567578307
2021-05-13 13:30:00,0.0015033312646010894,0.0126966362138116,0.5979705101221091,-0.05959156319542305,0.22880095386812008,-0.00657314023989349,0.02488260110231203,-0.0013058475783027852,0.01014364177371403,-0.6032029068123318,-0.9608733406929095,0.12360886170631764,-0.20357421441118198
2021-05-14 13:30:00,0.014618561274411603,0.016897394373929158,0.6066237458282062,-0.03506887500047123,0.2332179755971675,0.012018657331254106,-0.014135671945827728,-0.0003441010153222986,0.010709326997157901,-0.21339651134862955,-0.8386724598644993,0.9572537441260538,-0.18895565313677037
2021-05-17 13:30:00,-0.007619815199689032,-0.013193270796626244,0.6222049456813288,0.005112657323921314,0.23462992405945307,-0.005000411167051744,-0.03637508776068543,-0.0008604554255474505,0.010803012995533625,-0.41497064827529095,-0.801941155067056,-0.4259956565215206,-0.19657546833645942
2021-05-18 13:30:00,-0.013687949047980773,-0.014557958392768522,0.6212710087349582,0.011718385693434641,0.2311207958857068,-0.014404837376307489,0.008646637236984334,-0.0004439281650442051,0.010080749742566711,-0.2222793595356375,-0.9340210716440808,-0.8014838119446496,-0.21026341738444018
2021-05-19 13:30:00,-0.00026076372527167845,-0.002650483533600164,0.6443705430718794,-0.016417146241510763,0.21896872664806635,-0.0009676036081596915,0.022227997892582046,-0.0013359729324726784,0.009148082147840885,-0.5681405441197963,-1.096039889061721,0.09996230193931481,-0.21052418110971186
2021-05-20 13:30:00,-0.0040055767779925335,-0.00018216163732794519,0.6444025589570521,-0.023719657586637397,0.2425333131584967,-0.008917756257744344,0.0013523802759731012,-0.0013562535306654625,0.009153813217761878,-0.5526594530813325,-1.0813201259153427,-0.13201617286062414,-0.2145297578877044
2021-05-21 13:30:00,0.006784946793821408,0.009739016538951187,0.5750331408512565,0.020301585406376013,0.25194608795101453,0.004573382992204925,0.007625723048090652,-0.0015995516542364383,0.008849509683929623,-0.639010253945281,-1.1021774394496606,0.6595522244881167,-0.207744811093883
2021-05-24 13:30:00,7.314571563183444e-05,-0.00041532541838196213,0.5000086061935989,0.026381904090987025,0.19067125333709856,0.0013985653130725861,-0.010384598171420678,-0.0013659443348916845,0.008827804119180285,-0.5141607612235868,-1.0713529696057897,0.07275432240353222,-0.20767166537825116
2021-05-25 13:30:00,-0.002190946073075911,-0.00670026502038068,0.3990004945992119,0.06445316920431969,0.16774677352808642,0.0054135024101436,0.013611057616003008,-0.0016185072428484908,0.008772612915229478,-0.6012685989915502,-1.0469921675143654,-0.12820808602797934,-0.20986261145132706
2021-05-26 13:30:00,0.0023408088796633784,0.0031324078853478543,0.3994923860874657,0.04240860984625333,0.1554968569445914,0.00297911873371981,-0.005780671187125774,-0.001345406457370747,0.008808316665686145,-0.4573977575226632,-1.0075702552749939,0.24993986393843878,-0.2075218025716637
2021-05-27 13:30:00,0.006804655924659488,0.004786534095598816,0.3896949550694017,0.03787720994832255,0.15911406321233895,0.011530017582936258,0.004018423436527474,-0.0011625959507047096,0.008943397512743203,-0.355149612824685,-0.9508872925514595,0.6439565377661156,-0.2007171466470042
2021-05-28 13:30:00,0.0002551744465409079,0.003002392405923704,0.3826073066063872,0.06253771203634012,0.17903080400625745,-0.0023983252627866047,0.001083412190616917,-5.666387420312441e-05,0.007499912681717218,0.17355420849465317,-1.1928318228762254,0.07151398089163467,-0.2004619722004633
2021-06-01 04:00:00,0.057787571225652985,0.09050835069707182,-0.04747118520284255,0.480523298578748,0.09958191690332807,0.1125915304730662,0.04816906515038029,0.0024195898730020506,0.014908202564914041,1.3352963502131499,0.27585525292428476,4.366535307705733,-0.14267440097481032
2021-06-01 13:30:00,-0.01872882869815138,-0.06375585660005552,-0.22160755559637765,0.6724804590571962,0.020309468511812923,-0.08006006036189413,-0.06007107587674472,0.001891261196497918,0.015479244355269692,1.131483130168841,0.4185702476970446,-1.396098332575843,-0.1614032296729617
2021-06-02 13:30:00,-0.005980471351036025,-0.004672574924219908,-0.17331434144836835,0.7516982645154391,0.018490324728572732,-0.009922691899009295,-0.023300177948118006,0.0011507139527211318,0.015484077410026777,0.800050878087723,0.4541037112830262,-0.45591818120686023,-0.16738370102399772
2021-06-03 13:30:00,0.02137730734355972,0.013045196933479164,-0.186067890213222,0.7455652355702503,-0.002403973826198058,0.00705447419323757,0.01032908294758872,0.0023453800136803335,0.01609593289401055,1.419880438839851,0.623997905807823,1.6596555388022656,-0.146006393680438
2021-06-04 13:30:00,-0.009838111970040447,0.00426370666802726,-0.19671827063822817,0.7678211927813702,0.0022978834577489873,0.005790542251641255,-0.002417158621598266,0.001566256155450497,0.016298604647685642,1.0683328337771667,0.7146144829079069,-0.7417481126035933,-0.15584450565047844
2021-06-07 13:30:00,-0.005435745570874385,-0.0029947473060417673,-0.2149804953443204,0.7727840743790392,0.004121076643853083,-0.00482992943189442,0.0013101191989013383,0.0017088900555329047,0.016220117759996818,1.161699195696617,0.7508041805747784,-0.4101749578168055,-0.16128025122135284
2021-06-08 13:30:00,0.0158735262753291,0.01907366897721256,-0.23083384908413818,0.7755515221016683,0.011944397217725741,0.027621936813843544,0.010426545418264304,0.002353435284165448,0.016526625947097553,1.471889743309163,0.8808430848450646,1.1948177180444197,-0.14540672494602375
2021-06-09 13:30:00,-0.004415143788604823,-0.005145767080458478,-0.23407755760305834,0.7829638999364898,0.004656248156874376,-0.014075685016249156,0.001105393443026033,0.0027627838470577243,0.016235522766880825,1.6260473435229572,0.8839126989074461,-0.38395667163164116,-0.14982186873462858
2021-06-10 13:30:00,-0.012829005849231134,-0.00527318888829309,-0.2900017874261223,0.7824853555782663,0.012003230204609175,-0.011835111909719531,-0.004015158685099718,0.0020461669913661128,0.016606115996876798,1.234878151656859,1.0616043859535877,-1.0165185713361147,-0.1626508745838597
2021-06-11 13:30:00,0.006851521753462583,0.009643881015350445,-0.28813487342626976,0.7859317418310792,0.0010432776555224603,0.007369845779896892,0.013062859339776392,0.001657815015318662,0.016385983536592406,1.010481663883716,1.1016810073994436,0.4802006677425457,-0.15579935283039714
2021-06-14 13:30:00,-0.015257997758733544,-0.007210081831904673,-0.2888786985361323,0.7781708088339073,0.008771898408182044,-0.009327685663368983,-0.0028763716215422326,0.0012759058873664363,0.016699609009807086,0.7974941785586073,1.278740406846596,-1.2338470610210823,-0.17105735058913069
2021-06-15 13:30:00,0.012859958873967068,0.008566388398878244,-0.29720139958520897,0.8020667216540883,0.012087149541180675,0.005547613325747713,-0.010476097519058314,0.0026033012834638285,0.016501508127005297,1.4273916755546052,1.3194761509252366,0.9282192810651775,-0.15819739171516362
2021-06-16 13:30:00,-0.014130250388364272,-0.011665606103923568,-0.24379047322621808,0.7997773911640363,0.0065246503196772125,0.0033831776166392737,-0.006326352918182879,0.0019098269503091986,0.016914469652702074,1.0990085601996396,1.5604237665190128,-1.2097540164584568,-0.17232764210352788
2021-06-17 13:30:00,-0.03234525547166374,-0.022809229558950112,-0.2662022440059257,0.7967074068107983,0.024782173862217066,-0.0283096606413424,0.011185793582630981,0.0004928430156256383,0.01854460936010039,0.2800104355902542,2.2092487145242132,-2.4693360431573175,-0.20467289757519164
2021-06-18 13:30:00,-0.024071066552128182,-0.025084359194896638,-0.19913133124072036,0.8088554541854716,0.03270658357068481,0.0008996287633440021,0.004550947439567261,-0.001049957651671841,0.01926318905031135,-0.7565707989172069,2.315070683372486,-1.762720695252694,-0.22874396412731982
2021-06-21 13:30:00,0.023184863898906984,0.02655811437779058,-0.161572826871212,0.8079306357185798,0.04070115250577081,0.013603260336877126,-0.016056851794680044,0.0001056282574919163,0.020012754135824512,-0.01803850321489566,2.407368955320482,1.6704971829742647,-0.20555910022841284
2021-06-22 13:30:00,-0.007196069434737073,0.001525141628592926,-0.1626059984378614,0.8044376111015462,0.04926462539146833,0.00757830966264091,-0.0051326727768967,-0.00014462791059114175,0.020074183743591337,-0.22124311694818974,2.288029521959812,-0.5223362193446661,-0.21275516966314992
2021-06-23 13:30:00,0.0027478463212841256,0.0045618670998566575,-0.1416700147938823,0.8111304052178544,0.037469367394729426,0.015180025844909666,0.0018059708555964544,-0.0001242760385101044,0.020077042314187242,-0.21067998176916292,2.172870702418226,0.2255133735024046,-0.21000732334186578
2021-06-24 13:30:00,0.014893889674710645,0.020564733135283397,-0.13021982404786736,0.8301860144019807,0.04802925636126145,0.02151194783767907,0.011953558469647518,0.0002801856489924535,0.02030417166331513,0.06009785158633858,2.128854731611839,1.087411137296521,-0.19511343366715514
2021-06-25 13:30:00,0.006568061507537018,0.005842305817836809,0.035922344674579,0.8990687203476997,0.061449689109142815,-0.004900333716903497,0.0005744632808935739,0.000595830002042259,0.02035277361395091,0.2659666710889513,2.0419416042680067,0.4872210178274869,-0.1885453721596181
2021-06-28 13:30:00,-0.00783466309597811,0.0031368746315688276,0.030339882355444048,0.8946688133197066,0.05082404465697171,-0.003271153818186804,0.036928032129266396,-0.0026852817140392954,0.015313111942063437,-1.9655406350706977,0.6716723149533409,-0.554689256680205,-0.19638003525559622
2021-06-29 13:30:00,-0.011146172464615573,-0.009220089807868037,0.06001437312949809,0.8947338064594161,0.052535587180749986,0.006931217466583206,-0.004357472441169574,-0.0023061489023625055,0.014985348964795277,-1.6734237383115906,0.5784532901215208,-0.7843252396966415,-0.2075262077202118
2021-06-30 13:30:00,0.007985056729977354,0.006451484059562418,0.05471004989860018,0.89336594605516,0.049440465581015704,0.008345722649912513,-0.005952279363034885,-0.0016078724983118364,0.015129805817653837,-1.1858690864148203,0.6095639463164145,0.6069693849057154,-0.19954115099023445
2021-07-01 13:30:00,0.0203181598484069,-0.0007368617437683023,-0.055093757619196104,0.8509158883440339,0.04806903934973653,0.03033805873214357,-0.11047597745141469,-0.0016608298730694776,0.01504674430593171,-1.2384356578458244,0.5732998268290794,1.464050660589313,-0.17922299114182755
2021-07-02 13:30:00,-0.008953259287984688,0.001037728816364029,-0.05715902544732454,0.8434629437312354,0.04580077145356585,-0.0005267619804859198,0.003227176438557115,-0.0016165872389666894,0.01502271649346645,-1.2088653780873724,0.5541618971516448,-0.6334362876297668,-0.18817625042981223
2021-07-06 13:30:00,-0.02510888119411617,-0.021731297880635287,-0.07216314792181433,0.8368346082979881,0.05687636176500319,-0.0259489563463647,0.010816087499933052,-0.0026002440201287787,0.01590416777164957,-1.8268588605599694,0.7709736184637546,-1.7366638650301331,-0.2132851316239284
2021-07-07 13:30:00,0.022565340466724797,0.024530417005867482,-0.04589376663453726,0.8402915139027525,0.05895464200421554,0.017997691061507542,0.040784339321149485,-0.002265653310558994,0.016376645650443764,-1.5679078425386042,0.8736114224101814,1.568179340479095,-0.1907197911572036
2021-07-08 13:30:00,-0.012241494197602173,-0.01721897269403146,-0.05045528608796257,0.8580742359689546,0.06321163032015915,-0.014282846542774303,-0.011455064274793442,-0.0026569708310088614,0.016523556448607334,-1.749378145750115,0.8856942738330853,-0.8187071141414216,-0.2029612853548058
2021-07-09 13:30:00,0.020627264206073567,0.02641706716770346,-0.04266754467259781,0.867651272552781,0.07885757064857568,0.025177072583187392,0.005160803232126792,-0.0009841573282436263,0.017122237988628507,-0.6692203933178719,1.0116912979812145,1.4004086534802243,-0.1823340211487322
2021-07-12 13:30:00,0.002475475299825246,0.006223582422093162,-0.03984073693378287,0.8682371153343145,0.07998771089242744,0.00297289378114914,0.007737144609446374,-0.0012029596509254932,0.017044621536560285,-0.7829066404612376,0.9596239669458283,0.1650017571503545,-0.17985854584890695
2021-07-13 13:30:00,-0.014215438806905954,-0.013945995260935947,-0.02020615173639151,0.8751972500690638,0.0837816565226842,-0.006385585876107899,-0.006365845463336258,-0.0011508317033341136,0.017000912536315294,-0.7248956042787572,0.9178025497649515,-0.9383462823291154,-0.1940739846558129
2021-07-14 13:30:00,-0.006755169985844417,-0.005193393587270667,-0.015249403722162658,0.8704022344193381,0.07850669758645927,-0.013899792911070574,0.024594597845254418,-0.002131588146324688,0.016713464797575128,-1.2995545574515692,0.8179434385739462,-0.4621085459543086,-0.20082915464165732
2021-07-15 13:30:00,0.0054781000620188125,-0.00042584238943595604,0.0006972709435767444,0.8640583963558647,0.0747515489177773,-0.011677231462471424,0.013548066460400113,-0.0011511706238055337,0.01654686056074222,-0.6615831720078705,0.7492831333256972,0.3917623563073899,-0.1953510545796385
2021-07-16 13:30:00,0.002706453862231158,-0.004096742722108286,0.00970313787835686,0.8669481493375122,0.07641057818666434,-0.014156424309025233,0.02424623659159771,0.0006014148428892112,0.014836924980627823,0.4850126043579793,0.2897597084035468,0.19304540514860533,-0.19264460071740735
2021-07-19 13:30:00,-0.026600822323684343,-0.03529890673635616,0.07038068121466645,0.8850944189981891,0.09854887108126159,-0.01945444851299727,3.413469531809987e-05,0.00047492705431140313,0.015067327671768948,0.43701142468751947,0.3327108574802082,-1.7500958412544303,-0.2192454230410917
2021-07-20 13:30:00,0.01858091447950808,0.02960069555587001,0.0731915868295312,0.9059444736767652,0.12344918599065398,0.02530746494062412,0.016185026730547152,0.0002447295833414581,0.01473357896250615,0.3011415671034485,0.2284520229138706,1.262641938200534,-0.20066450856158363
2021-07-21 13:30:00,0.0040297951827167715,0.010432349507589755,0.07187445837192175,0.9097646411328985,0.12740338618314312,0.02142478547632376,-0.024449112942699136,0.0008060228142141503,0.014648780911352563,0.7013942927634282,0.18897437352379592,0.2901348537907822,-0.19663471337886687
2021-07-22 13:30:00,0.0026165692113694706,0.00895068199729728,0.07266605663084569,0.9110981574160248,0.1258076572344693,0.007406892631661019,0.020118355986993373,0.0007994589587184177,0.014647894405227128,0.6930897612537502,0.16701721166747566,0.18946914177652147,-0.1940181441674974
2021-07-23 13:30:00,-0.0031257425610557825,0.008287046904107864,0.059519316913482,0.9076198791588524,0.12531919935546862,-0.004505683579501429,0.011983117451924374,-0.00010152265306990383,0.0142850202588039,0.09210671704431383,0.04686221340245192,-0.1866783217106927,-0.19714388672855318
2021-07-26 13:30:00,-0.008221794875485078,-0.0073927554286636514,0.07056091526785624,0.901888631567892,0.12024454238344702,-0.007697156921749178,-0.03212482514495459,-0.0008410154722210087,0.014304384214920939,-0.41408058195111336,0.0324696404953361,-0.5503439084886694,-0.20536568160403826
2021-07-27 13:30:00,0.011752683901199615,0.002861509839242086,0.04750726456726273,0.8853784344167132,0.11094216041645277,-0.014330085677548418,0.01211340297682543,0.00013835187763787756,0.014469931975792032,0.24893320710559966,0.05684959030732513,0.7971351596928045,-0.19361299770283863
2021-07-28 13:30:00,0.004882668768684496,0.007948897126771678,0.046771091220766725,0.8982403539402029,0.1154410034105876,0.015576794121711276,-0.0011863280044472155,0.000939793939302881,0.01425430971184831,0.7753970481791905,-0.024315533198376132,0.31870398910319003,-0.18873032893415415
2021-07-29 13:30:00,0.008133211277650085,0.009938240279552776,0.06082647143304398,0.9002546151452085,0.11734407866451846,0.0072254538148689065,0.00028212423310155187,0.0009472016666865176,0.014258201683297268,0.7626317670707329,-0.0443191868272826,0.5397904902849554,-0.18059711765650405
2021-07-30 13:30:00,-9.447912229542006e-05,-0.005241970735423096,0.06717274471009149,0.9028104017178903,0.11909287572172356,0.003175153726076796,0.010697550093382024,-7.34302818485984e-05,0.013509542974253427,0.06102120923233597,-0.28011252160864347,-0.020201470339535666,-0.18069159677879948
2021-08-02 13:30:00,-0.0072190178580733705,-0.047652902799692,0.1001801571798186,0.9261356128911877,0.17327033392386734,-0.01759730190472105,-0.060463041239457636,1.3281789646967489e-05,0.013455002894746746,0.11403866730998252,-0.31837963936293207,-0.4878273036486153,-0.18791061463687286
2021-08-03 13:30:00,0.014621471454861153,0.020716745218259242,0.0712095323243842,0.9752095892714631,0.1770746540747057,0.015000840070883165,0.0035808251765509676,0.0019997994220958336,0.012445789905968688,1.4191247365190176,-0.6373529777896375,0.9596446211592888,-0.17328914318201172
2021-08-04 13:30:00,-0.011442023657399733,-0.010533485656409844,0.07015435073386356,0.9747248362043506,0.18168360279029316,-0.009037922308647825,0.016542487473561386,0.00029943121588960715,0.011794227244928658,0.266291006379463,-0.8509016894273408,-0.7752893766834174,-0.18473116683941146
2021-08-05 13:30:00,-0.004490681456495428,0.0019691512462188068,0.07079721434245112,0.9781873874132028,0.15873795416895786,-0.008965457888927516,-0.009368978619358667,0.0006869718529449443,0.011483715573471226,0.508070767532593,-0.9577150783586158,-0.3203251106381131,-0.18922184829590688
2021-08-06 13:30:00,0.0113321231873619,0.006639541713521398,0.058406812501504035,0.971816037957154,0.1566049922834437,0.007232484998578166,-0.0025327361983196557,0.00022221480200936092,0.010802102011698898,0.1788518126491915,-1.1737721338188667,0.7312215654183256,-0.17788972510854498
2021-08-09 13:30:00,0.004236135789340917,0.00577056862097521,0.062154551085859766,0.9790775049227499,0.15155221531459553,0.006066788854736734,0.019908988962377545,0.0003102478264851444,0.010828573634274991,0.231086974023034,-1.167135982307876,0.26891172000838176,-0.17365358931920405
2021-08-10 13:30:00,0.013856931459101683,0.009048865562632846,0.05873641496234905,0.969033451083178,0.14691242687177908,0.0080109326798814,-0.0085705580375941,0.0017138663397855262,0.010664787852304392,1.1430149524810937,-1.2155369264598666,0.8906278926295222,-0.15979665786010236
2021-08-11 13:30:00,0.007468052347308532,0.006857244039381409,0.07118305339481701,0.9622138801514535,0.14294451556179547,-0.002476108475537882,-0.0009945169825228044,0.002425027456443174,0.01054386171242962,1.5562953954080587,-1.2589025385372683,0.4400689613721741,-0.1523286055127938
2021-08-12 13:30:00,0.0029214588556240404,0.006959302337001964,0.07105810944896407,0.9627867093723942,0.14654456677626515,0.005931773172368408,0.007958309362958198,0.0022971953961234354,0.010520370584557948,1.4176535541882749,-1.2868000362331502,0.1287681901337975,-0.14940714665716978
2021-08-13 13:30:00,-0.0067601900462271785,-0.001937437234148261,0.09116897399737478,0.989950511190191,0.14686600053513835,-0.008975626790193444,0.009860145219913555,0.0018238632007005183,0.010712200665121982,1.0727417406818665,-1.2505369873577905,-0.5225847200207796,-0.15616733670339697
2021-08-16 13:30:00,-0.008709259571286935,-0.007548919704427837,0.0697111056206694,0.9978198336614387,0.1454483698700523,-0.013664011942140286,0.010864785704248536,0.002718441338320389,0.008787707161563204,1.590300477028245,-1.8533930972213088,-0.6354754453503388,-0.1648765962746839
2021-08-17 13:30:00,0.0016966100325956773,-0.006633076999399745,0.06557909849754362,1.0189507272860399,0.1457372630723967,-0.007212076743492335,0.0036739364692575105,0.0018742261159747683,0.00795521756697436,1.0131181476237807,-2.090993965474188,0.06440329758230917,-0.16317998624208824
2021-08-18 13:30:00,0.009738132605821834,0.0006834972528781588,0.043697435817136476,1.011992761950945,0.14864512791106896,0.0057454505460497645,0.021512301283429586,0.002159642987130021,0.008136951244955306,1.1580760042586062,-2.0181491315240745,0.5916611494955971,-0.1534418536362664
2021-08-19 13:30:00,-0.009918001428633652,-0.0041324018706622905,0.037197630629072886,1.0089238435612788,0.14858236031177807,-0.008202696410417782,0.0218196456247363,0.0015329144551298655,0.008571048193883452,0.7276572129749214,-1.878493241831583,-0.7134008374521461,-0.16335985506490003
2021-08-20 13:30:00,-0.0028486545365113795,0.00867837711607966,0.03994585242093529,1.0093153885621517,0.14983036053295098,-0.003772920504497179,0.006494444282157508,0.0015467688563570855,0.00856334200144636,0.7106774134972323,-1.8721572477074098,-0.22948244502787868,-0.1662085096014114
2021-08-23 13:30:00,-0.009497855469150239,0.0050966576220325965,0.06006837551008748,0.9982779038002175,0.1496203867884319,0.017967017806079677,-0.03238415220812074,0.0014829658266738276,0.008644326313945868,0.6506547936629946,-1.8759227117111974,-0.6617456373258708,-0.17570636507056164
2021-08-24 13:30:00,0.01297311472605599,0.014114978235411302,0.20417568211089815,0.7791893623064605,0.21320390036756018,0.02063361163355082,-0.0024782086612351595,0.0015439873679166465,0.008724572409511511,0.7064659388688904,-1.769253442355663,1.018839324583933,-0.16273325034450564
2021-08-25 13:30:00,0.019762637253002962,0.022117423674011,0.3997360381771867,0.4580813409415131,0.3913609992114188,0.02022197282716472,0.014473074479421328,0.00228798579213257,0.009613441379219727,1.1844363891993872,-1.4450650277739763,1.486528046015625,-0.1429706130915027
2021-08-26 13:30:00,-0.009626854914363367,-0.012569099382452395,0.40629372496935545,0.4700000968398943,0.4037537545098176,-0.010094690314355911,0.0026038949713393187,0.0013999824825318972,0.009862135506998422,0.6013040113063743,-1.3238989807523773,-0.7521973883261261,-0.15259746800586604
2021-08-27 13:30:00,0.004650870968396595,0.010518833266841185,0.36338990738951454,0.5316961675707967,0.4103148610563699,0.010810666125991982,-0.016131196324718967,0.0016372499870664979,0.009881352883867048,0.7696120641000576,-1.2725985110067022,0.3646183394081922,-0.14794659703746946
2021-08-30 13:30:00,-0.003856579268932891,0.0035800663091410576,0.3557250862372488,0.5439969918195299,0.41300812065728404,0.0021204113444991033,0.015342543920186599,0.0018053719165235216,0.009750478912881999,0.8755575251682862,-1.264859871591446,-0.30680103047279084,-0.15180317630640236
2021-08-31 13:30:00,-0.003591719443902931,-0.003601676009938326,0.3571664796673855,0.5469220608299384,0.41293423747706726,-0.002435641104365227,0.0031701884543613446,0.0008947123715853176,0.009332047536428448,0.2890217919771426,-1.3348038265963766,-0.28874909550543726,-0.1553948957503053
2021-09-01 04:00:00,0.02592126834562508,-0.004853926004741586,0.2187550311337701,0.32638164303300615,0.2228774217039824,0.05607839426121627,-0.09416872267762737,0.0027628769717365585,0.010409984533657471,1.505623262603896,-0.9969513884242003,1.9656908313448274,-0.1294736274046802
2021-09-01 13:30:00,-0.01725176340045041,0.009560424303944659,0.11302383777113517,0.27579764849063954,0.11956896468140647,-0.06930855667915914,0.1050188103092381,0.002124822874538809,0.011236260008434985,1.105138777134249,-0.7401578813871337,-1.307521142425545,-0.1467253908051306
2021-09-02 13:30:00,0.04187973869631355,0.04521007633281138,0.18645326851486682,0.21226441197564436,0.13920207219491687,0.036137220827382244,0.01983801007332442,0.0036522036499863917,0.014230875167909236,2.039614822831684,0.11309619799412994,2.8850962356572403,-0.10484565210881706
2021-09-03 13:30:00,-0.0013688471720583852,-0.0006796401853271054,0.18798450755056845,0.20956394105340106,0.13799734033442598,0.007597829220689041,0.005046257126760508,0.0033719545019164263,0.014273895082617751,1.798012053113851,0.13577835879549552,-0.15499090164555945,-0.10621449928087545
2021-09-07 13:30:00,-0.011405317695657054,-0.01220515437944747,0.20346458237299103,0.2031296120959869,0.13915487885443842,0.0010342263398478435,-0.006240450376095441,0.0021088420441784895,0.014414286600731676,0.989987641260813,0.18745100343683754,-0.8721618793910825,-0.11761981697653251
2021-09-08 13:30:00,0.0026083565236629186,0.006978568918782531,0.200039214617163,0.21004693361958907,0.13721637462757816,-0.01095938938839917,0.019807070134721678,0.001865857252996209,0.014360048844330769,0.8532839731003491,0.18307730162955227,0.13477827048518673,-0.11501146045286958
2021-09-09 13:30:00,-0.012101664448839507,-0.012428343561031877,0.1868152246999011,0.22277797309911784,0.1376229272442185,-0.006984375609274821,-0.014524676268799977,0.0011147010877730317,0.014691031473722988,0.3913302230728135,0.29048716099790384,-0.9196406837781963,-0.1271131249017091
2021-09-10 13:30:00,-0.004109918318317264,-0.006680807513678388,0.1672376780930277,0.27238360444731946,0.129165725144027,0.007292413906477391,-0.0062622649186185875,0.0012472146741685276,0.014628079073140593,0.4662937118827903,0.2959989463066875,-0.4009261513690102,-0.13122304322002634
2021-09-13 13:30:00,-0.005026617992998857,-0.0033559236703649318,0.10547648949064578,0.3139456787413563,0.10910044418383937,-0.0016030778465611815,-0.03202301540634175,0.0014313467530829315,0.014518925497643834,0.5595845758182929,0.2939902644128072,-0.5086853562018181,-0.1362496612130252
2021-09-14 13:30:00,-0.012748007079191853,-0.012470262979127789,0.07757403035456933,0.3320728056561462,0.09747197256922534,-0.009103904384845318,0.0019722949971885395,0.0007091158974935548,0.014860289925688022,0.09483496557193426,0.4360548542136084,-1.076046001400556,-0.14899766829221706
2021-09-15 13:30:00,0.021677162175893678,0.02631721560941817,0.04257580452805654,0.37920438860019745,0.11140193836533535,0.027638785707880625,-0.011040851587464113,0.001306067375997147,0.015469400895919284,0.45857330040477806,0.6710617988497107,1.5634697963402011,-0.12732050611632337
2021-09-16 13:30:00,-0.017210865155337738,-0.016044475012182424,0.07406837265023933,0.3502352753499479,0.11996199731983886,-0.007663563612679836,-0.0047033526502252565,0.0009414241896619428,0.015829656867423193,0.21601259985705873,0.8384819716416652,-1.3892761933023374,-0.1445313712716611
2021-09-17 13:30:00,0.0026088265996053123,-0.0013104932100054996,0.09017099303863182,0.32437981765586715,0.10967886230025699,0.014110558134281229,0.006135494234698428,0.0012142982464677773,0.015807907786753183,0.3793031163496942,0.8928886695579518,0.13197191607366943,-0.14192254467205578
2021-09-20 13:30:00,-0.008525129780103214,-0.015237168006694427,0.05467540734139595,0.3720598250904763,0.11540382989280555,-0.013400823504218598,0.015299713704048664,0.0012629345309201289,0.015774676466095518,0.4025775120864902,0.9520642243250185,-0.7000643604992736,-0.150447674452159
2021-09-21 13:30:00,-0.009810004460283225,-0.008554941763099122,0.05857535987533005,0.37015124887487566,0.1187497539488962,-0.005818873320243778,-0.010883390681159955,0.00012377857160316783,0.015707014970349997,-0.36361388161553904,0.923171196066555,-0.7942803719073802,-0.16025767891244225
2021-09-22 13:30:00,0.002610325306354926,0.007635894804090215,0.01764927745946676,0.4124014268089428,0.11798074203562492,0.00824596575116876,-0.023198472741868814,-0.0007338370257292339,0.015032043178696173,-0.9715562584141352,0.6779236042035959,0.13663873430788007,-0.1576473536060873
2021-09-23 13:30:00,0.009351792597443193,0.01467044477401506,-0.004098402152978464,0.4395826979353823,0.12286416466072858,0.020008904202656587,-0.02036308759383195,0.00021509534986109403,0.015040137221268107,-0.35699663392618003,0.6816630866805152,0.651977486440422,-0.1482955610086441
2021-09-24 13:30:00,-0.010162448771185821,-0.008854512065116968,0.011184410711714277,0.44979933853387893,0.12876677843529305,-0.007780941288269857,-0.01637644791254552,-0.0005255706371180268,0.015174345420058641,-0.897015527626731,0.7291784150722196,-0.8174652183100709,-0.15845800977982993
2021-09-27 13:30:00,-0.008155940339917981,-0.011118511314178847,0.010692563834078628,0.46103746247779903,0.13321054605171764,0.0007020402192292607,-0.046678263968401024,-0.0007405386906672813,0.015254261039966032,-1.0737201455503302,0.7559873849968886,-0.6628944545389583,-0.16661395011974792
2021-09-28 13:30:00,-0.0003456980649261879,-0.012533936979150395,0.013138672276959362,0.4692994634727208,0.12622785336219033,4.960307854440238e-05,-0.01594891793408082,-0.0005782376217184441,0.015239589979851061,-1.0253026379472117,0.7573880382285328,-0.0901172856119025,-0.1669596481846741
2021-09-29 13:30:00,0.0023688422845635475,0.0025098338979372414,0.0003046519092546607,0.47491222758911966,0.11845191223668032,-0.010548549228007076,0.0025098338979372414,-0.001755858924771521,0.013938554212418778,-1.934536520155208,0.3025523289892238,0.16015393855076782,-0.16459080590011055
2021-09-30 13:30:00,-0.010942273949634726,-0.011756818249163045,0.014432835794488674,0.4589764953554329,0.10456125480134078,-0.003836376424544449,0.0033687448671320484,-0.0014403844522307366,0.013637524199894351,-1.7724625619310097,0.21238342659918205,-0.9460169447455143,-0.17553307984974528
2021-10-01 13:30:00,-0.01887984424907284,-0.05630147387025012,-0.005852940075730784,0.566375806039298,0.0835425553755419,-0.011016625063320164,0.006861788449731808,-0.004478363599500056,0.009669742831629474,-3.660214526036291,-1.2279535998733635,-1.555457136462824,-0.1944129240988181
2021-10-04 13:30:00,-0.00011161380722497609,-0.011789245601621312,-0.006406966793544022,0.5656432194621253,0.08209878682573339,-0.025565096290455225,-0.02813403734088782,-0.004415501931258386,0.009695074663039408,-3.283421843529419,-1.1826589718008151,0.011065281448892385,-0.19452453790604307
2021-10-05 13:30:00,0.0031424201096452806,0.011760358780432726,-0.02943158394281048,0.5881620753483892,0.07972152525039862,0.014230936910393491,0.005912389619731099,-0.0036881150409932687,0.009688783012790494,-2.649445790453404,-1.15093792754956,0.26097310972212107,-0.1913821177963978
2021-10-06 13:30:00,-0.0016674552198927954,0.002383005837734838,-0.02532404079753464,0.5857437991181282,0.07874295338170646,-0.013097031668324913,0.012921107456563016,-0.003901905628171055,0.009589196752361714,-2.6554406028390565,-1.1540907808797682,-0.15180924081041033,-0.19304957301629058
2021-10-07 13:30:00,0.010178304055456893,0.01690666988596945,-0.051516823386596466,0.6132614135037127,0.08588250931856156,0.02224220790058784,0.009194237423920892,-0.0027879072029562343,0.009876334294785486,-1.9416042665347628,-1.0121712135049392,0.838586997699366,-0.1828712689608337
2021-10-08 13:30:00,-0.0016410101964323515,-0.0035308654911689516,-0.05207100190572972,0.6142238690951972,0.08617551285493108,0.003825479170628513,-0.03432523094855885,-0.0026644617968619886,0.009874370031693913,-1.788712541052188,-0.9797446679426992,-0.14945087404857774,-0.18451227915726603
2021-10-11 13:30:00,-0.011276144916985413,-0.013843361246393035,-0.08419886702082757,0.630160187788335,0.06162919513640471,-0.0002568723981863554,-0.010131058588593386,-0.002976938143061317,0.01005037040915008,-1.8709361857844196,-0.8809293682183638,-1.0180771718134414,-0.19578842407425145
2021-10-12 13:30:00,0.006926421106370409,0.005292719328333528,-0.060512872584644106,0.5943741646976796,0.03787241755851765,-0.001437596152019105,0.004405605398166368,-0.001993216733783204,0.010006412527944054,-1.3030433977211502,-0.8684441460294341,0.5985631866709962,-0.18886200296788105
2021-10-13 13:30:00,0.033035438708188786,0.038789134256541215,-0.023094498339334635,0.5826069256922698,0.04387703464484005,0.027128719014009074,0.0396754619130976,-0.0014253029071684483,0.01161375519297344,-0.974834676727809,-0.22075636258258471,2.6944184860153655,-0.15582656425969227
2021-10-14 13:30:00,0.003955449805853339,0.015817829211134764,-0.022256960122144287,0.5848057142944071,0.03700734603950183,0.0035233162902534136,0.003575191719304909,-0.00036698715910889434,0.011050303077006005,-0.4082516691513114,-0.4222526514247436,0.27078604848835924,-0.15187111445383894
2021-10-15 13:30:00,-0.0016136301572719962,0.0034439098013161473,-0.02047616287288856,0.5823637084917279,0.03470213345646681,0.006328232121195487,-0.0014642088855285618,-0.0005781099969527596,0.011030775031140952,-0.5140066218236637,-0.4105128000582962,-0.194999806909278,-0.15348474461111095
2021-10-18 13:30:00,-0.012029984353847244,-0.005320786255768077,0.01049508239557545,0.5516812335989513,0.033802663388433386,0.004271269620681102,-0.006018296188680143,-0.0007533527256399612,0.01119035783384016,-0.6068663993139404,-0.3280612497740456,-1.0521808042709597,-0.1655147289649582
2021-10-19 13:30:00,-0.005019832165088887,8.070465211114837e-05,-0.026607486147724846,0.5817993778718585,0.033867241708896045,-0.012524930884889188,-0.011249379003347696,-0.0005138441108802443,0.0110365199491509,-0.4748012811489268,-0.3695630412553614,-0.45046764826444474,-0.17053456113004709
2021-10-20 13:30:00,0.008021233848201437,0.008435054253582264,0.002788938860747159,0.5576418410896532,0.036250293528647275,-0.00735355722969766,0.00033434425705203275,-0.00024329868378791868,0.011182490787010014,-0.32288553480836457,-0.291771283623477,0.6307501792591169,-0.16251332728184564
2021-10-21 13:30:00,-0.003467388272687309,0.0008170451497292083,0.003784601333619686,0.5539074369122926,0.0330060349354667,0.0008170451497292083,0.019281801948292283,-0.0008842577272944439,0.010968918554626953,-0.6403971189540786,-0.3589132955679393,-0.30946620915630274,-0.16598071555453295
2021-10-22 13:30:00,0.00824838626951696,0.004883053240556971,0.01622245736827499,0.5401351378726736,0.033274117833065976,-0.00019826180959222218,-0.004523163249132119,3.628402474069531e-05,0.010921728044020902,-0.16122211290816646,-0.361629875580337,0.653522476918192,-0.157732329285016
2021-10-25 13:30:00,0.0074303530528482585,0.014015197270211832,0.005882190921277786,0.48699028854509513,0.0023593244953863334,0.01832750075670042,-0.0006524230581992363,0.0008155986943790073,0.01086232459260894,0.23831511812352646,-0.36933485344295186,0.5656577605100668,-0.15030197623216773
2021-10-26 13:30:00,-0.007409009041869146,-0.004667872609026569,-4.191373051848357e-05,0.4829900601236664,-0.0005803829605511174,-0.010044431529821152,-0.01045021673389046,0.0004624331455318594,0.011015808878494562,0.06790298451984574,-0.2961645814890996,-0.6428537578909017,-0.15771098527403687
2021-10-27 13:30:00,-0.011067556661908519,-0.008780243647330654,0.008954192133182826,0.47569160234688695,-0.0021902473133271947,-0.002095665760028731,0.019965107688053707,-0.00020938680179174396,0.011299492974243836,-0.28008432007626877,-0.17569078636629415,-0.9505572403435184,-0.16877854193594538
2021-10-28 13:30:00,0.020551918904277364,0.027721530015404117,0.00612591009331559,0.4941100150403818,0.023772982941836177,0.0211415560831123,0.020583638799139603,0.0013653228409038604,0.011903416199034463,0.538783149725843,0.07049523128696741,1.630054073764486,-0.148226623031668
2021-10-29 13:30:00,-0.009067367586690992,-0.0054011429168081175,0.015506202687175091,0.48576646560267905,0.02460637187509368,0.0005415072045253195,0.0011674757460840386,0.0018559466740229527,0.01120689409784453,0.7772595279174186,-0.21974437454196122,-0.7731765139414873,-0.157293990618359
2021-11-01 13:30:00,0.02393782835685509,0.022423450594925825,0.13272880680848026,0.37299382863594926,0.027453061156418337,0.0014411064951351076,-0.04846863579916534,0.003058418782226956,0.012228341653011633,1.3574202676910032,0.1924385024896907,1.8555941286382283,-0.1333561622615039
2021-11-02 13:30:00,0.008171942731973438,0.011627632318552386,0.1251482576614215,0.3834187935387709,0.015774170916155007,0.010734238712608072,0.02103573698922693,0.0033098949133433643,0.012281759513376787,1.4512553144049618,0.20366279105201682,0.6096387861003542,-0.12518421952953046
2021-11-03 13:30:00,-0.022436687292809385,-0.01800538268342211,0.15099489314856973,0.34981707965117526,0.026665353294588315,-0.014285577210718214,-0.009716673833034983,0.0022714333096975348,0.013538512607894843,0.9294152114793113,0.7016066898813823,-1.7628270681764018,-0.14762090682233986
2021-11-04 13:30:00,-0.017085653534452277,-0.01316487448206353,0.18245939407323986,0.3125177747744911,0.019700321810948964,-0.007639388421604202,-0.014557622822782315,0.0009082354302020756,0.014062917242422056,0.2537808523421778,0.889926721578517,-1.2990091588696662,-0.16470656035679213
2021-11-05 13:30:00,0.029360365970346056,0.0332484680394031,0.2196718601811844,0.2894048465696679,0.025888128650079296,0.023787823199767834,0.02020705728570863,0.002458304238540996,0.015411065741988252,1.0326870404448047,1.3911323649515654,2.1526732378254696,-0.13534619438644607
2021-11-08 14:30:00,0.0011217393608614675,-0.0008923100067570466,0.22606772909636907,0.2851805890366331,0.01998717106344829,0.013983915019224025,-0.009989640179787429,0.0030781984524333402,0.015075221800082477,1.338594631706644,1.2147202930515788,0.04550070052405288,-0.1342244550255846
2021-11-09 14:30:00,-0.010145004366474076,-0.009374694033846165,0.21830615304410844,0.29172990859744463,0.0189728628088313,-0.014509087833257661,-0.013456974537155997,0.0022246271787911163,0.015327059887188684,0.9025670636767709,1.2803413868055813,-0.7750118741623621,-0.1443694593920587
2021-11-10 14:30:00,-0.0068280266575106155,-0.008286685710622632,0.2018018780917707,0.31125831117619285,0.021214171134178898,-0.016399757093313316,0.01814052343314765,0.000231453910506146,0.013604655108407462,-0.08546945754327093,0.54867290756073,-0.5097589647089008,-0.1511974860495693
2021-11-11 14:30:00,-0.000824813530216508,0.0003977447700081645,0.20362142085238477,0.3123039837799579,0.019662794259864568,0.006507936520527909,-0.003430276303341954,-7.55925629734634e-06,0.013577751114764506,-0.1940863602781863,0.5121570247030781,-0.07562597056154749,-0.15202229957978583
2021-11-12 14:30:00,0.0010265109454213554,0.00579692422139703,0.2018967601402652,0.3133125403018961,0.01912835786297082,0.006397023943268613,0.008223719324485328,0.00012444779883732124,0.013574148226735427,-0.1153063073468757,0.48521600901382417,0.05768598518989936,-0.15099578863436447
2021-11-15 14:30:00,0.015570405908920306,0.020408344995255383,0.23150187165562708,0.2914721610966239,0.02391253842229742,0.007205024624129457,0.012067629849221422,0.0015044673119756987,0.01367604672294954,0.5877319365416018,0.5042255211375408,1.1051970153967896,-0.13542538272544416
2021-11-16 14:30:00,0.0014876076611136475,0.003994689900495378,0.24284072811289936,0.2813409378683714,0.021510977845659713,0.00873336112664384,0.002443931727384256,0.0018298393032858255,0.013589793552756881,0.7498453233674633,0.43999213419841054,0.07528752134890136,-0.13393777506433052
2021-11-17 14:30:00,-0.009537041800516318,-0.008018055153649431,0.2388125097037565,0.2816483981401287,0.015829217808109145,-0.008910520363875666,0.007295238812028612,0.0009519255208499377,0.013735135994103519,0.31694593832006734,0.4820399564700707,-0.7217424121452299,-0.14347481686484684
2021-11-18 14:30:00,-0.0017003496218108286,0.001173699541841618,0.24423229140250463,0.27259013016857114,0.012544339547778971,0.006376194855507185,0.007114435483072852,0.0010402774533937616,0.013710874213943023,0.3658257038795883,0.4469726409880388,-0.13877552978082122,-0.14517516648665765
2021-11-19 14:30:00,-0.0020774788472047692,0.001983501931118551,0.24880130503775716,0.26460217344644416,0.009562179824866146,-0.003694695991875737,0.041006193473431186,0.0005239841975576752,0.01361926993874797,0.11076279064224268,0.3801901653583587,-0.15906423458162797,-0.14725264533386243
2021-11-22 14:30:00,0.0027626231704621315,0.002513353702758292,0.2527751378198697,0.260583380178482,0.00920258001803833,-0.0035787471706357765,-0.015229525184468629,0.00029059770343836883,0.013534419957625644,0.003537821159925998,0.3152293628125312,0.2011515707135023,-0.1444900221634003
2021-11-23 14:30:00,0.006283800882692113,0.0067907558853574175,0.2554631583076095,0.2571643407767189,0.00997904569426665,0.00575669350663303,-0.023942617901878755,0.0009752381996664318,0.013470610966357476,0.3573360661310012,0.2572625574587565,0.45632534225144866,-0.13820622128070817
2021-11-24 14:30:00,-0.0020698304716747374,4.335190223407152e-05,0.335413463729712,0.312092415888503,0.08792975499326876,-0.000546707888716654,-0.009721061059972022,0.001425124509178121,0.013194666820622605,0.6085940578560965,0.09789079318121952,-0.14872219407105722,-0.14027605175238292
2021-11-26 14:30:00,-0.008111768339303663,-0.026277005179612734,0.7298967678710856,0.45045055823288616,0.22745599931261187,-0.010647435569965169,0.013957790175443852,-8.05985300093041e-06,0.01254869070689443,-0.12422302711421357,-0.24134195738486097,-0.6440165880181452,-0.14838782009168658
2021-11-29 14:30:00,-0.010022773186663272,0.010324553812957124,0.6512967560267143,0.4511760052662541,0.24696291882759644,-0.004504664625398927,0.004567152078415923,-5.5830132999544394e-05,0.012586753515705538,-0.12023843520556667,-0.20863003037144437,-0.8046885084112931,-0.15841059327834986
2021-11-30 14:30:00,-0.009577335966307818,-0.03572041774808928,0.6941063142876767,0.44809702950799074,0.27701091035109643,-0.006495170685907957,-0.012285945564777988,-0.0017315883491576898,0.011399217495911745,-1.00254381068898,-0.7889022658592908,-0.7497244562046397,-0.16798792924465766
2021-12-01 05:00:00,-0.01412439062797887,0.037831322503350674,0.47024888689747146,0.5196355795588892,0.16264149592115093,-0.05906131539881484,0.00799761312402051,-0.002846405017155305,0.011469745849625504,-1.557410000579768,-0.7281435984575899,-1.1398475984690928,-0.18211231987263654
2021-12-01 14:30:00,0.016222230899039798,-0.03122439488809514,0.3864773143635448,0.5195869164677464,0.10472106480365445,0.055445915168717,0.008062299063387957,-0.0009134591075628463,0.011249922679316564,-0.4770142307742512,-0.8130002611642564,1.4645322974468655,-0.16589008897359675
2021-12-02 14:30:00,0.0166406294050042,0.026592790751516587,0.3921735982663539,0.5262083944219333,0.12126572324464169,0.013844296977289765,-0.0024761332962500333,0.0007728550394099778,0.011225880550157614,0.45691562689330323,-0.7975460308802642,1.4444989213404216,-0.14924945956859254
2021-12-03 14:30:00,-0.0029568535960616824,-0.007231569165429108,0.38954139456853276,0.5332769504085213,0.12436148794494944,-0.017271974799267675,0.0006848988906710263,-0.0008430059389104091,0.008999509634757258,-0.41777507644060086,-1.8436347639965365,-0.22150391059473806,-0.15220631316465422
2021-12-06 14:30:00,-0.0001595631247520296,0.011205059636042458,0.38916839674954296,0.5335401867219849,0.12743212503014006,-0.004076932560478808,-0.0036661931261416925,-0.0009070710631910838,0.008989341884581553,-0.43363871302591517,-1.766240266598416,0.009276783431733328,-0.15236587628940623
2021-12-07 14:30:00,-0.006026585635649177,0.013572814871672723,0.391991138636971,0.5138766626565326,0.1238107960183611,0.0061198555278263456,-0.00983668955290451,-0.000701150126649839,0.008812010440121924,-0.30626246732895274,-1.7728073599004013,-0.5032211729863695,-0.1583924619250554
2021-12-08 14:30:00,-0.0021178826473672654,0.0004720264875424836,0.39961461049864777,0.4941839292354924,0.10531061676256226,0.0014873840094421127,0.000646724817156515,-0.00046564292614267156,0.008701900198173806,-0.15945567559662308,-1.7548670136928015,-0.13835998369142896,-0.16051034457242266
2021-12-09 14:30:00,-0.0074231419248056325,-0.014531172931765016,0.39022770907052134,0.5098282370145134,0.10446350603183764,-0.013224231220100227,-0.006846972162705392,-0.0007955593458721276,0.00884021661449892,-0.328899624503124,-1.6337710871693931,-0.6316827008515123,-0.1679334864972283
2021-12-10 14:30:00,-0.0006272508166788524,0.007824674199526335,0.39480007430218234,0.5152091356456499,0.10909421559163186,0.0024450796890698925,0.00043289435203227276,-0.0008782474339771383,0.008830005088066388,-0.3573395302126299,-1.5877179541619955,-0.016471750889924298,-0.16856073731390717
2021-12-13 14:30:00,-0.01071393886501618,-0.012934767441227235,0.385880078412993,0.5256200638898746,0.10696418210859132,-0.02522658415484713,0.014843003754614559,-0.0021924646726739624,0.008185513832607396,-1.0625270746748412,-1.8288906653597012,-0.9171867624043634,-0.17927467617892334
2021-12-14 14:30:00,-0.0054990976116825584,-0.012622917488065174,0.38410554138283404,0.5321824104895937,0.10932396578472205,-0.00662327457972974,-0.008489919003920562,-0.002541799936313773,0.008169262943804453,-1.2186491894357379,-1.775362485565623,-0.45818388944024024,-0.1847737737906059
2021-12-15 14:30:00,-0.004327928320523023,0.014444562088178792,0.3846490460082398,0.5219835719374246,0.11330514942429239,-0.0019391258708731929,0.019316506915333043,-0.0022813442623141078,0.008016103484989413,-1.0500202920896993,-1.777275427175851,-0.3422334410339072,-0.18910170211112892
2021-12-16 14:30:00,0.01024215094411613,0.00039045804489235003,0.4020742069371993,0.4827713747306107,0.10951088052789854,-0.004700305499943713,-0.005955993895969458,-0.0016842192340177603,0.008492317264767697,-0.7017454062115162,-1.5026670053684792,0.9661443453690727,-0.1788595511670128
2021-12-17 14:30:00,-0.0022105780774742834,-0.010041810920325264,0.40203341606838106,0.4847262064072936,0.10822316054774138,0.005011654672390212,0.010318573877873197,-0.001690874195531236,0.008492693803383137,-0.6918996069112464,-1.4577284864692683,-0.16581856963988542,-0.1810701292444871
2021-12-20 14:30:00,-0.004849486848448875,-0.008585751537169931,0.3994654827241985,0.4877460327874963,0.10832892551726624,-0.009535680559644969,0.0038036348807045286,-0.002071479696476786,0.008453081334412556,-0.8818718632739844,-1.4355930394265997,-0.410592381543065,-0.18591961609293597
2021-12-21 14:30:00,0.016069003391579666,0.028358351426801837,0.3858338414630226,0.5365266946624534,0.12102364347022415,0.02979627380511803,-0.00012695947053479803,-0.0015822195710324082,0.009211308840602042,-0.6054706780070909,-1.0450527555115452,1.4353845531754477,-0.16985061270135632
2021-12-22 14:30:00,-4.313869321375882e-05,0.009025980236772849,0.387409122852196,0.5353209150105026,0.12083416021450581,0.004705057957024398,0.002606474803192574,-0.0014808849821093596,0.009216808535901623,-0.5540209500234623,-1.009057326502136,0.004030982405954387,-0.16989375139457008
2021-12-23 14:30:00,-0.005659825702634828,-0.0008034219031755052,0.3862984262384743,0.530709374227681,0.1160209261468061,-0.0006598981136064497,-0.0013502809653206382,-0.0013582878502759177,0.009139952673136094,-0.4885425178754897,-1.0128068846188698,-0.5072159043916653,-0.1755535770972049
2021-12-27 14:30:00,0.0037463728999501,0.015086299013617651,0.3825724618192078,0.5076796665350535,0.09858417386722725,0.010209547405663896,-0.006771555181233438,-0.000669830545945249,0.008969952028589927,-0.15638243252218065,-1.084852777956269,0.3094752955212759,-0.1718072041972548
2021-12-28 14:30:00,-0.0037257248572612105,-0.001300952601839415,0.38977883177858996,0.4868232185780557,0.09599698356707319,-0.010293131749382326,-0.0005881120603701644,-0.00037724999049291877,0.008757022800101507,-0.03039696527149351,-1.1726695036595942,-0.3708188773424262,-0.175532929054516
2021-12-29 14:30:00,-0.004837006190439457,-0.0017864069788112724,0.3915157387396311,0.48013287749161254,0.09566531645287496,-0.007161983268731631,0.004635485958165209,8.711923138405194e-05,0.008219413131438683,0.21482180502221487,-1.403737761292327,-0.4599889719869431,-0.18036993524495545
2021-12-30 14:30:00,0.001948870994669048,0.003133404365254111,0.396294874735699,0.48086037071408955,0.09387569768301342,-0.0005247843416688047,0.009237504195627966,-0.0006265487638344856,0.007314564214210814,-0.2681479314078045,-1.7776407238006373,0.15622602331594165,-0.1784210642502864
2021-12-31 14:30:00,0.013962095798301629,0.01378602922466817,0.4083755862937378,0.44954443395298993,0.09077032031962333,0.010280866394061302,0.011257092335139681,-0.0007604754441696142,0.006999505713241353,-0.38440524646846863,-1.851040810426121,1.2432869377421776,-0.16445896845198477
2022-01-03 14:30:00,-0.009045038331720302,0.037180259215440804,0.42485878100088814,0.3300581125624189,0.04822939385910599,0.013786843463617394,0.16915840736554502,-0.001064884680952545,0.007228689660494882,-0.6139728782636864,-1.6878632061477936,-0.8353989519579326,-0.17350400678370506
2022-01-04 14:30:00,0.017544306300354317,0.013828854385421216,0.4200932674600131,0.3130117650845856,0.04023343398518634,0.016933307300992705,-0.020774353696216198,-0.00017969120969722787,0.008343406354010575,-0.05415226152260017,-1.166608070806505,1.511770959338698,-0.15595970048335075
2022-01-05 14:30:00,-0.02053797145201131,-0.03043270464109175,0.41084725070231287,0.3525482225155364,0.05986043536559258,-0.02986688858353485,-0.030263751057112136,-0.0009052605005153344,0.009437831336130081,-0.5752075661300805,-0.6783007124806067,-1.8095066158293276,-0.17649767193536206
2022-01-06 14:30:00,0.00944392614991051,0.0059976661483869265,0.394071769254035,0.3485664322803274,0.05542527471398629,0.01633610192375412,-0.0163033758628639,-0.0003271700606514457,0.009709821362594993,-0.18485927907352248,-0.5436815003193293,0.9002807317749336,-0.16705374578545154
2022-01-07 14:30:00,-0.007086017644262408,-0.007245898502839632,0.38972805878561223,0.35158304361049525,0.050398281698334206,-0.01483001960583552,-0.020962799868488924,-0.0003103138466242845,0.00969713877578331,-0.1736657337141423,-0.5380104071098673,-0.626369867798641,-0.17413976342971396
2022-01-10 14:30:00,-0.0014511307013121704,-0.0031350491251228942,0.3909019227932685,0.35093777891811706,0.05146538969786848,0.0033980763101041,-3.757923486584014e-05,-0.00035150784085595044,0.009700305430484196,-0.20552820647153336,-0.5256658207613217,-0.10099763499365833,-0.17559089413102613
2022-01-11 14:30:00,0.007393561360013026,0.010261480559251654,0.3807249846789095,0.36141433523040484,0.05177196209899529,0.019267802025626467,-0.023753133803814087,0.0005538671703955099,0.009525684463388393,0.4181147584322754,-0.5881551657284653,0.6981043618675208,-0.16819733277101312
2022-01-12 14:30:00,0.010223807182229138,0.014056256754184279,0.38463419149380484,0.36353069470314026,0.055954638290806595,0.010882451250775768,0.012158245779898843,0.0013400124100910946,0.009647861764322934,0.944842417302784,-0.5236251523437782,0.9345435355567312,-0.15797352558878397
2022-01-13 14:30:00,-0.007324539921189725,-0.013851905825346974,0.3790390467463466,0.37518175810391174,0.0581883655422609,-0.018741217085292715,-0.008800413362955747,0.0011901818300577595,0.009763097617715209,0.8184620790317942,-0.46248341082395655,-0.6796017741645306,-0.1652980655099737
2022-01-14 14:30:00,-0.0034931053780499197,-0.0027896605982747533,0.380426561946523,0.3745181664779788,0.06167359201985642,0.004079569221183502,-0.026270546088241826,0.0005034190139494571,0.00957410322222804,0.3242871867226599,-0.5331110399308798,-0.32179387325982994,-0.16879117088802362
2022-01-18 14:30:00,-0.0007622124060557237,-0.013830802600173034,0.3789824406799517,0.3783472443004838,0.07062160167567848,-0.0018710555324618437,-0.017861251498294352,0.0005758372975203851,0.00955795824984772,0.36819198455805974,-0.528991948698825,-0.053048613009840706,-0.16955338329407935
2022-01-19 14:30:00,-0.014707917411852164,-0.01674571188997546,0.3787965056063034,0.38197396634630343,0.07601132334626401,-0.021266652698547255,-0.00948929339987285,8.291576935022058e-05,0.010091779707109118,0.032640382582379446,-0.29271029649919483,-1.3132821369262384,-0.1842613007059315
2022-01-20 14:30:00,-0.018607915623979922,-0.022987461627442845,0.3763098727166831,0.39536361730148045,0.08932444354234607,-0.024294292195956396,-0.013811714968342253,-0.0016509301814277588,0.010179194675433972,-1.144032170919897,-0.24886327349653573,-1.6255856861990625,-0.20286921632991142
2022-01-21 14:30:00,0.004158368296671698,-0.006930726628050314,0.37404236551960085,0.39132473516679644,0.09051181325585744,-0.005046003320246332,0.012846381936932622,-0.001440854831933486,0.010257178238359543,-0.9763954309667493,-0.20775456157420552,0.4265950454863825,-0.1987108480332397
2022-01-24 14:30:00,0.009612725849148445,0.008161177321445093,0.3662552607474126,0.3856029343918564,0.0737002030863151,0.017748855648989016,0.001435775445038848,-0.0006772272543443224,0.010492362615822601,-0.43114022614167513,-0.09635917365822905,0.9667696833362912,-0.18909812218409128
2022-01-25 14:30:00,-0.004792045765212539,-0.019313446161402514,0.36628392095221574,0.39164423023190703,0.08493246660203203,-0.003619759986709492,-0.058123698237926846,-0.0011041481876024543,0.01047659560856723,-0.6998025366137532,-0.09794342008307017,-0.39435660906613057,-0.1938901679493038
2022-01-26 14:30:00,0.0029256530699577586,-0.00045966894586361534,0.33775508598103715,0.4152983825688823,0.09540822243874436,0.007735811346953521,0.0012246781142342862,-0.0007715792912415058,0.010494551588644143,-0.4410119399664394,-0.07797252130488405,0.3841158812206697,-0.19096451487934604
2022-01-27 14:30:00,-0.008404659209860225,-0.00993034242905629,0.3334780149903776,0.41841643460162803,0.10126076480289198,-0.018794652806333932,-0.020820093429222496,-0.0009499619422125443,0.010597110960951133,-0.5492526489812013,-0.02136301388597035,-0.7105086183412561,-0.19936917408920626
2022-01-28 14:30:00,-0.0034512295588536024,0.013893991966168917,0.32440838878793665,0.42684449480250863,0.09964534077197636,0.0018315884069397548,0.018142267424739678,-0.0012199669698886768,0.010588155017083954,-0.7333280534426697,-0.0038880943286701748,-0.26087030991745275,-0.20282040364805987
2022-01-31 14:30:00,-0.00022000040119567535,0.020135930840625187,0.3146069877853988,0.4391493967190584,0.11142804787925727,0.001154251640531772,0.01571740197618558,-0.001929071779863542,0.009975020953047102,-1.2513030922135058,-0.24972082862219455,0.04424225922208602,-0.20304040404925555
2022-02-01 14:30:00,-0.05106997135582354,-0.03287828653228216,0.33960960948788027,0.31916064664820515,0.10469379115562788,-0.038766798133503,-0.00014945727538436676,-0.004030318431068704,0.014808258895210914,-2.751585840420394,1.9529191103450656,-4.564370614413672,-0.2541103754050791
2022-02-02 14:30:00,0.008785838975550667,0.015538679574697086,0.349160159068461,0.31886793967307264,0.12198779713298281,0.0007575943691443179,0.012316304089698157,-0.004468241797308886,0.014255857557915221,-2.9514897593390645,1.7284300184449464,0.9815175333355062,-0.24532453642952842
2022-02-03 14:30:00,-0.0070000891646046955,-0.022817350514110896,0.3490314577289978,0.3271307311754924,0.13973124471753823,-0.018346866026488013,-0.01332685563872123,-0.003791347682938556,0.01376565204182321,-2.340661238049451,1.5502579895991926,-0.481354732090001,-0.2523246255941331
2022-02-04 14:30:00,-0.017516409933901557,-0.017689660548160086,0.36428052259505994,0.31244981781521386,0.14659467106886828,-0.009722004316325934,-0.03331484249929202,-0.005139364487129159,0.013721347603123627,-3.0279635364522854,1.5263059479272933,-1.4157712012473747,-0.2698410355280347
2022-02-07 14:30:00,0.0010542857261111225,-0.0032318340311629687,0.36553402317455014,0.31156174709226797,0.14746793476666128,-0.0017715456870210553,-0.016003996665837367,-0.004732349318610483,0.013781167237958232,-2.543178988695061,1.5491027356042943,0.2732150258656515,-0.2687867498019236
2022-02-08 14:30:00,0.016052865707270672,0.018835113340188354,0.3631572357189682,0.3167032369364281,0.1520351387644952,0.01810396524355536,0.04033124007690132,-0.0038571494981813406,0.014535673199544049,-1.8743578786375084,1.872258656638588,1.5819494039688844,-0.2527338840946529
2022-02-09 14:30:00,0.020497726160655098,0.02816920977047177,0.349021265185265,0.3358976516721512,0.16304447386598214,0.023785207267114084,0.019821414149881367,-0.0032019412581492366,0.015342451647739886,-1.4121362892302949,2.181343914451647,1.9455560064573443,-0.23223615793399782
2022-02-10 14:30:00,-0.0034264184785846516,-0.021119289563321503,0.3542957592568033,0.33616380687929615,0.17119556408272063,0.004197256201518711,-0.01487403719328258,-0.0038844525411899263,0.015013868789450895,-1.7878836096348507,1.9850432167623873,-0.15237753480483326,-0.23566257641258248
2022-02-11 14:30:00,-0.010520484306105029,-0.022561161622208375,0.3488097965245086,0.3491780641827669,0.1819570367251239,-0.023158412443371284,-0.05164625339587929,-0.004044249760435692,0.015069315071725025,-1.8107459343131562,1.9663163301433504,-0.7745811693031658,-0.2461830607186875
2022-02-14 14:30:00,0.002297349651803066,-0.0013700647104403958,0.3478934617912387,0.3493747853012385,0.1802930520638085,0.007133611176266689,0.02220633907042539,-0.0037547270089430423,0.015135939336541625,-1.5705993040443178,1.950774533136764,0.3463229029666581,-0.24388571106688445
2022-02-15 14:30:00,0.021400233122684513,0.028322946298067937,0.33323505298808437,0.3711872386844548,0.19253958136536484,0.03298748448763163,0.03879561610177036,-0.0026466047325060297,0.016144242428762504,-0.8467865820174456,2.2901827298507413,1.9253989247221122,-0.22248547794419993
2022-02-16 14:30:00,0.008984606047575833,0.008947929451794531,0.3314703272532874,0.3736240424131589,0.19251743492144113,0.006680277024546951,0.0008630451537562003,-0.0014619785595346303,0.01608176104136938,-0.08326419124272957,2.1799669676843463,0.8567615002546421,-0.2135008718966241
2022-02-17 14:30:00,-0.013335834443943513,-0.02582141474558645,0.32437755434342086,0.39016015913952407,0.20425932412379488,-0.026424617787326226,-0.024217445158401223,-0.0011983745005328097,0.015827114109038126,0.10918370810552237,2.0102841743732442,-0.997262609186567,-0.2268367063405676
2022-02-18 14:30:00,0.004862524844988778,-0.001142569292712799,0.32457186021497497,0.3884010205930269,0.20471856464393287,0.00066627802555345,0.004991588220802183,-0.0011631666731169558,0.01584043509345404,0.1645412369230451,1.9477148508301148,0.5222048819076994,-0.22197418149557882
2022-02-22 14:30:00,-0.006696922331004743,-0.0117748153697389,0.3170930690975232,0.38510633341698264,0.19460110241837736,-0.010717753340157232,0.004389870935221363,-0.001978649082124615,0.01567544283919151,-0.35898031703673955,1.817860773899465,-0.4500673321774706,-0.22867110382658357
2022-02-23 14:30:00,-0.0035062718867056274,-0.019771860712470685,0.31965808050661193,0.38841968399679583,0.207404367014012,-0.0028405751884022674,-0.030078040867328976,-0.0019143603881992695,0.015665930895625537,-0.29712425702464484,1.7535130826929957,-0.1920421461616424,-0.2321773757132892
2022-02-24 14:30:00,0.03482675025753959,0.05149495766200266,0.28747312432283545,0.42554430489473666,0.19843046461204952,0.043498428265744606,0.05933038427394769,-0.00031930552882017784,0.01767931575661898,0.7597539842512071,2.3341090588010855,2.7845280776981305,-0.1973506254557496
2022-02-25 14:30:00,-0.00364231684587466,0.010206864799219248,0.23219252764172837,0.43612657261777593,0.3318972235513039,-0.02076192394224189,-0.01616769835701074,-8.11884106208997e-05,0.017596562720044385,0.8894098889042624,2.175745634417836,-0.2648631839841231,-0.20099294230162426
2022-02-28 14:30:00,0.013896062409593728,0.016619620235726124,0.2655923773769061,0.43168869664334775,0.47020416374352636,0.011440739040503873,-0.008060991107239051,0.0007861761878014668,0.017847454938519417,1.4289022040941137,2.13382887418762,1.1385745435650891,-0.18709687989203053
2022-03-01 05:00:00,0.0015782336942021524,0.0477223794772097,0.25325331276805296,0.4322878890940833,0.18842604838420052,-0.05573014764809958,-0.04566359164220013,0.0008760878925713582,0.017846648792507754,1.4846882863308093,2.02287777161374,0.17719654135154436,-0.18551864619782837
2022-03-01 14:30:00,-0.007935174632380353,-0.06521948694813066,0.3100653133872081,0.4268608664534087,0.12750213259342666,0.03640518382393139,0.01099009522975232,0.003032827728743518,0.013254134073576472,2.68400585588042,0.5835253453929252,-0.5868163464121522,-0.19345382083020873
2022-03-02 14:30:00,0.012504973672856823,0.023179048160720212,0.31057469291145223,0.43125484503317923,0.1378730544854091,0.011001993384852932,0.0003149477671327734,0.003218784463608826,0.013364726045201251,2.593160834180458,0.5961342078768842,1.0411947919742812,-0.1809488471573519
2022-03-03 14:30:00,0.009521814095859706,0.008973752531263868,0.3219625835545439,0.42338712538020346,0.13481317897905187,-0.008631787434486116,0.006230641173257556,0.004044879626632045,0.013209558506807348,2.8154749516275204,0.5271267400810126,0.7783809241820308,-0.1714270330614922
2022-03-04 14:30:00,-0.012647447363529952,-0.012618343224982639,0.30369948873533437,0.4366367453970841,0.1267840820875819,-0.03467744310180151,-0.04147513320405457,0.004288327755150626,0.012830710518862838,2.7165955882672126,0.3900615943817377,-0.971632857659644,-0.18407448042502217
2022-03-07 14:30:00,-0.0022032286959205,-0.014642750606888319,0.3019235015788019,0.436698647390293,0.1293852373622417,-0.02762034119126263,-0.029397499624870115,0.004125452034049045,0.012894442342709337,2.454833310281714,0.39083035272603645,-0.15082032962407618,-0.18627770912094266
2022-03-08 14:30:00,0.03833157686053314,0.03248024764389501,0.27268828628227976,0.44459371679009807,0.13235395930822438,0.047937658648858905,0.016761150271247693,0.005239387591712168,0.014800506665296056,2.742403018192112,0.9570444954482822,2.8069501124562817,-0.14794613226040954
2022-03-09 14:30:00,-0.0008973830071411226,0.013374438980044904,0.2821554075777467,0.4360337524209071,0.13383437054674535,0.02044667627213096,0.04393952808246119,0.004169632133322357,0.01440760120309917,2.134407630940604,0.8055025734584709,-0.1043767174891801,-0.14884351526755066
2022-03-10 14:30:00,0.007053892423382457,0.004975581801557956,0.2844056125347847,0.43128818556868054,0.12996515248681395,-0.001719961527368234,-0.02562183270783173,0.004693647678420712,0.014307023675942157,2.218697593136183,0.7466937295520126,0.47086167546926394,-0.1417896228441682
2022-03-11 14:30:00,0.008981232653353346,0.00013422112978474696,0.2861107716954527,0.42648794365660897,0.12509836728273105,0.003530503199388931,0.008137577379670987,0.0056687335263936305,0.01387353657995526,2.441034934703362,0.5842830827448287,0.596465575944605,-0.13280839019081486
2022-03-14 13:30:00,0.008991979615820331,0.0013991648093174547,0.2823451865490663,0.429461323472269,0.12558174800000274,0.002535137511750052,0.0313274688767331,0.006003465024594494,0.01386867382438236,2.3981789768640427,0.5587962590312879,0.599415035922503,-0.12381641057499453
2022-03-15 13:30:00,-0.017192361960709474,0.00019723414046842377,0.28017647015273195,0.4159633683445578,0.1273616157780696,-0.012595766819220847,0.036817042000362364,0.004073835270424795,0.014292026966104517,1.6071117382447944,0.6700982271402112,-1.3067845486079008,-0.14100877253570399
2022-03-16 13:30:00,-0.0016924406682840443,0.01389667776276493,0.2825587733404051,0.41211330706488414,0.1302236788572275,0.01572078403342525,0.01849126054992678,0.003539982934631801,0.01429834911973056,1.360114907121067,0.6466179459922203,-0.17673679947809182,-0.14270121320398804
2022-03-17 13:30:00,-9.144901085162988e-05,0.006455252107938884,0.2928975846766701,0.398111293437367,0.1139014486263129,0.002237375124439149,-0.027954967884101085,0.004202202206286395,0.013772658578252118,1.5357582977261564,0.4516367231475075,-0.04017206966878861,-0.14279266221483966
2022-03-18 13:30:00,-0.000269373132811555,0.005799242510919307,0.29333655933592573,0.3971204294983163,0.11728557029437041,0.014340120564710086,0.006745901576952725,0.003945607307396378,0.013807470333372459,1.3916065067432797,0.441358655314728,-0.053069470877826264,-0.14306203534765122
2022-03-21 13:30:00,-0.0019035597950799012,-0.0005751894603763796,0.2919179042696542,0.39851461971887914,0.11915803283102262,-0.007257018988441444,-0.04088664754891702,0.00418527543419262,0.013653761782786718,1.4204016624320435,0.368294192533073,-0.17900129615948532,-0.1449655951427311
2022-03-22 13:30:00,0.0018771639240766583,0.010492684061217247,0.2921174046161731,0.396734995448542,0.11596937158279914,0.009080447964989377,0.01784849888306502,0.004454447224731735,0.01354679495032667,1.4570249716367543,0.3100559200275603,0.10377138666873073,-0.14308843121865444
2022-03-23 13:30:00,-0.011103797548380725,-0.01620007597621716,0.29019285391557925,0.40114975917569173,0.12196584865743043,-0.017610259305555227,-0.03340253395493693,0.0021579198344357188,0.011922775292676534,0.6643242189656265,-0.2676936576542382,-0.8457559711953352,-0.15419222876703517
2022-03-24 13:30:00,0.0019022363963255469,0.014174626356233158,0.2909991629837641,0.4017775941081583,0.12526870561892198,0.0038943080696333485,0.011702659559333176,0.0024351474965457294,0.011845017535375322,0.7409730973375352,-0.32218204719763954,0.10597653796293144,-0.15228999237070961
2022-03-25 13:30:00,0.0124128532190695,0.016912806621068716,0.29856382743596366,0.39867014469720924,0.13141614028278747,0.002416009996485908,-0.005018428031060045,0.0023609870370195182,0.01177391499799371,0.6969862235713334,-0.385816256586859,0.8641980952124955,-0.13987713915164013
2022-03-28 13:30:00,0.00017335995641074714,0.008566466292127354,0.29529991013992885,0.4024733460319787,0.1283505536382394,0.002108530719391469,0.03332844676103567,0.002290743350129948,0.011783017974491952,0.6547875853973518,-0.42813694323707213,-0.017710778034048122,-0.1397037791952294
2022-03-29 13:30:00,-0.0056655371973887035,0.005097165916264561,0.27990617086035674,0.4496824446366867,0.14102987498316252,-0.004185912979661828,0.007701364363093914,0.0024042252218795307,0.011689910580042245,0.6719440340036279,-0.5117955435099425,-0.45527038714557355,-0.1453693163926181
2022-03-30 13:30:00,-0.007909890320259941,-0.010801949879282438,0.27437383385701997,0.4631110062300731,0.14474549947901058,-0.019053064051924452,-0.02242066013861147,0.0013834820222236922,0.01165274691937281,0.3238091602542853,-0.5634841693688923,-0.5968544084904044,-0.15327920671287804
2022-03-31 13:30:00,-0.0015492654204763015,-0.007156296612702969,0.2831589085890431,0.44365532428980387,0.1318749558980885,-0.006082926286906283,0.006394005868660828,0.0008299280464068917,0.011507855036111861,0.13051562424722976,-0.6462503818258101,-0.14635786926538522,-0.15482847213335435
2022-04-01 13:30:00,-0.034348394822136516,0.023810199016924532,0.3075491985677126,0.26056573149916756,0.05892804043897737,-0.0356900566602439,-0.0016053557035356665,-0.00025511932652343643,0.01366615492641775,-0.23088299787639807,0.22187292656243285,-2.472560290736783,-0.18917686695549085
2022-04-04 13:30:00,-0.006196302920662796,-0.003974326526180942,0.31601992694588255,0.25344671960912935,0.06474282454689285,0.0037076551948435803,-0.005272147458331082,-0.00045477303776055125,0.013725154239915835,-0.29644390378177343,0.22240337764154994,-0.42534151078182336,-0.19537316987615364
2022-04-05 13:30:00,-0.004950736597132983,-0.009345678104777858,0.31242917177594093,0.25719800764843553,0.06218748256990556,-0.01561880343007375,0.006335985353149906,-0.002618888710643857,0.010263328013297143,-0.9957240533829471,-1.2691444281163298,-0.33012267759466735,-0.20032390647328663
2022-04-06 13:30:00,9.397511153114637e-05,0.00019054795130812874,0.3205386372377345,0.2516192137180468,0.0569199145944958,-0.019706024667522803,-0.005734242265971745,-0.0025693208047102437,0.010274467702812403,-0.9546256728122919,-1.279734371699267,0.04579523999732476,-0.2002299313617555
2022-04-07 13:30:00,0.012589138106040907,0.011589309375927023,0.31762836317250887,0.25240870944749294,0.05399877177106761,0.0140601294422353,-0.0014999736744811063,-0.002292558520577321,0.010616198500463912,-0.839815061615821,-1.1496608098902001,0.9518945279188827,-0.1876407932557146
2022-04-08 13:30:00,0.010854697237089773,0.008096409088086842,0.3262206946323323,0.24149530715702833,0.05187997658160123,0.004706620369949732,-0.019422732810194354,-0.0021988852913905,0.01072858016424153,-0.7872630219404916,-1.1181012505708614,0.8009128442366069,-0.17678609601862483
2022-04-11 13:30:00,-0.005220286379536138,-0.016005448672391176,0.32692923881868413,0.24377424230933264,0.05870746339143934,-0.0023621348114709617,0.01404614152507111,-0.002909498591158323,0.010414413585831912,-0.9907723056686303,-1.2747493533803047,-0.3623008564910315,-0.18200638239816097
2022-04-12 13:30:00,-0.0001951562669696721,-0.00047281998222659105,0.32626119191036196,0.24244196761891218,0.05364845894668579,-0.004293178343954596,-0.017066117925266022,-0.002059638306471333,0.009866643471681683,-0.700580727520907,-1.5269714693782546,0.0011337428180277337,-0.18220153866513064
2022-04-13 13:30:00,-0.003001649394471408,0.0008247791106669178,0.3327771859521591,0.2351581156792921,0.04962597611183255,0.0027934905672174493,-0.014094842099515392,-0.0021250987427807013,0.00986842189687118,-0.7066957965194892,-1.5207125546436444,-0.218361673177393,-0.18520318805960204
2022-04-14 13:30:00,0.004665129910723627,-0.00016240908432452184,0.33879134465671296,0.22472806277026533,0.03797881128061073,-0.0006882670969575733,-0.003429080327996936,-0.0018872697967019386,0.00997673474096801,-0.6291544942456432,-1.4676450626045403,0.318786540167325,-0.1805380581488784
2022-04-18 13:30:00,0.017233218960503824,0.016056703627924513,0.33277189183266725,0.226317937868861,0.038842683789113375,0.021444884425725525,0.0014040485227929285,-0.0010121401920361694,0.010855093274445381,-0.35302997897020705,-1.0867491299366436,1.2207451323208376,-0.16330483918837457
2022-04-19 13:30:00,0.01033922202949639,0.01804970655392805,0.3367749060261192,0.2280693643584165,0.04224874052474952,0.011575019673843372,0.02619594287837627,-0.0004000011008073552,0.011143542996959965,-0.15938513703323753,-0.9677064997847546,0.7137504104579686,-0.1529656171588782
2022-04-20 13:30:00,0.024262816876866888,0.025026609842477548,0.34656104145542227,0.21145669528695593,0.03725882769690785,0.01688683036170106,0.021169141742866254,0.0007192815468321564,0.012433836891660666,0.18807027102249405,-0.4063338092767207,1.660280303936971,-0.1287028002820113
2022-04-21 13:30:00,-0.025749630659676753,-0.03572620644601284,0.36044667348149506,0.21756073628194111,0.04339564665592621,-0.0191872143843946,-0.003992241699616615,-1.3010108732645042e-05,0.013548157361307057,-0.049771433497927835,0.0798865794096468,-1.8329979932345715,-0.15445243094168806
2022-04-22 13:30:00,-0.014750957359739993,-0.026328401196267892,0.3720244806928647,0.21804930194201683,0.05432763187223125,-0.009511845095362848,-0.0018756337317074046,-0.000845669796535922,0.013930601050116285,-0.31638244425917067,0.23442696844159694,-1.0541407750524265,-0.16920338830142806
2022-04-25 13:30:00,-0.0022778929310765914,-0.0017603770564926051,0.37378384675455767,0.21576186268156222,0.05022808075972127,0.0051083108979270335,0.03131066377680344,-0.0015802071040432266,0.013577541821082983,-0.5486319556129692,0.046055606994238635,-0.19357667609799528,-0.17148128123250464
2022-04-26 13:30:00,-0.006984664563465352,-0.018867303858236983,0.37147076269571133,0.2185977845386664,0.05240545933266433,-0.008832177032148447,-0.020224721214362695,-0.0019381083300370316,0.013623150755058034,-0.6628071061282234,0.03978204677805441,-0.5100229448527459,-0.17846594579597
2022-04-27 13:30:00,0.007124537093641555,0.006285213728377204,0.32844188130408397,0.2834595308452324,0.049120079599328154,0.011079843913691989,-0.008353019470820455,-0.001298604615485519,0.013738675737726268,-0.47964870357143347,0.10527360559089712,0.4471465971409786,-0.17134140870232845
2022-04-28 13:30:00,-0.0032684098702172107,0.011256495262230567,0.32594397206151693,0.2812660056506024,0.048084632422470824,0.00010718971165009882,-0.019066789404758845,-0.001066530592983382,0.013660097241956392,-0.4307234853304205,0.07170098419656139,-0.34675169917258963,-0.17460981857254565
2022-04-29 13:30:00,0.004756800764813364,-0.015927626273695556,0.32880277015370235,0.26713404447562533,0.03997909116766025,0.01402042324506107,0.009743401549844138,-0.000751227283718899,0.013721010988121271,-0.3485043362258655,0.10195962797022344,0.2645007608757236,-0.1698530178077323
2022-05-02 13:30:00,-0.016183601047490035,-0.025593503220527076,0.36625640960072586,0.24558443077554598,0.02508019035883745,0.025530032422787435,0.09883301914294589,0.0001570124050134252,0.011854262424441986,-0.07659446009574143,-0.7945035675386721,-1.3782954169044144,-0.18603661885522232
2022-05-03 13:30:00,0.012610928802037298,0.01571505249830422,0.3678386349362482,0.244564871205472,0.02708622427823777,0.01188672298288666,-0.012313527205483139,0.0010973739911484298,0.012067784505747933,0.21948353322583147,-0.6738243004452357,0.8585877291600278,-0.17342569005318503
2022-05-04 13:30:00,0.005021188099310899,0.02282097039505822,0.37190082739430363,0.24330696861677942,0.03262428442426878,0.0005046103044171364,-0.01871305172115349,0.001595970225970624,0.012010613170783982,0.3708115678531521,-0.6800644837642694,0.2845994079362794,-0.16840450195387413
2022-05-05 13:30:00,0.0036688592903744432,-0.010801652297759349,0.37709892559292213,0.23074093483731498,0.021891504729700233,-0.0005779080780356303,0.004244298246324959,0.0017747144349127887,0.012013684381463326,0.41136590242135873,-0.6542056934427332,0.20417332982988798,-0.1647356426634997
2022-05-06 13:30:00,0.002645215938647771,0.004057278271979363,0.37312064144283347,0.22871340055342967,-0.00044960180243656483,-0.003898993414627923,-0.02574913454636592,0.001277518326543132,0.011745336297434223,0.2027482772581051,-0.7589497676237323,0.11401061641509734,-0.1620904267248519
2022-05-09 13:30:00,-0.039944027856308933,-0.05166062822913412,0.3704290669498247,0.24831597541446607,0.0012564921621649645,-0.04418288623823311,0.031069777898480165,-0.0012624179281268033,0.01468901050073139,-0.7845322296214601,0.681428185492084,-3.0232376659815485,-0.20203445458116084
2022-05-10 13:30:00,-0.004527514232010277,-0.005402985592008321,0.37401660492177086,0.24603156928149514,-0.001851347933910415,0.006736306617591318,-0.014475000112811515,-0.0012277793207505102,0.014680000170037818,-0.8042776576690291,0.6827799536106909,-0.38226750836460843,-0.20656196881317113
2022-05-11 13:30:00,-0.007462981011694143,-0.011569564685921963,0.38345067953638884,0.23643763776549953,-0.011999912116751721,-0.01877301692237965,-0.02498957839739968,-0.0015911705579867337,0.014742912767948504,-0.961369437961052,0.7342281637997021,-0.5747640292944158,-0.21402494982486528
2022-05-12 13:30:00,-0.0029050583649690544,-0.0073885920407729495,0.3844870285300847,0.23617098861569727,-0.018358339372755873,0.0027085166209188287,-0.011631494211321296,-0.0015863410065116161,0.01474244221165054,-0.9578979817205018,0.7542481016341908,-0.21601202911626988,-0.21693000818983432
2022-05-13 13:30:00,0.013062969810243108,0.02681052195356141,0.3905436464729361,0.23225563134606653,-0.02861274771151893,0.014910456280058975,-0.007372119399019567,-0.0011664490115356418,0.015046327892530367,-0.7925119532989906,0.9203364253703461,0.9625232196784719,-0.20386703837959122
2022-05-16 13:30:00,5.774187290779394e-05,-0.0009721494220508534,0.39046934157635727,0.23263482057982268,-0.030117440036802168,-0.004052101195523387,-0.027340054263795748,-0.002025222865915443,0.014417914093096207,-1.1196821576154723,0.6215106534617417,-0.018616417534961925,-0.20380929650668342
2022-05-17 13:30:00,0.007413238846947771,0.018253948299242984,0.39072583160840646,0.23383358224556644,-0.026040208722439746,0.007926283565480752,0.006675200410924287,-0.0021715220250428744,0.014300212884275578,-1.1741429281347975,0.5793352522792956,0.5224555058435071,-0.19639605765973564
2022-05-18 13:30:00,-0.01027362635122753,-0.02512778171633075,0.38501867510505783,0.241150285732731,-0.01974858414854269,-0.015458372256922332,0.0005071266777886656,-0.003898344186447595,0.012962815662228502,-1.803854663949007,-0.09168218703958878,-0.8090575465550305,-0.20666968401096317
2022-05-19 13:30:00,0.020514174645066125,0.018924515373489603,0.3934936951030463,0.2145227812232472,-0.04203195531889512,0.021016835948318158,0.02259584860345898,-0.0015851539212104512,0.012986090897299433,-0.9008742358765196,-0.04035668417235601,1.5991093109067893,-0.18615550936589703
2022-05-20 13:30:00,-0.01778517322921805,-0.017172344458661892,0.3970489203345749,0.2156146621509427,-0.0391051244402821,-0.019967813067526596,-0.021471096251437394,-0.001736864714684354,0.013164494715484235,-0.9419437230068085,0.10518596320471363,-1.373444872186969,-0.20394068259511508
2022-05-23 13:30:00,0.014641832624003526,0.02323461110792276,0.39817049565150076,0.21852672306479942,-0.0296012750302214,0.011246885902000143,-0.00318116506683001,-0.0008908784369303481,0.013662144511684142,-0.6078797576657133,0.47133859454949256,1.1354459758879278,-0.18929884997111154
2022-05-24 13:30:00,-0.014919989763615332,-0.011868997499380937,0.395213778941199,0.22780466794391524,0.08908322232939625,-0.031841506524879236,-0.015681745152310876,-0.0012876446969378474,0.013960400624743897,-0.7410128793373174,0.7635969984377171,-1.117927791537116,-0.20421883973472688
2022-05-25 13:30:00,0.012010607757950795,0.015779338554594124,0.28773957227618424,0.24049914751400617,0.15827838639618827,0.01645482449503255,-0.004873312071801861,-0.0010433411637223852,0.014156731629219274,-0.6254481634640533,0.8829292156851367,0.9136041817136912,-0.19220823197677608
2022-05-26 13:30:00,0.001885134028630147,0.009691205522405063,0.2765428454875409,0.23922871037459548,0.1493444237023814,0.006853559860951449,-0.0013568298745766736,-0.0007856639687800175,0.014161001011824034,-0.5058642391378929,0.8718859071436359,0.15674300107533723,-0.19032309794814595
2022-05-27 13:30:00,0.008785480915843503,0.02150175989078873,0.2695908587470558,0.24753248067881164,0.16144210854417854,0.005869901306604586,0.0032136739498125344,-0.0005842299612285103,0.01427220602092736,-0.4054956516836152,0.9288890080479543,0.6879876397184226,-0.18153761703230245
2022-05-31 13:30:00,-0.00972026241821773,-0.014320136394070074,0.32325395019811315,0.23229954696826588,0.17063112999218485,-0.0005213693250203742,0.0007028076551286091,-0.00026106302976489526,0.013970381079887972,-0.2561447689224198,0.7091688053664941,-0.7400626918339017,-0.19125787945052017
2022-06-01 04:00:00,0.006939212706846543,-0.02715367481549928,0.3264258140791135,0.2125418465742497,0.11788694129815928,0.021800774190044742,0.14358101630156292,-0.0005446488345244331,0.013751185176903987,-0.34318537796445253,0.5507488005689556,0.531217770377292,-0.18431866674367361
2022-06-01 13:30:00,-0.008139828017408497,0.027349753663069503,0.35995019901408204,0.19541025579227495,0.0752233387804241,-0.022426694527322894,-0.19817408024559144,-0.001202699640360403,0.013785679775166803,-0.5819518381367511,0.5915320356122992,-0.6150105117665727,-0.19245849476108212
2022-06-02 13:30:00,0.013961506005049229,0.02186282270034079,0.37324226686143974,0.19206257878860056,0.08086693090939652,0.015124745027457642,0.02502251890895435,-0.0006880673046266634,0.014164036162847185,-0.3434147422190848,0.8529665531391829,1.1870590610127023,-0.1784969887560329
2022-06-03 13:30:00,0.015717491244729206,0.009394748814905466,0.3733466871256251,0.18656146238871743,0.07906853195136586,0.014213401700744291,-0.003849699010315252,-3.445353932259171e-05,0.014620220034126066,-0.034793297504350874,1.1550502653949009,1.3042373028515317,-0.1627794975113037
2022-06-06 13:30:00,0.013768908423508761,0.016537359238353755,0.3761264955717817,0.18748880683587377,0.08526540638840362,0.012098960744142184,0.01765446775177959,0.002651193274668293,0.01150462274640036,1.2115274207415974,-0.9240523488112555,1.1325333642408555,-0.14901058908779494
2022-06-07 13:30:00,0.022129887583417943,0.026811306771670724,0.38036384299590253,0.18954550529481154,0.09948869085073815,0.020785657599827163,-0.0030510923941641614,0.003984063365439704,0.012154975985887799,1.9040337814194077,-0.46707690756118103,1.7499326859942927,-0.126880701504377
2022-06-08 13:30:00,-0.008660184085847893,-0.017050137336815707,0.3987993887854396,0.18970764778811106,0.10755082998165437,0.002515891327341757,-0.01922218815128196,0.003924203211732017,0.012217105969241727,1.8812041173993317,-0.4044919975903301,-0.6986104550544943,-0.1355408855902249
2022-06-09 13:30:00,0.0022339563363976377,-0.011698813199238637,0.40485277378257667,0.18331693619601314,0.10796493278597587,0.012330587401553758,0.010408087796004958,0.004181153946800352,0.012119565595440432,1.9792571113669026,-0.44936221916307245,0.1658256316127466,-0.13330692925382726
2022-06-10 13:30:00,-0.023321054685498298,-0.033069126136065906,0.39616137077001995,0.19806957421419694,0.13178382912456357,-0.025418544643725248,-0.016114421867006033,0.002361952722013281,0.013381228995005079,1.1658063383317847,0.42089448904309923,-1.7914783062983541,-0.15662798393932556
2022-06-13 13:30:00,-0.008972572558174456,-0.03766743633633355,0.4314347681257874,0.19095198420017018,0.1504852536195239,0.00830953881767734,0.01452514817771463,0.0019104370004591684,0.013613409112598071,0.9889322005608983,0.5835063619826624,-0.6644518837629301,-0.16560055649750002
2022-06-14 13:30:00,-0.008308286882472229,-0.019493636163582535,0.4531091911946643,0.1829876014528687,0.15783486433120153,0.00577816809974711,-0.021396714508744658,0.0011243607139881683,0.013732321490294406,0.6496510057059001,0.6640436506979623,-0.6030331946093508,-0.17390884337997226
2022-06-15 13:30:00,0.0032613907885989226,0.010628989707494485,0.4553175687494636,0.18157380740940154,0.1572149627894104,0.004147167571225685,0.03270882301401046,0.001801111570979491,0.013472094688642865,1.0601929027278092,0.48615303977856933,0.28658184502939316,-0.17064745259137334
2022-06-16 13:30:00,-0.034258219687207624,-0.051585555936970895,0.47732649243618075,0.19004318361497652,0.19509010140061145,-0.03226538482343633,0.004738738532219622,-0.0009375081456341963,0.014953516137867565,-0.3748530371747919,1.4480377641684203,-2.450948362024319,-0.20490567227858097
2022-06-17 13:30:00,-0.002830539738905851,-0.005596390218419067,0.47890290072446007,0.18719680009529535,0.19203994313272899,0.0037194402481057764,0.04907283914923344,-0.0001897764711185864,0.01443151330564084,0.05271107638028198,1.058819960187696,-0.13986847348697323,-0.20773621201748682
2022-06-21 13:30:00,0.011940065156023154,0.025295792779112647,0.47583803164339533,0.1925079911539918,0.19547791583910165,0.006260790029995578,-0.026509821253822174,-0.00032486484451760495,0.014297394686672562,0.003187805770010494,0.937362918212344,0.9449109379771945,-0.19579614686146365
2022-06-22 13:30:00,-0.005641140250905604,-0.0017012631066832817,0.4692948983029949,0.19417016199412002,0.19408076619482925,-0.012222973406411208,0.03833004706476428,0.00013907763111788138,0.013945070176045588,0.28785630936371726,0.6772510682056615,-0.33826094806399565,-0.20143728711236925
2022-06-23 13:30:00,0.0038907208075204,0.017372325351143896,0.4764288150438501,0.1929872454982978,0.2029795804901006,-0.006167635175448567,0.05443964166519337,-0.0002669167164036384,0.013697252188608074,0.08382951302853954,0.4902072091001583,0.3491032492053913,-0.19754656630484885
2022-06-24 13:30:00,0.012136179398731815,0.027100990967219223,0.4958930158760759,0.19014261730955292,0.20813306074322013,0.0097046760756682,0.013939278061150178,0.000245635552101445,0.01397108085921799,0.39640065716177475,0.650961310659144,0.9245438857574595,-0.18541038690611703
2022-06-27 13:30:00,0.008506715799177491,0.011298958740725062,0.505736634814497,0.18508658924521235,0.21262223278961856,0.003184042604149173,-0.018034922091941352,0.00023169729626814438,0.013962248932170122,0.3954078094572111,0.6207929261550805,0.6452083166323468,-0.17690367110693953
2022-06-28 13:30:00,-0.014029826182733322,-0.024331374572995057,0.5152504014840975,0.2994445278724876,0.29025108313565146,-0.020594343451521335,-0.051336129487769555,1.6219108042364767e-05,0.01415583279898797,0.26574234254574397,0.7445559672069406,-1.0654664944342735,-0.19093349728967285
2022-06-29 13:30:00,-0.023243261193617082,-0.02212941487972553,0.5051452992122919,0.30418302626418814,0.29560544770013514,-0.022850643883251198,0.012622111036971084,-0.0014929045869808166,0.014964679361437014,-0.6101922738976133,1.263792657098446,-1.7040130926597912,-0.21417675848328993
2022-06-30 13:30:00,0.008902901246243454,0.01182929587103639,0.5254792630165455,0.2929922736623451,0.29107077777684853,0.0007281282625632626,0.03291085732091067,-0.000640768123798219,0.015051244739951059,-0.13150383653684034,1.2902261144905827,0.6658676261097235,-0.20527385723704647
2022-07-01 13:30:00,-0.011366015471228813,-0.058836682014484665,0.5263055357573286,0.3142991401732431,0.28992926294293686,-0.030439132261587898,0.01563403281861231,-0.001907144197612121,0.014821729691551874,-0.8978792549697415,1.1081306185149618,-0.8172721746274353,-0.21663987270827528
2022-07-05 13:30:00,-0.009268133517076121,-0.022998132129203947,0.5616192106965865,0.2972700113878007,0.28106468298980286,0.011100495180684716,0.01668213294560676,-0.0031564254357023874,0.014301880750424914,-1.6182868119457923,0.7201843963787705,-0.6385883224036185,-0.2259080062253514
2022-07-06 13:30:00,-0.006100125246568466,0.0015741059640918726,0.5492171398022567,0.3018733590164489,0.2803448930120411,-0.008800244015319906,0.018647383786299338,-0.004149877119206249,0.013743499103154418,-2.120999825517386,0.2928450171394852,-0.38518531807071404,-0.23200813147191987
2022-07-07 13:30:00,0.021376076648928842,0.02801287654446405,0.5372260116104488,0.3144050243697387,0.28832914342666127,0.02901106855644875,-0.008040281751460876,-0.004187567665930704,0.013668464387955121,-2.085015113165764,0.20593256676340205,1.5906513797152895,-0.21063205482299102
2022-07-08 13:30:00,-0.006543849994651112,-0.007558175843963344,0.5392097240757943,0.31321513381014027,0.2893503537859872,-0.0042747213048079935,-0.007135584105647186,-0.004081750961370865,0.013640179195158766,-1.9529026928011648,0.145386150932265,-0.43318525781992356,-0.21717590481764212
2022-07-11 13:30:00,0.0010890203231743762,-0.0017916056414710724,0.5376997319739523,0.3153434902138543,0.28975548927292166,-0.008093627909294243,0.007792607282486319,-0.004138997762032028,0.013614656294107758,-1.915581891742102,0.0792466999914308,0.11656273591601074,-0.21608688449446775
2022-07-12 13:30:00,0.0005385310508590367,-0.004758275930675682,0.5329914051910116,0.3188404169931976,0.28825552023538575,8.10800736945616e-05,0.01473799137958276,-0.0029460184752141618,0.012870370768249203,-1.2585843270203685,-0.6878074075542189,0.08164628329199572,-0.2155483534436087
2022-07-13 13:30:00,0.0032966180033777155,0.0005306714035307284,0.5386676890235319,0.31560656742811743,0.2841727936810572,0.004678069683619872,0.0021270787604438604,-0.002332558947136553,0.012860398075956167,-0.9168700506871622,-0.7751386937497247,0.3034337914242364,-0.212251735440231
2022-07-14 13:30:00,0.00039387945502323434,0.0014948611050877119,0.5384386536939847,0.3124181551142551,0.28276086330141953,0.0014948611050877119,0.020393145351598457,-0.0018974506302617798,0.012794622003063864,-0.6730707473752834,-0.9188612249151523,0.10207384031300094,-0.21185785598520776
2022-07-15 13:30:00,-0.001015594005478162,0.005363993125118038,0.5092235852992746,0.3262437568659087,0.2713699211897115,0.003496933204990227,-0.010934833751126694,-0.002111299869965634,0.012739482944559481,-0.7594889588930201,-0.9911889520714422,0.029649640787913115,-0.21287344999068591
2022-07-18 13:30:00,0.005065895671520008,-0.0046438420971165835,0.49216333946517976,0.32570161458268443,0.2836525757316644,0.00926090372295037,-0.027533721568881713,-0.00014509410202925241,0.010322082786222347,0.2678202524551554,-3.2494263447436014,0.46935985429909544,-0.2078075543191659
2022-07-19 13:30:00,0.023020326741505497,0.03696669251978557,0.4831580756639051,0.3381845416365329,0.2979165369926115,0.0305704985592008,0.006180121432387775,0.001147449221991315,0.011517433485046594,0.9185548812838539,-1.9538810684746173,1.8014108894043754,-0.1847872275776604
2022-07-20 13:30:00,0.007225643391301506,0.007071824737902539,0.4706768875782238,0.3454105443603376,0.2996485073235607,0.02036102007916026,-0.0026073966733956384,0.0009117281337552326,0.011331666864421911,0.7725016867760213,-2.0215650320146623,0.5655159301932651,-0.1775615841863589
2022-07-21 13:30:00,2.4261920521827414e-05,0.006859647087602561,0.4712428449575663,0.3441868948646666,0.29312180190643505,0.004224532088883626,0.024389369464013155,0.0011949982423266042,0.01122958844848183,0.88954440488619,-2.006091902404823,0.0006796943489210122,-0.17753732226583707
2022-07-22 13:30:00,-0.007564986313609091,-0.007011934096802748,0.4603074690215606,0.34972016086182967,0.29324200431486397,-0.02073673479463752,0.001212029258752227,0.0006222128862701296,0.011376055707430634,0.5769894376497925,-1.7890350237187196,-0.5674705179582646,-0.18510230857944615
2022-07-25 13:30:00,0.003489399716577941,0.007868174266927985,0.46508886612457856,0.3523454448031876,0.29195315701862495,-0.0046624468368337,-0.028814992124388317,0.0001898739021624358,0.011075789674208936,0.34365879094055723,-1.9469224227491073,0.2789079855104276,-0.1816129088628682
2022-07-26 13:30:00,0.012866111604660125,0.009527492636195975,0.4930258548125974,0.34977125353562544,0.28994125680532995,0.0035533097588203635,0.018611202889221655,0.0004078436924365676,0.011288923653414459,0.445159029017486,-1.691081277526759,0.9865168228159212,-0.1687467972582081
2022-07-27 13:30:00,-0.008032797238415672,0.008909613706323519,0.4219033355051811,0.37593061875317585,0.29538560503436595,0.008061114424399088,-0.01366530559547748,0.00070769513965245,0.01096010957948253,0.5931578638609901,-1.9117109355328408,-0.6349890928267015,-0.17677959449662378
2022-07-28 13:30:00,0.029836834298221978,0.0528132646573732,0.5175565819339137,0.34939398783222203,0.3262622697972552,0.01692746015950094,0.04719356186426301,0.003361699914244403,0.011277223552156651,1.8841051664409147,-1.622201589946835,2.2004683460765855,-0.1469427601984018
2022-07-29 13:30:00,-0.008018378191979664,0.0036368906122454803,0.5175315739238052,0.34743672172873186,0.30161100928281553,-0.004955687269105669,-0.039737103186367584,0.0025156359423332475,0.011472677910840142,1.4403291643333906,-1.446647159266762,-0.6156129086762888,-0.15496113839038148
2022-08-01 13:30:00,-0.015766368394918576,0.00012979537928559104,0.5445705193211223,0.33235498230475113,0.29660051259656295,0.0042995867751070005,0.04609245800013173,0.002295618296148759,0.011790691493044085,1.3203175584914015,-1.189246950144255,-1.1571816878427983,-0.17072750678530005
2022-08-02 13:30:00,-0.003005322012501417,-0.004807972770173752,0.5411693466819232,0.33426873279120756,0.30824013062630223,-0.002781598399281604,-0.0024641145224217897,0.002608758871377494,0.011548082965901674,1.4452674475585703,-1.3725062597560713,-0.20764733228210208,-0.17373282879780147
2022-08-03 13:30:00,-0.007533939434154571,0.004886530064228197,0.5605846183975655,0.29967252846578657,0.2981843257072063,-0.0013398288524964315,0.0335997464196511,0.0025370681619981887,0.011609281810010618,1.35973052198603,-1.2792554032373562,-0.6286316330683579,-0.18126676823195603
2022-08-04 13:30:00,-0.0100139583512072,-0.006759596889266713,0.5553936492385079,0.30126680253817195,0.3207923122923882,-0.008911810522777747,0.030327067648436994,0.0009675664119913868,0.011036032776986475,0.5898627017641285,-1.656395275155527,-0.8155343216317285,-0.19128072658316322
2022-08-05 13:30:00,-0.0009740036398533719,-0.004660488091011161,0.5678108166495347,0.293190881081246,0.3131408713078858,-0.001036578954546008,-0.024476096212726728,0.0012460587297312739,0.010906018444807425,0.6998964362189529,-1.685731553041988,-0.10650671050167278,-0.1922547302230166
2022-08-08 13:30:00,0.00030818935681177755,0.0009991622575203178,0.5663678012465724,0.293545111718766,0.3182427294800593,-0.00048252482060325464,-0.004200687370390106,0.001207017181413144,0.01090800763587235,0.6589521736549373,-1.6194659083500895,-0.008625519415467117,-0.1919465408662048
2022-08-09 13:30:00,-0.009402539870949024,-0.006064781554162346,0.552838180799889,0.2944635762751232,0.3174040763081569,-0.017229758783485094,-0.023625438749861116,0.0007099636353227409,0.011163574610707206,0.40671022827015557,-1.3825366541990032,-0.7558214077114659,-0.20134908073715382
2022-08-10 13:30:00,0.011091448919185487,0.022601942942341708,0.5474537949846344,0.3019460948931161,0.3284066693232038,0.018211779628403885,0.015377879293659708,0.0010997051811131296,0.011392354430925395,0.5705498271078399,-1.1697365882803752,0.8639357698590296,-0.19025763181796834
2022-08-11 13:30:00,0.007720031684694206,0.006692888088253819,0.5481170392046407,0.29893461596412546,0.3288817669079351,0.006825455834304679,-0.027707390820999194,0.001466012792596678,0.011485863067840524,0.7203322382095761,-1.0632002067625095,0.595320236456821,-0.18253760013327414
2022-08-12 13:30:00,0.0033481944480255772,0.01898747086876007,0.5553618341274855,0.29195159662345704,0.3375488277249159,0.002694068556098106,0.011411767728182198,0.0016842022152718649,0.011477685583800171,0.8007452132391217,-1.040899705523962,0.23103383758813234,-0.17918940568524855
2022-08-15 13:30:00,-0.007435088868782417,-2.3034887697392925e-05,0.5517351355965329,0.2950372887817917,0.338846076289171,-0.008365051511829091,0.019474708241292604,0.0010591529882567439,0.01162329772340369,0.47165551566406544,-0.9090259010091096,-0.6054001586611182,-0.18662449455403096
2022-08-16 13:30:00,-0.003154597812822054,-0.0015688538967381833,0.5573839306894659,0.29163976533770275,0.33482996711810215,-0.004412997687196681,0.0007706259218674221,-0.0002495932394596338,0.01043306020300932,-0.1916991542204409,-1.7115572912166819,-0.2813203068552191,-0.189779092366853
2022-08-17 13:30:00,0.0013764759794128965,-0.002333002196577357,0.5509605558989507,0.29027161330057,0.3259450771149293,-0.0006571583425824721,-0.010670582500778089,-0.0005420516100540643,0.01029353516901902,-0.3412407281683675,-1.7310036312746777,0.1143711539154388,-0.1884026163874401
2022-08-18 13:30:00,0.0040480179384697074,0.007862841127695456,0.6017869347889495,0.2647974268867309,0.32693828210940135,0.004118614810015778,-0.019010520824405873,-0.00034086380915667033,0.010344383057744228,-0.24940145621385057,-1.6248839717837602,0.3162790555291945,-0.1843545984489704
2022-08-19 13:30:00,-0.013687013200230878,-0.018742466332920798,0.5984884564481374,0.2687147842532461,0.33190376379119796,-0.01822791725857779,-0.01849097794742675,-0.0006469651534877597,0.01065530940796796,-0.4072294652588081,-1.3592748684766993,-1.1529024770719762,-0.19804161164920128
2022-08-22 13:30:00,-0.005685487614972817,-0.02062063999022079,0.6009524126611899,0.27080986793838924,0.33656766371705626,-0.006978402029203079,-0.018732572110450207,-0.0011057095200652975,0.010665352214655106,-0.6344917664532388,-1.3053862293588827,-0.46263851596755684,-0.2037270992641741
2022-08-23 13:30:00,0.001819544978001537,-0.001623015398495668,0.598643600634394,0.2697415729291782,0.3301418392542732,0.004378892446633105,-0.03768411453603463,-0.0016580378513982269,0.01017863866405781,-0.8978690088972611,-1.5756399766024514,0.1837420160240314,-0.20190755428617255
2022-08-24 13:30:00,0.013825483583567697,0.01718991240699704,0.5944314484936939,0.2718425815670622,0.32853731822429916,0.01403962330476512,0.00489806419881374,-0.0005651238102990587,0.010621977397372731,-0.34897921130717297,-1.2318496281109044,1.1647222205426333,-0.18808207070260485
2022-08-25 13:30:00,0.008117755164812113,0.017946722038817715,0.6524061317984148,0.31034156767318183,0.3974806967606523,0.011796338898349596,0.010252758320377382,-0.0016510777669695518,0.008179657319162488,-0.877022701933069,-2.6562165374618947,0.6796433928392218,-0.17996431553779274
2022-08-26 13:30:00,-0.005924846208112122,-0.032088589595444916,0.7564594058074665,0.3748074845178293,0.4937490758700907,-0.016741927832678027,-0.020397033942991194,-0.0015464011677761747,0.008106957770294533,-0.8204564034911892,-2.512330101975254,-0.5107460948255538,-0.18588916174590486
2022-08-29 13:30:00,-0.0021678098742321968,-0.002861451976476026,0.7552312937603319,0.37115000523971203,0.4912053564725838,-0.005899438861730166,-0.017950710049779994,-0.0008664732417418558,0.007390125569209041,-0.4818006042345444,-2.719045039228926,-0.17200400044839861,-0.18805697162013707
2022-08-30 13:30:00,-0.005328798166823419,-0.020484273201796317,0.7563894129726961,0.3879992668826885,0.5031207369532327,-0.005867317782830412,0.013407699598778449,-0.0009826470494579559,0.007443587509590517,-0.5302288909003648,-2.516616784672171,-0.41877020301889817,-0.19338576978696048
2022-08-31 13:30:00,0.009869968244397894,0.0029122925418125036,0.7460998068606055,0.3880201706535892,0.48922949700751867,0.009460409342937385,0.012021369416075492,-0.00011245166553033262,0.007651790062077935,-0.07874376297731561,-2.2619631239837883,0.9133840273079263,-0.18351580154256258
2022-09-01 04:00:00,0.05212603738119939,-0.013653705729751109,0.24396183983063618,0.36550253867765975,0.08523062154749324,0.09915616192259702,0.08193336511055826,0.002994548121089997,0.013669402793110798,1.5077653687145838,0.8744560761870394,4.017200287784551,-0.1313897641613632
2022-09-01 13:30:00,-0.020165640120236555,0.038672904470545166,0.10193604519778715,0.37610229396742856,-0.03396214349480764,-0.10470486129086609,-0.039820827358580946,0.002034966297070838,0.014604303353608945,1.0624204127488102,1.3206075464930698,-1.506746914826833,-0.15155540428159975
2022-09-02 13:30:00,0.006613013694083686,6.342255696356602e-05,0.10152459409619968,0.3753340233215557,-0.0353025183788808,0.010804867695090481,-0.018275923892866475,0.0023502075139344336,0.0146330862868906,1.278559531348058,1.29478218176471,0.5144086877646569,-0.14494239058751607
2022-09-06 13:30:00,-0.004085708718937247,-0.0062697008725928205,0.11392009346767304,0.35663917590104355,-0.05077178109156518,-0.008816684165960598,0.002984759048804908,0.0026160490715350223,0.014455553628278784,1.4144552401549428,1.1858597252735843,-0.3267595469308654,-0.1490280993064533
2022-09-07 13:30:00,0.0052134304705890745,0.016030427395934705,0.10423269997177723,0.35130953324897374,-0.06014612828452833,-0.01525718606871333,0.027643921653756027,0.0023221481491052017,0.01433340598559759,1.2483274148638324,1.1122145843380196,0.3774087060275952,-0.14381466883586422
2022-09-08 13:30:00,0.015011619837563673,0.017948185899074282,0.07358327203871437,0.37212911050355196,-0.06319536655360919,0.018726001973188484,0.013605996736233267,0.002686727556748675,0.014568732195663323,1.408458893089882,1.2138813675652733,1.1022263260614396,-0.12880304899830056
2022-09-09 13:30:00,0.0012320706996807942,0.010774403146728284,0.07272021730823125,0.37323313913507666,-0.062466507332807175,0.006752204900370984,-0.01414961685190641,0.002580921369331436,0.014571359411942009,1.335534241839538,1.1958070426357932,0.039752375445615266,-0.12757097829861977
2022-09-12 13:30:00,0.002375562852591589,0.008976903458929505,0.08203877067704607,0.34035727254967907,-0.09720342812391704,-0.0005864288296928786,-0.009385370428526977,0.003071453955400136,0.014380313761671617,1.5278203129840637,1.113369761439176,0.08659490927635582,-0.1251954154460282
2022-09-13 13:30:00,-0.01164400093816996,-0.031620435779611045,0.06720408605626918,0.3637631337062464,-0.08080533076091907,-0.0049947034177403316,-0.0064009862694834885,0.0026469837991327403,0.014695599856368036,1.268860036597353,1.2634942486235303,-1.0516314256502626,-0.13683941638419816
2022-09-14 13:30:00,0.0036260599314151603,0.008618833420288944,0.06654602728014698,0.3589847035269429,-0.08379731783972795,0.0004653582647848129,-0.019627388807178812,0.002759462996732854,0.01469397265653001,1.2817047487577071,1.254617035343839,0.21314452897551547,-0.133213356452783
2022-09-15 13:30:00,-0.006442950412842187,-0.012675151979785452,0.0738727441518624,0.35614076936905004,-0.08180073381219673,0.012240033377536172,0.013093357096398769,0.0022349145791672595,0.014832157159470878,0.9949074865278442,1.304591271392713,-0.6162216057812543,-0.1396563068656252
2022-09-16 13:30:00,-0.009784845769951582,-0.011001260600610721,0.06837497540863263,0.3583120883956927,-0.08158417058617844,-0.007255458868941559,0.01033379494397498,0.0024300229506812243,0.014636059189130335,1.059071578970366,1.1925792914303865,-0.8677438938186367,-0.14944115263557678
2022-09-19 13:30:00,0.013182682254853634,0.01814657169630866,0.07713887543478622,0.3470627299535082,-0.08639619571655999,0.004749314338356497,0.0175537688446125,0.003373431444172547,0.01469340726101933,1.4664570259977678,1.2070397989480217,1.0119602342219693,-0.13625847038072314
2022-09-20 13:30:00,-0.012661565026605322,-0.015759252928649176,0.07687657321351385,0.35026603661543954,-0.08408061911874835,-0.001218451903962265,-0.008804129079741003,0.0026493759439422037,0.015124482667351266,1.088813436362174,1.3898681061616187,-1.0675753552395582,-0.14892003540732845
2022-09-21 13:30:00,-0.008076565881191749,-0.014429828090326446,0.08971833787363376,0.3368306873323943,-0.08986508621148855,-0.0007571412477851425,0.0002263875494395995,0.0015542734707042316,0.015065479887671741,0.5557810468236164,1.343457002763653,-0.708277617944076,-0.1569966012885202
2022-09-22 13:30:00,-0.010332028363694581,-0.013714527703785007,0.08692836141963314,0.3414293525614448,-0.09288554659825345,-0.010145903997949346,-0.01016046429217099,0.0006317842942788969,0.015206629707930368,0.10316121306853901,1.404375768152422,-0.9350768023916083,-0.1673286296522148
2022-09-23 13:30:00,-0.022884536487924483,-0.02907228754812141,0.07440947230510958,0.35890702003130226,-0.07969204096772516,-0.017502339130376354,0.03988413026409687,-0.00021620021971172128,0.01604145376545495,-0.3046342085428022,1.7671921834035145,-1.8932561445691818,-0.19021316614013928
2022-09-26 13:30:00,-0.01793056634138908,-0.022171084153217335,0.1575869030016189,0.25329756865713554,-0.1010744163513747,0.0019373700003375571,0.002374825748469034,-0.0010043380430695653,0.0165223983564774,-0.6923854187077969,1.9365013500971633,-1.4628124116511487,-0.20814373248152834
2022-09-27 13:30:00,-0.012001382437184105,-0.012745888611824907,0.09822690511454368,0.30712046391646647,-0.09567409118492724,0.004103960296698461,-0.023945739551391232,-0.0013379672565875997,0.016680923807805365,-0.8843038200823409,1.9393543083298983,-0.9760197758112699,-0.22014511491871244
2022-09-28 13:30:00,0.014825067000577176,0.02321035508510912,0.09486915743967617,0.31639436453422554,-0.08951715400881989,0.012462432922575168,-0.02109341915345612,-0.0010902123187786353,0.016891619489486195,-0.820348180902008,1.9493643754317376,1.149391361203397,-0.20532004791813527
2022-09-29 13:30:00,-0.006251430721835666,-0.0189661149373066,0.12696040416919516,0.28623736253247356,-0.09364495074836797,0.021125754342743663,-0.0189661149373066,-0.004009085723930389,0.011345024123148964,-2.3185903777566907,-0.4173893614174763,-0.5097459183629823,-0.21157147863997094
2022-09-30 13:30:00,-0.00251659955152522,-0.009112732367050161,0.12575349077831852,0.2883492709258827,-0.09373102752024941,0.01019860054028184,-0.001123934757071435,-0.0031266336954948216,0.010689642572199025,-1.9088971105648442,-0.6773587366079917,-0.2103642648172715,-0.21408807819149617
2022-10-03 13:30:00,-0.03108868394056492,-0.035781705866417046,0.07031673942686276,0.3446394110044538,-0.09365609076549165,-0.04551546872508816,0.11877403806628473,-0.005011718577227252,0.012111424207863904,-2.8260277183627234,-0.05589044447323187,-2.3814036450506144,-0.24517676213206108
2022-10-04 13:30:00,0.03465717073149663,0.048464142827579305,0.06321772903645795,0.3739076567635136,-0.059943934885455,0.027256981247699187,0.005488638971631023,-0.0030745746047055587,0.015017109680274345,-1.8321598584162146,1.1674935691202941,2.536830066418567,-0.21051959140056445
2022-10-05 13:30:00,-0.0010243606696928478,-0.0019834705810440148,0.064816880260019,0.3727171023140887,-0.0599386504317902,0.020235645419993193,-0.022648931377397912,-0.0033864641617196546,0.014900238300768568,-1.9518508820382416,1.0923913959429976,-0.07606096852935246,-0.2115439520702573
2022-10-06 13:30:00,-0.009046117539803333,-0.0139963260145017,0.08020969284322312,0.36223485101639463,-0.05655643876848312,0.018975545362393466,-0.03177421247436959,-0.0045893510305880045,0.014295616501688408,-2.431055477896195,0.8222220916831056,-0.6509769570848821,-0.22059006961006064
2022-10-07 13:30:00,-0.0166120725351354,-0.032460976356297,0.06758876344231823,0.386630529104439,-0.04001127497181822,-0.011726689065051733,-0.024697638043182514,-0.005481558192328814,0.014468958754099105,-2.687199364362564,0.8771995671211846,-1.171272070618841,-0.23720214214519603
2022-10-10 13:30:00,-0.0007276264378600302,-0.0041992696421809805,0.06681778947630324,0.3872620575739319,-0.04019271669417227,-0.0059245243832130035,0.016338700574209164,-0.005636717656851396,0.014396725885005202,-2.5596705305692886,0.8191631421748098,-0.016325631685503942,-0.23792976858305606
2022-10-11 13:30:00,0.008078464914079847,0.003001911918254422,0.09855863733034459,0.3432143025544129,-0.060631301322784936,0.006603001192050076,0.010990051376137436,-0.004650594364238906,0.0146370449374522,-2.0208978832643485,0.8926448559345037,0.6531490456797246,-0.22985130366897621
2022-10-12 13:30:00,-0.011157995227287658,-0.015806271599182797,0.1285646479657595,0.31763976553912776,-0.058949762499431034,0.017505971121819286,-0.02385873525976623,-0.005389797122174045,0.014570217371558374,-2.18951891154117,0.8390721370840544,-0.7458199096032032,-0.24100929889626388
2022-10-13 13:30:00,0.009723997028468094,0.02040910780879009,0.1335812272473546,0.31814292823053764,-0.05418796521362753,-0.0046232830735892065,-0.020404742329982833,-0.004581449750108532,0.014952173901319327,-1.7814574796186002,0.9657979296601951,0.7800817152053487,-0.23128530186779578
2022-10-14 13:30:00,-0.018320985739419253,-0.030553412838846123,0.1266726719271966,0.33395042598739255,-0.04507283829893011,-0.016122837307567212,0.006741418704760232,-0.005008256748581916,0.015227811844595972,-1.853997739958542,1.0449681512076021,-1.2521638017957883,-0.24960628760721504
2022-10-17 13:30:00,0.021944181064008285,0.03615892868106374,0.108726032115115,0.3652775491581121,-0.029954221718052898,0.015241751169661644,0.023702186868335584,-0.0045701818081241834,0.01589028877061912,-1.6214231507688786,1.2690345874972435,1.6131341200533214,-0.22766210654320676
2022-10-18 13:30:00,0.018679384019657522,0.023442447138032934,0.09951965043019395,0.3824638103742721,-0.024269131638620878,0.005160462371168,0.014707302656710757,-0.0030031343558110414,0.016580716988966165,-1.0155782593063494,1.4873509845831885,1.3632351997587093,-0.20898272252354924
2022-10-19 13:30:00,-0.008641899899333312,-0.011329671611736222,0.08696909289571492,0.4003625561024702,-0.024247975231929564,0.0016715374507619094,-0.040845298593051714,-0.0030314010567181193,0.016590300480734482,-0.9955355836123471,1.4347361830427838,-0.5606548074343799,-0.21762462242288255
2022-10-20 13:30:00,-0.019787176582683863,-0.023780295192754448,0.01607844362300548,0.45054415815484067,-0.04652095732674703,0.001466525613704455,-0.024728141511718944,-0.0035041584676675833,0.016940313477788554,-1.129743376448259,1.509844476351474,-1.3214755580238322,-0.23741179900556642
2022-10-21 13:30:00,0.010407100448904891,0.02039991689786465,0.014328954020728535,0.45928241812783516,-0.02561009141970022,0.001899217270197335,-0.008479153753316798,-0.0018395766208261146,0.01656727530837814,-0.5025128626046433,1.3173592874769247,0.835699180871866,-0.22700469855666153
2022-10-24 13:30:00,0.006130283981108199,0.011368688663908869,-0.10213306111878839,0.5972523876279734,-0.022901047649563484,0.0029973885591459224,0.006652417638319844,-0.0006365341047012508,0.016206999971817317,-0.04472512919453746,1.141658225348335,0.5052246321633741,-0.22087441457555332
2022-10-25 13:30:00,0.01983312506298028,0.030287313689835765,-0.0993395901803602,0.6050539590275531,-0.009795113188929469,0.010237186866401665,0.029256585246672556,0.0009551912703069685,0.0165908114853009,0.5581414425985753,1.2419886199183208,1.4450239524718065,-0.20104128951257305
2022-10-26 13:30:00,0.006416929902358536,-0.006929270879000675,-0.1072730863539531,0.6169140536054323,-0.009463621836754366,-0.0064685854481266,-0.02054001020434108,0.0005347844153960364,0.016325259386532266,0.41809834877029595,1.1053584343487628,0.47302448463728114,-0.19462435961021451
2022-10-27 13:30:00,0.01404519651002601,0.0033520878512282026,-0.07793298979695329,0.5867835824019212,-0.006887987649162079,-0.0046367628750255685,-0.0002587928109031301,0.0015496157769891202,0.01651099896869725,0.7942852029766366,1.1348192503857222,0.9837799256353881,-0.1805791631001885
2022-10-28 13:30:00,0.008697593472803557,0.02550949205667563,-0.07868712919352844,0.5940180555680309,0.006932689436155622,-0.001925592717662239,0.022023830319714888,0.0021103254282055593,0.01655599783784014,0.9947450955580297,1.1130679828339838,0.5912047030986696,-0.17188156962738496
2022-10-31 13:30:00,0.006710543209143182,0.0014196941918234913,-0.07915906107137832,0.5931252200768106,0.0069484369689956265,0.010765689463632508,-0.006983434235866485,0.004000286785690964,0.014609782097213902,1.6496476697854034,0.37751885193992124,0.4423553296933596,-0.16517102641824177
2022-11-01 13:30:00,-0.002058239132931107,-0.03344016419653265,-0.07946536762068723,0.5962539513254497,0.010537362791070684,0.02801893541217545,-0.03036838781570398,0.002164516292469577,0.012742240285960082,0.9625696794074446,-0.32541645936463115,-0.18622238965158028,-0.16722926555117287
2022-11-02 13:30:00,0.00318283809658345,-0.015127042217893294,-0.060947405798108534,0.5733036866864221,0.003119352449077869,-0.0054315386386932785,0.008973097980440214,0.002374876230783392,0.012721535987081766,1.0249118909538302,-0.34306285356894684,0.19554002627450748,-0.16404642745458942
2022-11-03 13:30:00,0.04098636478029522,0.032650036762613986,0.01669036580971678,0.4894762160449911,0.012033916720852003,0.028281954676405117,0.014156749327057426,0.004876500346788321,0.015061553642666458,1.8588078439179185,0.5120422675184682,2.6730867315418516,-0.1230600626742942
2022-11-04 13:30:00,-4.7316577355694875e-05,0.008835421938208668,0.018834423798938238,0.4833950218991412,0.007077211090132947,0.0026866427234630095,-0.00334347370912543,0.005704738144677306,0.014251358598377034,2.0573520679452906,0.19156084769886586,-0.0656451040445786,-0.1231073792516499
2022-11-07 14:30:00,0.00789976282562496,0.014776980628558626,-0.00249568266278255,0.5067849516585585,0.006437467977043032,0.03385570376578754,-0.002396527205694129,0.006136107607851554,0.014176786888288951,2.095573485700633,0.14812201890879428,0.4489432286064338,-0.11520761642602494
2022-11-08 14:30:00,-0.00018910707459304094,0.004769156402827601,-0.0019108469711452414,0.5062937626961432,0.006464540559063277,-0.0022206450790169807,0.0038012404089320384,0.00572272900841791,0.014237575182718789,1.868422279922238,0.14919823096536963,-0.09566657889099127,-0.11539672350061797
2022-11-09 14:30:00,-0.009997363452473538,-0.020812739150027643,-0.013654241343058315,0.5209881888105273,0.010720323537872186,-0.012966009392550954,0.02807002534610063,0.005780760597158615,0.014167341052648316,1.801045617855499,0.0989029161596434,-0.7362258532893228,-0.1253940869530915
2022-11-10 14:30:00,-0.0018956443628078343,0.036521964580550646,-0.011042565924757441,0.5147843933127553,0.02703544299955001,-0.010626343523629712,0.014269748108040568,0.00519977852759482,0.014235213517323734,1.5593230947634924,0.10180544410258152,-0.1897173750729304,-0.12728973131589935
2022-11-11 14:30:00,-0.02214862544947084,-0.013738040767727075,0.050891446864251566,0.44907255731196266,0.02454330231366611,-0.0025542049573154726,-0.04279896591070383,0.00500839654209224,0.014589399686241136,1.4466461942374311,0.21995075625775662,-1.5120613495120052,-0.1494383567653702
2022-11-14 14:30:00,-0.0169337976951859,-0.020931763422188127,0.06234877228067026,0.43723089916944025,0.020877515599625713,-0.00903399854257388,-0.020609764566226946,0.0030644976041325316,0.014802605229177557,0.8441579358141474,0.28262320143147357,-1.1449350681094796,-0.16637215446055612
2022-11-15 14:30:00,-0.0049681087535098575,0.0022551218281147887,0.06196335233683409,0.43611897695057467,0.0206764382845299,-0.008745369689021213,-0.00827113821819662,0.0018821229654741624,0.014429434830911395,0.4774535738567957,0.10271528266313355,-0.3568444851557717,-0.17134026321406598
2022-11-16 14:30:00,0.011320237125978933,0.006776303993591822,0.07920618026858234,0.4173806803963198,0.019586934646332172,-0.0021929994215760624,0.027184684906886154,0.0028802298167397745,0.0143533634370553,0.7524561540178046,0.04554097570714963,0.7085502389827747,-0.16002002608808705
2022-11-17 14:30:00,0.0030454062250661945,0.0010209829427967332,0.08219405412306208,0.4111967160973863,0.014179892451187595,0.01850856086457775,-0.0011491776169869627,0.004021858957127278,0.013326885026444458,1.0537672796552875,-0.4574768628229493,0.17414441052504656,-0.15697461986302086
2022-11-18 14:30:00,0.008109052980410153,0.011354915332993265,0.11922568071482137,0.36859730941968727,0.001001607241210678,-0.009855394896020497,0.019258759604841358,0.003906956583702541,0.013278754738343638,0.9879854897950052,-0.5570977994359272,0.48977592823355814,-0.1488655668826107
2022-11-21 14:30:00,0.0017461266893741274,-0.0007378059270657008,0.12133954623344384,0.3664224500904635,0.0009583525747925056,-0.005240405299640612,0.012794769150360078,0.0036877487191158366,0.013276306913522426,0.8970887000867649,-0.676485832128066,0.06956329044695528,-0.14711944019323658
2022-11-22 14:30:00,0.0020124185365744613,0.009348626478487295,0.1156539722768305,0.36948629399928534,-0.003936906682756684,0.0008179378891307234,-0.021960220307984647,0.0027967133927955462,0.012722133334136358,0.6201116325535874,-1.1761674942648301,0.07907640000648714,-0.14510702165666212
2022-11-23 14:30:00,-0.0036007031699252096,0.0022805755921937454,0.11533522757205439,0.3693199137918955,-0.004237055149615754,-0.008902343636450372,0.013115252384871101,0.002295831739181359,0.012769214989146113,0.46316064007714164,-1.4346540453018297,-0.274388282655755,-0.14870772482658734
2022-11-25 14:30:00,0.008980532986155337,0.007912646459363293,0.1948474872900094,0.39389291742322846,0.1495281359284888,0.00209938775241314,0.01159990910513864,0.0020425985629878253,0.012572650549075227,0.3956663465596552,-1.543033078885685,0.6654595251868777,-0.139727191840432
2022-11-28 14:30:00,-0.013288217622291276,-0.022290296686654127,0.4386456812630105,0.39578193877425916,0.5717237509485139,-0.012000008683306158,0.005139681061194706,0.0009433080082330835,0.012916605933399218,0.0831478484860137,-1.2523127143962087,-0.9780380885044841,-0.15301540946272327
2022-11-29 14:30:00,0.01251587582907284,0.007643412286714946,0.43730573272419093,0.39804253009741325,0.5732253701718387,0.01504992504560898,-0.0074655426226232224,0.0012335746392295665,0.013116710309853393,0.17289547684298287,-1.0779584460189975,0.912698148638935,-0.14049953363365042
2022-11-30 14:30:00,-0.012885073442089352,0.016339112612079543,0.4462662559446654,0.3697920874423795,0.5743468530840788,-0.008628523535050725,0.011377532718703787,0.0006922329237716542,0.013478155555477473,0.025240543263945012,-0.8024671107443827,-0.9335503800551961,-0.15338460707573978
2022-12-01 05:00:00,0.018048153895300782,-0.0057357567289299345,0.5577912993961883,0.25244943830304156,0.47182360260937045,-0.0007917426353843222,0.024753689100738902,0.001435498713707521,0.014021654051255423,0.24615338396110015,-0.41035512779756783,1.2876102097669424,-0.135336453180439
2022-12-01 14:30:00,-0.008818339978420246,0.015627869994801775,0.5947163868081347,0.2064301050681446,0.367413967942396,0.011503202720186862,-0.012425551297371256,-0.0010547365242282525,0.01064344036887594,-0.46189733183667064,-2.605093331631388,-0.6197893766645893,-0.14415479315885923
2022-12-02 14:30:00,-0.002027973325427927,-0.00449605988811171,0.5955359136021251,0.20489437922775228,0.3627784732296611,0.0002677193164384679,0.0014477576077201277,-0.0011537693616318642,0.010642787969954388,-0.47318315185837234,-2.428039947482907,-0.12433602504237763,-0.14618276648428716
2022-12-05 14:30:00,-0.012679693772088916,-0.018563071377539358,0.5927728611404508,0.20999450256333907,0.3697016640976911,-0.012931360207926883,0.011112571620584839,-0.002182742191517558,0.010715985517101189,-0.7483062204735276,-2.2393003331385817,-0.8716870357313603,-0.15886246025637607
2022-12-06 14:30:00,-0.004354361080318352,-0.004037416644808278,0.5864093470424634,0.2081673778687052,0.3484713283435346,-0.010267009124347748,0.02232322107364737,-0.0023910048918038235,0.010715675794745695,-0.7834311310191308,-2.113438952605602,-0.28294598651515357,-0.16321682133669443
2022-12-07 14:30:00,-0.002459871007657235,-0.005116855593722251,0.5860649009848249,0.20815206053397842,0.34832370786676875,-0.00047357187097888786,-0.0027726151827644303,-0.002014130269563008,0.010565574210102638,-0.6508083055215302,-2.079534549619201,-0.13876675298981442,-0.16567669234435167
2022-12-08 14:30:00,-0.00021984565967824408,0.006926708500199681,0.5916999263678535,0.2073555983076266,0.34875451103185373,0.0004240990339073507,0.011391170226446052,-0.0019303403344065287,0.010573205490844926,-0.6059751569734846,-1.9679828445999217,0.01575348207845794,-0.16589653800402993
2022-12-09 14:30:00,0.0013976266336022084,-0.001983868607780178,0.5915605690630892,0.20640908062648963,0.34533841140237764,0.003212572035979503,0.022325731859377623,-0.0007530277302528763,0.009455257029736302,-0.2476419802063917,-2.40025830164312,0.11987137888327455,-0.16449891137042771
2022-12-12 14:30:00,-0.001593565648398047,0.015169788239886165,0.5823554145241482,0.20789490635702176,0.3450637057532031,-0.007701806918511819,-0.011076077808414317,1.3983872086516355e-05,0.008662559716025578,-0.0066551833708273205,-2.59415391881221,-0.08037514233657776,-0.16609247701882576
2022-12-13 14:30:00,0.006771787533545433,0.011845190148944843,0.5773576648235624,0.21072845912921342,0.34368936540552025,0.008808669546596018,-0.007129438988586164,0.0006009786864392809,0.008704851282008267,0.17759218547456435,-2.3993976025745707,0.5115355012975511,-0.15932068948528033
2022-12-14 14:30:00,-0.003585657911416595,-0.004804310939233725,0.5750480297351913,0.21071756615317716,0.33865867853246595,-0.0035659013263141803,0.0013254569053005039,-0.0001443160654304955,0.00837046945851058,-0.03518881672091969,-2.3825254163505822,-0.25744897608612594,-0.16290634739669693
2022-12-15 14:30:00,-0.015205484728537097,-0.028560469071621093,0.5744654955161815,0.21936657816184904,0.34214130037270857,-0.01643578862721003,-0.022508953278644512,-0.00105686061311066,0.008977281684280214,-0.29792307382645333,-2.004050871727855,-1.1030624620523097,-0.17811183212523402
2022-12-16 14:30:00,0.0013609533725658634,-0.009017733784238424,0.5667933621643577,0.21558230994661828,0.3363716189107698,0.007997375510255478,0.003275952398496873,-0.0013942655935028745,0.008738285850177762,-0.391819033302214,-1.999217269038766,0.08550518778822311,-0.17675087875266815
2022-12-19 14:30:00,0.0014519370274259378,-0.0023545166105592616,0.5522636496747687,0.22027153697375987,0.3316223722307517,0.0016221202310783647,-0.0022345558100577887,-0.0014089750766002839,0.008732967273740079,-0.3939138974350605,-1.9102156370877046,0.06916565010120497,-0.1752989417252422
2022-12-20 14:30:00,0.0016072224693665595,0.0031857343988085005,0.5459374765239473,0.22295887353980753,0.32927503286278453,0.0028984195415434253,-0.011906221972058853,-0.0014292348799606791,0.008725078599758976,-0.399399252843221,-1.8325413767579917,0.0642056856320102,-0.17369171925587565
2022-12-21 14:30:00,0.002221840241571635,0.014412648181966489,0.5443945470769465,0.21900565988832144,0.3259731565244144,0.0004861103918637113,-0.004584152870402184,-0.001138107709385837,0.008745925094120243,-0.31283452200886286,-1.753723290285808,0.12906241921821307,-0.17146987901430402
2022-12-22 14:30:00,-0.0099474644468607,-0.017671055020878068,0.5608452288967347,0.22271478593200122,0.3322159733769159,-0.0115821528104042,0.005371904375571446,-0.002084507581036639,0.008616499874166454,-0.6081005021578353,-1.7472480489211086,-0.8109613030437741,-0.18141734346116473
2022-12-23 14:30:00,0.0023402152060766623,0.009766290909854222,0.5675250940079444,0.2219361506956763,0.33170123953361386,-0.0004916838339667304,-0.022116934391587385,-0.0013030859396182418,0.008247742877741729,-0.38587755433201465,-1.8334164760218692,0.13636906081332012,-0.17907712825508806
2022-12-27 14:30:00,-0.004633242616007224,-0.0018972978486362368,0.6136613170529843,0.19322584967416534,0.373228956360693,-0.00810203300443968,-0.012579558037411731,-0.0021605418618722448,0.007601598221572371,-0.668684341253985,-1.9816183455824565,-0.46317532459319377,-0.1837103708710953
2022-12-28 14:30:00,-0.003000443756028581,-0.009926126497824464,0.5928802608428939,0.18099910627701324,0.33245910196273587,-0.000395759601455695,0.012462580166946865,-0.0016663103775692064,0.0071771060628011306,-0.5276401131608868,-2.0236847416764703,-0.2980648711877389,-0.18671081462712388
2022-12-29 14:30:00,0.002786904709867602,0.012455469310707809,0.6126012530022416,0.17512482174405067,0.3362905160022958,0.005238707793895644,0.0019929020777925324,-0.0024293728368408657,0.005611228939466177,-0.7705430687365105,-2.406029685165368,0.20408023185154536,-0.18392390991725627
2022-12-30 14:30:00,-0.007668089445465112,-0.01317589858182866,0.640134323577214,0.1660560011836408,0.32848634387391257,-0.0036226533551457774,-0.019503404770602417,-0.0023718603101931086,0.00554783509585789,-0.7741490991630127,-2.2751401340850985,-0.7161542384700008,-0.19159199936272137
2023-01-03 14:30:00,-0.021137236321858544,-0.03508337315707607,0.5171754132452714,0.2466979689934921,0.2983755835150315,-0.05549165413450093,0.026408765681756353,-0.0033273234600146397,0.006953052691002852,-1.1021371817125039,-1.7384396393914132,-1.8715968549866564,-0.2127292356845799
2023-01-04 14:30:00,-0.0020596422628087517,0.004562012305957541,0.5168464328529833,0.24603187429124643,0.2940366487534181,-0.004515839100435404,0.004680491043031032,-0.0027963208845506317,0.00659766626688228,-0.9692558310286135,-1.7661385185853835,-0.21235738402946308,-0.21478887794738866
2023-01-05 14:30:00,-0.0023008343179806833,-0.01687002901421375,0.5214889350115989,0.24708697911648153,0.30097445281400803,0.004777202192553509,-0.0351187281045483,-0.002693644546433748,0.006588115185663428,-0.95960312280501,-1.691986075705593,-0.2190341820527786,-0.21708971226536933
2023-01-06 14:30:00,0.0018443883035536568,0.019835878227977128,0.5262629776784511,0.24683688787841676,0.3027627670615274,-0.0002789839613336724,0.0008670029013238718,-0.0024784315808732034,0.006665996715306396,-0.9256373830730896,-1.5994936407428075,0.12434535988826224,-0.21524532396181567
2023-01-09 14:30:00,-0.0069038353490279095,-0.0013090434516703775,0.5232541084963858,0.24611313254583714,0.2959442862130404,-0.008069455824823435,0.002231246115230845,-0.0028126310653406868,0.006714179552497946,-1.0627119803916585,-1.52298898288803,-0.6215872444458534,-0.22214915931084359
2023-01-10 14:30:00,-0.0036628958710938787,-0.0008054992731667543,0.5121522647041776,0.23967316344474987,0.2779569644883069,-0.0010855560294380506,-0.007911431015873438,-0.0030656571905754914,0.006642130960165596,-1.1801390042353062,-1.4854079059207563,-0.36563728182572436,-0.22581205518193748
2023-01-11 14:30:00,0.0069034286840101225,0.015525986411771534,0.4976174915603333,0.23453881503999796,0.2563748232535667,0.007414322366813645,0.012453289463267328,-0.002640807473955083,0.0070031791434126914,-1.0603366242942989,-1.3338001702333153,0.6272906718548367,-0.21890862649792736
2023-01-12 14:30:00,0.018562834386697917,0.017395844167760816,0.46659593563726653,0.24235406090584072,0.23573787279489156,0.024193826428851335,-0.0016646676708616352,-0.0020512551312974582,0.008226695596349184,-0.8628020403205806,-0.9502690339510929,1.7103317425875195,-0.20034579211122944
2023-01-13 14:30:00,-0.004224675347556656,-0.0035243271281363286,0.46303067207997484,0.2423345224742845,0.23098640075906782,0.00010738177424052253,-0.004971609137479294,-0.0020832060031044613,0.008234206045021336,-0.8850610867373673,-0.9185426201758214,-0.41426834597039314,-0.2045704674587861
2023-01-17 14:30:00,-0.008775685624863038,-0.008076849799634337,0.43829176398981695,0.24681112358160434,0.2155598047337466,-0.006675047961851069,-0.010189146348442627,-0.0017617160479207587,0.007809470645041334,-0.7896684603640498,-1.0140614998465458,-0.8768118301205363,-0.21334615308364913
2023-01-18 14:30:00,-0.014861967692460076,-0.028722877161470928,0.46406392701167365,0.24130358608158792,0.23055689329089793,-0.004715773679972224,-0.010418074709294123,-0.0025728621011720555,0.00829544952560706,-1.0739143578726742,-0.8412022351704714,-1.4048773363638591,-0.2282081207761092
2023-01-19 14:30:00,-0.008675381788891887,-0.015574130479517131,0.46944856562771187,0.24019700174387706,0.23759179292293267,-0.005505427399480086,-0.028004906676203555,-0.003079228041987947,0.008345779844357115,-1.2268283522669567,-0.798753015331996,-0.7939088803776252,-0.23688350256500107
2023-01-20 14:30:00,0.012046639388268946,0.02156857836136557,0.4477342384356402,0.24508549214897912,0.22587778874957395,0.015611055534235547,0.011634348188471828,-0.0025572571960428277,0.008958291539541719,-1.0116753747289238,-0.5839191500111357,1.1980066368962135,-0.22483686317673213
2023-01-23 14:30:00,0.018467337702788696,0.024769967772031443,0.4386116082646661,0.2551225259034032,0.24085810079998327,0.024481115309320733,0.023443760280738024,-0.0017449823229819742,0.010080640037623729,-0.708746873141789,-0.2005728318147773,1.755014390221383,-0.20636952547394344
2023-01-24 14:30:00,0.01270954891184875,0.015067640201331592,0.4400700529159178,0.25586418061813027,0.2466727678505494,0.010013416572872838,0.018930811259809478,-0.0006121316550465019,0.010379008459142344,-0.2985545595656775,-0.07245723598348724,1.2189839877086448,-0.1936599765620947
2023-01-25 14:30:00,-0.008712317113094586,-0.014817384366751285,0.44156839179631024,0.25251740463484434,0.24199920836332509,-0.001311663337500213,-0.014928278180375343,-0.0011647582710050644,0.010506993270742391,-0.47447928828432256,0.004586411728612302,-0.774319238173943,-0.20237229367518927
2023-01-26 14:30:00,0.002915760167997595,0.009702610070153531,0.4465701264732928,0.2541976096405143,0.24499279664315718,0.006352952223038258,-0.02187272794537084,-0.0007873081318048234,0.010511427663975908,-0.31818318561079967,0.030464633845124277,0.3301399982660096,-0.19945653350719167
2023-01-27 14:30:00,-0.001889360485314478,0.0007422770079228794,0.5084156083486853,0.2564156050231774,0.24638665801725645,0.0007422770079228794,0.02093347981764219,-0.0007317539682691182,0.01050204727901311,-0.28220145556972,0.04061467476959907,-0.12504300020747874,-0.20134589399250616
2023-01-30 14:30:00,-0.0018342295041670542,-0.009225814376638128,0.5079632446419261,0.25619230521984043,0.2503192424044676,-0.004725919177063739,0.013683164193725986,-0.0009628106789708511,0.010471348611944901,-0.3468825751688039,0.04330033921554413,-0.1120165995711404,-0.20318012349667322
2023-01-31 14:30:00,0.012480499222700912,0.01996627236895347,0.48633321331894264,0.278468390593127,0.23634256114022412,0.012529763405598675,0.011103679298136198,4.46187544374501e-05,0.010757609864196178,0.04678910058584332,0.17610632236506782,1.4789998383014595,-0.1906996242739723
2023-02-01 14:30:00,-0.02383163607921116,0.0030470889803067744,0.31026986546049645,0.29278438947747554,0.19156526883216107,-0.06172223016916215,-0.05036424713375435,-9.010123343018081e-05,0.011049741127523183,0.03402773912887934,0.30870396453128457,-2.310611584238355,-0.21453126035318346
2023-02-02 14:30:00,-0.013534489800124661,-0.0042616748554015205,0.35707400668844924,0.26999621444403515,0.19688601715179865,-0.006428663780279176,0.018537658652343025,-0.0006638436102959763,0.011448115649324579,-0.15180949027318755,0.48321071255649534,-1.2018384934594766,-0.22806575015330813
2023-02-03 14:30:00,0.011346036592450408,-0.0014446794170452915,0.33641156903648584,0.2691958977806606,0.19345283983543557,0.01946053943081627,0.0007607883303366592,1.849993522557826e-05,0.011748176378330455,0.17440610581485744,0.6243033144644561,1.3241640210476695,-0.21671971356085773
2023-02-06 14:30:00,0.0002998719390413377,0.00012796985263367291,0.3314702725818482,0.26453279139317304,0.1828664073862909,-0.008412823762656027,0.004664884008018936,-5.872588300003769e-05,0.011740616278637152,0.19524765468853444,0.6485398134662229,0.18566932111395237,-0.2164198416218164
2023-02-07 14:30:00,0.00551380586518242,0.01016725138714314,0.3216294270225005,0.26485325364472867,0.14179637116669,0.010605242417116578,-0.022320583496236335,0.0005621561777104788,0.011687796238313003,0.5476776434208667,0.6573388889341185,0.702840818984522,-0.210906035756634
2023-02-08 14:30:00,0.010618120329430162,0.0008193365062619066,0.2832799277922263,0.2719248237547046,0.12857845685893166,0.017617546817481993,0.009760983670560589,0.0012762069877366809,0.01185118474263612,0.9829689475756734,0.7599874894695212,1.1991095256973974,-0.20028791542720384
2023-02-09 14:30:00,0.0004935318007813537,-0.0054377348338512,0.2647646616259731,0.2715170693635385,0.12653127423466828,0.008230383806416202,0.003127872966049698,0.0009557121435752424,0.011777439704354287,0.8573490110891133,0.7730127718786037,0.11264170408062295,-0.1997943836264225
2023-02-10 14:30:00,0.005923009848942299,0.009946801472927222,0.2791800268071301,0.2701181789980966,0.13059752954661144,-0.009935859239292336,-0.02921922612838427,0.00032372091668746145,0.01110269921755998,0.5427110875823139,0.525056196470638,0.6739779876747277,-0.19387137377748018
2023-02-13 14:30:00,0.00697285215728408,0.013292763232274055,0.27386616270512276,0.27589031416437404,0.13559963347162102,0.007237513271327748,0.01584217414306547,0.0008835972919294981,0.011143519417045986,0.8846871316272861,0.58415954021584,0.8005524505695366,-0.1868985216201961
2023-02-14 14:30:00,-0.00419033543011372,-0.0033543547869413124,0.2880199494177566,0.2734350958707672,0.1412504601359166,0.0009029698957398282,-0.003687558688985367,0.001112864801666964,0.010980303537996651,1.0940402452478983,0.5383316532837185,-0.3906770845108342,-0.1910888570503098
2023-02-15 14:30:00,0.007596860536094822,0.011623423501650501,0.28081432671491957,0.27579128436591366,0.14131918673727645,0.005136695054177279,0.02862133943573323,0.0022358062130947093,0.010393320803444591,1.8331193483245722,0.296474431062285,0.8824712374055003,-0.183491996514215
2023-02-16 14:30:00,-0.0022770325066078442,-0.009579232096659932,0.2818885953492121,0.27681635865647536,0.13971910417587458,-0.0019624044958235585,0.0002537857030732917,0.002555723677208911,0.010135051151849246,2.096703648651139,0.20434355373916951,-0.17633525392601765,-0.18576902902082285
2023-02-17 14:30:00,0.002178920815028535,0.0033070242419340756,0.2826607039514511,0.2753856772641977,0.14071647393103218,-0.007468002919962413,0.038919069719954735,0.0020623377485468907,0.009885826858987997,1.8260689280362785,0.10897459443248342,0.30453965569240055,-0.1835901082057943
2023-02-21 14:30:00,-0.014899100408688413,-0.027525590694405373,0.3101761225200618,0.28029428979556414,0.17221293880701338,-0.008833902973632918,-0.022554380345532993,0.0003940158429730353,0.009786570503777032,0.814370488772169,0.08639006322678977,-1.4911458497318848,-0.19848920861448272
2023-02-22 14:30:00,-0.0005075744008368535,-0.0018141859788577408,0.3056854559528306,0.2820170686369566,0.17085399286091388,0.0020548992666856725,0.004846870233898515,-0.0002668403226612449,0.009347581097314622,0.42173971355933276,-0.10873284883523658,0.051379284944679804,-0.19899678301531956
2023-02-23 14:30:00,0.02774883074928242,0.029251845023703666,0.27281026473636794,0.2880279573590572,0.15303735472315558,0.03448029332522591,0.014164018602804768,0.0015562170704576054,0.011019717154809578,1.6218747171746593,0.7776019844904454,2.829043366186611,-0.17124795226603715
2023-02-24 14:30:00,0.005373868090033378,0.0009627054721423519,0.28177826713669357,0.28661033796680935,0.1533629369023687,0.0006620829313725615,0.0022601822449147177,0.0016791224665593945,0.011049346597527281,1.685507870436779,0.8316676756149237,0.5914066161261335,-0.16587408417600377
2023-02-27 14:30:00,0.004609624119001507,0.0052237104426399545,0.28560082614793425,0.29160319006449753,0.14997318997864442,0.01197963852290555,0.0022708387800042624,0.0020040716967751936,0.011034431933310199,1.8462038825284501,0.8748033136333052,0.4895565340099258,-0.16126446005700226
2023-02-28 14:30:00,-0.0007645663676615084,-0.005913076868440115,0.2714767217522471,0.3507034013888865,0.23715778468284535,0.011620269489817314,0.008454914513588263,0.002057554853600471,0.01101742797711563,1.8530107428062916,0.9395339091377675,-0.034061935634066814,-0.16202902642466377
2023-03-01 05:00:00,-0.0034722091308654265,0.04941399566544128,0.231228786416242,0.43261861072264196,0.4099213999625005,0.0003536818923163612,0.049360698499162504,0.001259919435922154,0.010798408120009635,1.3001092329707733,0.8095773058090557,-0.33402573474197894,-0.1655012355555292
2023-03-01 14:30:00,-0.000582369759862568,-0.05538014006491979,0.23236111865522374,0.4337003567293655,0.4568599492531041,0.007077389086324791,-0.07504134772866458,0.0024223827518895834,0.009067838460857717,1.9295766501631897,-0.18221534333757097,-0.026876634000392374,-0.16608360531539176
2023-03-02 14:30:00,-0.011263987797356862,-0.003082134354689773,0.21759147744725077,0.4324436741247244,0.4460705057444021,-0.02200870975674644,-0.011870564172751378,0.002535907852027974,0.008869597364904289,1.9015908872332765,-0.2812921966848572,-1.1783864185384247,-0.1773475931127486
2023-03-03 14:30:00,0.001378097499898109,0.01450725221712427,0.21519163551088585,0.43554142226579556,0.45574659407358054,-0.002533207330486972,0.0009170631603595911,0.0020375108974003586,0.008625175991479413,1.543596893653232,-0.40591363785139634,0.17132164304976888,-0.1759694956128505
2023-03-06 14:30:00,0.043179304042379546,0.04600010097441657,0.22795030070151964,0.43187885790823644,0.3954571271651859,0.041169998598463854,0.04554142448811597,0.004181482502567269,0.01258899901115689,2.592172781764311,1.860033967605273,3.933842347360071,-0.13279019157047095
2023-03-07 14:30:00,0.03192757515062378,0.025201354104912126,0.19505853924545935,0.43507872139662235,0.36917102804827556,0.041574985979102405,0.04261277255127753,0.005502170966839337,0.014038220829791812,3.00794764409751,2.519688904085058,2.6661917489859714,-0.10086261641984717
2023-03-08 14:30:00,-0.007080059103319577,-0.0017545484674080791,0.1919959353783609,0.4352969620487401,0.36809982809196695,-0.009390456639431055,0.008504048294765365,0.004617261995201851,0.01425489673050548,2.383446859758223,2.455550719611324,-0.6906434126335991,-0.10794267552316675
2023-03-09 14:30:00,-0.008064480876743645,-0.015688818627758467,0.18784034311827696,0.4389440422938262,0.36965929564936434,-0.007655865664748924,-0.0015543972726179307,0.0041893613613256,0.014511336779901051,2.061669825415173,2.4106953496792385,-0.7625688454727673,-0.1160071563999104
2023-03-10 14:30:00,-0.02124597379853292,-0.029605189028158934,0.20762025058319206,0.4368806112260975,0.385479813601868,-0.01386816386715876,-0.01682153312350713,0.0028309121789518387,0.015573327504436537,1.3856850172498645,2.6928651166165105,-1.8034330372200575,-0.13725313019844332
2023-03-13 13:30:00,-0.01483760051402151,-0.007794041160672356,0.19245507657871064,0.4391244753189046,0.38893106219323537,-0.02316203729638063,0.01253768531770431,0.0017403895453865594,0.01602510849517364,0.8623124085351777,2.6697227204887906,-1.237586773864582,-0.15209073071246482
2023-03-14 13:30:00,0.015484356603326602,0.029403636287652118,0.19805004142953495,0.43591143668958293,0.3963494083096221,0.0162559180040102,0.019520853735202442,0.0027241241470585755,0.01624426441253687,1.268505100667477,2.5574449117516864,1.2203025744834275,-0.13660637410913823
2023-03-15 13:30:00,-0.05261898574194745,-0.04779517839648739,0.14648768413026686,0.4479646638941824,0.4096020846930863,-0.06137591402195941,0.0059050961307873795,-0.0002866681668435379,0.020354057199208457,-0.10356693781826315,3.648511733147517,-3.7601440579081027,-0.18922535985108568
2023-03-16 13:30:00,0.013689170042151429,0.02740704295666078,0.1418567145345045,0.45979994109767575,0.41790635699659817,0.020707373708294712,0.016549037771626567,0.0005116419605944257,0.020583695345117906,0.2451495563959247,3.3047552392556594,0.9744368263348235,-0.17553618980893426
2023-03-17 13:30:00,-0.01630337223764817,-0.019628790115347017,0.15333393201242707,0.45784053427162286,0.4236202928501093,-0.010016283418008642,-0.003900070136988898,-0.0004124726920394095,0.02091708806975059,-0.18403755161507507,3.0700244317330254,-1.126275224950862,-0.19183956204658242
2023-03-20 13:30:00,0.0120307668247857,0.015293145355378401,0.1557997953505042,0.45599835706664216,0.42285007096582633,0.007471365038644651,-0.004726651204326915,0.0009340206696342963,0.020801920246189844,0.41574614305540275,2.7782033026970447,0.8514694046571002,-0.1798087952217967
2023-03-21 13:30:00,0.013341499392983062,0.0181796373473256,0.12867768660468337,0.4667051829647322,0.4199091395657933,0.03832887289140437,-0.016440737382867148,0.0016264743593252921,0.020981138550115644,0.706760832000867,2.6107074934084973,0.9131264398686146,-0.16646729582881364
2023-03-22 13:30:00,-0.010357765049262202,-0.018908759058694786,0.1355464083402695,0.4677918485957731,0.4231159040346509,0.0007409598867080085,0.0023626004655508508,-0.0002788554306019391,0.02019978397616974,-0.17619725977863496,2.2591967143890996,-0.7218903490284937,-0.17682506087807584
2023-03-23 13:30:00,-0.011033097471023738,-0.006790141617467345,0.14449920382661602,0.46286412462667686,0.4228721537207343,0.0034646211921424514,0.007063573736264021,-0.001099203708654795,0.02029108592683224,-0.5658851296000205,2.1528784527337006,-0.7582863616686971,-0.18785815834909958
2023-03-24 13:30:00,-0.010405106120525299,-0.004859212605059948,0.11922382333133658,0.47072228219048945,0.4186649322923986,-0.036099354368768655,-0.008725789494225866,-0.0018499402206311351,0.020346436636212564,-0.9113553892924876,2.0531450543167225,-0.7035478750279688,-0.1982632644696249
2023-03-27 13:30:00,0.003737377110701627,0.0008199829004989315,0.12028928022377616,0.46954891057093856,0.4151808784976863,-0.00039787924852482026,-0.02049209597112985,-0.001624843046712978,0.020383944786139162,-0.8185079515699467,1.969528281584414,0.2695713474326959,-0.19452588735892326
2023-03-28 13:30:00,0.00886323103797159,0.007192683195977952,0.11524241023159426,0.4694447919607436,0.41655090526114646,0.004455922454427015,-0.008269174951528162,-0.0010080710382711275,0.020511328934071676,-0.5467682297198856,1.9138810543986935,0.6031147196737252,-0.18566265632095166
2023-03-29 13:30:00,0.00033970058988995293,0.010984913929919996,0.026608883307796982,0.5566207606515339,0.43561893071226826,-0.0035715617127292845,-0.002880064789810918,-0.0009619675207835014,0.020513372319292983,-0.5551613083202843,1.8299145109425987,-0.008208600871383837,-0.18532295573106172
2023-03-30 13:30:00,0.0006952781451499464,0.0061728798423723585,0.02530080043643823,0.5574399345319236,0.44132712879678443,0.0018387041405121263,0.0017772251977092868,-0.0003640042236581611,0.02037107608145602,-0.2924785857409959,1.7258050963301153,0.013507459986934874,-0.18462767758591178
2023-03-31 13:30:00,0.0008296084687821944,0.010469189647346333,0.015508020298814928,0.5584065220334472,0.4355842813579153,0.003177601848727285,0.003539990809117377,-0.0003914286752139568,0.020368976441801204,-0.3302056194788707,1.6592041544622507,0.019275876817263046,-0.1837980691171296
2023-04-03 13:30:00,-0.006777004655544903,-0.011519671126663892,0.027866705229742106,0.5506898155479278,0.43304994935995644,0.01385007840076243,-0.028552517193965822,-0.0028892441101101792,0.017622643950868988,-1.560498121867247,1.0270462950382657,-0.5032448478638136,-0.1905750737726745
2023-04-04 13:30:00,-0.024412510442179076,-0.026595416951565604,0.007528829366974743,0.5683742388504499,0.43482898723128943,-0.03165267486877728,-0.008461910494102793,-0.005706248389750322,0.016210659008811433,-2.783402924507093,0.690932456048668,-1.6790305381549786,-0.21498758421485356
2023-04-05 13:30:00,-0.00036975238558470923,-0.006119223227046944,0.004566420991308995,0.5712440369739991,0.42813042608939383,-0.032018309608758844,-0.021176248958643673,-0.0053707330538635785,0.01625012269980021,-2.5137114754062004,0.673578382360238,-0.0372538162806383,-0.21535733660043826
2023-04-06 13:30:00,-0.007440466739344105,-0.004039314627612867,0.0017889173783214307,0.5687203392552822,0.4258382083628392,-0.01110796481132581,0.011141955292833017,-0.0053395323469936015,0.016245276751503782,-2.3880285956595877,0.646652826431637,-0.5049098535343033,-0.22279780333978236
2023-04-10 13:30:00,0.013233084044135623,0.01243393900101449,0.013445567816380843,0.5593262942115841,0.44295306310135046,0.014439687624142125,0.004432064558735757,-0.0036155794548601745,0.01629781749418409,-1.6008776454724771,0.6334636012668072,0.9226805774607195,-0.20956471929564674
2023-04-11 13:30:00,0.014707923736348251,0.011083951730063083,0.01628223994463196,0.5543804323085715,0.44547051330293685,0.010222401826976016,0.0016279785489078744,-0.002138303242341686,0.01656395636502316,-0.9650437673537143,0.66893192065155,0.9946747703892588,-0.1948567955592985
2023-04-12 13:30:00,0.012433811437150466,0.007874242977797263,0.01998202572040375,0.5475583002585667,0.4410279289664006,0.008878448885936807,0.0071804017617084215,-0.002290830500650493,0.016406435601361836,-1.023197653502807,0.6069331590781846,0.8129619158650546,-0.18242298412214802
2023-04-13 13:30:00,-0.01042236868787679,0.0007387285604478766,-0.0044685719589313555,0.5435338063306343,0.4242442600832981,0.0005951867806071043,-0.005502100158154555,-0.00018099964794695997,0.011604042926245619,-0.1383423332169264,-0.5442110346492508,-0.7546109686694427,-0.19284535281002482
2023-04-14 13:30:00,-3.7546081038312816e-05,-0.00024093574273490828,-0.009131282494896031,0.5414104201718606,0.4254093188639619,0.010954561848090702,-0.0020783637483412867,-0.0008673354541064472,0.011137041720422678,-0.4584514169878874,-0.6743082967263422,-0.05301056220798373,-0.19288289889106314
2023-04-17 13:30:00,-9.71523839790303e-05,0.0009541035121355401,-0.003979193877133358,0.5332374244237578,0.4175796799873872,-0.004561817176971572,0.012762127113030042,-5.702446142299023e-05,0.010527733148432927,-0.1219941713665446,-0.8330526575771481,-0.04341788687514221,-0.19298005127504217
2023-04-18 13:30:00,0.003513909157791755,0.003990520299898733,0.008836397514122962,0.5169978246344241,0.40769401543452594,0.009187421879485586,4.610985946314639e-05,-0.0004828673447726875,0.010179546482389808,-0.32279223756164177,-0.918352960506745,0.22634780996997722,-0.1894661421172504
2023-04-19 13:30:00,-0.004665282771870213,-0.0048123674314278775,-0.004866422506292101,0.5272696641385798,0.404602684589855,-0.012503552831812814,-0.0013459672808857626,-0.0013832064530153512,0.009676361424854391,-0.7178732309039657,-1.034894044643998,-0.32800196689910094,-0.1941314248891206
2023-04-20 13:30:00,-0.001204808555307814,-0.004922607698978491,-0.022352373076073406,0.5353607752466654,0.3976075009696985,-0.004634857064115076,0.003890206073297782,-0.0009255586283176319,0.0094432034351842,-0.5159194040270333,-1.082552024106762,-0.09340400224866145,-0.1953362334444284
2023-04-21 13:30:00,-0.005033684324570636,-0.004253983392356646,-0.02416649817894434,0.5371177395354485,0.3963925322280524,-0.0071346822432657815,0.0015952566604114553,-0.0006255879709949768,0.009197317797286934,-0.3832954137843737,-1.1306456452232694,-0.35428732392526946,-0.20036991776899904
2023-04-24 13:30:00,0.006873938727408061,0.006124838216126564,-0.02312370890270199,0.5371877888429702,0.3965598097028609,0.0010975063911298584,-0.00917290397826705,0.0002383642714016912,0.009040546369555999,-0.004324169054468511,-1.155642053219382,0.4751861976816359,-0.19349597904159097
2023-04-25 13:30:00,0.0032045431240974066,-0.006328600536759543,-0.02082208001014829,0.5343176183933555,0.3949840144307397,-0.005328139641494367,0.012447445730573548,0.00021172257207148016,0.009030471879829631,-0.025080900021755212,-1.1457702269544419,0.21064038674868693,-0.19029143591749356
2023-04-26 13:30:00,-0.01781671644614979,-0.01548936360380689,0.029603123037360235,0.4970172883069504,0.39430391616352795,0.00797276573107645,-0.0021417293290660524,-0.0011222748021345887,0.009635526533248794,-0.6132050985993525,-0.993914180470799,-1.2266308413314333,-0.20810815236364336
2023-04-27 13:30:00,0.010049049527601203,0.02473165711925544,0.10167390436245688,0.48017432676865884,0.455919578597863,0.012718466493655194,0.021140142575736414,-0.0006368073552490266,0.009952443768345327,-0.3914618283669024,-0.9115529612516138,0.6977306342057854,-0.19805910283604217
2023-04-28 13:30:00,0.005691938725492529,0.010155151708646226,0.052267945769809754,0.5370585893296533,0.45301774491563673,0.01160292542682273,-0.0053523487547697535,-0.00038697432623189734,0.01004988045649198,-0.2820634033398202,-0.8795853988871337,0.3664951948245978,-0.19236716411054963
2023-05-01 13:30:00,0.005783073007913128,-0.019909620124101024,0.14125164262913503,0.4801278548687917,0.4352346968023351,-0.08413254661699965,-0.1188782388347257,-0.00013930109927535062,0.010142055268890221,-0.17008148636666184,-0.8480851464779222,0.38120745563647634,-0.18658409110263652
2023-05-02 13:30:00,0.00704103950645696,0.0021281834024168647,0.13528466865967675,0.4804699952219127,0.4248157113991475,0.014284444165084379,0.04561165253298608,0.0005516011088247425,0.010136737983450715,0.13434262521922946,-0.8395784956722346,0.46304900384019554,-0.17954305159617956
2023-05-03 13:30:00,-0.00032234894104158805,-0.0029180181205501845,0.13502241731445766,0.48104900432405284,0.4235591663573571,-0.00013478822738869712,0.015961840234732756,0.001756109183881617,0.00827442416841664,0.661701882842866,-1.2450300598420272,-0.06056630233377495,-0.17986540053722114
2023-05-04 13:30:00,-0.010887890874655672,-0.010987884162323954,0.13868162989772007,0.487104006333527,0.4338776702315836,-0.01862702292457582,0.00015268197923649397,0.001230202259428069,0.008737926103645637,0.4277719649222641,-1.1160922753871207,-0.7960822104521329,-0.1907532914118768
2023-05-05 13:30:00,0.009912594782925822,0.022029849595189093,0.13812144123748904,0.49419304955397064,0.43771196493248826,0.01561499544550508,-0.005111675800777499,0.002097855335541565,0.008693078617342653,0.8021250020382844,-1.104527508543764,0.6887516447266813,-0.18084069662895097
2023-05-08 13:30:00,-0.008394781877022958,-0.0071165562536947835,0.12811534765616933,0.4985106309142031,0.44329874518598666,-0.00407460788506353,-0.0071165562536947835,0.001016462039483636,0.008579463206019228,0.317096771091068,-1.1116956363004316,-0.6069498851176394,-0.18923547850597394
2023-05-09 13:30:00,0.02537774670233726,0.02289274711087989,0.12692724334435618,0.4916241178313217,0.4451605126185574,0.02420057437788307,0.022518791527847453,0.0015499531877830868,0.009730203654727338,0.5474867949060929,-0.8456084030572145,1.746555866473143,-0.1638577318036367
2023-05-10 13:30:00,-0.0009863617505363482,0.006424929202184108,0.12308823565586283,0.4941472679655022,0.4419322094788985,-0.0027411154631262384,0.017763445213661393,0.0008789445283987462,0.0093971716650377,0.2525873583710507,-0.9099948152705826,-0.09957222548304062,-0.16484409355417304
2023-05-11 13:30:00,-0.009422794021012402,-0.008517766861823003,0.12942990798088572,0.4897334984303942,0.4399704374541358,0.0017188109213453293,0.003454353253391088,0.0009289232617419655,0.009336363684100122,0.28593885011368686,-0.9166597950777796,-0.6686004041545129,-0.17426688757518544
2023-05-12 13:30:00,0.0032297464525715123,0.0028856308340737455,0.13052131051140328,0.48901097688320005,0.43931898902961847,-0.0026499423037208794,0.0013550010549757316,0.0010922878884224566,0.009347141455332197,0.37233104530579475,-0.9091495560428354,0.20832106322641272,-0.17103714112261392
2023-05-15 13:30:00,0.006417620427152852,0.00829665172520492,0.12082949611131127,0.4939548804457809,0.44090900978597797,0.020899732117821625,0.0032022420442835795,0.0014180265289790508,0.00941676640103402,0.5249220614648564,-0.8907306478930173,0.42532972421069404,-0.16461952069546107
2023-05-16 13:30:00,-0.020748585778203706,-0.022696929593915966,0.13970470387902278,0.47702152569723777,0.4395463944264782,-0.0005430304743299814,0.0018849341555274117,0.00020490178217927763,0.01061866986352079,-0.01941319086936193,-0.6301329163700979,-1.4490463685846657,-0.18536810647366478
2023-05-17 13:30:00,0.003328773819805327,0.009331698368624833,0.1374905480834993,0.4788776621103399,0.4333388236579867,0.01293266003944086,-0.009893851196163336,0.0006046046117630547,0.010576069003118768,0.1539138668994282,-0.646392176707316,0.2104433574956408,-0.18203933265385946
2023-05-18 13:30:00,0.0038024356875169876,0.012451407465023859,0.14827802628451398,0.4716004425513045,0.47433970817751536,0.015462800201053431,0.005186502579727895,0.0008549668239042947,0.01059023879868524,0.2724603084192898,-0.641045627667495,0.27936395351994514,-0.17823689696634248
2023-05-19 13:30:00,0.0008222616123821132,-0.000272532354863612,0.14598160020223688,0.4771752166676016,0.4753279446434453,0.0012379344158525891,-0.007991074556668957,0.0011477641207519322,0.01049942417115786,0.4093928896698012,-0.6583261100977778,0.07241945835724443,-0.17741463535396038
2023-05-22 13:30:00,-0.00308764337633523,-0.0013403019138712446,0.14770965634420063,0.47597983964851925,0.47772627620940233,-0.0016428013344306214,0.002803471898146337,0.0006496850155647676,0.010449649190112539,0.19547025824136907,-0.6663044880788683,-0.19763495480856183,-0.18050227873029562
2023-05-23 13:30:00,-0.006709292513811104,-0.013255243168176204,0.14493060007882075,0.4795757394516182,0.4769758672599793,-0.00977729727921565,-0.02397299254229838,0.00015399323366934204,0.010556667235255252,-0.015423080205216082,-0.6402978083433299,-0.4484604399095398,-0.18721157124410673
2023-05-24 13:30:00,-0.004953754111087862,-0.008476701848710485,0.15388122997453177,0.4935215196064419,0.45062566563186396,-0.0019517923401211803,-0.012842833721388688,0.0007971413504224385,0.009766460129448916,0.28247653379603277,-0.808816872095506,-0.3213711787418019,-0.1921653253551946
2023-05-25 13:30:00,0.01702376447261693,0.028215054097448438,0.14252602556833371,0.5274543976703534,0.3990039195548521,0.04165661620377607,0.045976841932622234,0.0011458770976732248,0.010227836850953614,0.4551871138303341,-0.7140578124114203,1.208500182671508,-0.17514156088257765
2023-05-26 13:30:00,0.0008760366481435321,0.015069459836025331,0.16107667382987723,0.5384345013045537,0.40093763125991694,0.015069459836025331,0.01898950535042484,0.0009050819938057749,0.0101717120078654,0.3600339164859632,-0.7343935412566431,0.05833435945083026,-0.17426552423443412
2023-05-30 13:30:00,0.0034153422108446534,0.005731550779199808,0.15954834826297837,0.538622283427419,0.36889494911269854,0.009601973738379638,0.01601485167995805,0.0007866954539523512,0.010125624297362133,0.3165163063910846,-0.7540760120744887,0.23545997583078712,-0.17085018202358945
2023-05-31 13:30:00,-0.01479290957309238,-0.01716238929627567,0.13157556410198368,0.5408242183120351,0.4203075553150761,-0.026332399863673417,0.00041057626162044336,-0.0003050020000251159,0.01058252851952957,-0.1648509170062109,-0.6425957802802257,-1.062823214099739,-0.18564309159668183
2023-06-01 04:00:00,0.097555871113714,0.1752320518803062,0.4873293018765985,1.117881917025093,0.6928243788130569,0.15927078793165136,0.1060982756503642,0.004588909002712664,0.02430675796767023,2.2499915961971513,2.2649052247089543,5.474988470253474,-0.08808722048296783
2023-06-01 13:30:00,-0.053289656885022005,-0.13302652163048012,0.6440456613858785,1.3015038556291585,0.7527339314583598,-0.11003958511568812,-0.0799649689835954,0.002468820702194347,0.02738233462598214,1.2635642522669066,2.6873737338833568,-2.7672545706795297,-0.14137687736798982
2023-06-02 13:30:00,0.007828836624066584,0.02256425338860857,0.6626698992762776,1.3191360095867983,0.7514127021220172,0.012168534773711936,-0.007871448522159596,0.0023646327942513845,0.02735647295434124,1.259834868597191,2.4944715805114797,0.4260807581557441,-0.13354804074392324
2023-06-05 13:30:00,-0.006218846260677171,-0.004312004387104292,0.6629866619781122,1.3208951089897183,0.7520038547905843,-0.00907254371412632,0.0023211249502752924,0.002473429575068674,0.027315727117655432,1.3257610517387115,2.333810786513063,-0.32720259221861536,-0.1397668870046004
2023-06-06 13:30:00,0.004341136945863634,0.001860480457464268,0.6956986799790388,1.3303801601207401,0.7496441035635919,0.002624781384537071,-0.006202684058121262,0.0014215990872449929,0.02678725507205583,0.7781555732237766,2.1216185566131687,0.21630522568370927,-0.13542575005873678
2023-06-07 13:30:00,0.03017582091791471,0.01944932088041525,0.7453922032611533,1.3149195895320909,0.7564748986340102,0.0024717973020767676,-0.007047570490717286,0.0029797082206675456,0.027535657808386155,1.5905037133396338,2.1311281842119767,1.5541163648239884,-0.10524992914082207
2023-06-08 13:30:00,-0.02632200234626011,-0.006897989479373627,0.8092181697500744,1.3203750149832307,0.7483309723834405,-0.011259480078867384,-0.0026365845187008947,0.00213474780440516,0.02818783386877762,1.11415595834376,2.144197658218744,-1.505948114496514,-0.13157193148708218
2023-06-09 13:30:00,-0.0018808830877522333,-0.0019044663027848463,0.8205559473565158,1.3385269689684565,0.7516528713261966,0.003935469912281109,0.0035981380864722468,0.001879216327388973,0.02820054677406653,0.9625554625969628,2.061959846811811,-0.1431200232377312,-0.1334528145748344
2023-06-12 13:30:00,-0.013401584659933616,0.00704181362786475,0.8159653590970191,1.3248292134287978,0.7483527619866953,0.008849282275440278,0.016632323504866913,0.0008882560730346496,0.02838032273405863,0.4403592728715383,2.0121469276574437,-0.7861769922871752,-0.146854399234768
2023-06-13 13:30:00,8.661611029884067e-05,0.00959502667734972,0.8127951429432221,1.3239181678897511,0.7465618967840205,0.00974584771532864,0.004877564261476267,0.001930016167459777,0.02792301076243749,0.9618197003163086,1.8782490069725584,-0.025868813623696505,-0.14676778312446917
2023-06-14 13:30:00,-0.010429086114452596,-0.00240100736315337,0.8432040900410829,1.3131651094236714,0.7478238357044654,-0.0017972511305260528,0.007854808017093854,0.001242123170746881,0.028055886915312297,0.6148253792371104,1.836658529115642,-0.5907849680185598,-0.15719686923892176
2023-06-15 13:30:00,-0.008918102918417525,0.014860277231863414,0.8712017237916476,1.3262428914151307,0.749212475383796,0.003987434274527931,0.0038737781977292354,0.0006060962404501553,0.02813885439852761,0.28116245606037205,1.7863128534298456,-0.5081589691788324,-0.16611497215733928
2023-06-16 13:30:00,-0.007613510000610797,-0.012815446924392663,0.8566420103708454,1.3343587628483702,0.7497409545060041,-0.018193426254152135,-0.011333373628884239,0.0001843076598005099,0.028198604386447303,0.05428761639022325,1.7365148210518644,-0.43922269305398903,-0.1737284821579501
2023-06-20 13:30:00,0.0199358093610724,0.0063464646612960696,0.9429395095458042,1.346792951071202,0.7558713368784047,0.018074659389999193,0.02872844373121164,0.0013354802966708914,0.028526051513991308,0.6217423466125528,1.7234783209108477,1.0667907275514146,-0.1537926727968777
2023-06-21 13:30:00,0.023602927135353443,0.012763245191994196,0.956310840827487,1.3331817961533512,0.7548794679424011,0.004730322071032486,0.004850957329628111,0.0028510912791291183,0.02887920028300933,1.3539270041505507,1.7128687008752415,1.235900482742245,-0.13018974566152425
2023-06-22 13:30:00,-0.007245358143608016,0.00044284571973847903,0.9610159699903973,1.3343247172363677,0.753463005725624,0.008110900702608967,0.013863965178942025,0.002736511077503111,0.028916318537668,1.2503545967329948,1.6638146403828573,-0.4414826369825069,-0.13743510380513227
2023-06-23 13:30:00,0.018325304183493603,-0.009331961057772564,0.9745509595985564,1.3494988259604586,0.7535229527448567,0.0053650554188487964,-0.002145145347991817,0.0028015880630469447,0.02895160775311105,1.2390351427351487,1.61746976980587,0.9374091396262715,-0.11910979962163867
2023-06-26 13:30:00,0.023868378795424652,0.01638340650349875,0.9988171608713547,1.3390759733482203,0.7524777452102067,0.00654183462535703,-0.0015845504336819242,0.003951205170411001,0.029325205407769388,1.734675710204835,1.6124133869004331,1.2028265360608108,-0.09524142082621402
2023-06-27 13:30:00,-0.011844788261934695,0.012404147564381685,1.015341183102862,1.3483164543948543,0.75296828461996,0.012099444727524,0.010118580276555544,0.0031881986467720337,0.029537637410643632,1.3141679037818534,1.5877318919614198,-0.7023668899830274,-0.10708620908814871
2023-06-28 13:30:00,0.005625286259864518,-0.007275929592911308,1.0801736146612027,1.3707707198708654,0.7546717541763254,0.007490506717060789,-0.017411646385329178,0.004209108438419878,0.029234750824297225,1.7427366703050418,1.498259306809973,0.2218393189294743,-0.1014609228282842
2023-06-29 13:30:00,0.014611390604338855,0.012978156132888774,1.0901333965873339,1.3631663676574122,0.7522773853083344,0.012978156132888774,0.001439123317871882,6.188441295112094e-05,0.019586975384261164,-0.3218633412656343,0.34937235662801763,0.6771837367131676,-0.08684953222394534
2023-06-30 13:30:00,-0.024721912610538688,0.009334855027185451,1.113989627328062,1.3344813445523278,0.7645537519243052,-0.0017899778629404395,0.0028873331502143884,0.0014902716266752866,0.016248702498410206,0.40082195381697794,-0.0453173018153465,-1.4111647416571536,-0.11157144483448403
2023-07-03 13:30:00,0.02679373832499777,-0.033952050359663165,1.0625938933978554,1.280330357722634,0.7433191083207026,-0.016954927656715545,0.03600672033239841,0.002438516711721846,0.01716558823659104,0.9736015085115096,0.06127401737647666,1.290467587594239,-0.08477770650948627
2023-07-05 13:30:00,-0.007857695988526345,0.005754027808295111,1.0556435286145542,1.280862604045618,0.7345929724546364,-0.005621663435805872,0.011284955239467449,0.0023565742253293873,0.0172129369058444,0.9207842379588195,0.06506741749760803,-0.5169584041441152,-0.09263540249801261
2023-07-06 13:30:00,0.015621771384603751,-0.005036223197268337,1.0330583003377607,1.277825039887066,0.7329691851411798,0.007111216248041267,0.017458211532715467,0.0029206059472663927,0.017464374372724252,1.2872753652206195,0.0930133546968289,0.7195685365614927,-0.07701363111340886
2023-07-07 13:30:00,0.010241623200312758,-4.281107719594779e-05,1.0284904897132634,1.2843572690829754,0.733216211262333,0.007244429394324237,-0.02153737387924548,0.0019238960613862954,0.016361001466860495,0.5578511100684618,-0.0373372802766468,0.43846072601190356,-0.06677200791309611
2023-07-10 13:30:00,0.017167662790417537,0.015387477668543204,1.0278030044957267,1.3095796833601148,0.7270457651158481,0.019669349142680592,0.007589359026651588,0.004098379318220178,0.015262508432727761,2.0644243156262987,-0.1749055625165611,0.7782397549848048,-0.04960434512267857
2023-07-11 13:30:00,-0.01984651149161189,0.0008751642372077187,1.0138757116649888,1.3051425272094939,0.7290200835967281,-0.011565121519140206,-0.021109489149802114,0.0032000978980271954,0.01613659968143791,1.3706813743804886,-0.0814610312619674,-1.14047273545481,-0.06945085661429046
2023-07-12 13:30:00,-0.032674685077001296,-0.001241711425450413,0.9628171131616134,1.2796747474233352,0.7282302168948135,-0.015804761038869224,-0.010495441623785942,0.0022364428771738114,0.017681716256997517,0.6455633062658922,0.08864599451265472,-1.7336015609683342,-0.10212554169129176
2023-07-13 13:30:00,-0.02232332843724373,0.0031362927113960013,0.9563876540291785,1.261008859608785,0.7280326379260584,-0.0003028647571346279,0.0069466015575352005,0.0011159456497966825,0.018515525543977743,-0.19561519087123402,0.17266604196209462,-1.1728343531825722,-0.12444887012853549
2023-07-14 13:30:00,-0.006519005122489896,-0.009683130253412312,0.9687488125569845,1.261569406478385,0.728597490020891,-0.005808979529869843,0.01673344876993795,0.0013114496993948174,0.018407534663560838,-0.08707888543369251,0.14314391976004515,-0.3791918395462114,-0.13096787525102538
2023-07-17 13:30:00,0.005253712592926353,0.006842685264380144,0.9632691470436032,1.2650729198426518,0.7295443183812385,0.018361208339458535,0.00880686294491606,0.0020200404749620114,0.018265245957152773,0.43272428416458875,0.10895226051100823,0.20494282376983347,-0.12571416265809904
2023-07-18 13:30:00,0.011677332583920867,0.01588236628524216,0.9575491054249484,1.2682829101226185,0.7267202576789599,0.023600257678037823,0.0057951113388131255,0.0029845826041885945,0.01823907914538641,1.1634191063452097,0.08813555659152317,0.5118772894463127,-0.11403683007417817
2023-07-19 13:30:00,-0.003960947381559003,0.006573790023602329,0.9519293307545584,1.268623780332032,0.7248312485495364,-0.003644197531062747,0.0007281104808723642,0.0017897447670570242,0.017848720582838366,0.18623744558360347,0.022272821467592675,-0.2609524716073354,-0.11799777745573717
2023-07-20 13:30:00,0.012761281052561434,0.002285503654633425,0.978020647110259,1.2735790642478695,0.7250652679728772,-0.015981661274285575,-0.009459432928526024,0.0012476624629174237,0.017307805238621275,-0.26900081252310676,-0.06264693003726175,0.5656431542397322,-0.10523649640317573
2023-07-21 13:30:00,-0.002247838773592253,0.009484771701949057,0.9715346440676453,1.2736227557922999,0.7133733441088461,-0.005489372678415538,0.0006289378739221529,0.001497538431418212,0.017214560378173392,-0.10498651242745083,-0.09100532357478523,-0.19721576111176084,-0.10748433517676798
2023-07-24 13:30:00,0.001798906092701203,0.002603297120791289,1.0067910980956218,1.3092672690739509,0.7131839073846443,0.005232642535319373,-0.013529566113225902,0.0006712185268785918,0.016754797776080278,-0.8514619225676641,-0.1649604171102083,0.013051280668269478,-0.10568542908406678
2023-07-25 13:30:00,-0.013202582429584291,-0.001475249218404584,1.0042649682688107,1.3044851667887778,0.718913260521918,-0.0032327265218851098,-0.006728533035548767,-0.0011823295343718553,0.016090865375271608,-2.4054194721199327,-0.26480078856318,-0.7230303952582464,-0.11888801151365107
2023-07-26 13:30:00,-0.0020287679365803765,-0.006037057848049828,0.8427620531337751,1.3944360392796278,0.7259411521477541,-0.006037057848049828,-0.006385459589200189,-0.0006915285181041394,0.015897059875596236,-1.9505437633647278,-0.3046608310442207,-0.15655975165914182,-0.12091677945023144
2023-07-27 13:30:00,0.011216829991159114,-0.0068580898311484395,0.8536876612602204,1.4084554793984267,0.7303164349044625,0.010832090317111964,-0.00047311167570074364,-0.0004119513315394096,0.016062308489882004,-1.6713521199713615,-0.29866593863393215,0.5032064764626584,-0.10969994945907233
2023-07-28 13:30:00,-0.02743696955448287,-0.0044298267740391735,0.8763275600695066,1.378061091312315,0.7291105895387945,-0.002197341207372176,-0.0074676206509371275,-0.002514369339480496,0.016730377200083472,-3.0711185151983282,-0.23302781259945052,-1.3856006903070655,-0.1371369190135552
2023-07-31 13:30:00,0.007923875202577807,0.009296015239032377,0.8998890952973987,1.367177941470379,0.7321559415315065,0.00884833227703378,-0.009690587218357768,-0.0008820799488246711,0.016027442751289395,-1.7577770992069022,-0.34732954350254486,0.3401728629398298,-0.1292130438109774
2023-08-01 13:30:00,-0.06188077906361392,-0.0279148145189488,0.3252930234676519,1.4247269754564047,0.6485620800438144,-0.08017014672649088,-0.007109870690615822,-0.005315805818255255,0.019791586964158475,-4.150627645994647,0.13711258538730778,-2.8299682253413088,-0.1910938228745913
2023-08-02 13:30:00,0.03190922293401114,0.0017073315604846002,0.339565070728008,1.3634190279911718,0.6489555469337317,0.0017073315604846002,0.014800527314058417,-0.0033274598721283813,0.02145080362201755,-2.68833942657303,0.34027752612193807,1.416959237958918,-0.15918459994058018
2023-08-03 13:30:00,0.008535930536904343,-0.0016106744940578288,0.3157057868879478,1.3854607679944881,0.6571883075360038,0.021181675047113768,-0.011735392266340572,-0.003681751914513352,0.021178140113069087,-2.6643115236879567,0.2796698089794672,0.378829056423333,-0.15064866940367583
2023-08-04 13:30:00,0.012068012139163148,0.001617862365674368,0.3114375405789438,1.3871660826921666,0.6542274753107522,0.01320265166223685,0.00023552732253292086,-0.0035904324675708316,0.021245168692468532,-2.4392220413692622,0.2655211813761574,0.5285595429518998,-0.13858065726451269
2023-08-07 13:30:00,0.0013888247927892304,0.012944053417443277,0.2998490520449997,1.3908865158419434,0.6561386774072437,0.013100372043342431,0.011793504469253055,-0.0043793743674522476,0.02072023237061686,-2.6286488467011724,0.16605498727633203,0.0350956974889301,-0.13719183247172345
2023-08-08 13:30:00,0.011420360597814275,0.001008373415033496,0.3042092181879803,1.3839167381315667,0.6574380730290947,-0.0036805482563077767,-0.003933002221012856,-0.002816030762980939,0.020671300967381265,-1.7889312673575513,0.13395380597448645,0.48464377147910787,-0.1257714718739092
2023-08-09 13:30:00,0.028610569112346797,0.014862676618117207,0.3281145737882607,1.3517409276450885,0.6427427180643078,0.012684673456359449,0.0022840143588964325,0.00024823194648646555,0.02055422714011867,-0.337815554940054,0.09078556537983046,1.2331610406231635,-0.09716090276156239
2023-08-10 13:30:00,-0.00439082096851311,-0.0021300331972547992,0.28047072148905894,1.359748812472258,0.6372364521842134,0.0009744990374523921,-0.002017067751876489,0.0011448573199229965,0.019898446839429203,0.07649464189073471,-0.03291167795217125,-0.26169342775884163,-0.1015517237300755
2023-08-11 13:30:00,0.002213369213466216,-0.004208682789103542,0.2772800014060861,1.3641500310229204,0.6369328365052511,-0.009658549688810265,-0.019569070940867423,0.0015814760367208022,0.019817071000666205,0.2742442079335635,-0.07064181764819043,0.037757404379998985,-0.09933835451660929
2023-08-14 13:30:00,-0.005528076028711264,0.00864060030013758,0.27336598778032184,1.3770446148968423,0.6357396751792522,0.016539171381878437,0.012867703932563646,0.0010423866056389214,0.019858523052644354,0.019121357389882392,-0.09027437804540184,-0.3050455276903167,-0.10486643054532055
2023-08-15 13:30:00,0.014353144266381327,-0.0031103088704335833,0.24766250190262062,1.3700553699973903,0.6360365876017283,0.013124245542173988,0.01766712052724077,0.0011761771897619445,0.01994277868770624,0.08185091769211532,-0.10434285399689894,0.5814134360358594,-0.09051328627893922
2023-08-16 13:30:00,0.0034055236803056683,-0.008689646383044,0.25032656347925064,1.3678057014802631,0.6363472657233579,-0.013132678763739877,-1.9788530081296316e-05,0.0015445007428551778,0.01991090775649862,0.24806869402431497,-0.13885928922642013,0.08332769237809026,-0.08710776259863355
2023-08-17 13:30:00,0.006908542891414743,-0.0072261743277065955,0.2507163745570835,1.365396040557987,0.6402937240436706,-0.005014451769455623,-0.01919417306584174,0.0012518638347978435,0.01977995365664879,0.10194278545752179,-0.1917000472114606,0.2311419185780251,-0.08019921970721881
2023-08-18 13:30:00,0.005465368681980905,0.0065270294024339925,0.25355404309316665,1.3634387487921131,0.6393911915289837,0.0013021792733263204,-0.0033658879781486295,0.0016375242075765011,0.019783320716427726,0.27684670832920577,-0.22725095800028153,0.15831355607340636,-0.07473385102523791
2023-08-21 13:30:00,-0.017124036053264752,0.004076326891627143,0.26873349653816603,1.3457855707649033,0.6469998328100783,0.010376538866968172,0.010381696769051946,0.0006913771002782036,0.020222814116665735,-0.16496070252281067,-0.18449657980625334,-0.8337044405893739,-0.09185788707850266
2023-08-22 13:30:00,0.003283486998364411,0.0036275832199476423,0.2543372031850579,1.3875789125932982,0.6435106173552948,0.0007743706129272145,0.011333251548628668,0.0015156805716756386,0.019960974297487565,0.21813369157495507,-0.2727592995955795,0.08355008003081954,-0.08857440008013825
2023-08-23 13:30:00,-0.007939670211689353,0.01629462867739336,0.2535509541381731,1.378829162338029,0.6657755174344676,0.012343445169891238,0.018806817969844698,0.0012201354579201898,0.020059730554046168,0.07569247841034504,-0.2975064311583472,-0.4127626665202408,-0.09651407029182761
2023-08-24 13:30:00,0.013576243375321213,-0.014812487522206763,0.2684178382932001,1.346619539020769,0.6627627969173177,-0.008987479751958793,-0.007943562001655247,0.0013381061271282948,0.02012843519922348,0.11872302002207903,-0.32912376657346554,0.5346314237283816,-0.08293782691650639
2023-08-25 13:30:00,0.00399035685062263,0.012397070873033508,0.25066263252633253,0.808348715507363,0.4842167073458031,0.004795952858566229,0.0027141794670884813,0.0029094724473835696,0.018956417853629427,0.8890822528401274,-0.5543994691007454,0.20988219293616117,-0.07894747006588376
2023-08-28 13:30:00,0.0011789419061293835,0.00521144513383176,0.05549773032093874,0.26824444975933787,0.0929453646208022,0.005368779379939959,-0.0015246482311895848,0.0025722257825611483,0.018922481162684503,0.7258209835780957,-0.53749527833396,0.007035154333659173,-0.07776852815975438
2023-08-29 13:30:00,0.0016570510964878209,0.009192698897898236,0.034059546810392444,0.25864478611193664,0.06909125222658936,0.005420216919211832,0.006471295304372996,0.005749117290566235,0.011350725670340282,2.1414795748173074,-2.0250739386939767,0.041495526599021226,-0.07611147706326656
2023-08-30 13:30:00,0.011151335457445252,0.01455626874863262,0.029325485459956335,0.26622597754840854,0.07193933058201422,0.019097495359011098,0.009579714813943522,0.004711222916737941,0.009655183584193153,1.612626987085517,-2.2409619720297256,0.5864964420022665,-0.06496014160582131
2023-08-31 13:30:00,-0.0008037650391439731,0.0017433620581167226,0.030409780913498774,0.26584337579564915,0.07607854440445798,0.011339106161887788,0.0010681230188654596,0.004244238137935526,0.00968627362749144,1.357671404026805,-2.117256093730559,-0.11636510822796556,-0.06576390664496529
2023-09-01 04:00:00,-0.0026851543097647698,-0.017798400011555266,-0.011693199229918655,0.3410267982134632,-0.06766427126759678,0.03862577173149433,-0.04183132460536039,0.003506579815489129,0.009620636490062607,1.0209587482857314,-2.02874614810412,-0.2004541889851553,-0.06844906095473005
2023-09-01 13:30:00,0.011661896285511071,0.03636787737461881,0.034069900468569336,0.3976698255156143,-0.11543651421499428,-0.018043930115716,0.03984939383814704,0.004020233390125221,0.009774628229570115,1.221129948887718,-1.9159174721538255,0.6457716373267146,-0.05678716466921898
2023-09-05 13:30:00,-0.005879302809021859,-0.003976252073753776,0.039453371081043465,0.39575838759911797,-0.11844763428230132,0.011349488902215838,-0.00926605996070477,0.003155250219783414,0.009850457643839978,0.8273246384064575,-1.8278128488077219,-0.43709099462861173,-0.06266646747824084
2023-09-06 13:30:00,0.007753098340745867,0.00658852139754081,0.04387926706965284,0.38960378316888816,-0.11778498375566478,0.0043186410434377836,0.00614997760600174,0.002112376681203368,0.007930666803917954,0.3622122680200753,-2.0858361148093008,0.38741533819299634,-0.05491336913749497
2023-09-07 13:30:00,0.009258952519362606,0.00967292209616403,0.062007622614392244,0.37157540666114464,-0.11711526085826879,-0.0034295585217609306,0.010659236103497874,0.002794865355597154,0.007928895170485195,0.6520304868825119,-1.9967256328798864,0.4708072440903171,-0.04565441661813237
2023-09-08 13:30:00,0.0017842666215569973,0.005252545925102344,0.06017444334927982,0.3769485210871293,-0.11901445641297015,-0.0035292732880999695,-0.0043999724417946124,0.0027734102260016926,0.007931131728669116,0.629418597574963,-1.9174753692127502,-0.006528786934822073,-0.04387014999657537
2023-09-11 13:30:00,-0.009897932325295929,-0.003281463043635043,0.05923193077686373,0.3610151586560883,-0.12712698277317777,-0.007396598014075514,0.00986379576610811,0.0025549174111724597,0.00822655400537934,0.5197312060166925,-1.7989337610869727,-0.7347493450948135,-0.053768082321871295
2023-09-12 13:30:00,-0.013138974366471049,-0.014994488773822775,0.06104471121628305,0.3650935354173053,-0.12685340737057046,-0.016255550621723534,-0.03855264959559109,0.0011803114795298408,0.008445356488441346,-0.08324768600652756,-1.7037388869039274,-0.9271983446009787,-0.06690705668834235
2023-09-13 13:30:00,-0.024934283321537656,-0.02141696229870556,0.042849982550725266,0.3680001915583127,-0.10266390639211864,-0.033381665491004256,-0.01388830369635537,-0.00023667887056232542,0.010239295147823723,-0.6843929733257419,-1.351205245107291,-1.5955697114984462,-0.09184134000988001
2023-09-14 13:30:00,-0.0010258189766345878,0.003800681494545932,0.01700974716484832,0.39921850233742956,-0.10464168268089014,-0.010823016907448357,-0.007902806361087533,-0.0006333969639647918,0.010100653914545923,-0.8289461296336664,-1.346459131950608,-0.1029673452957559,-0.0928671589865146
2023-09-15 13:30:00,-0.007934570961883582,-0.01391383490941737,0.004607680972636405,0.42239042585708353,-0.09475195210920777,-0.00962054738071009,0.0005461110770846513,-0.001303393946158016,0.010119224176492154,-1.0816011297738943,-1.3176245710457817,-0.5337460764527585,-0.10080172994839817
2023-09-18 13:30:00,0.0037201252315612757,0.005610713828857065,-0.0025594851196134236,0.4216857511206154,-0.09891412145105243,0.006355865473420412,-0.0028634021621231813,-0.00026118588191671483,0.0094556981873987,-0.6135178139016968,-1.4191397457876345,0.21159829293881569,-0.0970816047168369
2023-09-19 13:30:00,-0.008696586952818537,-0.008536880636130265,-0.03588697588984213,0.4653332612360525,-0.10252857309455694,-0.0030994770743372566,0.00079978523369891,-0.0008601895794758622,0.009597723175226471,-0.8412887225162653,-1.3777392295038433,-0.546814646487577,-0.10577819166965544
2023-09-20 13:30:00,-0.0059768118623476476,-0.011968989287297985,-0.037822328382942194,0.4686758444292094,-0.09975813753286744,-0.012906300381755923,-0.002653787971884017,-0.0007620466620087771,0.009531326879892934,-0.7720309562253054,-1.386770508375003,-0.37992452840018426,-0.11175500353200309
2023-09-21 13:30:00,-0.002402146399697472,-0.0097600322756356,-0.05512194188824682,0.4840087560160707,-0.10889646423967192,0.00069570832262833,0.003956704796058141,-0.0015609661507597111,0.008916028053310187,-1.082841397887573,-1.5184394341462526,-0.14122176644369833,-0.11415714993170056
2023-09-22 13:30:00,0.0034772588030017575,0.004428026189730298,-0.05662839408459258,0.4865738469736729,-0.115670379721748,0.00632035549330016,0.002745589326932622,-0.001586621053140755,0.008899937695936786,-1.0725790718921646,-1.4638993637642563,0.25163206948774186,-0.1106798911286988
2023-09-25 13:30:00,0.004722395743774596,0.007954643154414595,-0.05943688447219575,0.48812663691848934,-0.11671479318691252,0.00937676084692248,-0.004585960825942462,-0.0014094483612584943,0.008992676786804366,-0.9679341400894642,-1.393632738409687,0.30706079710773565,-0.1059574953849242
2023-09-26 13:30:00,-0.014033267761258683,-0.018943294304279473,-0.020317884468504688,0.42591242440621996,-0.13838871687535045,0.01096174273497082,-0.01319287473874679,-0.0021939643041458197,0.009386845700999959,-1.258313989307585,-1.2649814018703203,-0.9105510011089869,-0.11999076314618289
2023-09-27 13:30:00,0.014794151019365789,0.01803316135697508,-0.058659293898587206,0.45296893624733725,-0.12650863941325288,0.03727958567396994,-0.006880859159406283,-0.0020118235260497925,0.009689875626083963,-1.1416735820653432,-1.162127978024328,1.0091488632961478,-0.1051966121268171
2023-09-28 13:30:00,-0.0049275775110081705,0.0008159094014171068,-0.04792809266913988,0.4406083006238511,-0.12767632608482293,0.022435856141679016,-0.00026926120035760304,-0.0022180141496430023,0.009706677104632683,-1.186788561659825,-1.1213093707109623,-0.2970084936979966,-0.11012418963782526
2023-09-29 13:30:00,-0.010180104633996044,-0.00909675448126209,-0.04956622768805551,0.4409403737552469,-0.1228364624509362,-0.010796685685752169,0.011066045300456887,-0.0025927616658545658,0.009868983787050103,-1.2964206005829757,-1.055523346505717,-0.6311860209691157,-0.12030429427182131
2023-10-02 13:30:00,-0.0023476101332534933,0.012301573028103788,-0.027222274146080666,0.4213725866048914,-0.14028785529240345,0.07093777444321807,-0.027609300520342127,-0.003293236986792794,0.009283804492518234,-1.5327768384392597,-1.142301227683473,-0.07781545698715375,-0.1226519044050748
2023-10-03 13:30:00,-0.013032652573818602,-0.021036746093591446,-0.04310910501781637,0.4472174971608118,-0.1271830633341913,-0.03260459637727679,-0.020359422505235186,-0.003650904475032632,0.00952338244352664,-1.6147306491963802,-1.0613259382163787,-0.828301624315796,-0.1356845569788934
2023-10-04 13:30:00,-0.007612303057008349,-0.0012077163694835062,-0.036206585851270956,0.44306822224050335,-0.12829365118167393,-0.00015215037905029027,0.030194047805469377,-0.004419174544920342,0.009168131505225465,-1.8374603765684472,-1.0960017097294192,-0.5010914274599105,-0.14329686003590175
2023-10-05 13:30:00,-0.011069765276834944,-0.01196789365514069,-0.034375751765607906,0.45119317794548025,-0.12619026881499326,-0.006156000154737681,-0.005787248230391414,-0.00543561043473022,0.008686088179503004,-2.1149691835269553,-1.1521994289472237,-0.7774030857831141,-0.1543666253127367
2023-10-06 13:30:00,0.009447167477028716,0.017340346679297736,-0.02997368450849739,0.46240533304157794,-0.12422795282970511,0.003168629575754811,0.01135586816834,-0.005052465391956634,0.009176482758622808,-1.8719443317681588,-1.0203647241118012,0.7099477656430726,-0.14491945783570798
2023-10-09 13:30:00,0.007657277272801621,0.010454013810042776,-0.024109374105915467,0.4620601817492602,-0.12019398430108326,0.0004975175112317629,-0.022906478640708126,-0.004174704912051757,0.009521716508695618,-1.4853040182481956,-0.9212694040468626,0.5748924282250257,-0.13726218056290634
2023-10-10 13:30:00,0.006760451618745493,0.00972321269503281,-0.011710977445012916,0.45276946268698864,-0.1293519394194823,-0.003939889458866067,0.008481499839013215,-0.0031797336127909297,0.009575238856281214,-1.0837846833705094,-0.8811429559339996,0.5174038914687868,-0.13050172894416084
2023-10-11 13:30:00,0.010398953430382801,0.014239976816306918,-0.006755604012412431,0.4567479535173363,-0.12216877498064081,-0.0019688199635691604,0.027092319069065916,-0.0014130717751949064,0.008555445208999545,-0.41662740641392515,-1.0468030982286467,0.7640216210965677,-0.12010277551377804
2023-10-12 13:30:00,-0.009004041085747556,-0.01004807135344595,-0.02358825357453126,0.49119895756839205,-0.12079279829597371,0.005398649879950127,-0.011190128112543348,-0.0018119828806505548,0.008720838505986121,-0.5449367094739025,-0.9818410880694347,-0.6328081485571075,-0.1291068165995256
2023-10-13 13:30:00,-0.015956379699666907,-0.023449842825864597,-0.05690506433437792,0.5272789808872556,-0.09944397583155411,-0.03470486569346709,-0.0454667555446816,-0.002213073317539721,0.009189146534140952,-0.670012639707066,-0.8620686028322808,-1.1152390470888687,-0.1450631962991925
2023-10-16 13:30:00,0.011698639524136833,0.01716432151202533,-0.05174301605681578,0.535212046031673,-0.08808534911276687,0.006877618754360142,0.01046724670354841,-0.0018141476029109433,0.009623211908119133,-0.5072509989668889,-0.7530411843736738,0.8789448988353131,-0.13336455677505568
2023-10-17 13:30:00,0.010227719059767531,0.008818141139785038,-0.051726992908596336,0.5348313819110144,-0.0864994038244426,0.011488695550447478,-0.0016044582082560908,-0.0008679323022816401,0.009838832982134518,-0.16078817058675626,-0.68949209024603,0.746291135211136,-0.12313683771528815
2023-10-18 13:30:00,-0.022949128691497747,-0.029943276415042946,-0.04891208303451443,0.5570289995403928,-0.06054529867004079,-0.021240283455161085,-0.03905098784248988,-0.0017165481437391452,0.010969636709545701,-0.46630674766280683,-0.4540449332225883,-1.5966334041468873,-0.1460859664067859
2023-10-19 13:30:00,-0.008784326890465157,-0.013698140652983989,-0.05268009066285566,0.5641289378889708,-0.05635227825937811,-0.0037369857242298323,-0.011958497459351588,-0.0020356571682775297,0.011082875603717615,-0.5720915444418267,-0.41633148466993936,-0.570931181877229,-0.15487029329725105
2023-10-20 13:30:00,-0.011253881915656063,-0.019720389371184293,-0.060658905595901036,0.6032735479501188,-0.04552288475601509,-0.009317980160273225,-0.00294455576992873,-0.00277221420421042,0.011186235905520708,-0.839562036796282,-0.37931747720194564,-0.786340281846345,-0.16612417521290712
2023-10-23 13:30:00,0.0015638184356393235,0.003683863278059696,-0.062309065921178824,0.603706276257416,-0.04865934619460551,0.012127708931974457,0.019859168773274094,-0.002930143069617184,0.01109679605537251,-0.879153147851507,-0.381305696770239,0.15765859298998122,-0.1645603567772678
2023-10-24 13:30:00,0.010612858963742837,0.019163413741136504,0.07869562264429275,0.5873015290641317,0.051856968053749286,-0.006557795640792952,0.033240057879989626,-0.0016978367333671078,0.011167152771047349,-0.4642207126949171,-0.3443309453749061,0.8994682438619848,-0.15394749781352496
2023-10-25 13:30:00,0.008786349568799763,-0.004594707283781123,0.0786438730875979,0.5944938782559966,0.048025028628676414,-0.010186020631264763,-0.0027671506900927385,-0.001998226805895409,0.010774063734374908,-0.5886937305029878,-0.3963308365836507,0.8236117001980052,-0.1451611482447252
2023-10-26 13:30:00,0.010724594360187844,0.0015324011231914552,0.09387518506822368,0.5722776053318542,0.047548009395058134,-0.007060736368403838,0.009313570521519857,-0.0012156182123356086,0.011113216636892066,-0.31384779018164144,-0.3009851601416016,1.0035181177847348,-0.13443655388453735
2023-10-27 13:30:00,-0.01669694771503937,-0.015762314072096977,0.12182878252887175,0.5550440415875205,0.05918475975662185,0.003115152376618042,0.008225789951352664,-0.001541460366387775,0.011479396143414611,-0.45583238044194024,-0.1964793481270314,-1.5662460061774064,-0.15113350159957673
2023-10-30 13:30:00,0.0021947929013493494,0.009822867232546514,0.1238798730212532,0.5507008988410915,0.061409786663195666,0.0021606101385210543,0.0065142202706450405,-0.001314340214657633,0.011507508350498411,-0.39585157441618074,-0.16204742338185923,0.227035879021216,-0.14893870869822737
2023-10-31 13:30:00,0.018748949689279027,0.02327975475131024,0.13138563170912126,0.5582554414107409,0.05823450487852999,0.014662002928511237,0.01998231340554731,0.00027473989849724863,0.011988471359911785,0.20902143974114068,-0.02504949155535444,1.7578828208224524,-0.13018975900894833
2023-11-01 13:30:00,-0.0012592729374970232,-0.053622479492500985,0.12026503927824084,0.587424262587105,0.042430997377328285,-0.015540897869075754,-0.058469847768286454,0.0005923914044728149,0.011851882294686828,0.3321739119367778,-0.023902561805515303,-0.0686167639792968,-0.13144903194644536
2023-11-02 13:30:00,0.026895378547109036,0.04152020252216334,0.14317243010078862,0.605772838784689,0.06602112949259185,0.022802277971729033,0.011281396888769356,0.002490648595670014,0.012881338585849868,1.0657948751550541,0.25255323360887966,2.5377241063170364,-0.10455365339933632
2023-11-03 13:30:00,-0.017335864308652728,-0.008848931506610517,0.14245256771551063,0.5941071972685986,0.06607101018600928,-0.014702767879450055,0.0012012441486509342,0.001151497006385942,0.01349752357582625,0.5441331971662137,0.44066719935371035,-1.5638798901598732,-0.12188951770798906
2023-11-06 14:30:00,0.001662587560675079,0.004365641570388361,0.14417035341132656,0.592250687128672,0.06547263528250344,0.006952212742501389,0.015671788403421687,0.0008517625207796148,0.013411736675414069,0.42781520000984874,0.46192280342725345,0.17721056903736224,-0.12022693014731398
2023-11-07 14:30:00,-0.01762621957700441,-0.013068969656721404,0.16212949320217024,0.5772309007447766,0.06903657577991844,-0.005775544820429709,0.00910135177105779,-0.0003675710390078805,0.01394426247094107,-0.04175272602866832,0.6494766921147778,-1.5472152929057863,-0.1378531497243184
2023-11-08 14:30:00,0.011659886722441866,0.011400672498607692,0.15912587682664148,0.5775812960996415,0.06706098048494297,0.01874761458573463,0.023930317196021157,-0.00030452437440492723,0.013998249617506758,-0.004757971936432226,0.7194486414700342,1.1204463743345752,-0.12619326300187653
2023-11-09 14:30:00,0.005604772900213197,-0.00023584664238833022,0.15591689365777334,0.5763802468569685,0.06504900952804638,0.012922008660844883,0.0027854569382195957,0.0004259163248931104,0.013901223319306892,0.2907426971830122,0.7524644538734773,0.5720759819054161,-0.12058849010166334
2023-11-10 14:30:00,-0.000983278264642012,0.013325030255210072,0.15307829459280053,0.5766802399128855,0.06541900428587066,0.007991726922901435,0.002294630563399883,0.001174571396644355,0.013365376919325773,0.5923446907286797,0.6604673234030816,-0.018516083762989247,-0.12157176836630534
2023-11-13 14:30:00,0.007323936717632397,0.004509075539109952,0.14370403137042587,0.5839758467556657,0.06458393580824273,0.01644536543730546,-0.0026842975016292403,0.0009558362563191335,0.013219074110390399,0.5031441740935085,0.6963917032329627,0.7140556976239083,-0.11424783164867294
2023-11-14 14:30:00,0.008778506325108733,0.028729749216544215,0.1629823099258686,0.5850471277417879,0.08843427510828562,-0.011203184838635066,0.019802276545987835,0.0008833756195861936,0.013169453954612708,0.47975584402035154,0.7724737746309939,0.8362479692064444,-0.1054693253235642
2023-11-15 14:30:00,-0.007472441554474681,-0.0069158207132548055,0.16535793613130523,0.578943800043342,0.08172535771669577,-0.0038502433763308863,-0.005028008981358689,0.0016572099764373468,0.012107220243488143,0.7837109017133123,0.4875169256519459,-0.6647697586658516,-0.11294176687803889
2023-11-16 14:30:00,-0.0007100772985450109,0.0013209564135285474,0.16592122007207966,0.5763615142137951,0.07786908485477435,-0.004019635415329052,0.02082450600751991,0.002060922456033354,0.011873077772484914,0.9358870053059957,0.5100409777689644,-0.01856449239242181,-0.1136518441765839
2023-11-17 14:30:00,0.001125655803020824,0.00227564684419194,0.16420301675954152,0.5748061031401785,0.07549857132445383,-0.0004610288365068569,-0.018701073630637517,0.0026798993419671984,0.011457834829420852,1.184932558729191,0.4338610871907133,0.15808131786256405,-0.11252618837356308
2023-11-20 14:30:00,-0.007879539395319862,-0.001056257659505122,0.16870313503383852,0.5674065602900563,0.07625985657343477,0.0019939970148206143,-0.0024730897069228375,0.0022077314504192393,0.011698301406363444,1.0025184393430815,0.7335179665673127,-0.6699920464271486,-0.12040572776888295
2023-11-21 14:30:00,-0.0006909964962275787,-0.0031836282100589455,0.16661518462188302,0.573582210088326,0.0737083500411819,-0.005277058053317832,-0.000943320864546441,0.0016425386774207187,0.01154287763507692,0.843233073667668,0.6376655554512919,0.005493680544067735,-0.12109672426511052
2023-11-22 14:30:00,0.0031945069125520194,0.006700586642868804,0.17264051637983147,0.5675866774666981,0.0689748696236852,0.001879692031286388,0.007173123353138171,0.0013629465446083314,0.011427882784997678,0.7767698726807442,0.5507959097366721,0.3848184954826577,-0.1179022173525585
2023-11-24 14:30:00,-0.0019661306459017743,-0.0020284458299844412,0.17310678720742384,0.5671725363545932,0.06887025885015952,-0.004587037533638353,-0.006166575371773711,0.0007284102943038506,0.011231354546568328,0.5461673491934137,0.41795849975637067,-0.10045967197423498,-0.11986834799846027
2023-11-27 14:30:00,0.013263485467009992,0.01326024873143646,0.22976904557344668,0.6056081706573812,0.1431865317620973,0.011664987020062542,0.016792809943845653,0.002226431953406319,0.010773570986135005,1.243569867297325,0.13253104063311394,1.2931320675777667,-0.10660486253145028
2023-11-28 14:30:00,-0.020298213572432777,-0.01787675899055056,0.2514522407741301,0.6251681297160665,0.25109678529288976,-0.02106193698431717,-0.018113294984462385,0.0011017816297172124,0.011892918485818442,0.780479694541992,0.7808594897437425,-1.7518866524451693,-0.12690307610388307
2023-11-29 14:30:00,0.00920579138284205,0.006805569189986908,0.2445056621651419,0.6271125928163035,0.2605397219060242,0.01474329705220338,0.014248042781241404,0.0006246237143953634,0.011325535962987071,0.5905481390701364,0.4266266434456059,0.9217266421758548,-0.11769728472104102
2023-11-30 14:30:00,0.012668842905339678,0.012316255167301208,0.24531146498125633,0.6318738741938953,0.2635594531487913,0.007995548712776227,0.005651117978677492,0.0013210295065371985,0.011627784467674788,0.9379264324483384,0.5820611232834442,1.2202778343529768,-0.10502844181570134
2023-12-01 05:00:00,0.1040831102791727,0.16990959360199795,0.2541955822857071,1.0582906449413236,0.5925241904791788,0.15132143112474625,0.16913785905738962,0.005180416093140382,0.02531590168075445,2.6712783010396595,5.809295741615937,5.919323754073665,-0.0009453315365286347
2023-12-01 14:30:00,-0.06380687185728844,-0.12779962619775528,0.19999363718717544,1.2653129339296636,0.6725905124573588,-0.12159578325631257,-0.13222641370417362,0.0028568657157085967,0.029308960340677603,1.59132647056843,5.299414206262858,-3.2806537000300002,-0.06475220339381707
2023-12-04 14:30:00,0.014093924038540092,0.002857010418693795,0.20158142580334526,1.27125542290945,0.6674588618311136,0.006792269314989663,0.007444136692982717,0.003478432539601848,0.029413929963346734,1.8500175375221364,4.3305449761164825,0.7241734459690883,-0.050658279355276975
2023-12-05 14:30:00,-0.004960961966179007,-0.0019220323199842237,0.20572697996776612,1.267923627045495,0.6692584718347959,0.005189091879768237,0.015565868730931132,0.004111695420143118,0.029069972609684625,2.0506734493726237,3.6679210127546473,-0.26644926060330615,-0.05561924132145598
2023-12-06 14:30:00,-0.0011734571470087248,-0.0035136924353490104,0.23526457904982434,1.2669073413666934,0.6557066982278393,-0.016882935458111776,0.011398931556181805,0.0034700282266705877,0.02903620766252739,1.6953859666204922,3.253158145668699,-0.09229787712051443,-0.05679269846846471
2023-12-07 14:30:00,-0.005032088879518655,0.014056480909385863,0.25115367547940504,1.2643328704789027,0.6543434529268338,0.016255172400461405,0.020893311729682375,0.002938185137683996,0.029092409456806273,1.4147561572808374,2.956231608643848,-0.291226788381847,-0.06182478734798336
2023-12-08 14:30:00,0.005718415328041169,0.012873574792208667,0.24938685620279083,1.2722184366806688,0.6508316243128384,0.01476252513669877,0.0020559964682785124,0.003273269817318155,0.029083458530573366,1.4968997474401107,2.712640020805318,0.2612906357925135,-0.056106372019942195
2023-12-11 14:30:00,-0.00734164401900636,0.006878313794908331,0.24597899093099496,1.269580534770953,0.6533069053012848,0.00041239273537618804,0.005662433990994198,0.002539990780486217,0.029160732584464354,1.1579936118903833,2.5267621924921717,-0.4146270624313532,-0.06344801603894856
2023-12-12 14:30:00,0.0021776363006136695,0.013232596640395,0.24290274138100618,1.2706438579891797,0.6532728422222399,0.01730668172164518,0.0269577228681529,0.0022099472792614636,0.02912373947821582,0.9928218277791008,2.355099367051184,0.07548815192742506,-0.06127037973833489
2023-12-13 14:30:00,-0.010871173247649586,0.01482393611701105,0.20748162373775048,1.2763321896643707,0.6542716029227078,-0.022935680959752514,0.00090780929197809,0.0020400106946027183,0.029193042893777346,0.8983099167568953,2.222468090411994,-0.6049898385072942,-0.07214155298598449
2023-12-14 14:30:00,0.006835520472213337,0.004522459883921674,0.2061127143583078,1.2904595354422204,0.6743286716835168,0.01756073005854279,-0.024871627637163513,0.002417290583140636,0.029204387235601002,1.0182396349637812,2.100270383486501,0.31570554583885063,-0.06530603251377115
2023-12-15 14:30:00,-0.0038517468786254385,7.787793262059584e-05,0.21177706740193591,1.2881176405665995,0.67522391013421,0.017435616417681432,0.005387728233700706,0.0021684204490583225,0.02923716292823481,0.8891521952090117,1.9952368962289309,-0.23815926814271482,-0.06915777939239659
2023-12-18 14:30:00,-0.008552068032355524,0.0002835531195448289,0.21386711423229743,1.2848804631736068,0.6769383647905441,0.00254010150877367,-0.007884306049022164,0.0021347940172065398,0.029249711638037263,0.848780176843889,1.8989490066139958,-0.47219920475851446,-0.07770984742475212
2023-12-19 14:30:00,-0.0017817280629319364,0.007171149953184426,0.22424573742015697,1.2865632906859727,0.6757273452576653,0.0014776681849265243,-0.004826871173825446,0.002080257438871322,0.029256273781217184,0.7993961993238097,1.8111668762357074,-0.12919341753178448,-0.07949157548768405
2023-12-20 14:30:00,0.008662476863688777,-0.014215249601843541,0.24203887744369035,1.2733075628429755,0.6755120462960544,0.006070964501634987,-0.004942068223623012,0.0023536559364281595,0.02929276063032667,0.8794086149154974,1.7348206178688075,0.42678367155207964,-0.07082909862399528
2023-12-21 14:30:00,-0.010438099465537528,0.005649647672193707,0.23226330636200254,1.272361940805561,0.6754864888185406,0.0038839501317769294,0.001739692967239563,0.001930057495446372,0.02941949802689,0.6844527706567541,1.6754925964655265,-0.5748256577225171,-0.08126719808953281
2023-12-22 14:30:00,0.0026195576256099152,0.006419880205345674,0.23443350244220573,1.2716423437783586,0.6749341499277821,0.003054974421458745,0.0034693770808706947,0.0013978611033763683,0.0292997167040173,0.44768842715977397,1.5923778316042119,0.1016222394697014,-0.07864764046392289
2023-12-26 14:30:00,-0.005471110351783595,0.004736645671827855,0.10683183654695172,1.3405809725435391,0.688763995364031,-0.0013314903344527895,-0.0038535598923608028,0.002139216264408827,0.02890680628538569,0.7223378515841888,1.4848856904976109,-0.3224628067297694,-0.08411875081570648
2023-12-27 14:30:00,0.00039857273381641196,0.004420323965052579,0.10696002442166475,1.3404511329661823,0.6891171283679665,0.005055119651098987,0.008853910968753802,0.0016988553319575452,0.028860536289811504,0.5153694730922798,1.4239948984161577,-0.024770657700091774,-0.08372017808189007
2023-12-28 14:30:00,0.0028045345997798872,0.0045271780261680146,0.086751209388373,1.3637511650924008,0.6943851750255531,-0.0026201780854450867,0.019762146508997585,0.001205639916679556,0.02874726276593522,0.2782242451512157,1.3595945369012659,0.09366702451290883,-0.08091564348211018
2023-12-29 14:30:00,0.00069078904981999,-0.003372533897865959,0.07916076544462847,1.3647768994814722,0.7005734397334947,-0.002111086931433359,-0.0011113220105485322,-0.00396397614478808,0.015532122525694516,-2.046509371800714,-0.21784839964934227,-0.029023539213620678,-0.08022485443229019
2024-01-02 14:30:00,0.025505502228245134,-0.000560653553812925,0.3066029890052181,1.2283970380871923,0.6106608082164617,-0.04612612908063115,-0.01650590108216284,0.0005016425594885985,0.008802310560876728,-0.08815141137897065,-1.0186275612972082,1.2628248393558488,-0.05471935220404506
2024-01-03 14:30:00,-0.009380609632823018,-0.019123527308389027,0.30256464516891957,1.2351530448783499,0.608498723389924,-0.022858966756979477,-0.035408681915033505,-0.0006720841240795569,0.008452619833751332,-0.7051873429091466,-1.0558950949439125,-0.5567078204644272,-0.06409996183686807
2024-01-04 14:30:00,0.006075244672831279,0.0011348413645089945,0.3041542116557228,1.234301846985309,0.6082192261284433,0.004236122922195958,0.01866854170769013,-0.00012027379212904257,0.008517878840615887,-0.4708622039911703,-1.0438565900373438,0.25567149749890516,-0.058024717164036795
2024-01-05 14:30:00,-0.004375579285493045,0.0005399854701187978,0.3056881266116606,1.2341871888136504,0.6085687754585641,-0.003193257468645627,-0.0002872842927320596,-0.00028037989905325863,0.00856865981438415,-0.567596331345095,-1.0378876676818611,-0.28073350761683036,-0.06240029644952984
2024-01-08 14:30:00,-0.008285594768827998,0.021465004573998137,0.30033030324683746,1.2257560468138569,0.6157735706628468,0.014181606837579075,0.03303789056530693,-0.0004430551935187258,0.00869359156331724,-0.6719377099211571,-1.0229566255620117,-0.48718221950394,-0.07068589121835783
2024-01-09 14:30:00,-6.450133232723324e-05,0.0021462434679220266,0.3201614327839902,1.2108853838201432,0.6128169055700555,0.010300250686347545,0.01815582399808713,-0.000732201026537146,0.008573212960662525,-0.8503169714196184,-1.0347373095653156,-0.06903151302909881,-0.07075039255068506
2024-01-10 14:30:00,-0.018547350542984224,-0.008302995374459035,0.32818389898184663,1.2030010515275058,0.6069498396522174,-0.008147978635705747,0.0015319738282817044,-0.0012924863527360392,0.009358126363293912,-1.1607801227668404,-0.9407609585372552,-1.0150693353785762,-0.08929774309366928
2024-01-11 14:30:00,0.007758380434645535,0.005139310045311467,0.3110480299837326,1.210806718184674,0.6060801319093253,0.028409555277043957,0.0025641731088859405,-0.0010134491460344459,0.009548312760062056,-1.0084876415832074,-0.917185547274735,0.37229165344786974,-0.08153936265902374
2024-01-12 14:30:00,-0.0034303090773247042,0.0011911686165713513,0.30149661006137485,1.2038826127345839,0.6035630248635364,-0.004526859629058595,-0.010061243224166424,-0.0006414059375182017,0.009285340509583018,-0.8277070294955535,-0.9422935354717862,-0.2375181109344024,-0.08496967173634845
2024-01-16 14:30:00,-0.00036636905243792625,-0.0014542568773156332,0.3004795360442608,1.2032832362245207,0.6019466446704477,0.009442829935185934,0.022372358260719667,-0.0010015004137507648,0.009118261824534539,-1.0451411031866231,-0.954984183462128,-0.08161933414804609,-0.08533604078878637
2024-01-17 14:30:00,0.003878738836139521,-0.004789355312461867,0.29434464058145393,1.2028407071641996,0.5977018398806049,0.009740508492827999,0.0035120839078941106,-0.000614976128012517,0.009154855154423007,-0.8785046140237734,-0.9435343752901726,0.1325306428413767,-0.08145730195264685
2024-01-18 14:30:00,-0.011397022890579755,0.004330932184199295,0.31213199046112483,1.1893392432357146,0.5965028164187772,0.015024275220544687,0.005954893014346559,-0.0007572238709237285,0.009305534575995133,-1.0132789262897164,-0.9196928949941355,-0.6736453569460681,-0.0928543248432266
2024-01-19 14:30:00,-0.01140771005759531,0.013505681758158325,0.3260655255937841,1.1751608182249218,0.5959326015134288,0.014816013490721555,0.01025227033688821,-0.001238522970656897,0.009605417254042082,-1.3076538333801333,-0.8794449084323446,-0.6536000743459405,-0.1042620349008219
2024-01-22 14:30:00,-0.0025732151394374852,-0.0009173845718422798,0.3023247071661064,1.2101863251472975,0.5973335959646034,0.004166190557774933,-0.004659519742762648,-0.0018003075708132106,0.009320199734100386,-1.6456830930344273,-0.9077240534605389,-0.1717985442466465,-0.10683525004025939
2024-01-23 14:30:00,-0.021328003789893687,-0.014831970732469594,0.26972614202907774,1.2400645695896948,0.5960324086261638,-0.016644971389547826,-0.016944358505454983,-0.002344802787031018,0.01013396142365238,-1.9210177716800878,-0.8099811374407472,-1.1363827709067686,-0.12816325383015306
2024-01-24 14:30:00,-0.015655827268149312,-0.011374471079627857,0.2571219522988206,1.2433367820091896,0.5973408844575087,0.002281146381645449,-0.02563549516286734,-0.0032585720317189794,0.010480772677333827,-2.35809687096772,-0.7666916428349206,-0.8372332902147458,-0.14381908109830238
2024-01-25 14:30:00,0.016127898496485556,0.024183652526357236,0.2916540400469836,1.2372869690410457,0.5990698743776436,0.006168767659815888,0.0016868819428530468,-0.0021786215893055223,0.011319985533110541,-1.722217105506508,-0.6688198563337777,0.8321002098502871,-0.12769118260181683
2024-01-26 14:30:00,0.005493059822351527,0.0001352762291915536,0.28392888534653493,1.2345861694398859,0.5994749249117314,-0.002814049998260478,-0.007278213147805486,-0.0019238972348787665,0.011437736369935766,-1.5304416088343584,-0.6536593692263528,0.2848677180250931,-0.1221981227794653
2024-01-29 14:30:00,-0.015027304887017564,0.0033286784220697787,0.4377433150736332,1.6532977389044148,0.6527748376824714,-0.0030429157546404038,0.004753083084730806,-0.002815489209218639,0.011740745407170362,-1.920975335389003,-0.6182458851635794,-0.7893236374642981,-0.13722542766648288
2024-01-30 14:30:00,0.019931604082015705,0.007905045929360291,0.42986370926545536,1.6298912419624165,0.6676829935276057,0.008229657313123232,-0.0024363241151790973,-0.001853448457608853,0.01278502983430848,-1.3629357229636905,-0.4970059615218303,1.0732784934086332,-0.11729382358446717
2024-01-31 14:30:00,0.020087342964997652,-0.012605387661254705,0.4429522711381688,1.6128762672038512,0.67659379599698,-0.010494195544904014,0.006100761452621875,-0.0021243564207712273,0.01221970172034153,-1.4493295576863423,-0.5593568484503748,1.0459434187679428,-0.09720648061946952
2024-02-01 14:30:00,-0.03490432028618459,-0.10082769388365564,0.39190494695074607,1.749761183839727,0.5076863140672437,-0.10920148669742291,-0.0690190299995852,-0.003400541953439306,0.014191177620013753,-1.9947540120637344,-0.3329050221704428,-1.7931458936628166,-0.1321108009056541
2024-02-02 14:30:00,0.0011053629991225992,0.02396473129750798,0.3637126607676542,1.7710657157980383,0.5090773693333217,0.0420101980616534,0.022526106626258313,-0.00364903603712474,0.014059420111713048,-2.0199922115479656,-0.3484115145350047,0.05157395519984527,-0.13100543790653152
2024-02-05 14:30:00,-0.002547220928141275,-0.013583180387165439,0.38100960887380464,1.7711133431269817,0.511074880416512,0.007233250607524777,-0.01106888253665328,-0.0035576181192571513,0.014060391494144623,-1.8921849895762892,-0.3484339198305303,-0.1265268604390722,-0.1335526588346728
2024-02-06 14:30:00,0.010911099770432661,0.007873808352982977,0.41079369831289236,1.7799977501033686,0.5103391179142184,0.004219831871819809,0.004632736417283753,-0.002597783392294119,0.014372418670778184,-1.3997475840083702,-0.3133075903425934,0.5700230828728347,-0.12264155906424014
2024-02-07 14:30:00,-0.007861941560694913,0.010491854525267316,0.42116872583163656,1.8221900106473423,0.51132358008408,0.009829926224254567,0.008458167426745952,-0.0029876554037125023,0.014405802540780822,-1.5161600747370263,-0.3116852150476038,-0.4011417855886106,-0.13050350062493504
2024-02-08 14:30:00,-0.00702002949557209,-0.007914203241583206,0.44788248026240907,1.8260540076280425,0.5116222788193827,-0.0008032149151595558,-0.01818298800739304,-0.0024112893513418957,0.013974653298587061,-1.2182826746379165,-0.3633471296408684,-0.3450176618783103,-0.13752353012050714
2024-02-09 14:30:00,-0.007707180389277304,0.012113505303151658,0.580383156510736,1.8691116293245629,0.5092298705197904,0.00828272857698916,0.027478118399839234,-0.0031845673925380382,0.013809212907270564,-1.5003862497040423,-0.38397798707109154,-0.3667655166627766,-0.14523071050978445
2024-02-12 14:30:00,-0.004118133006603566,-0.005563563797863454,0.5722715624494088,1.870591185357459,0.5089422111473755,-0.01717799285266915,-0.016606621572842834,-0.003218958589001981,0.013810713541420756,-1.457215693191943,-0.38772872306011813,-0.18296098389346593,-0.14934884351638802
2024-02-13 14:30:00,0.03785308840474817,0.0012933693277678386,0.4949888548179404,1.817273907459335,0.5010625143267552,0.017858860566901818,0.01138480797788958,-0.0013079857161426762,0.016590612108750086,-0.620131067924781,-0.07394353406765261,1.9076837517647283,-0.11149575511163985
2024-02-14 14:30:00,-0.008418839014760952,0.01383995258020628,0.48933936459629157,1.8103977050439328,0.5003478359947025,0.008336341288593582,0.014799364988388816,-0.0019228646086876997,0.01661613102525496,-0.8533105124826453,-0.08130660943549907,-0.41785666520703163,-0.1199145941264008
2024-02-15 14:30:00,-0.0026954505625904537,0.01086477357548965,0.4756818189715022,1.8301297432076302,0.4991868230981147,-0.005887489198719953,-0.01698619436203197,-0.0014877859922882346,0.016468265719858127,-0.6427460809513351,-0.10831769528996807,-0.13407580334011818,-0.12261004468899125
2024-02-16 14:30:00,0.016135832172417493,-0.000593640732870789,0.47198794726777793,1.8205513411951153,0.4982468388513556,0.0005481933132192399,-9.828187141754595e-06,-0.00011060888078759448,0.01674440429454175,-0.03760868976760542,-0.08640460417554592,0.7970294240891197,-0.10647421251657377
2024-02-20 14:30:00,0.012326992639828954,-0.0010804134147742728,0.47274550942329374,1.8132793029289787,0.4967603897094505,-0.0004272005172200055,0.008034910932328332,0.0006344015081757276,0.016959169419845654,0.2903505086221582,-0.0722584877956333,0.5966470654997574,-0.09414721987674482
2024-02-21 14:30:00,0.004920727302073706,0.004727178666050842,0.4805460088937703,1.8111119201711667,0.4967552096892954,-0.00851021865251737,-0.014024912875181633,0.0019468380627740973,0.0161672682146226,0.8457288673600828,-0.17665018939640972,0.22047006764053034,-0.0892264925746711
2024-02-22 14:30:00,0.0034372608251224956,0.053579182479367805,0.4753229361692264,1.820639645440104,0.49433001317494946,0.06132111531640164,0.05184258107857601,0.002901492467437688,0.015627861256437153,1.2455357628446473,-0.2518116563870226,0.15500661864594423,-0.08578923174954861
2024-02-23 14:30:00,0.010234162541471761,0.009499023400040421,0.4916585122369588,1.8208121467680765,0.491607593174125,0.002346819090672284,0.016086286866052103,0.002606805669686998,0.015419509735793821,1.0989962445886405,-0.28477981607262254,0.473893544920382,-0.07555506920807685
2024-02-26 14:30:00,0.011172694765597417,0.0019319482257804295,0.4771236092140254,1.821137790676293,0.493253164121453,0.021622098820110642,-0.0015579359423827748,0.0028907874168492926,0.01552738736567001,1.1895415275065455,-0.281509768880102,0.5192499464782792,-0.06438237444247943
2024-02-27 14:30:00,0.005467946855734212,0.019951408167316626,0.48190927836116937,1.8253386480418232,0.4893072009268075,0.0010183321120189222,0.02424069676902348,0.003915550003986881,0.014948114405698919,1.5711615945741126,-0.3594219652433696,0.2378846720706792,-0.05891442758674522
2024-02-28 14:30:00,0.022483286093942463,0.016015533054083986,0.3356737687410776,1.4799190707190668,0.3062928495035709,0.012945445447807624,0.017994717057238763,0.004043134104583219,0.015102104493732693,1.6562059870023635,-0.3221120693853012,1.5720296938053049,-0.03643114149280276
2024-02-29 14:30:00,0.00461179660796446,0.0159487532944389,0.2478232683764201,1.1226574853320723,-0.03794187144772615,0.015626717898565845,0.011049217005713041,0.0032693567867315594,0.014625733908686824,1.3249115529985265,-0.3560933507186762,0.3352669585406392,-0.0318193448848383
2024-03-01 05:00:00,0.09003502282863259,0.17199242054527772,0.9343720429420248,1.4051248587244551,0.37782684060670074,0.106092475048391,0.0671286027647798,0.009516323942472418,0.022189244626164735,3.509781634028148,0.6049879266931083,5.292606282521193,0.058215677943794286
2024-03-01 14:30:00,-0.05920850701876633,-0.1386643366223762,1.238882657759935,1.4227530727606537,0.4948334671247636,-0.07109787045451144,-0.05426062884663829,0.006500630441577973,0.026974997141943534,2.2937607883171416,1.2188593130168301,-3.2635330553575854,-0.000992829074972043
2024-03-04 14:30:00,0.004494489167450405,0.02188816552871886,1.2520955075333284,1.408826708482026,0.49682751354564775,0.005037801473007031,0.03256080761391145,0.006852715946357557,0.02689652750987431,2.31638001123435,1.2210120001160423,0.18939295121996552,0.003501660092478362
2024-03-05 14:30:00,0.026753653996073302,0.0009143643487115419,1.2444079488825346,1.3475668421251754,0.4926339481305824,0.0037824566179363397,-0.0065093621301690234,0.007644843657639589,0.027253264584241314,2.4501986867160324,1.277401458130964,1.3483615786939713,0.030255314088551664
2024-03-06 14:30:00,-0.0023452973527342755,0.01977566311262254,1.243987506696102,1.34242174307052,0.4944501648634579,0.01018792239312723,0.016666792057081176,0.00792067586803762,0.027115628665818216,2.4078584466992834,1.2715350108597847,-0.20027830529181542,0.02791001673581739
2024-03-07 14:30:00,-0.01722102900410074,0.012674544518435157,1.2424745072414847,1.3248943251109004,0.4952805673753251,0.006185193447698042,0.004180556492049256,0.007410625892611188,0.027504608865917622,2.136855816513522,1.332117690037039,-0.9805266703853346,0.01068898773171665
2024-03-08 14:30:00,0.0017024728640769923,-0.012512577550808812,1.243986528250663,1.316351246162383,0.4962397221223796,-0.015028781651019507,-0.016040909191989083,0.0078811085552789,0.02731220522806435,2.165621171255081,1.3186098522349197,0.025223302639676645,0.012391460595793642
2024-03-11 13:30:00,-0.026384955989646495,-0.022833848707678572,1.3549614394612988,1.4201663673725005,0.5002061308779552,-0.027853433060172184,-0.033154781530062016,0.0067677674061267555,0.02826432133033753,1.7636914955527712,1.4491228559673122,-1.432415843123976,-0.013993495393852853
2024-03-12 13:30:00,0.012383648857749853,0.021751242689417822,1.3662026611109195,1.4461244097721326,0.5048661076792853,0.031428237567093856,0.02332275813758507,0.005494295428776839,0.027348984076557704,1.3596038307758163,1.3415964876774555,0.5915771911482354,-0.0016098465361030004
2024-03-13 13:30:00,0.008085959006203174,0.008197190022142328,1.3845667699788755,1.4325819890328577,0.5048336911576209,0.001420112067609022,-0.0077686962361686405,0.006319535329825046,0.027155393631686824,1.5456094264557452,1.3297155367537987,0.3564388420112749,0.006476112470100173
2024-03-14 13:30:00,0.023682719911856755,0.011413886754637836,1.3706453714996292,1.4282902301966227,0.5036951933890638,0.019397575011684487,0.0011217493272730472,0.007638443853547406,0.027334489951106395,1.8367307628695781,1.3663713858263973,1.1327413444790624,0.030158832381956928
2024-03-15 13:30:00,0.0022781325548402627,-0.010303345933025843,1.3742496590680275,1.4316426544538126,0.5037235628388826,-0.01172342601427745,-0.01326083200292627,0.006945558872668544,0.027283345617792495,1.5910202718220223,1.3731012429286147,0.021364951644993458,0.032436964936797194
2024-03-18 13:30:00,-0.014912132331726193,0.0073882637701905285,1.4173736342365888,1.4814225970649975,0.5023338121484979,0.0027806311147253737,0.003931081519386481,0.005583602624090788,0.027677597204079352,1.199023869182889,1.4377059025973498,-0.8439811067879472,0.017524832605071
2024-03-19 13:30:00,-0.0023759873768545645,0.015799850319790105,1.4189720152207486,1.503238023867887,0.5035709052617473,0.006943205529176117,0.004388776627601915,0.0052187668901443746,0.027734826975511155,1.0777408754237976,1.4579995079927641,-0.20575526018545567,0.015148845228216436
2024-03-20 13:30:00,0.006105361509068374,0.02782754195515791,1.4202611874425455,1.512646826523011,0.5055792834290855,0.026573487247371963,0.029237877663045087,0.0053521719243416685,0.02773222357889341,1.084300110630372,1.4695076689234712,0.22928619621608906,0.02125420673728481
2024-03-21 13:30:00,0.01575987798553355,0.023304670422167623,1.4245397138232552,1.5327825046878798,0.5073856272802858,0.02487040286698901,0.017329821777939697,0.0056284576965447575,0.02781083479176008,1.1288079170511482,1.4886091874410892,0.7073087906530257,0.03701408472281836
2024-03-22 13:30:00,-0.002118960443294777,0.004135837026704281,1.4244193886434708,1.5326069012001173,0.5074208609554002,0.002724487142227061,0.006295444128955996,0.004963874936100148,0.027830179210349235,0.9375151863469382,1.499227755393745,-0.2107647419214155,0.034895124279523584
2024-03-25 13:30:00,0.0009585859150933961,0.004736344117936442,1.4275379507936417,1.5319735868992157,0.5044452143489798,3.8538557476375246e-05,-0.004570720665809214,0.004738406889068106,0.02784414344313901,0.8596752465248593,1.5081911819581955,-0.050817759190705226,0.03585371019461698
2024-03-26 13:30:00,0.007862487339666494,-0.010534496718692221,1.4216521805955997,1.528944704583599,0.4995966969527958,0.0008433642989917889,-0.0028144217920925696,0.004007366951354309,0.02754405171282378,0.6491570376858466,1.414578597747142,0.2980705100233757,0.04371619753428348
2024-03-27 13:30:00,-0.040879868327050914,0.0052242708063282945,1.3917700323576732,1.4381023327761342,0.5414556721832238,-0.02268048130499663,-0.0040689793844815485,0.00173278370460354,0.0293130515993138,0.06219873848097622,1.5901569798624777,-2.0947922643021446,0.002836329207232563
2024-03-28 13:30:00,-0.004666990992560354,0.004829133490216075,1.3927216071813553,1.4207034816713593,0.5395064599321582,-0.0020728438284617345,-0.005984554591984659,-0.003002316986456107,0.020674282267163176,-1.1298758861610512,0.409105708100194,-0.28608730572758184,-0.0018306617853277914
2024-04-01 13:30:00,-0.04260429140835608,-0.018848103190397387,1.4647331364320775,1.1378191020586885,0.5364067536401252,0.003477392793542238,-0.03584988232616533,-0.0021721062059355946,0.01851953247583582,-0.9053416448481676,0.09557514811696864,-2.0683278631360196,-0.044434953193683874
2024-04-02 13:30:00,0.0023116977379811247,-0.0029278629467496264,1.4667854249330778,1.1346243690082705,0.5357727222364629,-0.00461363688055505,-0.016911551414063086,-0.002281245777409059,0.01848457586655343,-0.9191588631564308,0.06902614313810983,0.09534671284359933,-0.04212325545570275
2024-04-03 13:30:00,0.027315555111474075,0.026839806806301974,1.4690473584994008,1.169644673096643,0.5380738072358966,0.03081777081063956,0.01999615845063622,-0.00225315072163902,0.018531396950379093,-0.8998396514225846,0.0534773295125344,1.2589112726988005,-0.014807700344228677
2024-04-04 13:30:00,-0.0021031546139531655,-0.02044524590729424,1.4743277431569328,1.173645175875981,0.5392036202430401,-0.018448320206568614,-0.019827186838867528,-0.0022410435846999645,0.018531412679262196,-0.8865620898216034,0.030491917798068684,-0.14314390255252743,-0.016910854958181842
2024-04-05 13:30:00,0.018059543698928954,0.039747299316740335,1.4796261818474004,1.2073391251534522,0.5446348420852903,0.03682273121614562,0.02903001377261568,-0.0004770149495484799,0.018708750840569038,-0.4526067036690563,0.03407146707479654,0.7912688387492677,0.0011486887407471114
2024-04-08 13:30:00,-0.022406721704781675,-0.009833619460826318,1.5242854295833723,1.2105612413391689,0.5454936354083705,-0.016432660877560602,-0.0035123259626780676,-0.0016824746779914132,0.019327413052011445,-0.7484297114439694,0.10201142054296004,-1.108122152328957,-0.021258032964034564
2024-04-09 13:30:00,-0.05568322608277751,-0.041576444506100874,1.5080153646744696,1.1931965794106296,0.5539059891898797,-0.04706494642585435,-0.04188424848859018,-0.0031473881826479637,0.022195753681355266,-1.0928098234001016,0.501926895745625,-2.4969222320512547,-0.07694125904681207
2024-04-10 13:30:00,0.037073419801731,0.0036977334724436948,1.4717529626392003,1.1513492417464948,0.5530983376164803,0.020831814696215496,0.0006205567612793303,-0.0019128996354489066,0.023738043186420893,-0.7829490626163319,0.7070708865757123,1.5888161885579657,-0.03986783924508107
2024-04-11 13:30:00,-0.0032777369513160206,0.013755543127742001,1.4945504554577096,1.1638523370082794,0.5545364938981269,0.015761094819237854,0.014471272974908059,-0.002481084433324866,0.023621832140226343,-0.910055595379444,0.6634013698493312,-0.17132166762348333,-0.04314557619639709
2024-04-12 13:30:00,0.014207214721582694,-0.013436601883479097,1.4869785478987076,1.1336146354383003,0.5550539461365224,-0.005862033207056508,0.0028345260752020342,-0.0029548596928385693,0.023159962651660385,-1.0100005166250166,0.5664856592226875,0.5746461110601268,-0.0289383614748144
2024-04-15 13:30:00,0.01188126883933711,-0.018225915939580745,1.4777686633293257,1.1291902980326023,0.5571222586126905,-0.009035977704423066,-0.008863696276124228,-0.002474702878613727,0.023372733800795156,-0.8851109193901489,0.574613871070351,0.45632160513213277,-0.017057092635477288
2024-04-16 13:30:00,0.013794368245788217,-0.00322320506991014,1.4661401839535797,1.128109517803433,0.5575685371921149,0.009982397725730618,0.005492437822624541,-0.0010393778497380063,0.023450057665974626,-0.5421245188044576,0.5615964284919335,0.5269768120727494,-0.0032627243896890708
2024-04-17 13:30:00,-0.02203341496927683,-0.003946519977014155,1.439365239524575,1.1662767470435365,0.5580579002486317,-0.02481636523258394,-0.0010862260820552567,-0.0020222492293591196,0.02391634679107048,-0.7824472334670031,0.6126928921802588,-1.0364384172519345,-0.0252961393589659
2024-04-18 13:30:00,-0.018476474635447868,-0.015162029671327959,1.4336232306898335,1.177239713992351,0.5562261905351967,-0.02078011850007111,-0.012081185021577068,-0.0032513410365849317,0.024107556553661084,-1.080669029652453,0.619202411956063,-0.8776518269855553,-0.04377261399441377
2024-04-19 13:30:00,-0.009860446139528158,-0.010783831431007732,1.430616421578033,1.1988774048625153,0.5546132425222988,-0.02614701001428036,-0.022825703130509835,-0.004532357242838017,0.023721792277091976,-1.367420367258103,0.5278638040415623,-0.48406956549328745,-0.05363306013394192
2024-04-22 13:30:00,-0.012535705830434379,0.014110058022951844,1.422990283429353,1.185808809937355,0.5555123685607066,0.004940145490163861,0.00758167445538116,-0.005053194512194997,0.023780297930044637,-1.4594336920634374,0.5127065428676214,-0.5861143897988706,-0.0661687659643763
2024-04-23 13:30:00,-0.004108254149945995,0.02245622660539522,1.4296636955563211,1.2008324612440424,0.5572286069779097,0.017761462095115716,0.016911662748643492,-0.005306536515446967,0.023739836150015493,-1.4915054296981372,0.48008443137088114,-0.22816881880164186,-0.0702770201143223
2024-04-24 13:30:00,0.003272374201796163,0.017755256573320628,1.4325691919350716,1.2115546453233506,0.5577397065395863,0.011725571289440035,0.017027006451405608,-0.005536042172340484,0.023627746458046696,-1.5066663588079565,0.43475760892376625,0.10693206037182021,-0.06700464591252614
2024-04-25 13:30:00,0.010806771235173178,0.010435573543027524,1.4373499396692646,1.2314808497897811,0.5550607779030121,0.007738608884202228,0.005861539364792315,-0.002951710194229279,0.022350631356189893,-0.906204897354746,0.17072518575889284,0.4466984810619398,-0.05619787467735296
2024-04-26 13:30:00,0.01501405403074484,0.01703140075263791,1.44713073301818,0.9364221427203397,0.7746442811541555,0.02793982016824285,0.02624166604910631,-0.001967657943064019,0.0227016380555462,-0.6890190665260804,0.21395373727462094,0.6067791694111253,-0.041183820646608124
2024-04-29 13:30:00,0.0006400547845519175,0.02725530383322187,1.4858045454645497,0.8783816815642913,0.7677929988782076,0.01365812304207929,0.0204660057479719,0.00019455936658138094,0.020588555264988356,-0.20700527393519455,-0.2193889238602153,-0.03900109617211501,-0.04054376586205621
2024-04-30 13:30:00,-0.000255987520318076,-0.022289774739304824,1.5102315418932428,0.8846208178201462,0.7699401417583225,-0.0170728797067482,0.00748518507267093,6.617510366642089e-05,0.020582663396430542,-0.2534064620156482,-0.2466721831212875,-0.0810140737580115,-0.04079975338237428
2024-05-01 13:30:00,0.030326316791824307,-0.10535469833608486,1.3548520915138376,0.6493910948440726,0.7619456135401367,-0.033710040271424394,-0.09280111836752843,0.00021671318768393244,0.020802288395380626,-0.23047169102025966,-0.22843613067573365,1.2636539787193755,-0.010473436590549973
2024-05-02 13:30:00,-0.0036594458936672746,0.015200137839032476,1.3547059686327838,0.6460627566027063,0.7599844880989745,0.009867549792263083,0.009441093395879693,0.00013889862369822697,0.020814330295921585,-0.2632929325801801,-0.25288151639269146,-0.24889519681719144,-0.014132882484217247
2024-05-03 13:30:00,-0.011595563603331294,0.015042478741767784,1.3533203777888614,0.6286141431497346,0.7596873074480733,0.007086175042263276,0.014934504852332386,-0.0013438567414147853,0.02052478268629931,-0.6232559590095125,-0.3442327234815119,-0.5972710987779155,-0.02572844608754854
2024-05-06 13:30:00,0.013821111243518352,0.031294577807461664,1.353604393526407,0.642084574763301,0.7529974971910075,0.026178404583219704,0.023408644684577894,0.0004675349060002159,0.02016351128777054,-0.20626725786899702,-0.45591878600254876,0.5143644726057036,-0.011907334844030188
2024-05-07 13:30:00,-0.02791726562913302,-0.0090537249456318,1.352410305350166,0.6356450451719379,0.7546034962415797,-0.020397516986881158,-0.008089052739702026,0.0018558329286824404,0.016763082990205368,0.10984489238783227,-1.2338622393056617,-1.3004699036898997,-0.039824600473163205
2024-05-08 13:30:00,0.013870441138200615,0.031072117490831313,1.3800600568678443,0.6620705692692695,0.7505060346776142,0.02057456906036718,0.032252338847590864,0.0006956839955059212,0.014896434666544993,-0.1821610079671416,-1.629100722198259,0.5546821047097955,-0.02595415933496259
2024-05-09 13:30:00,-0.0013551374831814733,0.024249754015635228,1.3792155386814564,0.6655362871446006,0.7540322634673821,0.009022837851226484,0.010823380196844257,0.0007918139689126486,0.014875632715423328,-0.1706532802087272,-1.6122290552361667,-0.12938959793431193,-0.027309296818144063
2024-05-10 13:30:00,-0.003744228734882868,-0.00017984848006524778,1.3937463305491211,0.6637661499402598,0.7537727966950012,0.0008012926437559464,0.005331226589383342,-0.00010575820391062958,0.014561836413517186,-0.3987570150964919,-1.6568876396289274,-0.2352170281495167,-0.031053525553026932
2024-05-13 13:30:00,-0.025499160521214304,-0.021102040448818804,1.3961151400668326,0.6616910677428094,0.7558775777778596,-0.021102040448818804,-0.01843765792108476,-0.0019747796719382003,0.015321408747069191,-0.8488974276052967,-1.476724335973169,-1.1656435926474562,-0.056552686074241236
2024-05-14 13:30:00,-0.0065194552988995,0.004174679802521027,1.3962021186544302,0.6598609785683018,0.755687460487995,0.0015088039046562045,0.002892590699341742,-0.0029904708491725863,0.014888217229271437,-1.073444342144231,-1.5469625464874015,-0.3119699229356555,-0.06307214137314074
2024-05-15 13:30:00,0.002507063458153956,0.03680393884866229,1.4080552189362276,0.6536382982460422,0.7585482242808549,0.021830591070618466,0.034562674956275075,-0.0017634469278010473,0.014233020616787353,-0.7558339533197248,-1.6627174886869316,0.08998629712017416,-0.06056507791498678
2024-05-16 13:30:00,-0.02492223428457678,-0.029220634205157487,1.4627625918110438,0.5365999962425829,0.8129500101140432,-0.02577380960914673,-0.026452012039344292,-0.0020857349102574923,0.014696804857710884,-0.8101829613927993,-1.5539900407141332,-1.0940242730671266,-0.08548731219956357
2024-05-17 13:30:00,0.0013275146066528743,0.004157518052403904,1.463268243404204,0.5359544896541191,0.8131914648826287,0.003327396425455505,-0.009830742707705935,-0.0015263368729484406,0.01459789278551475,-0.6566810758215744,-1.5650967315415398,0.06466709908695835,-0.0841597975929107
2024-05-20 13:30:00,-0.004363044147837796,-0.001957582686556177,1.4998769495421396,0.521242027332591,0.8095164716024099,-0.00029894148538674647,0.004571574790224556,-0.0011177037888186118,0.014386346021475278,-0.5416551727780333,-1.595785726662752,-0.1744532312286462,-0.0885228417407485
2024-05-21 13:30:00,0.002790481720839535,0.018892152841676852,1.5120073205973217,0.518436836007202,0.8124842800667093,0.009891830568546995,0.023768191748219387,-0.0007727669952793352,0.014393571262029765,-0.44090939808864094,-1.5876056443436997,0.14265389382188656,-0.08573236001990896
2024-05-22 13:30:00,0.01465739724211604,-0.0016022419920207105,1.4979626865319446,0.5292269452373418,0.8146725340757017,0.01019975375685304,0.017571048854416776,-0.0002035158432633413,0.014781868059845162,-0.287789285031548,-1.5035286822205758,0.6746249833390963,-0.07107496277779292
2024-05-23 13:30:00,0.04052378434584446,0.015498968835242266,1.4624571619378453,0.5205616805342356,0.8130112852750558,0.032440980580757506,0.024621482987723264,0.0012823348122702224,0.01723658953806036,0.0797610841213886,-1.0164865740986735,1.7465405957817481,-0.03055117843194846
2024-05-24 13:30:00,0.013305244339735692,0.03142658483859077,1.168193469876609,0.5629331404446665,0.7524776415399796,0.021397086313517034,0.0300017190358998,0.0011968943277197652,0.017169042824146965,0.09630344073145777,-1.0042698843692859,0.7265291523950786,-0.01724593409221277
2024-05-28 13:30:00,0.0007840183693836435,0.005476612194535065,0.6939867555470788,0.7452448135629374,0.6440186962941601,0.006455443933814327,-0.004811218071865612,0.0012040925069613513,0.017168827257339488,0.12253322181691285,-0.9714086591982647,0.05617883675533076,-0.016461915722829127
2024-05-29 13:30:00,-0.0027964261058399578,-0.014505224069947661,0.676739684648117,0.7567603560734028,0.6438740954448914,-0.0016254184239829685,0.0031526577314512725,0.0010770705776852573,0.017189583110173795,0.11714918775355003,-0.9353428067729644,-0.13039134838973226,-0.019258341828669083
2024-05-30 13:30:00,0.005961623032349422,0.009087696911077137,0.6824958815741765,0.7710594485995537,0.6558070229928666,-0.00438546945960594,0.006220457097574572,-0.00014116411028848689,0.01581606797235557,-0.17326600304888956,-1.1810712468641638,0.3671842011216649,-0.013296718796319662
2024-05-31 13:30:00,-0.0364981783409187,-0.025796070699585488,0.606459986319772,0.8021775584557091,0.6560605154208434,-0.04342820637691584,-0.05064746157648496,-0.0017831007326510582,0.017782823136888296,-0.5921413650497235,-0.7447520644317952,-1.8736053896112101,-0.049794897137238364
2024-06-01 04:00:00,-0.05631207052964001,-0.09463781035404643,1.0795045573056847,0.32783385230020956,0.7217215483653749,-0.039211595775500416,-0.08049622201981303,-0.004018926078966494,0.021503357137637673,-1.1893010105355994,0.056763266523643933,-2.7196429212863467,-0.10610696766687838
2024-06-03 13:30:00,0.025215795752077615,0.06855954896556549,1.1706148705766544,0.2203250606748213,0.7397474868291002,0.02196424755684112,0.08077065924554205,-0.003449191853538531,0.022142366015716834,-1.0074743574892617,0.21399226174308855,1.3193358745933828,-0.08089117191480077
2024-06-04 13:30:00,-0.025357977972895598,-0.024132704338502675,1.1790989946652877,0.21166748942471125,0.7367201962316215,-0.023715448464884825,-0.014546808192374971,-0.00332122747072666,0.02200045915785909,-0.946450994259904,0.2101315832933362,-1.1751535905885084,-0.10624914988769638
2024-06-05 13:30:00,0.02859467657945892,0.027401036468827005,1.1875190668470545,0.22119290294408708,0.734927141492773,0.03310666878475292,0.027512308650699573,-0.0025850156986637444,0.022836507206307425,-0.6970794733349451,0.41708597684241827,1.452109740871174,-0.07765447330823745
2024-06-06 13:30:00,-0.03258548731356025,-0.04464771666096212,1.2096993764765345,0.22575242181155267,0.7438809862551875,-0.034290694209527905,-0.049876906356212,-0.004146533190182683,0.023795581329596943,-1.1590023097679052,0.6524625699158587,-1.4647526617315063,-0.1102399606217977
2024-06-07 13:30:00,0.012412217332330248,-0.0005975680362491816,1.2123296112262258,0.22864882680580012,0.7440801920697805,0.010291718729048252,0.003386838513391647,-0.003338710886822028,0.024082471194638994,-0.8904714359632971,0.7398654250447046,0.7015166367771623,-0.09782774328946744
2024-06-10 13:30:00,0.0065131839636174,0.023756740963374694,1.2175545566757904,0.22352128754827408,0.7443446690088941,0.01088854741489002,0.016200461895554834,-0.001738093662580442,0.023590896719025263,-0.3199580574411794,0.6510933767383206,0.41315611607299413,-0.09131455932585004
2024-06-11 13:30:00,0.012298977735451813,0.007390840248981474,1.2134679823289989,0.2274998312250687,0.7383920246416263,0.013460995807631122,0.009375967335693642,-0.0007971720108628764,0.023764800413735965,0.0581994243112928,0.7198366240442239,0.6696724758664956,-0.07901558159039823
2024-06-12 13:30:00,0.01604198199223442,0.012362880465657514,1.2061506743391686,0.23685608869466238,0.7321816612152507,0.01889613434185137,0.02308245203042151,-0.00012042608415885336,0.024054793230531116,0.3630670879839563,0.8183563095394035,0.8301533916848189,-0.06297359959816382
2024-06-13 13:30:00,-0.011341989026224996,-0.006856649273030424,1.2007251713420297,0.2206026317284665,0.7288527406275563,-0.009144004147978002,0.002303278160585731,0.0005585861787587358,0.023503192506211946,0.6990291293343819,0.7170985582850415,-0.46626352454709286,-0.0743155886243888
2024-06-14 13:30:00,-0.014719514146650342,-0.016633949733968072,1.2042660867473123,0.21305554242000305,0.7238402161357712,-0.014209391869296855,-0.00919321324632964,-0.00024376525890642498,0.023748190893682235,0.43585856910798093,0.8123985357446586,-0.605197059107067,-0.08903510277103915
2024-06-17 13:30:00,0.007654318994057312,-0.002903965285642703,1.1994376048063349,0.2170895896784235,0.7131379054010055,0.008105552544274844,-0.005516538407775625,0.00035710289818833044,0.023790472738373515,0.7886097738538621,0.8603261966844237,0.4592109202034009,-0.08138078377698184
2024-06-18 13:30:00,0.021878663200583005,0.022828039520224646,1.2003142400921003,0.21591939213197822,0.7205540184219387,0.022394375727080734,0.018636430478205773,0.001311511972175504,0.02427125607850123,1.3514329027637249,1.0238140502346496,1.111637654595699,-0.05950212057639884
2024-06-20 13:30:00,-0.019249842024009194,-0.010674933610469154,1.193605985499468,0.22538186567545632,0.7235357338190092,-0.019345625824062886,-0.02906391238530063,-0.0003838499911307578,0.024473353008098386,0.5642571781696641,1.1140698610581834,-0.8119081357222322,-0.07875196260040804
2024-06-21 13:30:00,-0.000759783125201142,-0.008269845227032335,1.2476271886859445,0.2354674521177093,0.7230587136246887,-0.0023957070579940787,-0.00250950134150818,-0.0024480283646830378,0.02250315214555948,-0.5281482267203786,0.642900942461981,0.029780933446878214,-0.07951174572560918
2024-06-24 13:30:00,-0.006399540187664068,0.007641057741556508,1.244278291405647,0.23872738235752308,0.7246434442985562,-0.005506459382584576,-0.01757351636643271,-0.0034332675910530254,0.022206542648225355,-1.0663016754594532,0.5499140100359469,-0.24287881130669203,-0.08591128591327325
2024-06-25 13:30:00,0.011761126534291812,0.00363021505422112,1.2342025482023682,0.25404329584291296,0.7288243604296903,0.01309378700452446,0.001329430599166015,-0.0028844121828076174,0.022450576663725606,-0.7537871511197073,0.5999667042437277,0.615268512015772,-0.07415015937898144
2024-06-26 13:30:00,-0.024204564289297688,-0.02859915996134073,1.2405173535102958,0.25055270345668135,0.7357341277602042,-0.02440098713180679,-0.018761975193290665,-0.003954819091980503,0.022950937583660617,-1.30965819770339,0.719165454926513,-1.154716362791887,-0.09835472366827913
2024-06-27 13:30:00,0.0016679135275836157,0.004289442206899678,1.2480084877414108,0.24832619784425075,0.7315107621449227,0.0025448383209371412,0.0019712232865480113,-0.004169504567218795,0.02287324647757378,-1.3870894726948093,0.6757009815357479,0.15308628622522696,-0.09668681014069552
2024-06-28 13:30:00,-0.006094063283186563,-0.021341739112645586,1.249617449764132,0.2370807128529449,0.7177600143485039,-0.010167415969645766,-0.025196232631194748,-0.002649298814332187,0.02158564697555895,-0.5699503008815252,0.29826723283093415,-0.2352771726474665,-0.10278087342388209
2024-07-01 13:30:00,0.06938979329297047,0.010591792352510879,0.9334546544466674,0.28061122585047543,0.637030778449431,0.08093113688279945,0.032156082904989426,0.0036357943767983377,0.023365238177536277,2.59096167942364,0.7774976331935517,3.225175080429748,-0.03339108013091162
2024-07-02 13:30:00,-0.005779103898673215,0.002573915186971846,0.9377990617961413,0.277484596149831,0.6379411220083439,-0.002598234300137688,0.0033414863650752893,0.0020860493942607954,0.0228814592913465,1.7328761141753941,0.6229317696518549,-0.25472767096069093,-0.03917018402958483
2024-07-03 13:30:00,0.01984502037848144,0.029923218272156566,0.9657233951114829,0.2982144551715798,0.6358787368561735,0.023895505605628326,0.025533804444655656,0.004346199311829647,0.022251792672928417,2.6248146000793056,0.4453917360510457,0.9256925941540138,-0.019325163651103393
2024-07-05 13:30:00,-0.018384845160374006,-0.01238613383396762,0.9803103305195744,0.30357702344725823,0.6371792271819169,-0.014139797888797526,0.0032372069751581325,0.001997223224838001,0.022035929065570475,1.479671593538718,0.3946436197277831,-0.9215506852627507,-0.0377100088114774
2024-07-08 13:30:00,0.014696973070689479,0.017611935646249115,0.9812346981335303,0.29620338734204094,0.6369048734429269,0.016590785195610785,0.023716262368208046,0.004361346244050487,0.020621398506405115,2.382688058493228,0.008711837849871026,0.7154622239252882,-0.023013035740787925
2024-07-09 13:30:00,-0.009595730533019547,-0.005402635121172228,0.9780497282943414,0.2933832123516449,0.6382003883071063,-0.008317080336590177,0.0034191900730876634,0.003260948850782998,0.02075593184617492,1.8176011210643612,0.058676156569381605,-0.4760302805651572,-0.032608766273807474
2024-07-10 13:30:00,0.002630908363063249,0.016091841890978564,0.9762858911329761,0.2882008649975935,0.6339047192390145,0.006646745691598177,0.009332100872623483,0.00306683507075529,0.020742064739954977,1.661013084974854,0.06762558462475286,0.1425169312145056,-0.029977857910744227
2024-07-11 13:30:00,-0.005002316930978453,0.007360675206555293,0.978325814852042,0.2969752062332758,0.6297988314432524,-0.010920594675663493,-0.0030465685217294274,0.0022017703374337767,0.02069750017939139,1.2632086116825458,0.06842356392247002,-0.22486363566559023,-0.03498017484172268
2024-07-12 13:30:00,-0.0037672270325602155,0.006557324015959505,0.997743738837048,0.28164474540283385,0.6315405471885802,-0.0007936217332984814,0.004009808541089972,0.001211309886194045,0.020473090159223443,0.8337853041999995,0.020275954789245893,-0.17985625953469056,-0.0387474018742829
2024-07-15 13:30:00,-0.01403587627760574,-0.03658687385524051,1.0199647632184872,0.2759414876222688,0.6373133300067653,-0.012309467106746963,-0.05172162387223078,0.0010766155236250079,0.020568664866719516,0.7523586325668923,0.06604826290902592,-0.7070905994589469,-0.05278327815188864
2024-07-16 13:30:00,-0.0029421593462208356,0.0070571804125122055,1.0327063620881323,0.2466854657631208,0.636905957173564,-0.0007092861604257967,0.0025952916128771557,0.001665483263646483,0.02025888635191793,0.9623146428124045,-0.008335750259470608,-0.14833028668308781,-0.05572543749810947
2024-07-17 13:30:00,-0.06695096318165998,-0.07709736124158784,1.0468070531291873,0.3813342405629548,0.6675639586757952,-0.0776680038729819,-0.08706480996017885,-0.0020647808451393817,0.025331569871696765,-0.613294470378014,1.4778767758098146,-3.089223737093954,-0.12267640067976945
2024-07-18 13:30:00,0.027682884051710183,0.025835274357944638,1.0407934677305537,0.3608301563441639,0.6272295821511307,0.026690807706991504,0.024011541614645138,-0.0017745698025830223,0.025651542290955235,-0.5324846800303648,1.54388825141232,1.2959110784491632,-0.09499351662805927
2024-07-19 13:30:00,-0.0035569816250325182,-0.00505126136762742,1.0368338051797183,0.3611504022066213,0.6222080281309452,-0.006193102910952726,0.005870693306704459,-0.000989926782634189,0.025326820998078408,-0.2318772633846297,1.4269295737151366,-0.13983016775841287,-0.09855049825309178
2024-07-22 13:30:00,0.017449025962091903,0.032574907380606234,1.0466411561373785,0.3801484912802573,0.629724736938914,0.024161761434291863,0.03885403658483436,-7.94863282695367e-05,0.025660612200214053,0.1636024162235171,1.4825136045181482,0.8212039240845566,-0.08110147229099988
2024-07-23 13:30:00,0.008778280962571465,0.0014284731283630652,1.0522345224371525,0.36037549738868874,0.6292272392283526,0.0076503594883284105,0.01733451804340262,0.0006794047292422399,0.025688285266937217,0.4945114369842307,1.4543025377733008,0.4285763598099335,-0.07232319132842842
2024-07-24 13:30:00,-0.06300369946951412,-0.07011733395893598,1.022781481609397,0.49119910165204833,0.649882650073271,-0.08135824508612848,-0.07022817162448962,-0.0030588365709480563,0.02919184839445451,-1.1949334134688399,2.282287510768929,-2.6540750152106276,-0.13532689079794252
2024-07-25 13:30:00,-0.0068230579346959894,-0.02169556009494115,1.023386021197373,0.48847293033542066,0.6500958397787072,-0.013393918486319139,-0.038963539916445675,-0.0021897612532179715,0.02878508199579709,-0.7768687430964765,2.0580589311901436,-0.22174291787647366,-0.1421499487326385
2024-07-26 13:30:00,0.0053221405155246294,0.019703501892958625,1.0375722143659267,0.5029697518687022,0.652749967799697,0.009913657673697191,0.016547835931245276,-0.0020070499038209208,0.0288224303271595,-0.6748322451993078,1.9645674910826005,0.3259549067822862,-0.13682780821711388
2024-07-29 13:30:00,-0.005953797119115691,-0.0014206951965081889,1.0300481433977167,0.4950896465239128,0.654991138293095,-0.0059169795430774235,0.007148503922621378,-0.002000036595617377,0.028821400547440253,-0.6535709482537987,1.8720237217885765,-0.1671402255051908,-0.14278160533622958
2024-07-30 13:30:00,-0.023586687121774585,-0.027021519345901173,1.0437291086580025,0.5332873382206401,0.6575051458335274,-0.03219734906240217,-0.04255771945858848,-0.006648860616354631,0.023753153624092523,-2.560238657676811,0.6399395427672161,-0.9264315503193008,-0.16636829245800416
2024-07-31 13:30:00,0.05267216817408392,0.08799465302205951,1.1834585557796586,0.7155892480842246,0.6890639427225415,0.07505301000330518,0.08379311103540028,-0.003726297012716773,0.02721013187299227,-1.269103788994239,1.414631788457273,2.272846711674933,-0.11369612428392024
2024-08-01 13:30:00,-0.0059977143055440635,-0.0687290933996851,1.2327176515577876,0.7562791608117243,0.6994484434762221,-0.040022731503549916,-0.06281309628530247,-0.005018433746918049,0.026639498020135315,-1.736155793316733,1.2368471457940269,-0.19706860912427682,-0.11969383858946431
2024-08-02 13:30:00,-0.034491973178384476,-0.0537991256219272,1.239950712130228,0.8163292370879643,0.7180715331754731,-0.0554187114324118,-0.02801128959717788,-0.005823790147818572,0.02730013575677262,-1.9631057442463589,1.348917125177099,-1.349525736788837,-0.1541858117678488
2024-08-05 13:30:00,0.03231501206263579,-0.020231711815435666,1.1320942283603133,0.7083384283581036,0.7155383703789262,0.006176319896521936,0.0018272124311881459,-0.0049428881982212566,0.02826435134350064,-1.54469787863899,1.5253965470737496,1.3898826593266373,-0.121870799705213
2024-08-06 13:30:00,0.02236141971076839,0.03792698188007804,1.153610979745344,0.7286001650971916,0.7216548521239131,0.029485212404221306,0.03179636093391669,-0.00334503068603186,0.02888398836773294,-0.8872793956669546,1.6192513004731535,0.9562780850297484,-0.09950937999444462
2024-08-07 13:30:00,0.0008633991114364709,-0.001303953376689056,1.1569522427822991,0.7319862726572556,0.7214823628885814,-0.006930257795585944,-0.005328104073569391,-0.003433406148613199,0.028867440888813142,-0.9069003400573767,1.5629699941721689,0.06421952136737731,-0.09864598088300815
2024-08-08 13:30:00,0.02863523029411143,0.05406972197732244,1.185852575292604,0.7946985385867082,0.7336479382449119,0.0529778792903605,0.03254238938279289,-0.0017515287873587047,0.029737992233044703,-0.2595595094825021,1.7118358179825006,1.1664779213262833,-0.07001075058889672
2024-08-09 13:30:00,-0.008678101070106577,-0.0010647202452634212,1.1706452725884395,0.780866346929245,0.7254708233377832,-0.004472360816764535,-0.003306753430123914,-0.0019970724892360227,0.02977576194524818,-0.35409468200700683,1.675066060518297,-0.33952722728603557,-0.0786888516590033
2024-08-12 13:30:00,-0.009502342253847607,-0.00601198389040869,1.1630759644278683,0.7742318604696754,0.72202282912489,-0.007778013822658414,-0.010933113837033659,-0.001770395788048116,0.029696440173005673,-0.2675429815437649,1.612640224763261,-0.38619206544611545,-0.08819119391285091
2024-08-13 13:30:00,-0.004201007068242901,0.021202470247719447,1.157677434563797,0.7667156054518377,0.7220306013792355,0.015371040454834468,0.03088510251562922,-0.001833338174149219,0.029700388289601615,-0.2900735006996121,1.5762563726108105,-0.16591218392242715,-0.09239220098109381
2024-08-14 13:30:00,0.0009842217497556304,0.00018210435801665112,1.1583138849636718,0.768653272326994,0.724315388037204,0.0008561679098124294,-0.005661864495703532,0.0015634210724215618,0.025440355753296777,1.0141817633721244,0.507982666533467,0.04215603269358262,-0.09140797923133819
2024-08-15 13:30:00,0.0007154188086583475,0.019557208672830246,1.1531390567860198,0.767310354116507,0.7245857150238076,0.019692155883311264,0.007602126310027064,0.00021504781026896982,0.024686617798934656,0.48326236995361055,0.28531650676084114,0.032594794621885144,-0.09069256042267984
2024-08-16 13:30:00,-0.02265583958829765,-0.017514568269062097,1.1537931449425052,0.7679193179353996,0.7247709885382839,-0.02196744687240208,-0.016410654079883884,-0.0007398950878942868,0.0252041807666328,0.11670566103911799,0.3962733806741238,-0.8931231188630662,-0.11334840001097748
2024-08-19 13:30:00,-0.007485627977699076,0.009025311645328271,1.2001196271486383,0.7900469076094853,0.7241878398212706,0.0024428418565081156,0.0022826728062805834,-0.001986627784883836,0.02487161248992202,-0.34781848058430026,0.27513231786837533,-0.24933415769763725,-0.12083402798867657
2024-08-20 13:30:00,-0.0008097592350225823,-0.006991906791805687,1.1863917695079034,0.7797021926547503,0.7238948391821793,-0.004856523030375722,0.01935884940610492,-0.002466029794763538,0.024745281615767455,-0.5134535473521469,0.20898394087058217,0.03890618567697601,-0.12164378722369915
2024-08-21 13:30:00,0.007934170375340053,0.018054401811352056,1.1914552884643752,0.7820575825213053,0.7317908288065044,0.010966103145551537,0.016362735567754545,0.0010808636974791706,0.02029518471233985,0.8785025790965029,-1.1675556703559895,0.3991294336812817,-0.11370961684835909
2024-08-22 13:30:00,0.015489706508655266,-2.2740297021983658e-05,1.1934939874058228,0.772478681243541,0.7306191693950136,0.0011724307744347406,-0.0026119430051912973,0.002196501919646733,0.02045051244858679,1.2983538471753646,-1.1693297602675012,0.6990597516171204,-0.09821991033970383
2024-08-23 13:30:00,0.009103810943714546,0.019154642002881934,1.195640428746233,0.7796898528331643,0.7314377642545805,0.01636257250211955,0.004220906689333798,0.0023855854410562293,0.02049835934198126,1.336267537605311,-1.2395647103285148,0.4309002327900404,-0.08911609939598929
2024-08-26 13:30:00,-0.008826897507822633,-0.009527950114175954,1.2522963762038868,0.7953745235007614,0.7346518222445645,-0.016025210614396435,-0.018489051425543468,0.002241930421620882,0.020569821680838832,1.239427681238465,-1.2651804574620475,-0.3395199621127511,-0.09794299690381192
2024-08-27 13:30:00,0.0013202035842654301,-0.002926316207918611,0.960271725759127,1.0634790169054409,0.6985537656397458,0.004977886438464196,0.006393783606631009,0.0034872749569228832,0.019657525881126774,1.642797813986681,-1.545397751522824,0.05168828300511789,-0.09662279331954648
2024-08-28 13:30:00,0.0038644911894316555,-0.014498111492778687,0.5592682013747721,1.4459820818653073,0.6746544782135606,-0.014498111492778687,-0.008078506494747617,0.0010468911076902698,0.015900723678080684,0.7046133645713699,-2.617746758918031,0.182591279139341,-0.09275830213011482
2024-08-29 13:30:00,0.021814717223821837,0.021694914126489866,0.5746840669627612,1.4458875538013336,0.6760155173406943,0.016250683774701995,0.008661581957935354,0.002437512684158565,0.01645860329341428,1.1849821786690757,-2.307170164579198,0.9571255672810968,-0.07094358490629299
2024-08-30 13:30:00,-0.0056721824381244495,0.014475017785902692,0.57131235286191,1.436073497170362,0.6738091394548139,0.006947268358770501,0.010736283450867226,0.003878502221171566,0.014155672169838297,1.6499060034701862,-2.764297854343193,-0.25999672028910037,-0.07661576734441744
2024-09-01 04:00:00,0.10632596271429773,0.2337082710987705,1.2541784707099728,1.6510388464368495,0.730755115928936,0.1676786652821555,0.2638892071458121,0.007579049753754663,0.026378065115713466,2.772315567500679,0.685970759319424,4.088569916711838,0.029710195369880288
2024-09-03 13:30:00,-0.048673239962394116,-0.24299913342940724,1.465147863444673,1.8396446551541004,0.8129328607651605,-0.17970661706005395,-0.24847683449509403,0.004027316770096538,0.02894072850240369,1.4848326467985753,1.3643115734806368,-1.9053926448679883,-0.018963044592513828
2024-09-04 13:30:00,-0.0069089290250926375,0.0005351349355372514,1.4626746474603838,1.8422525322124867,0.8123390842731988,-0.00799743981483203,0.01435372551124281,0.0036387003632700823,0.02903747143701693,1.3042477599743882,1.3446865631045215,-0.30478331710422,-0.025871973617606465
2024-09-05 13:30:00,-0.010395351944507381,-0.012795772277386855,1.4663565460804162,1.8387068700315112,0.8138390453911276,-0.010322739639156123,-0.005048936909349636,0.0016871712513391417,0.028577023342976647,0.6285082187106623,1.1824185612136608,-0.4232158640821794,-0.036267325562113845
2024-09-06 13:30:00,0.04601603879513852,-0.014839109472054616,1.4643600375191475,1.7623345967980837,0.8153912153252314,-0.005314195435917971,-0.0023249905602609564,0.004421878244601397,0.03010885180246539,1.4950710215388054,1.5367844026047102,1.6704255378408515,0.009748713233024675
2024-09-09 13:30:00,-0.023849571875791536,0.013689203762409008,1.4563736626015769,1.7527191044511061,0.8162934173285453,0.003545845705666295,0.006480713100906366,0.0037045167635042,0.03062456444882359,1.225010590790762,1.6055757133430741,-0.9215338256384633,-0.014100858642766861
2024-09-10 13:30:00,-0.019522422951264023,0.0037416276609186414,1.4486422159196066,1.7516188166301634,0.8166018069006432,-0.0009532297678189008,0.020941152391637703,0.0029384459693531442,0.03102178448339419,0.9502642837004885,1.6381804507121602,-0.7565888509702496,-0.033623281594030885
2024-09-11 13:30:00,0.0018081811999390365,0.04506978816442168,1.439279928646878,1.764388914546605,0.8202932647162258,0.041954334356674984,0.054348842646581054,0.0029796439418623144,0.031019599660485214,0.9422646112913333,1.5730130895244745,0.03636048494332727,-0.03181510039409185
2024-09-12 13:30:00,-0.004905551238417207,0.015561712358863833,1.439847529986801,1.7604385105933156,0.8195860018788292,0.01336214761278054,0.0065515480927624825,0.0026985954395085366,0.031066622401408707,0.8405625269537698,1.5252210470134673,-0.19664637853629677,-0.03672065163250905
2024-09-13 13:30:00,-0.003313211772025877,0.024993064534457304,1.44417592961679,1.7536088339594564,0.8197914352801042,0.010919374270716691,0.019353431041886287,0.0036657268303221255,0.030532254824787948,1.116313986402911,1.3495613356258405,-0.14793704679702108,-0.04003386340453493
2024-09-16 13:30:00,0.014614007548378981,0.018291732554884737,1.45393640177415,1.7469361067779177,0.8194380310716749,0.010652209814343266,0.006841673046249646,0.004770708606626027,0.03050732918939978,1.4113392999865142,1.296235005415466,0.5113170398073834,-0.02541985585615595
2024-09-17 13:30:00,0.0148425916735078,0.015079229622415738,1.4438365143961271,1.7566008733560807,0.8195784232841726,0.015837451118163405,0.0015642242876071997,0.0055533261520525476,0.03055736361756942,1.5921186837472427,1.2623425643339297,0.5058438869164658,-0.01057726418264815
2024-09-18 13:30:00,0.01870820961767302,0.0010051124277796013,1.4330181792615042,1.758019974580882,0.8192939875881503,0.00859226406699202,-0.0009324331940146664,0.006092028114169196,0.030696198545344923,1.6852187847601423,1.249835696048457,0.6439883960854844,0.00813094543502487
2024-09-19 13:30:00,0.004570825905101161,0.042432859986035444,1.4186190373667191,1.7739938377069138,0.8119557759259853,0.04829443473687759,0.03048877051971536,0.00554608408399149,0.030617256999110835,1.4672869193311224,1.1903008702554898,0.10181786514892663,0.012701771340126032
2024-09-20 13:30:00,0.021536220751466134,0.05837649598566341,1.45573041308996,1.7583635302861147,0.7964619029311496,0.03197276090086931,0.0606246469020888,0.00616770457437907,0.030818834728472504,1.598701883045853,1.1946751023766045,0.7212598472210069,0.034237992091592166
2024-09-23 13:30:00,-0.0039659883822665415,0.01677488600043464,1.4551900130336288,1.7587716367571353,0.8011780583712816,0.0068554776023106445,0.004427332896489222,0.006410750030656875,0.03071334625538204,1.6059707055630967,1.1315747761795785,-0.23052186206164238,0.030272003709325625
2024-09-24 13:30:00,0.010870503324076453,0.002248533490364616,2.0511427034294543,1.387303174625891,0.8361146144710211,0.009344331960344935,0.004717009190792579,0.006888265017647425,0.030704275761662504,1.6977850950852964,1.0931351666529305,0.37959699871871866,0.04114250703340208
2024-09-25 13:30:00,0.008798710713757627,0.02065593528727901,2.0494029983005126,1.4025193567951781,0.8338280876594378,0.01539010267820436,0.04022848700476407,0.007134975993863724,0.0306985236396201,1.7024959268173272,1.056363088994199,0.28832103454473434,0.049941217747159705
2024-09-26 13:30:00,-0.006869797958817404,-0.011004977080169787,2.058205187363155,1.3920946236786889,0.8312181273378911,-0.004145420233684027,0.008614303819920233,0.005700750234731762,0.03064661614334914,1.2770212061169,1.0106365257192156,-0.31297877415241593,0.0430714197883423
2024-09-27 13:30:00,-0.006026650931910157,0.006247997856497249,2.0364155104501656,1.423485696764709,0.8298283098330757,-0.003672810687233981,-0.014114883842008947,0.0056830268100424765,0.03065364114876194,1.2384143420393139,0.9790519778317863,-0.28903454458579286,0.037044768856432146
2024-09-30 13:30:00,-0.005708042929801215,0.006940216377785413,2.0387507999013157,1.419314377810179,0.830057162959639,0.0024637164072991435,-5.608491826314399e-05,8.132652783752995e-05,0.0195022854250756,-0.3123928129717545,-1.4790172463304736,-0.26334832907262085,0.031336725926630934
2024-10-01 13:30:00,-0.045093994356860234,-0.01647735250525717,1.95315969219126,1.4729823825003006,0.8302708138318632,-0.03549886858717921,-0.03013592095627049,0.000260288808114224,0.019042341895795446,-0.24848966851857696,-1.560249965201203,-1.761676526949645,-0.0137572684302293
2024-10-02 13:30:00,0.008692879717906925,0.011510467962802565,1.9543887438825291,1.4849427581150139,0.8307368665730053,0.011019390661110387,0.0012656099136213825,0.001040379245264202,0.019052759153632554,-0.01872207406062457,-1.5386987326005677,0.32088089853165863,-0.005064388712322374
2024-10-03 13:30:00,0.01880270943232041,0.017008471125402307,1.9380642941110402,1.4982756861381619,0.8307424411221805,0.01737686898643102,-0.0006282722513682622,0.0025002823141055917,0.019248025301834684,0.3929665003213544,-1.4806970011888658,0.6947624760827669,0.013738320719998035
2024-10-04 13:30:00,0.013804385385375215,0.029385085982048514,1.9289038960790517,1.5197392315159453,0.832390746698143,0.03098121172182337,0.020069601245518525,0.0008896996436174264,0.016577608925010374,-0.061237715023973155,-1.9952450473614216,0.4895465858844746,0.027542706105373252
2024-10-07 13:30:00,0.04381597967963161,-0.013662175865736703,1.84843307599101,1.5288874304305793,0.831496905150682,0.009336255041882291,-0.01720364252009743,0.0042729772213885835,0.018098019453717168,0.8751462051468113,-1.6466815856719785,1.578960888077814,0.07135868578500487
2024-10-08 13:30:00,-0.03028926464223303,-0.006201468469758331,1.8823506918908621,1.483916700838516,0.8313969805340271,-0.006705049405631658,0.019891973614406977,0.003734635136840134,0.01898165194970945,0.7111437258880163,-1.4501647760578062,-1.1921218400531237,0.041069421142771845
2024-10-09 13:30:00,-0.00405351320772709,-0.008339383471686649,1.9421930852498344,1.3833264224062969,0.8236744285450014,0.000216275527130513,-0.014378788333779516,0.0034415504164568276,0.019058062475191578,0.6058715635872745,-1.3893449565619695,-0.2662889455309774,0.03701590793504476
2024-10-10 13:30:00,0.004376146661861836,-0.002150738155954346,1.9396847977352332,1.3952474020696384,0.8542608295818276,0.0008949821445330963,-0.008917752020406344,0.0039056353114707795,0.01895684438147719,0.7111360801922418,-1.364821137094489,0.08410934432631273,0.04139205459690659
2024-10-11 13:30:00,-0.009679087993356207,0.010210194776464418,1.9307951155295027,1.4018024492732746,0.8575530037946306,0.001427163613085888,0.004030603192243095,0.003587341500404263,0.019137018087325524,0.6004629982628217,-1.2894553786293064,-0.4732398232573196,0.031712966603550385
2024-10-14 13:30:00,-0.01232623820978249,0.02434453369757546,1.9214329542242918,1.4051925443326299,0.8580298974631834,0.011726040233162333,0.024775542651063704,0.002240329212496189,0.01926771171129411,0.2102233952043782,-1.22654318363802,-0.5594241657241864,0.019386728393767896
2024-10-15 13:30:00,-0.012834549729974718,-0.023137668742585493,1.9192420424647012,1.4229580158575208,0.859880247449356,-0.0276236512462944,0.009092730899321944,0.0008564721423220633,0.019308824442101153,-0.18111023781474556,-1.1833625250207935,-0.5641804013357096,0.006552178663793177
2024-10-16 13:30:00,-0.011629103034490305,0.02953229659846864,2.0367138867613153,1.2501723191668324,0.8545254595882944,0.009683615215075065,0.02474277992129988,-0.000660393490286103,0.01902210729795176,-0.6273637449755161,-1.1961486126938892,-0.5826651247763297,-0.0050769243706971275
2024-10-17 13:30:00,0.004213699781662854,-0.012480431345701537,2.034985876155562,1.2583538724383851,0.8472597820942172,-0.0036006441952919355,-0.017247207245584595,-0.0006782497964580184,0.01901710519083804,-0.6436675703403983,-1.1569622102041073,0.07858147853861645,-0.0008632245890342737
2024-10-18 13:30:00,-0.009497450593113474,0.01109459513184293,2.0381495099041977,1.2617783345961155,0.8499533051383065,0.005326328412637768,0.014404419443761215,-0.002229933363686999,0.01836400465163412,-1.0869070937855962,-1.236005217039039,-0.48963556417575543,-0.010360675182147748
2024-10-21 13:30:00,0.005176256833108406,0.0005295144345563626,2.0377445374295284,1.2630843084729035,0.8489481944951391,0.004434379292651521,0.003518257421841494,-0.0017728211029182511,0.01843217353588731,-0.9579348875008326,-1.1817314432433637,0.121741065648868,-0.005184418349039342
2024-10-22 13:30:00,-0.016842617045641307,-0.02193385674414246,2.0754377890582254,1.2183212119353584,0.8482968268064003,-0.018381261717186088,-0.024265243928913455,-0.003158477121404139,0.01847330883797653,-1.4181624115186142,-1.1449664995238267,-0.81657495243508,-0.02202703539468065
2024-10-23 13:30:00,-0.005072731254460124,-0.0025319404601272058,2.0802062044918763,1.1685833778554335,0.8399577333498286,-0.012121354811352384,0.002673959577771242,-0.003852049219815026,0.018259919916652476,-1.6216641401836156,-1.1456868118580126,-0.28773925269431044,-0.027099766649140773
2024-10-24 13:30:00,0.006016184183552964,0.0024401136874693994,2.110059975886766,1.2505507069965995,0.8482893226376955,0.008894096507769142,0.0025513979672906104,-0.0032077501126965085,0.018374813465793758,-1.4624908104115641,-1.0897665143623891,0.1932102594806349,-0.021083582465587808
2024-10-25 13:30:00,0.016676842546249297,-0.006715205809586215,2.1169404616238534,1.1910350184982053,0.8503604564193807,0.008115004498323992,-0.006381046547289253,-0.002072575438788536,0.018885694977290132,-1.17840846378442,-0.966788446418131,0.6385591240317859,-0.004406739919338511
2024-10-28 13:30:00,0.000249999417512619,0.016678868193840568,2.2036787816487102,1.3655141048210158,0.8491897614184943,0.008841095171629343,0.02302840033570397,-0.0017746733214228441,0.01887231728914893,-1.1325585297819878,-0.9380988300936727,-0.0783105124547274,-0.004156740501825892
2024-10-29 13:30:00,0.02935748340463838,-0.002808584048821191,2.1178386406032526,1.4259298022193971,0.8505759654054622,0.01854678875511399,0.012437980678305075,0.0019479005666520864,0.017141238851293972,0.031002279674359298,-1.2046207828991535,1.2405535607604714,0.025200742902812486
2024-10-30 13:30:00,0.005173348037786055,-0.011268323772446501,2.115363817089839,1.4258094539917125,0.8508791624258801,-0.008871562904187372,-0.013545117806407473,0.001771923982646043,0.01708632683611588,-0.05654580639470424,-1.17323654925572,0.1374574100277315,0.030374090940598543
2024-10-31 13:30:00,-0.004856219356110195,-0.019333067676298093,2.118273728290012,1.4117315246551063,0.851025021275559,-0.0297011994669986,-0.025580142664268484,0.0005889775432245125,0.016658814824490078,-0.4730283946992605,-1.2066905275520956,-0.29671872262880145,0.025517871584488348
2024-11-01 13:30:00,0.0480071164698946,-0.12035488049100344,1.947295778658623,1.2887106279626475,0.7916462805806782,-0.06247475356745662,-0.04184553024462094,0.002299114097450482,0.019585370036584594,0.08591913607205184,-0.6661290445947032,2.0211795350971986,0.07352498805438294
2024-11-04 14:30:00,0.013072926236158218,-0.012538261958218685,1.9356206813763546,1.2937838993311679,0.7911998000045944,-0.0006348489136962145,-0.030032370754111325,0.000761961425276812,0.017218893850726,-0.4663878759878557,-1.0501657637936803,0.45192948843875697,0.08659791429054116
2024-11-05 14:30:00,-0.011851162261157684,0.03541521202611323,1.9073530570691055,1.34913436205814,0.7905980575675736,0.02038907855883291,0.028716665171649648,0.0016838665443305793,0.01591297033252363,-0.16656154265961962,-1.239190628678475,-0.6492690188806779,0.07474675202938347
2024-11-06 14:30:00,0.00916402277509435,0.02886477653129212,1.8845875676110238,1.3850856462541052,0.7804549651295369,0.03920178826643057,-0.008730986091639619,0.002344743343471651,0.01593660123445764,0.06423471089938398,-1.1940899493642425,0.2767209883185902,0.08391077480447781
2024-11-07 14:30:00,0.009355132633859162,0.0375324310718812,1.8553566071334822,1.4507345560595244,0.7775210549266794,0.03572709752099823,0.04212844173462604,0.002593692642071518,0.016008730122739716,0.13937506949385225,-1.1441136309464288,0.2786460166250153,0.09326590743833697
2024-11-08 14:30:00,-0.00824490940717338,0.03131459459458134,1.8515914209164976,1.4541812116584385,0.7764131982080945,0.012135858067478779,0.02465729971065548,0.002665401571380659,0.015953980973506726,0.14610207824373667,-1.1166508672695101,-0.5164141865373513,0.08502099803116359
2024-11-11 14:30:00,0.005541734753441793,0.012662189287411732,1.8486800789547386,1.4815602585601986,0.7759727860570513,0.009883652549499225,0.007008731189055243,0.003558800219541873,0.01556585581110924,0.44374401390811025,-1.1452748098381542,0.09041441051724781,0.09056273278460537
2024-11-12 14:30:00,0.007350982448321197,-0.013421400378552514,1.8420414856002427,1.4836616170435217,0.7761682669364367,-0.001960450691219825,-0.008118004863223746,0.0045680768284566695,0.015094243262242879,0.7896596355037995,-1.1853531795124932,0.16537980016957007,0.09791371523292657
2024-11-13 14:30:00,0.002167970325633194,0.00011428626335060106,1.843359801565211,1.4842830517689476,0.7760577810087201,0.001897998943811004,-0.007669945499814516,0.005257930496462844,0.01462294758892866,1.0164093280452018,-1.2333365829381309,-0.06252042405061359,0.10008168555855976
2024-11-14 14:30:00,-0.004425009467242325,-0.01868719065381112,1.827097655661289,1.529629666523206,0.7769033695884212,-0.015241114096710955,-0.02249615517371976,0.004825995034017585,0.014782135148217482,0.8335643483789491,-1.1775383198439449,-0.3435795907550585,0.09565667609131744
2024-11-15 14:30:00,0.010672993395381011,0.005683835349953759,1.8509356932940062,1.4967139038440909,0.7766747747375006,-0.009300698572719979,0.007159483376846798,0.00583451723344231,0.014437529359155243,1.1730458159667714,-1.2028938450133875,0.33265871593533347,0.10632966948669845
2024-11-18 14:30:00,-0.014612303994336167,0.014665433528593988,1.8552601237835762,1.477777728652127,0.7750395586172577,0.005958670002741343,0.0013643789004901628,0.004845089192070081,0.015145717929705645,0.7894888189578974,-1.0630707348416555,-0.7949639063171283,0.09171736549236228
2024-11-19 14:30:00,0.0017539502028132252,0.026573698464909423,1.8589933295256063,1.4754831433958604,0.7748262602738992,0.020193878128626608,0.03292860473585668,0.005774917554492807,0.014290905431969215,1.1044047471749248,-1.1732089799335879,-0.06325959531894985,0.09347131569517551
2024-11-20 14:30:00,-0.004696768185470513,-0.0018834287424636849,1.859184261390456,1.4752347912903516,0.773882379560496,-0.0023805878192152035,-0.011948414345442545,0.005793715707942288,0.014276125143946796,1.0751532602189997,-1.1659300398569417,-0.3450599594004454,0.088774547509705
2024-11-21 14:30:00,0.0029854274172021397,0.043218566473722575,1.8576667816933439,1.4787369804190291,0.7751657515619055,0.0258250513949132,0.035122056232276266,0.005642177869624747,0.014289718331648915,0.9930953108962765,-1.1514374621248598,0.012304893962718676,0.09175997492690713
2024-11-22 14:30:00,0.002877850791944572,-0.0017057731492135335,1.8553300092214355,1.4996091488940266,0.7735458211333021,0.0036673985927246537,-0.0032500593401016227,0.004952228281909511,0.014060175227167578,0.7381974745154362,-1.1869835756661928,0.001063386325914705,0.0946378257188517
2024-11-25 14:30:00,-0.022220320661479123,-0.015685965619538684,1.5110545605886117,1.5051848691830814,0.7168150154416741,-0.017527619786676236,0.004052871727045531,0.003828712277959923,0.01529890384191582,0.3700178753158424,-0.9598837323671608,-1.2858131646340119,0.07241750505737257
2024-11-26 14:30:00,-0.004725791565840479,0.02254165970846045,1.1327399190837004,1.1424068746554075,0.4047935189818715,0.00661022682678869,0.02390497608374309,0.0021245485294359803,0.014161568853877489,-0.2382678721000117,-1.101516148034044,-0.3709255002166131,0.0676917134915321
2024-11-27 14:30:00,-0.01774988390935349,-0.02393051975923684,1.1388841804103795,1.1561588442881459,0.41251751683278653,-0.02393051975923684,-0.02288022691646448,0.0009783869320790033,0.014814421803087195,-0.6375976450010011,-0.9666678289065559,-1.1327886578775186,0.049941829582178604
2024-11-29 14:30:00,0.0013413566194883705,0.015121062050301873,1.1329694575629752,1.158999198569383,0.4077802894657918,0.014759212397913371,0.010810740598004612,0.0012882657308589316,0.01475063494243206,-0.5221189354884812,-0.9450334994532372,-0.007048797989695889,0.051283186201666976
2024-12-01 05:00:00,-0.03579627535355749,-0.14579240106847194,1.4672667276380078,1.1541544877408796,0.5440027720344283,-0.0660514462372929,-0.04999671300501632,-0.0029019038603136727,0.012514213270691724,-1.937814604859816,-1.2608991751061764,-2.195044969453438,0.015486910848109485
2024-12-02 14:30:00,0.04166943018425123,0.15604153864920378,1.6447092152523595,1.1751557071132521,0.5941408568961393,0.09271475984975042,0.06178944653457519,-0.0014720786629090223,0.015671001986406478,-1.3828662158341005,-0.7304418104649959,2.3948709236972676,0.05715634103236072
2024-12-03 14:30:00,0.006294226451966997,-0.0010437176347312487,1.6434647395333377,1.1959983980264257,0.5941552574557647,0.007582209869613073,-0.0009379787325617765,-0.000564809227252788,0.01556337320377822,-1.0387415868380658,-0.7225860692463671,0.2801081065237408,0.06345056748432772
2024-12-04 14:30:00,-0.004188725645555488,0.012857144854769187,1.6454967227323645,1.156236315764422,0.5875871897799332,0.012981534294982833,0.03698163862954307,-0.00123244664828528,0.015409704610849768,-1.2278734052389757,-0.7233817232003564,-0.34148162053232833,0.05926184183877223
2024-12-05 14:30:00,-0.009990433045512524,-0.0052924823320589605,1.6436493644985435,1.1651321295299482,0.5882268026672578,-0.008400412168484344,-0.00919578255863655,-0.002199724932253864,0.015317025052612511,-1.4982560465905652,-0.7152098438488269,-0.6817039530755836,0.049271408793259704
2024-12-06 14:30:00,0.002751980198336961,-0.004199863538216664,1.645733318942304,1.1709840009111416,0.5904541601951844,0.008193139855623865,0.012756499465683357,-0.0016498804519783472,0.015285945423130479,-1.270342591499226,-0.6966703578239571,0.07271263920138697,0.05202338899159666
2024-12-09 14:30:00,-0.013830411611155675,-0.0412620144356054,1.6496282429945825,1.1941399354759008,0.5955560927839242,-0.028713396603811225,-0.03961396722234245,-0.0026184877702082206,0.015419441640204607,-1.525667641792103,-0.6488450921968016,-0.8877899468056054,0.03819297738044099
2024-12-10 14:30:00,-0.008649432133655956,-0.022514104722712053,1.6525477710897714,1.1997787619594844,0.5956631766914128,-0.015270522784945634,-0.01569115011895846,-0.003418508499307078,0.015289497116708545,-1.7102765949142185,-0.6507937616772607,-0.5573161342935571,0.02954354524678503
2024-12-11 14:30:00,0.014588809368661557,0.02868478177518652,1.650348442991179,1.2476792036734055,0.5912954923897079,0.034957344164651794,0.027022762837458636,-0.0027974665471556604,0.01577297256729614,-1.460090250912178,-0.5326244115604408,0.8400357245801423,0.04413235461544659
2024-12-12 14:30:00,0.0032492938697339783,-0.00326737125638051,1.6615338403248527,1.1748715337018902,0.5988484587057933,-0.0027520489656182776,0.004807997184756699,-0.002413751380306845,0.015824558325194218,-1.2931550996001988,-0.4983514218568663,0.1604561115479005,0.04738164848518057
2024-12-13 14:30:00,-0.01287105464439698,-0.0013933708429244203,1.6398437549820415,1.173400027493919,0.6244000273193047,-0.0020380366775264074,0.0036249374883032077,-0.0035909537822957443,0.015674807931989044,-1.6066923680318597,-0.5094868286500807,-0.7800570852943387,0.03451059384078359
2024-12-16 14:30:00,-0.00024253636511628856,0.0050451458696203115,1.64221990923473,1.1733532579510608,0.6245774387924392,0.013031043000846527,0.02701329907132451,-0.0028724654008347506,0.015471042046365074,-1.3385455106283763,-0.5396166779900533,-0.018738106591446854,0.0342680574756673
2024-12-17 14:30:00,-0.015321624214709634,-0.02623441674581095,1.646412328102587,1.1807378965279716,0.6276603913324285,-0.02207981163162598,-0.01878549025615961,-0.0037262441217108936,0.015672148896686805,-1.5621527622336224,-0.4715106359846932,-0.9032344953362194,0.018946433260957667
2024-12-18 14:30:00,0.03018080480163767,-0.043558657264587554,1.6207754696473078,1.0280441418580126,0.6352812086774026,-0.019960225468286387,-0.014000737168071854,-0.0019823654723554844,0.017403315722520678,-0.9807440855919353,0.08283913255821328,1.7783445312036326,0.049127238062595335
2024-12-19 14:30:00,0.008713096584316583,0.013376334310573649,1.6203559025822567,1.031286034139353,0.6374888966075938,0.00883631701649327,0.02206170396357291,-0.0016959820139997622,0.0175359873543173,-0.8590396675863793,0.23612836638446075,0.49830655699039006,0.05784033464691192
2024-12-20 14:30:00,-0.020410949066577224,0.01570905412028319,1.6084324546449713,1.0100113537107878,0.639822852380873,-0.00024210519369775516,0.005867338219079771,-0.0028604220069258523,0.01798379070254299,-1.2087784740067549,0.681446486148987,-1.1883090991060246,0.03742938558033469
2024-12-23 14:30:00,-0.016057767884278394,0.0005510609315595438,1.6082777606654097,0.9934224463156526,0.6394952104746029,-0.0028524357072239326,-0.005321440532398913,-0.0025522943680658158,0.01768493745369335,-1.0805424779546011,0.5465931345103526,-0.9190298982910277,0.0213716176960563
2024-12-24 14:30:00,-0.01053681285626994,0.01335742867680656,1.65978317159488,0.9294031919505003,0.6394890731567254,0.007835325154146977,0.004897900162503355,-0.002842845432587289,0.01777005655453744,-1.1466133625913868,0.6114816472430584,-0.6708313063102705,0.010834804839786358
2024-12-26 14:30:00,0.0026930528112666273,0.00020553135211402265,1.6590524972148641,0.9286881599736206,0.6397331821606375,0.002559298768157451,0.0010325929433661434,-0.001820698596556283,0.017452573297229317,-0.7922048986917791,0.4570329698890084,0.1463438319338656,0.013527857651052987
2024-12-27 14:30:00,-0.007499192498141689,-0.02320709820557698,1.6562597990389407,0.9449182926189411,0.6461717901338777,-0.02032381985461651,-0.02308876773882773,-0.002262726052437786,0.01748020371068526,-0.9067680523098773,0.49717585890906624,-0.4569031373450985,0.006028665152911297
2024-12-30 14:30:00,0.011859814194381237,-0.005554135019288142,1.6617654837794371,0.8989239386115921,0.6438360767110187,-0.0013480535426878548,-0.005435979597457008,0.00012007842495915036,0.015839632146706164,-0.12974741720957084,-0.42848467811138247,0.7463814834510382,0.017888479347292534
2024-12-31 14:30:00,-0.0003853025597958335,-0.008855653772006478,1.694963612865858,0.9301569286346605,0.6490535805571601,-0.0079316937309164,-0.02198389421285951,-0.001982658212243203,0.012465661751873006,-0.7838716636898335,-2.2072138243414465,0.034073098566002845,0.017503176787496702
2025-01-02 14:30:00,0.025926316111251107,-0.027801767943425187,1.6736676008241136,0.9056531557427518,0.6210194282087217,-0.007129064424306091,-0.016619715553849373,-0.0010010537292789977,0.013848037702819314,-0.44103386566771263,-1.4025686669622301,1.7346405011219224,0.04342949289874781
2025-01-03 14:30:00,0.015351964723949223,0.050593200744367316,1.6770356508074609,0.9358934534742934,0.6275057850469703,0.03997291601513194,0.04124623144889402,-2.401921080376207e-05,0.014293470808720878,-0.10084410907006078,-1.1239358301546676,0.9964147979024648,0.058781457622697035
2025-01-06 14:30:00,0.01584399029045553,0.010655073364967812,1.6646244057441055,0.9606161162936071,0.6278324155777265,0.021812407552306477,0.01522816734335127,0.0012677019559946406,0.014511077976547944,0.3474496965375869,-0.9730881576797686,1.0080941072581364,0.07462544791315256
2025-01-07 14:30:00,0.004565860879119123,-0.014008769753720673,1.6703064338471856,0.9515195193985136,0.6259484665462799,-0.011515924216239704,-0.0240007721860388,0.0013583959900337489,0.014526503109132215,0.39429505881974214,-0.9356560715149028,0.24970854486035024,0.07919130879227168
2025-01-08 14:30:00,-0.014179158751866802,-0.011991996611583863,1.6739342349489281,0.9559849940932142,0.6252455112369397,-0.011729035142447239,-0.01301534130450673,0.0013409586329981924,0.014545891459710917,0.3945761259509775,-0.8979100064185149,-0.9864391191321743,0.06501215004040488
2025-01-10 14:30:00,0.030055626967324278,0.010102785930720856,1.688518420368628,0.8746443450331168,0.6209814320777541,0.015759932506582995,0.006013228620759778,0.0032762115880472036,0.015677500469874706,1.0312001979891525,-0.2179729565582477,1.8438427578470258,0.09506777700772916
2025-01-13 14:30:00,0.00993868079504868,-0.008955456075328735,1.6929193532328115,0.8710000720991712,0.6200103208786155,0.0026879453939015283,-0.029998626926379744,0.00304370515936656,0.015534729922061112,0.9256148408196726,-0.27551088747823677,0.5248215063188337,0.10500645780277784
2025-01-14 14:30:00,-0.0024327619259032936,0.02250949164748232,1.6900989411885292,0.8722737708001508,0.626147502343111,0.00939038799944118,0.011761616450934802,0.002759602369584697,0.015582655638800218,0.8072208868416999,-0.21783916983165794,-0.26908032005580207,0.10257369587687455
2025-01-15 14:30:00,-0.03617643752863675,0.009702062121311564,1.6747033700065512,0.7949316104183707,0.6223221006989091,-0.004965259560114807,-0.005097301174325794,0.0015943332253727086,0.01755908027067675,0.3987918125512131,1.0429287430051135,-2.3200213573555732,0.0663972583482378
2025-01-16 14:30:00,-0.019470850415489873,0.01890703747917703,1.6429003408243257,0.8183031316219224,0.6233658446494049,-0.006356676824527636,0.011669321469321241,0.0006329175228540288,0.01818036269680346,0.06293786353463429,1.4459589845431637,-1.2435483674999566,0.046926407932747924
2025-01-17 14:30:00,-0.021787203390620437,-0.0037035943713169908,1.6437474593083081,0.7842778604210766,0.6219549744811587,-0.00510048450538784,-0.011425596466601831,0.00030963856405848893,0.018533057807141734,-0.06640406242134589,1.668372439887989,-1.3715044263280192,0.025139204542127487
2025-01-21 14:30:00,0.026078979649649774,0.05948324291224109,1.6725701429985624,0.7756344642342493,0.6295641533822892,0.04413545621311835,0.06459165427125305,0.00010454730645909401,0.01820488876082736,-0.16206040182958317,1.4612700592896313,1.478192664097703,0.05121818419177726
2025-01-22 14:30:00,0.035561360561340606,0.014767815086995614,1.6257653067738915,0.8343504846628961,0.6283889723934171,0.03637944572252191,0.03295363333295783,0.0014469605053102953,0.019793644039227273,0.2823740786994187,2.386204178738339,1.9488721104719209,0.08677954475311786
2025-01-23 14:30:00,-0.007681821886679288,0.005183297599663887,1.6308163258987278,0.8260790801455488,0.6262486832849774,0.00045902614992702605,0.0006070608500627168,0.002083416864305192,0.019251033418399694,0.4856270391763359,2.031812228853792,-0.525839188865054,0.07909772286643857
2025-01-24 14:30:00,-0.013809082009679816,0.0010868803947139034,1.6207689344010758,0.837220514795377,0.6260794987917069,-0.009079452140794234,0.010739830869636998,0.002195851158035121,0.019145783612806427,0.5043829384261962,1.953955203709312,-0.861814956153626,0.06528864085675876
2025-01-27 14:30:00,-0.13426382207866022,-0.20719567754395787,1.7327919279443003,1.1500044231507836,0.708450320095304,-0.18404825519184045,-0.19679158880904027,-0.003990499303084393,0.03602511011651117,-1.6324828630767645,6.449988028647503,-5.456581343801406,-0.06897518122190147
2025-01-28 14:30:00,0.03759489713368853,0.03350692435100074,1.6947394911092737,1.2172356605545682,0.7024080569214028,0.04728666702521874,0.04302437002334666,-0.002245407086963298,0.03719233863545396,-0.9923798393184585,5.041588429134069,1.5558260074029588,-0.03138028408821294
2025-01-29 14:30:00,0.018914024343848937,0.021994681060280758,1.7084659016416601,1.1902889195869553,0.7054123127943631,0.019905371514828813,0.01976013050224597,-0.0009247462448637667,0.03746392467318448,-0.5245355987779817,4.193404569983468,0.7833652762532018,-0.012466259744364001
2025-01-30 14:30:00,0.023005180881161616,0.06812516924821581,1.8180363336507657,1.3197098465049169,0.7499738558871935,0.04727563492477753,0.0629969211654388,-0.0003674779105247479,0.0377459324076577,-0.3171076802979989,3.6777485979281854,0.988791983888967,0.010538921136797615
2025-01-31 14:30:00,-0.006742003471298811,-0.018119434593946864,1.8275340504154438,1.3243544257851967,0.7492570263576562,-0.012247529289954689,0.009830985542681987,-0.0006853129560998967,0.03777284371861597,-0.4182975244501308,3.2703595569480957,-0.22095735936081695,0.003796917665498804
2025-02-03 14:30:00,0.11530077059793685,0.1298658303666874,1.7296260702041106,1.6097736877634896,0.6699024018053156,0.14147908552943342,0.1607448980236401,0.00378340976823439,0.04556901639565085,1.105911582211391,3.8463445901731097,4.0173126475823855,0.11909768826343566
2025-02-04 14:30:00,-0.010444233080601247,-0.0031780440105814525,1.736444667589278,1.5940364388490602,0.677020766343588,0.005634262016662691,-0.02415537147230788,0.0024935998780068673,0.04558941013707764,0.6624118093932856,3.3881178693195175,-0.38051798706497575,0.10865345518283441
2025-02-05 14:30:00,-0.02130711982633958,0.005710908820431866,1.724709084714575,1.5747579426616602,0.6777801972742278,-0.004339390323549168,0.003600546072040707,0.0006360443721671119,0.04577331048445579,0.03713300618787595,3.0680201164933982,-0.7404508504006582,0.08734633535649483
2025-02-06 14:30:00,0.0021175462059781856,0.011031514920400332,1.7317671943831958,1.5747607209174568,0.671655241541234,0.012179622060293549,0.029429091036823563,0.000513628638510065,0.04576552067998339,0.0073798291887784894,2.8020582194545054,0.07139129061260137,0.08946388156247302
2025-02-07 14:30:00,0.012784829439793317,-0.007559378327937257,1.7316687080591366,1.555168153902556,0.6722755945455475,-0.00551586261556621,-0.007446391900837697,0.001861828048093071,0.04570703407454248,0.4870815986019466,2.5835952995527176,0.4392503878247797,0.10224871100226635
2025-02-10 14:30:00,-0.030693915779366428,0.008572486058849601,1.7192187258426481,1.5176434693677496,0.6709194367605549,-0.002305463374964437,-0.013446562247854824,-0.0011756490892414644,0.04575333587228533,-0.5463203262460489,2.4115052626180145,-1.0461021136047677,0.07155479522289993
2025-02-11 14:30:00,-0.02033232521677817,-0.013510729887001971,1.711895081721126,1.5274687670635483,0.6702386108785428,-0.01857459069199241,-0.02157612199858383,-0.002689199389832807,0.04586686703850555,-1.0526106317579575,2.2709787351445803,-0.6722801096713753,0.051222470006121755
2025-02-12 14:30:00,-0.013387737030183915,-0.013880997420867236,1.712752356801008,1.5240452728183997,0.6698658096263562,-0.012117470679921749,0.010231181094807695,-0.0032369481450468377,0.04592901429043194,-1.2148991348198497,2.14507318783158,-0.427317800807902,0.03783473297593784
2025-02-13 14:30:00,-0.038819368222053764,-0.01249386458285806,1.6946818198519251,1.5114672843034618,0.669732376469471,-0.01476536212551438,-0.02001852014379879,-0.003369094679717689,0.04603246115724708,-1.238469365393445,2.0379605886106926,-1.25790264651557,-0.0009846352461159238
2025-02-14 14:30:00,-0.0008930801612823979,-0.0006824917645412709,1.7003238017142441,1.5173762170033298,0.6685248128641289,0.003472248766671182,-0.004695374616231818,-0.0024402061670073145,0.0458776230034092,-0.8661649022076741,1.9228082281712688,0.022688912951484962,-0.0018777154073983217
2025-02-18 14:30:00,-0.009950963394025797,0.009978459146498716,1.6927239887122125,1.5153199905248764,0.6689691254721857,0.0006231877615886141,-0.0036776685090011228,-0.001848394167177583,0.045690877760575815,-0.6176754267173302,1.8176884090782672,-0.27870843648232474,-0.011828678801424118
2025-02-19 14:30:00,-0.00846229690766361,0.0014022285775627437,1.6897534614095537,1.5167073115386764,0.6680506281706515,-0.003858333235657245,-0.006483767227043506,-0.003575457995043252,0.04523018345492142,-1.294136339905053,1.7024379496558215,-0.22587144217670405,-0.02029097570908773
2025-02-20 14:30:00,-0.018625208210683857,-0.025252922140456047,1.678518193269494,1.5305205551524268,0.6644661757528535,-0.025128370938467537,-0.034381438232165884,-0.006284786433644475,0.04437733870191472,-2.355170292140736,1.5686525444266257,-0.5577284828714917,-0.038916183919771585
2025-02-21 14:30:00,-0.019478819305394718,-0.05237294681374897,1.6713248798182159,1.585435168680459,0.6707580177166035,-0.05262208024759444,-0.03158896706147788,-0.006874636304580246,0.04447517814702562,-2.5013525276012842,1.5143049691814954,-0.5725601757265582,-0.0583950032251663
2025-02-24 14:30:00,-0.010330321257342581,-0.037821274479641454,1.6750979297933948,1.6015941493143289,0.6749441406848322,-0.03283816258932637,-0.03804111872337901,-0.006700698266963385,0.044453428075388365,-2.3210518311381727,1.4547826769656445,-0.2706997281121767,-0.06872532448250888
2025-02-25 14:30:00,0.020455924385390976,-0.007481403576694838,1.6869169245914375,1.5745330124979227,0.6726516407136508,-0.0024732363550088827,0.00692212820367762,0.0010352890562391746,0.03309814725726618,0.8586041975088532,0.5749750485396583,0.7559600823916635,-0.04826940009711791
2025-02-26 14:30:00,0.029841547138979182,0.04175411676824692,1.698658933665605,1.5668534400310437,0.6747422246804438,0.03760166728337788,0.04744354104284443,0.0006476215565037073,0.032690292721037774,0.7022099345820516,0.5232298501906705,1.0388682745805176,-0.018427852958138726
2025-02-27 14:30:00,0.017472127985622726,-0.06054931275328723,1.6833139537486783,1.5145858875277947,0.6733617047202672,-0.038368895643810186,-0.06593491052325251,0.0005755267385923968,0.03264945241589182,0.6801231963758659,0.4994244987006838,0.613117738161193,-0.0009557249725159998
2025-02-28 14:30:00,-0.03465336531654094,0.013208971048123649,1.4767260011834837,1.535411243749279,0.6462739274628126,-0.0020416066986258894,-0.00230263121149569,-0.002307400571292731,0.033107089534203396,-0.5216635556142477,0.5117815607071946,-1.1306844729094396,-0.03560909028905694
2025-03-01 05:00:00,0.06411235346839081,-0.013790657502171086,1.2185382640537121,1.0790619159325492,0.5895112889472581,-0.0161844830665134,-0.0487229552267023,0.00123531727569175,0.03624943498654689,0.926880471419598,0.7279900904934565,2.1129346895213796,0.028503263179333868
2025-03-03 14:30:00,-0.07438403213827119,-0.03192979580431158,1.3607900404781939,0.7609354564914897,0.5301486290145849,-0.03092702242939186,0.035588950751019054,-0.008248922861118651,0.028905245694712253,-2.7418502769415865,0.1463991550358417,-2.267097701711316,-0.04588076895893732
2025-03-04 14:30:00,0.030729169221554508,0.007250222288443038,1.2873720974302438,0.7649259442791589,0.5333734658945638,0.023511497394720655,0.01692916982212896,-0.006190252746010864,0.030178818964152542,-1.858472186539298,0.22748444242750335,0.9904077147885478,-0.015151599737382813
2025-03-05 14:30:00,0.01346453552784043,0.014689049102175425,1.2756438790807847,0.7757259368430485,0.5334220127533075,0.021736783234251912,0.029291834319918143,-0.004451669978301864,0.030263577899508592,-1.1813725413336569,0.2162043357548157,0.44297112731792376,-0.001687064209542382
2025-03-06 14:30:00,-0.011697198179605295,-0.06069932250117523,1.31361596333605,0.7844824456744345,0.5432843097899667,-0.03992247522929101,-0.06373320330843066,-0.005142407197581038,0.030263404614041867,-1.391687494249216,0.1980989028784242,-0.3279881098005448,-0.013384262389147677
2025-03-07 14:30:00,-0.01305302363478415,0.01577392756186206,1.2474407426156027,0.7835930849443147,0.5402760835067926,-0.0028081050903223277,-0.0013271023383465037,-0.0064342998513099115,0.03000825485044859,-1.7902714027174425,0.15994684066787157,-0.3703707708059574,-0.026437286023931826
2025-03-10 13:30:00,-0.01781436579826718,-0.03704440902655581,1.189336576502035,0.8272064528847515,0.5432212589275708,-0.04804188556037814,-0.044478984180107206,-0.00579032235225495,0.029595602998289117,-1.5238079443112762,0.10895878069305033,-0.5119803332459034,-0.044251651822199006
2025-03-11 13:30:00,0.04935007778949343,0.036803243990115066,1.1546423244416744,0.810097684341113,0.5466385367043097,0.046145418258970596,0.04475075677497601,-0.0023062022019413693,0.031812201098468294,-0.31274845384844496,0.26803822494575297,1.5158193203487342,0.005098425967294422
2025-03-12 13:30:00,0.031115747837033497,0.03768365771891317,1.134828996003363,0.8331719457065594,0.5506374701814735,0.040784070874469926,0.03310576116752021,-8.102795858049849e-05,0.032544305798201514,0.4497803150107738,0.30740822297075326,0.9417793033668178,0.03621417380432792
2025-03-13 13:30:00,-0.006983137219715375,-0.01864429199007885,1.1292563995000287,0.8436883597230522,0.5497396231420532,-0.02110634635396221,-0.011809012785413759,0.001510783591536421,0.03130479010219943,0.9722195574268393,0.1864554722862148,-0.20763790396164677,0.029231036584612544
2025-03-14 13:30:00,0.0006891802311350045,0.043902676844950715,1.1324965398413522,0.8431302319762837,0.5571352983518815,0.024383528395223918,0.014308766470262656,0.0015898966111572912,0.031300394378930195,0.9685048236356532,0.16606319181470502,0.022935781009307307,0.02992021681574755
2025-03-17 13:30:00,0.006102193616203075,0.017433432153668882,1.1258092724594722,0.8441115297154705,0.5556134544205624,0.013249292077338826,0.0015020641880187924,0.002392554461668735,0.031194519811690854,1.2033950383161083,0.1371310741039005,0.1754608423960871,0.036022410431950626
2025-03-18 13:30:00,0.004383524982370587,-0.01725661630333079,1.156275388975742,0.857838722289244,0.5507300732285795,-0.01031220672424486,-0.018901491975675627,0.0030348455561704443,0.031091332916289995,1.3735524580683203,0.11014177467284997,0.13753757553604645,0.04040593541432121
2025-03-19 13:30:00,0.010954556133557756,0.027841930164332302,1.1508133725165712,0.8682428075631784,0.5528489165724619,0.02415469200642247,0.011529220095989407,0.004513833773382525,0.030707931798284276,1.7882038104369131,0.059309418761006365,0.335841544674998,0.05136049154787897
2025-03-20 13:30:00,0.004680389243006393,0.007808213766139049,1.1782789496568622,0.869159567708238,0.5522928501459404,0.0037545189832235426,0.004145633996732512,0.005721794200802581,0.030185184063774642,2.0656050994088715,-0.003199803279545551,0.13308846423672702,0.056040880790885365
2025-03-21 13:30:00,-0.003696207758158692,-0.00697864190037963,1.1858368878421515,0.8744021784926121,0.5521537542029799,-0.0005440803280067534,-2.1802200887615156e-06,0.006053499875761775,0.03003558344034491,2.0524295582720167,-0.034424852854578275,-0.1285409981568583,0.05234467303272668
2025-03-24 13:30:00,0.011137673993397271,0.03213034907280391,1.184056202920487,0.8923664059866115,0.5545688455939336,0.03245007080381327,0.020736555068556463,0.005587587356162089,0.02987224260309136,1.8195408552309849,-0.0671746535257399,0.31313009394541347,0.06348234702612394
2025-03-25 13:30:00,-0.0012624572135170528,-0.013431977726926947,1.1877468601214112,0.891444132122023,0.5550774809219021,0.0025588174841988387,-0.017524641239140104,0.004032387138537278,0.02934814822073919,1.307287157432081,-0.13279980165269878,-0.06329533894440025,0.06221988981260689
2025-03-26 13:30:00,-0.046070988531917115,-0.05464988958247249,1.1261216387495723,0.9329982846708493,0.563186025581072,-0.06128018109868668,-0.0605492721324243,0.0008552313126602866,0.031197838582726106,0.3549949795934941,0.012848502123355405,-1.388301967524597,0.016148901280689777
2025-03-27 13:30:00,-0.020321060829445153,-0.025381820505029795,1.1282847708001853,0.9439350903775144,0.5651107541572481,-0.025123597657488617,-0.015678164324278043,0.0015718465370150754,0.030495989105695932,0.5582098932396369,-0.07436720291143485,-0.5978682822136071,-0.004172159548755376
2025-03-28 13:30:00,0.006039648904417707,-0.00949589892117105,1.1372225010675676,0.9352584398958574,0.564702717015703,-0.016859191121316473,-0.004758234411458581,-0.0013317886911835795,0.026764200342161464,-0.3013102555919639,-0.45244080333385484,0.18871784707260897,0.0018674893556623311
2025-03-31 13:30:00,-0.02039381310733943,-0.007497027494984525,1.15101350936015,0.951166434136607,0.5808188513088327,-0.018653736862168795,-0.01853237980174109,0.0013677222603630083,0.02114002102995385,0.4830237105885568,-1.0128570056839632,-0.5813462136434826,-0.0185263237516771
2025-04-01 13:30:00,-0.048254752607977756,-0.052762957829407243,1.1076917968073776,0.9465272688166786,0.5415889646619023,-0.054664147223740946,-0.22046489033329944,-0.002581473831113605,0.022687211494835467,-0.6656057623022175,-0.8931020467571235,-1.3664432078976623,-0.06678107635965486
2025-04-02 13:30:00,0.019527137119843604,0.030746082548937403,1.1424820075867372,0.9435151806579867,0.5450097329954545,0.026065660645673727,0.029363114461995465,-0.0022783437515134465,0.02295184919478909,-0.5588024264102127,-0.8973023822739212,0.6374640383138525,-0.04725393923981125
2025-04-03 13:30:00,-0.028832691294438176,-0.09243112215158078,1.1544990508110642,1.0232562310004831,0.5656485421415308,-0.08613561502206835,-0.013922631226575999,-0.00313511840725509,0.023631711016995446,-0.7856825976713857,-0.8619082524375944,-0.7722867374230092,-0.07608663053424942
2025-04-04 13:30:00,0.040527669611044745,-0.06617186881720576,0.8508875908129205,0.9449913645169054,0.5781878005416495,-0.010545755480964744,0.025827125757281924,-0.0004560837449636451,0.025417800668054883,0.00643514290822616,-0.7153125640320683,1.2269191380532747,-0.03555896092320468
2025-04-07 13:30:00,0.041755858252714245,0.031697296560979936,0.7856059716091852,0.9812959595885209,0.5829824120469832,0.04699305733661637,0.03817280066696612,0.002522427457585426,0.02673292345928275,0.8863873114768247,-0.6114101692651476,1.2491321518603744,0.006196897329509565
2025-04-08 13:30:00,0.01781481843649191,-0.0030813484117780585,0.7890063956761668,0.9702358289536659,0.5837442822473848,0.0010063993092738568,0.02004955229199871,0.00094566448993535,0.02467647451365558,0.43618741193213145,-0.8665295234344511,0.55273432146135,0.024011715766001477
2025-04-09 13:30:00,-0.011869895724276908,0.12756181897060137,0.7482001623963276,0.922562261690462,0.6275130248488049,0.08815821823247605,0.05011541992150592,-0.0012036176881301702,0.023765583110271285,-0.18289118147574165,-1.0027156158361923,-0.29864559607661784,0.01214182004172457
2025-04-10 13:30:00,-0.002507391768379892,-0.0484000400621906,0.7695292989643181,0.9328442473404086,0.6328872374251332,-0.04089707376956523,0.016922887800146134,-0.000979830415563396,0.02372934141613015,-0.10356429439815751,-1.0347685434166372,-0.045388234038317606,0.009634428273344677
2025-04-11 13:30:00,-0.001245196144761148,0.024576721164460524,0.7470008035236815,0.938457233256529,0.633738924690429,0.012375111095686897,-0.00023486836782082854,-0.0010765492343582038,0.023726122588554693,-0.12416555548379776,-1.0610646859456307,-0.01757049140750687,0.00838923212858353
2025-04-14 13:30:00,-0.009862236077239375,0.009133301743238231,0.7214107367138918,0.951500576101182,0.6340508461789119,-0.008817393751540115,0.0055840523897718874,-0.0018747707190303262,0.023740438255022554,-0.35278617194341566,-1.0845482547910639,-0.2752103149176702,-0.0014730039486558454
2025-04-15 13:30:00,0.006714852995809979,0.006656159360577285,0.6488129854154014,0.962085384491399,0.626890636845237,0.0067848386898591295,0.008171757731917584,-0.0017582043183583568,0.02377847697551992,-0.30838146832225477,-1.108337785665479,0.2196441716428868,0.005241849047154134
2025-04-16 13:30:00,0.02173611187328143,-0.013599677227172554,0.7008955655872418,0.9282708595211175,0.628161371760577,-0.004588321898837474,-0.02182215631756098,-0.0012191265313721729,0.024200326113535387,-0.13376533921167277,-1.079750992974335,0.6714471302150321,0.026977960920435563
2025-04-17 13:30:00,-0.010743548853805752,-0.00509358678673455,0.6863999150201487,0.9312982645472694,0.6289272630554891,-0.015355885655750079,-0.027678274389636437,-0.0019903234362127803,0.024248141911355003,-0.3474112653226774,-1.099532757153592,-0.2862745083572512,0.01623441206662981
2025-04-21 13:30:00,-0.012141929269443894,-0.05347527024476569,0.7128883946639397,0.9308594486054814,0.6333527169177745,-0.02981572273823193,-0.02734042659246024,-0.0024126095117770405,0.024352730189524878,-0.45452633567954237,-1.1143670768533198,-0.32847947532418365,0.004092482797185916
2025-04-22 13:30:00,0.0034146374031971613,0.03929130311553234,0.39284583129700257,0.9135074820106999,0.5245586640657858,0.012029253647214112,0.013841071916942983,-0.002798761341287046,0.02418722830101275,-0.5808409234669446,-1.099824186454712,0.07381281168957717,0.007507120200383077
2025-04-23 13:30:00,0.02503940149156142,0.048600885354185275,0.44134545156107885,0.9050058637453426,0.5366303055546782,0.04437002800699985,0.05044378210879852,-0.001483668406033122,0.02497728645641351,-0.18269849007280214,-0.9721788110609138,0.8333201347606719,0.0325465216919445
2025-04-24 13:30:00,0.007663090712230029,0.034977127125210096,0.42945972061758403,0.9135497626637898,0.5397213819769633,0.03344528939778583,0.01897528082591663,0.001203035556174235,0.022716442524648682,0.6270395314774403,-1.205221021083407,0.2365201830091153,0.040209612404174526
2025-04-25 13:30:00,0.0048971688972357045,0.014724545775723094,0.28540279501087906,0.9466966362831758,0.5340214971026683,0.017783837328231265,0.016541766187589478,0.002463947042508278,0.02215170232134292,0.9891875986325603,-1.229557247755549,0.1513730955001504,0.04510678130141023
2025-04-28 13:30:00,0.008433067352437075,0.010402302338425354,0.2804650966579383,0.9480153769767717,0.5347801525911856,0.004264842295978935,0.003362674360849841,0.002583617964909246,0.022178484986711752,1.0001923955382588,-1.1849159074868962,0.2663693114040267,0.053539848653847304
2025-04-29 13:30:00,-0.0033156259383676613,0.004690402582879265,0.5541771516436559,0.8189249368908492,0.6120131253683724,-0.0030614926164108285,0.007582771805883441,0.003437527323357834,0.02156761003023755,1.2610359741219335,-1.2207947260115453,-0.08930901679974644,0.05022422271547964
2025-04-30 13:30:00,0.009544281844350662,0.005346517922466321,0.5338609619247104,0.8269374257435061,0.6121696017039621,0.010390683623633268,0.03230187491296255,0.006327479045974256,0.017824050093550713,2.0499746340700957,-1.6137574080834127,0.42665380649030593,0.0597685045598303
2025-05-01 13:30:00,0.016470054506810293,-0.06012649618799241,0.501828900833171,0.8099549001163749,0.5864138902070053,-0.026068835380767354,-0.05117278346440494,0.00617462491532259,0.01771768674608755,1.9171675695382453,-1.5775106950188944,0.687405241066028,0.0762385590666406
2025-05-02 13:30:00,-0.0125523549796595,0.001834157415536682,0.5008913539730776,0.8043213621936005,0.5921582902401973,-0.00600107194716885,-0.012769901040745416,0.006988641731061523,0.016345524366124797,2.0413092462909277,-1.6885307665361868,-0.4993009920991996,0.0636862040869811
2025-05-05 13:30:00,0.010568390482049113,0.0031589149740139932,0.4981405781741679,0.8054439589017273,0.5928164548448139,0.00566681627906751,0.021212321456557492,0.005490677774611742,0.014362629613647142,1.5862346452790705,-1.8630872917631611,0.45485048321531574,0.07425459456903022
2025-05-06 13:30:00,0.008045030822982541,0.005768858934998382,0.5190342949936344,0.7997143106328637,0.5895810490915839,-0.006424765553819507,0.005520481834519734,0.0038051364031251567,0.011593913714222694,1.1011893574727092,-2.1117544262780243,0.3283482197362691,0.08229962539201276
2025-05-07 13:30:00,-0.004991777451524608,-0.001394219439386372,0.5273237577469455,0.7966977931543547,0.5857290275780244,-0.004250608277796479,-0.0017669388232566623,0.002664806608724331,0.01126023588360504,0.7737435591512403,-2.0752143231403983,-0.22786251218692738,0.07730784794048814
2025-05-08 13:30:00,0.007919055110527528,0.01144793805371084,0.5102980515298727,0.8046942979389496,0.5868519324991497,0.019497387310926574,-0.0017116175829775173,0.0036542541504645523,0.010774811654445554,1.0018508837752818,-2.062135447397662,0.29999757304685054,0.08522690305101567
2025-05-09 13:30:00,-0.009454628317390436,-0.00950177539648082,0.5003971661802521,0.8157862770135306,0.5860777490117912,-0.011249576276720222,-0.019549448612160826,0.0033068923230140253,0.011091244702419841,0.8804827848812058,-1.967342516059792,-0.4620515593067613,0.07577227473362523
2025-05-12 13:30:00,0.014222314285732347,0.04559256913999884,0.4637679928878289,0.8394649202161845,0.5944768571441315,0.051574559888653525,0.019509831081758154,0.0040802678445387005,0.011294528729456944,1.0493143736246084,-1.8953952562898506,0.5449422253039202,0.08999458901935758
2025-05-13 13:30:00,0.027300962165134963,0.04009985858242785,0.4392151503380415,0.8553435647403577,0.5989442431405415,0.04147899167500838,0.026030416917241096,0.005938427756657417,0.011919716680516123,1.4769588001985523,-1.7836729926439256,1.0713766306687187,0.11729555118449254
2025-05-14 13:30:00,-0.006136265597659526,-0.0026922393780621037,0.44498993464265735,0.852856136961623,0.601131223499103,0.001701998611321661,0.0033704408048318055,0.005295871826983942,0.012218301824733284,1.2660042571508359,-1.717416608471017,-0.35498643842539623,0.11115928558683302
2025-05-15 13:30:00,-0.020365946433227478,-0.010730602963598698,0.39327292593048113,0.8649177250873346,0.6027094919845731,-0.0320420661301359,-0.014953587958660827,0.0031907689116584966,0.012847423145443227,0.701091748249064,-1.6138873041261537,-0.9592503690072267,0.09079333915360555
2025-05-16 13:30:00,0.005703491842414242,0.01661958944409984,0.427443119767128,0.8428926658557064,0.5937018804129656,0.0019264897516274963,0.01813809194919817,0.004013120946469497,0.012428093505903202,0.892014287163452,-1.6507181728543676,0.1338985064107619,0.09649683099601979
2025-05-19 13:30:00,-0.0023336707738092904,0.0016353709662625022,0.4198358176287027,0.8393716563085656,0.5886738790859054,-0.0026234899858958256,0.01462086447532481,0.004503533871251226,0.01194103644572396,0.9997774240354592,-1.7061477852662965,-0.21701177190328097,0.0941631602222105
2025-05-20 13:30:00,-0.0011403066932412812,-0.001425525894042064,0.4202808061466527,0.8401729670360581,0.5931799984396422,-0.0043335768310998795,0.007819583146410994,0.004275786666429304,0.012006157502621281,0.9153754178066402,-1.6314256313488653,-0.1509713049962684,0.09302285352896922
2025-05-21 13:30:00,-0.001622736558790635,-0.02014467461971503,0.4101637022626724,0.8408828113608025,0.5909566485796894,-0.0019013953420619067,-0.0017215872852484049,0.002942679763911702,0.011018954809873013,0.5384436320939698,-1.6955939107395417,-0.15097427620815496,0.09140011697017858
2025-05-22 13:30:00,-0.003109810189304858,-0.00565371545465021,0.3644339222044566,0.8379010294270458,0.5817599526765572,0.008621389880347108,-0.001753692226762582,0.0024040347188349575,0.011039349528795707,0.3825009452731935,-1.6275820361035127,-0.20173605462776867,0.08829030678087373
2025-05-23 13:30:00,0.013472772938061994,0.011965101261039853,0.3957908460254477,0.8294584987944416,0.5813915966416623,-1.9889477951876358e-05,0.008784016705384387,0.002832814920876272,0.011304637429555725,0.4785749930512171,-1.5352486663304437,0.5006535886744418,0.10176307971893572
2025-05-27 13:30:00,0.0013444650930509588,0.026332427190214336,0.24808580941316105,0.9554458293516944,0.6635510589732649,0.018807177985987522,0.017672908495781847,0.0024783848079069663,0.011230694932507,0.3752192313753033,-1.5024031922036034,0.004856230318144042,0.10310754481198668
2025-05-28 13:30:00,-0.004346137509936733,-0.007557253635776233,0.019476245859835206,1.1573291687234037,0.7549510292384055,0.00640137095345202,0.005139061998689039,0.0024268592293285123,0.01126099956138225,0.3313954082631312,-1.4419415535480575,-0.369012339797794,0.09876140730204995
2025-05-29 13:30:00,-0.011164160693434004,-0.006847904478602025,0.02871901620154227,1.1540823922235375,0.7564491596414954,-0.013801876200862446,-0.014318601831434036,0.0013914371024392792,0.011521166446681462,-0.006582718515276423,-1.3576749515483177,-0.7150227836974901,0.08759724660861595
2025-05-30 13:30:00,-0.0005178042786249375,-0.00021107668438358207,0.024837067053590345,1.1560739532874669,0.7560965562337811,-0.010446665945783917,0.008663082947903966,0.0005420441631675176,0.010963718592340709,-0.29743707005741277,-1.3808310410449414,-0.11130181989698713,0.08707944232999101
2025-06-01 04:00:00,0.05101238563390649,0.13526286045942526,-0.15032464197003392,1.2742248763702273,0.7858683525542242,0.1315155412987823,0.08657017722699889,0.0037202811938458176,0.015317048720928305,0.6697734826750111,-0.7809295680163562,2.557188560090157,0.13809182796389752
2025-06-02 13:30:00,-0.03643306239834716,-0.10415744402892357,-0.23402053434015568,1.342088333499357,0.8105726379224404,-0.10358604059101473,-0.07024032088948051,0.001370208549826003,0.017640511421504915,-0.1386588268925803,-0.4508664270027287,-1.9759249646696788,0.10165876556555035
2025-06-03 13:30:00,0.02200441907831671,0.034848101055162894,-0.27960617354418726,1.3721139130575404,0.809671352918074,0.032170962726836505,0.022983682883487733,0.0020681779625927117,0.018186228721010667,0.05953117303359928,-0.35623181298690676,0.9846067495543321,0.12366318464386707
2025-06-04 13:30:00,-0.0119429468782507,-0.0025505843950750875,-0.20501135776391521,1.3511702453632286,0.8082250480652277,0.014925150087073144,0.016951734494408528,0.0017206194912564074,0.01839349441314535,-0.09379758871032091,-0.3036410201754147,-0.737185350254913,0.11172023776561636
2025-06-05 13:30:00,0.0043209653347416,-0.0036882201726823696,-0.18693669835306426,1.3402534674959963,0.8087985695679188,-0.0020825648952245515,-0.0027120003721535038,0.0015407150024671107,0.018347215448671635,-0.17176122376913733,-0.2839533680490886,0.16420048060830433,0.11604120310035797
2025-06-06 13:30:00,-0.0018715766873034553,0.01207983787715213,-0.19163937373151496,1.343013867688608,0.8119373886506388,0.007626166783322027,-0.006730393278153649,0.0019198675839714602,0.018185675400873593,-0.032306110718760474,-0.28153808361419047,-0.1807657606956223,0.11416962641305452
2025-06-09 13:30:00,-0.02333557126778208,-0.019080499508043913,-0.19266155262885243,1.3356195106159396,0.8096565378418048,-0.012675780726853603,-0.02099876398360012,4.197330629573843e-05,0.01877794656157126,-0.7231051283262543,-0.17029415098509135,-1.3188544327950025,0.09083405514527243
2025-06-10 13:30:00,-0.026175438483266825,-0.017362458469555087,-0.19753204182461026,1.3322298714602443,0.8100823471942259,-0.01971773467098714,-0.035191774140129084,-0.002631846726124351,0.018497408353799538,-1.6495964287401743,-0.1847633479196403,-1.419178260196079,0.0646586166620056
2025-06-11 13:30:00,0.016470378210425428,0.01255310626730847,-0.19268934344365762,1.3307193068060335,0.8094174152658816,0.011934737713400182,-0.0019074371497068334,-0.001501514535720103,0.018957000136074074,-1.1970354341959002,-0.08746669653648313,0.8360900836088555,0.08112899487243103
2025-06-12 13:30:00,0.01958528941250972,0.021576853434974952,-0.1616802871831875,1.319358444466937,0.8086696082809516,0.009464729697152618,0.018100359201466132,0.0004960472565667567,0.018969463933660436,-0.4561188187344307,-0.05683305980181731,0.9875311451634157,0.10071428428494075
2025-06-13 13:30:00,0.007494204854862358,-0.007332975245664046,-0.1718925708733019,1.3212876065902075,0.8070733047955203,-0.0015935947485261987,-0.024771641637548896,0.0005855829071891624,0.01899953887900233,-0.39926178854953365,-0.02313396299491316,0.3484363749260335,0.1082084891398031
2025-06-16 13:30:00,0.004197246848078172,0.02469120567879875,-0.19047028997227122,1.3290779912260953,0.803924784536758,0.029603935715098634,0.027642464579815635,0.0009121287882835356,0.019002848131126363,-0.2528850349183879,0.0075106751003275974,0.16815211361000387,0.11240573598788128
2025-06-17 13:30:00,0.0010307975532953349,-0.009291352297401856,-0.18949219090553493,1.3276540988676488,0.8012029426881379,-0.0010218503135049906,-0.018626581009647536,0.0010206840006103664,0.018996706654999442,-0.1868974861948475,0.037892413579193,0.010454315031400735,0.11343653354117662
2025-06-18 13:30:00,0.012016554865044517,0.012838499080425706,-0.2485061936993338,1.3490013981450908,0.8010770363914901,0.010225102514007359,0.019380375993486333,0.001702648571802124,0.019141086150329164,0.09109159454609793,0.09479134213748593,0.576560989444127,0.12545308840622113
2025-06-20 13:30:00,0.007589271832845958,0.00401626595533026,-0.19195362767094054,1.3181774225162022,0.7932548558567475,0.001285390318583472,-0.0062017146903230085,0.002237602672909665,0.019149015994447346,0.2895372102770048,0.1378428189168126,0.3134889259482408,0.1330423602390671
2025-06-23 13:30:00,-0.0047146066354295715,0.0089432723918208,-0.19422803391348575,1.3151168702803897,0.7914265510326888,-0.0037339123902395688,0.034231673525031536,0.0013282336942350866,0.019018794834457956,-0.06144576807978157,0.1560504833044674,-0.38939834647115407,0.12832775360363752
2025-06-24 13:30:00,-0.006018507495420518,0.01556660230659331,-0.24894594052133312,1.345649251176174,0.7909606558770522,0.011258341210391118,0.028585259266299255,0.0009600850648115127,0.01908959520473396,-0.22117626338379404,0.19931919087913613,-0.4508245990996604,0.122309246108217
2025-06-25 13:30:00,-0.00745206305113019,0.0010056287027390514,-0.22210755331679,1.336577389613003,0.7908147384404738,0.014365162137423929,0.0053632602421628634,0.00080478878775184,0.019147579420702155,-0.2781357854602006,0.21804386763538847,-0.5496002553708834,0.11485718305708681
2025-06-26 13:30:00,0.004035719114619418,0.017748726047654612,-0.18987990139530408,1.3194612562607098,0.8550059051406498,0.009425717404140627,0.0034360342493116765,0.001564782778154511,0.018948125164240513,-0.007951532730772707,0.19207351485127375,0.057706339041972914,0.11889290217170623
2025-06-27 13:30:00,0.0076757613403256085,0.01456912073215344,-0.19603077209917563,1.319190320902228,0.8536072048107947,0.012597810046285352,0.01981674428750413,0.0019744610591020386,0.0189892596538362,0.13036293525563547,0.21534389245439228,0.29538009286673605,0.12656866351203183
2025-06-30 13:30:00,-0.012031669699838368,-0.0013342287849121466,-0.15305390974701227,1.2680425215712854,0.8416807248530391,-0.0053917444552343445,0.004410430264818836,-0.0011777417075852046,0.01529357221085059,-1.1970985988648335,-0.5090638923093981,-0.965040012762079,0.11453699381219347
2025-07-01 13:30:00,-0.028367289765603328,-0.06706191987611025,0.03349380044312955,1.2452584825836215,0.8131012936211969,-0.023522821338318775,-0.04699547736668834,-0.0007744530759480128,0.014394909042662819,-1.0242101213034165,-0.666683113716342,-1.9610513012092528,0.08616970404659013
2025-07-02 13:30:00,-0.002217314367972515,0.007417745458953462,0.10310655861581663,1.2236836694199622,0.8117278755056908,0.016082682653782654,-0.00978341640079905,-0.0019855397482624743,0.013359256467874944,-1.4710368403098415,-0.8573528715001556,-0.2405783818290231,0.08395238967861762
2025-07-03 13:30:00,0.009894629056190625,0.02467693622885229,0.10538603544027181,1.2346099116580218,0.8094251901755568,0.017167372480587122,0.023526687500008563,-0.0008936609515404079,0.013394950741643475,-1.003305924734097,-0.8222545451151864,0.602666964983448,0.09384701873480825
2025-07-07 13:30:00,0.006309284440858291,-0.001443438368681808,0.12620974169996746,1.360485179481312,0.7704857050548123,-0.0035207847620485717,0.008208363476363298,-0.0007942449962345732,0.013442982568547082,-0.968568548883207,-0.7842978589740038,0.3362899174453547,0.10015630317566654
2025-07-08 13:30:00,-0.015632336315240178,-0.014580932451621545,0.1435137694107036,1.3729418134904212,0.7640771170677784,-0.003972368661248874,-0.041498193305562515,-0.0014822829776314093,0.01384710156175316,-1.240468158511826,-0.6696152573502714,-1.1594055881797212,0.08452396686042636
2025-07-09 13:30:00,0.00546394662794451,0.01861145683023165,0.15488256631788233,1.374257129065293,0.7630149045813418,0.009244945991795001,0.02369571041663428,-4.230708284507986e-05,0.012921454001323898,-0.6674387834017295,-0.8476992000996987,0.2817518022788489,0.08998791348837087
2025-07-10 13:30:00,-0.007073886335514751,-0.005834551195762372,0.15735192067700243,1.3757174636549634,0.7651447194520801,-0.014015285717253634,-0.01344312973718742,0.0009127705245425239,0.011517891304470758,-0.3015542693721829,-1.1314107143400403,-0.5834865958559451,0.08291402715285612
2025-07-11 13:30:00,0.00867144128871339,0.007375593420714773,0.15712523646097032,1.3743016250409734,0.7673593588937501,0.0088289132383574,0.002867669376349043,0.0005228236784569219,0.011087430593609318,-0.4866454513696237,-1.1958449802272577,0.49713228647196733,0.0915854684415695
2025-07-14 13:30:00,-0.007597306901730783,-0.0005095981001344748,0.14960381440328963,1.4190303918969775,0.7705692510460942,-0.00451190176216761,0.010485574029930037,-0.0008363061372551031,0.010263131434134794,-1.0656215635051378,-1.351438853664185,-0.5958078328444611,0.08398816153983872
2025-07-15 13:30:00,-0.005655981274119383,-0.0045985430042336795,0.1712209986808526,1.4119622985130784,0.769726288462107,0.004944764762681353,0.009808690001307352,-0.0014938154437041903,0.010121605227188555,-1.3541774579362948,-1.3523178105779547,-0.46820365110727924,0.07833218026571934
2025-07-16 13:30:00,-0.012642962582441283,-0.009667907338863246,0.12819755507070263,1.4029813271991847,0.7537867918565695,-0.010155901785941612,-0.0010353515208186836,-0.002335825915230163,0.010321736426628586,-1.7142847395679464,-1.2778829409693793,-0.9560049209467633,0.06568921768327805
2025-07-17 13:30:00,0.006459554865237135,0.02004312585019208,0.1410565328184823,1.404896514828755,0.7350727184734617,0.015898343452940944,0.013889634658026617,-0.002064388049633073,0.010485020928503638,-1.619141401821619,-1.2145208176616853,0.3760442669018504,0.07214877254851519
2025-07-18 13:30:00,0.018993053043474293,0.022858266237289444,0.20210858380371932,1.370141631297199,0.7184498424242792,0.006104698329315223,0.030935820489888705,-0.0017155631407115841,0.011077447238785901,-1.46415681796039,-1.0527326012822829,1.2722074642303833,0.09114182559198948
2025-07-21 13:30:00,-0.0256532445227649,-0.01646508331365304,0.18692004528206474,1.3771493935085952,0.7171246534992693,-0.019689027584269603,-0.006111433443635406,-0.003377688958492127,0.012058336929528384,-2.064224226439804,-0.7724685056981494,-1.792930515059267,0.06548858106922459
2025-07-22 13:30:00,0.0008491452934133344,-0.0024968024986613178,0.18749827502405658,1.3775172261184947,0.7172086595920434,-0.014755836211424142,-0.007198765515508318,-0.0030995013620499813,0.01209000742839966,-1.8555231048128564,-0.7399670741349863,0.034084892509207765,0.06633772636263792
2025-07-23 13:30:00,0.02772256934005304,0.03482540033598536,0.1407546627753382,1.3956113312174794,0.7230368985448313,0.04235036267659631,0.019147301626462276,-0.001412447520276304,0.013882502703638994,-1.1417428577550899,-0.21116108910803413,1.8126736579037108,0.09406029570269096
2025-07-24 13:30:00,-0.005251055705657896,-0.0006414324313933998,0.1497680766710503,1.3952583912752066,0.7210894862109871,0.0006617528239113065,-0.007783467479555754,-0.0013023971530026894,0.013840766407871354,-1.0619467737437283,-0.1927909071887345,-0.3947309798400453,0.08880923999703307
2025-07-25 13:30:00,0.005650681606315611,0.011269995471364683,0.15529838547275432,1.3945455071892556,0.7113127260585776,0.008660409998416921,0.015044558633705055,-0.0012216490284178796,0.013878208769112013,-1.0053376532238694,-0.16329366087448444,0.34040983076459697,0.09445992160334868
2025-07-28 13:30:00,-0.00279492417699738,-0.0007761271240915487,0.32673260209947363,1.628475768667369,0.7617767888774433,0.009872110544001647,-0.012142449567224397,-0.001745183304284029,0.013721512911071381,-1.19092277884526,-0.19205395109683962,-0.20678025518304372,0.0916649974263513
2025-07-29 13:30:00,-0.0017180185539794732,0.00046466870061641813,0.3474128497893174,1.6515722621430027,0.762134291732589,-0.011015897213555706,-0.009298101241097792,-0.0012295007469910843,0.013506701612172663,-0.9633583143242964,-0.24364637719120943,-0.14698216566104874,0.08994697887237182
2025-07-30 13:30:00,0.00980287888020688,0.015401373814013,0.3625481613758812,1.6572460707201568,0.7572613332782439,0.007952905736383334,0.029679029558277316,0.0006790076852994261,0.012093048240213544,-0.10445626446315279,-0.6607215285455084,0.6397947148204193,0.0997498577525787
2025-07-31 13:30:00,0.000539986142613501,-0.00622772348424631,0.325488397025566,1.6788590479788974,0.7624129927857236,-0.01162611744892698,-0.0008672593455566853,0.0008168727108287269,0.012073993385764653,-0.02057655210007085,-0.6701697107368666,0.01642201201905751,0.1002898438951922
2025-08-01 13:30:00,0.07443343689427163,0.04559059677656326,0.6078709025232965,1.4419298808254197,0.7479392708717022,0.028038291651327284,0.0986938934308906,0.004043813102732777,0.020389077294320136,1.4209320334148994,1.7772517354417787,4.170840928297423,0.17472328078946384
2025-08-04 13:30:00,-0.0263304992433536,0.011355162652407658,0.5444022997082314,1.4161743973421312,0.7465111152302972,-0.00636033247165646,0.013574943371162496,0.002411823918522183,0.02147553528715579,0.7026060418021013,1.9968845595348497,-1.5380362587392475,0.14839278154611024
2025-08-05 13:30:00,-0.021135385177893193,-0.03528200604063677,0.5802251045597506,1.4229502497019715,0.7315339924028166,-0.024631603968627035,-0.036570040101040334,0.002136671475389532,0.02175236086627571,0.5910625058274931,1.9743184109337484,-1.2229575378877198,0.12725739636821704
2025-08-06 13:30:00,-0.02761038587086688,-0.013703959919581917,0.6080599693542292,1.426664570622465,0.7225076645758796,-0.004790920940661211,-0.004465173743674352,0.0004829548504489627,0.02272172615429597,-0.14081005224423854,2.1257707147474205,-1.5204102623664275,0.09964701049735016
2025-08-07 13:30:00,-0.001945830098274811,0.01057499837762943,0.618112417878522,1.403243227721453,0.7156989198878255,-0.0002869596819684572,0.014470116025114277,0.0007393576623109596,0.022660815064967137,0.020207176352873633,1.999815543261288,-0.09038058333917848,0.09770118039907534
2025-08-08 13:30:00,-0.015476601968247988,-0.004178377782438607,0.6250899507290713,1.3950863590811629,0.7137444564157605,9.661455889116866e-05,-0.01057732547665095,-0.0004680445005371094,0.02285839848558588,-0.5493283970002404,1.9487640769712047,-0.832665177041177,0.08222457843082735
2025-08-11 13:30:00,-0.0026267005988082,-0.007624659418105899,0.7139470849458536,1.3797004981119614,0.7135158463506217,-0.004491711367587785,0.0003819647860462032,-0.0002195141853909803,0.02280376159252478,-0.39815515443120814,1.8420813471027562,-0.13692843847206249,0.07959787783201916
2025-08-12 13:30:00,0.0033496586827134987,0.025211488291977096,0.7176986001200454,1.3825899332352753,0.713585536328284,0.020904740106849767,0.02034498425920132,0.00023076781245066376,0.02277966320116238,-0.13475689737154334,1.7534369733828754,0.2007599533071159,0.08294753651473266
2025-08-13 13:30:00,-0.02531589999159003,-0.022022017060266335,0.7121747324853827,1.385223005486651,0.7152916555839823,-0.02422423680396783,-0.033597633664336476,-0.0004028790580067736,0.023326309056841323,-0.4479685679518752,1.8023303053558688,-1.3649848771606026,0.057631636523142626
2025-08-14 13:30:00,-0.004049401262363092,-0.009135477846143214,0.7167435533696633,1.3851742474092832,0.7158940632185905,-0.002196619787554255,-0.008201325869014231,-0.0009283268643867848,0.023281910085075942,-0.7190366690594028,1.714277484224584,-0.1873450146093259,0.053582235260779536
2025-08-15 13:30:00,-0.0015685103535942784,-0.009176225988514456,0.7486738689041954,1.3957145624916667,0.7107585503906995,-0.006264848611758503,-0.009176225988514456,-0.0019564050342402136,0.022805019034346938,-1.2747379738741218,1.5415365592956893,-0.050374235086813886,0.052013724907185255
2025-08-18 13:30:00,0.010211379862521786,0.007295934848731589,0.7446262853370651,1.394652119396273,0.7189980795903009,0.011617453570107239,0.013256503606064785,-0.00016317381497587928,0.02224683323817439,-0.2081458785400647,1.3621502011952311,0.5863225169466028,0.06222510476970704
2025-08-19 13:30:00,-0.004848157798712,-0.01687917600645757,0.6971440857166089,1.4234814708466652,0.7215450786876382,-0.02661531262053692,-0.017231693369857155,-0.000448038969582146,0.022269653077013448,-0.3511419475969308,1.3211261802046383,-0.22732297051234746,0.05737694697099504
2025-08-20 13:30:00,0.0004700256750965557,-0.006694103303066745,0.705462382043633,1.4473964431597148,0.7190067098482462,-0.007739602182589955,-0.015039283247338497,-0.0018106661528299703,0.02126640064142021,-1.1362559816693498,1.052135432770688,0.06775112943063027,0.05784697264609159
2025-08-21 13:30:00,0.007642805257995166,-0.003277977698535809,0.7164785445717528,1.4458336947986536,0.7174710895900356,0.0035689125697499677,-0.010155268187671021,-0.0011659731046473171,0.021351883175297057,-0.7186959437313802,1.0382029280846696,0.45295551513735827,0.06548977790408676
2025-08-22 13:30:00,-0.022435544356903175,0.0039040992294928265,0.7231028712550194,1.4177643116020084,0.7173214581478523,-0.001471046699790627,-0.01647091060668752,-0.0025702844028082567,0.021798891163087537,-1.5198408383596853,1.1072238328678543,-1.1875513041392887,0.04305423354718359
2025-08-25 13:30:00,0.007584933878345048,-0.003781675514112348,0.7187233328137126,1.4143591175122103,0.7203423670476874,0.0074921929655948905,-0.00639128616827167,-0.002051291500041135,0.021916507099624404,-1.1665223883836955,1.1007144049265207,0.4476957597863741,0.05063916742552864
2025-08-26 13:30:00,0.01343484181303534,0.019816353274276555,0.7983149237313016,1.058554667903067,0.6101929912756449,0.017582902340920192,0.02140054973279859,-0.0012936484816903943,0.022188855880917645,-0.69147660645101,1.1279913816507234,0.8574906125150945,0.06407400923856398
2025-08-27 13:30:00,-0.006098886809682461,-0.0035243935058093534,0.9539449289537059,0.4698514266107691,0.4532164317083119,-0.0037589406435754036,-0.014744961905587939,-0.0020887367661848615,0.0220548064567761,-1.1495856218570755,1.0682773347581722,-0.32579434398625473,0.05797512242888152
2025-08-28 13:30:00,0.013968795311080126,0.011178386581842151,0.9272103150918012,0.45527402852876714,0.43594448778667544,0.01880030065380737,0.003556835920993354,-0.0014172963077615302,0.022341597708932993,-0.7040019365198025,1.1075478009368331,0.9082246907492416,0.07194391773996164
2025-08-29 13:30:00,-0.017352366051882617,-0.02558742993957097,0.9677184802881323,0.4833171777634796,0.4531285325599312,-0.0219243302183042,-0.031038059891362768,-0.006006586455069242,0.013694320403400191,-3.2391637134023137,-0.8715968010155908,-0.9996240748726952,0.054591551688079026
2025-09-01 04:00:00,-0.01440182399644014,0.0423393439685756,0.8989576205608473,0.35114186330357955,0.39897062893224855,0.0011030292560470709,0.04552135509186291,-0.005410152692723569,0.013004974215562798,-2.6756482955065346,-1.001342430329694,-0.7970765694042847,0.04018972769163889
2025-09-02 13:30:00,0.003715808777046123,-0.05247967670561482,0.8893658888022717,0.3219470370697143,0.4033803600818065,-0.009687322472746174,-0.057114607779307214,-0.004167592994976604,0.012604466369187087,-1.9048315452179139,-1.0613695213502639,0.2962720122106532,0.04390553646868501
2025-09-03 13:30:00,0.001566791936388451,0.0031668365029651944,0.8677225825985435,0.3362630761801136,0.39516198392853735,0.0056656129162253235,0.025592741758719246,-0.002708734104613837,0.01137710564447826,-1.0800036986772936,-1.2931755253535362,0.1430421400118236,0.04547232840507346
2025-09-04 13:30:00,0.005611180931210902,0.009431265244657169,0.8562001054825871,0.3590302326767136,0.3917169843522223,0.01062419295699842,0.002763903940797027,-0.0023308835531395513,0.011528261992900723,-0.8821486495696087,-1.2185866030171466,0.3668904109454433,0.05108350933628436
2025-09-05 13:30:00,-0.0046334968072014515,-0.0054459187592236225,0.8534787171722448,0.36467738285223433,0.39086190857682457,-0.0023407146810793256,0.01386270885449914,-0.0017887282950872247,0.011125431122655339,-0.5869330510590861,-1.2627850088825179,-0.25720182490318483,0.04645001252908291
2025-09-08 13:30:00,0.008301187425308934,0.00316846408467956,0.8152418741294394,0.3876404245263573,0.38679942067072487,0.013351706643395392,0.0054576385050017304,-0.001242333893881368,0.011348225923171577,-0.2784198490523392,-1.1744762428448432,0.5816231393940127,0.054751199954391844
2025-09-09 13:30:00,-0.0007668848102188189,0.0071997188340376566,0.8140728131377857,0.38932349479092165,0.3830892979729352,0.0003006750128079121,0.0023810615881801516,-0.001448161068527984,0.011297775188422853,-0.3722814336233454,-1.1467183287701472,0.008799723049457827,0.053984315144173026
2025-09-10 13:30:00,0.03631697284330551,0.05486767371737641,0.9815941889650343,0.2660515105403524,0.42776522763730146,0.03767809790721629,0.03739795513183427,0.0016334825732167934,0.012756341224620018,1.2786727198942491,-0.8105031230042855,2.255239261290488,0.09030128798747854
2025-09-11 13:30:00,-0.01866244676181955,-0.010671007034314006,0.9745104747319671,0.2617640087153483,0.4292372072017597,-0.01598887971842544,-0.010895340536037357,0.0009028302982439704,0.01349602887262826,0.8882669143018102,-0.6330616521928574,-1.0930889333902145,0.07163884122565899
2025-09-12 13:30:00,0.0013040169647757262,0.008534869894236019,0.9706328268813774,0.2655056741772324,0.41995419474437384,0.003480290559298771,0.014481154732824963,0.0010464566641624708,0.013483623530533022,0.9780602048711904,-0.6153625536688091,0.13325625746652342,0.07294285819043471
2025-09-15 13:30:00,0.011654607674660283,0.017599099850143112,0.9645909217451435,0.2773457871448116,0.4264454519420619,0.015259936907811394,0.020985070390698784,0.0011186180547693957,0.013539001891326575,1.0414702367117104,-0.5837899564768237,0.7600005445933807,0.08459746586509499
2025-09-16 13:30:00,-0.00013537671972756182,-0.01667642093938863,0.9745616455392574,0.2779593570349724,0.4318792566916158,0.0015265253859677204,-0.03343731191461434,0.0013542571087186174,0.01347052619920794,1.1702043555770663,-0.5786999469953479,0.03634741547200204,0.08446208914536743
2025-09-17 13:30:00,-0.013756050551746571,-0.010788247140788928,0.9685397189745961,0.27773032545945003,0.43485503742244497,-0.013284053676916504,-0.0131273538165488,0.0006429532973764613,0.013888781758012874,0.7849143537436374,-0.47218305647300857,-0.7833732551415895,0.07070603859362086
2025-09-18 13:30:00,0.01876592695401499,0.023204399381047864,0.9856831090436097,0.2803754463845596,0.43927664484493817,0.022492980843909233,0.026315842657638606,0.0011991093821774525,0.014397231039678805,1.0832788944597829,-0.3482150894931163,1.153790117782869,0.08947196554763585
2025-09-19 13:30:00,-0.0058818684012855605,0.003270872122563384,0.9792839474929664,0.27625983140671584,0.4340896929623665,-0.0031264138480484593,0.016535888672373433,0.002026793179958333,0.013408887763854722,1.5234609574888833,-0.5395298370797925,-0.31820426455812667,0.0835900971463503
2025-09-22 13:30:00,0.008082150532118557,0.020249275192828264,0.9880126614202729,0.2726351238450781,0.4365481852252852,0.010555285309620466,0.021400015304110953,0.0020516540126470084,0.01342019141291969,1.5346457567796732,-0.5180244897571331,0.520689537914243,0.09167224767846885
2025-09-23 13:30:00,-0.03798729192794234,-0.035013903615278306,0.9286372767249296,0.3380412134582925,0.4535064873228268,-0.04017824883326467,-0.052237590437728985,-0.0005194526744018754,0.01583343838250562,0.12966470994832036,-0.004762313800732267,-2.141221844986508,0.05368495575052651
2025-09-24 13:30:00,0.005371290858946232,0.011195238480114758,0.8454259477674982,0.3179767137328943,0.43054568860562065,0.004072431271078628,-0.0018122208571423517,5.4056209029559224e-05,0.015828439053534545,0.4336033199585066,-0.010940018682656866,0.34442378738632967,0.05905624660947274
2025-09-25 13:30:00,-0.0004400956851111498,-0.009451027120358871,0.875792112650873,0.2968555197918462,0.4310565673078471,0.0001721871601944782,-0.018417263420922904,-0.0006663883407800047,0.015485975980641385,0.03027535257726696,-0.09191718798860918,-0.0010543968289286774,0.05861615092436159
2025-09-26 13:30:00,-0.0015048195721380948,0.014213334257102916,0.8657492377798334,0.2878039088750266,0.4250088828603344,-0.0020592610094076758,0.0049978955753327,0.0001259889832072215,0.014984584126905674,0.45252235606546354,-0.20543588294145057,-0.052966105763350514,0.0571113313522235
2025-09-29 13:30:00,-0.014509077578979455,-0.010478934095041118,0.867705657301563,0.2802302501636857,0.4157627721368696,-0.013358733753661181,0.007892526059962565,0.00012062630408025575,0.014990075165380578,0.4405673830873637,-0.21023430624433742,-0.8007827389864876,0.042602253773244045
2025-09-30 13:30:00,0.004688551995402753,0.007370836917637957,0.85374147748758,0.2872935326420709,0.40881194664813975,0.0056479008864698255,0.018002139451531507,0.00016926346499808727,0.015003925823896034,0.45197385669255974,-0.2117005913007718,0.3155452568537816,0.0472908057686468
2025-10-01 13:30:00,0.019146702068326325,0.0018822872477493775,0.8727149048621663,0.18724225687408064,0.3478100510802498,0.01366679270339318,-0.011847417851741296,0.001048258971594981,0.015593479474907567,0.9141977345852623,-0.0946390615151017,1.1493075801796913,0.06643750783697312
2025-10-02 13:30:00,0.004543318659791297,0.00465579052269834,0.8895374922705432,0.17856222261521482,0.34635430048599186,0.006473037462148741,0.01472954481075624,0.0009948658580240007,0.015578854781023034,0.8840401103909604,-0.11335747125509726,0.27912369614544025,0.07098082649676442
2025-10-03 13:30:00,-0.013520698460731739,-0.0037596817155690263,0.8579205290733635,0.20102465748806803,0.34619360647559905,-0.015365201292632266,-0.0090739204460862,0.0005505057753474865,0.01587183475782608,0.6437804685700101,-0.067568342353983,-0.7603251780745334,0.057460128036032676
2025-10-06 13:30:00,-0.002017725323334659,0.008495034506205331,0.8572409058353272,0.20154357848978985,0.3445202469722117,-0.0011776729371937664,0.0035462303180675194,3.456013791530675e-05,0.015774039932310618,0.357075958229738,-0.11096373525765933,-0.09064538076703697,0.05544240271269801
2025-10-07 13:30:00,-0.01727559503459398,-0.014179497971403573,0.8442202525920148,0.21648380295941033,0.3491844513811229,-0.01874668313690716,-0.01574641893242875,-0.0007908753733034514,0.01624315023627257,-0.0945395723472652,-0.02938991233430838,-0.9690478748791324,0.03816680767810403
2025-10-08 13:30:00,0.02457053481293576,0.034098344576013316,0.8424638171257955,0.2415068114403785,0.36769391449010086,0.02722321441265837,0.039908970016042176,-0.001378197274821939,0.014995207040237248,-0.42296621724838857,-0.3359015392121584,1.4175539180897998,0.0627373424910398
2025-10-09 13:30:00,-0.0024386790665332234,-0.00416901006289383,0.8466849625460077,0.2309848451463087,0.3781562967126482,-0.00163606483138945,0.009431241322434558,-0.0005670088900576225,0.01443950585756473,0.004346350320752054,-0.48642751028220177,-0.129180301163478,0.06029866342450657
2025-10-10 13:30:00,-0.022898936717704058,-0.037568610112358236,0.7708283829257723,0.33791549143152644,0.4059900917987173,-0.03348324437407568,-0.008626020201297435,-0.0017771565741816118,0.015265048439256705,-0.6561446958318421,-0.3135674135586405,-1.2640685254038528,0.037399726706802514
2025-10-13 13:30:00,0.02277446387277824,0.037840009569753454,0.757229754730648,0.3911510056614206,0.417321210662885,0.030190281596736458,0.024228120137018395,-0.0012211637642757138,0.015966411436192818,-0.3793385149139084,-0.164151340560845,1.3168469987757085,0.060174190579580754
2025-10-14 13:30:00,-0.011968187513958166,-0.006852729325470652,0.7604775186293051,0.3916629607548921,0.41681811742072944,-0.015764581412534784,-0.006736958159011097,-0.0018128043039872441,0.01614232489003188,-0.7303705172213312,-0.1395951232566408,-0.6693458951584994,0.04820600306562259
2025-10-15 13:30:00,0.005475178737594167,0.019340327989262773,0.8548656735652147,0.341614332085258,0.4066158637892719,0.00625411135592957,0.019919250844134595,-0.0008512428395202071,0.01596525827033634,-0.19336338243891976,-0.19160396088269271,0.3604846321004238,0.05368118180321675
2025-10-16 13:30:00,0.0044750848916838585,-0.005614294411147654,0.8445494090103359,0.34477333140029054,0.41094459511278375,0.005257686067099125,0.00643382432358978,-0.0015657849426367638,0.015348966996239938,-0.5941015537004988,-0.3486762383825236,0.2923079250948359,0.05815626669490061
2025-10-17 13:30:00,-0.018136196981798292,-0.019166152019421994,0.872308355177202,0.3224578700144079,0.42203040395649244,-0.015683709742301304,-0.027374389545621363,-0.0021785013716624003,0.01576916798435813,-0.9254488313112212,-0.2548373398582773,-1.0024043584571276,0.04002006971310232
2025-10-20 13:30:00,-0.0056958583118995945,-0.0025568879024310265,0.9017463035992216,0.30261581763310597,0.4155988289781594,-0.0022292892887405547,-0.013140712989248349,-0.002867401813863308,0.015597344013828262,-1.2880272616397512,-0.30582154436269554,-0.27563955568542337,0.034324211401202724
2025-10-21 13:30:00,-0.009384936814724321,-0.01948477821366279,0.9439053570848235,0.2837043114770275,0.419703513685396,-0.009325297478280703,-0.017183035024067483,-0.001437284058202407,0.013358286429639871,-0.4914031739564197,-0.8552046211285411,-0.4817691679720169,0.024939274586478405
2025-10-22 13:30:00,-0.02578869118426992,-0.0319296854601655,0.9292562160501495,0.30901378631087056,0.43117460899078414,-0.02961202727584633,-0.04473397149196001,-0.0029952831603632145,0.014305905337454737,-1.3076331072891805,-0.6367268113560898,-1.3808920187002989,-0.0008494165977915163
2025-10-23 13:30:00,0.03131607583838201,0.0330961770845164,0.9077814146149582,0.333572413747282,0.4473006154227446,0.03387049576206347,0.01977037540414539,-0.0014074745841885568,0.016236471736860807,-0.41733767088678486,-0.17771961236487177,1.8072457555558226,0.030466659240590492
2025-10-24 13:30:00,0.018834796924822445,0.03165878055507395,0.6220013677382612,0.5855207509487835,0.4729213464321192,0.01992392762448677,0.04177460262770879,-0.0003904937593405296,0.01685525430277234,0.19528889351599524,-0.00782367522112654,1.373701982015848,0.04930145616541294
2025-10-27 13:30:00,-0.01098748307504298,0.00013863173501897177,0.6599710493564989,0.5656826251639951,0.47264442518912436,-0.002596846971197627,-0.0022457325745901167,-0.00021441403414370594,0.01671783486155117,0.3335659671492364,-0.022759169685452767,-0.6124379824472655,0.03831397309036996
2025-10-28 13:30:00,-0.011990897672057035,-0.019539271441219735,0.6761970096825027,0.5364917543368717,0.5059377434013735,-0.0030617743241122923,-0.00911791148820688,-0.0010483865175166954,0.016875660354534444,-0.1409344741813564,0.03883878415238433,-0.6969743746477113,0.026323075418312927
2025-10-29 13:30:00,0.030025444423481918,0.032679169886460725,0.6065301435166205,0.5907811454599836,0.5222895639656217,0.033012088914796935,0.025238639084307936,-0.000504449399758916,0.017715283841671457,0.2072202586815676,0.28363379115937387,2.0568157242455554,0.05634851984179484
2025-10-30 13:30:00,-0.004710231942630564,-0.016338378629808137,0.5986972558695186,0.6004794502478276,0.5160985892978709,-0.012120950912296702,-0.01042986290607284,-0.0009671269298800088,0.017697340842038,-0.06366360185034574,0.30728951238732516,-0.2635905872263167,0.051638287899164276
2025-10-31 13:30:00,-0.0061461130024054724,-0.007260836552034504,0.5968632526860933,0.6043377800223521,0.5194480602454403,-0.0003502842461497275,-0.014575920380603884,-0.0005983976569636955,0.017497717291318396,0.16924257220171773,0.28449923166464813,-0.37266440190055367,0.0454921748967588
2025-11-03 14:30:00,0.01459880421854316,0.020721921424952255,0.5010984564902605,0.6716824581178072,0.48714242029413307,0.037051966195849204,0.046260832534480364,0.00023242882013019533,0.0178183334013782,0.6844697597449324,0.4066321413610697,0.996526444012949,0.060090979115301965
2025-11-04 14:30:00,-0.013432887019078733,-0.029227552800530947,0.4873464134261396,0.6872975911106327,0.49485190380512395,-0.025638166249314625,-0.018449261888807505,0.0004245642209059578,0.017639427631682397,0.8015662247674836,0.39091768208366434,-0.8516490735479837,0.046658092096223236
2025-11-05 14:30:00,0.02026881540389773,0.025541083349247762,0.4891401834690206,0.6949967600001588,0.49536461632561624,0.02531597692354226,0.022903173021558088,0.00020947825045405637,0.017353416023460546,0.6586533299146549,0.348995295201483,1.3459289296120405,0.06692690750012097
2025-11-06 14:30:00,-0.008328937518341508,-0.023103844365497356,0.4744912212318604,0.7127109939346902,0.5012024498139255,-0.018714336400346882,-0.032826967446979397,-8.503467213635788e-05,0.017450436513039007,0.46540471529136296,0.42440821823252817,-0.5617780294414307,0.058597969981779456
2025-11-07 14:30:00,0.004575169624508965,0.009901028192823272,0.4884355583622483,0.7036630913968637,0.49613017558092815,-0.004003609841976971,-0.004486743871144746,0.0012886706449742934,0.01662170269160338,1.2739070925230391,0.20347139440122025,0.29291760870538375,0.06317313960628843
2025-11-10 14:30:00,-0.01074382790099877,0.004447960566306956,0.5173959110127235,0.6752582365750014,0.49085134827406995,0.004782425980967823,-0.004598210204886118,-0.00038724394371455714,0.016020228862699847,0.2437358955930498,0.04169814370552032,-0.705797931146474,0.05242931170528965
2025-11-11 14:30:00,-0.026256260448029235,-0.027473735085992046,0.5499175277753868,0.654900678366279,0.48887840520987774,-0.028031421871751783,-0.04053412002683421,-0.0011016475904181105,0.016860397749206047,-0.19007345327039377,0.37371526782681613,-1.676114312175953,0.026173051257260417
2025-11-12 14:30:00,-0.0009731326210970288,7.272172873133236e-05,0.5522065260844228,0.6522283977868377,0.4881126739628323,-0.0022680141082409198,0.01405721896529936,-0.0014240631583526705,0.016789517513751483,-0.39367809438153306,0.3872999738156379,-0.02794116177511179,0.025199918636163388
2025-11-13 14:30:00,-0.021107634627649773,-0.043060521536898766,0.5779768738045838,0.6758353873314945,0.5099221923078572,-0.02927050209638804,-0.045608991296843926,-0.002703199134319352,0.01728368462439775,-1.155292245233274,0.6142777648963724,-1.2922725969971445,0.004092284008513615
2025-11-14 14:30:00,0.00525354894287632,0.006350318012578349,0.5769934816740734,0.6861641310137947,0.5082748130100861,0.0054481055937749545,-0.010670033352126795,-0.0015337118380856216,0.0169729936205166,-0.45495183440492976,0.5519079067650194,0.3799747973166128,0.009345832951389934
2025-11-17 14:30:00,-0.009313160892971626,-0.010414020424618179,0.5616792493165004,0.6999602820532913,0.5017149710383236,-0.019427046700083474,0.007842942707539899,-0.001714576967139223,0.017038825411749885,-0.5711978272327611,0.6444265484914231,-0.5533014284534907,3.26720584183076e-05
2025-11-18 14:30:00,0.014892854185635192,0.004256291662171156,0.5637412325407505,0.6818417962650485,0.4894999552200767,0.008052691953128781,-0.003713504279104514,-0.0005006874171212475,0.017325994540208892,0.17043245288175285,0.8540126165090033,1.024798324819002,0.0149255262440535
2025-11-19 14:30:00,0.02081566286658151,0.020961966467426246,0.5157661649599526,0.7103999367978013,0.4930779753649474,0.029367999910830205,0.03392034878981813,0.0018295302854213242,0.016874017731107617,1.5461513509222138,0.7459304310996762,1.3610026063938288,0.03574118911063501
2025-11-20 14:30:00,-0.018245822346097274,-0.03853325183294135,0.5208694737463865,0.7344105485527249,0.501170519127338,-0.03344664658943223,-0.02718477881268625,-0.00064856462380264,0.015928559819353136,0.030357562875338657,0.378521951403873,-1.1100704650926498,0.017495366764537734
2025-11-21 14:30:00,-0.012048365651698608,-0.006111570891444614,0.5279016203812578,0.713695430043796,0.48831238301706875,-0.007588626091183566,-0.012413553203687162,-0.0021927227526286927,0.015429511948075516,-1.0391005979025867,0.09329023567728723,-0.7226383100246447,0.005447001112839125
2025-11-24 14:30:00,-0.005041103450019343,0.021343103133608727,0.6205052402268105,0.7535008636784716,0.5081881445232556,0.00999883562331368,0.02413881158853311,-0.0018954037713775108,0.015307934702212112,-0.9608782093568069,0.006274932120316088,-0.28341718527176496,0.00040589766281978225
2025-11-25 14:30:00,0.0018575158022272704,0.003738610762601957,0.7838482203566894,0.8476251729563836,0.4978144737887861,0.00755255787850162,0.010018771543115812,-0.0012029830976632958,0.015139528103151483,-0.5231729666633069,-0.1120839086852915,0.16525306015699934,0.0022634134650470527
2025-11-26 14:30:00,0.006300324945489873,0.02423906775732128,0.8020531340046773,0.8510894059723949,0.5053209327912086,0.010952163405262134,0.016677871551098084,-0.0023892390715628976,0.013392538759306351,-1.454720680948621,-1.1511077512106334,0.44719534036091896,0.008563738410536925
2025-11-28 14:30:00,-0.0010753831473369318,0.01120271180054296,0.8033055367454265,0.8472738300639744,0.506955465691365,0.004090774618268863,-0.0019021011027381771,-0.002207496631798216,0.013384044698160449,-1.3176963337544,-1.2124304896454885,-0.022586785784077454,0.007488355263199993
2025-12-01 05:00:00,0.007426002623406119,-0.03401405004515171,0.7006121103480611,0.860974165609247,0.32166051016050984,0.0168559951511977,-0.031053891788281808,-0.0015288908505076363,0.013517244132903889,-0.7937941949235645,-1.2126705471537509,0.5140250005518939,0.014914357886606113
2025-12-01 14:30:00,-0.005845177022109325,0.01665450057969975,0.6852599443608896,0.8599634711732671,0.2102992396779246,-0.012296526599571256,0.004038379589495045,-0.0025510899125402607,0.012996420255408054,-1.54849504143739,-1.617867905403557,-0.32925706806091115,0.009069180864496788
2025-12-02 14:30:00,-0.008064498119480267,-0.006733215522651048,0.6960983651522779,0.8509031512804074,0.2126975387589254,0.00038472551365131835,0.00618827143153311,-0.0022826704675603373,0.012814003506583708,-1.3169709060556152,-1.8236957414264907,-0.46425118463087645,0.0010046827450165205
2025-12-03 14:30:00,0.0024522612026698703,0.0016760186959985008,0.5846065574695735,0.8796391797132254,0.1706905006892873,0.004862197743571624,-0.0170724879787381,-0.003173498177621731,0.01173782373400077,-1.9173580872240263,-2.480594876524964,0.2655232761956582,0.003456943947686391
2025-12-04 14:30:00,0.020815572469565453,0.018368031248050826,0.590252338678351,0.8846578193540809,0.17482372339734864,0.020422880645499204,0.014121004960693535,-0.0017162726782263826,0.012823047603102246,-0.7904618464093353,-1.733590122604172,1.4611419475446286,0.024272516417251845
2025-12-05 14:30:00,-0.018136301459783434,-0.021110116391067968,0.6163764579315835,0.8708340244953522,0.1806530325420251,-0.01173019741590342,-0.016989406210572433,-0.002851846232441002,0.01323556810821146,-1.5910738091181071,-1.4549492271054125,-1.138515265149003,0.006136214957468411
2025-12-08 14:30:00,0.015498654187017425,0.005335754657545655,0.5865250338669613,0.8651472847411195,0.1755444936853805,0.018730651348885408,0.01622417390487685,-0.0015397221280401923,0.013704492343514839,-0.5775398341252155,-1.1530799066577062,1.1020601967381303,0.021634869144485834
2025-12-09 14:30:00,-0.008656407056163787,-0.007903437730884125,0.5731879490171052,0.8668118758208071,0.17231856458504738,-0.008605642857382781,-0.014068230240288951,-0.0006597294584469201,0.012550322481383365,0.12335903613150345,-1.8680947534739407,-0.4961126173209471,0.012978462088322047
2025-12-10 14:30:00,0.012282031147142004,0.015223248510995843,0.576190554890843,0.8681714683688732,0.17332364740305195,0.01569108713391195,0.004720064877210181,3.0287299650315347e-06,0.012878597649735106,0.6551088326463332,-1.6222897240457719,0.8661803334029426,0.025260493235464053
2025-12-11 14:30:00,0.018138372708788358,0.019506329302799757,0.601471419541061,0.8404757257984965,0.161328911785685,0.01225139095332332,0.024270276745832747,0.001965329096786938,0.012476346906068221,2.1504401320064654,-1.8108383660078706,1.2570322202581554,0.04339886594425241
2025-12-12 14:30:00,-0.025855649227575165,-0.0466385574028203,0.607332338303097,0.8991149580284187,0.19481979596464163,-0.041759396209151034,-0.03684738267316012,0.00040986918826436367,0.013902538096406396,1.0025824293457493,-0.9385217996324227,-1.6102956950117835,0.017543216716677242
2025-12-15 14:30:00,-0.004059548914466886,-0.004094627938414493,0.5876723557354155,0.8992705152555759,0.18882977106913534,-0.013200394584456394,0.0029367571754631934,0.0006725497871896008,0.013758039003460296,1.2743547814033507,-1.0361663626524085,-0.17980708745634186,0.013483667802210355
2025-12-16 14:30:00,0.010016301795834705,0.009024562343147524,0.6143724453336583,0.8738396420919714,0.17348369757241525,0.013189321532382503,0.0395622129740234,0.0004287221676995764,0.013534145343592112,1.0498386779397355,-1.1398346793766432,0.7195705777862597,0.02349996959804506
2025-12-17 14:30:00,-0.036054908061530666,-0.05858802482760509,0.6113136790137095,0.949901003318454,0.22091296945172678,-0.052082325746163706,-0.08072897914307423,-0.0024148063787060325,0.014927903129810379,-1.2410726721424798,-0.2688417048505148,-2.2786322686724025,-0.012554938463485606
2025-12-18 14:30:00,-7.748648090199692e-05,0.018737261094312247,0.6130750254196424,0.9500173406158664,0.22263120721937704,0.008914947194528972,0.03325260230508127,-0.0015063895854462686,0.014459273333903993,-0.4891257395567793,-0.5466313879432613,0.07255008443856736,-0.012632424944387603
2025-12-19 14:30:00,-0.0034920367834874334,-0.00011416234131844671,0.6180501736867932,0.9437049778264696,0.21882794904750527,0.012623145113241474,-0.00011416234131844671,-0.0010785731420357096,0.01425609771433927,-0.1258244348225266,-0.6622169194785804,-0.14843604767573382,-0.016124461727875038
2025-12-22 14:30:00,-0.0009009509020563872,0.005168685324936861,0.6244693338911786,0.9490846480942454,0.22411507006455436,0.0014581996854809987,-0.005183888142672899,-0.0008715655146375621,0.014225557021445265,0.057316776243640934,-0.6707992566253881,0.006107037373429445,-0.017025412629931423
2025-12-23 14:30:00,-0.001344214961607343,0.0043944531432077065,0.6223034436625496,0.9477300589460069,0.22494111908120204,0.0008627153833156891,-0.00216510621591907,-0.0010316520528292927,0.014211237098468535,-0.058356861177828706,-0.6690995408211534,-0.0164559584584321,-0.018369627591538765
2025-12-24 14:30:00,-0.004101412163366542,0.0002452201120995238,0.6421721132198912,1.1903755639868288,0.2658136961196172,-0.004212897178046589,0.0031664746855219286,-0.0015517389082721135,0.014118822209707296,-0.46386513325934914,-0.7076167934501069,-0.17517685555878895,-0.022471039754905307
2025-12-26 14:30:00,-0.0002631703951925992,-0.0028412471174624012,0.6430213341091661,1.1890926706301503,0.2654987552088022,-0.0021404010270927123,0.0009901544775399915,-0.0015111282706648968,0.014121432350045543,-0.40359613690960594,-0.6886261169103837,0.0869652801571741,-0.022734210150097904
2025-12-29 14:30:00,0.004718486239341,-0.0016579228062940654,0.6545817934852608,1.1808653216237317,0.2653882126236102,-0.003527975726062671,-0.011160135048557951,-0.0016465040898681529,0.014044012466075433,-0.49660980127645904,-0.7147460008786346,0.40185596086542213,-0.018015723910756905
2025-12-30 14:30:00,0.002231693414355891,-0.0007221870204388026,0.6629965317899976,1.1823824038209392,0.2647936826681344,-0.0030554350563043453,-0.00834214345901052,-0.001242660568044892,0.014033045973299152,-0.12299259484230701,-0.701516224354015,0.22978165295619,-0.015784030496401015
2025-12-31 14:30:00,0.005037900169193792,-0.01033256288382145,0.6699275044492875,1.1687268936082573,0.2633961923037819,-0.004047601877090412,-0.0047720121463011855,-0.0005875406536111889,0.014003618968410389,0.4555993297998641,-0.6962186117440953,0.39688019018207293,-0.010746130327207223
2026-01-02 14:30:00,0.01741117197618019,-0.000853260824616342,0.6597968015905042,1.1161676833439655,0.20723638846933604,0.0007652312631231117,0.10492533666001724,0.00016040488506432695,0.01456284087103003,1.086051606799204,-0.3553726765715464,1.2594199846449847,0.006665041648972966
2026-01-05 14:30:00,-0.012194808239545973,-0.012709251096396942,0.682131359756525,1.1008054509824625,0.21434630961428605,-0.001592964168829333,-0.039872435982281594,-0.0014901141503912442,0.013956664946496661,-0.35138970967764466,-0.7125569804456013,-0.7581335050630114,-0.005529766590573007
2026-01-06 14:30:00,0.014548377989879607,0.0264163289236193,0.6894127295111934,1.1404890568107537,0.2097508952608216,0.021498311275576516,0.05307447084398505,0.00014411982209190768,0.013817808297541262,1.0509999325888593,-0.7772204572452313,1.0366445702083875,0.0090186113993066
2026-01-07 14:30:00,-0.021396363207265696,-0.0406785461177156,0.7585821399787269,1.0973009059052548,0.19887716871448388,-0.016441781362149577,-0.029504183989036648,-0.0017006310476222481,0.014119552074587071,-0.5527266344275237,-0.5787126187212249,-1.4008038615710339,-0.012377751807959097
2026-01-08 14:30:00,-0.022372082272663997,-0.028881082174731176,0.7465100132780438,1.116434585254248,0.2028072808722107,-0.031747126789409164,-0.06034572900725044,-0.002386414808447259,0.014792233654840633,-1.1336242045366793,-0.1653832314089021,-1.4372346466613448,-0.03474983408062309
2026-01-09 14:30:00,0.0272374961572504,0.046574799241906474,0.7907208134012829,1.1420355593158056,0.20732329723981435,0.03419104197194548,0.04399695141958541,-0.001638641557941839,0.015908658435212185,-0.4745498311637417,0.502042386373149,1.8786920234418167,-0.007512337923372692
2026-01-12 14:30:00,0.024359936715820703,0.025116245154045203,0.8140500454628355,1.1434389168080905,0.21663719257569092,0.023469396778408314,0.032187202661345005,-0.0013275633575902217,0.01636987482987952,-0.20950553849245696,0.763709962544579,1.6287007221872545,0.016847598792448012
2026-01-13 14:30:00,0.007575907349478324,0.009972332813082333,0.8133089882966131,1.159969574576843,0.2158564820896968,0.003631464281149724,-0.004270207735483663,0.00034401447126245274,0.015412306399348494,1.1939705986781841,0.19818965727447643,0.5140759382210497,0.024423506141926336
2026-01-14 14:30:00,-0.003715409376921077,-0.011358105654375636,0.8043475926951678,1.196513848289412,0.22266026923176518,-0.018826007435160018,-0.033911364300862355,0.0003612214481397432,0.01540732261362583,1.17378673981385,0.19720396848430136,-0.2290112548112745,0.02070809676500526
2026-01-15 14:30:00,0.02013174413570562,0.03251097916581743,0.8229847723095316,1.2018870648843356,0.2280635598577649,0.022318605808856994,0.04187428333391204,0.000866993565133289,0.015899127904615465,1.5489635411311087,0.4681878102810966,1.289410504858548,0.04083984090071088
2026-01-16 14:30:00,0.004457161302561393,-0.0006067698546086131,0.8216772407426189,1.1736538753677357,0.18905769813494733,0.004437954336168448,-0.0022870725657802016,0.002892597033337892,0.013318890800317559,3.0110324884016615,-1.0611609489310927,0.2453643243961199,0.04529700220327228
2026-01-20 14:30:00,0.004522801006533784,-0.02788934545862957,0.8226609425571814,1.1302803699372057,0.1769014817783807,-0.017979233115096232,-0.026002155651465613,0.0031226114077096806,0.013304613816918038,2.903499180123762,-1.0349998508013059,0.2897416594169704,0.04981980320980606
2026-01-21 14:30:00,-0.0015259667209025843,0.014200926601081854,0.8059352902595982,1.114674271619091,0.167984154090714,0.012804308594374314,-0.009958723182953877,0.0032209149108389235,0.013260357746779954,2.7378792421211875,-1.0264895972958035,-0.10559038144867858,0.04829383648890347
2026-01-22 14:30:00,-0.008609122554480313,-0.006299553682668028,0.8178195767831908,1.159339705048102,0.1686438808925541,0.0009063620912942065,-0.009581652074223162,0.0028355063282177267,0.013496381341559937,2.321232045302389,-0.8571889453835106,-0.6051133725457722,0.03968471393442316
2026-01-23 14:30:00,-0.004222426434575185,-0.003327116689507766,0.7822218144314121,1.18096807681209,0.16726902826855417,0.00018495633872898454,-0.009051860874465708,0.002691595754569335,0.013558497077049175,2.100940160666264,-0.7922670278119598,-0.3083150915126826,0.03546228749984798
2026-01-26 14:30:00,-0.010183437780223247,-0.00023108928238320855,0.7700697921210761,1.1573668191230817,0.150238398308686,-0.007514797563449156,-0.0008410223226163657,0.0023874944737265003,0.013785186551526508,1.8219452158124834,-0.6313005753272453,-0.7057595921466785,0.02527884971962473
2026-01-27 14:30:00,0.0062463630713038044,0.026395984272694555,0.781841772571896,1.1759058455433578,0.16564081681602502,0.013333094780439907,0.017253429833917238,0.0027129711470513197,0.013796151519547288,1.9222584650790033,-0.5992604535963225,0.4800038206144398,0.031525212790928535
2026-01-28 14:30:00,0.008508291406039604,0.010187258818891229,0.771850040798437,1.186706605650513,0.16697402356913074,0.01248988380960033,0.002536723678517946,0.00290246140538625,0.01385106428214585,1.9352585882805222,-0.5394257047679438,0.6260046428240411,0.04003350419696814
2026-01-29 14:30:00,0.009364962207486104,0.0020972325174113773,0.80650945280675,1.1377539705049693,0.18196860206744514,0.0020972325174113773,-0.007093524939468984,0.003259124845042761,0.01392452864920898,2.0383435757968447,-0.46633369563302307,0.6987095533977544,0.04939846640445424
2026-01-30 14:30:00,-0.0019846790515815095,-0.017515233034000117,0.8070470543121541,1.1320658629628546,0.17356295926458823,-0.015668917274391642,-0.028206195598097745,0.002907995884003996,0.013965794813451282,1.7720612271746148,-0.4122194270535285,-0.14740564655996635,0.04741378735287273
2026-02-02 14:30:00,-0.008370009659097039,-0.08052392935467168,0.9629821541662889,1.0239664083876718,0.15516467562469857,0.026536697506950202,0.024447447557752744,0.0016189368022401346,0.01374474616679142,1.0476795029750177,-0.5384902864035385,-0.5932035436724313,0.03904377769377569
2026-02-03 14:30:00,0.009690560784782273,0.0076988750042643606,0.9704785217767443,1.0052967542162903,0.14906035909272844,-0.006848398282253143,-0.024668709550781598,0.0027132052534565468,0.013455239616029352,1.5786960652573028,-0.7203013646376086,0.7382413564970324,0.048734338478557966
2026-02-04 14:30:00,-0.014194136553413478,-0.03695496529404422,0.9753236841674618,1.0438994132420176,0.1529376031401383,-0.03325473747974276,-0.05940520948407583,0.0012760795262918925,0.013658053871406001,0.8194301458806582,-0.546590535362291,-1.0194076996503894,0.03454020192514449
2026-02-05 14:30:00,0.016538791040730083,0.0012878663377968724,0.9822666687109136,1.0689100744043458,0.1462812495981892,0.0008237434331699323,0.013023616578707764,0.0031728372386916814,0.01295998534438315,1.7430513344708007,-1.0330501520115083,1.2210189587479803,0.05107899296587457
2026-02-06 14:30:00,0.023976950496716387,0.05453325277896829,1.004523977866649,1.142066214523761,0.18362830802400842,0.04873279332029427,0.03461374560233114,0.005490288877160701,0.012277749999778416,2.69715014195005,-1.5043037512634863,1.7199564954903424,0.07505594346259095
2026-02-09 14:30:00,0.0020731307519098637,0.0145154849271254,1.0058343723352554,1.1443468552932967,0.18593773269308533,0.011516583608707442,0.007191558736207471,0.0042320706068936734,0.011171376574793902,1.9817021233870213,-2.242810543832144,0.08968340400292193,0.07712907421450081
2026-02-10 14:30:00,0.00016025767342253,0.012270367016324816,0.999458269843906,1.1230224920762417,0.15903639280288903,-0.004288970937353328,0.013388888232359434,0.0030220866547737654,0.01013945103912062,1.368461159937607,-2.849696500795742,-0.08056211552143461,0.07728933188792333
2026-02-11 14:30:00,0.013425181415081002,0.026286465685260607,1.0073423967440696,1.1295377986022286,0.169680644262556,0.017462863215565116,0.00015735391468063575,0.0033145503580538993,0.010359682167034414,1.4474350797367448,-2.5592784391749297,0.9116795187954296,0.09071451330300434
2026-02-12 14:30:00,0.002520430488961468,-0.003847599897336148,1.0138799932720466,1.1094802969558941,0.16720124713628623,-0.01864906631957038,0.014340794466911425,0.003626342351348027,0.010229995331034891,1.5281768409462468,-2.533895991595362,0.07345939756314178,0.09323494379196581
2026-02-13 14:30:00,-0.009350923866756573,0.02152309856709537,1.0056783084282133,1.140479380955337,0.16982806436415263,-0.006101272658743013,0.014668757663631776,0.0021522089512249166,0.009843306702077817,0.8358440634851209,-2.688177255385534,-0.8003130973063413,0.08388401992520925
2026-02-17 14:30:00,0.01013717786282769,0.006842750101637855,1.0114829921827804,1.1229738990109408,0.16474060032138635,0.00942342283241297,0.01788227146858982,0.002436209779238232,0.009994095213420345,0.9556955671779894,-2.4739175164109883,0.7094440724986707,0.09402119778803694
2026-02-18 14:30:00,-0.010830203285538196,-0.019122724755617937,1.014425776186355,1.0857817418384084,0.14763005589127112,-0.0025207091883422406,-0.03828545281999107,0.0016685595646346325,0.010406513545242869,0.5926688030274617,-2.0921993080921246,-0.9340314782022159,0.08319099450249874
2026-02-19 14:30:00,0.015315287862517492,0.023356874763850843,1.0271992146895341,1.0965660922679346,0.14234950234864188,0.012394375908108657,0.016054869952937256,0.002510622293805636,0.010808042233324544,0.9386450102434652,-1.7469681788275724,1.0771325707039798,0.09850628236501624
2026-02-20 14:30:00,-0.022503884630504598,-0.006412537968600048,1.040603056272205,1.1524814640903183,0.14334041822657398,-0.011183746656914979,-0.0009758040150531127,0.0018158841900044222,0.011947000002086254,0.6018514635108867,-0.9530473250491884,-1.8105089876739862,0.07600239773451165
2026-02-23 14:30:00,-0.013458817557764171,-0.019257158577731914,1.0384708785220345,1.1797729447785952,0.15126433296167888,-0.026811635758012375,-0.02417698796501666,0.0013540646338449727,0.012363944065374501,0.37475319226463777,-0.6468851627135901,-1.090603826515136,0.06254358017674748
2026-02-24 14:30:00,0.00544118258638282,0.030700672708637338,1.044387568229284,1.1933237751681927,0.1583653912446034,0.01956096121482524,0.03160729960498747,0.002135295652175276,0.01208709463437364,0.7035784944322844,-0.8154751046452647,0.33574575136194634,0.0679847627631303
2026-02-25 14:30:00,-0.017744917559338446,0.003156153958219258,1.0379761890266626,1.1570817665506714,0.1551090172940304,-0.00023363101685998844,0.007330464297564935,0.0009357316206431637,0.012825554675604502,0.12964042480766147,-0.31017320190261644,-1.369908669800747,0.05023984520379185
2026-02-26 14:30:00,0.022975839830604885,0.005071689642082304,1.1146384702784675,1.1788409419491017,0.23963161075652928,0.008872283827760879,0.0017911348635836584,0.0016591090418714277,0.0136562293715784,0.4456621949164936,0.2487861528437143,1.60012845429654,0.07321568503439674
2026-02-27 14:30:00,-0.015629670013604064,-0.00550212769736258,1.1463452295725898,1.2128397016834613,0.3564337724596877,-0.017159549972200816,-0.021305839389373693,0.0004093774308169196,0.014051867339028959,-0.16841036841527582,0.5029068488334304,-1.1833759116994478,0.05758601502079268
2026-03-01 05:00:00,0.04121733900027269,-0.02911643096785162,0.9883168996405296,0.832608026816801,0.2606075164545257,0.002711891805744753,-0.13176770445950833,0.0025694783334096294,0.016729869350773932,0.8396927099872089,2.1705925333164484,2.6774188573048394,0.09880335402106537
2026-03-02 14:30:00,-0.029689615094017338,0.027431798455812784,0.9252608999300118,0.6370561605057281,0.1999567525658048,0.002347511137807068,0.10236257003278082,0.0015034980616636146,0.018087699329729968,0.2934658150455334,2.7981331115030854,-2.00838624582902,0.06911373892704803
2026-03-03 14:30:00,-0.018823109910383384,-0.03178145334904148,0.9340596474890581,0.6562502547546702,0.20794663632655322,-0.025448385440739685,-0.022664930653400583,7.781452690533152e-05,0.01852682834020772,-0.4436242815856487,2.80013503314128,-1.257173483181526,0.050290629016664645
2026-03-04 14:30:00,-0.010074603970018085,0.0037923808576487694,0.9237067958482623,0.6482008932030248,0.20637359733909647,-0.00045657332996174027,0.009630982023781542,0.0002837911560751012,0.018382140195059085,-0.37729175814294486,2.5203014350734074,-0.7007871136707826,0.040216025046646564
2026-03-05 14:30:00,0.006739705155627671,-0.0026827891362049363,0.935153475799672,0.6496457629671172,0.20102571512548392,0.005144608202043396,-0.007843816322877598,-0.00020616313818001944,0.01805373730805318,-0.6543430153893254,2.2074973483455556,0.4188776592065626,0.04695573020227423
2026-03-06 14:30:00,-0.01596429222595138,-0.029518026749212,0.9387367732507165,0.6710108100529509,0.20865565355522062,-0.026106558621055265,-0.031111512683884457,-0.0022032252743134076,0.017436413333403646,-1.6732742375439058,1.803782389604538,-1.0710106768249672,0.030991437976322853
2026-03-09 13:30:00,0.022135382463241537,0.033493808365719614,0.9421597566281119,0.6915924499690853,0.2165564854303591,0.03114035924849038,0.03791308569588118,-0.0012001126887468238,0.018253330766401808,-1.128514933874585,2.086674042745586,1.409945160395772,0.05312682043956439
2026-03-10 13:30:00,0.012966201976091616,0.007080935820175882,0.9314327945782064,0.6955639751325865,0.21955356750102273,0.01327090818871357,0.01986503853136601,-0.0005598154736133697,0.018526129272310076,-0.7726798560714302,2.093964312111306,0.8236301583601161,0.06609302241565601
2026-03-11 13:30:00,-0.0057466369721149504,-0.013326848352064621,0.9261987099069642,0.6486996710718193,0.1915194740962883,-0.004950490732085052,-0.038147061817947435,-0.0015184063929731674,0.018258490308749785,-1.235548236590743,1.8768358233515698,-0.4331365904630318,0.06034638544354106
2026-03-12 13:30:00,-0.002211814255891415,-0.006288830726341492,0.930423684926003,0.6477294393468093,0.19123222826383812,-0.013436427088228935,-0.015590265140624043,-0.0017550186302158113,0.018234042486844144,-1.315693895887267,1.7818731827348553,-0.19830380970570446,0.05813457118764964
2026-03-13 13:30:00,-0.004965582861088353,0.0005080229284940563,0.9300227874550475,0.6482022738508995,0.19144697153860626,-0.009384431166483354,-0.002795768382178321,-0.0015357515799324004,0.018164126282260114,-1.1752953137914308,1.6766305833059103,-0.36709054481172115,0.05316898832656129
2026-03-16 13:30:00,0.007203190276280797,0.02060930984668974,0.9165922290677601,0.5899106964237205,0.15028135535624185,0.01422094928963169,0.0171430723511099,-0.0016824509592597453,0.018076526793188944,-1.265456796023917,1.5829153500041884,0.4246459156059674,0.06037217860284209
2026-03-17 13:30:00,0.004742763376492513,0.006119743241027968,0.9157731185094125,0.5915269933349107,0.14955583591347793,0.008870452063689232,-0.0044156423279542905,-0.0009038026261582097,0.01799697597302225,-0.8849340181667014,1.4955757496957693,0.24434869407986262,0.0651149419793346
2026-03-18 13:30:00,0.022982895743726285,0.008831366612228239,0.9061079984203126,0.5603278007974972,0.14776430675735808,0.01731853877593755,0.010198640812373502,-0.00052042223209777,0.018436958864851444,-0.699253330689128,1.6097152880997851,1.4788823579675279,0.08809783772306087
2026-03-19 13:30:00,0.0018308893570753125,-0.002207556093992702,0.9061870616957916,0.5608834621832561,0.14727002537192616,0.0018583774173885903,-0.018124029571567224,0.0006963164672812254,0.01769798468666053,-0.09764092206808525,1.273323528598667,0.003364462873385504,0.08992872708013619
2026-03-20 13:30:00,-0.01103196373536472,-0.05830929572070435,0.932307409203885,0.579608306336079,0.16604233366061863,-0.01769910874306039,-0.05746703481045149,0.0008176591584011982,0.01760389435635906,-0.0519780105179959,1.1989696866399533,-0.8755294409494027,0.07889676334477147
2026-03-23 13:30:00,0.0044911856565864015,0.022015127418988072,0.9366609781042694,0.586274051158405,0.1699288306270275,0.01209185225592117,0.010050848050550936,0.0007701593119113771,0.017592039971805726,-0.09758824005046529,1.1584564622141094,0.18888314559345779,0.08338794900135788
2026-03-24 13:30:00,0.018443374058766483,0.022912344990958438,0.9444140807416914,0.5766682603894158,0.17714689017132898,0.015989613236033245,0.0026205511044442957,0.0025795738928166235,0.01744792607559769,0.8160202073366659,1.0712621006949687,1.1215521327049096,0.10183132306012435
2026-03-25 13:30:00,-0.013442614730869273,-0.004685790946295436,0.94204517616769,0.5678355845052313,0.17724457945194663,-0.00823425700547346,-0.00024792700933943656,0.0007586511647429157,0.017104262372603894,-0.16411237116023258,0.9147155685767742,-1.0333159984131717,0.08838870832925508
2026-03-26 13:30:00,-0.019040868654626182,-0.030365986648201337,0.938921491219521,0.6040115113766419,0.18766233857297368,-0.0321339885540699,-0.046050340221921005,0.0005880912326918097,0.017292258893460945,-0.2749766471329542,0.9581059828371241,-1.3668713823472503,0.0693478396746289
2026-03-27 13:30:00,0.01414654902078313,0.009853925098717001,0.94389639556295,0.5823530507248831,0.18634150057812318,0.004118292826223927,-0.007051165183488658,-0.0007654482662826683,0.014828629412935609,-1.0040573143905889,0.028169947680300348,0.8355184968134431,0.08349438869541204
2026-03-30 13:30:00,-0.042613506645407154,-0.03974126296402528,0.9267440850070475,0.6126246437803118,0.2380108715568893,-0.04697963937761943,-0.030150421863824807,-0.001411642843852159,0.016358126854933416,-1.3215343786707705,0.5896961442107906,-2.707628840753359,0.04088088205000488
2026-03-31 13:30:00,0.007375249555372436,0.029540724237789417,0.9213178276814188,0.6388533091914051,0.24673685925288324,0.030193999186032827,0.04083834132467645,-0.00010172487056436808,0.015933926995617315,-0.6436439627455494,0.4182008569437225,0.4078981123085372,0.04825613160537732
2026-04-01 13:30:00,0.00678093519375883,-0.07767827021866303,0.9132246370187098,0.5680692647621717,0.16126661521138885,-0.06188315666086264,-0.06627841058646389,0.0007410520876244776,0.015824061945316745,-0.19434399970628638,0.3645902380626159,0.3805892386611325,0.05503706679913615
2026-04-02 13:30:00,-0.01579559318554521,-0.00971664118758675,0.883079102021366,0.5710033077514852,0.1515498108942997,-0.014704749771844328,-0.014464833551568135,-0.00038571282943416645,0.01617291857140609,-0.8274666904792198,0.4816957913627617,-1.0619228262054754,0.03924147361359094
2026-04-06 13:30:00,-0.0018614049830057914,-0.00023659534647391123,0.8884434941530268,0.5670753433928932,0.14644382110494517,0.003431964724229686,-0.007493991045444903,0.000319431532713113,0.01576011549369662,-0.4799300738613689,0.32109044185793845,-0.1990559041091626,0.03738006863058515
2026-04-07 13:30:00,0.006813140596919558,0.009854702421172146,0.871354109638113,0.556506397103408,0.139947040772628,0.007688799657633805,0.0018118180252744143,-0.0004466805606029859,0.014997785020208288,-0.9384049324619604,0.04212453748172479,0.3960601200948353,0.04419320922750471
2026-04-08 13:30:00,0.00527489479318978,0.03231427158443371,0.8718493851939634,0.5595819708927166,0.14777674354091688,0.021292023976853626,0.06738744725099546,-0.0008312459197480776,0.014732010887523616,-1.171435809483469,-0.04716472379311067,0.321425818051096,0.04946810402069449
2026-04-09 13:30:00,-0.0018440494906134773,0.009498969167519763,0.8695571336535599,0.5590927816199861,0.14609954759041607,0.0015895124596063317,0.021902053524007835,-0.000636116545673004,0.014689261999009063,-1.041529382057687,-0.05869306018242732,-0.15181805389029382,0.047624054530081006
2026-04-10 13:30:00,0.009996832250805575,0.008341599846991047,0.8730752513462929,0.5563141938991385,0.14540991377651277,0.01237134629995599,0.015144311817174497,-2.5684220338154528e-05,0.014872861487663707,-0.6860881883065266,0.013504519192386688,0.636684807359445,0.05762088678088658
2026-04-13 13:30:00,0.017245093132798046,0.013740998996170465,0.8499781810064264,0.5616009924309291,0.1416853537017825,0.025878988530982507,0.010755426642145386,0.0010848495793561654,0.015307462255192679,-0.05236745262602432,0.18044293822490431,1.1364981721866831,0.07486597991368463
2026-04-14 13:30:00,-0.002394331110927435,0.01014550460766328,0.8506552463246019,0.5598435347007996,0.15938728591324655,0.008420950042422604,0.030457134522633433,0.0006049735099957537,0.01525591274114284,-0.30766511726317103,0.1493430654599399,-0.1940758595245673,0.0724716488027572
2026-04-15 13:30:00,-0.009526544373264502,-0.009213742495268998,0.8523996208500041,0.5492681391070503,0.1546009494173116,0.00046998028012953073,-0.0058177664096650625,-0.00010849187749209701,0.015385331856227284,-0.6932992565312261,0.18550985457341393,-0.6621907645066295,0.0629451044294927
2026-04-16 13:30:00,-0.008507219319900559,0.0008542594694751493,0.8488470980903,0.5455287071573945,0.1530751235929387,-0.006316483086702185,-0.013851695842942657,-0.0016829976306734391,0.014482667250782889,-1.5490549257869934,-0.1634714338621038,-0.5833739084646964,0.05443788510959213
2026-04-17 13:30:00,0.010792868270538098,0.015478234427008722,0.8441394477740423,0.5523799190263833,0.15368076767119657,0.019577451872475095,0.04304984495180623,-0.0012348986850003,0.014733580224066668,-1.2466508084637218,-0.07644692295011155,0.7015816724750681,0.06523075338013024
2026-04-20 13:30:00,0.003168061529678079,-0.0050441208608965615,0.8421675349437522,0.5527310390876535,0.15287526784195052,0.003838021032977368,-0.005952856828230435,-0.00052489742174816,0.014577940937081571,-0.8104526595873985,-0.14229130837806464,0.17734915258802342,0.06839881490980831
2026-04-21 13:30:00,0.007910196573295367,-0.007546392549057608,0.8390722896836483,0.554100871610993,0.15199705477113107,0.00993989929371612,-0.022073385822716524,-0.0003539468759127118,0.014659676374703522,-0.6872618732213844,-0.11692497121495904,0.4792741347144671,0.07630901148310368
2026-04-22 13:30:00,0.0007060566424586957,0.00962700661725524,0.8325122833683061,0.5518282861237953,0.14453194685452678,0.011406808281125058,-0.0023651249368659144,-0.001240812746728101,0.013983580274343304,-1.159917189885149,-0.37593119858943064,-0.0035416210163944587,0.07701506812556237
2026-04-23 13:30:00,0.0008828767200064307,0.02150652210523159,0.83456369872098,0.5502092069735348,0.14813543315451294,-0.0056831836461398826,0.01372445399023688,-0.0005245381741843159,0.013689479111455459,-0.7199575381115972,-0.4867964766175429,0.01715541503091169,0.0778979448455688
2026-04-24 13:30:00,-0.0021026356666381633,0.010957824105682875,0.8342044456706117,0.5495161442238298,0.14492217624590403,0.009005144862838951,0.012888301042521885,0.000322373475215085,0.012989723952566085,-0.2023369702341264,-0.744939451866237,-0.17371299812024438,0.07579530917893064
2026-04-27 13:30:00,0.0039097666337994715,0.005537058621412331,0.8341047300543842,0.5458771851155879,0.13835530018868508,0.005320581755797786,0.007295407586728901,-0.0001894656441340979,0.012612540988178489,-0.4817866827890736,-0.8748458940035396,0.2303003361563802,0.0797050758127301
2026-04-28 13:30:00,-0.013499227086524372,-0.01720113623050316,0.6846886771709295,0.587509192458263,0.13738804373081953,-0.01850021499831182,-0.0337591095426915,0.001266248333810041,0.008452393134974657,0.3976919196099743,-2.3037639301782984,-0.9486178575303088,0.06620584872620573
2026-04-29 13:30:00,-0.014141461286094115,-0.01825698467020583,0.7015920570048361,0.5834610121038734,0.14006215563356392,-0.005932660902250048,-0.04113000691673059,0.00019041279173671364,0.008986379231017643,-0.22806957247444543,-2.0144556722127223,-0.9608395789195356,0.05206438744011162
2026-04-30 13:30:00,0.050203950411197434,0.0794134025814377,0.8556537976872781,0.5574361698197827,0.1757943283208917,0.053800479418610214,0.0689102393176062,0.002361563552608644,0.01432330869806753,1.0773959423932271,-0.1583742185829121,3.065224355034875,0.10226833785130905
2026-05-01 13:30:00,0.0022621826317198177,-0.0017653679635951658,0.8725013633289462,0.5507378266771771,0.1742209155808889,-0.049716839941768454,-0.047244029990671565,0.003264452343471895,0.013672888351391679,1.6206838563126458,-0.3903010699803642,0.08633923222810086,0.10453052048302887
2026-05-04 13:30:00,0.01891285465757866,0.016315856088095677,0.8533186827524821,0.5286783622550809,0.13905038657479182,0.020182704929166812,0.007139931723644761,0.0043031653255011185,0.01404696863719946,2.3360578409465,-0.2714473380524153,1.1480614416401482,0.12344337514060753
2026-05-05 13:30:00,-0.01197065850693051,-0.003830658885818202,0.855719554900938,0.5217872987233659,0.13498562707325132,-0.003830658885818202,-0.004840928624474236,0.003363975370308614,0.014491240622531503,1.7920421886634785,-0.13655187863076226,-0.7910530435053794,0.11147271663367703
2026-05-06 13:30:00,0.009515273844167053,0.010087358195851012,0.8419800583357632,0.5283269189296168,0.1367431257361111,0.024320677095812836,0.05129844800373037,0.003575994322857478,0.014551565045095012,1.901391446129659,-0.14484815158245917,0.5527099317336925,0.12098799047784409
2026-05-07 13:30:00,-0.03028343809529701,-0.04138137916104908,0.8701359106973157,0.5250674977441432,0.153773334021392,-0.028473886803676428,-0.02296035136368576,0.0021540248926233017,0.016383331078777992,1.0353803920849374,0.49986170779052086,-1.8575768654473777,0.09070455238254707
2026-05-08 13:30:00,-0.017639691491651302,-0.01313592484084658,0.8965347890867349,0.5083903187943063,0.15432062419475448,-0.004270700299033869,-0.008667632841291573,0.0007721987055004577,0.016845973931500946,0.18624147675223593,0.6478831427941094,-1.0514537665344221,0.07306486089089577
2026-05-11 13:30:00,0.02919364120575034,0.04056831266988866,0.935442624919863,0.5105954543446626,0.174516878104083,0.031176532627880636,0.014176966067073048,0.0013696261091480724,0.017653438116374945,0.5959205688057961,0.9351610417850315,1.714732328603961,0.10225850209664611
2026-05-12 13:30:00,-0.029027364271227544,-0.03189619085952289,0.9348709903673771,0.5165641333018651,0.18707416316143596,-0.033003852905913234,-0.038892880592655055,3.7974451133066836e-05,0.018911953052179686,-0.2718137790461634,1.404518613707449,-1.66613973533819,0.07323113782541857
2026-05-13 13:30:00,0.0026638847992962317,-0.0017342954792837946,0.9177562650084086,0.5199124331796771,0.18014641415524493,0.009772677984505465,-0.0027765035722539704,0.0006474959097611036,0.018783478817627413,0.15416376585029049,1.3244739365020066,0.1622983193949376,0.0758950226247148
2026-05-14 13:30:00,-0.006611808473894662,0.00203068911711235,0.8990526902420211,0.5202534881972898,0.1844451781364922,-0.0031182180410725957,-0.005604257521332534,0.0007422664520613986,0.018739588707273252,0.24312534517941234,1.2774599431997191,-0.3589786179714642,0.06928321415082014
2026-05-15 13:30:00,0.010715517641651573,-0.01659988469900986,0.881539782641311,0.5209211869330538,0.18728871982799475,0.006340055709267323,-0.040192046674371484,0.0007383989206170723,0.01873741311788938,0.25492370313621404,1.239612510173823,0.6311212198814461,0.07999873179247172
2026-05-18 13:30:00,-0.041580245220737264,-0.04198364036183733,0.8896175249843009,0.518123029785301,0.2000088328082281,-0.04357929455380305,-0.06116268383172885,-0.0014990164169036949,0.020970613763043024,-1.2651114713672214,2.0859972438865713,-2.3358558776691214,0.03841848657173445
2026-05-19 13:30:00,-0.02213497459030115,-0.017795901888302157,0.8531801432033793,0.5177361332950805,0.19169580498979802,-0.026899200103971066,-0.029515967930135223,-0.003001274975083521,0.021334109155235606,-2.1823646092645914,2.134773498148807,-1.1929770674388118,0.016283511981433303
2026-05-20 13:30:00,0.01580779341620435,0.02802766969852107,0.8604860369611919,0.5283406600887921,0.19558702880804432,0.024193635366588768,0.05233839491853749,-0.002246188136396238,0.02173570150557444,-1.6046771314082537,2.1792363700349053,0.9040671246090659,0.03209130539763765
2026-05-21 13:30:00,0.005996207233894201,0.016634381849826758,0.8711553383560418,0.5327022072331012,0.19658807979400628,0.005625580397764802,0.027838337756440918,-0.0019905216107018496,0.021804408542608494,-1.3840579753362774,2.08952097305925,0.3744483106918171,0.03808751263153185
2026-05-22 13:30:00,0.01786650814762443,0.027709951669949273,0.900364152304445,0.5332514991604901,0.20367461826780478,0.019932280437820582,0.021621679916882908,-0.00099206441998872,0.022251626944650906,-0.7132839323927274,2.1362862167933345,1.0153636069571477,0.05595402077915628
2026-05-26 13:30:00,0.02589834484098561,0.03635136535129494,0.9809305057990738,0.5808664886988455,0.2931687043444659,0.03679224308061194,0.06391909403419396,0.00010736449037058708,0.023035960921497574,0.029707722047654015,2.2807741494549663,1.5293405141043028,0.08185236562014189
2026-05-27 13:30:00,-0.005886643701734942,-0.010098389955733977,1.0690859652644704,0.6304878667792523,0.3621227037220591,-0.005906849107139234,0.004767535243346721,0.0004879936596100585,0.02286153474211718,0.2965536689613806,2.109293725521353,-0.35940476732566917,0.07596572191840695
2026-05-28 13:30:00,0.0003700124924961813,-0.004962590733703827,1.053967944746781,0.6239197921246591,0.35986603087499597,0.00633557914902975,-0.004260691716281258,0.0012135673485395733,0.02260159457406962,0.766574441875664,1.9373508878052552,-0.0038807246321234585,0.07633573441090313
2026-05-29 13:30:00,-0.008286054508113292,-0.009602253766458216,1.0645839393068546,0.6290173559365959,0.3605318225440213,-0.004896808190817651,0.001986843592659734,-0.0017109328974259628,0.019500257241949735,-1.1495772530884263,0.8927235596545436,-0.530531978165526,0.06804967990278984
2026-06-01 04:00:00,-0.011001099567287932,0.01736053428367827,1.036350937107842,0.6284214634319012,0.35876770244360107,-0.009868676561232099,0.06704937961525918,-0.0023740970073763503,0.019583379680569356,-1.5316549404677335,0.9067048001420651,-0.6754000135887755,0.05704858033550191
2026-06-01 13:30:00,0.008477756164226344,-0.03964457588811084,0.9796490299716136,0.6194986968794688,0.3656330426387755,0.015791456039239295,-0.1108124176816779,-0.0028958519320439664,0.01911991284471023,-1.8387009893681001,0.7411397622378547,0.4808453795868391,0.06552633649972825
2026-06-02 13:30:00,0.008112251313919266,0.030536465488928927,0.9855653070697341,0.6118707194146384,0.3643286503049304,0.011974941096849118,0.01901815632864919,-0.0018917064410014772,0.01914557848634008,-1.1816114047175261,0.7424750946201456,0.47904931984577437,0.07363858781364752
2026-06-03 13:30:00,0.0033169442645717678,-0.001396774020160918,0.9899018204425609,0.6117603448682598,0.36238862062835975,0.0029313024300470225,-0.014336715456319316,-0.0022016229199812417,0.019000831303729756,-1.3407916989965971,0.6913224256765442,0.19428436453437603,0.07695553207821929
2026-06-04 13:30:00,-0.00406700065881906,-0.0006441216632414223,0.9844140905881841,0.6120381593843129,0.3622489438340714,-0.005906114190476004,-0.0013254575239286157,-0.0008908010481573442,0.01782978942137074,-0.5311079678007337,0.31077812267261135,-0.26506901082999634,0.07288853141940023
2026-06-05 13:30:00,-0.01931842673127894,-0.03991708878963381,0.9764787188598704,0.6387149765669105,0.37711882305431077,-0.04924798693477724,-0.021534069112362407,-0.0009747378101387261,0.017916528057438878,-0.5960866833994098,0.34115334319028245,-1.1786825491331498,0.05357010468812129
2026-06-08 13:30:00,0.008214678380320877,0.0012703614866917217,0.97016639089757,0.6413851763660271,0.3773431095588818,0.019985132088161144,-0.010174115573919748,-0.002023685951410199,0.01662487991003798,-1.2467422962481514,-0.07384855464068113,0.49373296254519483,0.061784783068442164
2026-06-09 13:30:00,-0.007355023624977473,-0.00361072630513648,0.9607276056601299,0.6408032668310261,0.3735842346566545,-0.014180568543927019,0.012504480650755045,-0.0009400689190976957,0.015435921893897489,-0.5772369096224776,-0.4494761889808521,-0.4438306335923668,0.05442975944346469
2026-06-10 13:30:00,-0.04632647487495876,-0.05906292493072355,0.9638438874388466,0.6659695758848126,0.403799815065846,-0.05951771079248739,-0.07404813855588002,-0.0033895869028104453,0.018430553302530333,-2.0296528920270007,0.5300917065682395,-2.6095538811863457,0.008103284568505932
2026-06-11 13:30:00,0.026446275720054434,0.05158019435534985,0.9911555852436809,0.7052006890047855,0.4326654763670856,0.0504438337926106,0.07097935351536486,-0.0017366826931129904,0.01957330989649374,-0.9989769545451292,0.8943739657304927,1.5644625187556565,0.03454956028856036
2026-06-12 13:30:00,-0.0012958294976906561,0.01375685087592112,0.9912265611268227,0.7052462221846039,0.4315698198875437,0.0028602068906237923,0.006228827377106691,-0.0023372500500801014,0.019354175642395395,-1.315017681778651,0.8098170794556232,-0.02010423880177171,0.033253730790869705
2026-06-15 13:30:00,0.0064381097385219944,0.03355430843599113,0.9759684418871339,0.7068461785327196,0.4505003965012331,0.028838295571316307,0.06830669499455241,6.36676978828612e-05,0.017073840147002747,0.1295071401964286,0.07243744687683931,0.40648787008876874,0.0396918405293917
2026-06-16 13:30:00,0.01502267744458867,0.009255506150996498,0.9785179413701698,0.6978416541605404,0.44499573945840787,0.0021030550459722273,0.012675866588138055,0.0019215502996273522,0.016544615959769037,1.2200148105703157,-0.09381686104868298,0.8831655679752337,0.05471451797398037
2026-06-17 13:30:00,0.019028838529950704,-1.731974745792601e-05,0.943519767647732,0.6929233281852027,0.44371148574469627,0.013298308149033397,0.012446605764789028,0.00208260255531467,0.01670183543961889,1.330357199401098,-0.03870503666913005,1.1101792295140356,0.07374335650393107
2026-06-18 13:30:00,-0.009825747589210827,0.014320616200489114,0.9403921483983135,0.6882317326712906,0.43915154735662565,0.007572996052542949,0.030782935537816115,0.0012915048141594187,0.016880463049980345,0.8486167765538207,0.02056821720447596,-0.5374628570935132,0.06391760891472024
2026-06-22 13:30:00,0.031788469496795736,0.03667925760241375,0.9521808214237717,0.6758450227096681,0.4511958144943311,0.031193078375789662,0.024035271275728798,0.001987602881617984,0.017858646279533597,1.2350061225161766,0.3352053751821659,1.7579562542753011,0.09570607841151599
2026-06-23 13:30:00,-0.0343126387212542,-0.05008158626700484,0.9344410737046105,0.7156676661000445,0.46698943946469434,-0.05790802778237455,-0.057480729830091525,-0.0010229462964940067,0.018672255697911103,-0.5351417173653825,0.5790935990661917,-1.8556054254050427,0.061393439690261786
2026-06-24 13:30:00,-0.00772202021897673,0.00022316080708695285,0.9496765112984742,0.7090532831131934,0.45511868871609046,-0.010205089112717336,0.016565419430117134,-0.0011147151223560962,0.018701904114620093,-0.5932360647273981,0.5745407637461628,-0.45440359287259974,0.05367141947128506
2026-06-25 13:30:00,0.017029747797896677,0.030553174289376022,0.9589269423780845,0.7090605873773647,0.45639207016869127,0.023746025576999823,0.020846240170914337,-0.0002817283570860713,0.019137456950741583,-0.1003968984470002,0.6961415261804315,0.9477382267613055,0.07070116726918174
2026-06-26 13:30:00,-0.031668274609507926,-0.0364009144305378,1.0743093923540719,0.9222032654411237,0.5708068840678276,-0.044034552390545954,-0.031778988024644815,-0.0014508393621558032,0.020329279571422613,-0.7657934083981139,1.0482126811276637,-1.7414736834250284,0.039032892659673815
2026-06-29 13:30:00,-0.0033782144255526027,0.01523628921650629,1.0796631793402227,0.919379752565775,0.5660780373292285,0.01913239965380683,0.020065381356111432,-0.0010696951050690369,0.020211922531181575,-0.5338450569484253,0.9814696337928366,-0.18516748345751746,0.03565467823412121
2026-06-30 13:30:00,0.00940235067466435,0.009492266149379591,1.06833745603721,0.923438378888108,0.5524363361804797,0.024268456901482494,0.018264218456979453,-0.0010234653795471364,0.020235952384238316,-0.4929106369886499,0.9592626116236903,0.516362782988577,0.04505702890878556
2026-07-01 13:30:00,-0.039907323459979806,0.012383958957155569,0.9797170804678237,0.8012245811128318,0.5345724594877299,0.002913789890799009,0.12556612436640277,-0.0034244441182420897,0.021877145886552707,-1.8162634012094827,1.4222166539735726,-2.103194659584122,0.005149705448805754
2026-07-02 13:30:00,-0.03246516102743405,-0.02687274202753546,0.9330540639316338,0.8204009271572343,0.5357306358287361,-0.04898571619878882,-0.034636420057270675,-0.005213549382842381,0.022742818067068963,-2.6240741139629353,1.6216958213617265,-1.6333312121530477,-0.027315455578628293
2026-07-06 13:30:00,0.02656766927682439,0.02893654990114018,0.915776250700346,0.8300720094037273,0.5484258360640394,0.03898897781515513,0.030627646303311645,-0.0036818158860602085,0.023829754547864464,-1.7320724175062885,1.8615920285161083,1.4089692088019141,-0.0007477863018039051
2026-07-07 13:30:00,-0.01754741834659439,-0.025993180214081108,0.9173775758169951,0.846761325255685,0.5507654659457404,-0.034823236121712633,-0.054414002558829735,-0.003593265466825981,0.02377181141798401,-1.6176640700041742,1.7612850286809794,-0.8352385395517262,-0.018295204648398296
2026-07-08 13:30:00,0.011615852707821587,0.006162599216620286,0.9258397989141538,0.8434777006351858,0.549812420522831,0.01360242737661484,-0.01140693034407229,-0.003423206750450945,0.02387268057861651,-1.4721398792761209,1.7118303905053625,0.6682324406224466,-0.006679351940576709
2026-07-09 13:30:00,0.004298957327310653,0.012954773486911394,0.927704308533202,0.8507372286783565,0.5558916278288836,0.018025310064105314,0.02698352889523966,-0.002840507702836539,0.02391385257288035,-1.1408853594897377,1.6504601666794876,0.28546043118562453,-0.002380394613266055
2026-07-10 13:30:00,-0.00930001133496853,-0.0017464212028672026,0.9150732230808132,0.8527133371339268,0.5536421625871225,-0.007950692700097331,-0.006489254797866699,-0.000989184525837028,0.021700985241805804,-0.21259429711127928,0.9957310328896009,-0.41466438948855805,-0.011680405948234586
2026-07-13 13:30:00,-0.0006002614757272956,-0.01118141068185119,0.9208246845305927,0.855943136547808,0.556776148959132,-0.018008131103183334,-0.041319388028035475,-0.0023415113856261145,0.020721960728653458,-0.8764107084804775,0.6962000202247389,0.026370141367190392,-0.012280667423961882
2026-07-14 13:30:00,0.01011712632777845,0.018476952173492656,0.9232787872716757,0.8565015842933454,0.5624456744025205,0.019133176871504287,0.014775875714900355,-0.001770863594352659,0.020908579071993984,-0.5880071385982037,0.7225766461536229,0.5794528961965376,-0.0021635410961834307
2026-07-15 13:30:00,0.007912973071129788,-0.004449113014280082,0.9207575346991499,0.8556987685130465,0.5623471143159845,0.0058375453383666676,0.003452568406456469,-0.0016971204277222694,0.020941630140235618,-0.5405180810912069,0.7058723682231889,0.4610973313711913,0.005749431974946357
2026-07-16 13:30:00,-0.027826304822510382,-0.038505403336486964,0.9477179910330624,0.8865757721692868,0.5775073671843809,-0.04403393038759947,-0.047708951261507725,-0.0038395695410772214,0.02132933050724391,-1.5365771565289652,0.7880549191991197,-1.3297720769179848,-0.022076872847564023
2026-07-17 13:30:00,0.02782015084138526,0.008106476792391404,0.9139940775812596,0.8603932655684241,0.5756076554137396,0.014704300493817102,-0.0034684064435529516,-0.0034000039255054947,0.021908152659686524,-1.2888365045616992,0.92236288119115,1.4464219023790235,0.005743277993821235
2026-07-20 13:30:00,0.01302494648859829,0.008788978853911944,0.9003883303755007,0.8576469378120932,0.5746395480812223,0.013880844064445896,0.0042813796833574,-0.002257469221615038,0.022149916252336276,-0.7273243300913445,0.9610048995669288,0.6957438435858534,0.018768224482419524
2026-07-21 13:30:00,-0.0012010902621252297,0.013934535525548094,0.9038698561605738,0.8628364993998106,0.5871879364207996,0.014379583553470762,0.004269340728099888,-0.003906947209561086,0.0206593058557137,-1.4523660206616706,0.5028933662514524,-0.011452671832529227,0.017567134220294295
2026-07-22 13:30:00,-0.0009298623060471252,0.014386133374966489,0.9024692575101854,0.8627570417723679,0.5908965657008828,-0.008098331838763665,0.0024203083674544015,-0.002237808388800733,0.019382531365446324,-0.6555115712564069,0.09301080722925772,0.006025231433585308,0.01663727191424717
2026-07-23 13:30:00,0.027422596543342215,0.0167366510330685,0.8973215679399389,0.8347262353183439,0.5923034644085289,0.011075899458810563,0.01369610537671669,-0.0004805775506847857,0.02042428090274395,0.17700589994182667,0.38805580810772,1.3630515285718565,0.044059868457589385
2026-07-24 13:30:00,-0.026484636855574183,-0.0341825205466146,0.8887021496473777,0.8478962918049293,0.6062177953539786,-0.036347540936126875,-0.0382242494023319,-0.0026562967833583286,0.020775489455783624,-0.8180850098382573,0.49436418833149703,-1.2582530910756091,0.017575231602015202
2026-07-27 13:30:00,-0.00687517168422074,-0.02029423638297116,0.761587426233554,0.7961487742163885,0.626650579623057,-0.007116431278479423,0.0008395835450154161,-0.0014166416370939693,0.019663173474705784,-0.21368701414957236,0.03894990906808527,-0.2743723707433501,0.010700059917794462
2026-07-28 13:30:00,-0.03147020900677851,-0.045415648859531976,0.6551827323046417,0.9685924446170715,0.665759883726198,-0.041913025253069724,-0.0318789643621844,-0.0028212413661552645,0.020782176785198028,-0.8603578940924035,0.45329207868047283,-1.4789082654451684,-0.020770149088984044
2026-07-29 13:30:00,-0.016825266960505278,-0.04953484573580654,0.6985630826366731,1.000651308655654,0.683568340766223,-0.036134129474444464,-0.06829464835487417,-0.004132622247913746,0.020797748740541536,-1.5003305965630827,0.43330801763679977,-0.7155647572706798,-0.03759541604948932
2026-07-30 13:30:00,0.06261601383638561,0.09412398867368214,0.6892710426248161,1.1255874408769944,0.674484198088737,0.09969067762601817,0.08883843794003103,0.0009935446169045251,0.02391693975605625,1.1958545651959265,1.7488073926794871,2.987341529843116,0.02502059778689629
2026-07-31 13:30:00,0.02674459610195422,0.028178583978189325,0.6676889304425302,1.1332287516098132,0.6632461383942231,0.03511994927935795,0.018171796974298864,0.003954032473373939,0.023211523953718362,2.7455963795161322,1.4211533176316584,1.2852968304575365,0.05176519388885051
2026-08-03 13:30:00,0.07392227601182834,0.08807556966140284,0.9100724969264258,1.075337943179963,0.6656686507959185,0.05089997612457209,0.1642854772766752,0.006321762810124136,0.027633672857444985,3.5926545334952817,3.1345783395693836,3.1294104632796174,0.12568746990067886
2026-08-04 13:30:00,-0.04598679014580835,-0.015921385067672045,0.8983221282393339,1.0268483792007055,0.6395067569705443,-0.010285677300308715,-0.011328759560630064,0.004899794220163437,0.029589102409046858,2.710206654299275,3.5078678313673186,-1.913883933357227,0.07970067975487051
2026-08-05 13:30:00,0.008906930476899848,-0.009100916011507124,0.8612461801162734,1.013703365362985,0.6324764318358368,0.0011008694501291796,0.011575759911384672,0.004764348108617351,0.029562929696421762,2.5047179019394146,3.1481187289027663,0.3836160616133291,0.08860761023177036
2026-08-06 13:30:00,0.003922673506523041,-0.004818850404795423,0.8562541686387528,0.9999776845721424,0.626641570309369,0.0015943145121868714,-0.019650440943148346,0.00474553391757797,0.02956336119747651,2.347375246700608,2.868092185132788,0.15314330652294714,0.0925302837382934
2026-08-07 13:30:00,-0.015020032739376521,0.001329276122796652,0.8439833790074085,0.991069681655662,0.632056978655751,-0.003972695674649418,0.012677279031044209,0.004459532847357571,0.029733570016098648,2.1244694056608,2.690459276226639,-0.6377207366653714,0.07751025099891688
2026-08-10 13:30:00,0.008806145130718285,-0.002815362419867092,0.8383458572936202,0.9917683307565023,0.6303117380931788,0.008191276780279902,-0.0494240633794459,0.00492985317767985,0.029723715525016667,2.194317400339212,2.4964527059307016,0.3610312423940759,0.08631639612963517
2026-08-11 13:30:00,0.01297171205023703,0.020420689165794686,0.8991374536408827,1.012643971009346,0.6292738498073908,0.008827830653912166,0.007958077065483831,0.005072582463802778,0.02975677038046642,2.1384404390630882,2.3440959798443246,0.5354815680037619,0.0992881081798722
2026-08-12 13:30:00,-0.004418144005247362,0.008232735436678906,0.8957726824859344,0.9994155452052436,0.6225152082405573,0.003419554613125708,0.006591532849771875,0.004456026609983921,0.02982249727773599,1.822832264500599,2.220571203600182,-0.23314866967115117,0.09486996417462484
2026-08-13 13:30:00,-0.024424388489834477,-0.008017195963570681,0.8979260462985028,0.9779957896817536,0.621196534574505,-0.012579257146128545,-0.008508800004112064,0.004626122426617717,0.029637810430893956,1.7969755678640644,2.054624085619228,-1.0999266324724528,0.07044557568479037
2026-08-14 13:30:00,0.003924462063183491,0.00904171335326794,0.8958828672991137,0.9710210808430408,0.6294610385558674,0.002910912895712178,-0.004878995048368232,0.0034313379877076284,0.029130898329026825,1.3316247841472482,1.8356112121677146,0.14031685358500712,0.07437003774797386
2026-08-17 13:30:00,0.019034931231341513,0.016082187866578185,0.8830475058953695,0.9660749056394021,0.6193970712858227,0.01901608685295005,0.005259994597414736,0.003731837224844789,0.02926575537334762,1.382203526396188,1.7869486910514203,0.7854993972269567,0.09340496897931538
2026-08-18 13:30:00,-0.023068602929759287,-0.04244352352024897,0.888031553318404,0.9864206880201283,0.6292897010401396,-0.03882197878718189,-0.0600209994220671,0.002638461591463086,0.029862161171883363,0.9834259006492485,1.845166594768824,-1.0066330600605244,0.07033636604955609
2026-08-19 13:30:00,-0.007132840784481417,-0.008948785769992288,0.8859732458350877,0.9696046530008602,0.6198820890616048,-0.008948785769992288,-0.007378457980390088,0.002328312667541372,0.029933299794217588,0.861330171981077,1.784497545185746,-0.2975689523084616,0.06320352526507468
2026-08-20 13:30:00,-0.011427681883884265,-0.02349709674052843,0.8921423099381252,0.9747416557025235,0.6257571024478659,-0.01781786008900062,-0.026170864655745325,0.0003857987461800477,0.02947620216824837,0.21322109163979616,1.6162982082624846,-0.4801651344284586,0.051775843381190415
2026-08-21 13:30:00,0.0016211670133004213,-0.015049442464570554,0.8845194147246622,0.9753542891985674,0.6222031441465827,0.007797255948534606,-0.013323942694349925,0.0017910889396237778,0.02878970247718989,0.6780734775891158,1.4133438820314952,0.0872552565165035,0.05339701039449084
2026-08-24 13:30:00,-0.020633502829453716,-0.021481186613513652,0.8624432866076346,0.9851542037784566,0.6232711237072204,-0.03200259783921226,-0.013153110177625365,0.0011031723823621289,0.029169546181980748,0.43330831810499143,1.4405829661349687,-0.8682117160915114,0.032763507565037125
