week_ending,production_kbd,stocks_kb,product_supplied_kbd,refinery_inputs_kbd,imports_kbd,exports_kbd
1982-08-20,,338764.0,,11722.0,,
1982-08-27,,336138.0,,11918.0,,
1982-09-24,,335586.0,,12375.0,,
1982-10-01,,334786.0,,12303.0,,
1982-10-08,,335260.0,,12062.0,,
1982-10-15,,326979.0,,12129.0,,
1982-10-22,,334370.0,,11611.0,,
1982-10-29,,333067.0,,11765.0,,
1982-11-05,,331057.0,,11751.0,,
1982-11-12,,323448.0,,11777.0,,
1982-11-19,,331264.0,,11978.0,,
1982-11-26,,325639.0,,11358.0,,
1982-12-03,,332447.0,,12192.0,,
1982-12-10,,337943.0,,11536.0,,
1982-12-17,,338912.0,,11462.0,,
1982-12-24,,335061.0,,11236.0,,
1982-12-31,,330150.0,,12762.0,,
1983-01-07,8634.0,326701.0,,11735.0,,
1983-01-14,8634.0,339028.0,,11481.0,,
1983-01-21,8634.0,334178.0,,11163.0,,
1983-01-28,8634.0,339617.0,,11095.0,,
1983-02-04,8660.0,332527.0,,10825.0,,
1983-02-11,8660.0,338719.0,,10907.0,,
1983-02-18,8660.0,342040.0,,10903.0,,
1983-02-25,8660.0,349452.0,,10899.0,,
1983-03-04,8677.0,339216.0,,10714.0,,
1983-03-11,8677.0,341753.0,,10780.0,,
1983-03-18,8677.0,335901.0,,10923.0,,
1983-03-25,8677.0,337155.0,,11245.0,,
1983-04-01,8677.0,331215.0,,10927.0,,
1983-04-08,8686.0,335263.0,,11411.0,,
1983-04-15,8686.0,340539.0,,11384.0,,
1983-04-29,8686.0,342707.0,,11820.0,,
1983-05-13,8682.0,342703.0,,11636.0,,
1983-05-20,8682.0,345545.0,,11761.0,,
1983-06-03,8676.0,334607.0,,12312.0,,
1983-06-10,8676.0,333407.0,,12081.0,,
1983-06-17,8676.0,332713.0,,12366.0,,
1983-06-24,8676.0,331611.0,,12426.0,,
1983-07-01,8676.0,333387.0,,12340.0,,
1983-07-08,8647.0,326776.0,,12382.0,,
1983-07-15,8647.0,324265.0,,12495.0,,
1983-07-22,8647.0,323643.0,,12647.0,,
1983-07-29,8647.0,326267.0,,12672.0,,
1983-08-05,8653.0,322642.0,,12394.0,,
1983-08-12,8653.0,314861.0,,12316.0,,
1983-08-19,8653.0,320879.0,,12609.0,,
1983-08-26,8653.0,325015.0,,11835.0,,
1983-09-02,8666.0,328895.0,,12317.0,,
1983-09-09,8666.0,326370.0,,12898.0,,
1983-09-16,8666.0,328092.0,,12941.0,,
1983-09-23,8666.0,328203.0,,12447.0,,
1983-09-30,8666.0,329028.0,,12321.0,,
1983-10-07,8654.0,331723.0,,12099.0,,
1983-10-14,8654.0,334292.0,,11798.0,,
1983-10-21,8654.0,331681.0,,11701.0,,
1983-10-28,8654.0,324210.0,,11681.0,,
1983-11-04,8624.0,335837.0,,11570.0,,
1983-11-11,8624.0,339341.0,,11846.0,,
1983-11-18,8624.0,334859.0,,12146.0,,
1983-11-25,8624.0,330704.0,,11389.0,,
1983-12-02,8612.0,326264.0,,12630.0,,
1983-12-09,8612.0,332192.0,,11719.0,,
1983-12-16,8612.0,330911.0,,11736.0,,
1983-12-23,8612.0,326469.0,,11495.0,,
1983-12-30,8612.0,327028.0,,10694.0,,
1984-01-06,8659.0,328070.0,,10639.0,,
1984-01-13,8659.0,331804.0,,11562.0,,
1984-01-20,8659.0,327811.0,,11801.0,,
1984-01-27,8659.0,324301.0,,11874.0,,
1984-02-03,8726.0,320842.0,,12166.0,,
1984-02-10,8726.0,320037.0,,12029.0,,
1984-02-17,8726.0,322097.0,,12087.0,,
1984-02-24,8726.0,317999.0,,12268.0,,
1984-03-02,8718.0,317746.0,,12054.0,,
1984-03-09,8718.0,313132.0,,12249.0,,
1984-03-16,8718.0,312445.0,,12343.0,,
1984-03-23,8718.0,309072.0,,11620.0,,
1984-03-30,8718.0,310506.0,,11851.0,,
1984-04-06,8688.0,320689.0,,11493.0,,
1984-04-13,8688.0,324087.0,,11817.0,,
1984-04-20,8688.0,323505.0,,11879.0,,
1984-04-27,8688.0,319724.0,,12464.0,,
1984-05-04,8753.0,326633.0,,11641.0,,
1984-05-11,8753.0,332296.0,,11990.0,,
1984-05-18,8753.0,340510.0,,12267.0,,
1984-05-25,8753.0,332465.0,,12564.0,,
1984-06-01,8743.0,339659.0,,12842.0,,
1984-06-08,8743.0,342189.0,,12414.0,,
1984-06-15,8743.0,338234.0,,12338.0,,
1984-06-22,8743.0,331714.0,,12601.0,,
1984-06-29,8743.0,335999.0,,12270.0,,
1984-07-06,8769.0,330378.0,,12135.0,,
1984-07-13,8769.0,333149.0,,12266.0,,
1984-07-20,8769.0,339830.0,,12238.0,,
1984-07-27,8769.0,331607.0,,12233.0,,
1984-08-03,8781.0,332398.0,,12134.0,,
1984-08-10,8781.0,333554.0,,12449.0,,
1984-08-17,8781.0,323344.0,,12429.0,,
1984-08-24,8781.0,326092.0,,12515.0,,
1984-08-31,8781.0,321597.0,,12637.0,,
1984-09-07,8759.0,318672.0,,12466.0,,
1984-09-14,8759.0,318007.0,,12643.0,,
1984-09-21,8759.0,306957.0,,12488.0,,
1984-09-28,8759.0,308426.0,,12448.0,,
1984-10-05,8847.0,311211.0,,12134.0,,
1984-10-12,8847.0,318610.0,,12190.0,,
1984-10-19,8847.0,315273.0,,12166.0,,
1984-10-26,8847.0,320900.0,,12105.0,,
1984-11-02,8846.0,314922.0,,12504.0,,
1984-11-09,8846.0,325115.0,,12195.0,,
1984-11-16,8846.0,334201.0,,12090.0,,
1984-11-23,8846.0,332639.0,,12281.0,,
1984-11-30,8846.0,325608.0,,12389.0,,
1984-12-07,8797.0,322292.0,,12008.0,,
1984-12-14,8797.0,331783.0,,12046.0,,
1984-12-21,8797.0,320537.0,,12057.0,,
1984-12-28,8797.0,322281.0,,11754.0,,
1985-01-04,8929.0,319923.0,,11649.0,,
1985-01-11,8929.0,324107.0,,11502.0,,
1985-01-18,8929.0,326508.0,,11601.0,,
1985-01-25,8929.0,317918.0,,11564.0,,
1985-02-01,8928.0,309460.0,,11555.0,,
1985-02-08,8928.0,305989.0,,11585.0,,
1985-02-15,8928.0,298076.0,,11468.0,,
1985-02-22,8928.0,295928.0,,11479.0,,
1985-03-01,8927.0,298757.0,,11354.0,,
1985-03-08,8927.0,303198.0,,11382.0,,
1985-03-15,8927.0,307344.0,,11415.0,,
1985-03-22,8927.0,310423.0,,11413.0,,
1985-03-29,8927.0,313149.0,,11525.0,,
1985-04-05,8842.0,302000.0,,11432.0,,
1985-04-12,8842.0,304744.0,,11780.0,,
1985-04-19,8842.0,309715.0,,11895.0,,
1985-04-26,8842.0,322205.0,,11852.0,,
1985-05-03,8969.0,330347.0,,11663.0,,
1985-05-10,8969.0,327605.0,,12060.0,,
1985-05-17,8969.0,328263.0,,12060.0,,
1985-05-24,8969.0,333896.0,,11952.0,,
1985-05-31,8969.0,333399.0,,12353.0,,
1985-06-07,8965.0,330564.0,,12143.0,,
1985-06-14,8965.0,331306.0,,12191.0,,
1985-06-21,8965.0,330077.0,,12358.0,,
1985-06-28,8965.0,323682.0,,12411.0,,
1985-07-05,8904.0,320782.0,,12706.0,,
1985-07-12,8904.0,314931.0,,12526.0,,
1985-07-19,8904.0,313728.0,,12604.0,,
1985-07-26,8904.0,307219.0,,12529.0,,
1985-08-02,8895.0,302128.0,,12313.0,,
1985-08-09,8895.0,307275.0,,12130.0,,
1985-08-16,8895.0,304954.0,,12180.0,,
1985-08-23,8895.0,294068.0,,12189.0,,
1985-08-30,8895.0,299740.0,,12178.0,,
1985-09-06,8874.0,294402.0,,11662.0,,
1985-09-13,8874.0,294828.0,,12027.0,,
1985-09-20,8874.0,289541.0,,12028.0,,
1985-09-27,8874.0,291175.0,,12259.0,,
1985-10-04,8943.0,294662.0,,11978.0,,
1985-10-11,8943.0,302337.0,,12180.0,,
1985-10-18,8943.0,294952.0,,12517.0,,
1985-10-25,8943.0,298122.0,,12510.0,,
1985-11-01,8932.0,290776.0,,12239.0,,
1985-11-08,8932.0,290134.0,,12017.0,,
1985-11-15,8932.0,288284.0,,12475.0,,
1985-11-22,8932.0,291676.0,,12688.0,,
1985-11-29,8932.0,294140.0,,12384.0,,
1985-12-06,8930.0,300376.0,,12574.0,,
1985-12-13,8930.0,296771.0,,12484.0,,
1985-12-20,8930.0,300234.0,,12562.0,,
1985-12-27,8930.0,298551.0,,12553.0,,
1986-01-03,8942.0,305147.0,,12365.0,,
1986-01-10,8942.0,299779.0,,12684.0,,
1986-01-17,8942.0,297979.0,,12598.0,,
1986-01-24,8942.0,305632.0,,12395.0,,
1986-01-31,8942.0,302996.0,,12388.0,,
1986-02-07,8940.0,311382.0,,11695.0,,
1986-02-14,8940.0,306754.0,,12050.0,,
1986-02-21,8940.0,300623.0,,12211.0,,
1986-02-28,8939.0,310183.0,,11925.0,,
1986-03-07,8939.0,313853.0,,11624.0,,
1986-03-14,8939.0,312567.0,,11552.0,,
1986-03-21,8939.0,314941.0,,11481.0,,
1986-03-28,8939.0,323395.0,,11592.0,,
1986-04-04,8815.0,316315.0,,11843.0,,
1986-04-11,8815.0,319613.0,,12153.0,,
1986-04-18,8815.0,317219.0,,12619.0,,
1986-04-25,8815.0,311499.0,,12568.0,,
1986-05-02,8805.0,317285.0,,12516.0,,
1986-05-09,8805.0,311336.0,,12966.0,,
1986-05-16,8805.0,303348.0,,13172.0,,
1986-05-23,8805.0,308590.0,,13306.0,,
1986-05-30,8805.0,305568.0,,13508.0,,
1986-06-06,8792.0,310824.0,,13352.0,,
1986-06-13,8792.0,299249.0,,13416.0,,
1986-06-20,8792.0,302543.0,,13295.0,,
1986-06-27,8792.0,303908.0,,13430.0,,
1986-07-04,8737.0,299341.0,,12553.0,,
1986-07-11,8737.0,298871.0,,13081.0,,
1986-07-18,8737.0,307065.0,,13064.0,,
1986-07-25,8737.0,310051.0,,12934.0,,
1986-08-01,8737.0,320012.0,,13171.0,,
1986-08-08,8708.0,312924.0,,13061.0,,
1986-08-15,8708.0,310871.0,,13253.0,,
1986-08-22,8708.0,308755.0,,13336.0,,
1986-08-29,8708.0,310955.0,,13349.0,,
1986-09-05,8671.0,306246.0,,13427.0,,
1986-09-12,8671.0,310490.0,,13406.0,,
1986-09-19,8671.0,307280.0,,13286.0,,
1986-09-26,8671.0,313278.0,,12943.0,,
1986-10-03,8773.0,315751.0,,12598.0,,
1986-10-10,8773.0,313010.0,,12749.0,,
1986-10-17,8773.0,320001.0,,12565.0,,
1986-10-24,8773.0,318425.0,,12722.0,,
1986-10-31,8773.0,327758.0,,12762.0,,
1986-11-07,8321.0,315272.0,,12765.0,,
1986-11-14,8321.0,319679.0,,12587.0,,
1986-11-21,8321.0,318454.0,,12964.0,,
1986-11-28,8321.0,321037.0,,13008.0,,
1986-12-05,8348.0,317980.0,,12962.0,,
1986-12-12,8348.0,321059.0,,12800.0,,
1986-12-19,8348.0,317982.0,,12805.0,,
1986-12-26,8348.0,306597.0,,12718.0,,
1987-01-02,8353.0,307823.0,,12969.0,,
1987-01-09,8354.0,316926.0,,12622.0,,
1987-01-16,8354.0,307260.0,,12605.0,,
1987-01-23,8354.0,304234.0,,12544.0,,
1987-01-30,8354.0,309455.0,,12250.0,,
1987-02-06,8383.0,308479.0,,12291.0,,
1987-02-13,8383.0,307917.0,,12256.0,,
1987-02-20,8383.0,308205.0,,12221.0,,
1987-02-27,8383.0,311491.0,,12077.0,,
1987-03-06,8336.0,310363.0,,11662.0,,
1987-03-13,8336.0,305895.0,,11706.0,,
1987-03-20,8336.0,313392.0,,12136.0,,
1987-03-27,8336.0,308038.0,,12215.0,,
1987-04-03,8361.0,314031.0,,12470.0,,
1987-04-10,8361.0,308491.0,,12689.0,,
1987-04-17,8361.0,299466.0,,12521.0,,
1987-04-24,8361.0,298167.0,,12640.0,,
1987-05-01,8361.0,307567.0,,12187.0,,
1987-05-08,8296.0,302611.0,,12182.0,,
1987-05-15,8296.0,300278.0,,12291.0,,
1987-05-22,8296.0,303381.0,,12539.0,,
1987-05-29,8296.0,299567.0,,12886.0,,
1987-06-05,8303.0,300954.0,,12837.0,,
1987-06-12,8303.0,301345.0,,12834.0,,
1987-06-19,8303.0,301883.0,,13060.0,,
1987-06-26,8303.0,304454.0,,13455.0,,
1987-07-03,8287.0,304943.0,,13394.0,,
1987-07-10,8287.0,302862.0,,13588.0,,
1987-07-17,8287.0,298706.0,,13573.0,,
1987-07-24,8287.0,301702.0,,13390.0,,
1987-07-31,8287.0,307077.0,,13327.0,,
1987-08-07,8204.0,300958.0,,13348.0,,
1987-08-14,8204.0,302412.0,,13335.0,,
1987-08-21,8204.0,309220.0,,13377.0,,
1987-08-28,8204.0,309451.0,,13384.0,,
1987-09-04,8162.0,313494.0,,13351.0,,
1987-09-11,8162.0,312686.0,,13282.0,,
1987-09-18,8162.0,312588.0,,13172.0,,
1987-09-25,8162.0,316043.0,,13350.0,,
1987-10-02,8281.0,314186.0,,13119.0,,
1987-10-09,8281.0,310961.0,,12590.0,,
1987-10-16,8281.0,313755.0,,12899.0,,
1987-10-23,8281.0,316857.0,,12715.0,,
1987-10-30,8281.0,328896.0,,12835.0,,
1987-11-06,8283.0,333255.0,,12649.0,,
1987-11-13,8283.0,335157.0,,12824.0,,
1987-11-20,8283.0,338198.0,,13013.0,,
1987-11-27,8283.0,335814.0,,13111.0,,
1987-12-04,8348.0,337304.0,,13065.0,,
1987-12-11,8348.0,338654.0,,12980.0,,
1987-12-18,8348.0,340670.0,,13235.0,,
1987-12-25,8348.0,339178.0,,13308.0,,
1988-01-01,8348.0,333655.0,,13323.0,,
1988-01-08,8395.0,320851.0,,13000.0,,
1988-01-15,8395.0,320568.0,,12926.0,,
1988-01-22,8395.0,319760.0,,12978.0,,
1988-01-29,8395.0,316008.0,,13164.0,,
1988-02-05,8353.0,317127.0,,12934.0,,
1988-02-12,8353.0,312386.0,,12880.0,,
1988-02-19,8353.0,320876.0,,12668.0,,
1988-02-26,8353.0,324061.0,,12642.0,,
1988-03-04,8306.0,325274.0,,12809.0,,
1988-03-11,8306.0,325188.0,,12891.0,,
1988-03-18,8306.0,328937.0,,13089.0,,
1988-03-25,8306.0,327289.0,,13190.0,,
1988-04-01,8306.0,328537.0,,13064.0,,
1988-04-08,8269.0,333705.0,,12995.0,,
1988-04-15,8269.0,333296.0,,13165.0,,
1988-04-22,8269.0,338077.0,,13351.0,,
1988-04-29,8269.0,335042.0,,13097.0,,
1988-05-06,8240.0,340335.0,,13194.0,,
1988-05-13,8240.0,343544.0,,13331.0,,
1988-05-20,8240.0,345463.0,,13426.0,,
1988-05-27,8240.0,341208.0,,13373.0,,
1988-06-03,8210.0,343019.0,,13800.0,,
1988-06-10,8210.0,340370.0,,13616.0,,
1988-06-17,8210.0,344567.0,,13333.0,,
1988-06-24,8210.0,341838.0,,13559.0,,
1988-07-01,8210.0,342310.0,,13375.0,,
1988-07-08,8189.0,339783.0,,13491.0,,
1988-07-15,8189.0,334259.0,,13498.0,,
1988-07-22,8189.0,330751.0,,13690.0,,
1988-07-29,8189.0,332365.0,,13725.0,,
1988-08-05,8128.0,330335.0,,13781.0,,
1988-08-12,8128.0,327971.0,,13686.0,,
1988-08-19,8128.0,323205.0,,13665.0,,
1988-08-26,8128.0,318511.0,,13855.0,,
1988-09-02,8147.0,313544.0,,14031.0,,
1988-09-09,8147.0,311683.0,,14089.0,,
1988-09-16,8147.0,305143.0,,13221.0,,
1988-09-23,8147.0,300430.0,,12708.0,,
1988-09-30,8147.0,306036.0,,13332.0,,
1988-10-07,8085.0,305450.0,,13100.0,,
1988-10-14,8085.0,310447.0,,13191.0,,
1988-10-21,8085.0,315085.0,,13157.0,,
1988-10-28,8085.0,316401.0,,12913.0,,
1988-11-04,8026.0,322097.0,,13130.0,,
1988-11-11,8026.0,318675.0,,12951.0,,
1988-11-18,8026.0,326823.0,,13085.0,,
1988-11-25,8026.0,322409.0,,13290.0,,
1988-12-02,8035.0,319749.0,,13345.0,,
1988-12-09,8035.0,324248.0,,13333.0,,
1988-12-16,8035.0,318990.0,,13638.0,,
1988-12-23,8035.0,314765.0,,13221.0,,
1988-12-30,8035.0,313654.0,,13533.0,,
1989-01-06,8021.0,305576.0,,13354.0,,
1989-01-13,8021.0,302665.0,,13489.0,,
1989-01-20,8021.0,306513.0,,13493.0,,
1989-01-27,8021.0,307008.0,,13424.0,,
1989-02-03,7965.0,313945.0,,13522.0,,
1989-02-10,7965.0,305217.0,,13084.0,,
1989-02-17,7965.0,306065.0,,12860.0,,
1989-02-24,7965.0,305255.0,,12609.0,,
1989-03-03,7921.0,315037.0,,12582.0,,
1989-03-10,7921.0,313828.0,,12622.0,,
1989-03-17,7921.0,318360.0,,12582.0,,
1989-03-24,7921.0,317835.0,,12787.0,,
1989-03-31,7921.0,307789.0,,13536.0,,
1989-04-07,7880.0,306513.0,,12950.0,,
1989-04-14,7880.0,302086.0,,13101.0,,
1989-04-21,7880.0,312478.0,,13007.0,,
1989-04-28,7880.0,316567.0,,13018.0,,
1989-05-05,7843.0,327039.0,,12976.0,,
1989-05-12,7843.0,328885.0,,13147.0,,
1989-05-19,7843.0,322400.0,,13424.0,,
1989-05-26,7843.0,320489.0,,13663.0,,
1989-06-02,7726.0,324887.0,,13790.0,,
1989-06-09,7726.0,321641.0,,13786.0,,
1989-06-16,7726.0,319223.0,,13865.0,,
1989-06-23,7726.0,322738.0,,13863.0,,
1989-06-30,7726.0,315455.0,,14161.0,,
1989-07-07,7622.0,315749.0,,13987.0,,
1989-07-14,7622.0,313424.0,,13928.0,,
1989-07-21,7622.0,312422.0,,13987.0,,
1989-07-28,7622.0,313680.0,,13870.0,,
1989-08-04,7662.0,313202.0,,13368.0,,
1989-08-11,7662.0,310165.0,,13740.0,,
1989-08-18,7662.0,319131.0,,13841.0,,
1989-08-25,7662.0,318038.0,,13972.0,,
1989-09-01,7662.0,317963.0,,14105.0,,
1989-09-08,7641.0,320241.0,,14076.0,,
1989-09-15,7641.0,309387.0,,13768.0,,
1989-09-22,7641.0,310542.0,,13729.0,,
1989-09-29,7641.0,313121.0,,13632.0,,
1989-10-06,7644.0,318394.0,,13488.0,,
1989-10-13,7644.0,323920.0,,13450.0,,
1989-10-20,7644.0,317150.0,,13222.0,,
1989-10-27,7644.0,322286.0,,13319.0,,
1989-11-03,7601.0,320398.0,,13277.0,,
1989-11-10,7601.0,327954.0,,13038.0,,
1989-11-17,7601.0,327780.0,,13338.0,,
1989-11-24,7601.0,324125.0,,13321.0,,
1989-12-01,7601.0,332385.0,,13581.0,,
1989-12-08,7565.0,323052.0,,13705.0,,
1989-12-15,7565.0,328006.0,,13738.0,,
1989-12-22,7565.0,325360.0,,13837.0,,
1989-12-29,7565.0,324280.0,,12147.0,,
1990-01-05,7512.0,324222.0,,12640.0,5654.0,
1990-01-12,7512.0,327819.0,,13394.0,6644.0,
1990-01-19,7512.0,326173.0,,13639.0,6463.0,
1990-01-26,7512.0,324123.0,,13716.0,6144.0,
1990-02-02,7399.0,334128.0,,13717.0,6761.0,
1990-02-09,7399.0,329316.0,,13645.0,5535.0,
1990-02-16,7399.0,326869.0,,13644.0,5479.0,
1990-02-23,7399.0,322293.0,,13526.0,5968.0,
1990-03-02,7411.0,325816.0,,13455.0,6107.0,
1990-03-09,7411.0,332142.0,,12987.0,6305.0,
1990-03-16,7411.0,330696.0,,12952.0,6129.0,
1990-03-23,7411.0,339931.0,,12896.0,6315.0,
1990-03-30,7411.0,342865.0,,12957.0,6021.0,
1990-04-06,7310.0,349942.0,,12665.0,6370.0,
1990-04-13,7310.0,350859.0,,13109.0,6056.0,
1990-04-20,7310.0,349299.0,,13313.0,5715.0,
1990-04-27,7310.0,353507.0,,12916.0,6732.0,
1990-05-04,7241.0,353485.0,,12992.0,6286.0,
1990-05-11,7241.0,358198.0,,12944.0,6263.0,
1990-05-18,7241.0,361994.0,,13159.0,6050.0,
1990-05-25,7241.0,362719.0,,13679.0,6847.0,
1990-06-01,7241.0,365618.0,,13668.0,6407.0,
1990-06-08,6981.0,367486.0,,13516.0,6181.0,
1990-06-15,6981.0,367001.0,,13581.0,7484.0,
1990-06-22,6981.0,367704.0,,13454.0,7594.0,
1990-06-29,6981.0,368708.0,,13962.0,5862.0,
1990-07-06,7130.0,365658.0,,14168.0,6309.0,
1990-07-13,7130.0,370201.0,,14192.0,7067.0,
1990-07-20,7130.0,368024.0,,14293.0,7341.0,
1990-07-27,7130.0,372593.0,,14358.0,7312.0,
1990-08-03,6971.0,364848.0,,14432.0,6705.0,
1990-08-10,6971.0,360003.0,,14345.0,5828.0,
1990-08-17,6971.0,360333.0,,14093.0,7218.0,
1990-08-24,6971.0,361957.0,,14108.0,6778.0,
1990-08-31,6971.0,356710.0,,14063.0,7029.0,
1990-09-07,6991.0,359583.0,,14203.0,6838.0,
1990-09-14,6991.0,353936.0,,14327.0,5809.0,
1990-09-21,7041.0,348211.0,,14306.0,6214.0,
1990-09-28,7041.0,338384.0,,13887.0,5254.0,
1990-10-05,7261.0,336271.0,,13477.0,5161.0,
1990-10-12,7261.0,328752.0,,13115.0,5170.0,
1990-10-19,7261.0,325992.0,,12733.0,4855.0,
1990-10-26,7329.0,327234.0,,12674.0,5129.0,
1990-11-02,7342.0,331392.0,,12898.0,4917.0,
1990-11-09,7284.0,333036.0,16588.0,12684.0,4419.0,
1990-11-16,6910.0,327293.0,17019.0,12764.0,5637.0,
1990-11-23,7440.0,324268.0,15686.0,12779.0,5610.0,
1990-11-30,7235.0,326855.0,17753.0,13711.0,4532.0,
1990-12-07,6996.0,321412.0,16901.0,12660.0,5007.0,
1990-12-14,7474.0,320154.0,16669.0,12842.0,5236.0,
1990-12-21,7245.0,321992.0,17953.0,12916.0,5445.0,
1990-12-28,7559.0,315920.0,17319.0,13009.0,4468.0,
1991-01-04,7481.0,307542.0,15968.0,12307.0,5536.0,
1991-01-11,7475.0,308440.0,17171.0,12346.0,4866.0,
1991-01-18,7461.0,307051.0,16699.0,12581.0,5053.0,
1991-01-25,7219.0,307043.0,16246.0,12757.0,5122.0,
1991-02-01,7477.0,310149.0,16801.0,12814.0,6212.0,
1991-02-08,7463.0,311359.0,16067.0,12973.0,5542.0,138.0
1991-02-15,7427.0,317278.0,15627.0,12931.0,5527.0,138.0
1991-02-22,7415.0,316183.0,15414.0,13107.0,4934.0,242.0
1991-03-01,7404.0,315962.0,16997.0,13164.0,4983.0,242.0
1991-03-08,7394.0,314290.0,16982.0,13082.0,5430.0,167.0
1991-03-15,7412.0,320665.0,16914.0,12817.0,4912.0,167.0
1991-03-22,7385.0,321538.0,16408.0,12676.0,5388.0,167.0
1991-03-29,7383.0,326275.0,17481.0,12598.0,5279.0,167.0
1991-04-05,7356.0,321264.0,16344.0,12871.0,5454.0,122.0
1991-04-12,7334.0,325762.0,15888.0,12906.0,6290.0,122.0
1991-04-19,7370.0,322676.0,15799.0,12950.0,4663.0,122.0
1991-04-26,7346.0,328220.0,16054.0,13162.0,5418.0,122.0
1991-05-03,7295.0,324141.0,,13408.0,5294.0,127.0
1991-05-10,7303.0,323906.0,15995.0,13446.0,6471.0,127.0
1991-05-17,7280.0,329898.0,16306.0,13325.0,5895.0,127.0
1991-05-24,7336.0,329325.0,15273.0,13407.0,6177.0,127.0
1991-05-31,7323.0,336202.0,16357.0,14002.0,6633.0,127.0
1991-06-07,7301.0,337008.0,16226.0,13675.0,6958.0,156.0
1991-06-14,7359.0,337807.0,16519.0,13928.0,6093.0,156.0
1991-06-21,7338.0,336429.0,17076.0,13989.0,5937.0,156.0
1991-06-28,7377.0,333376.0,17242.0,13860.0,7128.0,156.0
1991-07-05,7383.0,334579.0,17363.0,13662.0,4904.0,115.0
1991-07-12,7365.0,333524.0,15446.0,13415.0,5984.0,115.0
1991-07-19,7348.0,331739.0,16948.0,13839.0,6589.0,115.0
1991-07-26,7355.0,327970.0,16092.0,13827.0,5773.0,115.0
1991-08-02,7342.0,328659.0,16672.0,13597.0,5780.0,126.0
1991-08-09,7228.0,330373.0,16902.0,13697.0,6690.0,126.0
1991-08-16,7302.0,328440.0,17000.0,13705.0,7270.0,126.0
1991-08-23,7215.0,333744.0,16346.0,13831.0,6431.0,126.0
1991-08-30,7274.0,335646.0,16731.0,14000.0,6143.0,126.0
1991-09-06,7150.0,325886.0,16855.0,14164.0,6513.0,73.0
1991-09-13,7267.0,319319.0,16360.0,13928.0,5818.0,73.0
1991-09-20,7327.0,319450.0,17053.0,13817.0,6676.0,73.0
1991-09-27,7365.0,324157.0,16984.0,13467.0,6521.0,73.0
1991-10-04,7381.0,323069.0,17537.0,13555.0,4814.0,145.0
1991-10-11,7387.0,326402.0,17042.0,13330.0,5587.0,145.0
1991-10-18,7381.0,323942.0,17570.0,13008.0,5849.0,145.0
1991-10-25,7384.0,332763.0,17092.0,12736.0,5785.0,139.0
1991-11-01,7359.0,326645.0,16254.0,12716.0,5025.0,139.0
1991-11-08,7140.0,330460.0,17193.0,12532.0,5877.0,139.0
1991-11-15,7426.0,335596.0,17035.0,12805.0,5983.0,139.0
1991-11-22,7388.0,329588.0,15978.0,13306.0,5927.0,139.0
1991-11-29,7226.0,324131.0,15683.0,13020.0,4403.0,140.0
1991-12-06,7376.0,329127.0,16258.0,12875.0,6738.0,120.0
1991-12-13,6731.0,323089.0,16536.0,13463.0,6094.0,120.0
1991-12-20,7451.0,318937.0,18161.0,13631.0,5403.0,120.0
1991-12-27,7449.0,308857.0,17129.0,13524.0,5614.0,117.0
1992-01-03,7422.0,314823.0,16707.0,13307.0,4437.0,130.0
1992-01-10,7410.0,318314.0,16923.0,13311.0,6778.0,130.0
1992-01-17,7235.0,317138.0,16600.0,12960.0,5962.0,130.0
1992-01-24,7343.0,322809.0,17852.0,12595.0,5252.0,129.0
1992-01-31,7357.0,318393.0,17319.0,12432.0,5819.0,129.0
1992-02-07,7382.0,318207.0,17190.0,12705.0,4308.0,145.0
1992-02-14,7364.0,316400.0,16630.0,12339.0,6287.0,145.0
1992-02-21,7329.0,319575.0,16389.0,12380.0,4278.0,145.0
1992-02-28,7365.0,326596.0,15099.0,12234.0,6240.0,137.0
1992-03-06,7357.0,332894.0,16763.0,12271.0,5149.0,144.0
1992-03-13,7345.0,327449.0,16004.0,12739.0,5429.0,144.0
1992-03-20,7324.0,330980.0,16415.0,13033.0,5625.0,144.0
1992-03-27,7283.0,325460.0,17621.0,13072.0,5155.0,138.0
1992-04-03,7327.0,321859.0,16782.0,13308.0,5512.0,137.0
1992-04-10,7277.0,330314.0,17783.0,13201.0,6782.0,137.0
1992-04-17,7353.0,333120.0,16008.0,13213.0,5999.0,137.0
1992-04-24,7238.0,333922.0,17152.0,13241.0,5597.0,127.0
1992-05-01,7235.0,335376.0,17639.0,13140.0,5546.0,127.0
1992-05-08,7248.0,334716.0,16020.0,13110.0,6114.0,126.0
1992-05-15,7160.0,336011.0,16476.0,13510.0,5635.0,126.0
1992-05-22,7205.0,331422.0,16030.0,13493.0,7003.0,126.0
1992-05-29,7219.0,328776.0,15455.0,13782.0,5685.0,126.0
1992-06-05,7240.0,329598.0,17005.0,13844.0,5936.0,108.0
1992-06-12,7228.0,330394.0,15377.0,13821.0,6238.0,108.0
1992-06-19,7218.0,324093.0,17251.0,13943.0,6183.0,108.0
1992-06-26,7194.0,313189.0,14912.0,14214.0,5382.0,108.0
1992-07-03,7221.0,312195.0,17100.0,14029.0,5559.0,120.0
1992-07-10,7125.0,314858.0,17503.0,14126.0,7504.0,120.0
1992-07-17,7144.0,308493.0,17614.0,14083.0,6560.0,120.0
1992-07-24,7095.0,308467.0,16546.0,13997.0,6708.0,117.0
1992-07-31,7059.0,314258.0,17100.0,13821.0,6505.0,117.0
1992-08-07,7124.0,312486.0,17319.0,13942.0,6002.0,106.0
1992-08-14,6990.0,311493.0,17517.0,13864.0,7644.0,106.0
1992-08-21,7120.0,316097.0,17100.0,13809.0,6263.0,106.0
1992-08-28,6678.0,308645.0,17636.0,13219.0,6148.0,105.0
1992-09-04,6847.0,310794.0,16829.0,13083.0,5700.0,116.0
1992-09-11,6955.0,310111.0,16525.0,13866.0,6337.0,116.0
1992-09-18,7012.0,310947.0,16432.0,13726.0,6639.0,116.0
1992-09-25,7049.0,306213.0,16251.0,13711.0,5972.0,117.0
1992-10-02,7046.0,309071.0,17830.0,13766.0,6025.0,119.0
1992-10-09,7011.0,308292.0,17231.0,13485.0,6443.0,119.0
1992-10-16,7032.0,310536.0,17201.0,13457.0,8161.0,119.0
1992-10-23,7036.0,311561.0,15859.0,13632.0,5929.0,115.0
1992-10-30,7041.0,314967.0,17781.0,13627.0,6835.0,115.0
1992-11-06,7011.0,308578.0,16319.0,13634.0,6327.0,111.0
1992-11-13,6954.0,301537.0,16581.0,13662.0,5633.0,111.0
1992-11-20,6987.0,307093.0,17392.0,13408.0,6593.0,111.0
1992-11-27,7064.0,308640.0,16876.0,13619.0,6141.0,111.0
1992-12-04,7074.0,307589.0,17118.0,13514.0,6242.0,121.0
1992-12-11,7087.0,313161.0,17526.0,13201.0,6681.0,121.0
1992-12-18,7098.0,312842.0,18197.0,13275.0,6411.0,121.0
1992-12-25,7053.0,301053.0,18613.0,13217.0,5277.0,121.0
1993-01-01,6995.0,301973.0,17810.0,13318.0,5650.0,121.0
1993-01-08,7015.0,299341.0,15904.0,13047.0,7060.0,114.0
1993-01-15,6994.0,307272.0,16119.0,13022.0,6171.0,114.0
1993-01-22,7043.0,306106.0,17424.0,13124.0,6216.0,114.0
1993-01-29,7035.0,308108.0,17607.0,13075.0,6782.0,114.0
1993-02-05,7031.0,311717.0,18017.0,12873.0,6419.0,119.0
1993-02-12,7033.0,318408.0,16811.0,13055.0,6294.0,119.0
1993-02-19,6960.0,308086.0,17697.0,13223.0,5511.0,119.0
1993-02-26,6981.0,315969.0,17704.0,12809.0,6801.0,110.0
1993-03-05,7018.0,321897.0,17866.0,12855.0,5636.0,109.0
1993-03-12,6981.0,327504.0,16253.0,12991.0,7382.0,109.0
1993-03-19,6979.0,314322.0,17894.0,13258.0,5549.0,109.0
1993-03-26,6964.0,322220.0,17571.0,13117.0,7064.0,109.0
1993-04-02,6971.0,322889.0,16100.0,13397.0,5512.0,108.0
1993-04-09,6883.0,334413.0,16753.0,12920.0,7369.0,108.0
1993-04-16,6896.0,325153.0,17201.0,13446.0,6406.0,108.0
1993-04-23,6912.0,326248.0,17500.0,13857.0,6804.0,108.0
1993-04-30,6913.0,328945.0,17920.0,13867.0,7731.0,111.0
1993-05-07,6902.0,329635.0,16545.0,13715.0,6495.0,109.0
1993-05-14,6846.0,335087.0,17054.0,13643.0,6974.0,109.0
1993-05-21,6818.0,338201.0,16418.0,13781.0,6618.0,109.0
1993-05-28,6842.0,334383.0,17417.0,13999.0,6651.0,109.0
1993-06-04,6789.0,332686.0,16676.0,14008.0,5807.0,110.0
1993-06-11,6817.0,324772.0,16674.0,14054.0,7341.0,110.0
1993-06-18,6766.0,334025.0,17393.0,14156.0,7764.0,110.0
1993-06-25,6749.0,340315.0,16699.0,14099.0,6658.0,103.0
1993-07-02,6742.0,331995.0,17931.0,14278.0,6121.0,104.0
1993-07-09,6772.0,335417.0,16716.0,14325.0,6629.0,104.0
1993-07-16,6643.0,343583.0,17689.0,14226.0,8226.0,104.0
1993-07-23,6540.0,338056.0,17771.0,14208.0,5510.0,104.0
1993-07-30,6730.0,333639.0,16717.0,14119.0,6369.0,107.0
1993-08-06,6753.0,334659.0,18595.0,14229.0,6784.0,108.0
1993-08-13,6761.0,330153.0,17752.0,14072.0,6277.0,108.0
1993-08-20,6774.0,325426.0,18190.0,13986.0,5974.0,108.0
1993-08-27,6790.0,326782.0,17330.0,13978.0,7698.0,112.0
1993-09-03,6734.0,320499.0,16367.0,13852.0,6429.0,107.0
1993-09-10,6665.0,321821.0,17653.0,13837.0,6186.0,107.0
1993-09-17,6706.0,321610.0,17292.0,13902.0,6469.0,107.0
1993-09-24,6650.0,312084.0,17282.0,13873.0,6429.0,107.0
1993-10-01,6684.0,309991.0,17326.0,13956.0,6264.0,107.0
1993-10-08,6654.0,314249.0,17069.0,13894.0,6763.0,100.0
1993-10-15,6772.0,309375.0,18316.0,13909.0,7513.0,100.0
1993-10-22,6837.0,316800.0,17343.0,13581.0,6639.0,100.0
1993-10-29,6868.0,318584.0,17207.0,13693.0,7180.0,100.0
1993-11-05,6872.0,315239.0,17859.0,13677.0,5648.0,114.0
1993-11-12,6882.0,320250.0,17134.0,13675.0,7942.0,114.0
1993-11-19,6847.0,314738.0,18031.0,13754.0,6624.0,114.0
1993-11-26,6878.0,316131.0,16341.0,13621.0,5620.0,114.0
1993-12-03,6943.0,321509.0,16879.0,13798.0,7748.0,119.0
1993-12-10,6923.0,327837.0,18435.0,13713.0,7249.0,119.0
1993-12-17,6897.0,330247.0,18538.0,13669.0,6635.0,119.0
1993-12-24,6854.0,330079.0,16958.0,13451.0,5727.0,115.0
1993-12-31,6857.0,323542.0,17178.0,13806.0,6758.0,115.0
1994-01-07,6875.0,316593.0,17837.0,13387.0,6598.0,105.0
1994-01-14,6880.0,316399.0,17878.0,13579.0,6037.0,105.0
1994-01-21,6845.0,310921.0,18020.0,13408.0,5618.0,105.0
1994-01-28,6886.0,314011.0,19126.0,13050.0,5877.0,103.0
1994-02-04,6836.0,317837.0,17827.0,13207.0,7067.0,107.0
1994-02-11,6802.0,313482.0,18288.0,13388.0,5978.0,107.0
1994-02-18,6546.0,316510.0,18229.0,13405.0,6429.0,107.0
1994-02-25,6792.0,309328.0,17104.0,13064.0,5954.0,103.0
1994-03-04,6763.0,316945.0,17384.0,12751.0,6095.0,103.0
1994-03-11,6704.0,311869.0,16848.0,12928.0,5696.0,103.0
1994-03-18,6728.0,323772.0,17245.0,12814.0,7598.0,103.0
1994-03-25,6599.0,318641.0,16880.0,12645.0,5646.0,103.0
1994-04-01,6683.0,318717.0,19815.0,12861.0,6731.0,101.0
1994-04-08,6641.0,319232.0,17495.0,13162.0,6881.0,101.0
1994-04-15,6711.0,321163.0,16689.0,13715.0,6495.0,101.0
1994-04-22,6292.0,321241.0,17145.0,14204.0,7763.0,101.0
1994-04-29,6748.0,322151.0,17937.0,14175.0,7303.0,102.0
1994-05-06,6706.0,316458.0,16811.0,14328.0,7657.0,102.0
1994-05-13,6657.0,315520.0,16683.0,14439.0,7347.0,102.0
1994-05-20,6732.0,317174.0,18131.0,14077.0,6627.0,102.0
1994-05-27,6629.0,316080.0,18426.0,14278.0,6674.0,102.0
1994-06-03,6695.0,311596.0,15824.0,14277.0,7382.0,100.0
1994-06-10,6530.0,308787.0,18080.0,14445.0,7134.0,100.0
1994-06-17,6648.0,307220.0,17153.0,14220.0,8890.0,100.0
1994-06-24,6656.0,310699.0,18109.0,14463.0,8027.0,100.0
1994-07-01,6604.0,311642.0,16950.0,14461.0,7124.0,101.0
1994-07-08,6591.0,311816.0,17221.0,14207.0,7878.0,99.0
1994-07-15,6618.0,314998.0,17142.0,14434.0,8550.0,99.0
1994-07-22,6522.0,318255.0,18143.0,14280.0,7183.0,99.0
1994-07-29,6566.0,312403.0,16795.0,14243.0,8155.0,99.0
1994-08-05,6582.0,309883.0,17899.0,14407.0,6427.0,101.0
1994-08-12,6521.0,312998.0,17994.0,14516.0,8256.0,101.0
1994-08-19,6540.0,310161.0,18085.0,14493.0,7549.0,101.0
1994-08-26,6583.0,307717.0,17052.0,14529.0,6987.0,103.0
1994-09-02,6552.0,307532.0,18275.0,14438.0,8544.0,102.0
1994-09-09,6545.0,307270.0,17047.0,14563.0,7124.0,102.0
1994-09-16,6526.0,308725.0,17095.0,14179.0,8414.0,102.0
1994-09-23,6595.0,314620.0,17853.0,14083.0,6745.0,102.0
1994-09-30,6640.0,317891.0,17090.0,14099.0,8059.0,103.0
1994-10-07,6692.0,316959.0,17014.0,13787.0,7208.0,103.0
1994-10-14,6703.0,321399.0,18477.0,13533.0,6961.0,103.0
1994-10-21,6703.0,319570.0,17315.0,13478.0,7018.0,103.0
1994-10-28,6633.0,328905.0,17715.0,13074.0,6893.0,102.0
1994-11-04,6620.0,327917.0,17423.0,13531.0,6564.0,101.0
1994-11-11,6616.0,327189.0,17419.0,13573.0,7601.0,101.0
1994-11-18,6668.0,324211.0,17680.0,13969.0,7398.0,101.0
1994-11-25,6626.0,321739.0,17381.0,14294.0,7161.0,101.0
1994-12-02,6472.0,321693.0,16226.0,14253.0,6224.0,98.0
1994-12-09,6670.0,320205.0,19222.0,13777.0,7030.0,98.0
1994-12-16,6655.0,319550.0,17096.0,13990.0,7222.0,98.0
1994-12-23,6703.0,320236.0,19491.0,13938.0,6566.0,98.0
1994-12-30,6675.0,312846.0,17859.0,14113.0,7334.0,99.0
1995-01-06,6651.0,314560.0,17692.0,14304.0,7136.0,100.0
1995-01-13,6672.0,313278.0,17340.0,13890.0,6442.0,100.0
1995-01-20,6571.0,306864.0,17121.0,13538.0,6521.0,100.0
1995-01-27,6526.0,306583.0,17105.0,13340.0,6465.0,101.0
1995-02-03,6662.0,309810.0,16966.0,13417.0,5795.0,101.0
1995-02-10,6595.0,303476.0,17766.0,13405.0,7901.0,101.0
1995-02-17,6613.0,310839.0,18514.0,13563.0,6489.0,101.0
1995-02-24,6546.0,305268.0,18222.0,13381.0,5781.0,101.0
1995-03-03,6660.0,308234.0,16863.0,13714.0,6104.0,102.0
1995-03-10,6598.0,308719.0,17861.0,13702.0,8029.0,102.0
1995-03-17,6632.0,309258.0,17059.0,13414.0,6696.0,102.0
1995-03-24,6474.0,313308.0,16781.0,13439.0,6088.0,102.0
1995-03-31,6380.0,321069.0,17665.0,13516.0,8135.0,102.0
1995-04-07,6554.0,318266.0,17563.0,13551.0,6723.0,99.0
1995-04-14,6597.0,319450.0,17114.0,13682.0,6191.0,99.0
1995-04-21,6603.0,322472.0,17499.0,14257.0,8199.0,99.0
1995-04-28,6539.0,318365.0,17561.0,14154.0,8139.0,99.0
1995-05-05,6604.0,316444.0,16665.0,13983.0,5800.0,98.0
1995-05-12,6610.0,317267.0,16984.0,13983.0,7709.0,98.0
1995-05-19,6598.0,313118.0,17673.0,14331.0,7597.0,98.0
1995-05-26,6626.0,310099.0,16365.0,14666.0,6871.0,95.0
1995-06-02,6592.0,307943.0,17521.0,14665.0,7419.0,91.0
1995-06-09,6593.0,307390.0,17662.0,14752.0,7037.0,91.0
1995-06-16,6560.0,306901.0,17922.0,14710.0,9337.0,91.0
1995-06-23,6529.0,299434.0,18346.0,14731.0,6503.0,91.0
1995-06-30,6545.0,303160.0,18202.0,14512.0,7948.0,92.0
1995-07-07,6518.0,301985.0,16901.0,14365.0,6455.0,81.0
1995-07-14,6448.0,301968.0,17547.0,14474.0,7884.0,81.0
1995-07-21,6417.0,295085.0,17774.0,14289.0,6733.0,81.0
1995-07-28,6484.0,298034.0,19506.0,14323.0,7390.0,81.0
1995-08-04,6444.0,291165.0,17827.0,14313.0,7439.0,78.0
1995-08-11,6476.0,293670.0,17384.0,14244.0,8483.0,78.0
1995-08-18,6475.0,286280.0,18232.0,14156.0,7781.0,78.0
1995-08-25,6483.0,289233.0,17961.0,14188.0,7402.0,78.0
1995-09-01,6507.0,296654.0,17603.0,14473.0,6522.0,83.0
1995-09-08,6491.0,292052.0,18087.0,14582.0,8563.0,81.0
1995-09-15,6248.0,291145.0,17584.0,14604.0,8227.0,81.0
1995-09-22,6414.0,290595.0,17547.0,14310.0,7195.0,81.0
1995-09-29,6450.0,285540.0,16378.0,14351.0,7546.0,85.0
1995-10-06,6215.0,281156.0,17951.0,14040.0,6129.0,88.0
1995-10-13,6404.0,281131.0,17704.0,13458.0,7416.0,88.0
1995-10-20,6497.0,283307.0,17962.0,13671.0,7568.0,88.0
1995-10-27,6512.0,284831.0,18169.0,13676.0,6986.0,84.0
1995-11-03,6539.0,288122.0,17461.0,13609.0,6530.0,92.0
1995-11-10,6516.0,286496.0,18344.0,13433.0,7695.0,92.0
1995-11-17,6493.0,296105.0,18258.0,13769.0,8060.0,92.0
1995-11-24,6484.0,302184.0,17321.0,13902.0,7560.0,92.0
1995-12-01,6450.0,299072.0,17841.0,14203.0,7182.0,91.0
1995-12-08,6428.0,294812.0,18978.0,14302.0,8066.0,90.0
1995-12-15,6411.0,300674.0,18355.0,14020.0,6990.0,90.0
1995-12-22,6467.0,294817.0,19138.0,13876.0,6192.0,90.0
1995-12-29,6474.0,284591.0,17302.0,14049.0,6963.0,90.0
1996-01-05,6464.0,285623.0,18459.0,13980.0,6926.0,87.0
1996-01-12,6498.0,288551.0,18285.0,13733.0,7504.0,87.0
1996-01-19,6516.0,292829.0,17898.0,13830.0,7240.0,87.0
1996-01-26,6405.0,291084.0,18294.0,13693.0,6937.0,87.0
1996-02-02,6413.0,288674.0,18152.0,13651.0,7002.0,87.0
1996-02-09,6505.0,286440.0,19548.0,13610.0,6427.0,88.0
1996-02-16,6511.0,283380.0,18863.0,13582.0,7504.0,88.0
1996-02-23,6501.0,283723.0,17871.0,13443.0,5543.0,88.0
1996-03-01,6496.0,280448.0,17957.0,13672.0,6235.0,88.0
1996-03-08,6461.0,288673.0,17610.0,13638.0,6986.0,91.0
1996-03-15,6490.0,283404.0,18193.0,13649.0,6923.0,91.0
1996-03-22,6473.0,282187.0,18561.0,13690.0,6598.0,91.0
1996-03-29,6440.0,280124.0,17705.0,14055.0,7396.0,91.0
1996-04-05,6441.0,282424.0,17941.0,14001.0,7360.0,100.0
1996-04-12,6390.0,283823.0,17391.0,14162.0,7535.0,100.0
1996-04-19,6425.0,279794.0,16895.0,14193.0,7231.0,100.0
1996-04-26,6173.0,279424.0,16874.0,14223.0,7852.0,100.0
1996-05-03,6454.0,286604.0,17305.0,14268.0,7223.0,99.0
1996-05-10,6065.0,284902.0,17910.0,14153.0,8578.0,99.0
1996-05-17,6363.0,280450.0,16887.0,14104.0,7564.0,99.0
1996-05-24,6412.0,281578.0,18920.0,14469.0,6865.0,98.0
1996-05-31,6392.0,293515.0,17646.0,14525.0,8116.0,98.0
1996-06-07,6421.0,291863.0,17600.0,14561.0,7524.0,284.0
1996-06-14,6515.0,288853.0,17339.0,14467.0,8676.0,98.0
1996-06-21,6452.0,289709.0,18556.0,14505.0,7587.0,98.0
1996-06-28,6489.0,296562.0,18955.0,14531.0,8366.0,98.0
1996-07-05,6499.0,298222.0,17354.0,14361.0,7860.0,98.0
1996-07-12,6499.0,295695.0,17687.0,14386.0,7601.0,98.0
1996-07-19,6345.0,291857.0,17901.0,14361.0,7870.0,98.0
1996-07-26,6394.0,292972.0,18953.0,14277.0,7683.0,96.0
1996-08-02,6297.0,290295.0,18770.0,14384.0,8143.0,282.0
1996-08-09,6286.0,289134.0,17787.0,14494.0,8044.0,96.0
1996-08-16,6445.0,291014.0,17541.0,14331.0,9060.0,96.0
1996-08-23,6481.0,300715.0,18458.0,14391.0,7969.0,96.0
1996-08-30,6526.0,295650.0,17974.0,14362.0,7304.0,97.0
1996-09-06,6497.0,292562.0,18052.0,14432.0,7563.0,211.0
1996-09-13,6498.0,290575.0,17555.0,14428.0,7801.0,97.0
1996-09-20,6467.0,291751.0,17999.0,14469.0,7483.0,97.0
1996-09-27,6520.0,286638.0,17938.0,14536.0,6280.0,197.0
1996-10-04,6485.0,286261.0,18664.0,14564.0,8177.0,97.0
1996-10-11,6485.0,282960.0,18129.0,14106.0,7654.0,97.0
1996-10-18,6523.0,288701.0,18974.0,14146.0,8736.0,97.0
1996-10-25,6514.0,285642.0,18373.0,14296.0,8468.0,396.0
1996-11-01,6513.0,295892.0,18687.0,14388.0,6881.0,96.0
1996-11-08,6541.0,290762.0,18540.0,13779.0,8481.0,210.0
1996-11-15,6531.0,288297.0,18490.0,14061.0,6952.0,282.0
1996-11-22,6512.0,283501.0,18100.0,14341.0,7150.0,210.0
1996-11-29,6538.0,283728.0,17558.0,14327.0,6143.0,96.0
1996-12-06,6534.0,282735.0,17683.0,14433.0,8491.0,97.0
1996-12-13,6518.0,279788.0,19464.0,14269.0,7848.0,283.0
1996-12-20,6523.0,273685.0,18972.0,14292.0,7150.0,211.0
1996-12-27,6506.0,276127.0,18421.0,14239.0,7730.0,97.0
1997-01-03,6454.0,267904.0,16375.0,14081.0,6021.0,98.0
1997-01-10,6499.0,272956.0,18085.0,13771.0,7396.0,284.0
1997-01-17,6476.0,271491.0,18614.0,13634.0,7417.0,212.0
1997-01-24,6513.0,274863.0,18258.0,13505.0,8144.0,398.0
1997-01-31,6505.0,280898.0,18335.0,13733.0,7113.0,99.0
1997-02-07,6483.0,284247.0,18000.0,13257.0,8316.0,235.0
1997-02-14,6502.0,288732.0,18207.0,13229.0,6905.0,99.0
1997-02-21,6496.0,288568.0,17900.0,13401.0,7403.0,99.0
1997-02-28,6501.0,283145.0,16973.0,13482.0,7331.0,98.0
1997-03-07,6440.0,288475.0,17422.0,13670.0,7742.0,98.0
1997-03-14,6449.0,288585.0,18197.0,13758.0,7753.0,98.0
1997-03-21,6391.0,287497.0,18350.0,14110.0,7135.0,98.0
1997-03-28,6409.0,293843.0,18360.0,14204.0,7870.0,99.0
1997-04-04,6493.0,294041.0,18385.0,14246.0,8006.0,99.0
1997-04-11,6433.0,296665.0,17720.0,14208.0,7782.0,99.0
1997-04-18,6412.0,298115.0,18383.0,14257.0,8418.0,99.0
1997-04-25,6465.0,300941.0,17646.0,14095.0,7853.0,99.0
1997-05-02,6409.0,300885.0,20017.0,14386.0,8203.0,102.0
1997-05-09,6430.0,307280.0,18304.0,14867.0,7796.0,102.0
1997-05-16,6426.0,301845.0,18468.0,14886.0,7505.0,102.0
1997-05-23,6423.0,305059.0,18719.0,15070.0,8187.0,102.0
1997-05-30,6439.0,309261.0,17149.0,15364.0,8267.0,102.0
1997-06-06,6435.0,308845.0,18366.0,15269.0,8899.0,102.0
1997-06-13,6415.0,307589.0,18623.0,15109.0,9567.0,102.0
1997-06-20,6334.0,307126.0,19154.0,15174.0,7213.0,102.0
1997-06-27,6357.0,301399.0,18920.0,15101.0,8097.0,102.0
1997-07-04,6338.0,306218.0,19309.0,14867.0,8577.0,102.0
1997-07-11,6351.0,303759.0,18456.0,15157.0,7684.0,102.0
1997-07-18,6352.0,301774.0,19552.0,15036.0,8375.0,102.0
1997-07-25,6337.0,291884.0,19141.0,14867.0,8269.0,102.0
1997-08-01,6360.0,291120.0,18108.0,15089.0,7620.0,102.0
1997-08-08,6127.0,296258.0,18472.0,14871.0,8882.0,102.0
1997-08-15,6221.0,296882.0,19298.0,15090.0,8828.0,102.0
1997-08-22,6387.0,291628.0,18507.0,15335.0,8367.0,102.0
1997-08-29,6400.0,290026.0,19159.0,15459.0,8101.0,102.0
1997-09-05,6362.0,283928.0,17595.0,15442.0,7705.0,101.0
1997-09-12,6393.0,287722.0,18546.0,15398.0,9311.0,101.0
1997-09-19,6366.0,283839.0,18274.0,15317.0,8564.0,101.0
1997-09-26,6396.0,285157.0,19489.0,15273.0,8687.0,102.0
1997-10-03,6375.0,289944.0,19201.0,15199.0,9625.0,102.0
1997-10-10,6371.0,287772.0,18956.0,15303.0,8221.0,102.0
1997-10-17,6408.0,284474.0,18480.0,14881.0,8017.0,102.0
1997-10-24,6407.0,289079.0,18848.0,14708.0,7633.0,102.0
1997-10-31,6400.0,295098.0,19074.0,14782.0,7994.0,101.0
1997-11-07,6418.0,293789.0,19124.0,14550.0,7529.0,101.0
1997-11-14,6385.0,299075.0,18611.0,14346.0,9475.0,101.0
1997-11-21,6390.0,302849.0,19266.0,14801.0,7608.0,101.0
1997-11-28,6416.0,305669.0,18485.0,14946.0,8391.0,101.0
1997-12-05,6448.0,300911.0,19260.0,14863.0,8007.0,102.0
1997-12-12,6440.0,303451.0,18889.0,14958.0,7140.0,102.0
1997-12-19,6463.0,299482.0,19807.0,14913.0,8175.0,102.0
1997-12-26,6462.0,296230.0,19288.0,15031.0,6987.0,102.0
1998-01-02,6459.0,289764.0,17809.0,14983.0,7241.0,102.0
1998-01-09,6430.0,288685.0,17977.0,14810.0,8733.0,103.0
1998-01-16,6376.0,299897.0,18876.0,14530.0,8960.0,103.0
1998-01-23,6359.0,305583.0,19251.0,14335.0,8114.0,103.0
1998-01-30,6377.0,304961.0,18553.0,14190.0,7448.0,103.0
1998-02-06,6412.0,304983.0,17891.0,14396.0,8323.0,102.0
1998-02-13,6424.0,306685.0,18977.0,13957.0,8242.0,102.0
1998-02-20,6415.0,309568.0,18429.0,13849.0,6580.0,102.0
1998-02-27,6368.0,307969.0,17357.0,13863.0,7170.0,102.0
1998-03-06,6440.0,307194.0,19252.0,14450.0,7726.0,102.0
1998-03-13,6420.0,305137.0,19225.0,14554.0,7683.0,102.0
1998-03-20,6336.0,311606.0,17872.0,14553.0,8178.0,102.0
1998-03-27,6405.0,313200.0,18287.0,14683.0,9213.0,102.0
1998-04-03,6443.0,314569.0,19372.0,14681.0,8117.0,104.0
1998-04-10,6407.0,319899.0,18264.0,14874.0,8347.0,104.0
1998-04-17,6417.0,324906.0,19102.0,15381.0,10168.0,104.0
1998-04-24,6397.0,325209.0,18377.0,14947.0,7978.0,104.0
1998-05-01,6422.0,327368.0,17915.0,15340.0,8312.0,104.0
1998-05-08,6422.0,326705.0,17793.0,14954.0,8612.0,104.0
1998-05-15,6378.0,337928.0,19609.0,15061.0,8504.0,104.0
1998-05-22,6368.0,334682.0,17946.0,15340.0,7959.0,104.0
1998-05-29,6346.0,330394.0,17939.0,15595.0,8738.0,104.0
1998-06-05,6333.0,329534.0,19790.0,15238.0,9806.0,104.0
1998-06-12,6372.0,326836.0,18903.0,15481.0,8875.0,104.0
1998-06-19,6383.0,325182.0,18696.0,15481.0,8193.0,104.0
1998-06-26,6269.0,326843.0,19313.0,15408.0,10018.0,104.0
1998-07-03,6311.0,324057.0,19592.0,15280.0,7704.0,105.0
1998-07-10,6354.0,317425.0,18272.0,15724.0,9250.0,105.0
1998-07-17,6351.0,322966.0,19305.0,15673.0,9209.0,105.0
1998-07-24,6354.0,326795.0,18487.0,15651.0,9264.0,105.0
1998-07-31,6340.0,327478.0,18598.0,15521.0,9369.0,106.0
1998-08-07,6336.0,328423.0,19243.0,15427.0,9345.0,106.0
1998-08-14,6319.0,327887.0,19356.0,15615.0,9958.0,106.0
1998-08-21,6315.0,321012.0,19532.0,15716.0,8993.0,106.0
1998-08-28,6346.0,320694.0,19917.0,15763.0,9379.0,106.0
1998-09-04,6349.0,312057.0,18801.0,15520.0,8487.0,104.0
1998-09-11,6366.0,309675.0,18909.0,15560.0,8631.0,104.0
1998-09-18,6411.0,300336.0,18467.0,15094.0,7476.0,104.0
1998-09-25,6396.0,303433.0,18653.0,14898.0,9114.0,104.0
1998-10-02,5950.0,305893.0,18539.0,13953.0,8222.0,105.0
1998-10-09,6368.0,312682.0,19555.0,13684.0,8663.0,105.0
1998-10-16,6418.0,316227.0,17961.0,13577.0,8158.0,105.0
1998-10-23,6442.0,319964.0,17954.0,13868.0,8176.0,105.0
1998-10-30,6417.0,323739.0,19196.0,14612.0,8201.0,105.0
1998-11-06,6398.0,322932.0,17950.0,14905.0,8920.0,105.0
1998-11-13,6401.0,320397.0,19601.0,15050.0,7770.0,105.0
1998-11-20,6399.0,325554.0,18827.0,14805.0,9501.0,105.0
1998-11-27,6401.0,319986.0,18703.0,14713.0,7976.0,105.0
1998-12-04,6390.0,318465.0,17206.0,14751.0,9233.0,104.0
1998-12-11,6390.0,321884.0,18422.0,14799.0,9152.0,104.0
1998-12-18,6449.0,323364.0,19974.0,14705.0,8794.0,104.0
1998-12-25,6437.0,320706.0,19450.0,15153.0,8982.0,104.0
1999-01-01,6342.0,305728.0,19550.0,15404.0,7569.0,104.0
1999-01-08,6393.0,308268.0,18181.0,15263.0,8488.0,104.0
1999-01-15,6373.0,310975.0,19284.0,14914.0,8944.0,104.0
1999-01-22,6352.0,314148.0,19266.0,14163.0,8458.0,104.0
1999-01-29,6363.0,316730.0,18268.0,14257.0,8559.0,104.0
1999-02-05,6369.0,317131.0,18492.0,14332.0,8405.0,104.0
1999-02-12,6052.0,315393.0,19402.0,14629.0,8255.0,104.0
1999-02-19,5899.0,318431.0,18379.0,14496.0,8780.0,104.0
1999-02-26,5911.0,315274.0,19730.0,14424.0,8949.0,104.0
1999-03-05,5920.0,318266.0,19172.0,14491.0,8653.0,104.0
1999-03-12,5895.0,321929.0,19049.0,14273.0,9044.0,104.0
1999-03-19,5894.0,324736.0,18730.0,14247.0,7874.0,104.0
1999-03-26,5864.0,328539.0,19191.0,14340.0,9085.0,104.0
1999-04-02,5879.0,326768.0,18149.0,14711.0,8364.0,104.0
1999-04-09,5740.0,328885.0,17225.0,15213.0,8630.0,104.0
1999-04-16,5849.0,325729.0,19521.0,15240.0,8983.0,104.0
1999-04-23,5707.0,322286.0,18792.0,15004.0,8273.0,104.0
1999-04-30,5877.0,320145.0,18025.0,15274.0,8206.0,104.0
1999-05-07,5835.0,317539.0,18527.0,14965.0,8439.0,104.0
1999-05-14,5804.0,318092.0,17424.0,14958.0,9017.0,104.0
1999-05-21,5857.0,315769.0,18721.0,15027.0,8638.0,104.0
1999-05-28,5845.0,314722.0,18889.0,14983.0,9081.0,104.0
1999-06-04,5864.0,316858.0,19246.0,15211.0,8406.0,105.0
1999-06-11,5868.0,318672.0,19103.0,15170.0,8759.0,105.0
1999-06-18,5926.0,315949.0,19484.0,15011.0,9164.0,105.0
1999-06-25,5884.0,314225.0,19539.0,15007.0,7958.0,105.0
1999-07-02,5662.0,314030.0,19416.0,14973.0,9248.0,109.0
1999-07-09,5808.0,317718.0,17972.0,15117.0,8669.0,109.0
1999-07-16,5952.0,318092.0,19338.0,15379.0,9000.0,109.0
1999-07-23,5927.0,312916.0,19670.0,15342.0,9483.0,109.0
1999-07-30,5898.0,309516.0,19483.0,15394.0,9228.0,109.0
1999-08-06,5925.0,307249.0,19870.0,15562.0,8578.0,108.0
1999-08-13,5950.0,305616.0,19701.0,15469.0,8633.0,108.0
1999-08-20,5970.0,301091.0,19443.0,15461.0,9053.0,108.0
1999-08-27,5994.0,301653.0,19603.0,15224.0,9138.0,108.0
1999-09-03,6014.0,297212.0,19853.0,15554.0,8305.0,108.0
1999-09-10,5917.0,292930.0,19344.0,15260.0,8245.0,109.0
1999-09-17,5692.0,293119.0,19267.0,15210.0,8809.0,109.0
1999-09-24,5973.0,288862.0,19037.0,15157.0,8474.0,109.0
1999-10-01,6032.0,288395.0,19646.0,15198.0,8678.0,109.0
1999-10-08,6082.0,281186.0,19488.0,15008.0,7727.0,109.0
1999-10-15,6090.0,284609.0,19980.0,14659.0,8832.0,109.0
1999-10-22,6101.0,284878.0,19783.0,14475.0,8115.0,109.0
1999-10-29,6111.0,288599.0,19803.0,14749.0,8763.0,109.0
1999-11-05,6134.0,288955.0,19974.0,14725.0,8381.0,109.0
1999-11-12,6128.0,290755.0,20383.0,14696.0,8362.0,110.0
1999-11-19,6059.0,287692.0,19799.0,14838.0,8227.0,110.0
1999-11-26,6006.0,283338.0,19115.0,14843.0,7450.0,110.0
1999-12-03,6087.0,283063.0,19552.0,14925.0,8827.0,110.0
1999-12-10,6057.0,277477.0,19723.0,14631.0,7548.0,110.0
1999-12-17,6043.0,276646.0,19124.0,14661.0,8147.0,110.0
1999-12-24,6058.0,276345.0,20288.0,14380.0,8310.0,110.0
1999-12-31,6043.0,274626.0,20293.0,14390.0,8054.0,110.0
2000-01-07,6000.0,277549.0,19363.0,13905.0,8508.0,108.0
2000-01-14,6019.0,277464.0,18222.0,13746.0,7396.0,108.0
2000-01-21,6013.0,275032.0,19116.0,13850.0,8448.0,108.0
2000-01-28,5988.0,266614.0,19899.0,14087.0,6746.0,108.0
2000-02-04,6011.0,269982.0,19123.0,13707.0,8416.0,108.0
2000-02-11,5994.0,269796.0,19206.0,13882.0,8198.0,108.0
2000-02-18,5989.0,269487.0,19438.0,14004.0,8265.0,108.0
2000-02-25,6007.0,269816.0,19169.0,14184.0,7684.0,108.0
2000-03-03,5974.0,274502.0,17933.0,14201.0,8818.0,108.0
2000-03-10,5857.0,274933.0,19995.0,14453.0,7953.0,108.0
2000-03-17,5859.0,276572.0,19022.0,14428.0,8628.0,108.0
2000-03-24,5863.0,276422.0,19284.0,14702.0,8043.0,108.0
2000-03-31,5873.0,277924.0,18862.0,14941.0,9282.0,108.0
2000-04-07,5820.0,280771.0,18556.0,15010.0,9205.0,109.0
2000-04-14,5840.0,286265.0,19672.0,15048.0,9124.0,109.0
2000-04-21,5836.0,291335.0,18735.0,15011.0,9708.0,109.0
2000-04-28,5838.0,288071.0,18842.0,15368.0,8701.0,109.0
2000-05-05,5798.0,292607.0,19378.0,15152.0,9353.0,108.0
2000-05-12,5757.0,292857.0,18932.0,15443.0,8908.0,108.0
2000-05-19,5793.0,293806.0,19990.0,15535.0,9341.0,108.0
2000-05-26,5784.0,289205.0,19458.0,15669.0,8672.0,108.0
2000-06-02,5704.0,285075.0,18817.0,15676.0,8660.0,110.0
2000-06-09,5804.0,283639.0,19345.0,15619.0,8846.0,110.0
2000-06-16,5791.0,279078.0,19965.0,15723.0,9477.0,110.0
2000-06-23,5726.0,279405.0,19740.0,15732.0,9374.0,110.0
2000-06-30,5732.0,277611.0,19746.0,15668.0,8939.0,109.0
2000-07-07,5766.0,278885.0,19135.0,15655.0,9824.0,109.0
2000-07-14,5788.0,278400.0,20022.0,15781.0,9341.0,109.0
2000-07-21,5769.0,278674.0,19268.0,15832.0,9983.0,109.0
2000-07-28,5764.0,268121.0,20143.0,15829.0,8784.0,109.0
2000-08-04,5778.0,269659.0,20341.0,15695.0,9429.0,108.0
2000-08-11,5745.0,273059.0,20464.0,15709.0,9696.0,108.0
2000-08-18,5773.0,268901.0,19394.0,15764.0,9318.0,108.0
2000-08-25,5782.0,270948.0,20226.0,15623.0,9296.0,108.0
2000-09-01,5783.0,273691.0,19776.0,15787.0,9671.0,107.0
2000-09-08,5802.0,272764.0,20320.0,15765.0,9497.0,107.0
2000-09-15,5803.0,270282.0,20133.0,15318.0,9034.0,107.0
2000-09-22,5680.0,269781.0,20318.0,15669.0,9464.0,107.0
2000-09-29,5862.0,270873.0,19558.0,15572.0,8990.0,107.0
2000-10-06,5867.0,271752.0,18974.0,15139.0,9139.0,105.0
2000-10-13,5864.0,267235.0,20289.0,14943.0,8983.0,105.0
2000-10-20,5880.0,269640.0,20436.0,15135.0,9631.0,105.0
2000-10-27,5894.0,268151.0,20217.0,15351.0,9320.0,105.0
2000-11-03,5903.0,266594.0,20499.0,15359.0,9328.0,105.0
2000-11-10,5889.0,268091.0,19871.0,15291.0,8561.0,105.0
2000-11-17,5854.0,274255.0,20063.0,15082.0,8853.0,105.0
2000-11-24,5883.0,274177.0,19243.0,14787.0,7916.0,105.0
2000-12-01,5925.0,276195.0,19111.0,15000.0,8712.0,104.0
2000-12-08,5903.0,272826.0,20631.0,15171.0,8810.0,104.0
2000-12-15,5897.0,275859.0,20611.0,15311.0,9445.0,104.0
2000-12-22,5875.0,274608.0,20080.0,15186.0,8637.0,104.0
2000-12-29,5903.0,272771.0,21494.0,15306.0,8877.0,104.0
2001-01-05,5944.0,272072.0,21098.0,15099.0,9362.0,103.0
2001-01-12,5949.0,271062.0,20817.0,15125.0,8508.0,103.0
2001-01-19,5912.0,269952.0,19414.0,14926.0,7806.0,103.0
2001-01-26,5935.0,266382.0,20248.0,14916.0,8751.0,103.0
2001-02-02,5929.0,269298.0,20342.0,14727.0,9217.0,101.0
2001-02-09,5866.0,272662.0,20001.0,14667.0,9056.0,101.0
2001-02-16,5857.0,260782.0,19025.0,14794.0,7689.0,101.0
2001-02-23,5875.0,263661.0,20161.0,15049.0,9041.0,101.0
2001-03-02,5876.0,260949.0,20768.0,15088.0,8654.0,101.0
2001-03-09,5868.0,268920.0,19803.0,14803.0,10277.0,99.0
2001-03-16,5883.0,273922.0,19814.0,14976.0,9331.0,99.0
2001-03-23,5868.0,285110.0,19288.0,14664.0,9882.0,99.0
2001-03-30,5883.0,286795.0,19067.0,14657.0,9228.0,98.0
2001-04-06,5867.0,290606.0,18541.0,14793.0,9480.0,98.0
2001-04-13,5855.0,296817.0,19025.0,15370.0,9864.0,98.0
2001-04-20,5861.0,295392.0,18880.0,15850.0,9415.0,98.0
2001-04-27,5884.0,301717.0,18820.0,15788.0,10324.0,97.0
2001-05-04,5831.0,302335.0,20180.0,15739.0,9709.0,97.0
2001-05-11,5780.0,304811.0,18694.0,15405.0,9330.0,97.0
2001-05-18,5785.0,308153.0,19906.0,15641.0,10241.0,97.0
2001-05-25,5819.0,306411.0,18786.0,15710.0,8951.0,97.0
2001-06-01,5823.0,307913.0,18451.0,16047.0,9846.0,96.0
2001-06-08,5746.0,299709.0,19138.0,16004.0,8694.0,96.0
2001-06-15,5726.0,298981.0,18310.0,15512.0,8709.0,96.0
2001-06-22,5740.0,298973.0,19651.0,15409.0,9076.0,96.0
2001-06-29,5756.0,294220.0,20059.0,15760.0,9573.0,96.0
2001-07-06,5756.0,291112.0,19060.0,15760.0,9262.0,94.0
2001-07-13,5770.0,298133.0,19857.0,15508.0,9986.0,94.0
2001-07-20,5731.0,299513.0,19948.0,15251.0,9651.0,94.0
2001-07-27,5705.0,298463.0,20175.0,15249.0,8893.0,94.0
2001-08-03,5745.0,291804.0,19187.0,15235.0,8683.0,95.0
2001-08-10,5773.0,288954.0,19943.0,15345.0,8516.0,95.0
2001-08-17,5785.0,284951.0,20294.0,15182.0,8572.0,95.0
2001-08-24,5796.0,287648.0,20079.0,15143.0,9400.0,95.0
2001-08-31,5751.0,285694.0,19955.0,15393.0,8258.0,93.0
2001-09-07,5829.0,286655.0,19522.0,15733.0,9107.0,93.0
2001-09-14,5814.0,286029.0,19069.0,15050.0,8677.0,93.0
2001-09-21,5789.0,289215.0,17889.0,14810.0,8778.0,93.0
2001-09-28,5735.0,290827.0,19549.0,15000.0,8988.0,93.0
2001-10-05,5736.0,290699.0,19431.0,15077.0,9556.0,91.0
2001-10-12,5515.0,286259.0,19607.0,15083.0,8636.0,91.0
2001-10-19,5828.0,289082.0,19889.0,15279.0,9361.0,91.0
2001-10-26,5879.0,291538.0,20172.0,15343.0,9443.0,91.0
2001-11-02,5859.0,295552.0,20490.0,15089.0,9350.0,30.0
2001-11-09,5863.0,295285.0,19126.0,14649.0,9669.0,30.0
2001-11-16,5872.0,294065.0,19622.0,14823.0,8909.0,30.0
2001-11-23,5882.0,290885.0,19041.0,15055.0,8217.0,30.0
2001-11-30,5873.0,295140.0,19224.0,15095.0,9891.0,35.0
2001-12-07,5856.0,292803.0,19411.0,14846.0,9001.0,35.0
2001-12-14,5884.0,293164.0,20468.0,14877.0,8807.0,35.0
2001-12-21,5911.0,295777.0,20516.0,14630.0,8692.0,35.0
2001-12-28,5902.0,293607.0,19609.0,14883.0,8167.0,35.0
2002-01-04,5922.0,294406.0,18954.0,14876.0,8662.0,34.0
2002-01-11,5922.0,295434.0,19630.0,14953.0,8517.0,34.0
2002-01-18,5911.0,298183.0,19007.0,14602.0,9187.0,34.0
2002-01-25,5909.0,300289.0,18899.0,14130.0,8589.0,34.0
2002-02-01,5916.0,302497.0,19242.0,14180.0,8595.0,33.0
2002-02-08,5952.0,304998.0,18943.0,14284.0,9293.0,33.0
2002-02-15,5927.0,301890.0,19782.0,14388.0,8034.0,33.0
2002-02-22,5956.0,299422.0,19336.0,14539.0,8095.0,33.0
2002-03-01,5966.0,303756.0,19855.0,14149.0,8201.0,33.0
2002-03-08,5947.0,304089.0,18459.0,14009.0,8160.0,33.0
2002-03-15,5975.0,306697.0,18856.0,14221.0,8448.0,33.0
2002-03-22,5948.0,302253.0,19573.0,14475.0,7858.0,33.0
2002-03-29,5956.0,308278.0,19220.0,14653.0,9127.0,33.0
2002-04-05,5916.0,308541.0,19517.0,14973.0,8849.0,33.0
2002-04-12,5922.0,302876.0,19727.0,15182.0,8265.0,33.0
2002-04-19,5896.0,304462.0,19153.0,15126.0,9133.0,33.0
2002-04-26,5865.0,309034.0,19472.0,15280.0,9409.0,33.0
2002-05-03,5879.0,303358.0,19368.0,15514.0,9160.0,32.0
2002-05-10,5889.0,299171.0,19236.0,15407.0,8765.0,32.0
2002-05-17,5894.0,303801.0,19875.0,15084.0,9101.0,32.0
2002-05-24,5890.0,302265.0,19353.0,15225.0,8844.0,32.0
2002-05-31,5896.0,308297.0,19587.0,15402.0,9165.0,30.0
2002-06-07,5897.0,307115.0,19338.0,15387.0,8730.0,30.0
2002-06-14,5910.0,306632.0,18953.0,15451.0,9218.0,30.0
2002-06-21,5939.0,303193.0,20108.0,15341.0,9030.0,30.0
2002-06-28,5917.0,304766.0,20191.0,15517.0,9591.0,30.0
2002-07-05,5898.0,300361.0,19433.0,15572.0,8417.0,30.0
2002-07-12,5885.0,298381.0,19013.0,15448.0,9163.0,30.0
2002-07-19,5839.0,294699.0,19620.0,15409.0,9226.0,30.0
2002-07-26,5844.0,292722.0,20066.0,15614.0,9168.0,30.0
2002-08-02,5604.0,290642.0,20290.0,15289.0,8686.0,30.0
2002-08-09,5858.0,283437.0,20357.0,15284.0,9193.0,30.0
2002-08-16,5907.0,286290.0,20181.0,15452.0,9398.0,30.0
2002-08-23,5918.0,286554.0,20328.0,15284.0,9200.0,30.0
2002-08-30,5883.0,281926.0,20015.0,15349.0,9233.0,29.0
2002-09-06,5773.0,276874.0,19209.0,15436.0,8339.0,29.0
2002-09-13,5716.0,271470.0,19512.0,15147.0,8665.0,29.0
2002-09-20,5736.0,268878.0,19360.0,15174.0,8953.0,29.0
2002-09-27,5190.0,258896.0,19224.0,14903.0,8509.0,29.0
2002-10-04,4803.0,254248.0,19711.0,13768.0,8191.0,30.0
2002-10-11,5490.0,263223.0,18804.0,13228.0,9502.0,30.0
2002-10-18,5721.0,270000.0,19043.0,14272.0,9992.0,30.0
2002-10-25,5714.0,270914.0,19990.0,14729.0,9015.0,10.0
2002-11-01,5711.0,274396.0,19796.0,14861.0,9099.0,10.0
2002-11-08,5349.0,267506.0,19214.0,14836.0,9177.0,10.0
2002-11-15,5738.0,271961.0,19611.0,15032.0,10159.0,10.0
2002-11-22,5754.0,268062.0,20498.0,15179.0,8957.0,10.0
2002-11-29,5740.0,271138.0,20681.0,15316.0,9503.0,10.0
2002-12-06,5763.0,272561.0,19508.0,15256.0,9882.0,10.0
2002-12-13,5752.0,270500.0,19950.0,14849.0,9413.0,10.0
2002-12-20,5758.0,271215.0,20211.0,14640.0,9145.0,10.0
2002-12-27,5749.0,262089.0,20434.0,14965.0,7631.0,10.0
2003-01-03,5752.0,262508.0,19780.0,14880.0,8289.0,10.0
2003-01-10,5728.0,256079.0,19263.0,15035.0,8489.0,10.0
2003-01-17,5702.0,257664.0,20105.0,14637.0,8745.0,10.0
2003-01-24,5739.0,257156.0,20281.0,14191.0,8678.0,10.0
2003-01-31,5764.0,258100.0,20819.0,13848.0,8379.0,10.0
2003-02-07,5899.0,253779.0,19151.0,13973.0,7197.0,10.0
2003-02-14,5906.0,256837.0,20353.0,14306.0,8762.0,10.0
2003-02-21,5898.0,255803.0,20064.0,14457.0,8325.0,10.0
2003-02-28,5901.0,257500.0,20078.0,14182.0,8679.0,10.0
2003-03-07,5872.0,253212.0,19887.0,14598.0,7621.0,10.0
2003-03-14,5886.0,253684.0,20301.0,14770.0,8693.0,10.0
2003-03-21,5906.0,257389.0,20164.0,14732.0,9655.0,10.0
2003-03-28,5906.0,264122.0,19831.0,15106.0,10361.0,10.0
2003-04-04,5866.0,260624.0,20767.0,15441.0,8917.0,10.0
2003-04-11,5801.0,260756.0,19698.0,15456.0,9405.0,10.0
2003-04-18,5772.0,269727.0,19459.0,15324.0,10614.0,10.0
2003-04-25,5766.0,271549.0,19396.0,15417.0,9669.0,10.0
2003-05-02,5829.0,271099.0,20701.0,15714.0,9856.0,10.0
2003-05-09,5855.0,268376.0,19854.0,15781.0,9334.0,10.0
2003-05-16,5807.0,269040.0,19895.0,15737.0,10073.0,10.0
2003-05-23,5813.0,270067.0,20598.0,15626.0,10041.0,10.0
2003-05-30,5837.0,272931.0,19977.0,16095.0,10521.0,10.0
2003-06-06,5803.0,268240.0,19849.0,15896.0,9884.0,10.0
2003-06-13,5860.0,272224.0,20589.0,15804.0,10302.0,10.0
2003-06-20,5900.0,268079.0,20027.0,15460.0,9332.0,10.0
2003-06-27,5867.0,265963.0,20727.0,15521.0,9466.0,10.0
2003-07-04,5815.0,265819.0,20226.0,15568.0,9599.0,10.0
2003-07-11,5770.0,262189.0,19181.0,15639.0,9732.0,10.0
2003-07-18,5777.0,259850.0,20040.0,15424.0,9441.0,10.0
2003-07-25,5699.0,260944.0,20292.0,15566.0,10084.0,10.0
2003-08-01,5738.0,264082.0,20003.0,15362.0,10294.0,10.0
2003-08-08,5747.0,264262.0,20737.0,15490.0,9970.0,10.0
2003-08-15,5750.0,262676.0,20573.0,15695.0,9868.0,10.0
2003-08-22,5736.0,262492.0,20590.0,15461.0,10246.0,10.0
2003-08-29,5723.0,264253.0,20291.0,15705.0,10126.0,22.0
2003-09-05,5727.0,259784.0,18892.0,15754.0,9648.0,22.0
2003-09-12,5703.0,262933.0,19265.0,15774.0,10759.0,10.0
2003-09-19,5739.0,264423.0,19083.0,15384.0,10299.0,10.0
2003-09-26,5734.0,264376.0,18949.0,15092.0,9513.0,10.0
2003-10-03,5678.0,269223.0,19971.0,14976.0,9852.0,10.0
2003-10-10,5559.0,273020.0,20164.0,15078.0,10019.0,10.0
2003-10-17,5605.0,271225.0,19192.0,15315.0,9513.0,10.0
2003-10-24,5614.0,274865.0,19681.0,15431.0,10159.0,10.0
2003-10-31,5550.0,274914.0,20555.0,15538.0,10176.0,10.0
2003-11-07,5596.0,273975.0,20203.0,15143.0,9948.0,10.0
2003-11-14,5692.0,276885.0,20124.0,15296.0,10354.0,10.0
2003-11-21,5683.0,271996.0,20068.0,15193.0,9151.0,10.0
2003-11-28,5709.0,267167.0,19768.0,15478.0,9128.0,10.0
2003-12-05,5597.0,261722.0,19714.0,15691.0,9531.0,10.0
2003-12-12,5592.0,256598.0,20530.0,15287.0,9140.0,10.0
2003-12-19,5663.0,258243.0,20345.0,15187.0,9515.0,10.0
2003-12-26,5658.0,254466.0,20109.0,15206.0,9438.0,10.0
2004-01-02,5664.0,252611.0,19320.0,15387.0,9759.0,10.0
2004-01-09,5705.0,247627.0,19303.0,15057.0,9214.0,10.0
2004-01-16,5717.0,248839.0,20011.0,14873.0,9803.0,10.0
2004-01-23,5709.0,247323.0,20810.0,14710.0,8634.0,10.0
2004-01-30,5710.0,255245.0,20754.0,14508.0,10488.0,10.0
2004-02-06,5703.0,252192.0,20326.0,14826.0,8447.0,10.0
2004-02-13,5658.0,257092.0,21071.0,14952.0,10160.0,10.0
2004-02-20,5622.0,257092.0,20941.0,14454.0,9007.0,10.0
2004-02-27,5661.0,259092.0,19503.0,14655.0,9837.0,10.0
2004-03-05,5675.0,262729.0,19662.0,14735.0,9788.0,10.0
2004-03-12,5658.0,264309.0,19501.0,14466.0,9498.0,10.0
2004-03-19,5657.0,271841.0,19574.0,14575.0,10108.0,10.0
2004-03-26,5658.0,277539.0,19570.0,14643.0,10077.0,10.0
2004-04-02,5661.0,276118.0,20580.0,14869.0,9757.0,10.0
2004-04-09,5611.0,279266.0,20639.0,14633.0,9461.0,10.0
2004-04-16,5588.0,279474.0,20051.0,15190.0,9676.0,10.0
2004-04-23,5618.0,282653.0,19553.0,15161.0,10469.0,10.0
2004-04-30,5624.0,282748.0,18932.0,15489.0,9791.0,10.0
2004-05-07,5626.0,283676.0,20706.0,15954.0,9926.0,17.0
2004-05-14,5611.0,282580.0,20606.0,15932.0,9939.0,17.0
2004-05-21,5608.0,282605.0,20440.0,15811.0,10493.0,10.0
2004-05-28,5460.0,285384.0,20240.0,15801.0,10703.0,10.0
2004-06-04,5452.0,286099.0,20618.0,16005.0,10483.0,10.0
2004-06-11,5411.0,286951.0,20322.0,16113.0,10271.0,10.0
2004-06-18,5434.0,289366.0,20598.0,15996.0,10188.0,10.0
2004-06-25,5394.0,288862.0,20700.0,16057.0,10591.0,10.0
2004-07-02,5404.0,288952.0,20222.0,16058.0,10138.0,10.0
2004-07-09,5485.0,286780.0,20316.0,15835.0,10054.0,10.0
2004-07-16,5334.0,283207.0,19678.0,15749.0,9901.0,10.0
2004-07-23,5446.0,284379.0,20682.0,16182.0,11324.0,10.0
2004-07-30,5367.0,282564.0,20689.0,16134.0,10351.0,10.0
2004-08-06,5414.0,278427.0,20767.0,15794.0,9524.0,16.0
2004-08-13,5243.0,277216.0,20477.0,15927.0,10407.0,16.0
2004-08-20,5113.0,275516.0,20863.0,16050.0,10549.0,10.0
2004-08-27,5401.0,271284.0,20699.0,16009.0,10280.0,10.0
2004-09-03,5360.0,269754.0,20926.0,16111.0,10711.0,10.0
2004-09-10,5337.0,262742.0,20350.0,16002.0,9914.0,10.0
2004-09-17,5087.0,253630.0,20209.0,14740.0,8426.0,10.0
2004-09-24,4946.0,257031.0,19888.0,14003.0,9886.0,10.0
2004-10-01,4656.0,257912.0,20299.0,14852.0,10180.0,10.0
2004-10-08,5033.0,262115.0,20438.0,14503.0,10054.0,17.0
2004-10-15,5090.0,263313.0,20601.0,14783.0,10097.0,17.0
2004-10-22,5110.0,267257.0,20308.0,14883.0,10317.0,17.0
2004-10-29,5176.0,273529.0,20216.0,14958.0,10676.0,17.0
2004-11-05,5319.0,275232.0,20475.0,15401.0,10495.0,16.0
2004-11-12,5391.0,276047.0,21403.0,15598.0,10229.0,16.0
2004-11-19,5395.0,276132.0,20404.0,15530.0,10189.0,10.0
2004-11-26,5408.0,276981.0,20118.0,15605.0,10056.0,10.0
2004-12-03,5396.0,277522.0,20526.0,15745.0,10864.0,10.0
2004-12-10,5439.0,277396.0,20928.0,15693.0,10366.0,10.0
2004-12-17,5461.0,279520.0,20782.0,15568.0,10545.0,10.0
2004-12-24,5421.0,278661.0,21449.0,15715.0,9863.0,10.0
2004-12-31,5430.0,275442.0,20847.0,15796.0,9775.0,10.0
2005-01-07,5430.0,273060.0,20466.0,15610.0,9973.0,10.0
2005-01-14,5417.0,276461.0,20210.0,15215.0,10120.0,10.0
2005-01-21,5456.0,279890.0,21225.0,15175.0,10458.0,10.0
2005-01-28,5437.0,279566.0,20957.0,15214.0,9886.0,10.0
2005-02-04,5421.0,278156.0,21064.0,15038.0,9914.0,10.0
2005-02-11,5427.0,280298.0,21007.0,15304.0,10434.0,10.0
2005-02-18,5436.0,280906.0,20597.0,14968.0,9643.0,10.0
2005-02-25,5492.0,283301.0,20730.0,14887.0,10065.0,10.0
2005-03-04,5489.0,286276.0,20291.0,14930.0,10099.0,17.0
2005-03-11,5504.0,288869.0,21263.0,15110.0,10041.0,10.0
2005-03-18,5480.0,292966.0,20851.0,14960.0,10270.0,10.0
2005-03-25,5496.0,298349.0,20325.0,15182.0,10568.0,10.0
2005-04-01,5504.0,301151.0,20213.0,15534.0,9890.0,10.0
2005-04-08,5428.0,304805.0,20195.0,15246.0,9863.0,10.0
2005-04-15,5441.0,303032.0,20559.0,15383.0,9718.0,10.0
2005-04-22,5415.0,308447.0,20380.0,15300.0,10863.0,10.0
2005-04-29,5423.0,311127.0,20402.0,15392.0,10259.0,10.0
2005-05-06,5510.0,313562.0,20385.0,15366.0,9992.0,17.0
2005-05-13,5521.0,317905.0,20273.0,15524.0,10859.0,20.0
2005-05-20,5539.0,316218.0,20584.0,15843.0,10311.0,20.0
2005-05-27,5537.0,317706.0,20433.0,16086.0,10698.0,20.0
2005-06-03,5515.0,314711.0,20592.0,16060.0,10220.0,17.0
2005-06-10,5542.0,312928.0,20998.0,16341.0,10617.0,17.0
2005-06-17,5541.0,311349.0,20471.0,15955.0,10177.0,17.0
2005-06-24,5359.0,312453.0,20169.0,16270.0,10971.0,17.0
2005-07-01,5498.0,308884.0,21497.0,16464.0,10219.0,19.0
2005-07-08,5463.0,304985.0,20656.0,16080.0,9954.0,19.0
2005-07-15,4758.0,304085.0,20404.0,15580.0,10825.0,19.0
2005-07-22,5448.0,301840.0,20972.0,15753.0,9940.0,19.0
2005-07-29,5149.0,302036.0,20854.0,16036.0,10956.0,19.0
2005-08-05,5417.0,304790.0,21575.0,15972.0,11057.0,19.0
2005-08-12,5359.0,305031.0,21352.0,15641.0,10305.0,19.0
2005-08-19,5395.0,306883.0,21499.0,15676.0,10577.0,19.0
2005-08-26,5427.0,305363.0,21592.0,16248.0,10463.0,19.0
2005-09-02,4360.0,298938.0,20871.0,14619.0,9531.0,19.0
2005-09-09,4268.0,292378.0,19952.0,14669.0,9128.0,19.0
2005-09-16,4500.0,292056.0,20381.0,15329.0,9832.0,19.0
2005-09-23,4348.0,289644.0,19672.0,14620.0,9693.0,19.0
2005-09-30,3813.0,289398.0,19755.0,11715.0,8119.0,19.0
2005-10-07,3901.0,290324.0,20246.0,12583.0,8619.0,20.0
2005-10-14,4147.0,295879.0,20404.0,13285.0,9207.0,20.0
2005-10-21,4108.0,300293.0,20837.0,13596.0,9957.0,20.0
2005-10-28,4068.0,303027.0,20435.0,13942.0,10060.0,20.0
2005-11-04,4306.0,307436.0,20174.0,14258.0,10584.0,20.0
2005-11-11,4583.0,305277.0,20705.0,14479.0,9700.0,20.0
2005-11-18,4579.0,305631.0,20655.0,14910.0,10219.0,20.0
2005-11-25,4765.0,301443.0,20374.0,15149.0,9693.0,20.0
2005-12-02,5021.0,304230.0,20535.0,15408.0,10579.0,20.0
2005-12-09,4933.0,305122.0,21642.0,15220.0,10429.0,20.0
2005-12-16,4890.0,306422.0,22156.0,14922.0,9859.0,20.0
2005-12-23,4891.0,306540.0,21878.0,15087.0,10189.0,20.0
2005-12-30,4864.0,305527.0,20801.0,15242.0,10058.0,20.0
2006-01-06,5023.0,302584.0,20772.0,15261.0,9870.0,20.0
2006-01-13,5110.0,305325.0,20805.0,14693.0,9846.0,20.0
2006-01-20,5119.0,303016.0,19834.0,14679.0,9257.0,20.0
2006-01-27,4862.0,304935.0,20220.0,14721.0,9596.0,21.0
2006-02-03,4903.0,304523.0,19803.0,14518.0,9860.0,21.0
2006-02-10,5003.0,309376.0,21020.0,14602.0,10264.0,21.0
2006-02-17,4997.0,310497.0,21088.0,14554.0,9959.0,21.0
2006-02-24,4985.0,312135.0,20889.0,14466.0,9878.0,21.0
2006-03-03,5054.0,318776.0,19880.0,14075.0,10145.0,21.0
2006-03-10,5154.0,323612.0,20897.0,14388.0,9940.0,21.0
2006-03-17,5027.0,322302.0,20621.0,14643.0,9331.0,21.0
2006-03-24,5016.0,324332.0,20604.0,14728.0,10100.0,21.0
2006-03-31,5024.0,326442.0,20532.0,14644.0,9953.0,22.0
2006-04-07,5053.0,329594.0,20738.0,14575.0,9539.0,22.0
2006-04-14,5125.0,328788.0,20415.0,14721.0,9665.0,22.0
2006-04-21,5127.0,328562.0,20734.0,15064.0,9864.0,22.0
2006-04-28,5122.0,330289.0,20111.0,15043.0,9811.0,22.0
2006-05-05,5128.0,330615.0,21200.0,15315.0,10007.0,21.0
2006-05-12,5069.0,330550.0,20953.0,15336.0,10383.0,21.0
2006-05-19,5093.0,327552.0,20976.0,15333.0,9557.0,21.0
2006-05-26,5088.0,329151.0,21272.0,15519.0,10842.0,21.0
2006-06-02,5097.0,330434.0,20603.0,15634.0,10881.0,21.0
2006-06-09,5211.0,329454.0,20701.0,15830.0,10547.0,21.0
2006-06-16,5198.0,330839.0,20971.0,15968.0,10994.0,21.0
2006-06-23,5162.0,327510.0,20877.0,16124.0,10546.0,21.0
2006-06-30,5129.0,325089.0,20881.0,15940.0,10539.0,22.0
2006-07-07,5275.0,319159.0,20563.0,15496.0,9619.0,22.0
2006-07-14,5265.0,319310.0,20445.0,15906.0,10701.0,22.0
2006-07-21,5141.0,319340.0,20909.0,15817.0,10507.0,22.0
2006-07-28,4940.0,317566.0,21113.0,15516.0,10431.0,22.0
2006-08-04,5144.0,316380.0,21283.0,15608.0,10165.0,21.0
2006-08-11,5150.0,314773.0,21032.0,15578.0,10022.0,21.0
2006-08-18,5087.0,314130.0,21454.0,15747.0,10197.0,21.0
2006-08-25,5099.0,316611.0,21294.0,15801.0,11153.0,21.0
2006-09-01,5101.0,314507.0,21173.0,15993.0,10365.0,21.0
2006-09-08,5076.0,311603.0,20953.0,16018.0,10597.0,21.0
2006-09-15,5109.0,308755.0,20760.0,15953.0,10592.0,21.0
2006-09-22,5106.0,308646.0,20705.0,15846.0,11083.0,21.0
2006-09-29,5151.0,312001.0,20228.0,15273.0,10513.0,21.0
2006-10-06,5253.0,314132.0,20938.0,15296.0,10364.0,21.0
2006-10-13,5132.0,319152.0,21441.0,14813.0,10430.0,21.0
2006-10-20,5221.0,315947.0,21502.0,14871.0,9494.0,21.0
2006-10-27,5307.0,317857.0,21484.0,15277.0,10093.0,21.0
2006-11-03,5329.0,318374.0,21076.0,15153.0,9787.0,21.0
2006-11-10,5326.0,319657.0,21317.0,14932.0,9450.0,21.0
2006-11-17,5269.0,324818.0,20331.0,14992.0,10490.0,21.0
2006-11-24,5030.0,324458.0,21158.0,15161.0,9758.0,21.0
2006-12-01,5368.0,323268.0,21116.0,15480.0,10299.0,21.0
2006-12-08,5357.0,318973.0,21349.0,15311.0,9598.0,21.0
2006-12-15,5348.0,312650.0,20918.0,15543.0,8902.0,21.0
2006-12-22,5361.0,304518.0,20781.0,15625.0,9129.0,21.0
2006-12-29,5369.0,303219.0,20368.0,15529.0,10126.0,21.0
2007-01-05,5370.0,297470.0,19562.0,15603.0,9505.0,22.0
2007-01-12,5317.0,304238.0,20201.0,15101.0,11057.0,22.0
2007-01-19,5241.0,305027.0,20369.0,14896.0,9808.0,22.0
2007-01-26,5224.0,307711.0,20869.0,14784.0,9967.0,22.0
2007-02-02,5283.0,307193.0,21637.0,14837.0,9547.0,22.0
2007-02-09,5316.0,306604.0,21815.0,14836.0,9584.0,22.0
2007-02-16,5323.0,310298.0,22037.0,14420.0,9742.0,22.0
2007-02-23,5285.0,311719.0,21698.0,14616.0,9522.0,22.0
2007-03-02,5267.0,306822.0,21273.0,14757.0,8872.0,22.0
2007-03-09,5218.0,308002.0,21003.0,14592.0,9802.0,22.0
2007-03-16,5235.0,311926.0,21344.0,14789.0,10418.0,22.0
2007-03-23,5218.0,311080.0,20807.0,14956.0,9632.0,22.0
2007-03-30,5243.0,315387.0,20747.0,14841.0,10245.0,22.0
2007-04-06,5179.0,316219.0,20823.0,15072.0,9804.0,22.0
2007-04-13,5125.0,315225.0,20825.0,15444.0,9919.0,22.0
2007-04-20,5128.0,317299.0,21076.0,15086.0,10035.0,22.0
2007-04-27,5089.0,318468.0,20796.0,15132.0,10264.0,22.0
2007-05-04,5131.0,323940.0,20795.0,15306.0,10991.0,22.0
2007-05-11,5201.0,325001.0,20831.0,15340.0,10332.0,23.0
2007-05-18,5207.0,326970.0,20786.0,15691.0,10892.0,23.0
2007-05-25,5148.0,325014.0,21235.0,15615.0,10018.0,23.0
2007-06-01,5180.0,325227.0,20972.0,15380.0,10240.0,23.0
2007-06-08,5170.0,325309.0,21062.0,15371.0,10141.0,23.0
2007-06-15,5093.0,332211.0,20517.0,15022.0,10791.0,23.0
2007-06-22,5108.0,333773.0,21087.0,15430.0,10501.0,23.0
2007-06-29,5122.0,336924.0,20616.0,15544.0,10778.0,23.0
2007-07-06,5198.0,335336.0,21069.0,15561.0,10025.0,23.0
2007-07-13,5201.0,334887.0,21008.0,15650.0,10375.0,23.0
2007-07-20,5184.0,333784.0,21006.0,15822.0,10378.0,23.0
2007-07-27,5206.0,327287.0,20900.0,16210.0,10165.0,23.0
2007-08-03,5142.0,323326.0,21090.0,15791.0,9998.0,24.0
2007-08-10,5192.0,318159.0,21139.0,15783.0,9873.0,24.0
2007-08-17,5119.0,320049.0,21305.0,15727.0,10815.0,24.0
2007-08-24,5161.0,316563.0,21260.0,15469.0,9822.0,24.0
2007-08-31,5021.0,312591.0,21422.0,15901.0,10237.0,25.0
2007-09-07,5129.0,305578.0,20449.0,15564.0,9563.0,25.0
2007-09-14,5039.0,301704.0,20559.0,15357.0,9805.0,25.0
2007-09-21,5027.0,303546.0,20184.0,15018.0,10442.0,25.0
2007-09-28,5064.0,304684.0,20640.0,15154.0,10253.0,25.0
2007-10-05,5059.0,302875.0,20792.0,15111.0,9869.0,24.0
2007-10-12,5102.0,304659.0,21024.0,15123.0,10408.0,24.0
2007-10-19,5122.0,299371.0,20660.0,14940.0,9103.0,24.0
2007-10-26,5114.0,295477.0,20412.0,14927.0,9381.0,24.0
2007-11-02,5126.0,294517.0,20661.0,14884.0,9656.0,25.0
2007-11-09,5134.0,297331.0,20627.0,15048.0,10487.0,25.0
2007-11-16,4942.0,296260.0,21350.0,14897.0,9820.0,25.0
2007-11-23,5117.0,295808.0,20863.0,15470.0,10354.0,25.0
2007-11-30,5133.0,287895.0,20795.0,15450.0,9374.0,25.0
2007-12-07,5117.0,286806.0,20977.0,15278.0,10063.0,25.0
2007-12-14,5110.0,279220.0,21050.0,15240.0,9111.0,25.0
2007-12-21,5117.0,275921.0,21535.0,15218.0,9805.0,25.0
2007-12-28,5078.0,271865.0,21349.0,15382.0,10009.0,25.0
2008-01-04,5051.0,265361.0,21288.0,15771.0,9806.0,25.0
2008-01-11,5013.0,269620.0,20469.0,15011.0,10389.0,26.0
2008-01-18,5042.0,271917.0,20749.0,14920.0,10156.0,26.0
2008-01-25,4998.0,275472.0,20785.0,14618.0,10056.0,26.0
2008-02-01,5013.0,282340.0,20490.0,14492.0,10514.0,26.0
2008-02-08,5044.0,283406.0,20118.0,14561.0,9737.0,26.0
2008-02-15,5034.0,287610.0,21311.0,14464.0,10102.0,26.0
2008-02-22,5044.0,290841.0,20407.0,14624.0,9958.0,26.0
2008-02-29,5050.0,287785.0,20383.0,14868.0,9437.0,26.0
2008-03-07,5100.0,294185.0,20081.0,14622.0,10548.0,26.0
2008-03-14,5100.0,294318.0,20164.0,14427.0,9468.0,26.0
2008-03-21,5103.0,294406.0,20485.0,14135.0,8898.0,26.0
2008-03-28,5087.0,301723.0,20402.0,14207.0,10283.0,26.0
2008-04-04,5097.0,298516.0,20769.0,14349.0,8912.0,26.0
2008-04-11,5096.0,296160.0,20591.0,14236.0,8879.0,26.0
2008-04-18,5101.0,298581.0,21116.0,14827.0,10041.0,26.0
2008-04-25,5098.0,302429.0,20241.0,14748.0,10215.0,26.0
2008-05-02,5099.0,308082.0,20496.0,14649.0,10628.0,26.0
2008-05-09,5128.0,308258.0,20274.0,15054.0,9933.0,26.0
2008-05-16,5045.0,302941.0,20347.0,15083.0,9237.0,26.0
2008-05-23,5128.0,294058.0,20807.0,15297.0,8959.0,26.0
2008-05-30,5139.0,289256.0,20153.0,15480.0,9786.0,27.0
2008-06-06,5114.0,284679.0,20243.0,15319.0,9688.0,27.0
2008-06-13,5145.0,283437.0,20456.0,15439.0,10259.0,27.0
2008-06-20,5120.0,284240.0,20079.0,15258.0,10251.0,27.0
2008-06-27,5123.0,282258.0,20590.0,15413.0,10168.0,27.0
2008-07-04,4960.0,276552.0,20320.0,15488.0,9547.0,27.0
2008-07-11,5139.0,279504.0,20198.0,15467.0,10791.0,27.0
2008-07-18,5165.0,277946.0,19903.0,15112.0,9806.0,27.0
2008-07-25,5160.0,277865.0,20204.0,15162.0,10005.0,27.0
2008-08-01,5172.0,279363.0,20215.0,15039.0,10193.0,27.0
2008-08-08,5139.0,279047.0,20372.0,14823.0,9655.0,27.0
2008-08-15,5078.0,288437.0,20106.0,14811.0,10991.0,27.0
2008-08-22,4906.0,288260.0,20133.0,15111.0,9979.0,27.0
2008-08-29,5097.0,286362.0,20555.0,15258.0,9830.0,26.0
2008-09-05,4084.0,280482.0,19784.0,13483.0,8581.0,26.0
2008-09-12,3988.0,274154.0,19049.0,13237.0,8510.0,26.0
2008-09-19,3932.0,272634.0,18784.0,11504.0,7143.0,26.0
2008-09-26,3839.0,276912.0,18465.0,12452.0,8989.0,26.0
2008-10-03,4422.0,285104.0,18341.0,14024.0,10346.0,27.0
2008-10-10,4572.0,290715.0,18865.0,14115.0,10161.0,27.0
2008-10-17,4630.0,293897.0,19193.0,14562.0,10400.0,27.0
2008-10-24,4675.0,294390.0,19113.0,14851.0,10337.0,27.0
2008-10-31,4776.0,294444.0,19216.0,14617.0,9972.0,27.0
2008-11-07,4885.0,294394.0,19004.0,14463.0,9503.0,27.0
2008-11-14,4943.0,295993.0,18972.0,14558.0,9871.0,27.0
2008-11-21,5006.0,303273.0,19482.0,14838.0,10959.0,27.0
2008-11-28,5118.0,302817.0,19606.0,14580.0,9504.0,27.0
2008-12-05,5152.0,303169.0,19149.0,14967.0,9959.0,28.0
2008-12-12,4967.0,303694.0,20192.0,14552.0,9673.0,28.0
2008-12-19,4972.0,300593.0,20191.0,14511.0,9118.0,28.0
2008-12-26,4979.0,301142.0,20211.0,14190.0,9249.0,28.0
2009-01-02,4935.0,307236.0,19836.0,14522.0,10485.0,28.0
2009-01-09,4917.0,308380.0,18640.0,14586.0,9729.0,28.0
2009-01-16,5052.0,314480.0,19097.0,14145.0,9866.0,28.0
2009-01-23,5045.0,320698.0,20151.0,14136.0,9708.0,28.0
2009-01-30,5235.0,327868.0,20306.0,14341.0,10037.0,28.0
2009-02-06,5327.0,332487.0,19662.0,14127.0,9652.0,28.0
2009-02-13,5323.0,332349.0,19690.0,14143.0,8793.0,29.0
2009-02-20,5300.0,333066.0,19233.0,13936.0,8769.0,29.0
2009-02-27,5373.0,332309.0,19577.0,14345.0,9028.0,29.0
2009-03-06,5401.0,332824.0,18892.0,14116.0,9121.0,29.0
2009-03-13,5414.0,334766.0,18787.0,14180.0,9180.0,29.0
2009-03-20,5432.0,338068.0,19191.0,14135.0,9384.0,29.0
2009-03-27,5480.0,340912.0,18591.0,14158.0,9554.0,29.0
2009-04-03,5469.0,342328.0,18867.0,14287.0,9332.0,30.0
2009-04-10,5482.0,347999.0,18239.0,13987.0,9391.0,30.0
2009-04-17,5421.0,351856.0,18160.0,14516.0,9855.0,30.0
2009-04-24,5269.0,355909.0,18429.0,14334.0,9824.0,31.0
2009-05-01,5280.0,356863.0,18019.0,14754.0,9920.0,31.0
2009-05-08,5306.0,352234.0,18168.0,14424.0,8708.0,31.0
2009-05-15,5352.0,350129.0,18403.0,14109.0,8791.0,30.0
2009-05-22,5364.0,344716.0,18579.0,14733.0,8778.0,30.0
2009-05-29,5358.0,347582.0,17679.0,14725.0,9646.0,30.0
2009-06-05,5358.0,343186.0,18725.0,14750.0,8970.0,30.0
2009-06-12,5273.0,339312.0,18964.0,14677.0,9037.0,30.0
2009-06-19,5257.0,335444.0,17913.0,15031.0,9284.0,30.0
2009-06-26,5163.0,331784.0,18169.0,14992.0,9363.0,30.0
2009-07-03,5171.0,329083.0,18494.0,14966.0,9224.0,30.0
2009-07-10,5171.0,326270.0,18846.0,15105.0,9549.0,31.0
2009-07-17,5176.0,324474.0,18917.0,14779.0,9203.0,31.0
2009-07-24,5107.0,329626.0,18713.0,14608.0,10024.0,31.0
2009-07-31,5246.0,331296.0,19287.0,14434.0,9287.0,31.0
2009-08-07,5172.0,333992.0,18702.0,14365.0,9530.0,31.0
2009-08-14,5169.0,325595.0,19279.0,14504.0,8113.0,31.0
2009-08-21,5173.0,325723.0,19473.0,14483.0,9225.0,31.0
2009-08-28,5244.0,325351.0,19713.0,14951.0,9576.0,31.0
2009-09-04,5266.0,319545.0,19522.0,15105.0,9095.0,31.0
2009-09-11,5304.0,314816.0,19104.0,15049.0,8903.0,31.0
2009-09-18,5300.0,317671.0,18476.0,14733.0,9794.0,31.0
2009-09-25,5375.0,320467.0,18909.0,14591.0,9533.0,31.0
2009-10-02,5360.0,319333.0,18733.0,14607.0,9098.0,31.0
2009-10-09,5377.0,319667.0,18936.0,14097.0,8731.0,32.0
2009-10-16,5371.0,320979.0,18669.0,14070.0,8699.0,32.0
2009-10-23,5357.0,321757.0,18523.0,14203.0,8890.0,32.0
2009-10-30,5391.0,317821.0,19144.0,13970.0,8126.0,32.0
2009-11-06,5506.0,319609.0,18315.0,13825.0,8656.0,32.0
2009-11-13,5317.0,318722.0,18506.0,13794.0,8579.0,32.0
2009-11-20,5433.0,319741.0,18820.0,13971.0,8950.0,32.0
2009-11-27,5561.0,321832.0,18323.0,13844.0,8401.0,32.0
2009-12-04,5538.0,318037.0,18348.0,13921.0,8137.0,32.0
2009-12-11,5524.0,314348.0,19572.0,13804.0,7772.0,32.0
2009-12-18,5524.0,309507.0,19377.0,13777.0,7707.0,32.0
2009-12-25,5512.0,307969.0,19062.0,13879.0,8027.0,32.0
2010-01-01,5507.0,306626.0,18755.0,13792.0,8355.0,32.0
2010-01-08,5496.0,310325.0,18637.0,14005.0,8895.0,32.0
2010-01-15,5404.0,309854.0,18736.0,13824.0,8540.0,33.0
2010-01-22,5421.0,305966.0,18884.0,13624.0,7867.0,33.0
2010-01-29,5403.0,308283.0,18742.0,13461.0,8426.0,33.0
2010-02-05,5475.0,310577.0,19261.0,13590.0,8342.0,33.0
2010-02-12,5482.0,313662.0,19092.0,13772.0,8548.0,33.0
2010-02-19,5505.0,316696.0,19283.0,14107.0,9084.0,33.0
2010-02-26,5510.0,320730.0,19618.0,14074.0,9236.0,33.0
2010-03-05,5527.0,322200.0,19653.0,13925.0,8492.0,33.0
2010-03-12,5540.0,323212.0,18832.0,13940.0,8428.0,33.0
2010-03-19,5536.0,330457.0,19336.0,14042.0,9397.0,33.0
2010-03-26,5489.0,333386.0,19021.0,14234.0,9060.0,33.0
2010-04-02,5473.0,335532.0,18907.0,14604.0,9561.0,33.0
2010-04-09,5475.0,333330.0,19012.0,14813.0,8880.0,33.0
2010-04-16,5466.0,335224.0,18484.0,14678.0,9613.0,34.0
2010-04-23,5488.0,337187.0,18428.0,14956.0,9681.0,34.0
2010-04-30,5522.0,339942.0,19467.0,15146.0,9951.0,34.0
2010-05-07,5533.0,341861.0,19320.0,15036.0,9687.0,34.0
2010-05-14,5516.0,342023.0,19604.0,15192.0,9829.0,34.0
2010-05-21,5540.0,344483.0,19714.0,15085.0,9928.0,34.0
2010-05-28,5320.0,342581.0,20021.0,15105.0,9455.0,34.0
2010-06-04,5445.0,340906.0,19316.0,15187.0,9535.0,34.0
2010-06-11,5503.0,342596.0,19135.0,15114.0,9699.0,34.0
2010-06-18,5501.0,344613.0,19498.0,15191.0,10112.0,33.0
2010-06-25,5257.0,342606.0,18967.0,15093.0,9481.0,33.0
2010-07-02,5414.0,337562.0,19599.0,15228.0,9413.0,33.0
2010-07-09,5352.0,332504.0,18724.0,15469.0,9281.0,33.0
2010-07-16,5460.0,332864.0,19281.0,15517.0,9977.0,33.0
2010-07-23,5486.0,340172.0,19642.0,15462.0,11153.0,33.0
2010-07-30,5440.0,337388.0,19302.0,15575.0,9629.0,33.0
2010-08-06,5239.0,334390.0,19472.0,15066.0,9441.0,33.0
2010-08-13,5352.0,333572.0,19415.0,15238.0,9561.0,32.0
2010-08-20,5511.0,337680.0,19293.0,14890.0,9881.0,32.0
2010-08-27,5602.0,341105.0,19590.0,14822.0,9679.0,32.0
2010-09-03,5603.0,339337.0,19447.0,14912.0,8885.0,32.0
2010-09-10,5573.0,336848.0,19216.0,15006.0,9027.0,33.0
2010-09-17,5556.0,337818.0,19098.0,15047.0,9322.0,33.0
2010-09-24,5562.0,337343.0,19754.0,14666.0,9005.0,33.0
2010-10-01,5514.0,340186.0,18784.0,14151.0,8926.0,33.0
2010-10-08,5528.0,339770.0,18714.0,13920.0,8128.0,33.0
2010-10-15,5536.0,340437.0,18682.0,13967.0,8600.0,33.0
2010-10-22,5540.0,345444.0,19366.0,14138.0,9463.0,33.0
2010-10-29,5593.0,347394.0,19267.0,13905.0,8578.0,33.0
2010-11-05,5596.0,343849.0,19609.0,14058.0,8089.0,33.0
2010-11-12,5597.0,336563.0,18919.0,14275.0,7864.0,34.0
2010-11-19,5581.0,337592.0,19010.0,14284.0,9024.0,34.0
2010-11-26,5555.0,338658.0,18454.0,14114.0,8446.0,34.0
2010-12-03,5582.0,334524.0,19936.0,14903.0,9053.0,34.0
2010-12-10,5604.0,324670.0,20209.0,14974.0,7690.0,33.0
2010-12-17,5598.0,319337.0,19981.0,14926.0,8741.0,33.0
2010-12-24,5575.0,318079.0,20749.0,14929.0,8813.0,33.0
2010-12-31,5598.0,313918.0,19059.0,14988.0,8446.0,33.0
2011-01-07,5575.0,311526.0,18958.0,14728.0,8895.0,33.0
2011-01-14,5205.0,314143.0,19113.0,14339.0,8999.0,33.0
2011-01-21,5321.0,318979.0,19035.0,14127.0,9385.0,33.0
2011-01-28,5568.0,321573.0,18787.0,14302.0,9014.0,33.0
2011-02-04,5597.0,323404.0,19157.0,14344.0,8909.0,33.0
2011-02-11,5610.0,324264.0,19793.0,13863.0,8266.0,33.0
2011-02-18,5604.0,325086.0,19664.0,13535.0,8106.0,33.0
2011-02-25,5591.0,324722.0,18958.0,13798.0,8010.0,33.0
2011-03-04,5593.0,327099.0,19669.0,13943.0,8300.0,33.0
2011-03-11,5591.0,328844.0,19111.0,14182.0,8681.0,34.0
2011-03-18,5570.0,330975.0,19310.0,14349.0,8987.0,34.0
2011-03-25,5568.0,333920.0,18605.0,14332.0,9128.0,34.0
2011-04-01,5638.0,335536.0,19183.0,14371.0,8950.0,34.0
2011-04-08,5635.0,337163.0,19258.0,14017.0,8571.0,34.0
2011-04-15,5625.0,334841.0,19274.0,14104.0,8053.0,34.0
2011-04-22,5610.0,340997.0,19588.0,14077.0,9266.0,34.0
2011-04-29,5623.0,344418.0,18332.0,14059.0,8877.0,34.0
2011-05-06,5609.0,348050.0,18164.0,14108.0,8964.0,34.0
2011-05-13,5618.0,348035.0,18515.0,14347.0,8570.0,34.0
2011-05-20,5583.0,348651.0,18916.0,14841.0,9232.0,34.0
2011-05-27,5609.0,351529.0,19134.0,14851.0,9518.0,34.0
2011-06-03,5633.0,346897.0,19222.0,15112.0,8600.0,34.0
2011-06-10,5643.0,343491.0,18806.0,14869.0,8638.0,35.0
2011-06-17,5650.0,341780.0,19037.0,15278.0,9149.0,35.0
2011-06-24,5593.0,337405.0,18877.0,15247.0,8878.0,35.0
2011-07-01,5520.0,336532.0,19232.0,15315.0,9854.0,35.0
2011-07-08,5578.0,333408.0,18513.0,15218.0,9000.0,35.0
2011-07-15,5591.0,329681.0,18853.0,15621.0,9343.0,35.0
2011-07-22,5377.0,331977.0,18426.0,15360.0,9840.0,35.0
2011-07-29,5523.0,332927.0,19641.0,15489.0,9134.0,35.0
2011-08-05,5529.0,327806.0,20293.0,15624.0,9100.0,35.0
2011-08-12,5561.0,332039.0,19414.0,15419.0,9285.0,35.0
2011-08-19,5591.0,329826.0,19243.0,15663.0,8808.0,35.0
2011-08-26,5598.0,335107.0,19562.0,15444.0,9607.0,35.0
2011-09-02,5642.0,331146.0,19386.0,15450.0,8565.0,35.0
2011-09-09,5083.0,324442.0,18654.0,15024.0,8542.0,35.0
2011-09-16,5747.0,317106.0,19024.0,15307.0,8351.0,36.0
2011-09-23,5756.0,319021.0,19083.0,15177.0,9702.0,36.0
2011-09-30,5800.0,314342.0,19101.0,15104.0,8700.0,36.0
2011-10-07,5878.0,315575.0,18737.0,14541.0,9086.0,36.0
2011-10-14,5891.0,310846.0,18329.0,14407.0,7921.0,36.0
2011-10-21,5876.0,315581.0,18884.0,14660.0,9373.0,36.0
2011-10-28,5818.0,317407.0,18641.0,14693.0,8954.0,36.0
2011-11-04,5846.0,315819.0,20037.0,14335.0,8618.0,36.0
2011-11-11,5894.0,314763.0,19311.0,14679.0,8565.0,36.0
2011-11-18,5887.0,308544.0,18585.0,14796.0,8319.0,36.0
2011-11-25,5864.0,312476.0,17946.0,14565.0,9061.0,36.0
2011-12-02,5861.0,313625.0,18308.0,15247.0,9436.0,36.0
2011-12-09,5862.0,311693.0,18409.0,14657.0,8322.0,36.0
2011-12-16,5862.0,301123.0,19324.0,14604.0,7581.0,36.0
2011-12-23,5846.0,305022.0,18499.0,14585.0,8990.0,36.0
2011-12-30,5851.0,307231.0,18023.0,14756.0,9024.0,36.0
2012-01-06,5844.0,309056.0,17811.0,14937.0,9907.0,36.0
2012-01-13,5726.0,305618.0,17902.0,14585.0,8265.0,37.0
2012-01-20,5722.0,309176.0,19241.0,14306.0,8853.0,37.0
2012-01-27,5720.0,313351.0,17704.0,14217.0,8880.0,37.0
2012-02-03,5763.0,313642.0,17618.0,14397.0,8413.0,37.0
2012-02-10,5819.0,313471.0,18655.0,14719.0,8756.0,37.0
2012-02-17,5817.0,315104.0,18237.0,14889.0,9091.0,37.0
2012-02-24,5814.0,319264.0,18256.0,14607.0,9187.0,37.0
2012-03-02,5806.0,320112.0,18178.0,14589.0,8712.0,37.0
2012-03-09,5830.0,321862.0,18571.0,14463.0,8716.0,37.0
2012-03-16,5826.0,320700.0,17674.0,14363.0,8224.0,38.0
2012-03-23,5821.0,327802.0,18204.0,14451.0,9269.0,38.0
2012-03-30,6049.0,336811.0,18186.0,14750.0,9774.0,38.0
2012-04-06,6040.0,339377.0,19005.0,14355.0,8522.0,38.0
2012-04-13,6043.0,343233.0,18863.0,14454.0,8718.0,39.0
2012-04-20,6113.0,347211.0,18756.0,14477.0,8766.0,39.0
2012-04-27,6121.0,350051.0,18544.0,14707.0,8822.0,39.0
2012-05-04,6136.0,355340.0,18603.0,14742.0,8967.0,39.0
2012-05-11,6149.0,357468.0,19013.0,15044.0,8881.0,39.0
2012-05-18,6239.0,358351.0,18683.0,14987.0,8583.0,39.0
2012-05-25,6227.0,360564.0,18320.0,15169.0,9056.0,39.0
2012-06-01,6245.0,358801.0,18226.0,15468.0,8957.0,39.0
2012-06-08,6236.0,358610.0,19405.0,15620.0,9117.0,39.0
2012-06-15,6353.0,361471.0,18599.0,15608.0,9445.0,39.0
2012-06-22,6257.0,361338.0,19064.0,15645.0,9118.0,39.0
2012-06-29,6094.0,357068.0,19601.0,15631.0,8774.0,39.0
2012-07-06,6249.0,352213.0,18535.0,15774.0,8626.0,39.0
2012-07-13,6245.0,351404.0,18596.0,15538.0,8937.0,39.0
2012-07-20,6364.0,354121.0,19076.0,15796.0,9633.0,40.0
2012-07-27,6320.0,347599.0,19150.0,15571.0,8406.0,40.0
2012-08-03,6218.0,343824.0,18946.0,15607.0,8627.0,40.0
2012-08-10,6181.0,340125.0,20026.0,15711.0,8717.0,40.0
2012-08-17,6246.0,334713.0,18747.0,15438.0,8207.0,40.0
2012-08-24,6258.0,338491.0,19116.0,15380.0,9495.0,40.0
2012-08-31,5486.0,331065.0,18942.0,14608.0,8035.0,40.0
2012-09-07,5526.0,332474.0,17999.0,14321.0,8565.0,40.0
2012-09-14,6277.0,341008.0,18334.0,14916.0,9848.0,41.0
2012-09-21,6509.0,338562.0,18315.0,14624.0,7595.0,41.0
2012-09-28,6520.0,338080.0,18720.0,14846.0,8106.0,41.0
2012-10-05,6598.0,339592.0,18719.0,14749.0,8221.0,41.0
2012-10-12,6606.0,342452.0,19519.0,14819.0,8347.0,41.0
2012-10-19,6610.0,348348.0,19136.0,14802.0,8823.0,41.0
2012-10-26,6669.0,346303.0,18326.0,14850.0,7922.0,41.0
2012-11-02,6677.0,347850.0,18371.0,14667.0,8011.0,41.0
2012-11-09,6709.0,348939.0,19346.0,14612.0,7870.0,42.0
2012-11-16,6710.0,347473.0,19437.0,14889.0,7768.0,42.0
2012-11-23,6818.0,347126.0,18969.0,15174.0,8118.0,42.0
2012-11-30,6817.0,344769.0,18337.0,15429.0,8230.0,42.0
2012-12-07,6852.0,344909.0,18825.0,15367.0,8499.0,42.0
2012-12-14,6863.0,343945.0,19955.0,15594.0,8399.0,43.0
2012-12-21,6984.0,343359.0,18857.0,15328.0,8025.0,43.0
2012-12-28,6985.0,332239.0,18894.0,15341.0,7094.0,43.0
2013-01-04,7002.0,333131.0,17755.0,15257.0,8342.0,43.0
2013-01-11,7041.0,332180.0,17954.0,15101.0,8030.0,43.0
2013-01-18,6989.0,334993.0,18645.0,14206.0,7730.0,44.0
2013-01-25,6993.0,340940.0,18681.0,14481.0,8068.0,44.0
2013-02-01,6997.0,343274.0,18052.0,14431.0,7569.0,44.0
2013-02-08,7064.0,343834.0,19048.0,14310.0,7513.0,44.0
2013-02-15,7118.0,347977.0,18412.0,14176.0,7689.0,44.0
2013-02-22,7096.0,349107.0,18680.0,14511.0,7958.0,44.0
2013-03-01,7093.0,352843.0,18296.0,14031.0,7308.0,44.0
2013-03-08,7159.0,355467.0,18597.0,13994.0,7535.0,44.0
2013-03-15,7150.0,354153.0,17765.0,14514.0,7317.0,45.0
2013-03-22,7151.0,357409.0,18873.0,14878.0,8158.0,45.0
2013-03-29,7151.0,360116.0,18966.0,15008.0,7931.0,45.0
2013-04-05,7181.0,359998.0,18121.0,15114.0,7720.0,45.0
2013-04-12,7208.0,358765.0,18461.0,15074.0,7431.0,45.0
2013-04-19,7326.0,359712.0,18610.0,14488.0,7564.0,47.0
2013-04-26,7312.0,366408.0,17937.0,14710.0,8166.0,47.0
2013-05-03,7369.0,366779.0,19100.0,15180.0,7606.0,47.0
2013-05-10,7321.0,366155.0,18516.0,15253.0,7623.0,47.0
2013-05-17,7258.0,365817.0,18846.0,15249.0,8130.0,48.0
2013-05-24,7292.0,368817.0,18286.0,15029.0,7817.0,48.0
2013-05-31,7300.0,362550.0,18779.0,15462.0,7268.0,48.0
2013-06-07,7224.0,365179.0,17923.0,15237.0,7850.0,48.0
2013-06-14,7129.0,365492.0,18419.0,15531.0,8436.0,48.0
2013-06-21,7261.0,365510.0,18967.0,15704.0,8298.0,50.0
2013-06-28,7267.0,355163.0,20392.0,16090.0,7407.0,50.0
2013-07-05,7401.0,345426.0,19239.0,16118.0,7525.0,50.0
2013-07-12,7490.0,338524.0,19467.0,16237.0,7705.0,50.0
2013-07-19,7555.0,335699.0,19787.0,16031.0,8032.0,52.0
2013-07-26,7542.0,336130.0,19664.0,15965.0,8168.0,52.0
2013-08-02,7560.0,334699.0,19688.0,15893.0,7914.0,52.0
2013-08-09,7571.0,331887.0,19088.0,15611.0,7917.0,52.0
2013-08-16,7518.0,330459.0,19337.0,15845.0,7951.0,55.0
2013-08-23,7609.0,333445.0,19449.0,15774.0,8374.0,55.0
2013-08-30,7621.0,331609.0,18911.0,15936.0,8255.0,55.0
2013-09-06,7745.0,330991.0,18360.0,15896.0,8017.0,55.0
2013-09-13,7827.0,326623.0,19820.0,16110.0,7578.0,55.0
2013-09-20,7777.0,329258.0,19261.0,15591.0,7925.0,56.0
2013-09-27,7784.0,334730.0,18681.0,15445.0,8363.0,56.0
2013-10-04,7809.0,341474.0,19044.0,14890.0,8043.0,56.0
2013-10-11,7428.0,345473.0,18990.0,14853.0,8004.0,56.0
2013-10-18,7896.0,350719.0,18269.0,14855.0,7656.0,56.0
2013-10-25,7853.0,354806.0,20136.0,15052.0,7459.0,56.0
2013-11-01,7858.0,355995.0,20223.0,15068.0,7224.0,56.0
2013-11-08,7981.0,358635.0,20297.0,15411.0,7844.0,56.0
2013-11-15,7974.0,359010.0,20438.0,15447.0,7863.0,56.0
2013-11-22,8019.0,361963.0,19635.0,15551.0,7718.0,57.0
2013-11-29,8011.0,356378.0,19973.0,16106.0,7809.0,57.0
2013-12-06,8075.0,345374.0,18554.0,16131.0,6862.0,57.0
2013-12-13,8058.0,342433.0,20996.0,15931.0,7732.0,57.0
2013-12-20,8111.0,337702.0,20484.0,16233.0,7535.0,58.0
2013-12-27,8121.0,330695.0,19004.0,16247.0,7495.0,58.0
2014-01-03,8145.0,326737.0,18222.0,16134.0,7961.0,58.0
2014-01-10,8159.0,319079.0,18858.0,15731.0,6889.0,58.0
2014-01-17,8052.0,320069.0,18959.0,15216.0,7544.0,58.0
2014-01-24,8044.0,326490.0,20047.0,15417.0,8048.0,61.0
2014-01-31,8044.0,326930.0,19110.0,15049.0,6887.0,61.0
2014-02-07,8132.0,329983.0,18541.0,15215.0,7929.0,61.0
2014-02-14,8148.0,330956.0,18709.0,15178.0,7421.0,61.0
2014-02-21,8059.0,331024.0,18283.0,15299.0,7037.0,64.0
2014-02-28,8077.0,332453.0,18291.0,15212.0,7112.0,64.0
2014-03-07,8182.0,338333.0,19027.0,14987.0,7311.0,64.0
2014-03-14,8215.0,344183.0,18783.0,14951.0,7309.0,64.0
2014-03-21,8190.0,350802.0,18257.0,15092.0,7617.0,64.0
2014-03-28,8192.0,348423.0,18199.0,15315.0,6831.0,67.0
2014-04-04,8229.0,352341.0,18289.0,15337.0,7312.0,67.0
2014-04-11,8301.0,362354.0,18412.0,15613.0,8271.0,67.0
2014-04-18,8360.0,365878.0,18051.0,15980.0,7796.0,67.0
2014-04-25,8352.0,367576.0,18849.0,15954.0,7483.0,71.0
2014-05-02,8350.0,366004.0,18552.0,15904.0,6885.0,71.0
2014-05-09,8428.0,366951.0,19447.0,15667.0,7127.0,71.0
2014-05-16,8434.0,359725.0,18855.0,15949.0,6469.0,71.0
2014-05-23,8472.0,361382.0,19563.0,15851.0,7809.0,74.0
2014-05-30,8383.0,357951.0,18586.0,16057.0,7123.0,74.0
2014-06-06,8460.0,355221.0,18025.0,15547.0,7146.0,74.0
2014-06-13,8477.0,354642.0,18557.0,15397.0,7234.0,74.0
2014-06-20,8446.0,356384.0,18807.0,15672.0,7341.0,273.0
2014-06-27,8442.0,353229.0,19433.0,16218.0,7265.0,273.0
2014-07-04,8514.0,350822.0,19248.0,16252.0,7285.0,273.0
2014-07-11,8592.0,343297.0,19277.0,16626.0,7427.0,273.0
2014-07-18,8565.0,339328.0,19311.0,16598.0,7407.0,273.0
2014-07-25,8443.0,335631.0,19607.0,16551.0,7744.0,295.0
2014-08-01,8453.0,334167.0,20335.0,16393.0,7563.0,295.0
2014-08-08,8556.0,335568.0,19825.0,16214.0,7846.0,295.0
2014-08-15,8577.0,331094.0,19885.0,16418.0,7459.0,295.0
2014-08-22,8631.0,329024.0,19183.0,16542.0,7633.0,385.0
2014-08-29,8630.0,328119.0,19955.0,16428.0,7675.0,385.0
2014-09-05,8590.0,327428.0,18596.0,16332.0,7621.0,385.0
2014-09-12,8838.0,331101.0,19749.0,16304.0,8114.0,385.0
2014-09-19,8867.0,326828.0,19177.0,16214.0,6870.0,385.0
2014-09-26,8837.0,325465.0,19400.0,15689.0,7284.0,420.0
2014-10-03,8875.0,330380.0,19019.0,15554.0,7712.0,420.0
2014-10-10,8951.0,339303.0,19595.0,15321.0,7740.0,420.0
2014-10-17,8934.0,346414.0,18645.0,15208.0,7477.0,420.0
2014-10-24,8970.0,348475.0,20061.0,15129.0,7101.0,411.0
2014-10-31,8972.0,348935.0,19607.0,15485.0,6675.0,411.0
2014-11-07,9063.0,346150.0,19844.0,15752.0,6877.0,411.0
2014-11-14,9004.0,348758.0,19702.0,15913.0,7638.0,411.0
2014-11-21,9077.0,350704.0,20480.0,15957.0,7473.0,374.0
2014-11-28,9083.0,347015.0,19831.0,16356.0,7303.0,374.0
2014-12-05,9118.0,348313.0,19454.0,16627.0,7668.0,374.0
2014-12-12,9137.0,347466.0,20465.0,16301.0,7104.0,374.0
2014-12-19,9127.0,354733.0,21037.0,16341.0,8292.0,388.0
2014-12-26,9121.0,352979.0,19939.0,16377.0,7061.0,388.0
2015-01-02,9132.0,348806.0,19353.0,16420.0,6856.0,388.0
2015-01-09,9192.0,354195.0,19257.0,15893.0,7492.0,388.0
2015-01-16,9186.0,364266.0,20246.0,14909.0,7218.0,388.0
2015-01-23,9213.0,373140.0,20515.0,15256.0,7422.0,502.0
2015-01-30,9177.0,379473.0,18619.0,15544.0,7387.0,502.0
2015-02-06,9226.0,383800.0,19651.0,15564.0,7286.0,502.0
2015-02-13,9280.0,391516.0,20399.0,15442.0,7105.0,502.0
2015-02-20,9285.0,399943.0,19813.0,15243.0,7279.0,478.0
2015-02-27,9324.0,410246.0,19658.0,15113.0,7368.0,478.0
2015-03-06,9366.0,415425.0,18617.0,15300.0,6793.0,478.0
2015-03-13,9419.0,425047.0,19530.0,15436.0,7496.0,478.0
2015-03-20,9422.0,433217.0,18712.0,15530.0,7392.0,503.0
2015-03-27,9386.0,437983.0,19481.0,15728.0,7348.0,503.0
2015-04-03,9404.0,449662.0,19099.0,15929.0,8217.0,503.0
2015-04-10,9384.0,450956.0,18995.0,16212.0,7148.0,503.0
2015-04-17,9366.0,456271.0,19145.0,15982.0,7765.0,503.0
2015-04-24,9373.0,458181.0,19600.0,16100.0,7446.0,467.0
2015-05-01,9369.0,454079.0,18224.0,16347.0,6541.0,467.0
2015-05-08,9374.0,451888.0,20654.0,15968.0,6881.0,467.0
2015-05-15,9262.0,449214.0,20292.0,16213.0,7199.0,467.0
2015-05-22,9566.0,446412.0,19971.0,16450.0,6696.0,441.0
2015-05-29,9586.0,444464.0,18867.0,16407.0,7373.0,441.0
2015-06-05,9610.0,438447.0,19802.0,16576.0,6623.0,441.0
2015-06-12,9589.0,435771.0,19971.0,16282.0,7067.0,441.0
2015-06-19,9604.0,430837.0,20668.0,16532.0,6765.0,571.0
2015-06-26,9595.0,433223.0,19723.0,16531.0,7513.0,571.0
2015-07-03,9604.0,433714.0,19259.0,16596.0,7316.0,571.0
2015-07-10,9562.0,429368.0,19840.0,16825.0,7354.0,571.0
2015-07-17,9558.0,431836.0,21007.0,16870.0,7941.0,571.0
2015-07-24,9413.0,427633.0,20246.0,16762.0,7545.0,571.0
2015-07-31,9465.0,423226.0,20185.0,17075.0,7180.0,576.0
2015-08-07,9395.0,421822.0,20077.0,17029.0,7573.0,576.0
2015-08-14,9348.0,424442.0,21375.0,16775.0,8038.0,576.0
2015-08-21,9337.0,418990.0,19422.0,16658.0,7199.0,477.0
2015-08-28,9218.0,423657.0,20265.0,16389.0,7855.0,477.0
2015-09-04,9135.0,426062.0,19758.0,16110.0,7459.0,477.0
2015-09-11,9117.0,423958.0,18554.0,16513.0,7189.0,477.0
2015-09-18,9136.0,422033.0,20154.0,16203.0,7176.0,477.0
2015-09-25,9096.0,425988.0,19615.0,15962.0,7554.0,526.0
2015-10-02,9172.0,429028.0,18842.0,15559.0,7068.0,526.0
2015-10-09,9096.0,436590.0,19463.0,15267.0,7315.0,526.0
2015-10-16,9096.0,444618.0,19485.0,15345.0,7471.0,526.0
2015-10-23,9112.0,447994.0,20264.0,15616.0,7032.0,504.0
2015-10-30,9160.0,450841.0,19415.0,15637.0,6943.0,504.0
2015-11-06,9185.0,454822.0,19803.0,15939.0,7377.0,504.0
2015-11-13,9182.0,455074.0,19465.0,16076.0,6968.0,504.0
2015-11-20,9165.0,456035.0,19386.0,16380.0,7333.0,445.0
2015-11-27,9202.0,457212.0,19822.0,16803.0,7747.0,445.0
2015-12-04,9164.0,453553.0,20252.0,16652.0,8021.0,445.0
2015-12-11,9176.0,458354.0,20269.0,16611.0,8312.0,445.0
2015-12-18,9179.0,452477.0,19767.0,16468.0,7326.0,500.0
2015-12-25,9202.0,455106.0,20501.0,16682.0,7892.0,500.0
2016-01-01,9219.0,450956.0,18285.0,16617.0,7510.0,500.0
2016-01-08,9227.0,451190.0,18542.0,16423.0,8188.0,500.0
2016-01-15,9235.0,455169.0,19984.0,16190.0,7779.0,500.0
2016-01-22,9221.0,463552.0,21108.0,15639.0,7609.0,399.0
2016-01-29,9214.0,471344.0,19146.0,15615.0,8256.0,399.0
2016-02-05,9186.0,470676.0,19013.0,15510.0,7124.0,399.0
2016-02-12,9135.0,472823.0,19726.0,15848.0,7919.0,399.0
2016-02-19,9102.0,476325.0,20682.0,15685.0,7802.0,399.0
2016-02-26,9077.0,486699.0,19165.0,15852.0,8292.0,387.0
2016-03-04,9078.0,490843.0,19855.0,15911.0,8048.0,387.0
2016-03-11,9068.0,492160.0,19287.0,15996.0,7693.0,387.0
2016-03-18,9038.0,501517.0,19417.0,15820.0,8384.0,387.0
2016-03-25,9022.0,503816.0,19479.0,16234.0,7748.0,387.0
2016-04-01,9008.0,498598.0,19926.0,16433.0,7254.0,339.0
2016-04-08,8977.0,505232.0,20019.0,15941.0,7940.0,339.0
2016-04-15,8953.0,507312.0,20226.0,16104.0,8187.0,339.0
2016-04-22,8938.0,509311.0,19808.0,15847.0,7550.0,390.0
2016-04-29,8825.0,512095.0,20229.0,15986.0,7660.0,390.0
2016-05-06,8802.0,508487.0,19981.0,16179.0,7655.0,390.0
2016-05-13,8791.0,509797.0,20792.0,16371.0,7677.0,390.0
2016-05-20,8767.0,505571.0,20434.0,16279.0,7315.0,390.0
2016-05-27,8735.0,504205.0,20339.0,16206.0,7839.0,489.0
2016-06-03,8745.0,501844.0,19740.0,16417.0,7705.0,489.0
2016-06-10,8716.0,500911.0,20807.0,16317.0,7622.0,489.0
2016-06-17,8677.0,499994.0,19971.0,16505.0,8439.0,489.0
2016-06-24,8622.0,495941.0,21176.0,16695.0,7555.0,598.0
2016-07-01,8428.0,493718.0,20061.0,16687.0,8363.0,598.0
2016-07-08,8485.0,491172.0,19432.0,16544.0,7841.0,598.0
2016-07-15,8494.0,488830.0,20641.0,16863.0,8134.0,598.0
2016-07-22,8515.0,490501.0,20764.0,16586.0,8437.0,677.0
2016-07-29,8460.0,491914.0,20938.0,16852.0,8738.0,677.0
2016-08-05,8445.0,492969.0,20672.0,16597.0,8404.0,677.0
2016-08-12,8597.0,490461.0,20579.0,16865.0,8193.0,677.0
2016-08-19,8548.0,492962.0,20729.0,16679.0,8642.0,677.0
2016-08-26,8488.0,495238.0,20153.0,16615.0,8917.0,698.0
2016-09-02,8458.0,480725.0,21328.0,16930.0,7069.0,501.0
2016-09-09,8493.0,480166.0,20228.0,16730.0,8062.0,418.0
2016-09-16,8512.0,473966.0,19436.0,16587.0,8309.0,588.0
2016-09-23,8497.0,472084.0,19278.0,16334.0,7835.0,507.0
2016-09-30,8467.0,469108.0,20556.0,16032.0,7710.0,440.0
2016-10-07,8450.0,473958.0,20743.0,15552.0,7861.0,481.0
2016-10-14,8464.0,468711.0,19751.0,15370.0,6907.0,439.0
2016-10-21,8504.0,468158.0,20524.0,15552.0,7016.0,415.0
2016-10-28,8522.0,482578.0,19924.0,15448.0,8995.0,404.0
2016-11-04,8692.0,485010.0,20183.0,15817.0,7442.0,410.0
2016-11-11,8681.0,490284.0,19377.0,16126.0,8423.0,481.0
2016-11-18,8690.0,489029.0,20063.0,16397.0,7578.0,469.0
2016-11-25,8699.0,488145.0,19816.0,16283.0,7548.0,474.0
2016-12-02,8697.0,485756.0,19109.0,16417.0,8303.0,499.0
2016-12-09,8796.0,483193.0,18899.0,16474.0,7360.0,485.0
2016-12-16,8786.0,485449.0,21401.0,16658.0,8471.0,557.0
2016-12-23,8766.0,486063.0,20186.0,16557.0,8167.0,627.0
2016-12-30,8770.0,479012.0,17904.0,16689.0,7183.0,686.0
2017-01-06,8946.0,483109.0,18578.0,17107.0,9052.0,727.0
2017-01-13,8944.0,485456.0,20670.0,16468.0,8378.0,704.0
2017-01-20,8961.0,488296.0,18625.0,16047.0,7810.0,599.0
2017-01-27,8915.0,494762.0,19264.0,15947.0,8290.0,549.0
2017-02-03,8978.0,508592.0,20774.0,15893.0,9372.0,567.0
2017-02-10,8977.0,518119.0,18604.0,15458.0,8491.0,1026.0
2017-02-17,9001.0,518683.0,20322.0,15271.0,7286.0,1211.0
2017-02-24,9032.0,520184.0,19445.0,15664.0,7589.0,721.0
2017-03-03,9088.0,528393.0,19880.0,15492.0,8150.0,897.0
2017-03-10,9109.0,528156.0,19475.0,15472.0,7405.0,717.0
2017-03-17,9129.0,533110.0,19255.0,15801.0,8307.0,550.0
2017-03-24,9147.0,533977.0,19883.0,16226.0,8224.0,1010.0
2017-03-31,9199.0,535543.0,19696.0,16429.0,7850.0,575.0
2017-04-07,9235.0,533377.0,19868.0,16697.0,7878.0,689.0
2017-04-14,9252.0,532343.0,19460.0,16938.0,7810.0,565.0
2017-04-21,9265.0,528702.0,19133.0,17285.0,8912.0,1152.0
2017-04-28,9293.0,527772.0,19934.0,17177.0,8264.0,538.0
2017-05-05,9314.0,522525.0,20571.0,16759.0,7620.0,693.0
2017-05-12,9305.0,520772.0,19485.0,17122.0,8590.0,1086.0
2017-05-19,9320.0,516340.0,20787.0,17281.0,8294.0,625.0
2017-05-26,9342.0,509912.0,20748.0,17510.0,7985.0,1303.0
2017-06-02,9318.0,513207.0,19306.0,17227.0,8341.0,557.0
2017-06-09,9330.0,511546.0,19515.0,17256.0,8025.0,722.0
2017-06-16,9350.0,509095.0,21069.0,17152.0,7876.0,517.0
2017-06-23,9250.0,509213.0,19645.0,16890.0,8016.0,528.0
2017-06-30,9338.0,502914.0,22240.0,17141.0,7742.0,768.0
2017-07-07,9397.0,495350.0,19946.0,17244.0,7610.0,918.0
2017-07-14,9429.0,490623.0,21191.0,17119.0,7996.0,728.0
2017-07-21,9410.0,483415.0,21246.0,17285.0,8044.0,1030.0
2017-07-28,9430.0,481888.0,20620.0,17408.0,8253.0,702.0
2017-08-04,9423.0,475437.0,21946.0,17574.0,7762.0,707.0
2017-08-11,9502.0,466492.0,20937.0,17565.0,8126.0,877.0
2017-08-18,9528.0,463165.0,20683.0,17461.0,8790.0,936.0
2017-08-25,9530.0,457773.0,21435.0,17725.0,7905.0,902.0
2017-09-01,8781.0,462353.0,20039.0,14472.0,7083.0,153.0
2017-09-08,9353.0,468241.0,19707.0,14078.0,6480.0,774.0
2017-09-15,9510.0,472832.0,20416.0,15172.0,7368.0,928.0
2017-09-22,9547.0,470986.0,21092.0,16174.0,7427.0,1491.0
2017-09-29,9561.0,464963.0,19740.0,16029.0,7214.0,1984.0
2017-10-06,9480.0,462216.0,19677.0,16258.0,7617.0,1270.0
2017-10-13,8406.0,456485.0,19123.0,15439.0,7483.0,1798.0
2017-10-20,9507.0,457341.0,19977.0,16025.0,8123.0,1924.0
2017-10-27,9553.0,454906.0,19161.0,16015.0,7571.0,2133.0
2017-11-03,9620.0,457143.0,21309.0,16305.0,7377.0,869.0
2017-11-10,9645.0,458997.0,19762.0,16639.0,7898.0,1129.0
2017-11-17,9658.0,457142.0,19286.0,16838.0,7873.0,1591.0
2017-11-24,9682.0,453713.0,19657.0,17003.0,7329.0,1412.0
2017-12-01,9707.0,448103.0,19951.0,17195.0,7202.0,1358.0
2017-12-08,9780.0,442986.0,20458.0,16952.0,7363.0,1086.0
2017-12-15,9789.0,436491.0,21126.0,17063.0,7834.0,1858.0
2017-12-22,9754.0,431882.0,20791.0,17398.0,7993.0,1210.0
2017-12-29,9782.0,424463.0,19923.0,17608.0,7966.0,1475.0
2018-01-05,9492.0,419515.0,20628.0,17323.0,7658.0,1015.0
2018-01-12,9750.0,412654.0,20809.0,16875.0,7950.0,1249.0
2018-01-19,9878.0,411583.0,20661.0,16483.0,8041.0,1411.0
2018-01-26,9919.0,418359.0,21046.0,16013.0,8430.0,1765.0
2018-02-02,10251.0,420254.0,20849.0,16797.0,7892.0,1287.0
2018-02-09,10271.0,422095.0,20316.0,16162.0,7888.0,1322.0
2018-02-16,10270.0,420479.0,20462.0,15833.0,7021.0,2044.0
2018-02-23,10283.0,423498.0,19885.0,15882.0,7282.0,1445.0
2018-03-02,10369.0,425906.0,20456.0,15935.0,8003.0,1498.0
2018-03-09,10381.0,430928.0,20946.0,16367.0,7585.0,1487.0
2018-03-16,10407.0,428306.0,20629.0,16777.0,7077.0,1573.0
2018-03-23,10433.0,429949.0,20903.0,16795.0,8148.0,1578.0
2018-03-30,10460.0,425332.0,21203.0,16936.0,7898.0,2175.0
2018-04-06,10525.0,428638.0,19806.0,17019.0,8650.0,1205.0
2018-04-13,10540.0,427567.0,21409.0,16949.0,7930.0,1749.0
2018-04-20,10586.0,429737.0,19023.0,16621.0,8469.0,2331.0
2018-04-27,10619.0,435955.0,20163.0,16561.0,8549.0,2148.0
2018-05-04,10703.0,433758.0,20571.0,16486.0,7323.0,1877.0
2018-05-11,10723.0,432354.0,20523.0,16635.0,7601.0,2566.0
2018-05-18,10725.0,438132.0,20635.0,16628.0,8159.0,1748.0
2018-05-25,10769.0,434512.0,20916.0,17155.0,7631.0,2179.0
2018-06-01,10800.0,436584.0,18454.0,17369.0,8346.0,1714.0
2018-06-08,10900.0,432441.0,21789.0,17505.0,8099.0,2030.0
2018-06-15,10900.0,426527.0,20203.0,17701.0,8242.0,2374.0
2018-06-22,10900.0,416636.0,20273.0,17816.0,8356.0,3000.0
2018-06-29,10900.0,417881.0,21241.0,17653.0,9055.0,2336.0
2018-07-06,10900.0,405248.0,19911.0,17652.0,7431.0,2027.0
2018-07-13,11000.0,411084.0,21328.0,17239.0,9066.0,1461.0
2018-07-20,11000.0,404937.0,21727.0,17285.0,7770.0,2683.0
2018-07-27,10900.0,408740.0,20576.0,17480.0,7749.0,1310.0
2018-08-03,10800.0,407389.0,20940.0,17598.0,7931.0,1850.0
2018-08-10,10900.0,414194.0,20203.0,17981.0,9014.0,1592.0
2018-08-17,11000.0,408358.0,21563.0,17892.0,7518.0,1155.0
2018-08-24,11000.0,405792.0,22144.0,17566.0,7485.0,1779.0
2018-08-31,11000.0,401490.0,21616.0,17647.0,7714.0,1508.0
2018-09-07,10900.0,396194.0,20567.0,17857.0,7591.0,1828.0
2018-09-14,11000.0,394137.0,20989.0,17415.0,8024.0,2367.0
2018-09-21,11100.0,395989.0,20001.0,16514.0,7802.0,2640.0
2018-09-28,11100.0,403964.0,20221.0,16591.0,7965.0,1723.0
2018-10-05,11200.0,409951.0,19810.0,16239.0,7397.0,2576.0
2018-10-12,10900.0,416441.0,20012.0,16316.0,7615.0,1782.0
2018-10-19,10900.0,422787.0,21546.0,16268.0,7678.0,2180.0
2018-10-26,11200.0,426004.0,21059.0,16417.0,7344.0,2485.0
2018-11-02,11600.0,431787.0,20459.0,16408.0,7539.0,2405.0
2018-11-09,11700.0,442057.0,22421.0,16432.0,7452.0,2050.0
2018-11-16,11700.0,446908.0,21208.0,16855.0,7554.0,1969.0
2018-11-23,11700.0,450485.0,20563.0,17553.0,8162.0,2442.0
2018-11-30,11700.0,443162.0,20578.0,17487.0,7219.0,3203.0
2018-12-07,11600.0,441954.0,21479.0,17436.0,7393.0,2274.0
2018-12-14,11600.0,441457.0,22361.0,17408.0,7423.0,2325.0
2018-12-21,11700.0,441411.0,20763.0,17350.0,7656.0,2969.0
2018-12-28,11700.0,441418.0,19093.0,17760.0,7392.0,2237.0
2019-01-04,11700.0,439738.0,19769.0,17566.0,7846.0,2065.0
2019-01-11,11900.0,437055.0,20912.0,17223.0,7527.0,2966.0
2019-01-18,11900.0,445025.0,21494.0,17049.0,8191.0,2035.0
2019-01-25,11900.0,445944.0,20835.0,16463.0,7083.0,1944.0
2019-02-01,11900.0,447207.0,21826.0,16633.0,7146.0,2870.0
2019-02-08,11900.0,450840.0,19169.0,15768.0,6210.0,2364.0
2019-02-15,12000.0,454512.0,20767.0,15711.0,7522.0,3607.0
2019-02-22,12100.0,445865.0,21494.0,15890.0,5917.0,3359.0
2019-03-01,12100.0,452934.0,20487.0,15990.0,7001.0,2803.0
2019-03-08,12000.0,449072.0,20773.0,16020.0,6746.0,2546.0
2019-03-15,12100.0,439483.0,21470.0,16198.0,6932.0,3392.0
2019-03-22,12100.0,442283.0,20111.0,15831.0,6540.0,2886.0
2019-03-29,12200.0,449521.0,20029.0,15849.0,6763.0,2723.0
2019-04-05,12200.0,456550.0,20307.0,16100.0,6599.0,2349.0
2019-04-12,12100.0,455154.0,19887.0,16078.0,5992.0,2401.0
2019-04-19,12200.0,460633.0,20420.0,16583.0,7149.0,2681.0
2019-04-26,12300.0,470567.0,20107.0,16446.0,7414.0,2611.0
2019-05-03,12200.0,466604.0,20420.0,16405.0,6693.0,2322.0
2019-05-10,12100.0,472035.0,19454.0,16676.0,7612.0,3347.0
2019-05-17,12200.0,476775.0,19649.0,16578.0,6943.0,2922.0
2019-05-24,12300.0,476493.0,21419.0,16767.0,6862.0,3317.0
2019-05-31,12400.0,483264.0,19398.0,16938.0,7927.0,3298.0
2019-06-07,12300.0,485470.0,21121.0,17064.0,7611.0,3122.0
2019-06-14,12200.0,482364.0,20816.0,17264.0,7467.0,3422.0
2019-06-21,12100.0,469576.0,20880.0,17337.0,6656.0,3770.0
2019-06-28,12200.0,468491.0,20756.0,17290.0,7585.0,2990.0
2019-07-05,12300.0,458992.0,21261.0,17438.0,7302.0,3048.0
2019-07-12,12000.0,455876.0,20260.0,17267.0,6832.0,2534.0
2019-07-19,11300.0,445041.0,21549.0,17034.0,7028.0,3292.0
2019-07-26,12200.0,436545.0,21287.0,16991.0,6663.0,2574.0
2019-08-02,12300.0,438930.0,21484.0,17777.0,7148.0,1865.0
2019-08-09,12300.0,440510.0,22055.0,17302.0,7714.0,2683.0
2019-08-16,12300.0,437778.0,21004.0,17702.0,7218.0,2803.0
2019-08-23,12500.0,427751.0,22225.0,17408.0,5928.0,3019.0
2019-08-30,12400.0,422980.0,21627.0,17381.0,6904.0,3061.0
2019-09-06,12400.0,416068.0,21426.0,17495.0,6725.0,3295.0
2019-09-13,12400.0,417126.0,20278.0,16707.0,7050.0,3175.0
2019-09-20,12500.0,419538.0,21199.0,16513.0,6378.0,2983.0
2019-09-27,12400.0,422642.0,20762.0,16017.0,6291.0,2867.0
2019-10-04,12600.0,425569.0,21412.0,15656.0,6224.0,3401.0
2019-10-11,12600.0,434850.0,20938.0,15436.0,6295.0,3248.0
2019-10-18,12600.0,433151.0,21171.0,15865.0,5857.0,3683.0
2019-10-25,12600.0,438853.0,21644.0,15998.0,6697.0,3327.0
2019-11-01,12600.0,446782.0,21077.0,15761.0,6077.0,2371.0
2019-11-08,12800.0,449001.0,21515.0,15916.0,5750.0,2633.0
2019-11-15,12800.0,450380.0,21275.0,16435.0,5972.0,3027.0
2019-11-22,12900.0,451952.0,21128.0,16334.0,6190.0,3480.0
2019-11-29,12900.0,447096.0,21108.0,16798.0,5989.0,3135.0
2019-12-06,12800.0,447918.0,18368.0,16597.0,6887.0,3400.0
2019-12-13,12800.0,446833.0,21810.0,16562.0,6579.0,3633.0
2019-12-20,12900.0,441359.0,21351.0,16980.0,6809.0,3397.0
2019-12-27,12900.0,429896.0,19955.0,17283.0,6352.0,4462.0
2020-01-03,12900.0,431060.0,19366.0,16897.0,6730.0,3064.0
2020-01-10,13000.0,428511.0,19047.0,16973.0,6552.0,3481.0
2020-01-17,13000.0,428106.0,21474.0,16857.0,6432.0,3414.0
2020-01-24,13000.0,431654.0,19598.0,15924.0,6660.0,3509.0
2020-01-31,12900.0,435009.0,20810.0,15972.0,6615.0,3413.0
2020-02-07,13000.0,442468.0,20965.0,16020.0,6978.0,2970.0
2020-02-14,13000.0,442883.0,19602.0,16210.0,6547.0,3564.0
2020-02-21,13000.0,443335.0,19870.0,16008.0,6217.0,3657.0
2020-02-28,13100.0,444119.0,21265.0,15696.0,6238.0,4154.0
2020-03-06,13000.0,451783.0,21875.0,15701.0,6412.0,3410.0
2020-03-13,13100.0,453737.0,21456.0,15820.0,6539.0,4378.0
2020-03-20,13000.0,455360.0,19420.0,15838.0,6117.0,3850.0
2020-03-27,13000.0,469193.0,17852.0,14898.0,6047.0,3155.0
2020-04-03,12400.0,484370.0,14437.0,13634.0,5874.0,2833.0
2020-04-10,12300.0,503618.0,13797.0,12665.0,5680.0,3436.0
2020-04-17,12200.0,518640.0,14103.0,12456.0,4937.0,2890.0
2020-04-24,12100.0,527631.0,15763.0,12761.0,5302.0,3302.0
2020-05-01,11900.0,532221.0,15354.0,12976.0,5712.0,3546.0
2020-05-08,11600.0,531476.0,16814.0,12383.0,5391.0,3525.0
2020-05-15,11500.0,526494.0,16586.0,12903.0,5197.0,3239.0
2020-05-22,11400.0,534422.0,15958.0,12991.0,7200.0,3176.0
2020-05-29,11200.0,532345.0,15066.0,13307.0,6179.0,2794.0
2020-06-05,11100.0,538065.0,17573.0,13484.0,6864.0,2439.0
2020-06-12,10500.0,539280.0,17290.0,13600.0,6642.0,2462.0
2020-06-19,11000.0,540722.0,18348.0,13840.0,6540.0,3157.0
2020-06-26,11000.0,533527.0,17353.0,14033.0,5969.0,3092.0
2020-07-03,11000.0,539181.0,18120.0,14347.0,7394.0,2387.0
2020-07-10,11000.0,531688.0,18480.0,14309.0,5567.0,2543.0
2020-07-17,11100.0,536580.0,17654.0,14206.0,5941.0,2993.0
2020-07-24,11100.0,525969.0,19094.0,14595.0,5146.0,3211.0
2020-07-31,11000.0,518596.0,17912.0,14637.0,6010.0,2819.0
2020-08-07,10700.0,514084.0,19369.0,14658.0,5621.0,3143.0
2020-08-14,10700.0,512452.0,17159.0,14487.0,5730.0,2137.0
2020-08-21,10800.0,507763.0,19619.0,14712.0,5916.0,3363.0
2020-08-28,9700.0,498401.0,16979.0,13868.0,4900.0,3002.0
2020-09-04,10000.0,500434.0,18678.0,12779.0,5423.0,2944.0
2020-09-11,10900.0,496045.0,17027.0,13488.0,5008.0,2595.0
2020-09-18,10700.0,494406.0,18439.0,13370.0,5168.0,3022.0
2020-09-25,10700.0,492426.0,17447.0,13670.0,5122.0,3512.0
2020-10-02,11000.0,492927.0,18345.0,13853.0,5732.0,2659.0
2020-10-09,10500.0,489109.0,19475.0,13577.0,5286.0,2135.0
2020-10-16,9900.0,488107.0,18112.0,13026.0,5118.0,3036.0
2020-10-23,11100.0,492427.0,19631.0,13388.0,5664.0,3460.0
2020-10-30,10500.0,484429.0,18362.0,13552.0,5029.0,2265.0
2020-11-06,10500.0,488706.0,20180.0,13447.0,5499.0,2765.0
2020-11-13,10900.0,489475.0,19564.0,13841.0,5254.0,2748.0
2020-11-20,11000.0,488721.0,19156.0,14263.0,5228.0,2831.0
2020-11-27,11100.0,488042.0,18468.0,14012.0,5399.0,3456.0
2020-12-04,11100.0,503231.0,18534.0,14436.0,6479.0,1834.0
2020-12-11,11000.0,500096.0,19335.0,14183.0,5424.0,2627.0
2020-12-18,11000.0,499534.0,19088.0,14014.0,5564.0,3099.0
2020-12-25,11000.0,493469.0,19317.0,14287.0,5326.0,3625.0
2021-01-01,11000.0,485459.0,17054.0,14376.0,5369.0,3632.0
2021-01-08,11000.0,482211.0,19607.0,14650.0,6239.0,3011.0
2021-01-15,11000.0,486563.0,19642.0,14760.0,6045.0,2251.0
2021-01-22,10900.0,476653.0,19681.0,14721.0,5064.0,3355.0
2021-01-29,10900.0,475659.0,18528.0,14641.0,6507.0,3483.0
2021-02-05,11000.0,469014.0,20183.0,14793.0,5857.0,2617.0
2021-02-12,10800.0,461757.0,20668.0,14819.0,5898.0,3862.0
2021-02-19,9700.0,463042.0,18688.0,12230.0,4599.0,2314.0
2021-02-26,10000.0,484605.0,18759.0,9903.0,6292.0,2351.0
2021-03-05,10900.0,498403.0,18672.0,12310.0,5655.0,2633.0
2021-03-12,10900.0,500799.0,18933.0,13433.0,5323.0,2520.0
2021-03-19,11000.0,502711.0,18702.0,14389.0,5622.0,2481.0
2021-03-26,11100.0,501835.0,20313.0,14941.0,6145.0,3174.0
2021-04-02,10900.0,498313.0,19236.0,15044.0,6264.0,3434.0
2021-04-09,11000.0,492423.0,20328.0,15051.0,5852.0,2579.0
2021-04-16,11000.0,493017.0,18762.0,14765.0,5405.0,2548.0
2021-04-23,10900.0,493107.0,20395.0,15018.0,6616.0,2541.0
2021-04-30,10900.0,485117.0,19691.0,15243.0,5451.0,4122.0
2021-05-07,11000.0,484691.0,17483.0,15020.0,5488.0,1796.0
2021-05-14,11000.0,486011.0,19272.0,15116.0,6411.0,3306.0
2021-05-21,11000.0,484349.0,19956.0,15239.0,6273.0,3433.0
2021-05-28,10800.0,479270.0,19140.0,15597.0,5631.0,2544.0
2021-06-04,11000.0,474029.0,17713.0,15925.0,6638.0,2931.0
2021-06-11,11200.0,466674.0,20571.0,16337.0,6746.0,3884.0
2021-06-18,11100.0,459060.0,20751.0,16112.0,6943.0,3651.0
2021-06-25,11100.0,452342.0,20902.0,16299.0,6406.0,3717.0
2021-07-02,11300.0,445476.0,21547.0,16115.0,5875.0,2628.0
2021-07-09,11400.0,437580.0,19303.0,16093.0,6221.0,4025.0
2021-07-16,11400.0,439687.0,20581.0,16007.0,7097.0,2463.0
2021-07-23,11200.0,435598.0,21123.0,15875.0,6507.0,2489.0
2021-07-30,11200.0,439225.0,21168.0,15920.0,6432.0,1904.0
2021-08-06,11300.0,438777.0,19514.0,16197.0,6396.0,2663.0
2021-08-13,11400.0,435544.0,21463.0,16006.0,6350.0,3431.0
2021-08-20,11400.0,432564.0,21817.0,16072.0,6157.0,2812.0
2021-08-27,11500.0,425395.0,22820.0,15938.0,6340.0,3040.0
2021-09-03,10000.0,423867.0,19954.0,14302.0,5810.0,2342.0
2021-09-10,10100.0,417445.0,19911.0,14387.0,5761.0,2624.0
2021-09-17,10600.0,413964.0,21145.0,15347.0,6465.0,2809.0
2021-09-24,11100.0,418542.0,20391.0,15415.0,6552.0,3020.0
2021-10-01,11300.0,420887.0,21526.0,15744.0,7035.0,2114.0
2021-10-08,11400.0,426975.0,19875.0,15061.0,5994.0,2514.0
2021-10-15,11300.0,426544.0,21832.0,14990.0,5825.0,3060.0
2021-10-22,11300.0,430812.0,19832.0,15048.0,6254.0,2787.0
2021-10-29,11500.0,434102.0,19997.0,15023.0,6172.0,2925.0
2021-11-05,11500.0,435104.0,19290.0,15366.0,6108.0,3053.0
2021-11-12,11400.0,433003.0,21629.0,15397.0,6191.0,3626.0
2021-11-19,11500.0,434020.0,21752.0,15640.0,6436.0,2605.0
2021-11-26,11600.0,433111.0,20222.0,15631.0,6604.0,2704.0
2021-12-03,11700.0,432870.0,19837.0,15785.0,6499.0,2270.0
2021-12-10,11700.0,428286.0,23191.0,15670.0,6471.0,3645.0
2021-12-17,11600.0,423571.0,20454.0,15818.0,6194.0,2879.0
2021-12-24,11800.0,419995.0,22218.0,15703.0,6759.0,2929.0
2021-12-31,11800.0,417851.0,19665.0,15867.0,5884.0,2554.0
2022-01-07,11700.0,413298.0,20829.0,15573.0,6069.0,1955.0
2022-01-14,11700.0,413813.0,21915.0,15453.0,6745.0,2610.0
2022-01-21,11600.0,416190.0,22417.0,15497.0,6236.0,2796.0
2022-01-28,11500.0,415143.0,21410.0,15248.0,7085.0,2376.0
2022-02-04,11600.0,410387.0,21881.0,15577.0,6389.0,3100.0
2022-02-11,11600.0,411508.0,22741.0,14902.0,5790.0,2271.0
2022-02-18,11600.0,416022.0,21483.0,15246.0,6828.0,2686.0
2022-02-25,11600.0,413425.0,20830.0,15398.0,5767.0,3796.0
2022-03-04,11600.0,411562.0,21210.0,15377.0,6319.0,2422.0
2022-03-11,11600.0,415907.0,20652.0,15601.0,6395.0,2936.0
2022-03-18,11600.0,413399.0,21124.0,15878.0,6486.0,3844.0
2022-03-25,11700.0,409950.0,19874.0,15913.0,6259.0,2988.0
2022-04-01,11800.0,412371.0,19815.0,15948.0,6300.0,3693.0
2022-04-08,11800.0,421753.0,18771.0,15523.0,5995.0,2180.0
2022-04-15,11900.0,413733.0,19033.0,15717.0,5837.0,4270.0
2022-04-22,11900.0,414424.0,19821.0,15684.0,5934.0,3721.0
2022-04-29,11900.0,415727.0,19467.0,15466.0,6332.0,3574.0
2022-05-06,11800.0,424214.0,19231.0,15696.0,6269.0,2879.0
2022-05-13,11900.0,420820.0,19661.0,15935.0,6568.0,3520.0
2022-05-20,11900.0,419801.0,19684.0,16269.0,6486.0,4341.0
2022-05-27,11900.0,414733.0,19512.0,16033.0,6218.0,3990.0
2022-06-03,11900.0,416758.0,20227.0,16387.0,6154.0,2232.0
2022-06-10,12000.0,418714.0,19703.0,16320.0,6985.0,3725.0
2022-06-17,12000.0,418328.0,19904.0,16263.0,6226.0,3572.0
2022-06-24,12100.0,415566.0,19997.0,16666.0,5998.0,3380.0
2022-07-01,12100.0,423800.0,20464.0,16438.0,6839.0,2612.0
2022-07-08,12000.0,427054.0,18720.0,16640.0,6675.0,3024.0
2022-07-15,11900.0,426609.0,21025.0,16319.0,6519.0,3759.0
2022-07-22,12100.0,422086.0,19976.0,16027.0,6164.0,4548.0
2022-07-29,12100.0,426553.0,19948.0,15853.0,7342.0,3512.0
2022-08-05,12200.0,432010.0,19474.0,16581.0,6171.0,2110.0
2022-08-12,12100.0,424954.0,21221.0,16423.0,6132.0,5000.0
2022-08-19,12000.0,421672.0,19339.0,16255.0,6171.0,4177.0
2022-08-26,12100.0,418346.0,20073.0,16238.0,5956.0,3967.0
2022-09-02,12100.0,427191.0,19892.0,15929.0,6779.0,3433.0
2022-09-09,12100.0,429633.0,19313.0,16022.0,5792.0,3515.0
2022-09-16,12100.0,430774.0,18938.0,16355.0,6947.0,3540.0
2022-09-23,12000.0,430559.0,20770.0,15751.0,6449.0,4646.0
2022-09-30,12000.0,429203.0,20831.0,15961.0,5947.0,4551.0
2022-10-07,11900.0,439082.0,19271.0,15683.0,6063.0,2872.0
2022-10-14,12000.0,437357.0,20761.0,15550.0,5908.0,4138.0
2022-10-21,12000.0,439945.0,20587.0,15436.0,6180.0,5129.0
2022-10-28,11900.0,436830.0,20481.0,15842.0,6205.0,3925.0
2022-11-04,12100.0,440755.0,21267.0,16089.0,6454.0,3521.0
2022-11-11,12100.0,435355.0,21087.0,16152.0,5559.0,3862.0
2022-11-18,12100.0,431665.0,19878.0,16410.0,7063.0,4242.0
2022-11-25,12100.0,419084.0,19717.0,16638.0,6037.0,4948.0
2022-12-02,12200.0,413898.0,19626.0,16585.0,6012.0,3430.0
2022-12-09,12100.0,424129.0,19956.0,16126.0,6867.0,4316.0
2022-12-16,12100.0,418234.0,20924.0,15976.0,5819.0,4360.0
2022-12-23,12000.0,418952.0,22822.0,16149.0,6252.0,3465.0
2022-12-30,12100.0,420646.0,18190.0,13820.0,5712.0,4207.0
2023-01-06,12200.0,439607.0,17627.0,14651.0,6350.0,2137.0
2023-01-13,12200.0,448015.0,20314.0,14853.0,6861.0,3872.0
2023-01-20,12200.0,448548.0,19447.0,14981.0,5905.0,4707.0
2023-01-27,12200.0,452688.0,20106.0,14961.0,7283.0,3492.0
2023-02-03,12300.0,455111.0,20536.0,15410.0,7058.0,2900.0
2023-02-10,12300.0,471394.0,19302.0,15027.0,6232.0,3146.0
2023-02-17,12300.0,479041.0,20218.0,15010.0,6326.0,4597.0
2023-02-24,12300.0,480207.0,20413.0,14979.0,6208.0,5629.0
2023-03-03,12200.0,478513.0,19049.0,14967.0,6271.0,3362.0
2023-03-10,12200.0,480063.0,19113.0,15398.0,6216.0,5027.0
2023-03-17,12300.0,481180.0,20026.0,15376.0,6172.0,4932.0
2023-03-24,12200.0,473691.0,20476.0,15813.0,5325.0,4584.0
2023-03-31,12200.0,469952.0,20599.0,15615.0,7144.0,5239.0
2023-04-07,12300.0,470549.0,19055.0,15585.0,6193.0,2727.0
2023-04-14,12300.0,465968.0,19317.0,15844.0,6294.0,4571.0
2023-04-21,12200.0,460914.0,20208.0,15833.0,6376.0,4819.0
2023-04-28,12300.0,459633.0,19805.0,15735.0,6396.0,4737.0
2023-05-05,12300.0,462584.0,20164.0,15745.0,5553.0,2876.0
2023-05-12,12200.0,467624.0,19558.0,15990.0,6860.0,4310.0
2023-05-19,12300.0,455168.0,20701.0,16069.0,5850.0,4549.0
2023-05-26,12200.0,459657.0,19442.0,16165.0,7217.0,4915.0
2023-06-02,12400.0,459205.0,19221.0,16647.0,6400.0,2475.0
2023-06-09,12400.0,467124.0,20408.0,16586.0,6381.0,3270.0
2023-06-16,12200.0,463293.0,20925.0,16470.0,6161.0,4543.0
2023-06-23,12200.0,453690.0,20306.0,16254.0,6580.0,5338.0
2023-06-30,12400.0,452182.0,21235.0,16030.0,7038.0,3901.0
2023-07-07,12300.0,458128.0,18701.0,16659.0,5880.0,2144.0
2023-07-14,12300.0,457420.0,20767.0,16585.0,7174.0,3814.0
2023-07-21,12200.0,456820.0,21276.0,16478.0,6367.0,4591.0
2023-07-28,12200.0,439771.0,20023.0,16517.0,6668.0,5283.0
2023-08-04,12600.0,445622.0,20727.0,16579.0,6682.0,2360.0
2023-08-11,12700.0,439662.0,21663.0,16746.0,7158.0,4599.0
2023-08-18,12800.0,433528.0,21165.0,16776.0,6933.0,4258.0
2023-08-25,12800.0,422944.0,21429.0,16603.0,6617.0,4528.0
2023-09-01,12800.0,416637.0,20203.0,16623.0,6770.0,4932.0
2023-09-08,12900.0,420592.0,20991.0,16800.0,7582.0,3090.0
2023-09-15,12900.0,418456.0,20914.0,16304.0,6517.0,5067.0
2023-09-22,12900.0,416287.0,20141.0,16065.0,7229.0,4012.0
2023-09-29,12900.0,414063.0,19157.0,15602.0,6215.0,4956.0
2023-10-06,13200.0,424239.0,19666.0,15203.0,6329.0,3067.0
2023-10-13,13200.0,419748.0,21897.0,15396.0,5942.0,5301.0
2023-10-20,13200.0,421120.0,20102.0,15189.0,6013.0,4833.0
2023-10-27,13200.0,421893.0,19869.0,15251.0,6425.0,4897.0
2023-11-03,13200.0,435762.0,21722.0,15235.0,6394.0,4525.0
2023-11-10,13200.0,439354.0,20080.0,15399.0,6373.0,4889.0
2023-11-17,13200.0,448054.0,20042.0,15504.0,6529.0,4786.0
2023-11-24,13200.0,449664.0,18917.0,16022.0,5833.0,4755.0
2023-12-01,13100.0,445031.0,19611.0,16201.0,7508.0,4339.0
2023-12-08,13100.0,440773.0,21079.0,16097.0,6517.0,3771.0
2023-12-15,13300.0,443682.0,20785.0,16500.0,6750.0,4121.0
2023-12-22,13300.0,436568.0,21415.0,16558.0,6276.0,3915.0
2023-12-29,13200.0,431065.0,19059.0,16679.0,6895.0,5292.0
2024-01-05,13200.0,432403.0,19605.0,16518.0,6241.0,3322.0
2024-01-12,13300.0,429911.0,19869.0,16653.0,7420.0,5029.0
2024-01-19,12300.0,420678.0,19556.0,15276.0,5580.0,4434.0
2024-01-26,13000.0,421912.0,20119.0,14848.0,5605.0,3894.0
2024-02-02,13300.0,427432.0,20227.0,14840.0,6907.0,3596.0
2024-02-09,13300.0,439450.0,19255.0,14542.0,6470.0,4347.0
2024-02-16,13300.0,442964.0,18918.0,14574.0,6654.0,4965.0
2024-02-23,13300.0,447163.0,19529.0,14674.0,6385.0,4728.0
2024-03-01,13200.0,448530.0,20294.0,15268.0,7222.0,4637.0
2024-03-08,13100.0,446994.0,20803.0,15658.0,5491.0,3147.0
2024-03-15,13100.0,445042.0,19742.0,15785.0,6278.0,4881.0
2024-03-22,13100.0,448207.0,19531.0,15932.0,6702.0,4181.0
2024-03-29,13100.0,451417.0,21292.0,15897.0,6618.0,4022.0
2024-04-05,13100.0,457258.0,19236.0,15782.0,6434.0,2708.0
2024-04-12,13100.0,459993.0,19220.0,15913.0,6461.0,4726.0
2024-04-19,13100.0,453625.0,19535.0,15871.0,6497.0,5179.0
2024-04-26,13100.0,460890.0,20417.0,15641.0,6772.0,3918.0
2024-05-03,13100.0,459528.0,20290.0,15948.0,6969.0,4468.0
2024-05-10,13100.0,457020.0,20056.0,16255.0,6744.0,4135.0
2024-05-17,13100.0,458845.0,20030.0,16482.0,6663.0,4730.0
2024-05-24,13100.0,454689.0,19383.0,17083.0,6769.0,4225.0
2024-05-31,13100.0,455922.0,20510.0,17144.0,7058.0,4501.0
2024-06-07,13200.0,459652.0,19219.0,17047.0,8304.0,3188.0
2024-06-14,13200.0,457105.0,21081.0,16765.0,7054.0,4418.0
2024-06-21,13200.0,460696.0,20689.0,16532.0,6611.0,3910.0
2024-06-28,13200.0,448539.0,21083.0,16792.0,6547.0,4401.0
2024-07-05,13300.0,445096.0,20749.0,17109.0,6760.0,3999.0
2024-07-12,13300.0,440226.0,19430.0,16928.0,7037.0,3964.0
2024-07-19,13300.0,436485.0,21033.0,16407.0,6871.0,4186.0
2024-07-26,13300.0,433049.0,20724.0,16150.0,6953.0,4919.0
2024-08-02,13400.0,429321.0,19974.0,16402.0,6224.0,3638.0
2024-08-09,13300.0,430678.0,20523.0,16467.0,6285.0,3756.0
2024-08-16,13400.0,426029.0,20422.0,16689.0,6652.0,4045.0
2024-08-23,13300.0,425183.0,21592.0,16864.0,6560.0,3671.0
2024-08-30,13300.0,418310.0,20541.0,16900.0,5792.0,3756.0
2024-09-06,13300.0,419143.0,19383.0,16759.0,6867.0,3305.0
2024-09-13,13200.0,417513.0,19792.0,16477.0,6322.0,4589.0
2024-09-20,13200.0,413042.0,21386.0,16353.0,6456.0,3897.0
2024-09-27,13300.0,416931.0,19847.0,15691.0,6628.0,3878.0
2024-10-04,13400.0,422741.0,21185.0,15590.0,6239.0,3794.0
2024-10-11,13500.0,420550.0,20697.0,15755.0,5529.0,4123.0
2024-10-18,13500.0,426024.0,20251.0,16084.0,6431.0,4112.0
2024-10-25,13500.0,425509.0,21638.0,16053.0,5975.0,4261.0
2024-11-01,13500.0,427658.0,19739.0,16334.0,6240.0,2850.0
2024-11-08,13400.0,429747.0,21583.0,16509.0,6509.0,3440.0
2024-11-15,13201.0,430292.0,19771.0,16228.0,7684.0,4378.0
2024-11-22,13493.0,428448.0,20471.0,16295.0,6083.0,4663.0
2024-11-29,13513.0,423375.0,19968.0,16910.0,7290.0,4235.0
2024-12-06,13631.0,421950.0,20158.0,16659.0,5984.0,3099.0
2024-12-13,13604.0,421016.0,20820.0,16611.0,6649.0,4895.0
2024-12-20,13585.0,416779.0,21831.0,16816.0,6471.0,3722.0
2024-12-27,13573.0,415601.0,18545.0,16857.0,6926.0,3854.0
2025-01-03,13563.0,414642.0,19791.0,16902.0,6428.0,3078.0
2025-01-10,13481.0,412680.0,20673.0,16647.0,6124.0,4078.0
2025-01-17,13477.0,411663.0,19597.0,15522.0,6745.0,4515.0
2025-01-24,13240.0,415126.0,21087.0,15189.0,6448.0,3686.0
2025-01-31,13478.0,423790.0,21075.0,15349.0,6915.0,4331.0
2025-02-07,13494.0,427860.0,19624.0,15431.0,6309.0,3909.0
2025-02-14,13497.0,432493.0,19653.0,15416.0,5820.0,4381.0
2025-02-21,13502.0,430161.0,20842.0,15733.0,5919.0,4188.0
2025-02-28,13508.0,433775.0,20543.0,15387.0,5813.0,4136.0
2025-03-07,13575.0,435223.0,21600.0,15708.0,5470.0,3290.0
2025-03-14,13573.0,436968.0,19417.0,15663.0,5385.0,4644.0
2025-03-21,13574.0,433627.0,19237.0,15750.0,6195.0,4609.0
2025-03-28,13580.0,439792.0,20121.0,15558.0,6466.0,3881.0
2025-04-04,13458.0,442345.0,19481.0,15627.0,6189.0,3244.0
2025-04-11,13462.0,442860.0,19123.0,15564.0,6001.0,5100.0
2025-04-18,13460.0,443104.0,20875.0,15889.0,5589.0,3549.0
2025-04-25,13465.0,440408.0,19154.0,16078.0,5498.0,4121.0
2025-05-02,13367.0,438376.0,19872.0,16071.0,6056.0,4006.0
2025-05-09,13387.0,441830.0,19441.0,16401.0,5841.0,3369.0
2025-05-16,13392.0,443158.0,20031.0,16490.0,6089.0,3507.0
2025-05-23,13401.0,440363.0,20242.0,16328.0,6351.0,4301.0
2025-05-30,13408.0,436059.0,19528.0,16998.0,6346.0,3907.0
2025-06-06,13428.0,432415.0,19762.0,17226.0,6176.0,3286.0
2025-06-13,13431.0,420942.0,20391.0,16862.0,5504.0,4361.0
2025-06-20,13435.0,415106.0,20513.0,16987.0,5944.0,4270.0
2025-06-27,13433.0,418951.0,20487.0,17105.0,6919.0,2305.0
2025-07-04,13385.0,426021.0,20863.0,17006.0,6013.0,2757.0
2025-07-11,13375.0,422162.0,19184.0,16849.0,6379.0,3518.0
2025-07-18,13273.0,418993.0,21770.0,16936.0,5976.0,3855.0
2025-07-25,13314.0,426691.0,21387.0,16911.0,6136.0,2698.0
2025-08-01,13284.0,423662.0,20122.0,17124.0,5962.0,3318.0
2025-08-08,13327.0,426698.0,21357.0,17180.0,6920.0,3577.0
2025-08-15,13382.0,420684.0,21506.0,17208.0,6497.0,4372.0
2025-08-22,13439.0,418292.0,21614.0,16880.0,6234.0,3810.0
2025-08-29,13423.0,420707.0,20652.0,16869.0,6742.0,3884.0
2025-09-05,13495.0,424646.0,19781.0,16818.0,6271.0,2745.0
2025-09-12,13482.0,415361.0,20637.0,16424.0,5692.0,5277.0
2025-09-19,13501.0,414754.0,20793.0,16476.0,6495.0,4484.0
2025-09-26,13505.0,416546.0,20166.0,16168.0,5833.0,3751.0
2025-10-03,13629.0,420261.0,21990.0,16297.0,6403.0,3590.0
2025-10-10,13636.0,423785.0,19726.0,15130.0,5525.0,4466.0
2025-10-17,13629.0,422824.0,20014.0,15730.0,5918.0,4203.0
2025-10-24,13644.0,415966.0,21281.0,15219.0,5051.0,4361.0
2025-10-31,13651.0,421168.0,20356.0,15256.0,5924.0,4367.0
2025-11-07,13862.0,427581.0,20770.0,15973.0,5222.0,2816.0
2025-11-14,13834.0,424155.0,20157.0,16232.0,5950.0,4158.0
2025-11-21,13814.0,426929.0,20240.0,16443.0,6436.0,3598.0
2025-11-28,13815.0,427503.0,20189.0,16876.0,5981.0,3613.0
2025-12-05,13853.0,425691.0,21082.0,16860.0,6589.0,4009.0
2025-12-12,13843.0,424417.0,20573.0,16988.0,6525.0,4664.0
2025-12-19,13825.0,424822.0,20310.0,16776.0,6086.0,3616.0
2025-12-26,13827.0,422888.0,19376.0,16847.0,4953.0,3440.0
2026-01-02,13811.0,419056.0,19226.0,16909.0,6339.0,4263.0
2026-01-09,13753.0,422447.0,21009.0,16958.0,7092.0,4306.0
2026-01-16,13732.0,426049.0,20172.0,16604.0,6447.0,3688.0
2026-01-23,13696.0,423754.0,20675.0,16209.0,5642.0,4589.0
2026-01-30,13215.0,420299.0,21353.0,16029.0,6201.0,4047.0
2026-02-06,13713.0,428829.0,21108.0,16000.0,6805.0,3739.0
2026-02-13,13735.0,419815.0,21648.0,16077.0,6524.0,4590.0
2026-02-20,13702.0,435804.0,21455.0,15661.0,6659.0,4313.0
2026-02-27,13696.0,439279.0,19867.0,15841.0,6324.0,3997.0
2026-03-06,13678.0,443103.0,21201.0,16169.0,6422.0,3434.0
2026-03-13,13668.0,449259.0,21639.0,16232.0,7194.0,4898.0
2026-03-20,13657.0,456185.0,20004.0,16598.0,6464.0,3322.0
2026-03-27,13657.0,461636.0,20921.0,16379.0,6454.0,3521.0
2026-04-03,13596.0,464717.0,20638.0,16250.0,6324.0,4149.0
2026-04-10,13596.0,463804.0,20765.0,16042.0,5291.0,5225.0
2026-04-17,13585.0,465729.0,19698.0,15987.0,6078.0,4798.0
2026-04-24,13586.0,459495.0,21131.0,16071.0,5750.0,6438.0
2026-05-01,13573.0,457182.0,19484.0,16029.0,5477.0,4750.0
2026-05-08,13710.0,452876.0,19891.0,16399.0,5901.0,5492.0
2026-05-15,13702.0,445013.0,20449.0,16319.0,6016.0,5604.0
2026-05-22,13715.0,441686.0,20943.0,16971.0,5212.0,4440.0
2026-05-29,13707.0,433712.0,20333.0,16881.0,6397.0,5874.0
2026-06-05,13799.0,426485.0,20600.0,16962.0,5888.0,4840.0
2026-06-12,13806.0,418222.0,20685.0,17192.0,5134.0,4327.0
2026-06-19,13819.0,412134.0,20272.0,17111.0,5570.0,4669.0
2026-06-26,13810.0,408359.0,20997.0,17196.0,5279.0,4008.0
2026-07-03,13860.0,411357.0,20517.0,17024.0,5629.0,3262.0
2026-07-10,13861.0,409665.0,19477.0,17123.0,5689.0,3721.0
2026-07-17,13798.0,411675.0,20519.0,17065.0,5806.0,3353.0
2026-07-24,13796.0,404508.0,20754.0,17336.0,5683.0,3467.0
2026-07-31,13804.0,406987.0,20970.0,17153.0,6198.0,3685.0
2026-08-07,13805.0,424410.0,20635.0,17179.0,7339.0,3058.0
2026-08-14,13830.0,428815.0,19538.0,17395.0,6593.0,4066.0
2026-08-21,13843.0,428910.0,20948.0,17393.0,6158.0,3792.0
2026-08-28,13862.0,424460.0,20675.0,17496.0,6770.0,4483.0
2026-09-04,13947.0,424069.0,19313.0,17586.0,6824.0,3417.0
