Date,MAGS,SMH,SPMO,VOO,QQQ,basket,alpha,beta_voo,beta_qqq,factor_clean_resid,cum_clean_resid
2020-01-06,0.013482065170813406,-0.010680770451400368,0.0007380377957195705,0.0037470574628186704,0.006443047291024184,0.0011797775050442032,,,,,
2020-01-07,0.005630000993013917,0.01669144768580444,-0.005707664197937556,-0.0027579187220012624,-0.00013875555022213604,0.0055379281602936,,,,,
2020-01-08,0.013220308692649452,0.001676635206108834,0.005022691461532336,0.0051596410873591125,0.007516122918736379,0.0066398784534302075,,,,,
2020-01-09,0.007482807975332406,0.005719071553503152,0.010233295242074059,0.006911114143998587,0.008473499920071959,0.007811724923636539,,,,,
2020-01-10,-0.0010993521501286851,-0.008321662294213827,-0.0012013716680548958,-0.002865098604028282,-0.0025572792997611282,-0.003540795370799136,,,,,
2020-01-13,0.02745073237459117,0.013986007016314472,0.007287869945553416,0.0066160247413127315,0.011537006865631305,0.016241536445486354,,,,,
2020-01-14,-0.006467501945011334,0.0020688279837735024,-0.002013611770167789,-0.0013278670883993815,-0.003937728083698633,-0.0021374285771352066,,,,,
2020-01-15,-0.004176676943982716,-0.01479695291779537,0.009337820256373197,0.002227369195376916,0.0004093018030020268,-0.0032119365351349627,,,,,
2020-01-16,0.0076913175426285285,0.016137164961865347,0.00778686305404408,0.00835791330136959,0.009583160280953074,0.010538448519512652,,,,,
2020-01-17,0.003875037768495959,0.004124679479188931,0.00625096966139016,0.0033875368695712726,0.004948580288854032,0.004750228969691683,,,,,
2020-01-21,0.00992439203647466,0.0008215039083505626,0.0014669346162130559,-0.0020649708792087607,-0.00044746215304636294,0.004070943520346093,,,,,
2020-01-22,0.006647178553540467,0.008209162590233632,0.0029982570060143043,0.0002628346797450831,0.00264238697658592,0.005951532716596135,,,,,
2020-01-23,0.0026543392793458853,0.006242395921296495,4.596470956630405e-05,0.0009850952768046817,0.0032162896368435057,0.0029808999700695615,,,,,
2020-01-24,-0.009742348666950007,-0.0043831253252212266,-0.004929021418943802,-0.009120190415672469,-0.008415534194913588,-0.006351498470371679,,,,,
2020-01-27,-0.022096157837749764,-0.040297919331014675,-0.00942544374109644,-0.01589249858140429,-0.020655501567874435,-0.02393984030328696,,,,,
2020-01-28,0.019495797184375663,0.025052846975387233,0.008056336351568882,0.010833380799584846,0.015359704295986099,0.017534993503777258,,,,,
2020-01-29,0.011913665126249251,-0.015215033986475168,-0.001262950816466435,-0.0009986304050088046,0.0016258620504541188,-0.0015214398922307841,,,,,
2020-01-30,0.010655913446435239,-0.0023070817856563064,0.009634964292266845,0.0031313938686905463,0.0035616576382409004,0.005994598651015259,,,,,
2020-01-31,-0.008480768933889826,-0.036017063879915434,-0.01680811187269815,-0.017934470102411004,-0.015858035322266706,-0.020435314895501138,,,,,
2020-02-03,0.04012709569954165,0.013665613547094502,0.010331299164995311,0.007270964559571658,0.015109288814868727,0.02137466947054382,,,,,
2020-02-04,0.03667227330218137,0.032197991306305074,0.011624311794335762,0.015411181960422349,0.02288890032492441,0.026831525467607403,,,,,
2020-02-05,-0.021877280786475328,0.01986939811022781,-2.2639475172225865e-05,0.011308432463904783,0.0032969473378268166,-0.0006768407171399149,,,,,
2020-02-06,0.013578473677441805,0.0006812255846970761,0.005099564449317917,0.0034002177923020405,0.008632141665274817,0.006453087903818933,,,,,
2020-02-07,-7.305473055740919e-05,-0.022872842960588446,-0.0035633077251653322,-0.005083207420694791,-0.004300995451732237,-0.008836401805437063,,,,,
2020-02-10,0.022407833427407375,0.015744806902322717,0.009572667595105111,0.0071726528253843735,0.012085761325854039,0.015908435974945068,,,,,
2020-02-11,-0.003512531531773777,0.021125005145592235,-0.0007171647956603078,0.0018209186081057371,0.00017226121578706177,0.005631769606052717,,,,,
2020-02-12,0.00865676356000189,0.014105125776413097,0.0033644153295238066,0.006426833882323457,0.009740954462006401,0.008708768221979598,,,,,
2020-02-13,0.00457177947224463,0.0023844104261239174,0.002302968598095978,-0.0009674623873267008,-0.0012807299233627,0.0030863861654881752,,,,,
2020-02-14,0.01083875972197057,-0.004294976553734897,0.006245514132878327,0.0016787033383098837,0.002863709616010679,0.004263099100371333,,,,,
2020-02-18,0.016471468584991822,-0.014997635486616812,0.0009309897812552759,-0.0027396687822071053,0.0003837009510447853,0.0008016076265434288,,,,,
2020-02-19,0.02232424774461328,0.02573608605239719,0.0013285929263442409,0.004815462108171076,0.009585468173646028,0.01646297557445157,,,,,
2020-02-20,-0.01295181969629522,-0.01576354003464242,-0.004091497132294064,-0.003923536628120172,-0.009283567963641048,-0.010935618954410567,,,,,
2020-02-21,-0.024144940825179817,-0.029362683229456565,-0.008660827443500385,-0.010365287329118456,-0.01920932096536665,-0.020722817166045588,,,,,
2020-02-24,-0.05216361832520988,-0.04530764279449284,-0.026455994991891885,-0.03344291545809397,-0.03856362337385144,-0.04130908537053154,,,,,
2020-02-25,-0.027656191510750938,-0.028805978013075162,-0.026668691389639343,-0.03004336131861951,-0.02719186417728392,-0.027710286971155147,,,,,
2020-02-26,0.00456994611653716,0.0060061699778160005,-0.003877242182413032,-0.00441981910153999,0.005154086816751002,0.0022329579706467095,,,,,
2020-02-27,-0.06569523181495451,-0.04606760065248661,-0.04855715685237183,-0.04432483267405751,-0.050074021594433527,-0.05343999643993765,,,,,
2020-02-28,0.015585186710102672,0.019703266549432774,-0.012471969673993,-0.006035004055630511,0.0007783489798329768,0.007605494528514149,,,,,
2020-03-02,0.055635681572895335,0.0346289970594269,0.05531712433018443,0.04463816580575353,0.05160342037751464,0.04852726765416889,,,,,
2020-03-03,-0.03243419631616773,-0.03281079237309714,-0.02465301203048409,-0.027583486851696426,-0.0320675315007628,-0.02996600023991632,,,,,
2020-03-04,0.036839080779719646,0.051264482245013676,0.04466233924498475,0.041443379937117664,0.04172262209481992,0.04425530075657269,,,,,
2020-03-05,-0.03417596940670997,-0.031405291640445476,-0.025910029437532733,-0.03349776943276328,-0.030382333412772966,-0.030497096828229393,,,,,
2020-03-06,-0.02079507311884843,-0.019260731503036976,-0.010297397439200884,-0.01677164915957685,-0.016872206484458196,-0.01678440068702876,,,,,
2020-03-09,-0.07693990870994816,-0.08318162935862616,-0.055019722044907904,-0.07716256498046625,-0.0694642727606889,-0.07171375337116075,,,,,
2020-03-10,0.05946997566011425,0.06161599446037114,0.035893094282499094,0.05132081932635946,0.05445034795308068,0.052326354800994825,,,,,
2020-03-11,-0.040816875928608165,-0.053988795670952605,-0.04375934216485089,-0.04958099200131805,-0.0435548714810563,-0.046188337921470556,,,,,
2020-03-12,-0.09800492318623011,-0.10557512061971275,-0.08480849190035744,-0.09671795492036062,-0.09169136984288229,-0.0961295119021001,,,,,
2020-03-13,0.08713402980231777,0.09695217027044278,0.06834848406689797,0.09343013011216073,0.08470548419951918,0.08414489471321951,,,,,
2020-03-16,-0.1369864162888894,-0.1441161677519035,-0.15353681075845227,-0.11738804556045956,-0.1197875517747572,-0.14487979826641506,,,,,
2020-03-17,0.047824758688761904,0.081004287365124,0.10209447173752739,0.06547062167253981,0.07584126044018302,0.0769745059304711,,,,,
2020-03-18,-0.045952155453511945,-0.08309892379444062,-0.026255732570252488,-0.05466308757438887,-0.030416085597237852,-0.051768937272735016,,,,,
2020-03-19,0.04732798614335709,0.017710484947403904,-0.001992977065585322,0.0008632362794942505,0.006002236859572019,0.021015164675058557,,,,,
2020-03-20,-0.030717699313287494,-0.017499582393879942,-0.050158485164479405,-0.04356903454337102,-0.03917593138067055,-0.03279192229054895,,,,,
2020-03-23,0.003570244072417461,0.037106712658670826,-0.0346873714670467,-0.030701582512292824,0.0007219604490102949,0.0019965284213471954,,,,,
2020-03-24,0.10059159316540289,0.1032343090212764,0.09315112087163979,0.09536383485271327,0.07743779543647467,0.0989923410194397,,,,,
2020-03-25,-0.006324157208784098,-0.007523883322185343,0.01381462493419261,0.012826955456773925,-0.007405085339119544,-1.1138532258943753e-05,,,,,
2020-03-26,0.04001996652848616,0.060648267261852684,0.05990875281753283,0.060100664845932794,0.05266037518122646,0.05352566220262389,,,,,
2020-03-27,-0.034261719737801344,-0.05529078491038042,-0.02442395824670518,-0.030719371124868444,-0.0343928666744584,-0.037992154298295645,,,,,
2020-03-30,0.035782971908078,0.039220683195354766,0.039281142696689475,0.03233728231201183,0.036373289629800354,0.038094932600040744,,,,,
2020-03-31,0.004259186634764767,-0.019748801007774985,-0.026305990772045207,-0.01485085617113513,-0.008539690237323039,-0.013931868381685142,,,,,
2020-04-01,-0.05188955234096837,-0.04959881586058967,-0.040871999613745214,-0.045055404668498666,-0.04248945400050175,-0.04745345593843442,0.0005654694403997916,0.1779379765922115,0.9098357074125225,-0.0013434353994599343,-0.0013434353994599343
2020-04-02,0.006100196814632364,0.026946901833507342,0.02903647360693018,0.02339140565170217,0.020295042721131695,0.020694524085023296,0.0006415333166790616,0.17607005445183824,0.9131240507696647,-0.002597426918519174,-0.003940862317979108
2020-04-03,-0.009449050486850075,-0.020029760416595987,-0.012941050450036573,-0.014776807196672626,-0.014192884144974216,-0.014139953784494211,0.0005024482083844857,0.17450621353218665,0.9138370693132076,0.0009062263312529378,-0.0030346359867261703
2020-04-06,0.0773966112127531,0.0994287813413024,0.0696574516329116,0.06802053575185929,0.07149487832518098,0.08216094806232237,0.0005446515909685533,0.1743560269493539,0.9140533181145323,0.004406375345366725,0.001371739358640555
2020-04-07,0.0036589122194283785,-0.0030849728659558817,-0.010658176728575053,0.0005335123606411418,-0.0004073372876713943,-0.0033614124583675187,0.0006448594010856042,0.1706604640460202,0.9219408575366983,-0.0037217804381919897,-0.0023500410795514346
2020-04-08,0.02013919227034311,0.033143332220863186,0.03485076944809795,0.033940722788603495,0.021232209381305545,0.02937776464643475,0.000601685101738733,0.16846090312707815,0.9241149114550329,0.0034373934385421787,0.001087352358990744
2020-04-09,0.005865866489909166,-0.0236462426979428,0.01824361984144285,0.014845374752796792,0.0014457380968904143,0.00015441454446973868,0.0006162118999089991,0.18549141015829754,0.9071304743503459,-0.004526959938282493,-0.003439607579291749
2020-04-13,0.03525446834713919,0.013078228257328961,-0.01720148632332741,-0.00970000788554748,0.010803718985974653,0.01037707009371358,0.0005034339848706887,0.1673122517631515,0.9255540864045939,0.001497140014458432,-0.001942467564833317
2020-04-14,0.05145423621047307,0.043748579542407295,0.034276585187879904,0.03053055134967253,0.04349097283085035,0.04315980031358676,0.000598080378693094,0.16391930228058468,0.929265629304972,-0.002857492977331809,-0.004799960542165126
2020-04-15,-0.000686171773923383,-0.02695082681930805,-0.02278090507195074,-0.021769108380135127,-0.011469548981668853,-0.016805967888394058,0.0005687687012124484,0.17166664645707852,0.9199950277460021,-0.003085778724003457,-0.007885739266168583
2020-04-16,0.02114027752458414,0.026520313391217742,0.01121893542709862,0.005053810950189863,0.018239872540212865,0.019626508780966834,0.0005440262233373051,0.17758978440513493,0.9144843547214727,0.0015048992904225268,-0.006380839975746056
2020-04-17,0.0027358721704848765,0.009783829773224229,0.024808674632477823,0.027598909473189437,0.009566327760485382,0.01244279219206231,0.0004891795933955364,0.1734655772253718,0.9189892735608751,-0.0016252007631445096,-0.008006040738890566
2020-04-20,-0.011470473926927904,-0.021194566900903378,-0.02048413780635261,-0.018018859572689228,-0.011844655472251886,-0.017716392878061298,0.0004023564609414445,0.16745032566667611,0.9247888718542594,-0.0041476798637276255,-0.012153720602618191
2020-04-21,-0.045889667701216386,-0.04477615687357961,-0.028643581160942344,-0.03055702816362127,-0.0368993681780031,-0.03976980191191278,0.00034881502621568364,0.1710263573254944,0.9217749302056004,-0.0008796471937022113,-0.013033367796320403
2020-04-22,0.04445258478743086,0.05650910114221408,0.028235722201369606,0.021996532381900247,0.02967450518753245,0.043065802710338184,0.00028783743296357904,0.16908953484150085,0.9243379534646685,0.011629310453672645,-0.0014040573426477576
2020-04-23,-0.0026622788133962016,-0.009195337440361162,-0.010176918895119846,-0.00019489420210605513,-0.0021331140541271942,-0.007344845049625737,0.0005022122731471996,0.15829201887377478,0.9386053602111735,-0.005814054840909203,-0.007218112183556961
2020-04-24,0.01855473548860931,0.02018560740411246,0.008179153886249235,0.014507584003225382,0.015770341749842487,0.015639832259657,0.00038396875464393994,0.1545770595178714,0.9423216954073653,-0.001847411345779159,-0.009065523529336119
2020-04-27,0.013283897309159798,0.012356732599893672,0.014089504566575428,0.014453646680325338,0.008043525245467809,0.013243378158542965,0.000406694201929588,0.15383638477546682,0.942787538096211,0.003029851840700884,-0.006035671688635235
2020-04-28,-0.025367780728739686,-0.006664457019799008,-0.009254226562846246,-0.004623178224401059,-0.01883465752499902,-0.013762154770461646,0.00043482071537487966,0.15818517727748896,0.9386140739783471,0.004212817412702045,-0.00182285427593319
2020-04-29,0.04554525956838873,0.04696550315850101,0.02040230646331942,0.025772971492372454,0.035461019957517825,0.03763768973006972,0.0005731984978611795,0.1701035157515148,0.9251294700642426,-0.00012561643124357064,-0.0019484707071767606
2020-04-30,0.012482881724856343,-0.03708228847488826,-0.007318033618908815,-0.00872149835011582,-0.0004110233412292219,-0.01063914678964691,0.00048781712527090333,0.17713355298646716,0.9170995391243073,-0.009205144607985535,-0.011153615315162296
2020-05-01,-0.04103382814185419,-0.047109856467693056,-0.02129133026825525,-0.02725559298034086,-0.0281851367006839,-0.03647833829260083,0.0003108795969066723,0.19215633875559174,0.901393439897364,-0.006145985607185697,-0.017299600922347995
2020-05-04,0.026598543829314814,0.011064896566555182,0.010392134822931887,0.003156211493579475,0.011657417326752073,0.01601852507293396,0.00032341004929172554,0.20030744521908111,0.8954430094579332,0.004624349509218299,-0.012675251413129696
2020-05-05,0.010388817801525008,0.013039447561448814,0.014480010538101773,0.009207878466600317,0.011337153392940724,0.012636091967025198,0.0004271600712392777,0.192597002654524,0.9040366060103187,0.00018632042713906394,-0.012488930985990632
2020-05-06,0.010170625410323986,0.011722436095879862,-0.005106299321229524,-0.0067290274861888655,0.006156582049815951,0.005595587394991441,0.0005044487498282439,0.19320276202991546,0.9032424674875892,0.0008303189793045463,-0.011658612006686084
2020-05-07,0.010677784613872143,0.009087341904523427,0.008788489854740567,0.011826829554974383,0.012876781326843112,0.009517872124378712,0.0004667628154998303,0.19334913114112862,0.902720047229683,-0.004859726557263751,-0.016518338563949835
2020-05-08,0.018060356319303583,0.02551587705278857,0.015239324498063311,0.016719315354998487,0.013704576796428114,0.01960518595671849,0.00030222372379705485,0.18988010164278227,0.905471067978991,0.003719199145854727,-0.012799139418095108
2020-05-11,0.01135952973550447,0.0005123356304805871,0.006331853013797684,0.0001491477277144604,0.008939243196034674,0.006067906126594247,0.00039558704106463344,0.19250276965159446,0.9036013997460851,-0.00243390492975026,-0.015233044347845368
2020-05-12,-0.01790002681755687,-0.027501381242666656,-0.019556288436556435,-0.020125037802191215,-0.020937218949349856,-0.021652565498926652,0.000290645648395659,0.19410598655723862,0.901825564599857,0.0008448984699219939,-0.014388145877923374
2020-05-13,-0.01307761359601245,-0.017749737497046225,-0.01226532552697035,-0.017729300077338195,-0.012515677531033331,-0.014364225540009675,0.00028745943407870213,0.1943952305271286,0.9013002088487795,7.518917413473769e-05,-0.014312956703788637
2020-05-14,0.011688901407140184,0.028024325010071793,0.008654870968654693,0.012058582552503472,0.01135192563119336,0.016122699128622225,0.0002772487211080811,0.19452231526353897,0.901156732285726,0.003269922803647865,-0.011043033900140772
2020-05-15,0.01445307558567599,-0.02279149100998723,0.006267455738284022,0.0045064257536528984,0.0064916206940979215,-0.0006903198953424061,0.0002300615505567556,0.1996798564063032,0.8956791273216964,-0.007634633051487331,-0.0186776669516281
2020-05-18,0.015484595673989299,0.04306414198603714,0.028175742036627316,0.03056550421851978,0.0186320482876996,0.028908159898884584,0.00014263537719680472,0.20270394402409644,0.8918634922854659,0.005952532611209465,-0.012725134340418637
2020-05-19,0.0008200217426361789,-0.003726795761038848,-0.007115164961326914,-0.009443619861461694,-0.002506241610537585,-0.0033406463265765276,0.000299571105900194,0.22049352886861542,0.8747865017382432,0.0006344659670637072,-0.01209066837335493
2020-05-20,0.02383400083548448,0.03623297149415983,0.00968412687770881,0.016311688052957907,0.019968327106775874,0.02325036640245104,0.00031899277427364773,0.22060494659301572,0.8744175906195402,0.0018722780790028648,-0.010218390294352064
2020-05-21,-0.00606393494825852,-0.025339733315638213,-0.01064652208892125,-0.0071824663774813224,-0.01089063450684169,-0.014016730117605994,0.00030748571896808545,0.22020964415685354,0.8760127224879501,-0.0032022330874607492,-0.013420623381812814
2020-05-22,0.005474359196465883,0.0021060524425804417,0.006277417808138841,0.002251896777400564,0.0034514298430299295,0.004619276482395056,0.0002703622709651005,0.2146107740923197,0.8822009985788307,0.0008207780468102392,-0.012599845335002574
2020-05-26,-0.008719223662157272,0.008623633879781378,0.002914234010676253,0.012852287619039116,-0.002699470044085217,0.0009395480761001199,0.00028467819482291324,0.2147423006216435,0.882061866922303,0.00027603965650032,-0.012323805678502255
2020-05-27,-0.0047746620402049356,0.015088511927355386,0.007469007657268323,0.014579311146299512,0.005457474370525572,0.005927619181472925,0.00016922742747127863,0.22301435318531362,0.873821239244061,-0.0022618609087731298,-0.014585666587275385
2020-05-28,-0.006461749574881215,-0.021376154614653142,0.008867395701951608,-0.001971261340069641,-0.0013026350302500767,-0.00632350282919425,0.0002213151586984064,0.21117399248026547,0.889886023187663,-0.0049693421537539695,-0.019555008741029355
2020-05-29,0.016792114874142783,0.020034874334194264,0.009758289956794508,0.004488802843646722,0.014652748726286635,0.015528426388377184,5.7151044579899365e-05,0.20579571976293493,0.8973913314570278,0.0013982492427274673,-0.018156759498301887
2020-06-01,0.017250215730211682,-0.001489047009913702,0.0014974761594934716,0.004360880814741952,0.0029996987219915727,0.0057528816265971505,0.00010488722732454538,0.2037487333883235,0.9006068095068516,0.0020579213613168817,-0.016098838136985004
2020-06-02,0.0012828113124780938,0.019670315273600636,0.006775807397099154,0.008221590614980068,0.006707698137973672,0.009242977994392628,7.815952139739234e-05,0.2054081847904163,0.900447406497211,0.0014361070767776934,-0.01466273106020731
2020-06-03,-0.0010698329368985515,0.027578834482216985,0.006892378435710889,0.013202409244944091,0.004498724704616652,0.011133793327009775,7.123857181713438e-05,0.20553541492514282,0.9008428074209699,0.004296348300300576,-0.010366382759906733
2020-06-04,-0.01200527529544082,0.011047050690754512,-0.013022396930858049,-0.00254317171441365,-0.007013467739865997,-0.004660207178514786,2.0087822458779913e-05,0.2189925375278212,0.8940169743689597,0.0021467998347641636,-0.00821958292514257
2020-06-05,0.020156390867316132,0.023595516471841993,0.021297729814444333,0.025568265425815362,0.01982724739895292,0.02168321238453415,0.00016500628474370289,0.217155599292158,0.9012232229109873,-0.0019028617039512884,-0.010122444629093858
2020-06-08,0.013801215285433432,-0.0030123533763154464,0.007911246397027005,0.0121250451793955,0.007760052595941147,0.006233369435381664,6.423001309973069e-05,0.21797441016514207,0.9025343571495639,-0.0034775242300470466,-0.013599968859140905
2020-06-09,0.017355754627253805,0.0018391691752708272,-0.00022671092610870858,-0.007100251391292889,0.007244943348173383,0.006322737625471975,-0.00019222810358664882,0.2195389080949749,0.9136396601854393,0.0014544795880150028,-0.012145489271125902
2020-06-10,0.02949350255478378,0.0051140759242220835,0.009779703255518246,-0.006236127522768253,0.01200142319798414,0.014795760578174702,-1.588051841397149e-05,0.23899351897964471,0.9153922409991821,0.0053160254816786,-0.006829463789447302
2020-06-11,-0.048883648714702854,-0.06138288496191735,-0.05336950794391304,-0.0576360713587718,-0.04954908077848419,-0.05454534720684442,0.00033889636489507356,0.2294123408116585,0.9007536854426343,0.002969699595378558,-0.0038597641940687436
2020-06-12,0.0020999541836352886,0.01410794583228503,0.011750364685490844,0.012051326355558833,0.007948001100871904,0.009319421567137054,0.0004370063683526034,0.2147132179118124,0.9252149467127306,-0.0010587732781389449,-0.0049185374722076885
2020-06-15,0.01982691182962748,0.012952321708197045,0.005420079835032787,0.009118766704154124,0.01216719028770541,0.012733104457619104,0.0006495206361605487,0.16427258793391475,0.9627696122619063,-0.001128580659409427,-0.006047118131617115
2020-06-16,0.011271056416203074,0.015627979750233445,0.015261704360499229,0.01956045895956282,0.01717270889769118,0.01405358017564525,0.0004025427643779391,0.175718187596647,0.950647628948354,-0.006111285981876083,-0.012158404113493199
2020-06-17,0.0062705393406343735,0.010591785292896727,0.003769584697013828,-0.004587767371375451,0.00317081010212128,0.006877303110181643,1.6242252350864243e-05,0.17956206075808268,0.9616753787041423,0.004635559815557244,-0.0075228442979359544
2020-06-18,0.0022014963216814287,-0.0013841174299423775,0.00036647877402495865,0.0009080070273066454,0.0027091075994276625,0.00039461922192133664,-1.3836737155042012e-05,0.2162727852912108,0.9256672797624736,-0.002295653511929272,-0.009818497809865226
2020-06-19,0.00048026512056198456,-0.00468670363041046,-0.0037313074574786276,-0.0058956417295452646,-0.00016375062353435332,-0.002645915322442368,-8.363168605213895e-05,0.18347470445242514,0.9383536781411573,-0.0013269265126131585,-0.011145424322478385
2020-06-22,0.015800674286855054,0.009151949456076336,0.008602790210954225,0.006632334664164796,0.011992601585565144,0.011185137984628538,-0.0002155074543928751,0.1609954841052064,0.9625012099997592,-0.0012100240281350209,-0.012355448350613406
2020-06-23,0.009702894887462676,0.0032857190430797267,0.0029497597388825625,0.004531822057742163,0.008511299733478417,0.005312791223141655,-0.00016299582587441636,0.18173015215969526,0.9561727195613303,-0.0034860542762597587,-0.015841502626873165
2020-06-24,-0.023931562654438965,-0.020960231965764464,-0.022001570761162492,-0.025576383504895106,-0.020615832178396576,-0.022297788460455308,-0.00023305532546919285,0.18340667489812948,0.9552025660923631,0.0023184421184999845,-0.01352306050837318
2020-06-25,0.01427992339870543,0.006824061167150619,0.008579221943862514,0.010577598586367198,0.009519484158542646,0.009894402169906188,-0.00016287607718769043,0.1799726300309095,0.9592972539383307,-0.0009784150021052568,-0.014501475510478437
2020-06-26,-0.03896225532071629,-0.0187387845465955,-0.020179076374005844,-0.023435284308935045,-0.023614951391062067,-0.02596003874710588,-0.00012696802217795281,0.1750938317092059,0.961939133343366,0.000986448876982099,-0.013515026633496338
2020-06-29,0.018897321723168936,0.010157753435792838,0.012738669411689552,0.014593293454340461,0.010906706493294172,0.013931248190217108,-0.00014255770498559938,0.17656102795341416,0.9625379526561577,0.0009990800634015317,-0.012515946570094806
2020-06-30,0.02991715239404802,0.024334703933749147,0.017237446180230487,0.013335659382659903,0.019601133325132247,0.023829767502675885,-8.57288746489355e-05,0.18176113558818432,0.9601999131986365,0.002670585266728448,-0.009845361303366358
2020-07-01,0.021531952068097437,-0.011452861878535447,0.005518609992153811,0.00684441916906775,0.01167234507206305,0.005199233393905267,-0.00010285525762083678,0.1793721632175767,0.9665867071465435,-0.007207943208681036,-0.017053304512047396
2020-07-02,0.014540244174642059,0.015292971571643665,0.0022548268455400144,0.0050461724664121466,0.006786525559749457,0.010696014197275247,-0.00020195205729886642,0.18394453424102689,0.9546901656581528,0.0034907211996595402,-0.013562583312387855
2020-07-06,0.04485486010241013,0.02758215483713089,0.013474280801862193,0.015515491021198535,0.02458464763520185,0.02863709858046774,-9.319802348215097e-05,0.18522738845280962,0.953179124491126,0.0024228298126857395,-0.011139753499702115
2020-07-07,-0.0029705256396641566,-0.012437221264625653,-0.004506629241791571,-0.010368686486870282,-0.0068889099640518925,-0.006638125382027127,-0.0001228680654875385,0.16891665734682904,0.9677735546120887,0.0019030914292129109,-0.009236662070489204
2020-07-08,0.01576741010573235,0.014328856407294088,0.010923056372626583,0.007424307272943187,0.01317175459250386,0.013673107628551007,1.0899022076021544e-06,0.18330861931560505,0.952777519296406,-0.00023867345466148555,-0.00947533552515069
2020-07-09,0.015359464590888772,0.01735712702149872,-0.0010918729620585932,-0.005096792202970879,0.008423518951733433,0.010541572883442965,-1.4912753738991966e-05,0.19417873176374423,0.9419965093793219,0.003611248833994725,-0.005864086691155965
2020-07-10,0.01784600751688714,-0.003922794807155627,0.0052859141002314924,0.010038107459605206,0.00682732679616449,0.006403042269987669,3.0385544299779037e-05,0.17205220781925984,0.9741876378583879,-0.0020055191895069265,-0.007869605880662892
2020-07-13,-0.025603970148086685,-0.01437776234144894,-0.014775513767441906,-0.009047190725882892,-0.02057038990297244,-0.018252415418992512,2.7767666162915785e-05,0.16280383117302738,0.9801120038669527,0.003354020294498241,-0.004515585586164651
2020-07-14,0.010077125333737946,0.016807260323461914,0.016055327261398133,0.01338330312500613,0.0070779597916481585,0.014313237639532664,0.00010271860275646682,0.17691059248066457,0.960727500840638,0.005042880329902374,0.0005272947437377235
2020-07-15,-0.0020668769055341984,-0.004553521934227978,0.0030583330089126726,0.008873005687827007,0.0020354629618513087,-0.0011873552769498346,0.00023575869545271167,0.2033645205192215,0.938966255132499,-0.005138799554422239,-0.004611504810684516
2020-07-16,-0.010295377058494037,-0.0007518570929734292,-0.004219903974529315,-0.002908853777273901,-0.006822273331392292,-0.005089046041998928,0.00019709785096999805,0.18194615026230052,0.9551852989143923,0.0017596460448036453,-0.0028518587658808705
2020-07-17,-0.0010293047278935319,0.0046403544103079675,0.008564508265840542,0.002646074900507056,0.0011577031958311945,0.004058519316084992,0.00020861622849625199,0.18339632063959532,0.9550999207872775,0.002258900456065411,-0.0005929583098154595
2020-07-20,0.044767153831533735,0.019973875306233735,0.013705943746439964,0.00832354881188535,0.028370704435274563,0.02614899096140248,0.00016849286098130612,0.20095602550359948,0.915471618242254,-0.0016647438869340121,-0.0022577021967494716
2020-07-21,-0.01833891112198105,-0.005018152061772252,-0.004969867186708998,0.0020802284210901245,-0.010420529744490925,-0.009442310123487433,0.0002689720668068482,0.2138988026836752,0.8980633772487258,-0.0007979444238156892,-0.003055646620565161
2020-07-22,0.004124480969346589,0.007319066740585134,0.012214197597827381,0.005692880924984101,0.0035228460471661283,0.007885915102586369,0.0002759174295910494,0.2119338393700857,0.9025111603152833,0.003224075687846702,0.00016842906728154134
2020-07-23,-0.03800045223417581,-0.016485594793112845,-0.015773046044622707,-0.011953582890803949,-0.02611993892808051,-0.02341969769063712,0.0002865476748990279,0.20851021538478348,0.9044860209121833,0.0024113184051740254,0.0025797474724555667
2020-07-24,-0.010281400959744613,-0.01005691911257034,-0.0010288471547367228,-0.006470389770226959,-0.009495771341174741,-0.007122389075683892,0.00025143795039388184,0.20174055206346547,0.9115830807039378,0.002587697471081846,0.005167444943537413
2020-07-27,0.026672218826345517,0.04032352729120969,0.008590706300532824,0.007292452292697593,0.017843220541874816,0.02519548413936268,0.0003041653116618699,0.20349721379687002,0.9077940380406453,0.00720935587703192,0.012376800820569333
2020-07-28,-0.019350907091665315,-0.025981180547759664,-0.005128062731367344,-0.006195676388500049,-0.012724929459722811,-0.01682005012359744,0.0005285192714996646,0.16515412483843842,0.9467923915764478,-0.004277461487559649,0.008099339333009685
2020-07-29,0.015301175900210184,0.02518891539536372,0.012907857836442771,0.012096464264760076,0.011526168236596135,0.017799316377338892,0.0005818089061871879,0.1526107624689203,0.9472057370414676,0.004453804156719626,0.01255314348972931
2020-07-30,0.005534755487671239,0.00941743179914245,0.002674043781573321,-0.003649639913330671,0.005235194437965829,0.005875410356129003,0.0005931900162697481,0.16435923421656107,0.9376449624842721,0.0009733186687961417,0.013526462158525453
2020-07-31,0.022571291357415868,-0.005920598350263595,0.011096183939741877,0.008366970984166278,0.017845489130313252,0.00924895898229805,0.0006093153964602813,0.16203733105519635,0.9398511620209045,-0.009488221757409133,0.004038240401116319
2020-08-03,0.01852843773367452,0.01780746588539439,0.012867846751375867,0.0062979728181784544,0.013506977270272724,0.016401250123481592,0.0004930962663585643,0.18223262584678257,0.9109372330538086,0.0024564492314517877,0.006494689632568107
2020-08-04,0.0009418992301344353,0.014540921726605482,0.005228715185806809,0.00420541344274028,0.0037119135850012253,0.006903845380848909,0.0005937714694305636,0.18102868751132506,0.9181097901509354,0.002140829232852709,0.008635518865420817
2020-08-05,0.00401223762273939,0.0008738178755403059,0.0025691488410566343,0.006232127642959107,0.002478382767648002,0.00248506811311211,0.0005800383001072311,0.17569558373959868,0.9194829197791401,-0.0014687581146918018,0.007166760750729015
2020-08-06,0.0209823127600135,-0.0017462021508992676,0.008522245316340715,0.0067182581513720585,0.013244742233569973,0.009252785308484982,0.0005945841941299521,0.16726864683707532,0.9279706167916242,-0.0047562844554591265,0.0024104762952698883
2020-08-07,-0.012525094760295064,-0.011487582936865581,-0.004586647695604351,0.0005207945354035459,-0.011542683183437652,-0.009533108464255,0.0005186971346255035,0.17375803113663937,0.9196991338083417,0.0004734978936527766,0.002883974188922665
2020-08-10,-0.008478149347544317,0.0007077218847297839,-0.0033622898463595563,0.003188179074784081,-0.004272759590124076,-0.0037109057697246963,0.0005354099340834251,0.17447638577502111,0.918028778097345,-0.000880061400354681,0.002003912788567984
2020-08-11,-0.024416916544085288,-0.014147507931502545,-0.014431886863834231,-0.008075373895960136,-0.01894093346110859,-0.017665437113140687,0.0004761453864804596,0.16987264803840554,0.9200469225000915,0.0006567501881577821,0.002660662976725766
2020-08-12,0.04380446975082419,0.03145171011305692,0.02140484798350717,0.013699391395538107,0.02515108321455073,0.032220342615796094,0.0006156752894506885,0.1689463564810123,0.9219321180740849,0.006102613644213592,0.008763276620939358
2020-08-13,0.009926082662515823,-0.009507068242683214,0.002668820298342256,-0.0017094238992566568,0.0022810112463833576,0.0010292782393916216,0.0006112418627020537,0.12501217942143247,0.9582248589088831,-0.0015539864958445425,0.007209290125094815
2020-08-14,0.0023859890641375614,-0.001053720563205296,-0.0018982727049243753,0.0,-0.0011743588543041694,-0.00018866806799736993,0.0005915326032181483,0.12593431734089558,0.9574820815026358,0.00034422688903468863,0.007553517014129503
2020-08-17,0.02874365329254358,0.014588766265860142,0.010418216347556353,0.00323126464549639,0.011610733076479862,0.017916878635320026,0.0005793615867133004,0.12529579805999505,0.9555747620063988,0.005837729669829142,0.013391246683958646
2020-08-18,0.015343580073588825,-0.00617882140310011,0.0008183435100628245,0.0020928930438246507,0.00962519689518948,0.003327700726850513,0.00073152010260895,0.11543676396642477,0.963053398113245,-0.00691499475348668,0.006476251930471966
2020-08-19,-0.005892379460869845,-0.006101112563939526,-0.003168280868658724,-0.004241822583381349,-0.00672726537389623,-0.005053924297822698,0.0006239628539638508,0.12703719451564088,0.9506680912298995,0.0012563786210382302,0.007732630551510196
2020-08-20,0.023935787747454418,-0.00800943582697955,0.008920180177257153,0.003162875020436884,0.01387162462319158,0.008282177365910673,0.0006239718550130326,0.1206052574544676,0.9549654217211121,-0.005970175703481564,0.0017624548480286318
2020-08-21,0.01447085697302164,0.0072490833301601665,0.00825208002665656,0.003570999757938287,0.006930488894183462,0.009990673443279455,0.0005807870913984538,0.14200859413367067,0.9341339963479869,0.0024287684092355695,0.004191223257264201
2020-08-24,0.004279502656783896,0.008893453768318738,0.003669050409942587,0.01016272819673758,0.006243747821645496,0.005614002278348407,0.0007159207293250041,0.1401053557162179,0.9339566572693896,-0.0023571609443648125,0.0018340623128993887
2020-08-25,0.010184110151559844,0.011308966648200691,0.003635429993323891,0.003490721756784554,0.007862390081076587,0.008376168931028142,0.0006706266956403648,0.1360024165266162,0.9358807026147486,-0.00012746351226614397,0.0017065988006332447
2020-08-26,0.03367794188757056,0.005562646015598416,0.010386235730992732,0.010214939975603965,0.021339255699999837,0.01654227454472057,0.0006397673110514928,0.13447136894836792,0.9370272196532502,-0.005466573166616414,-0.0037599743659831692
2020-08-27,-0.0022594017629388174,-0.014029181101281374,-0.0004950544375070809,0.0020037327762074675,-0.0031171160160101685,-0.005594545767242424,0.000564742768467236,0.14248598185717784,0.922550018862037,-0.0035690969283416517,-0.007329071294324821
2020-08-28,0.006743923998531187,0.015906003310625083,0.008640048364269237,0.006498823265822518,0.005085288630735985,0.010429991891141835,0.0004081001994687997,0.11725879348610999,0.9425134973154848,0.00446689434422958,-0.0028621769500952413
2020-08-31,0.02413256422976251,-0.0015370701412674714,0.002180703831726083,-0.0035079763717513757,0.008033179844884941,0.008258732640073707,0.00044569568868056144,0.12089889247660768,0.9420991027369874,0.0006690958855810406,-0.0021930810645142008
2020-09-01,0.010259844020225728,0.01961562311188092,0.00823364961084061,0.009345192086520182,0.01709190639835434,0.012703038914315753,0.00046240774623208016,0.12132684651657555,0.9428295299831202,-0.005007945593941387,-0.007201026658455588
2020-09-02,0.00701313055457331,0.026508558275715854,0.016955035206245972,0.014567050458170305,0.009469046078788068,0.016825574678845046,0.0004602353576589628,0.13408222322266855,0.9290820971966655,0.005614635620625537,-0.001586391037830051
2020-09-03,-0.06572798695555115,-0.05311900571568884,-0.04433853232642271,-0.034617260317216236,-0.0507000643761335,-0.0543951749992209,0.000556670956685947,0.15444251301387887,0.9173936834555484,-0.0030935504694057994,-0.0046799415072358505
2020-09-04,-0.01371481175405409,-0.01375147482364758,-0.015265063429859116,-0.008003172719641793,-0.013326086034534335,-0.014243783335853596,0.00042223131071131845,0.1789129629592738,0.9088422703797898,-0.0011228330153163768,-0.005802774522552227
2020-09-08,-0.07278978019124216,-0.04433802366160455,-0.028301571096972067,-0.027475916483711504,-0.04806394450267859,-0.04847645831660626,0.00038446984495585823,0.18551668356242437,0.9080912135354468,-0.00011724156692805021,-0.0059200160894802775
2020-09-09,0.04595451364671033,0.028630639127363855,0.02973202867851965,0.019727600052189542,0.029375717457060135,0.03477239381753128,0.0003892110280036981,0.1877714501072164,0.9073467086758963,0.004024942170936165,-0.0018950739185441129
2020-09-10,-0.020203865569315638,-0.012581530378815264,-0.018863170124306494,-0.017488391854183938,-0.019936844404427223,-0.017216188690812467,0.0004420925767600703,0.19275915583800213,0.9117629388874211,0.0038904422295259512,0.0019953683109818383
2020-09-11,-0.008386904073554802,-0.0019233831441470839,-0.004222003837727195,0.0007498083190664584,-0.006939737030011939,-0.0048440970184763605,0.000604326071433556,0.2144042848969085,0.8988484946217022,0.0006285869761276002,0.0026239552871094385
2020-09-14,0.030032493724740705,0.02252200232322643,0.018933328431871566,0.012997883256664178,0.017415529410445885,0.0238292748266129,0.0005392620941408023,0.23613498772564914,0.8850595052186206,0.00480697788607071,0.007430933173180149
2020-09-15,0.02244754628785528,0.021024577309796122,0.008872760492065979,0.005145127947929096,0.014173565233518426,0.01744829469657246,0.0006538203278173792,0.2417515138145388,0.8864833732524809,0.002986001979350228,0.010416935152530376
2020-09-16,-0.024891618047710562,-0.012285659532808468,-0.01065485189209614,-0.0040313552691954024,-0.015946648283154397,-0.01594404315753839,0.0007314678415836777,0.22727130685698016,0.8971280139846729,-0.0014531147147088582,0.008963820437821518
2020-09-17,-0.020583679472700567,-0.002277640376037726,-0.00848056496090377,-0.00873726367740335,-0.015621807075334226,-0.010447294936547355,0.0007343477427981626,0.22128515107896457,0.9034601030512603,0.0048654634636538,0.013829283901475318
2020-09-18,-0.010426276379916444,-0.015101000995944358,-0.012571999427089864,-0.011633301270706164,-0.012762878355465745,-0.012699758934316888,0.0008898934139642423,0.21929382487237925,0.9012715021301703,0.00046427733019998446,0.014293561231675302
2020-09-21,0.007776891628134663,0.00047553914356268656,-0.005343266469821639,-0.010852754263858566,0.0023983284119557524,0.0009697214339585702,0.0008741734727917741,0.22837530978647402,0.8969910544961485,0.0004227699469437098,0.014716331178619011
2020-09-22,0.013960401132735889,0.008197058251113054,0.024341916181530365,0.010109667572891556,0.01857881464556077,0.015499791855126436,0.0009111537085184063,0.23112162746310713,0.8964066887172888,-0.004402098392669069,0.010314232785949942
2020-09-23,-0.04532339484128145,-0.022859706761383047,-0.027655938382015077,-0.023167290371042037,-0.03053460505128458,-0.031946346661559856,0.0008539302577826571,0.23127780827488004,0.8911909850118602,-0.00023003202605775125,0.01008420075989219
2020-09-24,0.0113586250612705,0.008742752089225814,0.005161845286183686,0.002754850486649252,0.004656267629113531,0.00842107414556,0.0008494281538827921,0.23244225430152418,0.890989728757192,0.0027826157024120474,0.012866816462304238
2020-09-25,0.030118398864062312,0.011595916582020527,0.021715065980821402,0.016013462406750723,0.023248876519674777,0.021143127142301415,0.0008590726937011807,0.22850605612298214,0.8910488710801187,-0.004091003867577301,0.008775812594726937
2020-09-28,0.017883068977382788,0.025407765464995347,0.014093598619444592,0.016750102050507865,0.020768999894527518,0.019128144353940908,0.0009208060838483779,0.2204864309820328,0.8949157665897981,-0.004072337411523307,0.00470347518320363
2020-09-29,0.0009726165293473255,0.0053013964711987605,0.0018411469506751654,-0.005702659608778693,-0.004509225559705787,0.0027050533170737503,0.0008233809009389516,0.2050244391189014,0.898390446169453,0.0071019021663734465,0.011805377349577076
2020-09-30,0.011143827951102914,-0.00149028049914679,0.009227891995153614,0.007697202853493179,0.006849062679737727,0.00629381314903658,0.0009109291685125433,0.18534011567371353,0.9035283951913794,-0.002232039098295024,0.009573338251282051
2020-10-01,0.017963684030894544,0.02468423588447588,0.010404162314282761,0.006338462280460089,0.015872093974816925,0.017684027409884395,0.0008654222359155099,0.18266771909199264,0.9046213067369091,0.0013025383344967,0.010875876585778751
2020-10-02,-0.03611822035855827,-0.029972052462802434,-0.023564404238252457,-0.0093023723531388,-0.028130709172907054,-0.02988489235320439,0.0008936854668419271,0.1795859959458702,0.9078455523250386,-0.0035696628099757197,0.007306213775803032
2020-10-05,0.025945259803627163,0.034074648294118326,0.023017634954113353,0.01747533438644977,0.021326337948508245,0.02767918101728628,0.0007766782072685933,0.1870686279832619,0.9083961033363722,0.00426065369193632,0.011566867467739352
2020-10-06,-0.020802526158039458,-0.008768621701761625,-0.01653279581795697,-0.013970769432901875,-0.017847231771895955,-0.01536798122591935,0.0008656852761392091,0.21421882429138758,0.8987313247592417,0.0027990015539450155,0.014365869021684368
2020-10-07,0.01632858824329375,0.021410898830177105,0.01844349296585457,0.017158504916767958,0.0172990945903575,0.018727660013108476,0.0008979032139662245,0.20259665158333903,0.9039678104651804,-0.0012843235030467123,0.013081545518637655
2020-10-08,0.004570709519616134,0.012246291379759855,0.0014645351257187578,0.00884959123336837,0.0053229090070574525,0.006093845341698249,0.0008251281829571989,0.16485488494258793,0.9231639480084457,-0.0011040988796697003,0.011977446638967954
2020-10-09,0.015237453383425636,0.017166150078722353,0.011185946527713542,0.008899086764312836,0.015279777263101701,0.014529849996620511,0.0008847421499963502,0.19206576254361468,0.9074030094000389,-0.0019290179102061464,0.010048428728761808
2020-10-12,0.038332910920467755,0.017626542805039502,0.024352011536745044,0.016133935262155674,0.03087101342207399,0.026770488420750766,0.0008415612842312089,0.19217230732958457,0.9062532066322448,-0.005148523334856669,0.004899905393905139
2020-10-13,-0.0007615998722506623,-0.0030009402012181052,0.0007631959363918472,-0.00639438365647127,-3.4202553526152535e-05,-0.00099978137902564,0.0007437851955780013,0.1981307549874865,0.895029877833962,-0.00044603020576322236,0.0044538751881419165
2020-10-14,-0.0039054616587456126,-0.005280623489379299,-0.009665937981080952,-0.006248746981299846,-0.008352463472246163,-0.006284007709735288,0.0007624649347553173,0.188708132213442,0.9030310782709982,0.0016752508225864509,0.006129126010728367
2020-10-15,-0.010930559653199334,-0.003875293187951323,-0.008759283934239637,-0.0011892201960818083,-0.00671109082689636,-0.007855045591796764,0.000812291524188766,0.19503286245075485,0.8975109222860447,-0.0024121227794662815,0.003717003231262086
2020-10-16,-0.008673441656046998,-0.006235461329531233,-0.001553802774910018,-0.0008454896240787102,-0.005480649165411466,-0.005487568586829417,0.0007263770764725896,0.1808398096441487,0.9067464265218133,-0.0010914884348709039,0.002625514796391182
2020-10-19,-0.022036849606033804,-0.004933793025786004,-0.0174283949816475,-0.015110211722587974,-0.016325357877575386,-0.014799679204489102,0.0006743819976789263,0.1733084235553336,0.9144858971739157,0.0020739753164207946,0.0046994901128119765
2020-10-20,0.00656323805565151,0.0008084818131703919,0.005879609592638113,0.003946675550209555,0.0021492145769601567,0.0044171098204866715,0.0006775384303827365,0.16505995367985113,0.9185923790327715,0.001113881175295203,0.00581337128810718
2020-10-21,0.006049679085803339,-0.0064082228826070065,-0.0025783416902752654,-0.001806966650292674,-0.000773234880976359,-0.000978961829026311,0.0005876394313288654,0.18967631223774029,0.8972039783773778,-0.000530113078358932,0.005283258209748248
2020-10-22,-0.0008079527515534313,-0.00037926935505327997,-0.006826937670383226,0.005494778314261595,-3.54469848117267e-05,-0.0026713865923299793,0.000665817521032653,0.19634088517555331,0.8891159825313137,-0.004384537270699537,0.0008987209390487107
2020-10-23,0.00776018921606747,-0.0023856069895150656,0.005920301207232637,0.0034116373986770032,0.001970655523547249,0.0037649611445950137,0.0005257419079741627,0.15577144796980621,0.911365574126567,0.0009117959364576622,0.001810516875506373
2020-10-26,-0.016883756447429676,-0.02141310557591758,-0.013746141709773063,-0.018416653668066107,-0.01499627915539603,-0.017347667911040105,0.0005198370549304266,0.1647795751933231,0.9056942958007972,-0.0012507721087854605,0.0005597447667209125
2020-10-27,0.016386994365539476,-0.0034432555426643363,0.005286686614618619,-0.00330322049392473,0.0078088829519886716,0.006076808479164586,0.000636931681335131,0.15403915797040857,0.9222825728832946,-0.0012532945590003914,-0.0006935497922794789
2020-10-28,-0.04929961223017443,-0.03226703490091465,-0.032709269444655686,-0.03443070583986074,-0.03898699874772471,-0.03809197219191492,0.0005788395715136416,0.16605364907083808,0.9126351956722798,0.0026274398121695977,0.0019338900198901188
2020-10-29,0.026473905393435304,0.024704691566848958,0.01643396275439657,0.01053125480133299,0.01748629204256069,0.02253751990489361,0.0005827913095003382,0.14416385406718207,0.9205162915535069,0.004340085611030026,0.0062739756309201445
2020-10-30,-0.0342307814931061,-0.016803408899770167,-0.030735826372097486,-0.011246044273121036,-0.02536266243344365,-0.02725667225499125,0.0006754361157468515,0.1478977722577915,0.9222475838534345,-0.0028781893266973287,0.003395786304222816
2020-11-02,0.003192194645486257,0.007773683094309813,0.008696054800621411,0.011640624870545846,0.0022273357161135543,0.006553977513472494,0.000703337914637019,0.13231855612169752,0.9391153068404718,0.0022186438591358035,0.005614430163358619
2020-11-03,0.024532433533035025,0.0208156615056847,0.01896176389533677,0.017638494614051314,0.0172975298416691,0.0214366196446855,0.0007329514675257153,0.14582784594798925,0.9311048865380704,0.0020256699412112764,0.007640100104569896
2020-11-04,0.04986303849454998,0.0366707692156083,0.03965828007384031,0.02251672087114298,0.044638457149808186,0.04206402926133287,0.0007830378987834573,0.1595101687131843,0.9238530787530688,-0.0035500306511115146,0.004090069453458381
2020-11-05,0.027774125930829507,0.039714936242930765,0.025019274439850747,0.019581323979330323,0.026071032413676365,0.030836112204537008,0.0007321958349884466,0.1725039801192401,0.9085506877055138,0.0030392056184713606,0.007129275071929742
2020-11-06,0.00021680801986323495,0.015516175931572285,0.003492604220298068,-0.00012433386689858494,0.0007472361594507149,0.006408529390577862,0.0006867194539193146,0.18900288240262084,0.8944289791072075,0.005076959720633151,0.012206234792562894
2020-11-09,-0.03250182067252949,-0.010913771095853897,-0.0281845261815189,0.012463137835877047,-0.02043364360960931,-0.023866705983300762,0.0007937562656055042,0.18438502812571753,0.897264452667129,-0.008624096219937876,0.003582138572625017
2020-11-10,-0.028086447100460266,-0.030946754771402962,-0.026007716446090567,-0.001289493863237401,-0.01791449713569393,-0.028346972772651264,0.0006698528155661305,0.0797758286165228,0.9703767741289042,-0.011530143206105539,-0.007948004633480521
2020-11-11,0.02541680031763538,0.03516571494803089,0.02382885343617991,0.007038917702903991,0.022369538047635418,0.028137122900615392,0.0003976800267460399,0.04188165478347021,1.0005099927516405,0.00506369500268981,-0.002884309630790711
2020-11-12,-0.00481193121648027,-0.010795105428129004,-0.005887170487193116,-0.00924828716889492,-0.004693681893087831,-0.007164735710600796,0.0006029851500991435,0.012060606156542988,1.0262054921298573,-0.00283949877453609,-0.005723808405326801
2020-11-13,0.002177939633722481,0.01474015391527983,0.00728403758350038,0.013585981372397304,0.008772460981020691,0.008067377044167564,0.0005294634011282127,0.021211781424592038,1.021847936175836,-0.0017143903729095605,-0.007438198778236362
2020-11-16,0.005204407550027268,0.028134527942712984,0.0014110676744811812,0.012127321676930425,0.007802741993275131,0.01158333438907381,0.0006203521647565836,-0.002072393573712465,1.0393552136083504,0.002878294236675521,-0.0045599045415608405
2020-11-17,0.005034605546336612,-0.011501148638978775,-0.003130969909946879,-0.00498486309952062,-0.003172109903290088,-0.003199171000863014,0.0006246368282104961,0.007725791396831386,1.033650657085397,-0.000506442330741957,-0.005066346872302797
2020-11-18,0.006470897537737219,-0.004964732088399093,-0.01128860717192115,-0.012132902457477779,-0.007390315951430693,-0.0032608139075276745,0.0006388147319222974,0.012517463888543728,1.031196285528404,0.0038731108869213726,-0.0011932359853814244
2020-11-19,0.007987977053282469,0.013053768737775417,0.004428045053270102,0.004185681298910948,0.007824360570430011,0.008489930281442662,0.0007173518070165668,-0.0013720083473934075,1.038514224450013,-0.00034738848550965387,-0.0015406244708910783
2020-11-20,-0.013747329152421717,-0.005074667599069493,-0.0030839858650714147,-0.006693298116727142,-0.00684015966816931,-0.007301994205520875,0.0008205565398515416,-0.010931501253640298,1.0505713159762868,-0.0010096429980498535,-0.002550267468940932
2020-11-23,0.004093290267840555,0.015401509141057979,-0.0035691996603918197,0.0059114308933307935,3.458261771061011e-05,0.005308533249502238,0.0008532714028924204,-0.004841862246655946,1.0466418049026374,0.004447688567257061,0.001897421098316129
2020-11-24,0.019833846554783374,0.0031518232027996085,0.003184048995553912,0.016198945658683073,0.014049953190022002,0.008723239584378964,0.000853748979353156,0.0002777080115430267,1.0424513068431405,-0.006781400035985544,-0.004883978937669415
2020-11-25,0.011319406772423823,-4.913259207373066e-05,0.00743915777640991,-0.0016480786838235506,0.0061465617603129186,0.006236477318920001,0.0007744378273891804,-0.02357672051057683,1.0534186124301876,-0.0010517193597424125,-0.0059356982974118275
2020-11-27,0.008275831689869673,0.013402739121105123,0.006596578914385143,0.0028511999284293044,0.00921435944048965,0.009425049908453312,0.0008561422358088432,-0.025947498667204583,1.059318935529943,-0.0011180562551024557,-0.007053754552514283
2020-11-30,-0.004934026455307494,0.010609430227880967,0.007824609144516659,-0.00448900141128783,0.002040416511109644,0.00450000430569671,0.0007417447862905777,-0.047359816914893715,1.0693552686104404,0.0013637310881220105,-0.005690023464392273
2020-12-01,0.0206515543636423,0.018167862857378925,0.009238959510316835,0.01100268137089433,0.012816011846574327,0.01601945891044602,0.0008164218891591679,-0.055478424526143946,1.067342310933588,0.0021343767480323413,-0.0035556467163599314
2020-12-02,-0.00027625973910894164,0.00400192804715882,-0.003577020557062216,0.002111213907125542,0.0012847605195360767,4.95492503292209e-05,0.0008718565852947353,-0.05313709326371978,1.0662204223824445,-0.0020799614684829672,-0.005635608184842898
2020-12-03,-7.982639085724053e-05,-0.0003752354689822157,-0.006388631838812997,-0.0002966985480836737,0.0014157259066511774,-0.002281231232884151,0.0008272860015807884,-0.05430049727153466,1.0684144939297708,-0.004637210191263609,-0.010272818376106507
2020-12-04,0.00034934589630086776,0.029178618956853253,0.005283395709655414,0.008607892891788538,0.004074913904678512,0.011603786854269845,0.0006996352865565883,-0.05299920053216332,1.0611142696678706,0.0070364137173221505,-0.003236404658784356
2020-12-07,0.014674037702616216,0.0056976587736510265,0.004212623917995817,-0.001854314885962105,0.005662543069343551,0.008194773464754354,0.0007556485093661923,-0.029939708085610556,1.0514181299012337,0.0014299068645492654,-0.0018064977942350907
2020-12-08,0.00031985643526244445,0.0013142302114186322,0.001654858589566155,0.0028891215740445286,0.0033846239548247503,0.0010963150787490772,0.000750642506533593,-0.036950214657095665,1.0571043136542673,-0.0031254743481959335,-0.004931972142431024
2020-12-09,-0.02892508112858716,-0.030959885692839473,-0.01508016650148536,-0.008877634557353908,-0.022640773079082077,-0.024988377774304,0.0006263265078135675,-0.041975788205022055,1.0544338539674487,-0.002114152375479666,-0.00704612451791069
2020-12-10,0.005290148469327294,0.0007473784613130086,0.002047894508705461,-0.00047498639141885235,0.004015620622735083,0.002695140479781921,0.0005541263918181854,-0.0422922192905316,1.0562323096524513,-0.0021205023857016597,-0.009166626903612349
2020-12-11,-0.0031171751274241544,-0.008121375151623922,-0.002802884677266304,-0.0012759469743880425,-0.0022147634753278966,-0.00468047831877146,0.0005150162512637323,-0.039603881705637486,1.0544700884272484,-0.0029106251853970753,-0.012077252089009425
2020-12-14,0.010505597351719409,0.01021112439362426,0.008159091636176674,-0.0045757375296489045,0.007255047215660726,0.009625271127173448,0.0003666668593688818,-0.040220284098014536,1.0619887238097283,0.001369788470665283,-0.010707463618344142
2020-12-15,0.007991830090827268,0.015697993067537164,0.008189907706837696,0.013820466902081385,0.010689623475854448,0.010626576955067376,0.00038970704194509913,-0.04559812366270617,1.0657373074994978,-0.0005252732693408202,-0.011232736887684962
2020-12-16,0.0029013935054980067,-0.00041287441936121994,0.007566409129271978,0.0015307099102375155,0.005499722840359045,0.003351642738469588,0.00043292457593805805,-0.06151170922202047,1.0751089858193654,-0.0028999266997526874,-0.014132663587437649
2020-12-17,0.007563113356058526,-0.00022929989061737377,0.006728156437350252,0.005438922824547721,0.006537773353034071,0.004687323300930468,0.0004466786808143194,-0.061870941311285434,1.079645614236902,-0.002481322432487767,-0.016613986019925416
2020-12-18,0.0032762383222653124,-0.003441813326411247,-0.000681583624296711,-0.004005509827550657,-0.0030223370661796034,-0.00028238620948088194,0.0004302736528804192,-0.06497452610108743,1.0785747120205724,0.0022869003655841143,-0.014327085654341301
2020-12-21,-0.005218545153456655,-0.005045023312714059,-0.0032307762663417172,-0.003082864864013435,-0.0018711474802755035,-0.004498114910837477,0.00042132501278862146,-0.06692440090756716,1.0782600756491165,-0.0031081751840966675,-0.01743526083843797
2020-12-22,-0.001889463210264286,-0.0017710433243783852,0.0034890741373314604,-0.001971968380234612,0.002719229664857936,-5.714413243707028e-05,0.00040547217225111586,-0.06105963474872064,1.081244934283877,-0.003523177274003426,-0.020958438112441396
2020-12-23,-0.004231116257893852,-0.0074699493846115406,-0.005358068095643653,0.000799766402540536,-0.005035997798277347,-0.005686377912716349,0.000378096585364671,-0.049718167205275554,1.0784950927854284,-0.0005934126656340069,-0.021551850778075404
2020-12-24,0.005089243150622869,0.010724785974763229,0.0014517599228509592,0.003996319952442873,0.004412539454656583,0.005755263016079019,0.00023823530997158155,-0.03900769337447774,1.0762063645291302,0.0009241118846013245,-0.02062773889347408
2020-12-28,0.01932802685697399,-0.0020010963909123936,0.008698240796304546,0.008697932202364589,0.010079215877471182,0.008675057087455381,0.0002683335426064544,-0.037263248164342476,1.0757794797944742,-0.0021121768623798883,-0.02273991575585397
2020-12-29,-0.0012056888641821528,-0.00251824827956737,-0.0010022302969974195,-0.0021043178577667687,0.0008951065926883217,-0.0015753891469156474,0.00022806994965209656,-0.038232713646666916,1.074244085789192,-0.002845475841991653,-0.025585391597845623
2020-12-30,-0.00021868310688211157,0.018466648594905655,-0.0015900961605888053,0.001347187896237001,3.202943323588059e-05,0.005552623109144912,0.00018309144834043002,-0.03324543285071893,1.0708847156039707,0.005380019675044368,-0.020205371922801255
2020-12-31,0.001398556639499171,0.0026163504614546973,0.0031475327981735912,0.005382370110916579,0.002460244991129956,0.0023874799663758197,0.00020938988978203124,-0.04121941249774281,1.0653543030066093,-0.00022108437733957568,-0.02042645630014083
2021-01-04,-0.008501646209347125,0.0020145088703118486,-0.01375944727096845,-0.013558705844877728,-0.014119903993855987,-0.006748861536667909,0.00014240736364139515,-0.03632623313628579,1.0679683537727627,0.007695805013891181,-0.012730651286249652
2021-01-05,0.009781705291437959,0.017499808144502804,0.008029608007318556,0.006577541090294625,0.008244114491444465,0.011770373814419774,0.0002898845048148091,-0.058539014377140944,1.0683883853025713,0.0030576159122920766,-0.009673035373957575
2021-01-06,-0.021883707951795728,-0.0030536153845718284,-0.014847690426754045,0.006065962081865051,-0.013852467566492277,-0.013261671254373867,0.00032710742796027007,-0.058189835877634856,1.0698409600655836,0.0015841358562630036,-0.008088899517694571
2021-01-07,0.03684641233383634,0.041259404248374265,0.019683717558784064,0.014941799116665822,0.024191960516677158,0.03259651138033156,0.00037551566388575647,-0.04924669406527892,1.0645653175024208,0.007202907797886654,-0.0008859917198079173
2021-01-08,0.014781006331107127,-0.003590398139145523,0.009273363901408649,0.005624646856255078,0.012858207946999878,0.006821324031123417,0.000553058918017502,-0.05464429695729161,1.1004856784841148,-0.007574653710444982,-0.008460645430252899
2021-01-11,-0.024274479020573114,0.014977905955243065,-0.006600507899376273,-0.006534782453174404,-0.014449850730194447,-0.005299026988235441,0.0004685802653707044,-0.05202158594505785,1.0903152022334377,0.009647334920508732,0.0011866894902558336
2021-01-12,-0.001007518048401157,0.004662290351648668,-0.005209917324080049,8.612817198505596e-05,-0.0015908265410580213,-0.000518381673610846,0.0006077967148551463,-0.04568505413056905,1.0739873945865737,0.0005862840338033872,0.0017729735240592209
2021-01-13,0.007772058926931447,-0.005407088691466777,0.00555957357418424,0.002498733532247943,0.006753409866489202,0.002641514603216303,0.0006402191492228877,-0.044477961848164604,1.0720964877349426,-0.005127872969388112,-0.0033548994453288907
2021-01-14,-0.015901506123227827,0.024870550522372303,-0.007642232062286203,-0.003380390784855636,-0.00534735570053968,0.000442270778952758,0.0005607132272950849,-0.039534353804240266,1.0665221085206609,0.005450989063122152,0.0020960896177932616
2021-01-15,-0.00708883127024329,-0.01946370486755189,-0.003441587938247004,-0.007129830662254588,-0.007921011296706637,-0.009998041358680728,0.0006283851998134793,-0.037955219836746754,1.0643732961711043,-0.0024661279457946616,-0.00037003832800139996
2021-01-19,0.019339045717946535,0.03433300756449564,0.012249899240897921,0.007904500741330533,0.014589923537459804,0.0219739841744467,0.0005545768985548263,-0.03577533825270163,1.065367344640646,0.006158565366018092,0.005788527038016692
2021-01-20,0.032313123196709315,-0.004159510599485272,0.022544200184862362,0.013588199971439785,0.02326103374867272,0.016899270927362136,0.0006587648000756848,-0.039507314364866694,1.0748220707029479,-0.008224133045228774,-0.0024356060072120815
2021-01-21,0.015181570955555834,0.015466647034408254,0.007152513115972425,0.0009354439876501086,0.007999566170108663,0.012600243701978838,0.0006062921153700998,-0.03173757990004872,1.053788894837774,0.003593786321328351,0.0011581803141162694
2021-01-22,0.0024541612829356296,-0.018814938256819125,0.0012994513213913095,-0.0035681958983726503,-0.0028804827133851463,-0.005020441884164062,0.000645852670889514,-0.039436910136241426,1.0600458088681437,-0.0027535695482051406,-0.0015953892340888711
2021-01-25,0.013398307980433621,0.003943186778986085,0.005995592700077879,0.0040637108270387134,0.008266165551912286,0.007779029153165862,0.0006633934972602725,-0.05061626322341348,1.0629073587072835,-0.0014648426806294045,-0.0030602319147182756
2021-01-26,0.004573393878783749,-0.017281421040374,-0.0006540171423037311,-0.0014997646027733458,0.0014627744275210741,-0.004454014767964661,0.0006976031573440369,-0.06241793209185256,1.0701467569989518,-0.006810613440271044,-0.009870845354989319
2021-01-27,-0.025013986378037645,-0.04884295159106267,-0.029455473683730582,-0.02426311864599473,-0.027876157173687854,-0.03443747055094363,0.0005298417662405176,-0.04226506219585255,1.065490671647137,-0.006291009105888635,-0.016161854460877954
2021-01-28,-0.0054096615980450125,0.020920794003420395,0.004158884353436587,0.008394988667709047,0.005916440965948455,0.006556672252937323,0.00029563740985490594,-0.00871186092648199,1.0619649737092614,5.111774197904227e-05,-0.016110736718898913
2021-01-29,-0.02432245380420517,-0.018239273911989762,-0.011100737428495155,-0.020020965974192784,-0.0210382396529738,-0.01788748838156336,0.0003149128732035458,-0.00814329209468026,1.05935828406764,0.003921595629865698,-0.012189141089033215
2021-02-01,0.031408898128978624,0.039186157880130246,0.014243773260883996,0.016432136338685455,0.024987458821544184,0.028279609756664287,0.0003609917710985305,-0.046390919146144544,1.0707873594305846,0.001924664843450375,-0.01026447624558284
2021-02-02,0.016199174772467684,0.013673669364621777,0.013337210006480582,0.014374068446346033,0.016314155799703967,0.014403351381190014,0.00034410791667877755,-0.05783084883818054,1.076409501072108,-0.0026702042607504497,-0.01293468050633329
2021-02-03,0.005053249013622141,-0.018809424878547087,-0.006002533391722742,0.0009979155780912574,-0.003967447746819008,-0.006586236418882563,0.00034134991215489514,-0.07332789410053547,1.1070738217625051,-0.0024621537434919485,-0.015396834249825238
2021-02-04,0.004070787587771241,0.011570272682725813,0.009418339068870019,0.01119377288602963,0.011826710275779417,0.008353133113122357,0.0002697911522035552,-0.08425321511406164,1.1050849472742947,-0.00404306618571465,-0.01943990043553989
2021-02-05,0.0034988940126710055,-0.007259447540171826,0.00010979799093346898,0.003999751368564564,0.003391475827943413,-0.0012169185121891173,0.00012598994215716692,-0.08940491698602204,1.1035995044902907,-0.004728142058484191,-0.02416804249402408
2021-02-08,0.008753075305897307,0.03341691417534398,0.007317188290427268,0.007378330196794902,0.00669971369159561,0.01649572592388952,5.6782651309367346e-05,-0.08943258048372676,1.1018935344113583,0.009716435182564067,-0.014451607311460012
2021-02-09,-0.004078275654083141,-0.002962117274300846,-0.0003268184582952971,-0.0008074815230038057,-0.00020987441647868366,-0.002455737128893095,0.00043804685563561974,0.012556641790099438,1.0123073247058691,-0.0026711873192224902,-0.017122794630682503
2021-02-10,-0.0024471516152106965,0.0025583387209320296,0.0007445815620594765,-0.0003903682921654328,-0.0022789528234460343,0.0002852562225936032,0.00034860470531198164,0.05001556185724235,0.971782812064574,0.0021708231900764157,-0.014951971440606088
2021-02-11,0.00494461889527309,0.037041606191296816,0.0048830525935361635,0.001617175260299586,0.005499618896446012,0.015623092560035357,0.00043826209144185075,0.03850482706058356,0.9751584963267378,0.00975956132144061,-0.005192410119165478
2021-02-12,-0.00021106699527884132,0.01027892594866775,0.0061239788102605,0.0050942839210688096,0.005589283303440995,0.005397279254549803,0.0006093058859210138,0.03039555628756163,0.9869423701417747,-0.0008831707359307816,-0.006075580855096259
2021-02-16,-0.0004934508684756311,0.006128206256063695,-0.0037705804830763245,-0.0009415549799679512,-0.0027046253609500637,0.0006213916348372465,0.0005502161374603535,0.008969028789337696,0.998296954017666,0.002779639590694349,-0.0032959412644019102
2021-02-17,-0.0034429428407962703,-0.019365849956416548,-0.0031897445383715084,0.00022166507230592103,-0.004798538690478749,-0.008666179111861442,0.0006121778873833794,0.010050723955424695,0.9948145307228539,-0.004506928878173054,-0.007802870142574964
2021-02-18,-0.006340036743458399,-0.010630724113238954,-0.005460186070120332,-0.0042681183608355155,-0.004372159847153334,-0.0074769823089392284,0.00044845966713112943,0.02289548474351999,0.997477802826643,-0.0034665889393109316,-0.011269459081885896
2021-02-19,-0.010307818815718961,0.021610528113831018,-0.009344291016007422,-0.0018374540005253737,-0.004361020063612497,0.0006528060940348782,0.00037966121534465096,0.028546499341328177,0.9973597326595178,0.004675103562873299,-0.006594355519012597
2021-02-22,-0.03183805260623995,-0.03655555246498299,-0.020497552372664485,-0.007864121028649751,-0.025920109365444644,-0.02963038581462914,0.0004819954070531011,0.030743726887291406,0.9898933455189982,-0.004212465056590512,-0.010806820575603109
2021-02-23,-0.002112097764994658,-0.00960829249074946,-0.004458693892419818,0.0012647356631998452,-0.0029772870780265803,-0.005393028049387978,0.0003194918075779415,-0.027754535316776074,1.043995826942572,-0.00256914242126546,-0.013375962996868569
2021-02-24,0.011884183589430108,0.032159494002406364,0.0028979493800285194,0.011061000839499568,0.008243341083374212,0.015647208990621664,0.00034464332804887734,0.010502486753345447,1.0334613892817108,0.006667222919430282,-0.006708740077438286
2021-02-25,-0.04608840873090858,-0.05575557239334028,-0.02867196844612052,-0.023989478644294793,-0.034862639064520584,-0.04350531652345646,0.00043670913155544576,0.046966798367063745,1.0180475887629128,-0.007323491011047421,-0.014032231088485708
2021-02-26,0.009132937888947978,0.020628645740142115,0.009195630928813925,-0.005490573633197937,0.004187724525918535,0.012985738185968007,0.00028794747567328113,0.06470284780804553,1.0399771785811005,0.008697908523322764,-0.005334322565162943
2021-03-01,0.03077480123224996,0.03008928249166254,0.02658832695211011,0.02440004989480382,0.030081867955661146,0.029150803558674204,0.0004130336376669153,0.004708432472756596,1.0806598943269021,-0.003885384312374885,-0.009219706877537828
2021-03-02,-0.021579654281567273,-0.030741374968968782,-0.019765187398909756,-0.007734898838959281,-0.016038428950141626,-0.024028738883148604,0.0003467523680722852,-0.017940611388797267,1.0800298629490594,-0.00719227784448263,-0.01641198472202046
2021-03-03,-0.030461018101433424,-0.03150849900302044,-0.02843825063835992,-0.013198092996142163,-0.029020339671021023,-0.03013592258093793,0.0002478885542667689,-0.030848860523891852,1.1017351763009198,0.0011817717785408792,-0.015230212943479579
2021-03-04,-0.013030734461962679,-0.04854293701056234,-0.021223635350549608,-0.012319746756998429,-0.016367046815820463,-0.027599102274358207,0.00033809816742304396,-0.032792486043473346,1.099870476702371,-0.01033956398184277,-0.02556977692532235
2021-03-05,0.009471163225627022,0.03207333407112922,0.01746298709756222,0.018334687331246213,0.015060910357020285,0.019669161464772822,5.3049995352776654e-05,-0.04660868406945412,1.1223144067014181,0.0035675904470318584,-0.02200218647829049
2021-03-08,-0.04011375965513575,-0.05494122378609467,-0.021861965888145707,-0.004904940760997678,-0.02831386061438912,-0.03897231644312538,5.9131301825667134e-05,-0.008707028548040507,1.1023562012128183,-0.007862195375636278,-0.02986438185392677
2021-03-09,0.06289788395463458,0.059245155996274335,0.031797572681292685,0.01398987860244083,0.03944101529711608,0.0513135375440672,4.3156117400911615e-05,-0.08494735893691485,1.1691673657918127,0.006345636706707902,-0.023518745147218866
2021-03-10,-0.004891059473085768,-0.020302941475164427,-0.0013829329965260317,0.006182217758698094,-0.0028543214240325243,-0.008858977981592076,0.00015255750781010993,-0.13447822421666117,1.219365923445315,-0.004699699544466593,-0.02821844469168546
2021-03-11,0.029986678258966837,0.04202687646042014,0.019975294574099633,0.010556605879313619,0.023030836554156275,0.030662949764495535,0.00013852749047227228,-0.16651321664507046,1.2399128619457938,0.0037260062109723234,-0.024492438480713138
2021-03-12,-0.012032412761004974,-0.012488838801521962,-0.005412190926416205,0.0014092096256517195,-0.008112076633934873,-0.009977814162981047,0.00024088188479496134,-0.17736961403044066,1.2520195848760938,0.00018773373931601708,-0.02430470474139712
2021-03-15,0.012371531192648,0.021568650288567248,0.009037571080643403,0.005795308298130575,0.010682797747889383,0.01432591752061955,0.00025560791772144314,-0.18058060072888854,1.2539914998865638,0.001720692285923026,-0.022584012455474096
2021-03-16,0.003805616314953797,0.010938341655474915,0.00634587520808938,-0.001124887796311258,0.005488706015509548,0.007029944392839364,0.00029066246098871846,-0.17911315545436737,1.254923550446587,-0.0003501067112195548,-0.02293411916669365
2021-03-17,0.00880678110813271,0.009394027330765553,-0.0020072695168668053,0.0032688292930305174,0.004117657007243869,0.005397846307343819,0.0003479127278724416,-0.1846607190279493,1.2592665140338037,0.0004683303616031644,-0.022465788805090488
2021-03-18,-0.03697744383268242,-0.040051523583787496,-0.022124757958302044,-0.014702580659727515,-0.030630589696553634,-0.033051241791590656,0.00040102240601097724,-0.18240922407990098,1.259444450418198,0.0024433756786466226,-0.020022413126443865
2021-03-19,0.009393369236570415,0.011382770343348003,0.008537776070873138,-0.0017785596123612857,0.003525240772419558,0.009771305216930518,0.0003946819880129909,-0.17293188961421063,1.2491732241637363,0.004665417172723573,-0.015356995953720292
2021-03-22,0.018253161052115274,0.02383605238760267,0.01678261530612324,0.00790566278207483,0.018753021794974734,0.019623942915280395,0.0005450283783410338,-0.19767986981939462,1.263606530821865,-0.003054735886238901,-0.018411731839959193
2021-03-23,-0.0023893477443592825,-0.025036629205949734,-0.00848976598274609,-0.007346689266164663,-0.004362487430058182,-0.01197191431101837,0.0005763435230817238,-0.204992661064481,1.264374699437264,-0.008538456483606391,-0.026950188323565584
2021-03-24,-0.02277132340793575,-0.017148224550057045,-0.016971714246947323,-0.005536525641558598,-0.016865347263553043,-0.01896375406831337,0.0003997102492180333,-0.16701953386950713,1.2463068312247745,0.0007312252561031199,-0.026218963067462464
2021-03-25,-0.003836897239668291,0.003664006225257088,-0.0008944258005413319,0.0056237372154965826,-0.001731224342044091,-0.0003557722716508449,0.00040231940630810407,-0.16557101381463402,1.244472575865494,0.002327497410582562,-0.023891465656879902
2021-03-26,0.0038290038261483694,0.050152117569240984,0.015314958714828242,0.016313324487772007,0.014999897867699952,0.02309869337007253,0.0004752887896605603,-0.1501100355190984,1.2376369516113594,0.006507770427244104,-0.017383695229635798
2021-03-29,0.005494996422760412,-0.016015560833267606,-0.0019931644798770742,-0.0006042779483517169,-0.00028473310505516825,-0.004171242963461423,0.0006149218172162221,-0.12562320893704337,1.2307194223744506,-0.0045116495530551,-0.0218953447826909
2021-03-30,-0.0012574948986789902,-0.004289920584878981,-0.0029767947433947395,-0.0025564522001987333,-0.005033079505216587,-0.002841403408984237,0.0004517578374252639,-0.12211835675468319,1.2290326077901257,0.0025804678412917124,-0.019314876941399186
2021-03-31,0.023819505204762947,0.028722356488022793,0.02138064169460807,0.003968426510600143,0.015302920932237507,0.024640834462464605,0.0005023438116295878,-0.12239236016497484,1.2283221526774604,0.00582727895586968,-0.013487597985529506
2021-04-01,0.018371439309563975,0.03855464070580328,0.013201311837763852,0.010595769433675128,0.017046248786487084,0.023375797284377036,0.0004304963461722526,-0.10246437976252815,1.23197663767687,0.0030304096163532787,-0.010457188369176227
2021-04-05,0.02932771160304526,0.01664428386859318,0.019413063672873765,0.014423025414994406,0.01996471474551753,0.0217950197148374,0.0004488651019813033,-0.1032983657739624,1.2348527339017452,-0.0018174530173294644,-0.012274641386505691
2021-04-06,-0.0034901161159893723,-0.013688544335703323,-0.0023005323570935987,-0.0005622161030908179,-0.0006945924399927028,-0.006493064269595432,0.0003860441189074764,-0.15356154741082173,1.2650371578881705,-0.0060867579170938374,-0.018361399303599528
2021-04-07,0.009303037656802404,-0.00228675526603217,0.0005490228885418613,0.0012590932679195088,0.0024182032819084487,0.002521768426437365,0.00022313313046067517,-0.1509429586338541,1.2579024742715619,-0.0005531773325718201,-0.018914576636171347
2021-04-08,0.010709530549646074,0.014344989598077174,0.011047482184643354,0.004869970674811874,0.010433254417804516,0.012034000777455534,0.0003666980329450483,-0.16877686889273696,1.2753846009878758,-0.000817170876051921,-0.019731747512223268
2021-04-09,0.00795726701980648,-0.002337638896487859,0.010004229886669824,0.007189294156270787,0.006058706485050136,0.005207952669996148,0.0001494451062108472,-0.17706625250044766,1.292608485388388,-0.0015000464748939233,-0.021231793987117192
2021-04-12,0.009680693196562062,-0.011597792923769168,0.0033852549946471466,0.00044952892878979966,-0.0013053776928901861,0.0004893850891466803,0.00010447995373243134,-0.18132857696914045,1.29480378259146,0.0021566255508428914,-0.0190751684362743
2021-04-13,0.022290862946219958,-0.001975446285028437,0.016494386231079128,0.002721932809422567,0.011673424640318064,0.012269934297423549,0.0002417088963546283,-0.19115957706039616,1.3022809999214833,-0.0026535301873965352,-0.021728698623670835
2021-04-14,-0.02026827877789239,-0.00957996294169694,-0.014734132603505756,-0.0032154920187884573,-0.012008462991051738,-0.014860791441031695,7.496442982627294e-05,-0.17456175163658388,1.2941914908968848,4.4192831738176785e-05,-0.021684505791932658
2021-04-15,0.02128989002032644,0.01283022677346457,0.01805572550402723,0.010734429988306315,0.015155648561243407,0.01739194743260608,9.717714730445243e-05,-0.17773239985653855,1.2952108102158126,-0.0004271335641388811,-0.02211163935607154
2021-04-16,-0.0015454812689977837,-0.003906837887918124,0.00021005447558852808,0.0035051764268696495,0.0011708652237822914,-0.0017474215604424599,2.004639819858491e-05,-0.17393152022536462,1.2885722251376026,-0.0026665517008028793,-0.02477819105687442
2021-04-19,-0.012725096796024404,-0.024761309600949022,-0.012567893748752779,-0.004926623300957611,-0.009151524049686777,-0.016684766715242067,0.00014319724128745363,-0.181683108608309,1.310391869200548,-0.005730965487286804,-0.030509156544161226
2021-04-20,-0.005055923034158805,-0.014015254532792176,-0.007977092908617589,-0.0073348212209978225,-0.007289044944759682,-0.009016090158522857,-2.295710167722403e-06,-0.16941571568519187,1.3065037476899801,-0.0007332638975241848,-0.03124242044168541
2021-04-21,0.009049574788243753,0.026368854896265503,0.010560922450933541,0.009394466541673197,0.008561007507644547,0.015326450711814266,1.8425347479905175e-05,-0.17143064603115826,1.3075846044780146,0.005724283216874789,-0.02551813722481062
2021-04-22,-0.019190797476234867,-0.022118602867216564,-0.012625570005114994,-0.009176241095137039,-0.012054367085647777,-0.017978323449522143,0.00013548998921998493,-0.15755126184633678,1.304281242549344,-0.003837256921672581,-0.0293553941464832
2021-04-23,0.017309841884218358,0.02298836846800012,0.01481055644397955,0.01065973571647194,0.012589619776502081,0.01836958893206601,0.00019073567894988637,-0.1660942842141953,1.3131027531081343,0.003417910037746526,-0.025937484108736676
2021-04-26,0.008798743638059658,0.017094763057646567,0.0075356215615698385,0.002166905159818988,0.00651084939055635,0.011143042752425355,0.00029814805221536856,-0.17764185791091153,1.3179325181286026,0.002648967626264964,-0.02328851648247171
2021-04-27,-0.008052893391810478,-0.005839169410741363,-0.003590596842031668,-0.00031263176174289864,-0.004332178202539283,-0.00582755321486117,0.00034891940044461524,-0.18383561008751398,1.3224314459492401,-0.0005049367814647203,-0.02379345326393643
2021-04-28,-0.000351044084949681,-0.015993458795868887,-0.0075061414788304415,-0.00046888015675017325,-0.0033807903948828155,-0.00795021478654967,0.00014393181056599424,-0.12215027897318453,1.300208741127842,-0.0037556872157200024,-0.027549140479656432
2021-04-29,0.008607575692137992,0.009235860460664824,-0.004640569207679968,0.006674093085263788,0.003598703051603147,0.004400955648374283,0.00010867648460543633,-0.11756163583618517,1.3037386461341751,0.00038512822025941855,-0.027164012259397012
2021-04-30,-0.00286666852302242,-0.028932266371444748,-0.005836719870644602,-0.006603795750279695,-0.006554578567544156,-0.012545218255037257,0.00016354862231025748,-0.09119214725383668,1.2968797547999613,-0.004810480946347536,-0.031974493205744546
2021-05-03,-0.010658777865775182,-0.011604984117305372,-0.00519032967617572,0.002267971851646511,-0.005325372302419473,-0.009151363886418759,7.764808354239136e-05,-0.06673983370401626,1.2862964907370737,-0.002227640201266293,-0.03420213340701084
2021-05-04,-0.02162208674368349,-0.012407344330683578,-0.01619294091558987,-0.006086650878259214,-0.017995952724981,-0.016740790663318978,0.0001221466566531165,-0.05127179380705049,1.2852256536641056,0.005953849275494347,-0.02824828413151649
2021-05-05,-0.0027680213540164367,0.004426663915651385,0.0012800881269001696,0.00018314397559571205,-0.0033620953949393684,0.0009795768961783728,0.0002912362255045862,-0.0331499763931809,1.2685246450079666,0.004959312756489719,-0.023288971375026772
2021-05-06,0.008006195675955396,0.008226640781856753,0.007068694811778853,0.00813787863501969,0.0075377764305846195,0.007767177089863668,0.00026288865717067353,-0.051756750723587264,1.2723855022050001,-0.0016654788605139107,-0.024954450235540684
2021-05-07,0.0069027750345467265,0.014112777830807888,0.008397026346741221,0.007137238033316784,0.00811404370958857,0.009804193070698611,0.00028953814333507015,-0.06185033429893419,1.2765552886593672,-0.0004019299241933075,-0.02535638015973399
2021-05-10,-0.03506463242821278,-0.04433508413268872,-0.02339912435041891,-0.0097928529437179,-0.025254578647610382,-0.03426628030377347,0.00023365908378668006,-0.06100491156416016,1.2764364477499615,-0.0028614868569746613,-0.028217867016708652
2021-05-11,-0.003485141126031155,0.0019330368735481773,-0.0009025647310930696,-0.008770666136049377,-0.001381301432772819,-0.0008182229945253491,2.168722659986978e-05,-0.043861393582018626,1.2692817979291582,0.0005286569055770429,-0.02768921011113161
2021-05-12,-0.02898533265055958,-0.04124335454211836,-0.031152023252062677,-0.021346665045310687,-0.02588308843489351,-0.033793570148246875,5.9608347086298995e-05,-0.04708432460668294,1.271610127493334,-0.0019450744169805453,-0.029634284528112155
2021-05-13,0.0031737906049060793,0.011358058446546915,0.007990936956297157,0.01188527174303644,0.007731473294561475,0.007507595335916717,-5.346401035239345e-05,-0.03037826384897674,1.266842654020874,-0.0018724468807779105,-0.031506731408890064
2021-05-14,0.02733087034104531,0.03170180289354119,0.020196347406810755,0.015351686008206133,0.022077055172822435,0.026409673547132417,-3.567833467786174e-05,-0.03726257091635582,1.2686220023031645,-0.000990042767926743,-0.0324967741768168
2021-05-17,-0.004388152750806507,-0.011142533810854172,-0.0070492160801024495,-0.002402281360466496,-0.006066648835307831,-0.007526634213921042,-9.096127971111242e-06,-0.044583279096835265,1.270406615615512,8.247114867847467e-05,-0.03241430302813833
2021-05-18,-0.009889051202247368,-0.005504036152321978,-0.005384753196679859,-0.00863790937039588,-0.006750572826309642,-0.006925946850416402,-0.00011422987385665542,-0.04074781581849582,1.2701054928193765,0.0014102467097316012,-0.03100405631840673
2021-05-19,-0.0006603275625776117,0.01791090990259603,-0.0009364867697697621,-0.0026405526926304157,0.0011482118544667852,0.005438031856749552,-0.0001198740459546154,-0.06198721453066061,1.2871337920237602,0.003916323118180105,-0.027087733200226626
2021-05-20,0.02165983196567045,0.0248308543391782,0.01723216731810462,0.01066883958139142,0.019343410433523722,0.02124095120765109,-2.0498641590032708e-05,-0.07366333930032487,1.293566168844458,-0.0029746291276133013,-0.030062362327839928
2021-05-21,-0.004420413069519125,-0.005054811481915222,-0.003391757101240289,-0.000759489006222247,-0.005534894430400006,-0.004288993884224879,-0.00014167537581485923,-0.09969981894479729,1.3004443492960478,0.002974782761142913,-0.027087579566697016
2021-05-24,0.02719771097651069,0.02195912138951228,0.016406186919641907,0.010092570229442543,0.016819269652542213,0.021854339761888292,-8.352976865849508e-05,-0.09894446761020073,1.2973263156122854,0.0011163923890954268,-0.02597118717760159
2021-05-25,0.002345884406907528,0.006573558696858939,0.0002911559006837372,-0.002102161302983463,0.0013831794247587403,0.003070199668150068,-0.0002509393629455052,-0.039442775290385444,1.2651245166178593,0.0014883297540541824,-0.024482857423547406
2021-05-26,0.004967138646863045,0.0010203546502680627,0.0034200493219409545,0.0018203882457714649,0.003483853412095339,0.0031358475396906873,-0.000161794331164449,0.014582676942420103,1.256335181517847,-0.001105791871709096,-0.0255886492952565
2021-05-27,-0.0026035580201838604,0.004811477779794737,0.0031549210391157434,0.00044140677097326275,-0.003741135931205175,0.00178761359957554,-0.0001146492448331868,0.014138705220253345,1.2510630410306733,0.006576418819194378,-0.019012230476062125
2021-05-28,0.002761081697492118,0.011199932200910645,0.0018074017935054698,0.0019461774219877714,0.00315435127025232,0.005256138563969411,-0.0001367732169238558,0.017724697192251088,1.2643852399329008,0.0013701011877355076,-0.01764212928832662
2021-06-01,-0.0003558868999183895,-0.0014847909743490595,-0.006765455843569246,-0.0007772823464716749,-0.0033238424319936843,-0.0028687112392788983,4.974031763498943e-05,-0.01639316628641628,1.2706400985763113,0.0012922137997694871,-0.016349915488557132
2021-06-02,0.0011053629165527212,0.00586766323252319,-0.0001452322454315036,0.0016850100385843447,0.0019526577684194635,0.002275931301214803,6.836364632472084e-05,-0.02510118137195333,1.2733329373587225,-0.00023652005443573418,-0.016586435542992866
2021-06-03,-0.013456735845080003,-0.017100860226918146,-0.008792595542219006,-0.003803711995623793,-0.010405396781160259,-0.013116730538072385,0.00011000103063791948,0.009698581194170719,1.2450901569541057,-0.00023418384765693315,-0.0168206193906498
2021-06-04,0.022878144228279718,0.02227644918799343,0.014240534785883607,0.00906485160754511,0.01696957786412545,0.019798376067385586,6.435467702286765e-05,0.03210269437189196,1.2236022673513527,-0.0013209987208600837,-0.018141618111509883
2021-06-07,0.0063620048663004525,-0.005089818655472755,0.003144138695578391,-0.0008496170251001134,0.002979348685859584,0.0014721083021353627,0.00010369456684480426,0.09030449183095249,1.1857422459843325,-0.0020876016333484628,-0.020229219744858345
2021-06-08,7.046435260771311e-05,-0.008233418514864477,-0.0006124245735378286,0.00015462257569209825,0.00047587835471785134,-0.002925126245264864,2.464402509256636e-05,0.10990276488334587,1.1676672639351628,-0.003522431295358737,-0.023751651040217082
2021-06-09,-0.0010543119741314166,-0.003103134493498083,-0.0006128726549614605,-0.0015713016099004884,0.00023735857579620934,-0.0015901063741969867,-2.7124608743271184e-05,0.11892061955824468,1.1619988600838118,-0.0016519319989977946,-0.025403583039214875
2021-06-10,0.009716405853495091,0.013057421234959454,0.009757206034015642,0.004617954138961711,0.010420550244008231,0.010843677707490063,-7.783891037854815e-05,0.1259096514164983,1.156569059657818,-0.0017120143748550788,-0.027115597414069954
2021-06-11,0.0040679737399369476,0.003511518396595026,0.00310787667280632,0.0017464995307721054,0.0026149464120983623,0.0035624562697794313,-0.0001253799683613927,0.1374886016739847,1.1473311501499501,0.00044750298525739717,-0.026668094428812558
2021-06-14,0.013054004841803746,0.013519903110154274,0.008885171554105398,0.002512003681890196,0.009582534650392605,0.011819693168687806,-0.0001234687109273071,0.13709498037318682,1.1475088929514825,0.0006027350558077647,-0.026065359373004793
2021-06-15,-0.009062317182955026,-0.008631443217707924,-0.008136109856726415,-0.00209697243038931,-0.006530985009137291,-0.008609956752463122,-0.00021116845889863965,0.11737751726402987,1.1799739990450757,-0.00044625837697909697,-0.02651161774998389
2021-06-16,-0.00030212649927974233,-0.00842957051512494,-0.00016038367914983365,-0.005483513410620033,-0.003652177320406569,-0.002964026897851505,-0.0003392741118638707,0.1568707179262896,1.1558189438490267,0.002456705632716456,-0.024054912117267433
2021-06-17,0.019904616149981624,0.011295014351164756,0.01322321141356042,-0.0003607006213637298,0.012697504738784282,0.014807613971568934,-0.0002396201108490031,0.1256393601054817,1.1804650888037664,0.0001035912186204916,-0.02395132089864694
2021-06-18,-0.0057531119745337644,-0.02545581928427676,-0.0054978622025537716,-0.013274234691824316,-0.007847080477290103,-0.012235597820454766,-0.00011367872221392352,0.0810941888107943,1.2012573372899358,-0.0016190928041738984,-0.025570413702820836
2021-06-21,0.0034013971244311048,0.0026323398477352544,0.005729099133449322,0.014001294966091926,0.00621490511379208,0.00392094536853856,-0.0001863840467019387,0.0893248174950052,1.2041108374485292,-0.004626768303530726,-0.03019718200635156
2021-06-22,0.013239982650943505,0.006543372551729876,0.010759718761623516,0.0053067371284887255,0.009321622125340046,0.010181024654765633,-0.00026277551087033717,0.022703021178804628,1.2422476901625417,-0.001256442353554172,-0.03145362435990573
2021-06-23,0.008741993690266181,0.005056240188353378,0.005357144110017975,-0.0010761114708631725,0.000489094796451095,0.006385125996212511,-0.0003304738363647294,-0.01713678773371556,1.2551107898590355,0.006083290582433564,-0.025370333777472165
2021-06-24,0.005915753105579569,0.01632987642600181,0.00852966494839058,0.005720513339404265,0.006182858075044484,0.010258431493323986,-0.0001643694196366834,-0.03206433815392579,1.261739161766413,0.002805071222162046,-0.02256526255531012
2021-06-25,-0.00690032890538983,-0.00392848061022022,-0.0010636259507570411,0.0036985295171814148,-0.0012290089981432661,-0.003964145155455697,-0.00018960164331114152,-0.026555203206865496,1.264362992581885,-0.0021224148144467284,-0.02468767736975685
2021-06-28,0.022316544369831437,0.024255625762866995,0.013858623407451365,0.00208402298882282,0.012161599888276697,0.0201435978467166,-0.000310135304587293,0.003292351386024364,1.2346410759915547,0.005431661043487421,-0.01925601632626943
2021-06-29,7.777860700297623e-05,0.008702386004484142,0.005030949625391301,0.00044004479304216026,0.003618670504865973,0.00460370474562614,-0.0002571524700003315,-0.03426258450078452,1.2599446979940554,0.0003166095711388539,-0.018939406755130575
2021-06-30,-0.002239806029215363,0.0010687180546233854,8.429733109882598e-05,0.000915780444325609,-0.0015776372008446948,-0.0003622635478310506,-0.0002208786807223901,-0.02688267119427916,1.2644667673387824,0.0018781035688477928,-0.01706130318628278
2021-07-01,0.004675780722322553,-0.014757355589535726,-0.000943642671437317,0.005641243955601949,0.0003952543219796212,-0.0036750725128834962,-9.630133460383262e-05,-0.02586057925997977,1.261088364600364,-0.003931335968347444,-0.020992639154630226
2021-07-02,0.014785139279629433,0.005534643763267955,0.011757141413718752,0.007606115056252083,0.011478776577446004,0.01069230815220538,-0.00014760165507176736,-0.050277055815315795,1.276032240198184,-0.0034249661123548214,-0.024417605266985047
2021-07-06,0.006511350269584604,-0.00030786943575611403,0.0032176883484538177,-0.0018809721543662228,0.004321834686381809,0.003140389727427436,-0.00018275584136909022,-0.054009611117992865,1.273429570968092,-0.0022819970962587722,-0.02669960236324382
2021-07-07,-0.0015517598237551056,-0.01386117654695429,0.00277533495300486,0.0034421076102266746,0.002109931370483764,-0.004212533805901512,-0.00019404229726023103,-0.03335725984138646,1.2617758550217997,-0.006565932689714405,-0.03326553505295823
2021-07-08,-0.006317779491826658,-0.013392064393022984,-0.00815388962581709,-0.007962446826041414,-0.0060397772579491305,-0.009287911170222244,-0.0003379201369034338,-0.051329751475191476,1.2723094836703481,-0.0016742355654887735,-0.034939770618447
2021-07-09,0.006148926844311342,0.017056382965150663,0.009139757226146239,0.010550690078285019,0.006243710690307935,0.010781689011869414,-0.00033598599912057036,-0.05349914164276215,1.279791172406343,0.0036914820494018293,-0.031248288569045168
2021-07-12,0.01137116825350759,0.013112759833667331,0.006209161981861389,0.0036216186981989917,0.0039059352673238568,0.010231030023012103,-0.0002985230810644223,-0.02903150061815645,1.2698318989198571,0.005674812931988123,-0.025573475637057044
2021-07-13,-0.003994250969849622,-0.0021506099847713456,-0.0037518643994896017,-0.0033848447588997743,0.0,-0.0032989084513701896,-0.00019218157824234234,-0.0209955317563882,1.271392706179389,-0.0031777934887537718,-0.028751269125810816
2021-07-14,-0.0025377363749726767,-0.00219404505652232,-0.0015525688775466229,0.00137362064298574,0.001793356001686286,-0.0020947834363472064,-0.00019999285876859106,0.0008870489220307101,1.2587021713810675,-0.004153310139671053,-0.03290457926548187
2021-07-15,-0.012933549498713393,-0.027426266562649015,-0.008288194026230489,-0.003217029006195915,-0.00702347863171171,-0.016216003362530967,-0.00017414017510880423,0.003345238340239816,1.2466542196748711,-0.007275252185629279,-0.04017983145111115
2021-07-16,-0.013292282745373085,-0.020941569427919693,-0.010308974520462089,-0.007780421598424958,-0.008099420012132708,-0.014847608897918288,-0.0003133594917994732,-0.002532795812631543,1.2624179054142424,-0.004329102778577043,-0.04450893422968819
2021-07-19,-0.005852386748417149,-0.00020259249589726913,-0.006219491483824613,-0.014951556115704312,-0.008193607547496318,-0.00409149024271301,-0.00046590506140261034,-0.010646271629446133,1.2677491685976432,0.006602675647152737,-0.037906258582535456
2021-07-20,0.011600171382946112,0.01223670860926207,0.014925308805744164,0.014129033669987745,0.011616512948385393,0.012920729599317449,-0.000301435258402571,-0.08300884725205754,1.294527960680655,-0.0006429011618425563,-0.03854915974437801
2021-07-21,0.009236024329445147,0.02874062448203185,0.005481189674642506,0.008405083762692112,0.007720414914128337,0.014485946162039834,-0.00035734564407315425,-0.0964067121286541,1.2940521550204833,0.0056629787395600165,-0.032886181004817994
2021-07-22,0.008950427672076433,-0.006031105844500173,0.006930601736401254,0.0021273767876512917,0.006610211473888183,0.003283307854659171,-0.0003245456356765035,-0.0703396469916484,1.2814699611641658,-0.004713295018133119,-0.03759947602295111
2021-07-23,0.015325566289494219,0.007281302511760845,0.010150946282947437,0.00999043788153453,0.011677581386925873,0.010919271694734167,-0.0003978899815795438,-0.060472890256542684,1.270166028939642,-0.002911154847912557,-0.04051063087086367
2021-07-26,0.0051552373632186566,-0.0011270862647291269,-0.0010944840403452893,0.0025470881602607243,0.0007875052693933071,0.0009778890193814134,-0.00037873762112929153,-0.06217996369759862,1.2623537959231876,0.0005208942237221463,-0.039989736647141526
2021-07-27,-0.0136895342228468,-0.017664025387413074,-0.010681822980448508,-0.004440059878468738,-0.01101784901610292,-0.014011794196902794,-0.0003804354064492257,-0.06398954977370959,1.2631682259333346,1.92057222696794e-06,-0.039987816074914556
2021-07-28,0.007601393213362506,0.017862808814708364,0.003372894183706565,-0.0005449328106934548,0.0038414087276488207,0.009612365403925812,-0.0002988806089469905,-0.07524183965870816,1.2637376392634898,0.00501571146878075,-0.03497210460613381
2021-07-29,0.001406864970488364,0.018755596629376647,0.007497945597603195,0.004313358271200718,0.0017770699525527789,0.009220135732489402,-0.00018254849373848682,-0.07896344319363804,1.2658347934421748,0.007493804870727714,-0.027478299735406095
2021-07-30,-0.012402022759574582,0.005080130707961317,-0.007818134652264552,-0.004887368880843401,-0.00521192325905917,-0.005046675567959273,-0.00019728093579702638,-0.08872775593539364,1.295964130417688,0.0014714256888423826,-0.02600687404656371
2021-08-02,0.004690502373136063,0.007068393706021192,0.002950896020978311,-0.0020339256292262187,8.237240105368748e-05,0.004903264033378522,-0.00027543181996281604,-0.1060998766785608,1.3112561741294837,0.004854885275447554,-0.021151988771116157
2021-08-03,0.005468107481928497,0.009056508463415325,0.00920441285668816,0.008077945485124527,0.006061160653142883,0.007909676267343993,-0.00017921752753826114,-0.11190197534418989,1.3146950618618036,0.0010242538715523573,-0.0201277348995638
2021-08-04,0.004948973871244489,0.010920146334360004,-0.0008143459427756294,-0.004783326735817717,0.001445016215712025,0.005018258087609621,-0.0001642622304986226,-0.10746216573259262,1.3125665087882445,0.0027718137782711256,-0.017355921121292674
2021-08-05,0.008619260394961303,-0.0011100167375165393,0.0062916693075363295,0.006243456159177985,0.00634295621291181,0.0046003043216603645,-5.4005744641039946e-05,-0.10434620737493286,1.296310631407804,-0.002916650535928468,-0.020272571657221142
2021-08-06,-0.007330299199273194,-0.005369761529658068,-0.005442417772109409,0.001723335423080119,-0.004382575042910508,-0.006047492833680224,-0.00010056602925421367,-0.1106863776360411,1.2978688513167917,-6.816941224149688e-05,-0.02034074106946264
2021-08-09,0.002249347436216409,-0.003016105492722354,0.0007818272882358368,-0.0009585347759315521,0.0018478595100472894,5.02307724329724e-06,-8.495861761760766e-06,-0.12177476297092565,1.2840679638124342,-0.0024759836046112614,-0.0228167246740739
2021-08-10,-0.0059031202780333025,-0.01280982940118447,-0.004410482834603546,0.0012549067773750533,-0.005125797150788536,-0.007707810837940439,-3.4635969518749716e-05,-0.10798131197608829,1.276992024391074,-0.0009920663079895945,-0.023808790982063496
2021-08-11,-0.003868744799182644,-0.0026482561145431127,-0.00024520754091972297,0.0024077438024725506,-0.0017175735452700236,-0.0022540694848818266,-5.674946675570259e-05,-0.11331479748902379,1.2834597390385891,0.0002799494774483537,-0.023528841504615143
2021-08-12,0.011318670841555356,-0.010924489054513042,0.005101158904637915,0.0029170735444121743,0.0036047209651446366,0.001831780230560076,-5.214555945468879e-05,-0.11221470465989633,1.2825104915567016,-0.002411828120660222,-0.025940669625275366
2021-08-13,0.00307857767304065,0.006519807698211366,0.003839144629915303,0.0019795186592692637,0.003509722387042391,0.004479176667055773,-0.00010906737460414983,-0.1100120274145655,1.2825776213080906,0.0003045235120465138,-0.025636146113228852
2021-08-16,-0.0029193006162261392,-0.004305600180435687,0.0008103205436422733,0.0023904024641880905,0.00043397301011860456,-0.0021381934176731843,-0.00017106879438237747,-0.09485207649982316,1.2747644299093102,-0.0022936033427321425,-0.027929749455960995
2021-08-17,-0.01673149626235315,-0.018942453121099545,-0.013762924212546324,-0.006594580081986101,-0.008808131631942606,-0.016478957865333006,-0.00020492767976312506,-0.10490321208039896,1.2981801274433544,-0.005531281373998548,-0.03346103082995954
2021-08-18,-0.006848478863289098,-0.012910961702340629,-0.009358067880030574,-0.010753647662002597,-0.009624372859951213,-0.009705836148553434,-0.0004088977352721061,-0.10950128400124699,1.333283666425194,0.002357542493791262,-0.03110348833616828
2021-08-19,0.005278912610499731,0.00877256817317007,0.0062643552570615935,0.0014114431373364322,0.004831299947849699,0.0067719453469104645,-0.0003622872088229893,-0.11982572196521203,1.3235937030124771,0.0009086815603392652,-0.030194806775829013
2021-08-20,0.01798894191440059,0.004309051663648589,0.012204052215409433,0.007912867891735731,0.010358476447235754,0.01150068193115287,-0.0003713231584590331,-0.1170034046774086,1.3230056908014856,-0.0009064857140185234,-0.031101292489847537
2021-08-23,0.022147491341604653,0.028746412901415885,0.012870407670763528,0.008856621297264056,0.014956583962570713,0.021254770637928022,-0.0003676920004050384,-0.11856137089453463,1.3215774257994957,0.002906232068822196,-0.02819506042102534
2021-08-24,0.002171197946808645,0.0006823618640570128,0.0011242318289144126,0.001580486598684594,0.003054152611245753,0.0013259305465933569,-0.0005006403329363247,-0.14898174093884023,1.3714930117905089,-0.002126714438733067,-0.030321774859758406
2021-08-25,0.003475780116100946,0.010874117032136477,0.0034821111306002628,0.0018452332852088027,0.0011488125996612641,0.0059440027596125615,-0.0005613947947805496,-0.14814732813550818,1.369272951045871,0.005205725916846643,-0.025116048942911764
2021-08-26,-0.006588746095086084,0.00153680202297668,-0.006987657112796475,-0.005840680030764878,-0.006350358037196524,-0.004013200394968626,-0.0005147145832418015,-0.14460601729848555,1.3694587363103932,0.004353470003447172,-0.020762578939464593
2021-08-27,0.014469000512904895,0.018075621858221425,0.010853249827076805,0.008873341134716162,0.009720498208146466,0.014465957399401042,-0.00042473908704438487,-0.1515900198095499,1.3609895917477655,0.0030063095569437988,-0.017756269382520794
2021-08-30,0.017057077952464805,0.0031613514809376575,0.013030930113833383,0.004591060263266167,0.01122211029760889,0.011083119849078615,-0.00041701547318330966,-0.14736324220394845,1.3709392525499657,-0.0032081426556266647,-0.02096441203814746
2021-08-31,-0.0012707083914106354,-0.007585323653845344,-0.002279984074046393,-0.0017077322672285344,-0.0008151235730479156,-0.0037120053731007907,-0.00043679234463922984,-0.14103335290586766,1.3649294154170921,-0.0024034740939213573,-0.023367886132068815
2021-09-01,0.0025117707763733232,-0.0015507489654125184,-0.0010561036970241355,0.001060062220940683,0.0016582265616180702,-3.1693962021110224e-05,-0.00044772885953114195,-0.14598775419751545,1.372078414867215,-0.0017044258717008414,-0.025072312003769658
2021-09-02,-0.004951934497095523,0.002440875504880813,0.0025244856074981836,0.00298428454988775,-0.0004729474707720893,4.475538427824628e-06,-0.0004207577629653787,-0.14596305267784626,1.3703426701728394,0.0015089286843034675,-0.02356338331946619
2021-09-03,0.005121112687866969,0.008189772704857434,0.005004643369009187,-0.00038376602126843906,0.003075530499045298,0.006105176253911197,-0.00036049315694124703,-0.1428565569619199,1.365333606576764,0.0022117207699767086,-0.021351662549489482
2021-09-07,0.008462146947545435,-0.002049168064236495,0.00017231570131470697,-0.0036970336992094843,0.001415078984746243,0.0021950981948745487,-0.0003050543639931376,-0.15665843489275402,1.3845224857619725,-3.8227627706637155e-05,-0.02138989017719612
2021-09-08,-0.0049291837354434875,-0.013199844494698354,-0.004290098575008949,-0.0009635027646934802,-0.0034804825356195,-0.007473042268383597,-0.00031406935101526844,-0.15654906398899882,1.3843039883640018,-0.0024917625178425776,-0.023881652695038696
2021-09-09,-0.004876336518858215,0.004124170380161329,-0.006320988468689781,-0.004485987451718132,-0.0034401990621497625,-0.0023577182024622223,-0.00035842713782337194,-0.165473778891538,1.398638648643234,0.002069991007014194,-0.0218116616880245
2021-09-10,-0.010055051808309234,0.00754907023681195,-0.005348977027292645,-0.007728478063136146,-0.0075896258760599355,-0.0026183195329299767,-0.0003298740612864507,-0.1715025940911409,1.400400099872867,0.007014613326984177,-0.014797048361040325
2021-09-13,0.0005697307188849976,0.00749239324552553,-0.004136369537412143,0.0023439120232384703,-0.000690551394851191,0.0013085848089994616,-0.00020151785301658121,-0.18222687141034757,1.3846547379006502,0.002893401677516491,-0.011903646683523833
2021-09-14,0.0007717615269551281,0.0006560692713755145,-0.0013739270645202195,-0.0051883388051787716,-0.0028431606594668812,1.796791127014104e-05,-0.00012773258084336177,-0.20655710632234636,1.4139821876496164,0.003094190771008143,-0.00880945591251569
2021-09-15,0.008053353731515056,0.0034972767257734905,0.008654530530807003,0.008349674063689694,0.007434947976062034,0.006735053662698516,1.9140430241033484e-05,-0.2585874754861912,1.4314781785520356,-0.001767931416682896,-0.010577387329198586
2021-09-16,-0.0010838888460257268,0.0014520630782504096,0.0001270544873743784,-0.0017240705915986254,0.0006877181506770302,0.00016507623986635375,1.693120188250483e-05,-0.2459373313100287,1.4202199463438654,-0.0012525793173582536,-0.01182996664655684
2021-09-17,-0.01389223371857784,-0.017617720838058903,-0.008198770875211703,-0.009803073960832798,-0.011842184556342894,-0.013236241810616148,1.5666546350956022e-05,-0.24622512950961206,1.4273113848242638,0.0012368133258928195,-0.01059315332066402
2021-09-20,-0.026403716119179577,-0.024354106152412847,-0.02064256706410872,-0.016335778630403475,-0.020663321827774084,-0.023800129778567047,-4.6093873622253695e-05,-0.23620403722400302,1.4145037028017748,0.0016157324689274923,-0.008977420851736528
2021-09-21,0.003956821284006651,0.0021179489631875104,0.0015022217550897388,-0.000973763204971112,0.0012305758282336043,0.0025256640007613,-5.467529891114601e-05,-0.24293392410763553,1.4015141075772342,0.00061910979942425,-0.008358311052312278
2021-09-22,0.008480249242261761,0.01804049121265905,0.01323708530172274,0.009648939780251942,0.009340435541558278,0.01325260858554785,-1.9738435842754567e-05,-0.23409604421174593,1.393906687834377,0.0025114300861209422,-0.005846880966191336
2021-09-23,0.008887986971501283,0.012567595426505429,0.018228941892112438,0.012082267777669742,0.009226971497886538,0.01322817476337305,-2.502277687582309e-05,-0.17364659876833383,1.3378896474172979,0.003006572601212582,-0.0028403083649787535
2021-09-24,0.005671868823581505,-0.0027092965248870504,-0.003586714389248069,0.0016634866915055113,0.0009382458869526822,-0.00020804736351787145,2.032933588385212e-05,-0.15022076651925176,1.3278845724548871,-0.0012243686919629103,-0.004064677056941664
2021-09-27,-0.005291911055302023,-0.0035609715486005777,-0.000872289455026487,-0.0028331034683596323,-0.007982128029560887,-0.0032417240196430295,-3.298851306773084e-05,-0.15968087846170978,1.3372853514425254,0.00701325493009468,0.002948577873153016
2021-09-28,-0.03170234345211165,-0.04026982985450489,-0.023458420281518566,-0.019985229407519567,-0.0282976477105914,-0.0318101978627117,0.00016160617461710345,-0.08071612943941175,1.2514618685054086,0.001828492677142017,0.004777070550295033
2021-09-29,-0.0020275027471723384,-0.015086938651512782,-0.00531484019815498,0.0015747212821104473,-0.0016394471424278079,-0.0074764271989467,0.0002462095368171442,-0.08135623718745055,1.2476686161560762,-0.005549036590178405,-0.0007719660398833716
2021-09-30,-0.0035657426103864465,-0.001130319874394603,-0.012941156620362992,-0.012667140479128203,-0.0036739403510783752,-0.005879073035048014,0.00020529026720345913,-0.13666440047588635,1.297479289955101,-0.0030486489435207955,-0.003820614983404167
2021-10-01,0.009441015675252462,0.0008584564867681888,0.010942370365256027,0.011967424127776072,0.006201680310948365,0.0070806141757588925,0.00027029931741449843,-0.07075526267936344,1.2516618822845014,-0.00010533375522782037,-0.0039259487386319875
2021-10-04,-0.02634126379547508,-0.026043876841218117,-0.013574794826225256,-0.012301941804759298,-0.020989414639506432,-0.02198664515430615,0.0003132270580183214,-0.08400465094915935,1.257797509357709,0.003067140916817278,-0.0008588078218147097
2021-10-05,0.016778799330037675,0.01405070724428037,0.014607971141084697,0.00971564952595827,0.013498990165684344,0.015145825905134247,0.00029953861446626196,-0.09546848723021292,1.2448510818486762,-0.0010304068582466415,-0.0018892146800613512
2021-10-06,0.008917837843864351,0.0030395561345384348,-0.0027811048538103345,0.004446867075095895,0.006407655717705962,0.0030587630415308173,0.00019072780396632788,-0.09859010677463853,1.238482910685342,-0.004629319766623237,-0.006518534446684588
2021-10-07,0.008317338908240934,0.012436602183400813,0.012239394274301096,0.008603804957445282,0.009175022601546345,0.01099777845531428,0.00017856933841575153,-0.11484753201978204,1.2439306219649893,0.00039424331095630656,-0.0061242911357282815
2021-10-08,-0.0031665621306458114,-0.009718152308843764,-0.0007618623962621918,-0.0018846708712522142,-0.004986498757356017,-0.004548858945250589,0.00025748146144334637,-0.11507900199342858,1.246742929741446,0.0011936556202543957,-0.004930635515473886
2021-10-11,-0.004870000929165896,-0.00596664928685775,-0.007266929080278595,-0.007279613326669265,-0.007669781329435188,-0.006034526432100747,0.00040947170520299584,-0.08507801695136571,1.2083409432207581,0.0022043776025971766,-0.0027262579128767093
2021-10-12,-0.0028629736347979273,-0.010109350753538915,-0.0018298662056983606,-0.0020020991805612676,-0.003487880675146493,-0.004934063531345068,0.0005525873007840151,-0.10537445079254779,1.2081547097906742,-0.0014837214688468246,-0.004209979381723534
2021-10-13,0.007021324829208142,0.008537001116350584,0.0041087017239431756,0.0032099487613506117,0.008008092877413109,0.006555675889833967,0.000448218793313485,-0.047732729804554036,1.173056718699744,-0.0031332704403885196,-0.007343249822112053
2021-10-14,0.018915034435899925,0.030022618873811302,0.017998105628692196,0.016798268474871092,0.01841672447114351,0.022311919646134475,0.0004011705842541422,-0.026626916584143595,1.1527419492900304,0.0011283042889154021,-0.006214945533196651
2021-10-15,0.010143963302744474,0.008371712236795448,0.00851955473263244,0.007793111840835643,0.006300480846461065,0.009011743424057453,0.0003341335805506232,-0.04498889614949626,1.1619490394164154,0.0017073756753886362,-0.004507569857808015
2021-10-18,0.017733740232447115,0.007883324922520973,0.006891548738447328,0.0030495226030748945,0.010055709915104849,0.010836204631138472,0.00044191734370974014,-0.06279695769907229,1.184502091036182,-0.001325221391958573,-0.005832791249766588
2021-10-19,0.00440251933139324,0.011448987270795019,0.003926759354217824,0.007782315911379012,0.00756757376403594,0.006592755318802028,0.00046150819791001586,-0.046663595395993934,1.1767150118857777,-0.0024104796898696415,-0.00824327093963623
2021-10-20,-0.0031842537706028295,-0.004408187130105157,0.0017436240311154982,0.003885339272010846,-0.0013050509823185896,-0.001949605623197496,0.00042889376268882796,-0.05404447380360136,1.1782856433670355,-0.0006307954330539893,-0.008874066372690219
2021-10-21,0.011640709016844442,0.011407041557358832,0.0029482105481548615,0.002451973454418388,0.0061071593830634985,0.008665320374119378,0.0004479439643298995,-0.048359335587457475,1.1696568534638854,0.0011926713893267403,-0.0076813949833634786
2021-10-22,-0.014472734329940895,-0.008829751084756698,-0.00046902788814473517,-0.0010070007733571362,-0.00840264350696529,-0.007923837767614109,0.0003864797744577987,-0.023689543874490793,1.1490511833088985,0.0013208945335273017,-0.006360500449836177
2021-10-25,0.021351280836501507,0.005053334143317212,0.0043017868334582765,0.005184842877753892,0.010237918914788757,0.010235467271092332,0.00030074004359403493,-0.04459692239586849,1.1597107518686065,-0.0017070693792872373,-0.008067569829123414
2021-10-26,0.008972964898055658,0.005697957307548629,0.00015562035443861255,0.0009552526027534203,0.003148636957853501,0.004942180853347633,0.0002643819472475295,-0.03619599835601722,1.1504637409113827,0.0010899825744349729,-0.006977587254688441
2021-10-27,0.012910566919335453,-0.008443244600644717,-0.0033170810641444115,-0.004342169601603385,0.0023215048985658626,0.0003834137515154416,0.00020358310604197817,-0.021499407591003772,1.1409162581183172,-0.002562166110695782,-0.009539753365384223
2021-10-28,0.01641547855790959,0.019046943336083588,0.009921903932610165,0.009776479709953323,0.011105015409029306,0.015128108608867782,0.00014448944348545434,-0.001765130365741746,1.124397350712002,0.0025144260210599127,-0.00702532734432431
2021-10-29,0.011172761024215827,0.002858601856782883,0.003481082391274759,0.0017797444931550999,0.00491917878850634,0.00583748175742449,0.00011983560368670609,0.0379097476983451,1.1006698692372232,0.00023578461513495963,-0.00678954272918935
2021-11-01,0.007951940567565874,0.0114749174685711,-0.003962482167088943,0.0021080773253530083,0.0034186455824563033,0.005154791956349343,0.00016563047265215672,0.043979745480567045,1.0998660941324765,0.0011363964154753473,-0.005653146313714003
2021-11-02,0.0023708790692946735,0.011019618400357034,0.008126633043841425,0.0038766423806666506,0.004181341846383413,0.007172376837831044,0.0002093321298651783,0.0557386837603939,1.0901378841646834,0.002188726610872083,-0.00346441970284192
2021-11-03,0.013700104172859051,0.009898703154901822,0.0023184314932105377,0.006028077157480993,0.01061562623023038,0.008639079606990471,0.00028073549735921875,0.04905057442308408,1.097066365237596,-0.003583383020729589,-0.007047802723571509
2021-11-04,0.02701114239503677,0.041401401842582564,-0.002833839861663079,0.0046811640045127945,0.012818581146719632,0.02185956812531875,0.0002747625250165257,0.08374367839570443,1.0606333119365128,0.007596973531418572,0.0005491708078470634
2021-11-05,0.0037414804750508512,0.007815215249192153,0.0009369907347536177,0.00340129560343283,0.0009544219354240546,0.004164562152998874,0.0003829303925681161,0.027082521307601318,1.1198592153433373,0.0026206979000668864,0.00316986870791395
2021-11-08,-0.004358674257037509,0.01800391982949745,0.0045277167259933915,0.0012073980363842551,-0.0013548537025142027,0.006057654099484444,0.000471012174638751,0.042185894569417015,1.1098709198394618,0.007039419483636804,0.010209288191550755
2021-11-09,-0.01580662202805072,0.001324822165176931,-0.0015128721706832993,-0.0035017520496357646,-0.006883437501824741,-0.005331557344519029,0.000594493409548043,0.07040233852796153,1.085283965997104,0.0017909651308459203,0.012000253322396674
2021-11-10,-0.014262699926859912,-0.0315538199907891,-0.011124434945760098,-0.008051680532913719,-0.014696826651228845,-0.018980318287803038,0.000685817882568357,0.08823731551685313,1.068734091154279,-0.003248677820794736,0.008751575501601938
2021-11-11,0.004103833710238591,0.0179986735682367,0.0028781668214501455,0.00032822954896283285,0.0027726214158916296,0.008326891366641812,0.0007557937356753085,0.07022934187513481,1.0775538464847945,0.004560397414218729,0.013311972915820668
2021-11-12,0.010601179276673811,0.010165311084329831,0.01072381186750504,0.007434391136406537,0.010522543729871714,0.010496767409502894,0.0008173822448836329,0.061100563141676396,1.0869292456467439,-0.0022121208390250037,0.011099852076795664
2021-11-15,-0.001340914371896651,-0.0013284135616640214,-0.001984577940821075,0.0004657098597928844,-0.0002280003896300009,-0.0015513019581272491,0.0007765088354824178,0.06385931622144866,1.0803566547847696,-0.0021112289685833356,0.008988623108212329
2021-11-16,0.0064435725084408535,0.012969705312228852,0.0032583071438057054,0.0038161011372785936,0.007120806393235757,0.0075571949881584706,0.0007545117218550619,0.06268570137843257,1.0837084335046288,-0.0011534096517212015,0.007835213456491127
2021-11-17,0.0022279888363814226,-0.005942163806330392,-0.0053211179003099796,-0.0024108776036477764,0.0005284389213997542,-0.003011764290086316,0.0006856892800063407,0.07825972626463921,1.0598475204589373,-0.004068843629333158,0.003766369827157969
2021-11-18,0.024510925628961733,0.024604528709161633,0.0007203015349159791,0.0034620153220277228,0.010361364485020008,0.01661191862434645,0.0006604505004260783,0.0960439441176302,1.0488678179555206,0.004751260759352399,0.008517630586510368
2021-11-19,0.015569410282314067,0.006317730888752537,-0.0032319186784758314,-0.001875492292154779,0.0055756698950730765,0.006218407497530258,0.0006625896085798476,0.0568193223467264,1.0858046890373854,-0.0003917064265377794,0.008125924159972589
2021-11-22,-0.011248598282703637,-0.015086564717412432,0.0016440711227498905,-0.0026448333336868135,-0.01160935335356017,-0.008230363959122059,0.000608731663844387,0.06630015147210483,1.083143031050589,0.003910847407587945,0.012036771567560533
2021-11-23,-0.009188306143167346,-0.00725217836928016,0.0018871700531064572,0.0013027589659710959,-0.004557664708549569,-0.00485110481978035,0.0006447796397787802,0.08900534859822012,1.0522516045332386,-0.0008160269729690448,0.011220744594591488
2021-11-24,0.007600015061636656,0.010089707352738841,0.0007041321811753765,0.002462335475478472,0.0032201768351152182,0.006131284865183624,0.0006585923402776018,0.07459908739945033,1.0669577773765608,0.0018532118268100159,0.013073956421401505
2021-11-26,-0.02768845848647039,-0.028994028517044357,-0.02227942253891635,-0.021759816372040275,-0.018958768329919495,-0.026320636514143698,0.0007468753275464739,0.06803742461357729,1.0711269891290818,-0.005279781536849739,0.007794174884551766
2021-11-29,0.02969426845972789,0.040146973051018664,0.013850502074387316,0.012081334679794775,0.021702232177519543,0.02789724786171129,0.0006931934013188843,0.1294654254631674,1.0483728302532425,0.002887908755150704,0.01068208363970247
2021-11-30,-0.011559197149511258,-0.020936384981836476,-0.027909435260228488,-0.01914619141147411,-0.01468608748326472,-0.020135005797192074,0.0007401466568285958,0.11992680187473906,1.065902803259506,-0.002925069132634777,0.007757014507067693
2021-12-01,-0.021831428963190458,-0.003542128448138837,-0.013688722780448304,-0.011501768609828766,-0.017013096365832037,-0.013020760063925866,0.0006610593691862101,0.15796454603580024,1.045220416447447,0.005917487892503853,0.013674502399571546
2021-12-02,0.0022310142472707906,0.0026001205853025677,0.022073767647606823,0.015256855259137891,0.007207301065922156,0.008968300826726727,0.0007556711006499565,0.16939774599986607,1.0197898024036873,-0.00172177929574803,0.011952723103823516
2021-12-03,-0.024602715845896683,-0.011358778638565603,-0.008837431369688398,-0.008845435158578385,-0.01738880632046036,-0.014932975284716895,0.0008043225130352151,0.15772140153647707,1.0235055880475268,0.003455357071126231,0.015408080174949747
2021-12-06,0.008465699579222496,-0.00381851599565608,0.007787812199877786,0.011947000810879516,0.008013169341289483,0.004144998594481401,0.0008447363325788946,0.17502321561311207,1.002000657105013,-0.00681994118241589,0.008588138992533856
2021-12-07,0.03662930893365113,0.04849980095618611,0.02316660795293135,0.02055375595329134,0.03011379842850359,0.0360985726142562,0.000646786993089831,0.14476823163739477,1.0229280052750378,0.0016720069605780583,0.010260145953111914
2021-12-08,0.007279945364368379,-0.004323498652143987,0.0010636307721538785,0.0028108900524830283,0.0044743105535822725,0.0013400258281260902,0.0006513659429532542,0.1390914386776521,1.0340340632225238,-0.0043289003780318264,0.005931245575080088
2021-12-09,-0.018386241969347683,-0.02420266053819553,-0.00646679589162269,-0.0068103488440339754,-0.014714413141746152,-0.016351899466388636,0.0005260988226252589,0.1537857344550972,1.0231136484451617,-0.0007761468759573675,0.00515509869912272
2021-12-10,0.0072792769327350015,0.006347989628323614,0.006477695186457355,0.009539081471029887,0.010870461845444712,0.006701653915838657,0.0005535015875808085,0.15947838208929077,1.0231194199408107,-0.006494905569160037,-0.0013398068700373172
2021-12-13,-0.023249366109606928,-0.025946953930511496,-0.012348630264519156,-0.008871428555264238,-0.014446838510108084,-0.020514983434879192,0.00047086207062656846,0.1458975864508416,1.0241430195957553,-0.004895896675567295,-0.006235703545604612
2021-12-14,-0.00867818747390492,-0.005774834375897986,-0.007046711638327263,-0.006806321494098322,-0.0103501833106876,-0.007166577829376723,0.00038522387051884046,0.13999229405124275,1.037985830527821,0.004144374479972801,-0.002091329065631811
2021-12-15,0.029594945365501113,0.04136438244890628,0.011194691509673227,0.015630421588881838,0.02279745807735578,0.027384673108026874,0.0004704904200143955,0.13907873585931263,1.0307316384878942,0.00124226209505068,-0.000849066970581131
2021-12-16,-0.03510832664914132,-0.043461475588381204,-0.0026395659703292162,-0.009035320981718886,-0.02571463470358648,-0.027069789402617245,0.00047032612792219635,0.14047287030806682,1.033233609430586,0.00029832677189297815,-0.0005507401986881528
2021-12-17,-0.005684424201142457,-0.004685161851864961,-0.01648634811718752,-0.010376581946216934,-0.004989145417625296,-0.008951978056731646,0.0004496430663051478,0.13739800974987132,1.0325287966779524,-0.002824463101108174,-0.003375203299796327
2021-12-20,-0.014453745691711872,-0.00751399180601664,-0.018049230223089463,-0.010815675736227326,-0.009700351523393214,-0.013338989240272658,0.000371851348768067,0.15000109692977887,1.0243557952660254,-0.0021518660654643775,-0.005527069365260704
2021-12-21,0.027713517297692558,0.03612222960593314,0.02010918723244237,0.017747166960228267,0.022380140851140595,0.02798164471202269,0.00036205119716022365,0.1615599370906597,1.019271380568718,0.001940925274566116,-0.0035861440906945884
2021-12-22,0.018918151562797192,0.011885890643715591,0.008201717531792774,0.010101248630706383,0.01217863317173129,0.01300191991276852,0.0003039551796818465,0.15377838614644848,1.0343528818576417,-0.0014523932976747093,-0.005038537388369298
2021-12-23,0.013143215418284226,0.008605159574451848,0.007742458788746909,0.006162865273487084,0.00753907358303052,0.009830277927160994,0.0002781845753045758,0.15168880042794636,1.0347157933397793,0.0008164572078097187,-0.004222080180559579
2021-12-27,0.020947259744995117,0.02692535341803537,0.010082965852307169,0.014261235258873795,0.01652713785579296,0.019318526338445885,0.0003963695484493358,0.16845432749953101,1.0212232108325199,-0.0003581067918142118,-0.004580186972373791
2021-12-28,-0.005241371524062233,-0.009856001454760399,-0.0028852027309244077,-0.0007519735692004259,-0.00463453689424298,-0.005994191903249013,0.0004014977183196063,0.16254633668975044,1.024339781540075,-0.0015261185628193024,-0.006106305535193093
2021-12-29,-0.004053563120719361,-0.0001595005059000787,0.0032650399851852363,0.0012086037451284337,-0.00014942876110746184,-0.0003160078804780679,0.00039490294384760807,0.173635067268467,1.0189079390220006,-0.0007685126659013578,-0.006874818201094451
2021-12-30,-0.0064202779090761775,-0.011359685196800418,-0.002791626535948666,-0.0028246743358276705,-0.002988553124355975,-0.006857196547275087,0.0003559779401967224,0.17050572264409491,1.024687922027735,-0.0036692170577414646,-0.010544035258835916
2021-12-31,-0.010696253902618413,-0.0033566294036575517,-0.0021343842757104436,-0.002741047379581696,-0.006244358215691581,-0.0053957558606621365,0.00029785330437769617,0.17585891256644465,1.0244884958074045,0.0011857016021029829,-0.009358333656732934
2022-01-03,0.029912296954771156,0.02205377935177255,-4.642023552903218e-05,0.006138833725171766,0.009626698143780477,0.017306552023671557,0.00039127767972124325,0.1760241898613107,1.0259061529738362,0.005958602252257462,-0.003399731404475472
2022-01-04,-0.018028038752845088,-0.005196465162588648,0.015608218485233749,-0.0004099383270561585,-0.01297054634225736,-0.0025387618100666622,0.00048597761519564514,0.17178672663614958,1.035146842361964,0.010472102627962599,0.007072371223487127
2022-01-05,-0.03964549978959031,-0.03430377150961028,-0.02443377110306888,-0.019154008566371616,-0.030721131322172135,-0.03279434746742316,0.0006414641984412888,0.2645628683901116,0.9547545999814984,0.0009627692281031358,0.008035140451590263
2022-01-06,-0.0009517303011067346,0.009927824841355237,0.003707556404633383,-0.0013466552006710097,-0.0007025318739349862,0.004227883648293962,0.000611107992884555,0.27340964795337064,0.9480659072549418,0.00465101069817713,0.012686151149767393
2022-01-07,-0.011227763004279412,-0.030404936653997905,-0.0016211503717673548,-0.003464482305316041,-0.010832854356521482,-0.01441795001001489,0.0007234048940604166,0.2654592331805325,0.9513020289398707,-0.003916359759369584,0.008769791390397809
2022-01-10,0.00444056585679764,0.001279904031434187,-0.0034810337987259965,-0.0013066293335323165,0.0006582835918087504,0.0007464786965019435,0.0007079641583769871,0.2437163205761207,0.9728002963130085,-0.00028341704151926253,0.008486374348878545
2022-01-11,0.013013361614265362,0.020183604997726867,0.008428226160628993,0.008761097204848856,0.015022199876633335,0.013875064257540407,0.0007079980341725278,0.24656899153002215,0.9717971509547785,-0.0035916797203136997,0.004894694628564846
2022-01-12,0.00953103043948933,0.008540286410672948,0.005250811404609923,0.002987700880013211,0.003965198425791794,0.007774042751590733,0.0006469152518256593,0.2510731166161464,0.9629387455393639,0.002558752930356743,0.007453447558921589
2022-01-13,-0.0349028290760941,-0.0173935635386524,-0.011466772972054229,-0.013785312228371427,-0.02501587160694041,-0.021254388528933577,0.0006936625581911401,0.24966386494382958,0.9650757581127658,0.0056358544991875585,0.013089302058109147
2022-01-14,0.011844994969086642,0.021195256266576035,-0.0030483718123750503,0.00030429850777191625,0.0062224652176154915,0.009997293141095875,0.0008354600599140196,0.27138234944081596,0.9385779784014044,0.0032389830125887763,0.016328285070697925
2022-01-18,-0.026607665341569775,-0.0447362516797819,-0.025465854858981785,-0.01753170423629047,-0.024894112352063402,-0.032269923960111156,0.0009331260860662036,0.26955988467915537,0.9413315245725011,-0.005043593140766869,0.011284691929931055
2022-01-19,-0.014758975331014335,-0.027628087281996727,-0.0140309844483133,-0.01050656413209572,-0.010983669052914147,-0.01880601568710812,0.0008244707393145725,0.2839757646275612,0.9437976430880379,-0.006280515878802908,0.005004176051128148
2022-01-20,-0.014930198824950391,-0.030622961542007054,-0.013806456029363812,-0.011003108385559957,-0.012988591583198206,-0.01978653879877375,0.0007239043761904459,0.3142023536300425,0.9304929833696982,-0.004967447290954153,3.672876017399469e-05
2022-01-21,-0.03427233325762624,-0.016645656998823144,-0.018417825279169464,-0.019646559454319368,-0.02772859427973562,-0.02311193851187295,0.0006710049928929742,0.3270013140940846,0.9300320720103954,0.008429989246142185,0.00846671800631618
2022-01-24,0.0023634463878727807,0.012805945062282609,0.0034221216394070275,0.004172005681915891,0.004577999893138562,0.006197171029854139,0.0007727030530991007,0.31285235773081777,0.9180228663622017,-8.346242140363277e-05,0.008383255584912548
2022-01-25,-0.026303705647740205,-0.03960324799217041,-0.011424553188691844,-0.012142372308105442,-0.023181349434040488,-0.025777168942867485,0.000793915289246899,0.30361567045977245,0.924466721646055,-0.0014540836081977336,0.0069291719767148145
2022-01-26,0.00863640337200966,0.014413729011195198,-0.005098751624788345,-0.0022528830477369644,-0.001564851623614194,0.005983793586138837,0.0007564680006554617,0.29555681346528984,0.9312974975029537,0.007350522921217816,0.01427969489793263
2022-01-27,-0.02007396657318694,-0.042701448287851385,-0.003382273667715263,-0.0050683725034222915,-0.010070532786930042,-0.022052562842917862,0.0008842693504791154,0.28111290698144065,0.9409225371903991,-0.01203645600455782,0.0022432388933748097
2022-01-28,0.03546629234941512,0.019478784675941663,0.016214870161807227,0.024511993263531595,0.031369286820871256,0.023719982395721335,0.0006992294017411445,0.26340174872656974,0.9610787996647923,-0.013584105420551464,-0.011340866527176655
2022-01-31,0.043654167685422074,0.05239027506729532,0.018975126439394474,0.018288900258064622,0.03197801021909519,0.03833985639737062,0.00041345381642413645,0.20663255385119472,0.9611526554789186,0.0034115709744774805,-0.007929295552699174
2022-02-01,0.005529947266143642,0.0042845117558250045,0.012364874648411961,0.006526637993864215,0.0068034740783886605,0.0073931112234602026,0.0005445099689417951,0.1884501119902846,0.9846653750350278,-0.001080489761283011,-0.009009785313982185
2022-02-02,0.014748031511488513,0.025526022822468963,0.020209201286501388,0.00953416124562012,0.00812563236768149,0.020161085206819623,0.0003657081218312176,0.22836803996900285,0.9490272617747305,0.009906632732488827,0.0008968474185066418
2022-02-03,-0.07116751725241566,-0.04435195981227524,-0.023334780872635852,-0.023241955538164882,-0.04054383311749277,-0.046284752645775584,0.0004842766143681454,0.26727554792549246,0.9298984389387522,-0.0028553757342709707,-0.001958528315764329
2022-02-04,0.028493007751459354,0.005423154852556067,0.003642974013852829,0.004700319846453471,0.012615080119640742,0.012519712205956083,0.00035323301105403323,0.2444195096639637,0.9522779161349008,-0.0009954328854382063,-0.0029539612012025353
2022-02-07,-0.014154958858514144,0.0015777513186574499,-0.006556298491265489,-0.0032965891634626487,-0.008044509341536,-0.006377835343707394,0.00030587429487610734,0.24799972889056618,0.9496180824616327,0.001773055115472922,-0.0011809060857296133
2022-02-08,0.009199896240574379,0.020479259533316085,0.01242563379186179,0.008098933922703555,0.011235419086697007,0.014034929855250752,0.0003822796000291052,0.25574467323712,0.9407176052450217,0.0010120345084289831,-0.00016887157730063017
2022-02-09,0.024658181740931262,0.034823168947684335,0.018157723319520702,0.014668859493525366,0.021190393827898113,0.025879691336045434,0.00030488467753706866,0.26855503872513803,0.9317689937797491,0.0018908585943538218,0.0017219870170531917
2022-02-10,-0.02370090165762162,-0.029939312570920973,-0.01486418661563782,-0.017571470419129098,-0.022632508199161405,-0.02283480028139347,0.00036711120116297965,0.26949295332021106,0.9351811330473239,0.002698970636267988,0.00442095765332118
2022-02-11,-0.03870131761601969,-0.05139097554240679,-0.021069033502004064,-0.019942884902922287,-0.03172172134587459,-0.03705377555347685,0.0004415446906567087,0.25988950701911884,0.9379709974982161,-0.002558319105023618,0.0018626385482975617
2022-02-14,0.0065639410342333004,-0.0006786629043374903,-0.007996381894115334,-0.0032598822788600934,0.0012390628389615799,-0.0007037012547398414,0.0004195961574697193,0.25752886339576253,0.944466863204857,-0.0014540374269584808,0.0004086011213390809
2022-02-15,0.031228765862183927,0.05440071986650752,0.015337443097052095,0.016054898904270587,0.024863978287081645,0.03365564294191451,0.0004530519945887942,0.25277506612118816,0.9478265425766794,0.005577574240683503,0.005986175362022584
2022-02-16,-0.00038072997557514476,-0.0002148069725962376,0.005193992262872982,0.0011947490063259902,-0.0002524593202237746,0.0015328184382338665,0.0004542965543573345,0.27266716492900595,0.9395693523045252,0.00098995609950577,0.006976131461528354
2022-02-17,-0.03963105888608409,-0.040081471767414945,-0.029711794370227085,-0.02126216696922978,-0.029743975439179615,-0.03647477500790871,0.00044735373854723557,0.2817002532765227,0.9332266202541997,-0.003174701253986688,0.003801430207541666
2022-02-18,-0.016175241488289527,-0.011109804788790978,-0.008645466862605478,-0.00639519846058012,-0.011405500241557287,-0.01197683771322866,0.00036548356409716253,0.2722826020674841,0.9460341067239232,0.00018897223302003982,0.003990402440561706
2022-02-22,-0.01580433162317252,-0.00686152493219272,-0.012154966845268955,-0.01094428928440283,-0.01004355572571869,-0.011606941133544732,0.0003860068018944458,0.2789176930552916,0.9413483575510958,0.0005140926702743992,0.004504495110836105
2022-02-23,-0.03364030596512024,-0.02095433858879181,-0.018929776590534186,-0.018003720124091904,-0.02561513942677851,-0.02450814038148208,0.000359596123210408,0.2761009704320804,0.9423527662527422,0.004241605589731273,0.008746100700567378
2022-02-24,0.04397711186102171,0.03431418929573904,0.01711993209845164,0.015368230355849333,0.033604376922574675,0.03180374441840413,0.00048007263024702276,0.2274789022667974,0.9666160213012236,-0.004654805502180559,0.004091295198386819
2022-02-25,0.013434933921792291,0.013945137040121125,0.02512724304638514,0.02184008497006129,0.015506777829270346,0.017502438002766185,0.0002841180641205795,0.28375052781937077,0.9161135140466147,-0.0031847844279421847,0.0009065107704446344
2022-02-28,0.013774543480558732,-0.008614433736628735,-0.004390946997855583,-0.0025099485534929578,0.002979021104642987,0.00025638758202480477,0.00029934149353620133,0.2171879091904503,0.9557853691448523,-0.002345128219194169,-0.0014386174487495346
2022-03-01,-0.0182205638963584,-0.03154928598087825,-0.022084892783772014,-0.014999022884760294,-0.01531138375411778,-0.023951580887002888,0.0001603531877361872,0.23998959714773738,0.9447832780287304,-0.0060463852806445124,-0.007485002729394047
2022-03-02,0.017237891401755023,0.0327312728203204,0.022220837250881642,0.018363865441317184,0.01677943596549092,0.024063333824319022,6.789396097877287e-05,0.3094387174650363,0.904548302734592,0.003135138570049975,-0.004349864159344072
2022-03-03,-0.020035875883553378,-0.0215517598378705,-0.004732781210682324,-0.005017432898612562,-0.014284667538405404,-0.015440138977368734,6.16442182927513e-05,0.3275662959329666,0.8985345522108554,-0.0010229739358687175,-0.0053728380952127895
2022-03-04,-0.016767293279478124,-0.026904588449803923,-0.018019811633124827,-0.008088126075102675,-0.014492042946257389,-0.02056389778746896,0.00014400445817079285,0.38165643015637774,0.8674085127844504,-0.005050495501939844,-0.010423333597152633
2022-03-07,-0.047404115530839896,-0.04977479762293324,-0.04124956458974727,-0.029521522721040916,-0.03688103970179546,-0.0461428259145068,2.948580335254572e-05,0.3743979647550859,0.871890101809983,-0.0029633002341741335,-0.013386633831326766
2022-03-08,0.0028421450282181127,0.015084007882945283,0.00055931449625235,-0.007546233514364675,-0.004648142273672939,0.006161822469138582,5.4916894626874766e-05,0.39251916779250323,0.8665396006682549,0.01309674622321581,-0.0002898876081109565
2022-03-09,0.04419213318623472,0.04344293800438437,0.036473382091764206,0.02665255325448479,0.03599811436462019,0.0413694844274611,0.0003081186784630865,0.31635787387913283,0.9156701976092256,-0.00033277982585242644,-0.000622667433963383
2022-03-10,-0.006668418656172848,-0.021634120261014078,-0.002783133698605722,-0.004454063972159306,-0.01110498454457054,-0.010361890871930882,0.0004173245690474287,0.33158793270905973,0.9092264620733714,0.0007946442325432387,0.0001719767985798558
2022-03-11,-0.026594496744978824,-0.02247066027697986,-0.011844108386255936,-0.012757025995442928,-0.020738145870060398,-0.020303088469404873,0.000501240959228869,0.3369117630667644,0.9024861652092703,0.0022095524308007528,0.0023815292293806085
2022-03-14,-0.02449070431366307,-0.0288863885971421,-0.009285296188263903,-0.0073028821641725195,-0.019204666685749494,-0.020887463033023024,0.0004693842846548498,0.3402656939605627,0.8997704457768201,-0.0015921355453414263,0.0007893936840391823
2022-03-15,0.04076823887038339,0.04189529211257459,0.016944989894978946,0.02193887310494369,0.031366816077530446,0.03320284029264564,0.0004285411890453791,0.3304587796692361,0.9061130239061537,-0.00289747469629692,-0.0021080810122577377
2022-03-16,0.04275363546102229,0.05295742467837927,0.029890976217507026,0.02236126961966356,0.03708640483499215,0.04186734545230286,0.00038102051145573826,0.34149077107690384,0.8925762681615652,0.0007477129090233542,-0.0013603681032343835
2022-03-17,0.0156434169807802,0.006262965457962011,0.012367948664301576,0.012234134581409872,0.012106634843698227,0.01142477703434793,0.00042488097218122093,0.324502350322859,0.9050412371492889,-0.003927113140322293,-0.005287481243556677
2022-03-18,0.03280949566998603,0.021593831188799317,0.013242408693425745,0.011050867581454904,0.020467707364308918,0.0225485785174037,0.00039662200862358515,0.2941396525305213,0.9224076374874572,2.1888563513348253e-05,-0.0052655926800433284
2022-03-21,0.0015105387376721513,-0.0023404380935645452,0.006416696215645334,4.873193396481845e-05,-0.0027802433237255064,0.0018622656199176468,0.0003683352523869355,0.2880581320680333,0.9246148213304355,0.0040505469216823384,-0.00121504575836099
2022-03-22,0.02592686209561834,0.006888791708147712,0.007217959640086313,0.011612317467523114,0.01965280691479232,0.013344537814617455,0.000457509799318168,0.2997564364050147,0.9176559091374143,-0.008628353283664956,-0.009843399042025946
2022-03-23,-0.01004023602634685,-0.02499916409909142,-0.009494976904893315,-0.012877916336379247,-0.014371469825373073,-0.014844792343443861,0.0002819762824890476,0.3205830399432611,0.8955229249209682,0.0018716536347500642,-0.007971745407275882
2022-03-24,0.029283749226736155,0.048663081806112896,0.015413823088138656,0.01486442409208344,0.022226767943840375,0.031120218040329235,0.00031965254751668674,0.31231527949240656,0.9002219556548517,0.006149154221709297,-0.0018225911855665848
2022-03-25,9.67466909453929e-05,-0.004159486002088819,0.00787537393144544,0.005072144219053332,-0.000834066212172857,0.0012708782067673379,0.0004626393319427356,0.3173267225152754,0.903082623211325,-4.8057323511395194e-05,-0.00187064850907798
2022-03-28,0.022795121024699494,0.0072641382191800385,-0.000776569131610727,0.00689723900842143,0.015472227146067219,0.009760896704089602,0.00047872746664458763,0.318340901180321,0.9024788098981578,-0.00687686118540864,-0.00874750969448662
2022-03-29,0.013463560396602237,0.022608341530769627,0.006638089705440331,0.012649426692268317,0.017210110707139625,0.014236663877604064,0.0004116539431975064,0.3453065915415413,0.8795030598072913,-0.005679265508206735,-0.014426775202693354
2022-03-30,-0.01155327977077536,-0.029019722397408132,-0.004600053175175534,-0.006222095879560685,-0.011045897353284428,-0.015057685114453009,0.0003050307721397638,0.3365238474081993,0.8810296637121544,-0.0035370690116971505,-0.017963844214390505
2022-03-31,-0.01845961641746563,-0.020263670044342597,-0.012053515660108816,-0.0153682343020769,-0.012394587920515288,-0.016925600707305682,0.000136269790723295,0.33740374615408253,0.878919324545013,-0.0009827278296214853,-0.01894657204401199
2022-04-01,0.00139552480440841,-0.01619773571235328,0.0012593311829502962,0.0027698938126672346,-0.0019033017614378256,-0.004514293241664857,-1.5940833089048525e-05,0.24899940603327042,0.9426342748158336,-0.0033939368470565375,-0.022340508891068526
2022-04-04,0.03022857395140721,0.016502022838872143,0.0008002295592124398,0.008478935563064782,0.020588501680070204,0.01584360878316393,-8.506381159334637e-05,0.22972999038350406,0.9569111566643598,-0.0057205601472700394,-0.028061069038338566
2022-04-05,-0.026053303365585645,-0.043142927711108725,-0.00930291614914247,-0.012361416718594143,-0.022204100096914314,-0.02616638240861228,-0.0002725118737198211,0.27404462173213273,0.9224083586323527,-0.002025043240868867,-0.030086112279207433
2022-04-06,-0.036202235105584735,-0.0206848533006877,0.0009883940779724654,-0.010129021659315507,-0.021711526888020027,-0.018632898109433322,-0.00025268955639014203,0.2833005429379628,0.9167577401156091,0.004393559106791813,-0.02569255317241562
2022-04-07,-0.0002322085385445538,0.00015814632705457576,0.006747863926670705,0.005043148446327361,0.0023778778774783405,0.002224600571726909,-0.0001987710155109449,0.30775729839958876,0.8967912617007524,-0.001261154255946046,-0.026953707428361666
2022-04-08,-0.020647415228863708,-0.023768059530326457,0.0028116742885804236,-0.002423959766716388,-0.013979032468854569,-0.013867933490203247,-0.00018173625961852708,0.2990292973284868,0.9037964998931483,-0.00032716162754756195,-0.027280869055909228
2022-04-11,-0.035253535722514995,-0.022483243187821023,-0.019920972942890303,-0.017325432113549977,-0.023657469625571137,-0.025885917284408772,-0.00024527441595238514,0.2960931101314176,0.9050891976169454,0.0009014184114708064,-0.02637945064443842
2022-04-12,-0.0041123460072157725,-0.005387533273805478,-0.0016633050508678693,-0.0036599276288575844,-0.004224282177637706,-0.00372106144396304,-0.00031401907640479397,0.2768718728181928,0.9226221346053415,0.0015037048893300014,-0.02487574575510842
2022-04-13,0.022429685575710456,0.023749875429284417,0.008663690150771286,0.011292667370617515,0.020327127712353565,0.01828108371858872,-0.0003720162272129819,0.2971371058984593,0.9075530722761264,-0.003150317760473219,-0.02802606351558164
2022-04-14,-0.02965295347008079,-0.03044353634711705,-0.008870098082304989,-0.012148318466220664,-0.022867287141678627,-0.02298886263316761,-0.00036313776620767557,0.29906138249879455,0.8992498238569651,0.0015707719828247993,-0.02645529153275684
2022-04-18,0.008971413124583272,0.017127108138283775,0.00011653388207566451,0.00017406834369415591,0.0007683235539264199,0.008738351714980904,-0.00024375846856289633,0.2793965983279062,0.9084303059996308,0.008235507679238979,-0.018219783853517864
2022-04-19,0.02259300278218923,0.021295857654292982,0.010498338799280083,0.015971554725141113,0.02235077297895649,0.018129066411920764,-2.1010632719356635e-05,0.25533449647665285,0.9223165574631356,-0.006542499829644312,-0.024762283683162176
2022-04-20,-0.028288476325090683,-0.001818504433078627,0.004617423335247839,-0.0007578987821064143,-0.014584289476465506,-0.008496519140973824,-0.0002596491279606265,0.2661879658631382,0.9178527680674066,0.005351103988396071,-0.019411179694766106
2022-04-21,-0.025173694681754233,-0.02740775101997517,-0.017383496240155227,-0.01482708451336634,-0.020690957201027538,-0.02332164731396154,-0.0002180227006742838,0.31501753259019816,0.882854141710941,-0.00016573577348927282,-0.01957691546825538
2022-04-22,-0.02541691464335405,-0.022935422593803212,-0.03209090352822219,-0.02729421397256826,-0.026185953094467473,-0.026814413588459818,-0.00020189775469244345,0.31892077775636507,0.8792297066725456,0.005115643972802418,-0.014461271495452961
2022-04-25,0.014330614083334803,0.017296389107378518,0.0025888998527332507,0.005463869272444688,0.012845706798403356,0.011405301014482191,-0.00024431738644057927,0.27821300027603446,0.9010532741532867,-0.0014451672319945787,-0.01590643872744754
2022-04-26,-0.052363670892286884,-0.04263155146853281,-0.016233424802329033,-0.02859336457616346,-0.03774500590884233,-0.03707621572104958,-8.681970542719054e-05,0.2979983497701718,0.8826831959920541,0.004848261890807136,-0.011058176836640406
2022-04-27,-0.006578718490211299,-0.004811642532730698,-0.004497088994402931,0.0025881403064287323,-0.0011982878384404483,-0.00529581667244831,0.00018890138783912182,0.3204779328731729,0.8756251095868359,-0.005264908995826462,-0.016323085832466867
2022-04-28,0.05670643223476923,0.05709631144497718,0.02056587991673986,0.02505695974010913,0.03551598827792368,0.044789541198828754,1.7162190007171763e-05,0.31791162336536605,0.8709232503076721,0.0058747803123443895,-0.010448305520122478
2022-04-29,-0.050262034361703956,-0.04428268759739229,-0.03668621714471343,-0.036730104746520276,-0.044998730999984415,-0.04374364636793656,0.00013770753299590993,0.32573897441199073,0.8747047821000229,0.007443677943362953,-0.003004627576759525
2022-05-02,0.027676783099244373,0.02910590388900136,0.0037368200937772933,0.00628475973589393,0.01669599482365447,0.02017316902734101,6.708419969538937e-05,0.24105127526422676,0.9161287947691112,0.0032954538633132337,0.0002908262865537088
2022-05-03,0.00277313514184363,0.008201633435836575,0.00767739831684322,0.0043297232878942715,0.0010675169286678,0.006217388964841142,0.00017727029340217104,0.2402621042384891,0.9134845875559214,0.004024689982226035,0.004315516268779743
2022-05-04,0.03775640766633037,0.034300566048218295,0.029697563275220995,0.030334803532544363,0.03381238636375916,0.03391817899658989,0.00024966280047097043,0.2529249904851677,0.9054741699371796,-0.0046201561750393305,-0.0003046399062595871
2022-05-05,-0.06374892731399118,-0.04694722392199446,-0.027982840974812073,-0.03512199958938944,-0.050364076804668145,-0.046226330736932573,0.0001475085778138473,0.220678125051246,0.9220773527462794,0.007816392316249372,0.007511752409989785
2022-05-06,-0.009233583943198287,-0.010251883030837017,0.0008478783038914361,-0.006281523722200144,-0.011980908545808133,-0.006212529556714623,0.00022088989094730827,0.21735600736100152,0.9103707138190178,0.005838975733786629,0.013350728143776414
2022-05-09,-0.0529172583650781,-0.05062962133034077,-0.034781471626022076,-0.03226653186405348,-0.039126766707973104,-0.046109450440480315,0.0002512750336540982,0.22776790763774762,0.8985364132963529,-0.00385462040306693,0.009496107740709483
2022-05-10,0.016273608153002384,0.02585002835133343,0.0006034329445603337,0.0025690241367934963,0.012148646706531263,0.014242356482965382,0.00017925238685591186,0.24808201829052634,0.8900341383498487,0.002613065099652383,0.012109172840361867
2022-05-11,-0.04378307468382048,-0.030670938912435775,-0.004476712494433821,-0.016110535679421223,-0.029658030280585335,-0.026310242030230024,0.00028425485542457694,0.24203674232570943,0.891337952035832,0.003740172659028245,0.015849345499390113
2022-05-12,-0.008718114733364923,0.004734948767451286,-0.0048635702891649535,-0.0007758760315931257,-0.0023647098458288163,-0.002948912085026197,0.000358251424813339,0.2512736950147878,0.8816525948405316,-0.001027353700887792,0.014821991798502321
2022-05-13,0.04722496286335498,0.05242636858279459,0.023330847650822717,0.02359624341562072,0.03706003463462082,0.04099405969899076,0.00019476804801779818,0.2596452442526899,0.8685947295679808,0.002482488504639717,0.017304480303142036
2022-05-16,-0.017068143320458917,-0.016145663275477173,0.000810933259461466,-0.003575693295592597,-0.011591486563920173,-0.010800957778824874,0.0002239474451677637,0.2536203416397463,0.8759351060401855,3.535334376530974e-05,0.017339833646907346
2022-05-17,0.0316875537937249,0.04783162614809977,0.015127204608658351,0.020008899033693295,0.02590112092155583,0.03154879485016101,0.0003022254534812809,0.2492364662431566,0.8740037877199632,0.0036219443164733217,0.020961777963380668
2022-05-18,-0.05716904458743621,-0.04777815429664978,-0.04062456515895174,-0.03960576056765719,-0.04909034345700192,-0.048523921347679244,0.00037782505244838595,0.25600883657602186,0.8724038203642579,0.004064281459388794,0.02502605942276946
2022-05-19,-0.004923788901456949,0.0002631117468179234,-0.004364015092918172,-0.006688031223349378,-0.005358089511992903,-0.0030082307491857327,0.00044361243430543983,0.2352321599858765,0.880884981558147,0.0028412574281890548,0.027867316850958515
2022-05-20,-0.012699234562047357,0.00048232467323217065,-0.0019315457789029766,0.0002515534125253627,-0.0031079825109036063,-0.004716151889239388,0.0004633020221864836,0.22816043950167697,0.8868969451688935,-0.002480388254027049,0.025386928596931466
2022-05-23,0.019744608668435193,0.008020403631514128,0.021325042042631415,0.018965363910864674,0.016627259362649083,0.016363351447526913,0.0004679915631788916,0.2078571846976904,0.9036678381158783,-0.0030722467869685813,0.022314681809962884
2022-05-24,-0.04203894150470355,-0.026391357325769027,-0.004755299815854208,-0.007209285149731182,-0.021262112725346394,-0.024395199548775597,0.00044101755846549144,0.20287386473757682,0.9061554011695208,-0.004106863280572071,0.018207818529390813
2022-05-25,0.021445326278753285,0.02081015166287359,0.009976971976689564,0.008338581538760437,0.013995307845723559,0.017410816639438813,0.0004395579655289783,0.16391340318480024,0.936444258873439,0.002498627712863438,0.02070644624225425
2022-05-26,0.03763740320742115,0.03342221599348649,0.018778270907868766,0.01987920236378482,0.02770712572832812,0.029945963369592137,0.0006241537297557579,0.12455449398898194,0.9621180132720337,0.00018824088929308633,0.020894687131547338
2022-05-27,0.04176252584129325,0.03966478700849341,0.02124333030856551,0.02507646761365767,0.032639515185619805,0.03422354771945072,0.0005504828174334676,0.0937052973385265,0.9807357722682106,-0.0006874730839492998,0.020207214047598038
2022-05-31,0.004235900759980371,-0.0041530666779102665,-0.010452952164297424,-0.005552408749950111,-0.0026528245267721795,-0.0034567060274091066,0.0005601879515803177,0.0993776931094687,0.9754429975126476,-0.0008774292979488278,0.01932978474964921
2022-06-01,-0.007672556634959249,-0.01643639872671665,-0.0029929231759817654,-0.00837541407181941,-0.007395751041018417,-0.009033959512552555,0.0006415072716213457,0.11368869155700634,0.9629058073193314,-0.0016018652902159893,0.017727919459433222
2022-06-02,0.03704695665794788,0.03533428834690522,0.012890749057768325,0.01899062783297034,0.0273856422968759,0.02842399802087381,0.0007481347395101169,0.08696202683553167,0.9726278134119068,-0.000611637591961707,0.017116281867471515
2022-06-03,-0.04055409924510278,-0.02947083252365068,-0.008455310306254238,-0.016186708816631534,-0.026019413876263164,-0.026160080691669235,0.0005433873741889942,0.1373580906966556,0.9385245283056826,-6.023451313278208e-05,0.017056047354338733
2022-06-06,0.01116132283156479,0.0008273663405371501,0.0027076406904380512,0.0027289425888652463,0.0033309870201709835,0.004898776620846664,0.0004828754645200802,0.13267468879998548,0.9377626611471613,0.0009301642953136657,0.0179862116496524
2022-06-07,0.0053167049711413394,0.007977856680628115,0.011415075869509739,0.009776313646634893,0.008626021026111097,0.008236545840426398,0.0004960106866152053,0.1322904015438753,0.938211235549002,-0.0016458071489003669,0.016340404500752033
2022-06-08,-0.00343934758958675,-0.02083243926269429,-0.007975020936231814,-0.010937619967718692,-0.007196726604167258,-0.010748935929504285,0.000464874822875802,0.12614288068933616,0.9422276242714503,-0.00305315325099119,0.013287251249760844
2022-06-09,-0.03196538614776023,-0.02659462816576963,-0.02132100843592022,-0.02351926381161673,-0.026784603072207425,-0.026627007583150026,0.0004476146963585171,0.15884544451384142,0.9185461908412376,0.0012642007604566595,0.014551452010217503
2022-06-10,-0.04395174610919095,-0.03700192716197315,-0.025714372802464247,-0.029341668370093887,-0.03527039801283982,-0.035556015357876114,0.0004595391777388973,0.15310447582369024,0.921018454673846,0.0009614736934979856,0.015512925703715489
2022-06-13,-0.055965039368184755,-0.05558045556510782,-0.03537408255724206,-0.0385461755727885,-0.04649640860892501,-0.048973192496844876,0.00039538295074736875,0.16517499160462468,0.9061945811325324,-0.0008669176974346396,0.01464600800628085
2022-06-14,0.005504987794222149,0.007332749947735806,-0.0076001456339093165,-0.002496809334448624,0.00181534287250118,0.001745864036016213,0.00042144906340934544,0.17606543741935612,0.9005129694222707,0.00012927699959370403,0.014775285005874553
2022-06-15,0.03765587814952642,0.01831589880315132,0.0088457086155882,0.014319128037893813,0.024971973756170662,0.021605828522755315,0.0003894886647842203,0.1819053897843014,0.8949304278126058,-0.0037365658660682734,0.01103871913980628
2022-06-16,-0.047052451897146685,-0.05926299943974256,-0.029454328096459537,-0.032853299772940825,-0.040346508107303225,-0.045256593144449596,0.0002506942767682501,0.18627668025553537,0.8883662398060344,-0.003545008107485849,0.007493711032320431
2022-06-17,0.015790904810210282,0.008187034226740275,-0.01134153845428909,0.0026108997537810374,0.012159522573385928,0.0042121335275538225,0.00033762087090188344,0.18217882731244664,0.9001434502720058,-0.007546452601590194,-5.274156926976265e-05
2022-06-21,0.031066914042415572,0.028349096903512727,0.03340029289778501,0.024500689617060978,0.0252295686575279,0.030938767947904438,0.00020459486165568894,0.22405838077928764,0.8662091855779699,0.003390504123353441,0.0033377625540836784
2022-06-22,-0.004048102585792357,-0.014091088058427181,-0.0024993162509058253,-0.0021084321271678252,-0.0014586766506264892,-0.0068795022983751215,0.00011003688723437835,0.252260152297442,0.8420263271302726,-0.005229421633503614,-0.0018916590794199354
2022-06-23,0.012722923421398802,-0.005179847824620554,-0.001542155275277679,0.010506533574023313,0.014893306234877057,0.002000306773833523,1.1700918131668579e-05,0.25333338098843516,0.8408153136869135,-0.013195569770787396,-0.015087228850207333
2022-06-24,0.045450126014048076,0.04213667637989671,0.028185333966419757,0.031134582727293525,0.03426318798117389,0.038590712120121516,-0.00014394665722550508,0.23656998151303607,0.8484472060887154,0.0022986450028156594,-0.012788583847391673
2022-06-27,-0.011230701316445102,-0.003330788463417167,0.0022530706955259383,-0.0037503430301629725,-0.007331433240055363,-0.0041028063614454435,-3.6296330615252914e-05,0.2485153729509696,0.844211552431136,0.0030547885031372013,-0.009733795344254472
2022-06-28,-0.042939747282897844,-0.02520442184469862,-0.011427418884926266,-0.021608608511780814,-0.030466841291240887,-0.02652386267084091,7.899754039068145e-05,0.26016839762851307,0.8343264897877909,0.004438309589703007,-0.0052954857545514655
2022-06-29,0.0020004657930301484,-0.01761812527987805,-0.005628119825229372,0.0004922114718628468,0.0009167360578803407,-0.007081926437359091,0.0001835956555979415,0.2469145368213086,0.8399335962201497,-0.0081570536744303,-0.013452539428981766
2022-06-30,-0.01989060543333321,-0.012505459111256778,-0.01072939595290523,-0.007893766396860902,-0.012402837515875342,-0.014375153499165072,0.00010627047794165218,0.2636472801909293,0.8267276648664386,-0.002146485038894315,-0.015599024467876081
2022-07-01,0.002750206238226749,-0.03799147821111537,0.009054041054834094,0.010262567957106228,0.006600575741492198,-0.008729076972684843,0.00014820635552912915,0.23689450201840634,0.8496369021878947,-0.016916521979500703,-0.03251554644737678
2022-07-05,0.030857188565119875,0.0052555529376761,-0.006300095575339615,0.0017694242059773657,0.017119636722441545,0.009937548642485453,-7.077209099177925e-05,0.16907925688146735,0.8923138733683152,-0.005566941550837767,-0.03808248799821455
2022-07-06,0.008003823755530437,0.006801231465766833,0.0015370418561437837,0.0036175876016362185,0.006412052422361869,0.005447365692480351,-0.00021000857797907684,0.21026586966772276,0.8598715537476482,-0.0006168224118254552,-0.03869931041004
2022-07-07,0.029160436490673458,0.04617871489142522,0.016880822598055456,0.014673799877117366,0.021398998089040555,0.030739991326718046,-0.00020899713170165245,0.212926401445657,0.8578398078799552,0.009467636645525294,-0.029231673764514708
2022-07-08,0.002362285843191092,0.005397053017137887,0.0007544146227471682,-0.0005873732367174256,0.0012542438465878991,0.002837917827692049,-1.627094973067341e-05,0.2136462431966903,0.863558623853889,0.0018965657726650262,-0.027335107991849683
2022-07-11,-0.03510667614318197,-0.02396476870107056,-0.010160151748887958,-0.011307276339375338,-0.021364363955468146,-0.02307719886438016,4.197590319269455e-05,0.2122422675762823,0.8636706628490469,-0.002267518418424732,-0.029602626410274415
2022-07-12,-0.01125173007912228,-0.0003929092591618,-0.009540847930544771,-0.009228856087488246,-0.00968740303292459,-0.007061829089609617,-5.918626600010532e-06,0.2023174647499824,0.8723055298027105,0.0032616235382011277,-0.026341002872073287
2022-07-13,0.0007069911228838599,0.007909225416305343,-0.008075234384884888,-0.00465708770053519,-0.002061444798694745,0.00018032738476810492,7.66452036917595e-05,0.19048713902637732,0.8816080544761473,0.0028081838317334713,-0.023532819040339815
2022-07-14,0.0007010012305430635,0.021104549361615765,-0.006009095089578587,-0.0026411090340611176,0.0035709984870413436,0.005265485167526747,0.00013104036578667208,0.18574627920600587,0.8848115429885572,0.002465360296465441,-0.021067458743874373
2022-07-15,0.019401901787260645,0.025250560166584002,0.020865837491630623,0.018909776763052166,0.01813933594042738,0.021839433148491755,3.527886628994641e-05,0.17425473729604837,0.8930337867298925,0.0023099962363837337,-0.01875746250749064
2022-07-18,-0.002018130974368204,-0.00740262830228311,-0.006360831027414249,-0.008276656824992346,-0.008462687940833047,-0.0052605301013551875,0.00016666507241672898,0.184349748701272,0.8904540726826089,0.0036342393747588776,-0.015123223132731761
2022-07-19,0.03680420866715228,0.045684839336192384,0.02904800440184374,0.02714498886365102,0.03075303711621502,0.037179017468396136,0.00012966450990419115,0.12988376777002691,0.9323698998962335,0.004850453391254977,-0.010272769741476784
2022-07-20,0.02300095454241724,0.02354898207496836,0.0004484327707858782,0.006405651759127551,0.015857007966401326,0.015666123129390492,0.0002627794536480899,0.15369226618533627,0.9177607064869746,-0.00013409429352606236,-0.010406864035002846
2022-07-21,0.022256459780747972,0.01678427371327751,0.003379804904210859,0.010112575888584052,0.014354818003681213,0.01414017946607878,0.0002456881409857714,0.16312777086869104,0.9115071951284689,-0.0008396705324672897,-0.011246534567470136
2022-07-22,-0.030498813257514468,-0.0226273343344201,-0.010682189931524477,-0.009110943340916444,-0.01753533340176816,-0.021269445841153017,0.00025409533160618834,0.15757982532956857,0.9158772946811218,-0.004027626595167061,-0.015274161162637197
2022-07-25,-0.010550216360594056,-0.0061737916024405814,0.009970023821202378,0.000990986538299543,-0.005695801888321306,-0.0022513280472774197,0.00015562316191872138,0.140103238170936,0.9330961228838732,0.0027689390265115414,-0.012505222136125656
2022-07-26,-0.03150356707057578,-0.015086248930672785,-0.008121005650033042,-0.011990806128016507,-0.019648647829556776,-0.0182369405504272,0.00028707708797401344,0.17317597714668503,0.9078664889538031,0.001390850847303976,-0.01111437128882168
2022-07-27,0.06207394714944425,0.04680815198176269,0.025294392287966705,0.026193380067324412,0.04225971256741001,0.04472549713972455,0.00016509031808499867,0.1876162569916071,0.8868771020506137,0.002166931480173079,-0.008947439808648601
2022-07-28,0.004854826456031747,0.012222401594368382,0.01155671930637725,0.012640256545188633,0.009777934516826514,0.009544649118925793,0.00015337419361944097,0.1874382947628897,0.894135146631166,-0.0017207881198418751,-0.010668227928490476
2022-07-29,0.03259737473922941,0.008333290657513759,0.014195117996470552,0.014652396120868882,0.018237202334268066,0.01837526113107124,5.9012091703151796e-05,0.20191919605019323,0.8807266150939456,-0.0007043404862100422,-0.011372568414700518
2022-08-01,-0.0006028261966809501,0.0020239249897848755,-0.006837665155964401,-0.003009552156918227,-0.0006023189875804524,-0.0018055221209534917,-2.57154344513069e-05,0.18535312299772322,0.8924584455515561,-0.0006844321280106199,-0.012057000542711138
2022-08-02,-0.0014465993370801344,-0.002061964925861526,-0.005212818487169479,-0.0064609466415911365,-0.002981867365920654,-0.00290712758337038,-3.063494584204301e-06,0.1979453240752304,0.8853221258194806,0.0010147632433249614,-0.011042237299386177
2022-08-03,0.032553366643974124,0.023909047824625995,0.007770008836500475,0.015617762880577368,0.027232841932679053,0.021410807768366864,-8.27268462989931e-05,0.18085852525864993,0.9076074283577846,-0.006047800581147528,-0.017090037880533704
2022-08-04,0.008085130850180366,0.010172023803695085,-0.00935961865905155,-0.0007872890150601997,0.00467648697293388,0.002965845331607967,-0.0002757589217791006,0.18817934155429392,0.8992825132118569,-0.000815727176168464,-0.017905765056702168
2022-08-05,-0.01726491247238293,-0.006808169037581302,0.004705861751300056,-0.0020746328474827713,-0.008169039012458357,-0.006455739919554726,-0.00020554891374995922,0.17624981643843543,0.9008582426987682,0.0014746087820421364,-0.016431156274660033
2022-08-08,-0.008535996769130083,-0.01728105169412575,-0.0018014915223377725,-0.0008948373240130758,-0.0032323447129387617,-0.009206179995197869,-0.00022358894964952117,0.20168886860684687,0.8804604691248854,-0.005956160575753567,-0.022387316850413598
2022-08-09,-0.011989808888428488,-0.04185286703870694,0.0015159175309116257,-0.0039510173197656595,-0.011318544410889753,-0.01744225279874127,-0.0003970675866996182,0.1689019959776454,0.9099092859460753,-0.006079001837729348,-0.028466318688142946
2022-08-10,0.03833779271455451,0.04049871471185762,0.01704702598294916,0.02094450118355118,0.02791099465544633,0.03196117780312043,-0.0005061644567129625,0.13984451299760847,0.9343522014461045,0.0034596693909751085,-0.025006649297167838
2022-08-11,-0.010423437339217467,-0.00020945968707131168,0.005846899383773918,0.0,-0.005676285998616026,-0.0015953325475049536,-0.0005029692532924567,0.15543257007534683,0.9213586201811457,0.004137531741225922,-0.020869117555941917
2022-08-12,0.027072715858024843,0.028244502989489995,0.01587117479665867,0.017121828242062875,0.019470685223262896,0.023729464548057837,-0.0004455758996102523,0.16970624998267256,0.9100296064628939,0.0035504591725713693,-0.017318658383370548
2022-08-15,0.008968019390457771,0.004523784068871883,0.0012829689288869073,0.0042784439055776335,0.008081226649543582,0.004924924129405521,-0.00046560323735918806,0.17546741616892753,0.9033552715880403,-0.0026604188253336455,-0.019979077208704194
2022-08-16,-0.002893218473639103,-0.011278774061694308,0.002337914495526894,0.0017496792636804148,-0.0023419595148876926,-0.003944692679935506,-0.0005786813445937682,0.19106385731478062,0.8987100055171766,-0.0015955693559784804,-0.021574646564682675
2022-08-17,-0.013279836529541456,-0.02146082500643165,-0.00590872262372899,-0.00683486498000796,-0.011405820315955717,-0.013549794719900699,-0.0006703656806717295,0.19568825541438795,0.8969607581763894,-0.001311352997075011,-0.022885999561757686
2022-08-18,0.0027786315458877553,0.013964097194330227,0.006291400552826065,0.00308412772550426,0.0024047187321591945,0.007678043097681349,-0.0006715380950145595,0.19704546326525685,0.8964519320421862,0.005586153062792552,-0.017299846498965134
2022-08-19,-0.027178778771925427,-0.028163779465617322,-0.009498970199162904,-0.013797626928289008,-0.019496928992696505,-0.021613842812235218,-0.0005513861799440612,0.2185370385196804,0.8818577358815455,-0.0008536464466408801,-0.018153492945606014
2022-08-22,-0.03023215906930088,-0.0348525233595961,-0.01708809102420339,-0.021075850699017407,-0.026327178024065923,-0.02739092448436679,-0.0004906353779255848,0.2552883097673564,0.8517587025133813,0.000904532190037298,-0.017248960755568716
2022-08-23,0.0017458293864947017,0.006481413276810288,0.0017737943411351154,-0.0023687214878674867,-0.0008270577812369284,0.0033336790014800353,-0.0005330325639693722,0.26227250786676026,0.8433318606227445,0.0051854462680033546,-0.01206351448756536
2022-08-24,0.002456854594377722,-0.0006571726350026452,0.00318774280113554,0.003034061224058693,0.0028970983020231156,0.0016624749201702056,-0.0004778481346973695,0.25399296324498066,0.8467359594762106,-0.0010833844565582291,-0.013146898944123589
2022-08-25,0.02122019037508749,0.03357885055207599,0.01260346509897059,0.014571504841130123,0.017682013825278675,0.022467502008711355,-0.0005075926712249928,0.2514640731820522,0.8474205539963959,0.0043267827686041885,-0.0088201161755194
2022-08-26,-0.04837909846105726,-0.05560264885723831,-0.028536955698435285,-0.0342726995408843,-0.04098824326777517,-0.04417290100557695,-0.000447752121409326,0.2631254407584281,0.8423139216126837,-0.00018216178459688065,-0.009002277960116281
2022-08-29,-0.013678687744088092,-0.018547756940533344,-0.0024402957941253023,-0.006603927735083559,-0.009855444128172963,-0.011555580159582246,-0.00044826524197349776,0.2633905714767899,0.8423932149171085,-0.001065743353906105,-0.010068021314022386
2022-08-30,-0.013582941587827024,-0.011439504847146509,-0.012430034400180423,-0.010863194275802068,-0.011136673575209421,-0.012484160278384651,-0.000479536621240201,0.2634512299951341,0.8418061818924942,0.00023221889782177978,-0.009835802416200606
2022-08-31,-0.004737825283936514,-0.006804152464800151,-0.009836199758069153,-0.007868297521174461,-0.005813368222476911,-0.007126059168935273,-0.00048455432730280714,0.26058531638835825,0.8444337506358066,0.0003178622892937074,-0.009517940126906899
2022-09-01,-0.004738909754320453,-0.02185775817259239,-0.0016556642072933503,0.003084037076022783,0.0004343801717834328,-0.009417444044735398,-0.0005111771759240512,0.25811199339644675,0.8459148893328088,-0.010069742481154685,-0.019587682608061582
2022-09-02,-0.0180410866365186,-0.009815026000614457,-0.007370539118791375,-0.01048667571670625,-0.01412840769094581,-0.01174221725197481,-0.0006728530636638268,0.2245509697289691,0.8712924270622774,0.0035954036406781586,-0.015992278967383422
2022-09-06,-0.0069529143682286465,-0.011163605294888246,-0.0038982078381687435,-0.003356899354474141,-0.007182444298287405,-0.007338242500428545,-0.0005935592003850716,0.21733643104331665,0.8740420860811037,0.0002626518226660022,-0.01572962714471742
2022-09-07,0.02058363095961324,0.015961113112640035,0.013231314769751368,0.017926582958883497,0.020201676353588605,0.016592019614001547,-0.0006283215850780468,0.22866142032304027,0.8686361429975549,-0.00442668295170363,-0.020156310096421052
2022-09-08,0.005004816164015935,0.013554945457970202,0.0076697162975589706,0.006536009466785231,0.005184425490031064,0.008743159306515036,-0.0007429606597519525,0.22128609646732036,0.8741907233977032,0.0035076152753568852,-0.016648694821064167
2022-09-09,0.028212343554797847,0.024809837594182982,0.014620362697431055,0.015431807145836807,0.021862177976322394,0.022547514615470627,-0.0007065592831101755,0.2387437458533157,0.8645825447746559,0.0006681689862125077,-0.01598052583485166
2022-09-12,0.013634783504888004,0.002489937353756133,0.007771366727468809,0.01099643727493227,0.011885510666776344,0.007965362528704315,-0.0007223117493587617,0.24576597336540118,0.8601606594692212,-0.004238324525625035,-0.020218850360476694
2022-09-13,-0.06743069694991155,-0.059521568695171556,-0.03730813467034233,-0.04361371701524697,-0.054836495671618635,-0.05475346677180848,-0.0007447577910246915,0.21877123075190308,0.8812326447094304,0.0038564276756047344,-0.01636242268487196
2022-09-14,0.007919079156778475,0.01085787793670323,0.002633103730898645,0.0037356079197712333,0.007933053402505275,0.007136686941460117,-0.0006236043353121839,0.19582028017525724,0.8832388994845768,2.2002130516652306e-05,-0.016340420554355306
2022-09-15,-0.015382782455473865,-0.017805333600149353,-0.006010459357143838,-0.011165471350695788,-0.01665351481827737,-0.013066191804255686,-0.0005050569331389743,0.13465019489674898,0.9324765064952103,0.004471309340982043,-0.011869111213373263
2022-09-16,-0.005531957718922786,0.004482807326205762,-0.006232988228181191,-0.007862085493101412,-0.006114708581282158,-0.002427379540299405,-0.000493539012445788,0.10219773564529822,0.9464042393353829,0.004656632930616973,-0.00721247828275629
2022-09-19,0.011511638329234852,0.006571499103910972,0.0012607188799744762,0.007671768414893698,0.007787256552305166,0.006447952104373433,-0.00032947735256375825,0.07023732334276184,0.9678554162309825,-0.001298353453559247,-0.008510831736315536
2022-09-20,-0.008696017133696832,-0.013836694929586058,-0.006296255401470496,-0.011266642491551071,-0.007971082263636742,-0.009609655821584462,-0.00013908995538029724,0.05350301103958527,0.9894916652427417,-0.0009804471057668455,-0.009491278842082382
2022-09-21,-0.01848223632978918,-0.00834938027270149,-0.012275682947427868,-0.01759978127436812,-0.017905927310504444,-0.013035766516639513,-0.00020871087087019754,0.0336078966571835,0.9983869152517327,0.005641479516744968,-0.0038497993253374142
2022-09-22,-0.012577983855154518,-0.02770035393078263,-0.001149034478955424,-0.008440655876795211,-0.01230772821235293,-0.013809124088297523,-0.00017894127255500044,-0.009669861581781153,1.026198399362975,-0.0010816317984194725,-0.004931431123756887
2022-09-23,-0.019756871311293334,-0.014296059726686794,-0.027779815433624067,-0.016620083970397714,-0.01628205888397838,-0.02061091549053473,-0.0002759016834268488,-0.017429609194523216,1.0409900585146028,-0.003675233945121214,-0.0086066650688781
2022-09-26,-0.006108675420277931,-0.011644110473373104,-0.013626315776264053,-0.009686809481464498,-0.004137434851574917,-0.010459700556638363,-0.000203202157233973,0.004433508546150183,1.028635583411252,-0.005957639134407577,-0.014564304203285677
2022-09-27,0.0021037099099796563,0.00757383537173717,0.002778830475517413,-0.0028244937176618023,0.00040093370679472606,0.004152125252411413,-0.0002641176335016989,0.05674896915631286,0.9900253642368099,0.004179595453674638,-0.01038470874961104
2022-09-28,0.023079843602342942,0.012736610334323606,0.027014136196355842,0.019642316267701077,0.019891829950777984,0.020943530044340797,0.00011366065570238412,0.16399943458940797,0.916669531430617,-0.0006256938135680602,-0.0110104025631791
2022-09-29,-0.03753602303212611,-0.03149303785659896,-0.01108426880971336,-0.02085278646969113,-0.028827656280455805,-0.02670444323281281,0.00018873487605863002,0.05381347051522978,1.005763054533053,0.0032227743366358454,-0.007787628226543254
2022-09-30,-0.015181754130776492,-0.014795227691795088,-0.012465043927266106,-0.015237933228856693,-0.01695594824529656,-0.014147341916612563,0.00026233174403126713,0.05708396628938617,0.9988827813837277,0.003397172750372506,-0.004390455476170748
2022-10-03,0.01247697785026336,0.035868703318008066,0.03051216173726612,0.02643930799425953,0.02345954946414941,0.02628594763517918,0.00016258686537201856,0.06468007389971159,0.9796532535739981,0.001431040414947106,-0.0029594150612236424
2022-10-04,0.03260719770173992,0.042761899401328574,0.024053400445494644,0.030357696710580084,0.031440775936740106,0.03314083251618771,0.00016271291694339076,0.08443277805386026,0.9660762022785827,4.074951699577917e-05,-0.0029186655442278633
2022-10-05,-0.005794011757956019,0.00990188546994375,0.004878550544792359,-0.0017279695228472614,-0.0005313080046275287,0.00299547475226003,0.00018968196995647162,0.0972593197070552,0.9542059177929155,0.0034808311647565415,0.0005621656205286782
2022-10-06,-0.0054616342005825436,-0.006833676282356205,-0.002605728218319614,-0.010530551194350757,-0.007873007227725992,-0.004967012900419454,0.00019961401542482535,0.0972646932177697,0.9555732929762064,0.0033808593577118653,0.003943024978240544
2022-10-07,-0.049461497322142445,-0.05963306902472876,-0.01604955528363705,-0.028079361335702546,-0.03810379896522609,-0.04171470721016942,0.00021615611209007757,0.08722409270963571,0.9623805228374619,-0.002811312535638995,0.0011317124426015492
2022-10-10,-0.009513083008532819,-0.03340397674407414,-0.006131055353464365,-0.007469941802932367,-0.00999656754779421,-0.016349371702023774,0.00014131733365464272,0.09490649805991819,0.9610322856325157,-0.006174718859514211,-0.0050430064169126616
2022-10-11,-0.0174587233162683,-0.031541473168175904,-0.0006725639906534076,-0.006589205666825748,-0.013738385059573588,-0.016557586825032538,-7.11958124707205e-07,0.0757773256478999,0.9762828833153798,-0.0026450123052743496,-0.007688018722187011
2022-10-12,-0.000733182894579798,-0.00600391601729755,-0.00240386031145412,-0.003103405842651119,-0.00034239284363335454,-0.003046986407777156,-0.00010029033719678184,0.07047134324214654,0.9832816232661212,-0.002391326301140716,-0.010079345023327727
2022-10-13,0.02368909571278377,0.030600058616396364,0.030361563691988724,0.026187206340820612,0.023452316578226773,0.028216906007056286,-0.00024170554632771141,0.05652205610510297,0.9852122231785394,0.003872947852630513,-0.006206397170697214
2022-10-14,-0.042227634876728315,-0.04262983289132494,-0.021721340905091258,-0.022515049555770883,-0.030057238501264405,-0.03552626955771484,-0.00017970461233737063,0.09549820558565397,0.9594603033019102,-0.004357690945288276,-0.01056408811598549
2022-10-17,0.050642225156311005,0.023679047034581124,0.01390356100330492,0.025407206017304063,0.033021513335131036,0.029408277731399018,-0.00022700214158072427,0.08924803304601553,0.9707064582985592,-0.004686459546463222,-0.015250547662448712
2022-10-18,0.006472047938342662,0.00022548328215754587,0.01120416594364193,0.011780244562780595,0.007907827235403397,0.005967232388047379,-0.00027668429399815874,0.11691996071954217,0.9386900583118412,-0.0025564278582221505,-0.017806975520670863
2022-10-19,-0.0016348657654954302,0.008065981916699938,0.0009884438941794027,-0.006921453365661412,-0.003647046648806107,0.002473186681794637,-0.0003616031287214607,0.07324687320695963,0.9729392541399673,0.0068901194739016645,-0.010916856046769199
2022-10-20,-0.00957914134321014,0.007945425852874166,-0.0024783419315843602,-0.008210050133601321,-0.005101566245232725,-0.001370685807306778,-0.0002721927014792794,0.021487648475162935,1.0153467753137786,0.00425778040155346,-0.006659075645215739
2022-10-21,0.02065005564637956,0.034473263558912226,0.024472222207774896,0.024029806667346332,0.02344769316142381,0.026531847137688896,-0.00023310117251090656,0.013574707937967612,1.0175553831038953,0.002579424305109556,-0.004079651340106183
2022-10-24,0.006784016955635241,0.0031660474671242333,0.014587891943797393,0.012183976815929753,0.011001439627125187,0.008179318788852289,-0.00018355863750119913,0.033647841383730115,1.004623053862326,-0.0030993869680564744,-0.007179038308162657
2022-10-25,0.03203269650510587,0.015833913356213092,0.0008807541388511364,0.016260330799868328,0.02068600595167025,0.016249121333390033,-0.000229920353654715,0.02030214577097922,1.013801911972546,-0.004822590304017292,-0.01200162861217995
2022-10-26,-0.04323094709707198,-0.009794723253165771,0.00971469493665289,-0.007463155893439377,-0.022096480194642165,-0.014436991804528287,-0.0003049985181833698,0.024501135625796366,1.0049621298036437,0.008256988305968327,-0.0037446403062116225
2022-10-27,-0.04875149888314312,-0.012497299516837201,0.0010669504322866619,-0.0053543233258263045,-0.018206382505088436,-0.020060615989231218,-0.00025882537964827795,0.13871025784290045,0.9040037323622804,-0.002600453303068049,-0.006345093609279671
2022-10-28,0.02427239060573516,0.03818186305905935,0.017054566685506645,0.02333718624088532,0.030601074767558023,0.026502940116767053,-0.00012259868758599576,0.05912057399503079,0.9787870405792076,-0.004706104451918207,-0.011051198061197878
2022-10-31,-0.02123833845237222,-0.018466546819360108,-0.001921503210483233,-0.006799565215005465,-0.011627806301353294,-0.013875462827405186,-0.00019671908035291718,0.06403924271584283,0.9677700197639175,-0.0019902624058146506,-0.013041460467012529
2022-11-01,-0.01513811669171461,0.006923197937772185,0.00035012540823875504,-0.004028725318736215,-0.010217911432039428,-0.002621597781901223,-0.0002441806900930876,0.050091922326077065,0.9805344427702012,0.007843403596221148,-0.005198056870791381
2022-11-02,-0.04126322659956294,-0.028656885912760388,-0.014153197297031461,-0.025514919518347834,-0.034277161516845345,-0.028024436603118263,-6.372518805248411e-05,0.09217614904758026,0.9431246687169215,0.006718792209525641,0.0015207353387342599
2022-11-03,-0.02021238255983604,-0.011725419704097684,0.0060335641577646815,-0.010653188579523576,-0.01953450172980087,-0.008634746035389681,7.525658527547094e-05,0.14420152818114473,0.888565066458608,0.010183879280280366,0.011704614619014626
2022-11-04,0.018206338418493617,0.0464735749898566,0.008978563281138552,0.014640934606573452,0.01608467992476781,0.024552825563162923,5.5551883812917095e-05,0.21824464085974263,0.814510870222424,0.008200821521515623,0.01990543614053025
2022-11-07,0.010823579598507216,0.019749185095926824,0.004020896758855086,0.009600412765037758,0.01099449832817534,0.011531220484429708,0.0001748121372233644,0.2101221221317561,0.8288795968000573,0.00022603390239893037,0.02013147004292918
2022-11-08,-0.0005348423971188732,0.021569884150141938,0.006268424243872417,0.005441807794737352,0.007287441080449764,0.009101155332298494,0.00010367606009666097,0.2080568907776652,0.8265687221682111,0.0018417028004756274,0.021973172843404807
2022-11-09,-0.027013512563987763,-0.027182899256114168,-0.02524655350906635,-0.020425233160413003,-0.02307616941401447,-0.026480988443056092,0.00020384451829903488,0.1917102101300175,0.8422980247946236,-0.003332095302967252,0.018641077540437555
2022-11-10,0.09836493775984012,0.10218070173839844,0.02110749924397437,0.054730304138895125,0.07378843802290214,0.07388437958073764,0.0001830264370438115,0.21318347157766196,0.8279599536884057,0.0009398851786810297,0.019580962719118584
2022-11-11,0.025721793004727322,0.032789154659339514,-0.0033032486081976398,0.009567373601977014,0.018426049993502946,0.0184025663519564,0.0002498078189715474,0.2129551198852263,0.8298172754663676,0.0008250827373733928,0.020406045456491977
2022-11-14,-0.011304103072876881,-0.009465490399584886,-0.0013954437381352713,-0.008029307953008935,-0.008751263843195689,-0.00738834573686568,0.0001893799152971323,0.2032765667622203,0.8373578774661764,0.0013823842188862715,0.021788429675378248
2022-11-15,0.016112624267317965,0.031502967421552786,0.0043669074879364445,0.008259285245616699,0.013838525564543902,0.017327499725602397,0.0002525933271156225,0.204426319048318,0.8343582753195916,0.0038402027947563415,0.02562863247013459
2022-11-16,-0.019651385654608777,-0.03599294722811763,-0.0052174077852381595,-0.007590816962893654,-0.013649634745176109,-0.020287246889321525,0.00034886786640535294,0.18741938747254447,0.8486990602427005,-0.0076290163092380715,0.017999616160896518
2022-11-17,-0.009427546981612411,0.007540870929198418,0.004545464343485017,-0.002889128020455045,-0.002206885087777666,0.0008862627636903412,0.000165291519069786,0.17384815870779508,0.8628365276729596,0.0031274218973590773,0.021127038058255596
2022-11-18,-0.0061489477613981824,0.0018254729107056722,0.005221039848508191,0.00441522430446617,3.50726057740669e-05,0.0002991883326052269,0.00024662057941034665,0.16750066208766895,0.8680168689362722,-0.0007174288545182127,0.020409609203737383
2022-11-21,-0.021250756625699974,-0.017492778681333254,-0.0024238119850714668,-0.0035168116172696884,-0.010287201687809944,-0.013722449097368231,0.0001570920192493898,0.16438885192658442,0.8672131397246697,-0.004380220017745998,0.016029389185991387
2022-11-22,0.017678507316234437,0.029070862093924843,0.017250746826440677,0.013316420385379057,0.014402705000350569,0.021333372078866653,0.0001550057750334769,0.13287768108877956,0.8886136327538621,0.00661047123077692,0.022639860416768305
2022-11-23,0.02231831538774154,0.00869573674770896,-0.0021155091329384534,0.006257870775694396,0.010036625933947052,0.009632847667504016,0.0002941836911314235,0.14408829986928304,0.883004203629215,-0.00042540487442812615,0.02221445554234018
2022-11-25,-0.008869541997222896,-0.011747341808449274,0.002718401338474008,-0.00010813756941685515,-0.006578301020417565,-0.005966160822399387,0.00031239988165319185,0.14047429490931973,0.8850863749646873,-0.00044100555164765243,0.02177344999069253
2022-11-28,-0.015515662138506525,-0.02359332309769402,-0.012088898184267949,-0.015819177211871982,-0.014673301184874421,-0.017065961140156165,0.00033212325383187986,0.13206969038864996,0.8915289667648656,-0.0022271775130321553,0.019546272477660373
2022-11-29,-0.009907877084473937,-0.0027309974070877097,0.002243842920973238,-0.0017587315367417755,-0.007569241355582124,-0.0034650105235294695,0.0004427006984400601,0.17065447694798486,0.8628725574479372,0.002923714834956902,0.022469987312617276
2022-11-30,0.06482019198036237,0.057045923641415364,0.015154068059505699,0.030772562066461173,0.04558515246044159,0.045673394560427814,0.0004517082058404835,0.182757869360386,0.8535200770759224,0.0006899156350068728,0.02315990294762415
2022-12-01,0.003099445994375616,-0.0032055951606970723,-0.005598002935898516,0.00013357940789293643,0.0012275179387233326,-0.0019013840340733241,0.00048206074299593244,0.18038622700557483,0.8562145550968752,-0.0034585593882421337,0.019701343559382016
2022-12-02,-0.0015481948765544429,-0.01374435823081721,0.0013647355032813113,-0.0014417095605877561,-0.003983585709636861,-0.004642605868030114,0.0004891630517241978,0.1944099262987052,0.8484889905662858,-0.001471457652732246,0.01822988590664977
2022-12-05,-0.022517078446606997,-0.011926070770240771,-0.014650810404118975,-0.017807559049215826,-0.01678329393710698,-0.016364653206988915,0.0004261280992953119,0.18709153251045654,0.8538493364131128,0.0008712665975290253,0.019101152504178796
2022-12-06,-0.031561229336413255,-0.021924852876140433,-0.008644450934334413,-0.014455148396189665,-0.020720296989946818,-0.020710177715629368,0.00043255294030259767,0.1833140812739864,0.8557961992444586,-0.0007605469967924341,0.01834060550738636
2022-12-07,-0.008712754115098309,-0.000231140136136343,-0.0020928005953151363,-0.0019337646533111874,-0.004082822721913626,-0.0036788982821832628,0.0004983758891325418,0.18847255087531822,0.8546091425816088,-0.00032359498862640553,0.018017010518759955
2022-12-08,0.015265384784213687,0.02547280242986849,0.0015730833490195106,0.0078877780901776,0.011834891040954698,0.01410375685436723,0.0004959458468859601,0.1879197559636219,0.8547069974704357,0.0020101774866757433,0.0200271880054357
2022-12-09,-0.001038868210213928,-0.008024620882095435,-0.013261478377408653,-0.007304058365375399,-0.006376760592422315,-0.007441655823239339,0.0005486559919758755,0.18069792579799898,0.8616143761274417,-0.0011761750191303481,0.01885101298630535
2022-12-12,0.003608643635919284,0.017815065235673888,0.016445769718289593,0.014272828642375224,0.012551368593244794,0.012623159529960922,0.00048375626471145345,0.1808508192967399,0.8636680536349631,-0.0012820655717888027,0.017568947414516548
2022-12-13,0.015378108816456848,0.016654619460429787,0.0010438861905259778,0.0073908612386999195,0.010750285781618407,0.011025538155804204,0.0003918517041327941,0.1914655900655198,0.8557131554418242,1.942987542128717e-05,0.017588377289937833
2022-12-14,-0.009412200349068534,-0.017216303288778656,-0.0012165050685177814,-0.0060370575156253325,-0.007414016998480766,-0.009281669568788323,0.00042529679297674766,0.19369479677809437,0.8546544599913707,-0.0022011970389349328,0.0153871802510029
2022-12-15,-0.033896665898856204,-0.038074840501408413,-0.014268349078782938,-0.024594010912302955,-0.0335762699916663,-0.028746618493015852,0.0004091257132954583,0.18929568267162597,0.8583979268004882,0.004321596429506289,0.019708776680509188
2022-12-16,-0.01237492388430883,-0.007758452541903327,-0.010061793486201287,-0.01192310910202743,-0.009534722454742073,-0.010065056637471148,0.000367843026030378,0.22040856636029554,0.8323742762909339,0.00013151342313457923,0.019840290103643767
2022-12-19,-0.021405336379308526,-0.011833628295769616,-0.0023307462473162177,-0.008619210163454238,-0.014053507338569471,-0.011856570307464787,0.0004043872940179063,0.22044572026261222,0.8312848204484897,0.0013215777157090606,0.02116186781935283
2022-12-20,-0.007615951440696933,-0.004887807667025013,0.002875257705795331,0.0015237438552395677,-0.0007784426229602293,-0.0032095004673088714,0.0005061281297811743,0.2004803029066332,0.8434094600515867,-0.0033645633544285673,0.017797304464924262
2022-12-21,0.015217164460252341,0.0223442291472582,0.01433429176928147,0.014957040109379482,0.014506395065106092,0.017298561792264005,0.0005971358096342023,0.14376721292557149,0.8861289045138455,0.001696558045000813,0.019493862509925075
2022-12-22,-0.04075046496458057,-0.04145082023465496,-0.007949291027310568,-0.014060552514081115,-0.02446525633861263,-0.030050192075515365,0.0005379321032686505,0.1688829253020024,0.8677477591317468,-0.006983865574428698,0.012509996935496377
2022-12-23,0.0021824994478931714,-9.827294981190615e-05,0.011592068570573488,0.005601557781523825,0.0022488505343238874,0.004558765022884918,0.00046118427495984976,0.13850778483559595,0.8976847725014592,0.0013029625076832847,0.013812959443179663
2022-12-27,-0.037586718354542636,-0.017888726908812824,0.005086910616469487,-0.003978786111966892,-0.014137925491804815,-0.01679617821562866,0.00045126074424108395,0.1429531436316327,0.8962996618344526,-0.004006841139980852,0.00980611830319881
2022-12-28,-0.007859853690791896,-0.012710172193295066,-0.014360683069506108,-0.012269335434809903,-0.013202858966370523,-0.01164356965119769,0.0003564466484767393,0.12870992868109088,0.9113574564997581,0.001611692955220798,0.011417811258419609
2022-12-29,0.03920024123503718,0.03264070437576572,0.007107468620138224,0.017737119512347244,0.024375056010098373,0.026316138076980373,0.00038343589512304606,0.11011293261263333,0.9233458495414006,0.0014730091369885047,0.012890820395408113
2022-12-30,0.0007840146693707251,-0.003926590878897684,0.0017641178635934285,-0.0027533185675949756,-0.0006002892047524133,-0.00045948611531117695,0.0004079578847238942,0.10432398077361332,0.928691402095135,-2.2723423501568062e-05,0.012868096971906546
2023-01-03,-0.016138657854288474,-0.007687051302238124,-0.01602670020496011,-0.0038424484136296844,-0.006759765821437669,-0.013284136453828902,0.0003435694170666549,0.1144235089794387,0.9211637416304987,-0.006961188263714085,0.00590690870819246
2023-01-04,0.007089768659158002,0.02542464134860367,-0.0016109725420914156,0.00720021253242864,0.004763721957734557,0.010301145821890087,0.00015159400200392894,0.13863891853959082,0.9059729350265315,0.004835518977435931,0.010742427685628391
2023-01-05,-0.021506162924010308,-0.01791764438799004,-0.001075620077314765,-0.01092161564430405,-0.015654141017932277,-0.013499809129771704,0.0002759407846923303,0.15112122581029658,0.8918266291210981,0.001835517845340964,0.012577945530969355
2023-01-06,0.026852900936642943,0.04373765203182578,0.016385546548402408,0.02274415185318457,0.027601325457920822,0.028992033172290377,0.000429495042601775,0.13897735910353065,0.896596444398072,0.0006543657038375443,0.0132323112348069
2023-01-09,0.020478992229900017,0.02177916974962213,-0.010117780917211272,-0.0007289470770426298,0.006473609942931002,0.010713460354103624,0.00048822419427944257,0.15326309571053293,0.8844003295160091,0.004611694078774588,0.017844005313581487
2023-01-10,0.011833783271489873,0.012992365298579944,0.00017846870044291308,0.00712786298440915,0.008464308300003998,0.008334872423504244,0.0006687902236764149,0.0978338272632363,0.9264994890658463,-0.0008734412313943767,0.016970564082187112
2023-01-11,0.026613503455310106,0.011730438802871834,0.0071338758312324835,0.012762636991702658,0.017300166007082174,0.015159272696471474,0.0006375464752115167,0.05910854525359521,0.9512241704559277,-0.002688990743755887,0.014281573338431225
2023-01-12,0.010290177964084046,0.014977849629515427,0.002833435732605416,0.003741797651006129,0.005404347084589922,0.009367154442068296,0.0007206408044155192,0.04843693338525723,0.9480235155930654,0.0033418243114718086,0.017623397649903033
2023-01-13,0.01000040311100725,0.003600229781130615,0.0005295978556212333,0.0038923849409082667,0.006880518685426162,0.004710076915919699,0.0008380016817974008,0.0452530790623098,0.9570786781867917,-0.002889264898036761,0.014734132751866271
2023-01-17,0.01332678685842481,0.005934834572454362,-0.0024709165118025345,-0.0015290757662196341,0.0020289362260546007,0.005596901639692213,0.0008136221059833932,0.07736655440228257,0.9339035777841073,0.003006748056553087,0.01774088080841936
2023-01-18,-0.012645770463525885,-0.006252015658946175,-0.01905503580326129,-0.016244119591607986,-0.013000001769761127,-0.012650940641911116,0.0007474712648365539,0.10380737642740778,0.9161090647798076,0.0001972669938619196,0.017938147802281278
2023-01-19,-0.005380977434655376,-0.024456094761311276,0.0031923871342374177,-0.007199781552577722,-0.009824684716467247,-0.008881561687243078,0.0006743129185498393,0.12823259212005128,0.8991238515476566,0.00020098040790367776,0.018139128210184957
2023-01-20,0.04047773721607184,0.032517321892174156,0.007551283912442308,0.01839611117437112,0.027366994998624827,0.0268487810068961,0.000661357573095538,0.11087139995248313,0.9096402431208607,-0.0007462991498199505,0.017392829060365007
2023-01-23,0.03363822907055036,0.0471520752049408,0.0001783911994051035,0.012179949084093478,0.022216008970877388,0.026989565158298756,0.0006981793525475396,0.1358195454493562,0.892691889358399,0.004805059635337661,0.022197888695702668
2023-01-24,-0.0030849071186086485,-0.007098787468863721,0.0016414427304753954,-0.0010593764462782929,-0.0020418069290818464,-0.002847417285665658,0.0008700085280813637,0.11297506326238521,0.918838145777181,-0.0017216525999574869,0.02047623609574518
2023-01-25,-0.00453688105967287,0.001015240383483107,0.001211166293667576,0.00035349997163658387,-0.0022193088836069963,-0.0007701581275073958,0.0007672185858699676,0.030851861123166846,0.9848472580471703,0.0006373974233707381,0.02111363351911592
2023-01-26,0.038016427317606016,0.0179190299554286,0.012631199929506787,0.01068283314774554,0.019497293100878776,0.022855552400847134,0.0008160224312275073,0.07279381499688276,0.9515811702145742,0.002708628804869301,0.02382226232398522
2023-01-27,0.033187578503290904,-0.00655979952650565,-0.010892457279145895,0.002850989460288611,0.009954260678568305,0.005245107232546453,0.0009388326237378323,0.06435744054034953,0.9679870529493655,-0.005512803234400152,0.01830945908958507
2023-01-30,-0.03373133113789295,-0.023946875158769032,-0.009680197436368276,-0.012497707801079061,-0.020218635698023957,-0.02245280124434342,0.0009006809589627454,0.11674880024569567,0.9256287813876136,-0.003179438689226894,0.015130020400358175
2023-01-31,0.02103027929174983,0.015200290646966153,0.013720551316827256,0.014203755244280414,0.01498610357444874,0.016650373751847747,0.0007359899485330267,0.06642929338016512,0.96901551874939,0.00044907144986582395,0.015579091850223999
2023-02-01,0.030087665377205308,0.0471530562507958,-0.008757787855903754,0.010952262225752296,0.02138320598842225,0.02282764459069912,0.0006162192628573153,0.07840584283593544,0.9724891075896961,0.0005577690679841214,0.01613686091820812
2023-02-02,0.07682100032429973,0.02138705000619545,-0.016689161602423064,0.014330003841753758,0.03589017220266277,0.027172962909357373,0.00041459096940198474,0.009484831248637748,1.0353499676691038,-0.010536434357941448,0.005600426560266672
2023-02-03,-0.020263650476335826,-0.018376063215267746,-0.0032672766282002552,-0.010680473711444538,-0.01777220374107591,-0.013968996773267942,0.0002066417367001395,0.135699309314546,0.9242806867004024,0.0037001990738082125,0.009300625634074884
2023-02-06,-0.004510049281657436,-0.01663121355275743,-0.00018206234197870597,-0.005780641194606195,-0.008459212227660995,-0.0071077750587978565,0.0002816682371503197,0.14651581494608273,0.9130464732485846,0.0011811659505176217,0.010481791584592507
2023-02-07,0.028350869408315882,0.030025731629685692,0.012386096637869937,0.012902785728538424,0.020718687120672596,0.02358756589195717,0.00028057524689177734,0.14595750842565092,0.9124622534133583,0.002518712250482634,0.013000503835075141
2023-02-08,-0.019470613122008484,-0.01959227549293374,-0.005577533841736426,-0.010955969312987368,-0.01778105612454861,-0.014880140818892884,0.00036903426311220766,0.12317374369808204,0.9268919186955582,0.0025814299018331356,0.015581933736908277
2023-02-09,-0.010667943571176397,0.003964363090635192,-0.0017008258618294025,-0.00855998411988168,-0.008838046798001042,-0.0028014687807902026,0.00043515143475599753,0.14109649212222974,0.919385046166578,0.006096731579793662,0.02167866531670194
2023-02-10,-0.018578671870061902,-0.016802314146250885,0.019102755282854877,0.0024323467219595774,-0.006563305258313834,-0.005426076911152637,0.0005422460225051157,0.11645658025468053,0.9323865906679357,-0.00013204790157867689,0.021546617415123263
2023-02-13,0.016247234459397797,0.015040382485376425,0.003378823804874642,0.011545918334264327,0.016016247026288122,0.011555480249882955,0.0005197850781917387,0.11884241352730295,0.931619970562737,-0.005257505212697959,0.016289112202425304
2023-02-14,0.01869879106483774,0.02151972966608473,-0.00389943562239492,-0.0003688371802722523,0.007388995806322907,0.012106361702842516,0.0003912464010783277,0.11790913320546054,0.9243982278246841,0.004928229945215119,0.02121734214764042
2023-02-15,0.006619104875964954,-3.949068750275231e-05,-0.006227747423102392,0.0033491095492863554,0.007661184873076099,0.00011728892178660318,0.0005987323819977798,0.09799992277397332,0.9324583336842096,-0.007953391618198028,0.013263950529442393
2023-02-16,-0.028374266959953265,-0.027154221076254315,-0.008773386275782613,-0.013903712735987894,-0.018764389942986015,-0.02143395810399673,0.00042812495156128094,0.1220704222724173,0.9136651936642441,-0.0030204809994718723,0.01024346952997052
2023-02-17,-0.005613532228501139,-0.013651272111624535,-0.004877297566532324,-0.002585159136440529,-0.0070556879714168685,-0.008047367302219333,0.00038625701427698605,0.13151865497505524,0.9112546415256618,-0.0016640992508647817,0.008579370279105738
2023-02-21,-0.027581567173588617,-0.03039916035851431,-0.006571033464918052,-0.019854649298682858,-0.02367508620539005,-0.02151725366567366,0.00043590782177507315,0.14822835462410455,0.8976298907705488,0.0022413255542612573,0.010820695833366995
2023-02-22,0.003781333531453379,-0.004885449315533363,-0.004531347191364943,-0.0012541399397555386,0.0007481590986164743,-0.0018784876584816423,0.00036447343421705763,0.10266653822414468,0.9195811633286827,-0.002802195900896038,0.008018499932470956
2023-02-23,0.02284111445828474,0.035433671631675656,0.004772361736320452,0.0050226844434257956,0.00873413281918567,0.021015715942093616,0.0003295775544289666,0.10829293295498979,0.916100974150284,0.012140869573964711,0.020159369506435668
2023-02-24,-0.019230649731816873,-0.017852669846324498,-0.00460363564355859,-0.010701359774365704,-0.01674407019972024,-0.013895651740566653,0.0005287596074272736,0.10145322853979484,0.9269357668187613,0.0021819537011262147,0.02234132320756188
2023-02-27,0.011707031143395108,0.004491800030101301,0.0007709179935802002,0.0034590917619907735,0.007161027840960621,0.005656583055692203,0.0006025891714640495,0.0831836610576169,0.9343687956584195,-0.001924786991903269,0.02041653621565861
2023-02-28,0.0015995890847606553,0.0005014680123780479,-0.010819941775161102,-0.00377571533084875,-0.00129272839746708,-0.0029062948926741328,0.000510840443007893,0.06730593476129973,0.9460251182729849,-0.0019400537508380401,0.01847648246482057
2023-03-01,-0.012956871629459576,0.0006683534974301075,0.0031518185848016245,-0.003652765483896925,-0.008039038697222112,-0.003045566515742615,0.00048238608912312046,0.07493919527502932,0.941218601216776,0.0043122754587528326,0.0227887579235734
2023-03-02,0.0023568714635318067,0.008849559236193238,0.00702270172007724,0.007470077312275114,0.008276042467051825,0.006076377473267429,0.0006186364597039456,0.08790372015354758,0.9302644785992417,-0.0028978149024972604,0.019890943021076142
2023-03-03,0.03170830388827306,0.013571701426920324,0.007707807693737356,0.015841896538396627,0.02067359357241072,0.017662604336310245,0.0005919615622981286,0.08111508529533498,0.9326573495163393,-0.0034957530011624077,0.016395190019913734
2023-03-06,-0.0010946190632880048,-0.008899458807991034,0.005827724067265505,0.0012120859054789435,0.001134541113554599,-0.0013887846013378446,0.0005325799282740996,0.06940439135103105,0.9355703729413419,-0.003066931666872435,0.0133282583530413
2023-03-07,-0.012182492531998323,-0.011162289753453236,-0.014847054409473204,-0.015468201660385206,-0.01226568870539424,-0.012730612231641588,0.000496477028459012,0.06537330459564636,0.9368518255369386,-0.0007247489462929527,0.012603509406748347
2023-03-08,0.00359093716116754,0.02615906447095573,-0.005697470013574124,0.0015573968130631055,0.004994418886379304,0.008017510539516381,0.0004904151308771364,0.07338964179677449,0.9320806785414055,0.002757597269856673,0.015361106676605021
2023-03-09,-0.0224349743941209,-0.019159780126280612,-0.012199679812517794,-0.018305829576684363,-0.01732609933822682,-0.017931478110973103,0.0005010018195272224,0.06647541281767763,0.935935680499278,-0.0009994777778987683,0.014361628898706253
2023-03-10,-0.01321899803448312,-0.016181835487841023,-0.009356112742990752,-0.014339854698624976,-0.0140437440478407,-0.012918982088438299,0.0005103078008173209,0.06987069450496519,0.9341752101520984,0.0006919632648514622,0.015053592163557715
2023-03-13,0.010360437331692118,-0.0006730117849933492,-0.002455780556058773,-0.001691723320558891,0.007416681587015805,0.002410548330213332,0.0005330387817144057,0.07140466478508983,0.9329477115484652,-0.004921069628777482,0.010132522534780234
2023-03-14,0.03852222001484651,0.029929218460233775,0.008710668405718991,0.016606675725324482,0.022979689201165776,0.025720702293599757,0.0004844318713436097,0.11355728230883011,0.9018709327774801,0.0026257477239123132,0.012758270258692547
2023-03-15,0.009698002005228412,-0.011239601630083529,-0.015956629894650742,-0.0061675517941108815,0.005246045777941077,-0.00583274317316862,0.0005698648350159125,0.11902471702107606,0.9009366561680279,-0.010394871842460289,0.002363398416232258
2023-03-16,0.03626383683421408,0.04001325723889604,0.006676904808749606,0.017107388632799703,0.026360552013127814,0.027651332960619907,0.0004259855990289557,0.2429137392000769,0.8249719883707454,0.0013230106120281776,0.0036864090282604355
2023-03-17,-0.0073849811910482455,-0.005087377461437059,-0.014402062295434281,-0.010938126673125215,-0.0047260356840967965,-0.008958140315973195,0.00043967263423448454,0.24498173438410306,0.8262602108777829,-0.0028132364659547004,0.0008731725623057351
2023-03-20,0.001231280002709223,0.010066998604270738,0.018251340723970166,0.009030671957956038,0.0035487631135864284,0.00984987311031671,0.0003807960906165181,0.26579651650350594,0.815473569496094,0.004174833348057183,0.005048005910362918
2023-03-21,0.02794368811243575,0.003164070875334213,0.013495720623105223,0.013080785483294832,0.014282654036372966,0.014867826536958395,0.0005474306040932614,0.3139062248426575,0.7825376150548091,-0.0009624580824488284,0.00408554782791409
2023-03-22,-0.011743366538223499,-0.006426420995060744,-0.017066833458314057,-0.0165814046793189,-0.01359811466087224,-0.011745540330532767,0.0005144758469910759,0.3038348233848209,0.787782202215551,0.003490344698210763,0.007575892526124853
2023-03-23,0.014807176293248014,0.02658627615991338,-0.0036252594787008485,0.0023771008019686235,0.011858153942193583,0.012589397658153515,0.000744486657336782,0.3108443517039326,0.763403513191939,0.0020534462636524753,0.009629338789777328
2023-03-24,-0.0006720344982863447,-0.01580922230341586,0.0074682820964353525,0.006664767354727541,0.0036804710681748176,-0.0030043249017556173,0.0007528009538101245,0.2976799113889644,0.7739725096262355,-0.008589676640391114,0.0010396621493862137
2023-03-27,-0.010529035100172668,-0.01166447307956242,0.011442796996017357,0.0016503838435222296,-0.00685138725464951,-0.003583570394572577,0.00071194943111959,0.2888524390495082,0.7720871795490986,0.0005176310371795174,0.0015572931865657311
2023-03-28,-0.008446664204630916,-0.0069541195042076565,0.005788059389315148,-0.0017575672035824441,-0.005311574792048468,-0.0032042414398411414,0.0007015869559150567,0.2964626412139827,0.7682666144105118,0.0006959302022042217,0.002253223388769953
2023-03-29,0.02046962641207406,0.031132478936648278,0.008034474752161014,0.014222037092406437,0.018233846674067467,0.019878860033627783,0.0006930005300109577,0.2948208779223368,0.7658941163124372,0.0010277101567781471,0.0032809335455481
2023-03-30,0.009881111137841181,0.014320095576145997,0.0027802848686564463,0.005967265430005808,0.00946531857282662,0.008993830527547875,0.0007076237707077669,0.29810446123919543,0.7649963380473811,-0.0007335957359072762,0.0025473378096408238
2023-03-31,0.0239843165388951,0.0069632163230526345,0.0079483378380647,0.01396631797766612,0.016630852092687665,0.012965290233337479,0.0008598030864929996,0.3134845592173733,0.7476985168284453,-0.004707601331569673,-0.0021602635219288495
2023-04-03,-0.006789194348260974,-0.0056991843784286456,0.023106577848009735,0.003961934115930932,-0.002430435728703495,0.003539399707106705,0.0006976968635413828,0.2741995545736502,0.7692255832221826,0.0036248956146228885,0.001464632092694039
2023-04-04,-0.0009636754983085583,-0.015361574137281897,-0.01200950357299746,-0.005641404213734935,-0.003373372751181991,-0.009444917736195971,0.0007698472092848751,0.29930730652907006,0.7514533738455417,-0.005991319110111772,-0.004526687017417734
2023-04-05,-0.01765265341360467,-0.017503142336121158,0.012699781639617935,-0.0024239561112781027,-0.009872550450769513,-0.007485338036702631,0.0006650900420631424,0.3107485551170527,0.7455775551138991,-3.643519169559649e-05,-0.00456312220911333
2023-04-06,0.01478626769772129,-0.003002079975024441,-0.0032248257795687296,0.0038183779699865195,0.006742203810136349,0.002853120647709373,0.0006003854320794865,0.3356448644030595,0.7269851627926913,-0.003930365874839346,-0.008493488083952675
2023-04-10,-0.004272585877382218,0.015134708965651722,0.003954087632826564,0.0010902419069056535,-0.0005660388425825502,0.004938736907032022,0.0005522368832984388,0.3369341710049487,0.7251236114849253,0.004429608400409679,-0.004063879683542996
2023-04-11,-0.9040249474237625,-0.005307914581752171,0.0035804100751843926,0.0001330097749907555,-0.006417664153752445,-0.30191748397677676,0.0006738716781965905,0.35343638349801715,0.7158607891199165,-0.29804421202340414,-0.30210809170694713
2023-04-12,-0.005558709520374072,-0.017774415159021006,0.0026042743777510147,-0.00398502192507022,-0.008833894605418391,-0.006909616767214688,-0.006208236335130885,-1.3090347029763145,2.052468286238535,0.012213376097472722,-0.28989471560947444
2023-04-13,0.029880905228802046,0.008069316966257789,0.00878932859732462,0.012963149790419681,0.019582333864727852,0.015579850264128151,-0.0059861081172076945,-1.2749796576945973,2.01740644663827,-0.0014118159151559565,-0.2913065315246304
2023-04-14,0.0005186715503415762,-0.0010698953119452348,-0.004585832672903911,-0.0020537533460437407,-0.0018800775684213455,-0.0017123521448358565,-0.006089040484088683,-1.2632995362014459,2.0076124021388355,0.00555664973306932,-0.2857498817915611
2023-04-17,-0.004547236923147957,-0.0007141297369841482,-0.002303201182955572,0.0034036500998593233,0.0008473796283183788,-0.002521522614362559,-0.005977297671692567,-1.272565647391124,2.010283433504375,0.00608367002145282,-0.27966621177010825
2023-04-18,-0.0025644465562759677,0.004485918415966017,0.002130896895284673,0.000683750141609929,6.299743963200655e-05,0.001350789584991574,-0.006010387440230507,-1.2479497278231653,2.0016668130671333,0.008088362944123656,-0.27157784882598457
2023-04-19,0.0007231147957329487,-0.009485023454147368,-0.004253010233257415,-5.250225583852686e-05,-0.00047030574554085547,-0.004338306297223944,-0.005879557837251055,-1.2387745109097967,1.9916493810626132,0.002412897230745714,-0.26916495159523884
2023-04-20,-0.004416007731139704,0.0011172267992003437,-0.0005339319189943126,-0.005650276254243858,-0.007624528204695946,-0.0012775709503112243,-0.005882570325781357,-1.2288929748319894,1.9772207218234543,0.012736789741222054,-0.2564281618540168
2023-04-21,0.004032330688085617,-0.010242802702639331,0.0003561914221688056,0.0005815107539908215,0.001043348664552024,-0.0019514268641283028,-0.0057544326764040485,-1.235891459023644,1.972429028772724,0.0024637587933697344,-0.25396440306064705
2023-04-24,-0.0024096345729807123,-0.005355513884258478,0.006764108045248074,0.0013207477930583522,-0.002084718857572443,-0.00033368013733037216,-0.005895762172745111,-1.2603175497852017,1.9920758051178338,0.01137956165448921,-0.24258484140615783
2023-04-25,-0.022141630819712987,-0.03169916217913449,-0.007956167979203288,-0.015801086675117038,-0.01886366499236347,-0.020598986992683588,-0.005727963186614974,-1.214279535761917,1.9516609027023046,0.0027575174488064166,-0.2398273239573514
2023-04-26,0.01934945267513477,0.006982230858131322,-0.0163963912348154,-0.004449281428580143,0.006064740989701001,0.003311764099483564,-0.005610263287522854,-1.2411795146734548,1.968757573975939,-0.008540334334840477,-0.24836765829219187
2023-04-27,0.056138880047042594,0.009673976884022162,0.009965498019974373,0.01984170388326567,0.027190923590724392,0.025259451650346376,-0.005857424359927841,-1.1837148970528915,1.9425191484325033,0.0017849067412607882,-0.2465827515509311
2023-04-28,-0.0026767475591814582,0.01673666087250747,0.0066380647526651515,0.008553210278118728,0.006898507641450058,0.006899326021997054,-0.006015877762752146,-1.2317803165307888,1.9657173948373514,0.009890363379267913,-0.2366923881716632
2023-05-01,-0.003949503622857287,0.007644060294224708,0.0010691060364218519,-0.0006806657563321883,-0.0011470954194455762,0.0015878875692630912,-0.005836995463316294,-1.1850141597517458,1.9391253787293652,0.008842646312938735,-0.22784974185872445
2023-05-02,-0.006813659838577402,-0.008669876278807553,-0.017624838789100372,-0.011210132627849867,-0.008721471110953227,-0.011036124968828442,-0.005509778240689424,-1.427342516523037,2.1886524131692733,-0.0024387768503573715,-0.23028851870908182
2023-05-03,-0.0019380192248347194,-0.010324692151720938,-0.005436834096970045,-0.006966845318443493,-0.006543769784228659,-0.005899848491175234,-0.005850476845838231,-1.4619425382889455,2.2494903392723975,0.004485647737996251,-0.22580287097108556
2023-05-04,-0.005048421311783291,-0.003354689506768427,-0.008928579740541176,-0.007308887471845771,-0.0035298997828319134,-0.005777230186364298,-0.005946751280560921,-1.480285706786491,2.269092938738834,-0.0026400498912078855,-0.22844292086229345
2023-05-05,0.01491013134367436,0.02114036394831853,0.016547192642840436,0.01835327827997757,0.02125432634332758,0.017532562644944443,-0.006007226411252536,-1.4650785292413027,2.255206789907912,0.0024958819209919096,-0.22594703894130155
2023-05-08,0.00492264485193461,0.005547547005456677,0.0018086252053051144,0.0005540199279008284,0.0024775045227842796,0.0040929390208988,-0.006288295421600587,-1.506072914530417,2.3269106644177735,0.005450697154810913,-0.22049634178649063
2023-05-09,-0.003826937610210801,-0.015431409256904005,-0.0014443589400475743,-0.004325080466564435,-0.006333011570865299,-0.0069009019357207935,-0.0063942134507128405,-1.4929190196655653,2.3318971999937523,0.00780424857450281,-0.21269209321198781
2023-05-10,0.019592782016997656,0.008120874994606897,-0.0010847117530927708,0.004370369970246868,0.010881688930151956,0.008876315086170594,-0.00674518921236905,-1.6768571208870595,2.4818995889680666,-0.004057268978963429,-0.21674936219095126
2023-05-11,0.014317986241753511,-0.008861003393184852,-0.0054298749391739065,-0.001397649760163433,0.0032598237717542666,9.035969798250795e-06,-0.006764766580475942,-1.6614896892841413,2.4693804985522068,-0.0035981233661546903,-0.22034748555710595
2023-05-12,-0.006315033246037105,-0.0011378213891312106,0.0016377986184274995,-0.001347011300269263,-0.0035866608776300435,-0.001938352005580272,-0.006813598498412825,-1.647815557144965,2.4581483795826933,0.011472164941057725,-0.20887532061604824
2023-05-15,0.004112252610117162,0.026200143001625875,0.000726950350811828,0.0034642983961523655,0.005415141215828312,0.010346448654184956,-0.006504607678890158,-1.6327181636954715,2.4457101611475847,0.009263413353333784,-0.19961190726271447
2023-05-16,0.010051995115351708,-0.00023785138341636536,-0.013798241688490642,-0.006614630787382114,0.0011320567295720618,-0.0013280326521850998,-0.006529744764698243,-1.6408340845144402,2.4789280657467128,-0.008458086738855638,-0.2080699940015701
2023-05-17,0.013564326786718484,0.0270441072422154,0.008100129374604581,0.011937939149664345,0.012104289956293313,0.016236187801179486,-0.006872907243643913,-1.6253443939087389,2.4810244468197347,0.012481318223595713,-0.1955886757779744
2023-05-18,0.01716489946087929,0.035057873223530045,0.0009130291964802861,0.009778377602623456,0.01857308809856928,0.01771193396029654,-0.006936694033421729,-1.5584058086936388,2.4925192139065406,-0.006406470498016386,-0.20199514627599077
2023-05-19,-0.004576352268039319,-0.00552068491386648,0.004013893319491979,-0.0015835594398989628,-0.002253316178555731,-0.002027714620804607,-0.00700935510597042,-1.5326703085053797,2.459029743263214,0.008095537453924011,-0.19389960882206675
2023-05-22,0.0031607858501270236,-0.0008252042821511596,-0.005451582745100714,0.0005461181941956994,0.00335822488362858,-0.0010386670590416165,-0.007056354052583189,-1.51246238403399,2.4258064239736825,-0.0013027332763553446,-0.1952023420984221
2023-05-23,-0.010741190243905185,-0.014415493023169357,-0.00438511488020088,-0.01117519268708711,-0.01267636593960042,-0.009847266049091807,-0.007545768078934281,-1.5686179381123329,2.518066032219396,0.012088820803506598,-0.1831135212949155
2023-05-24,0.000361889388763581,-0.014702512235156395,-0.003854127637415883,-0.007490748682923654,-0.005129659687274968,-0.006064916827936233,-0.00730477389355331,-1.5772566836427238,2.4985003210317456,0.0022414800154279243,-0.18087204127948758
2023-05-25,0.012301063849165628,0.08597509135940551,-0.009211322837447078,0.008712246600904194,0.02433291079060873,0.02968827745704135,-0.007295065551060921,-1.5805419969885943,2.499501520555321,-0.010066732871711021,-0.19093877415119861
2023-05-26,0.024660395318298667,0.04912424856032671,-0.002045383844887505,0.012994940384471798,0.02555061490926036,0.023913086677912625,-0.007741811264777503,-1.5580072826017728,2.4801932038089936,-0.01146935175241522,-0.20240812590361384
2023-05-30,0.007324752086233621,0.004818148861015059,-0.006334866744241552,0.00031091001834648857,0.004534994602896747,0.0019360114010023761,-0.007864172415279336,-1.5183678220547265,2.415302561116442,-0.0006811244953322897,-0.20308925039894613
2023-05-31,-0.005470898437235028,-0.025258363701259223,-0.00581298220902593,-0.0054405963390227186,-0.005686262315763302,-0.01218074811584006,-0.007869015610086629,-1.5162885003320437,2.4144774862629705,0.0011681061728338396,-0.2019211442261123
2023-06-01,0.015005897551552572,0.015035019665408322,0.009807584843595452,0.009586158891067065,0.01155210877584989,0.013282834020185449,-0.007953489300104772,-1.525894433858437,2.4211722455440623,0.007894144668658275,-0.194026999557454
2023-06-02,0.008472584788846937,-0.002457475600235015,0.01811735158114658,0.014681291063698865,0.007499920944678218,0.0080441535899195,-0.007848489718513239,-1.4970215797118342,2.4123606608090578,0.01977833860270081,-0.1742486609547532
2023-06-05,-0.0006802709756049685,-0.012522228071389807,0.0014675321753996329,-0.0019324992985068068,0.0007047986804249451,-0.003911655623865047,-0.007474374050702828,-1.2936379557159627,2.2765806981610694,-0.0005417670870499188,-0.17479042804180311
2023-06-06,0.0040844043553645015,0.007068139142065943,-0.0012820919847905676,0.002063700139661062,-0.0001690886202219133,0.0032901505042132926,-0.007600932417605725,-1.264400786547255,2.2716245788771947,0.013884532867308674,-0.16090589517449444
2023-06-07,-0.03016947464189168,-0.005711203639572671,0.004768622272264267,-0.003279969920038761,-0.016965260782690228,-0.010370685336400029,-0.007515539974773971,-1.191299219774758,2.2352628500000358,0.031159246199857084,-0.12974664897463736
2023-06-08,0.009612024761162852,0.011557056255407927,0.005476749855297225,0.0059947412810412715,0.012413322456151343,0.008881943623956001,-0.006536248391015193,-0.9907990407096623,2.0189147099435254,-0.003703663380466741,-0.1334503123551041
2023-06-09,0.001904116234715536,0.004583847102668903,0.0003628900604368823,0.0016733505074630894,0.0038226418164279963,0.002283617799273774,-0.006600660727555729,-0.9877168143768635,2.0050482609110105,0.0028724936332821934,-0.13057781872182192
2023-06-12,0.01969592311308177,0.02955593472311735,-0.0021776917124037842,0.00918926292060629,0.01689697874859375,0.01569138870793178,-0.00633726022236313,-1.148720256528626,2.1181462587245203,-0.003205730930318819,-0.13378354965214073
2023-06-13,-0.0016604479531686644,0.013824546283604633,0.006365844073167981,0.006596996226599705,0.007684030141325904,0.0061766474678679835,-0.006355624412756685,-1.1429968188335131,2.115341891481122,0.0038182667281345317,-0.1299652829240062
2023-06-14,0.0064152466290778865,0.01520198643218218,-0.010880272749065556,0.0007725394273823127,0.0072673089900507915,0.0035789867707315035,-0.0061984924206747085,-1.180888154828153,2.136914902365491,-0.004839859030594534,-0.13480514195460072
2023-06-15,0.01787514763921294,-0.00719801611725801,0.013558032623582905,0.012823665240289772,0.011916136665922172,0.008078388048512611,-0.006611342024674311,-1.313745702085515,2.219047421378296,0.005094292826295062,-0.12971084912830566
2023-06-16,-0.010669306605746165,-0.007120545766669872,-0.0023436185969915035,-0.0036876959526689346,-0.006293008410384271,-0.006711156989802514,-0.0066273644007847675,-1.3146784300936147,2.2145189657362385,0.009004059561598509,-0.12070678956670715
2023-06-20,-0.001942452618557855,-0.003520713815297505,-0.007627853414488794,-0.004614395814121375,-0.001431565668046808,-0.0043636732827813845,-0.0065154723674556375,-1.280086020414934,2.1876455785239637,-0.0006232661855744034,-0.12133005575228155
2023-06-21,-0.010067162626855253,-0.022899717410498566,0.005673533319860757,-0.005478736560186714,-0.013627664527975036,-0.009097782239164354,-0.006479546391528424,-1.3021594819303415,2.2077281433793305,0.020333753898461204,-0.10099630185382034
2023-06-22,0.02305080918828817,0.004955189428155871,0.00036382939510937184,0.003639463700956469,0.01179890915923587,0.00945660933718447,-0.006073940506685656,-1.2433083565130785,2.118852849305571,-0.004944626814249207,-0.10594092866806955
2023-06-23,-0.0036447595084480033,-0.016991091453812168,-0.004729911356218808,-0.007500878273403511,-0.00991337982348306,-0.00845525410615966,-0.006558958353934485,-1.3728023488492322,2.2233832198488797,0.009847723287134996,-0.09609320538093455
2023-06-26,-0.021283636074371448,-0.004609106581448641,0.002924619001211326,-0.0041288404918692345,-0.013405456034309426,-0.007656041218202921,-0.006607384163773179,-1.4158442528905932,2.247705158936688,0.02323706055027149,-0.07285614483066306
2023-06-27,0.011892706234200023,0.031732961582989105,0.0032803791737219257,0.011081405041063919,0.017193805573469945,0.01563534899697035,-0.0061379273299488,-1.306662499302061,2.1104489118211163,-3.3715528939298745e-05,-0.07288986035960236
2023-06-28,0.0036935831763065252,-0.009042313293589954,-0.001271409578416205,0.00044720119523966595,0.001951544815805395,-0.002206713231899878,-0.006180118749325564,-1.3074320455951092,2.107785952161774,0.00044465194314171176,-0.07244520841646065
2023-06-29,-0.006691124783915869,-0.001465295500057362,0.008912263613257698,0.0038308968847089453,-0.00200251255275552,0.00025194777642815563,-0.006202868558080995,-1.3198104923978535,2.1102167722311633,0.015736609813670407,-0.05670859860279025
2023-06-30,0.018861603799492643,0.015541678234253453,0.008473188561029854,0.011850519841195117,0.01542032891228029,0.014292156864925317,-0.0062930367553296045,-1.3605944980224487,2.139507061634343,0.0037170431143429532,-0.05299155548844729
2023-07-03,-0.0033058442126581156,0.008867111574849096,0.00035718080198621216,0.0019153270664307165,0.002355133051148872,0.001972816054725731,-0.00618149166742677,-1.36516979569096,2.1463291689961026,0.005714163617565474,-0.04727739187088182
2023-07-05,0.00829189271305908,-0.018880342331318523,-0.004288691892375351,-0.002230185788663741,-2.716881570041796e-05,-0.004959047170211599,-0.006464413453066174,-1.4488480398901422,2.230429101332169,-0.0016652359084547946,-0.04894262777933661
2023-07-06,-0.004605190999236619,-0.011877808549403013,-0.010588614400964702,-0.008154256709097862,-0.007615860746979952,-0.009023871316534779,-0.00649014579199755,-1.4444213817457072,2.2284470333674085,0.0026596340207452034,-0.046282993758591406
2023-07-07,-0.002081994820229416,0.0009400966977377578,-0.0034464068555919436,-0.0023275854480244718,-0.003320096941997308,-0.0015294349926945339,-0.006703703760267859,-1.4886643910241872,2.258988555703505,0.009209336189831337,-0.03707365756876007
2023-07-10,-0.0167897737686018,0.01415627869214453,0.007098705903536562,0.002680518018674416,0.0003275963836208984,0.0014884036090264303,-0.00016068596197354158,0.2986723307728917,0.7254424982546501,0.0006108406677306172,-0.036462816901029454
2023-07-11,0.008083516206820462,0.0010585063958037377,0.006506284737357149,0.0064113307070448045,0.004940644295816199,0.005216102446660449,-0.00016818169748179524,0.2986517826664279,0.7267534793778274,-0.00012110163313333415,-0.03658391853416279
2023-07-12,0.01737390882479506,0.02101507121648072,-0.0005385977879365234,0.007870908942860577,0.01263017451059123,0.012616794084446417,-0.00014631016144620512,0.3004691837133918,0.7320952494909594,0.001151647901303227,-0.035432270632859565
2023-07-13,0.024630532047105635,0.024013049355941396,-0.004132247661165489,0.008151117678343534,0.01697862848734366,0.014837111247293847,-0.00013988212768093324,0.3009405805876756,0.7339421041966665,6.266097004113853e-05,-0.03536960966281843
2023-07-14,-0.003205122771366087,-0.008280263743689287,-0.002976711559767753,-0.0007986866962998995,-0.00021120683618958136,-0.004820699358274376,-6.0833189386056444e-05,0.3186153095000868,0.7215003613076683,-0.0043530065513316925,-0.039722616214150124
2023-07-17,0.002893917249374489,0.018610704726180316,0.001899907229793385,0.00348865615802163,0.009338641241132928,0.007801509735116063,-0.00016057861107930625,0.31826135377931286,0.7243923681163511,8.694347081956728e-05,-0.039635672743330554
2023-07-18,0.005450424072966031,0.0027529933855383604,0.005237523198886818,0.007580714002738631,0.008180757864175048,0.004480313552463737,-8.738753447268513e-05,0.32176620256407673,0.7201208057280922,-0.0037626504150652705,-0.04339832315839583
2023-07-19,0.005739848706928452,-0.010482877921024092,0.0034135195352706926,0.002156358584621376,-0.00023319624635342873,-0.00044316989294164905,-0.00028315775345002484,0.31066294526217914,0.7349519984475967,-0.0006585248011435543,-0.04405684795953938
2023-07-20,-0.029296217594190432,-0.035376570865889856,0.014324261371142732,-0.006527325287065899,-0.023052039127492874,-0.016782842362979184,-0.0002490735102575927,0.3093750973747027,0.7351883011751397,0.002433212528325117,-0.041623635431214265
2023-07-21,-0.008035020303029827,0.005360542676964952,0.004042294416388037,0.00012053751481899688,-0.0029993059886314066,0.00045593893010772063,-0.00019689225697296333,0.32870652900102854,0.715200949085113,0.002758316208635967,-0.0388653192225783
2023-07-24,0.001975695105632669,0.0008452973158565857,0.0022326829922874047,0.004235107506046276,0.001597366180904336,0.0016845584712588864,-9.486335599244455e-05,0.32548251784259563,0.7086991315707658,-0.0007310836523581009,-0.0395964028749364
2023-07-25,0.008872775545257783,0.016047285415526913,0.00038610059796551077,0.0029470532813604677,0.006777731762459549,0.008435387186250068,-0.00011652213819131308,0.328499401259502,0.7068477505904573,0.0027929796356345894,-0.03680342323930181
2023-07-26,0.0019543941515327568,-0.010934248239280464,-0.0027707058841195398,0.00023902079731175085,-0.0033264578286072988,-0.003916853323955749,-7.315559060981787e-05,0.326434469590402,0.7113206472175899,-0.0015555442249505047,-0.03835896746425231
2023-07-27,0.008127456617432305,0.01797268195539381,-0.005644471130690776,-0.006783399514597499,-0.0023841359836747067,0.006818555814045113,-9.253613758000365e-05,0.3265303362847097,0.7133255338262328,0.010826742749549265,-0.027532224714703048
2023-07-28,0.025636927374368623,0.01930646046915041,0.0028294399492858613,0.009739623812688336,0.018214824669131602,0.015924275930934966,5.9662883150293604e-05,0.24828579374229637,0.7511274326221429,-0.00023525167068731354,-0.02776747638539036
2023-07-31,-0.005502347105523997,0.0007477055202427252,0.003791384296896627,0.0019294078480023291,0.0005214478209270013,-0.00032108576279488155,9.910963031370786e-05,0.23251822507886138,0.7560343391666573,-0.0012630503400837554,-0.029030526725474116
2023-08-01,-0.000948434120587982,-0.0005603360822444836,-0.0007026999959405256,-0.003090327747218291,-0.002319719011652732,-0.0007371567329243304,6.370885723956524e-05,0.23278661774600962,0.7573716410052784,0.0016754107483642681,-0.027355115977109847
2023-08-02,-0.022784771987682473,-0.03669103634061788,-0.0027072630330295944,-0.013853806580274353,-0.021943939834547455,-0.020727690453776648,0.00013134677765358656,0.21521507041695911,0.7638869220404585,-0.0011148006150600923,-0.02846991659216994
2023-08-03,-0.0008096316860989328,-0.0029099229131475113,-0.00017637914499590845,-0.002829026260703693,-0.0016027395442497205,-0.0012986445814141174,0.00012174224485732559,0.24844157410227505,0.7584460430122102,0.0004980523764298494,-0.02797186421574009
2023-08-04,0.0017825440964585049,0.0003891019749107105,-0.004054954243287168,-0.0048982291550498935,-0.0046817805552429315,-0.0006277693906393175,9.808902682313772e-05,0.24966862972093998,0.7574587225520871,0.004043331262381522,-0.023928532953358568
2023-08-07,0.0119702477545367,0.010761869963144433,0.009205075773485394,0.00901587232837997,0.008466928369246896,0.010645731163722175,0.00020161158991125762,0.2323609092753045,0.7607089531773665,0.0019083150652809376,-0.02202021788807763
2023-08-08,-0.008631730273554017,-0.01648400704898534,0.013857357190010466,-0.004322554286796287,-0.008502600791641668,-0.00375279337750963,0.00023513466966321408,0.24275635817067764,0.7576364318571209,0.0035032796147697995,-0.01851693827330783
2023-08-09,-0.01128669440759067,-0.019825195336928503,0.003806140195818486,-0.006645933153589412,-0.010994277787121698,-0.009101916516233563,0.00034844429241692374,0.23068927687017898,0.7587514452763913,0.0004247088654273177,-0.018092229407880515
2023-08-10,0.0018590551833645996,-0.0021956034009212866,-6.887521119147699e-05,0.0005859754930337413,0.001847952718877277,-0.00013514114291605464,0.0003437604174928846,0.22969358377428256,0.759102027068322,-0.002016281026233919,-0.020108510434114435
2023-08-11,-0.006576158782432118,-0.02507161004040115,0.008963021034401608,-0.0009272060024640982,-0.006375538258789448,-0.007561582596143886,0.00023047936492814346,0.2297372847935126,0.7565498228514741,-0.0027556358313517272,-0.02286414626546616
2023-08-14,0.011961423452790054,0.030435732371115964,0.004339230572123709,0.0056421265135058185,0.011222126117486075,0.015578795465343243,0.00020129597928647997,0.2080191818748445,0.7718481962969872,0.005542051142283974,-0.01732209512318219
2023-08-15,-0.01058941402446778,-0.012013905521257362,-0.01088620715066535,-0.011463934736995807,-0.010611310945659702,-0.011163175565463498,0.00023480264536694548,0.16313727587302015,0.7974144745603302,-0.001066170184921349,-0.018388265308103537
2023-08-16,-0.015153946846603983,-0.015787647629281087,-0.0030954812227644846,-0.007395657045959347,-0.010589026067889251,-0.011345691899549851,0.00019813068637490714,0.17463198221322995,0.7902077637594743,-0.0018847737267220933,-0.020273039034825628
2023-08-17,-0.006979148430085402,-0.006757767568648987,-0.0031395602875369244,-0.008094218640854134,-0.010923065683565603,-0.0056254920954237715,0.0001642503165308869,0.17973767128184137,0.7906921318328723,0.004301875688887512,-0.015971163345938115
2023-08-18,-0.01037478287659599,0.004260884409346799,0.004602987584424234,0.0009232421864016072,-0.001254902558444293,-0.0005036369609416521,0.000312692311560556,0.15489800470959914,0.7982633347721173,4.240505607825838e-05,-0.015928758289859856
2023-08-21,0.01454177386135136,0.033600155461605,0.0003273361004236808,0.006607247809144345,0.016111408064027444,0.016156421807793347,0.00027724079321489513,0.16776236852581128,0.7947716273452694,0.001965843466808632,-0.013962914823051224
2023-08-22,0.0,-0.009997290446335017,-0.00483881447496759,-0.002799007533122677,-0.0014289686859864092,-0.0049453683071008685,0.0003271126165838438,0.15053575087471677,0.8073127007816214,-0.0036975056537660485,-0.017660420476817273
2023-08-23,0.017666604020524,0.02166797099407547,0.002560940138573997,0.010779590620735302,0.01576849281895587,0.01396517171772449,0.0001287257885590124,0.2459007361351162,0.7241108932607492,-0.00023240076021837155,-0.017892821237035644
2023-08-24,-0.020635438868834233,-0.025855851295394472,-0.006903644696270805,-0.01329383776471671,-0.0213757707615716,-0.017798311620166502,9.718300187598627e-05,0.25271879161294775,0.710812013748253,0.0006582626542090235,-0.01723455858282662
2023-08-25,0.004347917245427935,0.0018140881325690028,0.0061522164940888135,0.006624346124061153,0.00775169409819787,0.004104740624028584,0.0001369163157397819,0.2438346477385051,0.7145514247889149,-0.003186404857764691,-0.020420963440591314
2023-08-28,0.006326897534321141,0.012341575470344646,0.0041801390579059294,0.006580831464360504,0.007527099828327888,0.007616204020857238,0.0002286110999789942,0.2002690971290101,0.7289769534449688,0.0005825734440219731,-0.01983838999656934
2023-08-29,0.021674433728791298,0.025641159648768008,0.004884955695072968,0.014206556483362442,0.02183977818697458,0.017400183024210758,0.00020108439000703893,0.1896642629769075,0.7309891523761582,-0.0014600183756328829,-0.021298408372202222
2023-08-30,0.003076870363708073,0.0051032372424812955,0.0010613940632611119,0.004168184221912341,0.005576933210358792,0.0030805005564834933,0.00018644103595934425,0.19447686637323625,0.7240711592756078,-0.0019546523802468564,-0.023253060752449078
2023-08-31,0.00884730156163771,0.004049156901972051,-0.0036080426375378893,-0.0012790683957657478,0.002998262836668264,0.003096138608690624,0.000237115644775094,0.16525659820901872,0.7391153461943084,0.000854335381370851,-0.022398725371078225
2023-09-01,-0.002688524318799068,-6.395812900894526e-05,0.009404452451387435,0.002126457534201931,-0.0010582894631566697,0.002217323334526474,0.00020852235795136938,0.14693424946280653,0.7503149634605613,0.0024904019546517072,-0.019908323416426517
2023-09-05,0.006996194056350324,0.0023684833785360127,-0.00372351560447004,-0.004364510481950634,0.0012714078780251548,0.0018803872768054324,0.00020221360295458112,0.12101984205345506,0.7721519878380181,0.0012246459226471264,-0.01868367749377939
2023-09-06,-0.01427752027589313,-0.011623396462514979,-0.0029008936620795733,-0.006902319696298287,-0.008808067939575559,-0.009600603466829227,0.0002490570439117717,0.10085103695619702,0.7869575088684446,-0.002221979208293739,-0.02090565670207313
2023-09-07,-0.0022630761050389525,-0.022163386189154033,0.004911971838054807,-0.0029751473485922775,-0.007151445439788295,-0.006504830152046059,0.00022619662755873205,0.10826351479523807,0.7865675395600608,-0.0007838320267401621,-0.021689488728813294
2023-09-08,0.005832719410202136,-0.006277572526143138,0.007680855304502465,0.0013697356052377874,0.0013974616188354716,0.002412000729520488,0.0001946780213388305,0.1088609026405131,0.784051957662041,0.000972529535811106,-0.020716959193002187
2023-09-11,0.01643035281561711,0.0007314784102274707,-0.0008111933179082431,0.006570668489345621,0.011782883587510451,0.0054502126359787795,0.00022249251549608394,0.11319883172636734,0.7825488277523003,-0.004736753615120605,-0.025453712808122794
2023-09-12,-0.014580007704571685,-0.0075088230726626515,0.009302863611594603,-0.005363021019594849,-0.011088441481742817,-0.0042619890552132444,0.00018991479825740713,0.09849283818351806,0.7852174261488754,0.0047831527882836265,-0.02067056001983917
2023-09-13,0.008684481462631455,0.008101315266391351,-0.0048766710724024165,0.0011711133429095355,0.0038089447315705627,0.0039697085522067965,0.0003103395332116414,0.15097561240273294,0.751217049387692,0.0006212152423251435,-0.020049344777514026
2023-09-14,0.011320149585147599,0.005445883230303705,0.009616231803128983,0.008650980981826484,0.00817736614314346,0.008794088206193429,0.000350408455670863,0.148599861355975,0.7510450274934479,0.0010165749962288036,-0.019032769781285222
2023-09-15,-0.020274324170148406,-0.030253034406353185,-0.013010743136162906,-0.012466641922897592,-0.017122966633309256,-0.02117936723755483,0.0004208452268911856,0.12790881383392633,0.7634255119848111,-0.006933509514862931,-0.025966279296148153
2023-09-18,0.0025102250974717855,0.003337773232643171,0.0016640298546028998,0.0011009686396328267,0.0010423554889420483,0.002504009394905952,0.00026417861310746335,0.1604354420465747,0.7671596316269684,0.0012635433384984495,-0.024702735957649703
2023-09-19,0.0022472188528404047,-0.008621914375376849,-0.0013053412643404538,-0.0020039669780992364,-0.002131307942503602,-0.0025600122622922994,0.0002929750710800198,0.15711085772340344,0.7701521837319225,-0.0008967108964694317,-0.025599446854119134
2023-09-20,-0.02328624474665497,-0.01643505335524642,-0.009386748629403585,-0.009354354165296841,-0.014410580064702194,-0.016369348910434994,0.00027623131004797925,0.15963771971813748,0.7691283740714777,-0.004068686437507874,-0.029668133291627007
2023-09-21,-0.01944719042421561,-0.019981898172103052,-0.019533950749007767,-0.016388456064536094,-0.018324359292983927,-0.019654346448442144,0.00015426972505595303,0.13446783431846787,0.8013658245868684,-0.002920380683828456,-0.032588513975455466
2023-09-22,0.00036789564998618296,0.008525188346162338,0.004194339189406815,-0.0024124866383974375,0.00013975287394463187,0.004362474395185112,0.00010261885696402124,0.17172559340385296,0.7861857201606254,0.004564269523932079,-0.028024244451523385
2023-09-25,0.00631879746621955,0.007044269894192601,0.0027845693690866646,0.004156361451046919,0.004749894203751603,0.005382545576499605,0.0002444055458156804,0.13510188065796747,0.8107370650143826,0.0007256924960748045,-0.02729855195544858
2023-09-26,-0.017940299146653516,-0.01580876501954931,-0.01076025210300846,-0.014675926301941145,-0.015016496030218374,-0.014836438756403761,0.00023720182857182387,0.12201446733323852,0.8198635035793393,-0.000971488207802294,-0.028270040163250874
2023-09-27,-0.0006765226365349486,0.009168491827340253,0.0035088531426294978,0.0002292657717193336,0.002343470984096818,0.004000274111144934,0.00022539565458048571,0.13461376185487556,0.8142742286587035,0.0018357881006092584,-0.026434252062641616
2023-09-28,0.006770469478903918,0.016198344262689623,0.010314691892438388,0.005833504751750818,0.008365229067671232,0.011094501878010643,0.00026292790485827835,0.13043164010074215,0.8180267125866436,0.0032277195465847015,-0.023206532516056914
2023-09-29,0.0013451194429177082,0.004782063552822846,-0.008790537730339665,-0.0023880011476928864,0.0007260986117088031,-0.0008877849115330368,0.0003976145995455215,0.11032561444947715,0.8357763332906694,-0.001628797852454713,-0.024835330368511627
2023-10-02,0.019140229986682522,0.008621838327676157,-3.4853285333147355e-05,-7.641150939285968e-05,0.008345806261777833,0.009242405009675178,0.00040436718487777085,0.10374758435901375,0.837062364135119,0.001860005014216709,-0.022975325354294918
2023-10-03,-0.02405264642174687,-0.022225179087492775,-0.014490163930973465,-0.013446312907220426,-0.01754964463254871,-0.020255996480071037,0.0004121283709277657,0.08101445472319764,0.8543303264704983,-0.004585585514416277,-0.027560910868711194
2023-10-04,0.024307858266992666,0.015596695487936962,0.008148743700300942,0.007356716774974403,0.013608652481501338,0.01601776581841019,0.0003379006828496138,0.10063784083163527,0.8540643902821317,0.0033168355595424234,-0.02424407530916877
2023-10-05,0.000692125351720696,0.0,-0.0003513581380233388,-0.0008454201103518244,-0.0029466264923173613,0.00011358907123245239,0.0003925827974010548,0.09443808866006709,0.8648766518051452,0.0023493145879635857,-0.021894760721205185
2023-10-06,0.019399917330190863,0.02162376973302793,0.0181049981947059,0.011925855049715217,0.01675556989709448,0.019709561752641564,0.000424258451501815,0.10202442697712054,0.8581561424601691,0.003689679545868022,-0.018205081175337163
2023-10-09,0.0012923416430494772,-0.0025615319189042918,0.004143715363911449,0.006665586936039469,0.005099975693754644,0.0009581750293522114,0.0005124609883192028,0.11169133106032939,0.8646221709487976,-0.004708326292271823,-0.022913407467608986
2023-10-10,0.005324400205299007,0.012367464388101768,0.009972599190508857,0.005161206811522545,0.005537878655233808,0.009221487927969877,0.0005047911056887634,0.06421039018746225,0.8909736000023722,0.003451190037245101,-0.019462217430363887
2023-10-11,0.014540123851347841,0.010814250414753257,0.007831061403715589,0.004232946288063921,0.007135341677750873,0.011061811889938896,0.0005873392262491073,0.0722540188872208,0.8909987718200323,0.003811044611251111,-0.015651172819112776
2023-10-12,-0.004049501900605712,0.005085283321833556,-0.004560705384190955,-0.006010862723668353,-0.0034749912550995354,-0.001174974654321037,0.0007276494212138092,0.09688719816352588,0.8852468489375671,0.0017559766309694254,-0.01389519618814335
2023-10-13,-0.02318937949693678,-0.025034553547836347,-0.011590110515531826,-0.0052694217393994824,-0.01256993599996381,-0.01993801452010165,0.0007736402812192067,0.08948279438528454,0.889264837141054,-0.009062130129403535,-0.022957326317546885
2023-10-16,0.013008044410794728,0.011524511737938337,0.01287609479778773,0.010468567020221142,0.011306401075483974,0.01246955031550693,0.0005015115827641745,-0.09964734540550617,1.0462211852153185,0.0011822073127948276,-0.021775119004752055
2023-10-17,-0.0022470930709724835,-0.011792941588670725,-0.0034747804333370436,2.4864835936000418e-05,-0.0032753873575285253,-0.005838271697660084,0.00046571929120513365,-0.11124161913967351,1.0576117960585232,-0.002837136678272931,-0.024612255683024987
2023-10-18,-0.027670606643771967,-0.02002422210927568,-0.01619259563364761,-0.013380501148963608,-0.013117993224924462,-0.02129580812889842,0.00040991960147568227,-0.1333013427539617,1.073749955510236,-0.009403921858605658,-0.034016177541630645
2023-10-19,-0.012243495063861798,-0.006811128247943499,-0.008644533954003109,-0.008476319420626433,-0.009357044900845657,-0.009233052421936136,0.0002945842000687264,-0.022073659438870658,1.0155241864242321,-0.00021243459992455888,-0.034228612141555204
2023-10-20,-0.021775475130928368,-0.01565534414864911,-0.013603056982042672,-0.012453135130184756,-0.014917761225552217,-0.017011292087206715,0.00030909243872180955,-0.013863027857128868,1.009868009961564,-0.002428052843216665,-0.03665666498477187
2023-10-23,0.013698539150788447,0.0035187191548804453,0.0068952571961691245,-0.0017570867053042782,0.0030174896357406666,0.008037505167279338,0.0001936654792630022,0.12512857390548227,0.9217450689955504,0.005282345249190204,-0.03137431973558166
2023-10-24,0.008445965063343275,0.011711039829444658,0.00755053427285568,0.007481233482714789,0.009728215145291541,0.009235846388547872,0.0002987919361704235,0.05595529751024034,0.9801633140469483,-0.0010167997894621021,-0.03239111952504377
2023-10-25,-0.031490800197782276,-0.03874702701138055,-0.017427669852703054,-0.014106127709481386,-0.024476025279978497,-0.029221832353955295,0.0003029640509893196,0.05985230462928254,0.9760421070558067,-0.0047908808655157675,-0.037182000390559536
2023-10-26,-0.03147697920205916,-0.008797038425939374,-0.012238498727589642,-0.012274793937508632,-0.019066995785477325,-0.017504172118529393,0.00020578914609313981,0.02215733023863814,1.0179863533504772,0.001971956907269059,-0.035210043483290474
2023-10-27,0.01892857462702424,0.006183560702996971,-0.00493788475021717,-0.004432721076874535,0.00480114256637143,0.006724750193268014,0.00020972416087496081,0.02112040330480708,1.0187411830328952,0.0017175252312995413,-0.033492518251990934
2023-10-30,0.01366976391049124,-0.0025304191540697074,0.012541653759142735,0.012032160734958941,0.01126529637376561,0.007893666171854755,0.00022016464978909668,-0.00977616501597045,1.0411520578332636,-0.00393775659073837,-0.0374302748427293
2023-10-31,-0.0020746176833077445,0.007175862500397923,0.0005346902586980118,0.006049466715719598,0.004782509598004747,0.00187864502526273,6.87726488152378e-05,-0.0432928751420712,1.059247219519158,-0.002994088810362958,-0.04042436365309226
2023-11-01,0.0270269811613284,0.02490112448324866,0.01514079122370382,0.011010693569660557,0.01735664118143987,0.022356298956093628,-3.877415597920936e-05,-0.0851754378985391,1.0824932440078086,0.004544466940858936,-0.03587989671223332
2023-11-02,0.018893422190420228,0.025911224106234476,0.018248729463512747,0.019001102526677194,0.018153227015487383,0.021017791920055817,-5.2161929788786766e-05,-0.11404011741858533,1.1192711544153477,0.00291845845508101,-0.03296143825715231
2023-11-03,0.008609257002769155,0.02334001054831991,0.010684160633946282,0.009247499701406259,0.011749166166742153,0.014211142728345116,-3.0236374443846806e-05,-0.07904468233727904,1.1056060440947086,0.00198239565207752,-0.030979042605074787
2023-11-06,0.010833894540334121,0.0029428362312207135,0.007672545514349816,0.0019276870383628797,0.004079180814620331,0.007149758761968217,3.917970444584158e-05,-0.0748441453448786,1.1062378825684904,0.00274231079942144,-0.028236731805653347
2023-11-07,0.011692024486946506,0.006268816454549908,0.001015278231869754,0.0028235517939800836,0.009452659275809738,0.006325373057788723,9.603493751382422e-05,-0.07243174646987283,1.105400013446287,-0.004015116782622234,-0.03225184858827558
2023-11-08,0.005778607686542703,0.003578710725205214,0.006423288692497531,0.0008222742165153729,0.0006439039145613723,0.005260202368081816,-6.264257491219393e-06,-0.02752497429812828,1.0635427873653303,0.004604280338160585,-0.027647568250114996
2023-11-09,-0.010565001207446523,-0.0017829235431601198,-0.006550277710126395,-0.007543561770606888,-0.007695603162144349,-0.006299400820244346,7.616459609160987e-05,-0.02100407709561114,1.0588587657934625,0.0016145458969631455,-0.02603302235315185
2023-11-10,0.024871794839385952,0.040487025494707174,0.02084521884015711,0.015602911134721564,0.02248223235977287,0.02873467972475008,0.00010763802000754387,-0.026931924668466223,1.0606742140764096,0.0052009339931463165,-0.020832088360005534
2023-11-13,-0.000314792652462037,-0.0061038109064576185,0.004587559817000431,-0.0010126390094226112,-0.0031185825039157233,-0.000610347913973075,7.818268934220007e-05,-0.024821439118320188,1.082675243622016,0.0026627463113458177,-0.018169342048659717
2023-11-14,0.022984940894412498,0.030514333681876726,0.016320439653078944,0.019211329787458764,0.021526345436660987,0.023273238076456055,0.00011288288986006532,-0.019014870566713526,1.0773986182309458,0.00033320130689839036,-0.017836140741761326
2023-11-15,-0.0033857417527605183,0.0007448709471238324,-0.004541948444750421,0.0021833347677191473,0.0007527496888015683,-0.002394273083462369,0.0001318515616313275,-0.029103224098533026,1.0878649083186178,-0.003281472535261634,-0.02111761327702296
2023-11-16,0.006485444021858466,0.0037218704622523635,-0.0006517740296015928,0.001403860363423881,0.0008558247987375811,0.003185180151503079,0.00013155950883310405,-0.05614619220440882,1.1064066026830375,0.002185551848399782,-0.01893206142862318
2023-11-17,-0.004602541346289235,0.004696907160522734,0.005870045867784501,0.0014744250575371431,0.0002331341463679415,0.0019881372273393336,0.00021370233761519602,-0.05388706187238419,1.110691674387446,0.0015949471686395383,-0.01733711425998364
2023-11-20,0.017879191686757334,0.01433224278454892,0.010536481191650182,0.007530698040568495,0.012174926154582266,0.014249305220985478,0.00013181316199188068,-0.07847442829812054,1.144407812227869,0.0007753786778116351,-0.016561735582172006
2023-11-21,-0.004845539815633071,-0.014736209828935976,-0.0040101717287668315,-0.0026111768854184536,-0.0058094355638041995,-0.007863973791111959,0.00021435568266509454,-0.06747628440686473,1.1415314941307761,-0.0016228683287283045,-0.01818460391090031
2023-11-22,0.0,-0.002154325071755281,0.0,0.004323533910452371,0.004092969575893557,-0.0007181083572517603,0.00019614847937108885,-0.07215465198708201,1.1471491663850206,-0.005297540388985356,-0.02348214429988567
2023-11-24,-0.00669517765492722,-0.002220511323415164,-0.0010306952761700572,0.0005499023114272639,-0.0014101383382274513,-0.003315461418170814,0.00019771943499942494,-0.11558656608214467,1.1975794907111978,-0.0017608667803849613,-0.02524301108027063
2023-11-27,0.0015318902726497718,-0.0006181548198147535,-0.0036114691863732284,-0.0017449349235559852,-0.0008726706428120456,-0.00089924457784607,0.0002207327466232842,-0.12053617672690145,1.2041610231891404,-0.000279469134636363,-0.02552248021490699
2023-11-28,0.0070356892742564625,-0.005752826231716579,-0.0024594660697333515,0.0009818031032033936,0.0026208562828886617,-0.00039220100906448935,0.00022963855857590962,-0.12686392162102114,1.2091698899049093,-0.0036663446787454012,-0.029188824893652394
2023-11-29,-0.006378942206755056,0.009207991839068619,-0.0020275586114931743,-0.000645775205938226,-0.0009738949895502502,0.00026716367360679616,0.00010502784491169543,-0.1473299946164509,1.2239487840752536,0.001258991359357795,-0.0279298335342946
2023-11-30,-0.015897371767413904,-0.010665221155569782,0.0020316779576319277,0.003877533427671276,-0.002514105853496651,-0.008176971655117252,0.0001325297552450432,-0.15228999161151335,1.2273315623072407,-0.0046333504122110505,-0.03256318394650565
2023-12-01,0.0,0.004050391551021715,0.003893008486278715,0.005865494412174321,0.002854874805183538,0.0026478000124334766,5.112267825248829e-05,-0.21540559934466838,1.2756184538243143,0.00021840668863798603,-0.03234477725786766
2023-12-04,-0.01739667899508568,-0.014584539000652041,-0.0063015594210587,-0.005025328639718829,-0.009283536690818384,-0.012760925805598808,2.049537098995665e-05,-0.22367205747736082,1.2840833742306041,-0.0019846116541948934,-0.03432938891206255
2023-12-05,0.014859317360314428,0.0,-0.0033334227696626417,-0.0003096852848716303,0.0025108142625871466,0.0038419648635505954,-2.9473565220564072e-05,-0.23233251961951576,1.2932658524923082,0.0005523381184932338,-0.03377705079356932
2023-12-06,-0.008722727059678248,-0.008061466563879516,-0.003997016126794484,-0.004170630298909073,-0.005783770329758409,-0.006927069916784083,0.0001098279942024954,-0.27447734323664497,1.3384209821711917,-0.0004405218696455484,-0.03421757266321487
2023-12-07,0.020113226091525327,0.02285724723159399,0.0072072205308761905,0.00782562102785489,0.013972188165274568,0.016725897951331836,-6.0046787943977034e-05,-0.3349346767425569,1.3997326630161937,-0.00015031156019297207,-0.034367884223407835
2023-12-08,0.008009783915202906,0.008565963835583945,0.010196767034347687,0.004250631460499088,0.004456547470950145,0.008924171595044847,-4.7605598506178946e-05,-0.3374378114863286,1.401685103605045,0.004159424767477219,-0.030208459455930616
2023-12-11,-0.0140587160111586,0.02400301720231779,0.008419659254031764,0.0038777332015487165,0.008542281748875835,0.006121320148396984,1.5914339785596995e-05,-0.3289072858138207,1.3974586092421757,-0.004556664661495932,-0.03476512411742655
2023-12-12,0.00774943123106242,0.010578168212135974,0.009083598229678191,0.004969760648641186,0.007964223199560028,0.009137065890958862,-2.3853980790741215e-05,-0.3046827513530121,1.3705370003845048,-0.0002401423545741535,-0.0350052664720007
2023-12-13,0.005229242613102647,0.011775872082915306,0.012514060932864002,0.013617153660725911,0.012717201049181837,0.009839725209627318,-5.166899431648667e-05,-0.3058721407043206,1.3712021204544187,-0.0033813509004335766,-0.038386617372434276
2023-12-14,0.0015300752035198872,0.018457580640087512,0.0010780744443574797,0.0029364618354641436,-0.0008667948235907552,0.007021910095988293,-9.774872678996121e-05,-0.33864294673932893,1.3893785710708142,0.009318377065139511,-0.029068240307294765
2023-12-15,0.00824938826748478,0.004732784304049442,0.0026690494138601473,-0.0015216671360065437,0.004833958212483003,0.005217073995131456,5.3925593218760053e-05,-0.26721847217633815,1.3342936524737348,-0.0016933889245712682,-0.030761629231866032
2023-12-18,0.015757428963578235,0.0017510298228597954,0.009270158293011255,0.005657088517720066,0.006298639806503914,0.008926205693149761,1.9388723824480345e-05,-0.24713487658959316,1.3202062924853715,0.001989376935363125,-0.028772252296502907
2023-12-19,0.004773261878567636,0.0033461350397465672,0.008195441108059809,0.006084449045552498,0.0051096565591699505,0.0054382793421246705,-1.3277418136782159e-05,-0.2234474939130637,1.305675702173402,0.00013955723557273602,-0.02863269506093017
2023-12-20,-0.011876348884456878,-0.027828886315929835,-0.015797541884859823,-0.01443441353069308,-0.01485989664896803,-0.018500925695082177,-1.3057026110735014e-05,-0.22293547522553714,1.3053196083763297,-0.002308897034694748,-0.030941592095624918
2023-12-21,0.013521581303671537,0.02472196259748971,0.01168771728946627,0.009742255111458542,0.011635536493141085,0.01664375373020917,-0.0001032316869257176,-0.1928100364091673,1.2946383644263015,0.003561578045179887,-0.02738001405044503
2023-12-22,-0.0026683303994979868,0.00011553209183357005,0.0018485839013790972,0.0023255972462632446,0.0014958511227458615,-0.00023473813542843983,-7.688932090437931e-05,-0.18024782986858703,1.2910469018738877,-0.00166987891542237,-0.0290498929658674
2023-12-26,0.004161763697032583,0.013792601086443979,0.005996215234923774,0.00415817591210943,0.0061219198129582875,0.007983526672800112,-0.0001252681329332059,-0.18306218000134317,1.291850320923217,0.0009613954779967796,-0.028088497487870623
2023-12-27,0.002854254733651862,0.0010815349394508456,0.0030565625441991706,0.0018302194628008195,0.002035729304862288,0.0023307840724339592,-7.118923581230397e-05,-0.19812646722667365,1.3028162532994556,0.00011240699896789864,-0.027976090488902726
2023-12-28,0.00029654910067788975,-0.00022738576051095638,0.00015259900954966987,0.00015992804388575976,-0.0004860462195607207,7.392078323886775e-05,-4.061025795856082e-05,-0.2219973692159369,1.3219469420229664,0.0007925619598340361,-0.02718352852906869
2023-12-29,-0.008595177510759777,-0.005403235890525715,-0.0021936604667303072,-0.0026714641242555626,-0.004327741973517596,-0.0053973579560052665,-2.6387707371790703e-05,-0.22156725378545014,1.321192188694813,-0.00024510032813301105,-0.027428628857201702
2024-01-02,-0.023019470863680613,-0.033739341558764235,-0.009252784790815705,-0.006387422914701402,-0.016922208079600654,-0.02200386573775352,-2.6754124458360645e-05,-0.22386785242745721,1.3238247489211086,-0.0010050124015872006,-0.028433641258788903
2024-01-03,-0.004895921235510858,-0.017754606773306092,-0.008475796019531412,-0.007419217687074875,-0.010581670779934216,-0.010375441342782787,-0.00011269625016056741,-0.24305939654095898,1.3442401307134904,0.0021582508459372426,-0.02627539041285166
2024-01-04,-0.00799517991928922,-0.0059047246226479055,0.0009326240370963745,-0.003156983795065904,-0.005146480269936471,-0.004322426834946917,-7.15870382572445e-05,-0.2439688552559386,1.3397493212651475,0.0018739479293184104,-0.024401442483533247
2024-01-05,0.0037198376527671773,0.006606515159463866,0.006521501824239939,0.001280754496829628,0.0011862768373671617,0.0056159515454903275,1.831450019624506e-05,-0.2186160445653334,1.3221126772601584,0.004309238882027028,-0.02009220360150622
2024-01-08,0.030883342833249783,0.03540460434537018,0.014871972687187318,0.014303018585487548,0.0206678183823108,0.027053306621935762,4.501928816168146e-05,-0.2236993697343937,1.3234279762381378,0.002855494521688002,-0.017236709079818217
2024-01-09,0.0,0.002675001848451375,0.0008818221428938955,-0.002430389390820742,0.001975555413500585,0.0011856079971150901,3.962165337157049e-05,-0.22216938647433904,1.329055268559251,-0.002019594106752569,-0.019256303186570786
2024-01-10,0.015278492479378292,0.0009279570259685954,0.00938622088671437,0.006596661369332235,0.006777520313429042,0.008530890130687085,-4.6283932281050147e-05,-0.18424943292504142,1.3036938667855835,0.0009567935148339802,-0.018299509671736804
2024-01-11,-0.0008851018333314586,0.0056785676297770316,0.00556712103199386,-0.00034254836859903826,0.0020808858539662634,0.0034535289428131444,5.1028230814595356e-05,-0.14534999233088874,1.2652484631827137,0.0007198736804602569,-0.017579635991276547
2024-01-12,-0.002067412820194625,-0.0035147146232076265,7.49294617532481e-05,0.00045681573609734905,0.0005129269839483364,-0.0018357326605496678,6.846921641134093e-05,-0.14714299207033665,1.26717692450536,-0.0024869538807422943,-0.020066589872018842
2024-01-16,-0.00029590707294102625,0.015900625027112536,-0.003216846691055042,-0.0034019425539171255,-9.76395027225685e-05,0.004129290421038823,5.572255293289719e-05,-0.13744743651906371,1.2592055670609978,0.0037289277902782256,-0.016337662081740617
2024-01-17,-0.006216696269982225,-0.006033090646425654,-0.005703965296546487,-0.005566884055555832,-0.005640685679002333,-0.005984584070984789,0.0002982413317613407,-0.23805817025934878,1.3106553812882937,-0.00021507259571747293,-0.01655273467745809
2024-01-18,0.014894289555857032,0.03246689051149643,0.01524735639587993,0.008892514828293896,0.014194012611296714,0.02086951215441113,0.0002775327555323414,-0.23348433744102254,1.309244908714504,0.004084803586177774,-0.012467931091280315
2024-01-19,0.017317210939261418,0.03810094678108089,0.014870020228131553,0.012239265583664727,0.01983106295393089,0.023429392649491287,0.00034431161712625204,-0.25030431448646795,1.327751660856876,-0.00018210475953694613,-0.01265003585081726
2024-01-22,-0.0014426226851150803,0.004647961801111489,0.0030770102289829904,0.0022784713194270445,0.001305889005749572,0.0020941164483264663,0.00027584594343708793,-0.21546640642530868,1.3030276269633396,0.0006075950799900754,-0.012042440770827185
2024-01-23,0.00635673269237369,0.005105054505120776,-0.0008766109427128521,0.0029709778435742518,0.004149429019001172,0.0035283920849272046,0.000312790334675687,-0.21206390986874205,1.303177554869079,-0.0015618038351914707,-0.013604244606018655
2024-01-24,0.008900222903194033,0.017776816517524052,0.009619853805553635,0.0008303056620133642,0.005549317427018474,0.01209896440875724,0.0003085109892584834,-0.20653668675932133,1.2953035039390741,0.004773891692241306,-0.008830352913777349
2024-01-25,-0.009106468760161635,0.0,0.007124391868533975,0.005628049945051172,0.0012212517412732993,-0.00066069229720922,0.00023327380052904864,-0.25625994969424376,1.3559681336057685,-0.0011077007462199143,-0.009938053659997262
2024-01-26,0.0,-0.02131300501614586,-0.0028754983983273474,-0.0006021255819400606,-0.0059576474513934885,-0.008062834471491068,0.0002475987714882132,-0.29601536157587216,1.3850703267601832,-0.00023691096260779893,-0.010174964622605061
2024-01-29,0.01636990357767143,0.011738364322989803,0.009372767678974991,0.007272925258003493,0.01024027270419925,0.012493678526545407,0.00026765659256516633,-0.2519512091361877,1.3631641324462933,9.927178985811268e-05,-0.010075692832746948
2024-01-30,-0.005651240856665796,-0.009922305380268281,0.0021428703727015552,-0.0007085454035042904,-0.0066563986780385775,-0.004476891954744174,0.0003120766619064561,-0.2298195997678548,1.349059696960794,0.004028072945743615,-0.006047619887003333
2024-01-31,-0.030690537084398728,-0.014422836670286987,-0.01368511151061147,-0.016291069320013563,-0.019586194198271678,-0.019599495088432395,0.0003775507333796126,-0.18749019730652094,1.3066620191516474,0.002561074435654391,-0.0034865454513489423
2024-02-01,0.01553800352946677,0.009146217896300435,0.01922256730950589,0.0131585547669677,0.011775466925497247,0.014635596245091032,0.00045866697995428703,-0.221156004031861,1.315457894295237,0.0015968917300759004,-0.001889653721273042
2024-02-02,0.05398379415155574,0.019459472662413324,0.028360667107764748,0.010274296129060945,0.016900592349121002,0.03393464464057794,0.00046498462082995384,-0.20131378399276875,1.3043355484461217,0.01349397406059643,0.011604320339323387
2024-02-05,-0.001369523428926822,0.019506271007039278,0.005377796234043775,-0.003654196565788581,-0.0013053399773723662,0.007838181270718744,0.0005811731750789888,-0.2621719487141472,1.3869597052245877,0.008109434211236666,0.019713754550560052
2024-02-06,-0.004662572827288214,-0.011336226510026082,-0.0028803453432908466,0.00311527086604646,-0.0020072365037400175,-0.006293048226868381,0.0008819241661708222,-0.4143911870768684,1.4966405261280684,-0.002879920103771302,0.01683383444678875
2024-02-07,0.01928902382272346,0.020182645109200648,0.014305249202146264,0.008215355174550965,0.01029028246796071,0.017925639378023456,0.0007767026301814337,-0.44461102057527085,1.5216753099517313,0.005143105432462479,0.02197693987925123
2024-02-08,0.0002703081808563823,0.014239834679274699,0.0012207650717372953,0.0006773089331517657,0.0018518257336479493,0.0052436359772894585,0.0008005540491687372,-0.42646787923753054,1.5205615005612934,0.0019161175160968451,0.023893057395348073
2024-02-09,0.016216216786146154,0.02216321734025062,0.005689011168237279,0.005675892552767792,0.009843070129471831,0.014689481764878018,0.00083379347721637,-0.4320496657275131,1.5222774146191758,0.0013240724191826373,0.02521712981453071
2024-02-12,-0.006648901815320407,-0.0038753916589143733,-0.0005390095482588064,-0.0004557959603544992,-0.003912551328795422,-0.003687767674164529,0.0007981850287141629,-0.44280810449762953,1.5357830449860528,0.0013210471452807155,0.02653817695981143
2024-02-13,-0.016331959828912557,-0.018516693014494323,-0.010241264408496487,-0.014094607112168478,-0.015597087102059426,-0.015029972417301122,0.0008205344248292519,-0.41082684731035163,1.5227530100283544,0.0021095614862348035,0.028647738446046234
2024-02-14,0.0152421714588733,0.020070270399949797,0.016201606842557448,0.009516123930606524,0.010897472952794196,0.017171349567126848,0.0009351896739562556,-0.4209796153957054,1.520088718303204,0.003677128391978434,0.03232486683802467
2024-02-15,0.0008043941612967398,-0.003344870594699678,0.006966768496588838,0.006764224867034541,0.002977453182766654,0.0014754306877286332,0.0009487017537161001,-0.4065431053780566,1.5181810416428578,-0.0012436350575232935,0.031081231780501376
2024-02-16,-0.008840178895767159,-0.004293778880517185,-0.0038584661641523077,-0.0051150614115172965,-0.00906755887617594,-0.005664141313478884,0.0009137985608179573,-0.4231030619975938,1.5298655254078914,0.005130007704452352,0.03621123948495373
2024-02-20,-0.015675746517968103,-0.019677793711985303,-0.01255493874495206,-0.005489710283240967,-0.007548238846027289,-0.015969492991635154,0.0010469006816768165,-0.4220402070237467,1.5214332278332896,-0.007849130745783457,0.02836210873917027
2024-02-21,-0.0005489703512092658,-0.006421244223923428,-0.004599259930487598,0.001007570609785402,-0.004001567073563916,-0.0038564915018734305,0.000902902574668577,-0.40429844876853954,1.5237757825400926,0.001745456156925527,0.030107564896095798
2024-02-22,0.048076883916826185,0.06829168074584335,0.03872833565183531,0.02100792910402771,0.029275630910127415,0.05169896677150162,0.0010163507477898407,-0.3744005743122695,1.5045485426533622,0.014501388924281267,0.044608953820377065
2024-02-23,-0.0036698609905168045,-0.006240161408738065,0.0014390730943301122,0.0004502346606043428,-0.0029449128400969027,-0.0028236497683082526,0.001128561424606853,-0.35909912847364434,1.5699090939311633,0.0008327131298193182,0.045441666950196385
2024-02-26,-0.004472439270389761,0.00829260064083126,0.0010448180493281,-0.0036636021627711735,-0.0005265985366975645,0.0016216598065898664,0.0011677805676083483,-0.3606302599689576,1.5694357771196175,-4.0863977729490176e-05,0.045400802972466896
2024-02-27,0.002907011209576371,-0.0028999216055669574,0.0010440314832480535,0.0018492686275288772,0.0024052664645026756,0.00035037369575248906,0.0012633436967467598,-0.37793505056834414,1.5820928615788277,-0.00401942147241932,0.041381381500047575
2024-02-28,-0.00632421346957468,-0.01110895525331046,-0.0003910655290816356,-0.0015453089448687063,-0.0053243191306493465,-0.005941411417322258,0.0011896916822250793,-0.37426120600154333,1.5794253006708803,0.0006999120548946925,0.042081293554942265
2024-02-29,0.013524368971923106,0.021888961300032372,0.005999088979230516,0.0036973562647082403,0.008569271385626687,0.013804139750395331,0.0012498352878732293,-0.3178009189125113,1.535914632944584,0.0005676583661359692,0.04264895192107823
2024-03-01,0.010727401894037536,0.04052838479736742,0.020222854373729726,0.009637411324081357,0.015056963984981575,0.02382621368837823,0.001273750010088088,-0.31112497001153744,1.5322001224984896,0.0024806209252396898,0.045129572846317925
2024-03-04,-0.008283750701993498,0.016096875153364554,0.002668535460269794,-0.0011880256684614343,-0.003568240659273636,0.003493886637213617,0.0013319317764820657,-0.3143166599319427,1.5372811261320225,0.007273927619705586,0.05240350046602351
2024-03-05,-0.016705888822245774,-0.015306325469250148,-0.007730464719258201,-0.01002396064379496,-0.017949601474812282,-0.013247559670251374,0.0014936068751988216,-0.30662927840842036,1.5238376716882107,0.00953747255465777,0.06194097302068128
2024-03-06,0.0074330400879198955,0.025786294455218295,0.009195380416972876,0.005298789870961995,0.006283871818859366,0.014138238320037022,0.001725139168836552,-0.26433276609647205,1.4596385302299049,0.004641561508922818,0.0665825345296041
2024-03-07,0.02503297234229529,0.0345482399583501,0.017843754700592074,0.009901342712114625,0.015177998812634153,0.02580832233374582,0.0018423699383655998,-0.27782289305845154,1.4797035674439099,0.004257833083108939,0.07084036761271303
2024-03-08,-0.017223716667935318,-0.0392022375805009,-0.017779589042590027,-0.006064207138518074,-0.014434791857945606,-0.024735181097008747,0.001871722049913716,-0.2916673189554215,1.4982528025004158,-0.006748666829927169,0.06409170078278587
2024-03-11,-0.014386573850851181,-0.017823141384189167,-0.012278315427702302,-0.0008291588649909087,-0.003712889683464171,-0.01482934355424755,0.0018926414788892902,-0.39658898149007704,1.5962728686975431,-0.01112403523671619,0.05296766554606967
2024-03-12,0.031847133757961776,0.03163192858531838,0.02063304301591029,0.01070211777796648,0.014335222823674165,0.028037368453063483,0.0017676892318651996,-0.438015383215898,1.638169692201055,0.007473843880244101,0.06044150942631377
2024-03-13,-0.007201712983030739,-0.01978334895786582,-0.002762694846024094,-0.0015156396458027022,-0.007686209152026224,-0.009915918928973552,0.0019031025178676958,-0.3382540014986631,1.6002636477485148,-3.173152688452398e-05,0.06040977789942925
2024-03-14,-0.0059585833131368116,-0.01790024868546769,-0.007302908377127104,-0.002192794351222549,-0.002521265848270393,-0.010387246791910535,0.0018075830984369363,-0.40096020234509244,1.645015149680543,-0.008926532640337877,0.05148324525909137
2024-03-15,-0.008079093822190742,-0.00738182774231444,-0.0031708352482257007,-0.006888059452727857,-0.01188694461583728,-0.006210585604243628,0.0017653597196396454,-0.4546513943053741,1.6897099062433738,0.008977876914222284,0.060461122173313654
2024-03-18,0.018654686677913812,0.002019863259068666,0.007226322460673895,0.006255140790580871,0.009537541766926338,0.009300290799218791,0.0019421369072279793,-0.4407370562095983,1.6621754045782735,-0.005738041114914962,0.054723081058398695
2024-03-19,0.002579280447870813,-0.002198987793684326,0.0069593931112619245,0.005602980746074682,0.0024914477168753724,0.002446561921816137,0.0018773337899977017,-0.41400951439698047,1.6381543907824423,-0.0011924605471278363,0.05353062051127086
2024-03-20,0.015178835602442264,0.016023872927133587,0.010806799518689125,0.008725936009449375,0.011856745766335886,0.01400316934942166,0.001935235273906999,-0.4627210856794263,1.6641154716674897,-0.00362538541401128,0.04990523509725958
2024-03-21,-0.0032944425720717874,0.022685164600018792,0.0038537606060562446,0.0033349585094377687,0.0047321419063495185,0.007748160878001083,0.0018885011936032624,-0.4657694915673128,1.6600152356047229,-0.00044244604784704576,0.04946278904941254
2024-03-22,0.011695873369180987,0.005876821128078191,0.0009906978454121695,-0.0013066789322914163,0.001143831632306247,0.006187797447557116,0.0019345043232175615,-0.4575360764358111,1.6544083517954036,0.001763075766962381,0.051225864816374915
2024-03-25,-0.0022617768728535603,-0.002459965619643567,-0.0030927587903220033,-0.0025878241256922507,-0.003629135295151742,-0.00260483376093971,0.0020101439836153635,-0.47621354910539176,1.668150267286276,0.0002066083567138985,0.051432473173088814
2024-03-26,-0.008060485627873204,-0.009291897984108344,-0.005336390669545499,-0.002803711741050985,-0.0032376941994982644,-0.0075629247605090155,0.0020512314401679678,-0.4777842666651004,1.6692450274567836,-0.005549220615877211,0.0458832525572116
2024-03-27,-0.005078852081157437,-0.0003555651411671912,0.0018715727603526577,0.008728581768463917,0.0034060858633502278,-0.0011876148206573234,0.0019574154039891174,-0.4549244026664551,1.6582728107512104,-0.004822404955780429,0.04106084760143117
2024-03-28,-0.0007655972898512609,0.0004446999693736853,-0.0009962495610459365,-0.00012496373179049503,-0.0018434913991232094,-0.00043904896050783737,0.0019647594664873895,-0.5373682859797644,1.7091180537178672,0.0006797844587579675,0.04174063206018914
2024-04-01,0.00332052872566746,0.013111690342136884,-0.00137126960221301,-0.0013104548425579843,0.002117217732707344,0.005020316488530445,0.0019548534497303965,-0.5558201891101369,1.7260117522534508,-0.0013172569083431057,0.04042337515184603
2024-04-02,-0.010437915324935765,-0.012854316398522414,-0.005742335932602538,-0.006540733929754072,-0.008630418663012396,-0.009678189218686906,0.0018836682928587254,-0.5375625196716713,1.7180069791295929,-0.00025079142746063654,0.0401725837243854
2024-04-03,0.007460800612143492,0.003999892044389108,0.005398894822027822,0.0009016465513929095,0.0022445700499320598,0.005619862492853474,0.0018596181103178206,-0.5356490523411381,1.718401882305133,0.0003861371045669427,0.04055872082895234
2024-04-04,-0.012257405922865394,-0.026647818395656886,-0.013361795237096463,-0.012317692833120009,-0.01529087688639219,-0.017422339851872914,0.0018257983254248756,-0.5363769098474256,1.7192111218867125,0.0004331814109094362,0.04099190223986177
2024-04-05,0.014736298323757335,0.012506171946982336,0.01822567176642509,0.010626002152349656,0.011784091469421387,0.015156047345721587,0.001868754033260555,-0.540489296066948,1.7300504156862715,-0.0013565386093671462,0.03963536363049463
2024-04-08,0.004331144072660997,0.001886477281445087,-0.0037290906452767114,0.0003988035629611808,0.0002951435113409673,0.0008295102362764576,0.001988022851592886,-0.6191016686083396,1.781323261301349,-0.0014373586662140337,0.038198004964280594
2024-04-09,0.0,0.004662478130526004,-0.0042419608102161055,0.0012376814609855735,0.003699386501347268,0.00014017244010329963,0.0019812922144404966,-0.6112951003912555,1.777739546155361,-0.007661076841349986,0.030536928122930608
2024-04-10,-0.00202936091163497,-0.008701498409592778,-0.0070168541437364285,-0.009680139551744515,-0.00872841154811066,-0.0059159044883213925,0.0018827825534772145,-0.5856402524607943,1.7574677071986153,0.001872135018205971,0.032409063141136576
2024-04-11,0.02491106590707215,0.023227534458004184,0.017791971293731335,0.0072147374560094235,0.01596823136803649,0.021976857219602557,0.002005762405757245,-0.6134091652219806,1.7726116862848125,-0.003908792638249389,0.028500270502887188
2024-04-12,-0.018105126478419664,-0.02916725030024847,-0.016613014867245313,-0.01363268902076109,-0.015941811586710042,-0.021295130548637815,0.0019260144803519774,-0.5663256171821052,1.7313115348999264,-0.0033414437652516324,0.025158826737635556
2024-04-15,-0.023743335911449392,-0.015044375777570562,-0.015128570422065168,-0.012692627726413996,-0.016451027969016763,-0.017972094037028374,0.001870047124543623,-0.5436713249166729,1.7239097845831384,0.0016173291879732765,0.026776155925608832
2024-04-16,-0.006209673609841038,0.008281266411822585,-0.0007679636521017441,-0.0017901751671606236,9.27903276795039e-05,0.00043454304995993454,0.0019152956440771532,-0.5544031710806011,1.728174832155529,-0.002633589292543997,0.024142566633064834
2024-04-17,-0.010674236217142363,-0.03084509330531815,-0.012170159813529313,-0.006028844201241834,-0.012201404965978324,-0.01789649644532994,0.0019694352823122607,-0.5703679559088991,1.7591932493694589,-0.0018399620222256663,0.022302604610839168
2024-04-18,-0.005263294597792956,-0.017749495401338966,-0.0059656435703876465,-0.002282743427294953,-0.005706311438371525,-0.009659477856506523,0.001956068830642603,-0.5777501214262559,1.768249883432076,-0.002844217443726203,0.019458387167112963
2024-04-19,-0.03306871767794883,-0.0451517433249784,-0.0240051774960941,-0.008366913380098984,-0.020689110331125526,-0.03407521283300711,0.0019826805262471545,-0.590968105861383,1.7828236710330154,-0.004117436680453328,0.015340950486659635
2024-04-22,0.009302397069137491,0.01912552723330352,0.011629410528697814,0.00867918201232154,0.010056611971531515,0.013352444943712941,0.0019377290863791554,-0.6374888520182906,1.8266183996507785,-0.001421994830521316,0.01391895565613832
2024-04-23,0.019788524637492033,0.02354452955998476,0.016120762743544903,0.012613244392088774,0.014922888857358041,0.019817938980340566,0.0019285414233089005,-0.6281986342593743,1.818369497262843,-0.0013223054515418796,0.01259665020459644
2024-04-24,0.010898389133965125,0.0011548337698579214,-0.002340743655559585,-0.0007315021717504422,0.0033875974303931855,0.003237493082754487,0.00190531561399225,-0.6385278675759116,1.8229278551792694,-0.005310252771090174,0.007286397433506266
2024-04-25,-0.01498816826139715,0.019996171991392142,-0.007951215919445365,-0.004133482096972618,-0.0048298624030534976,-0.0009810707298167909,0.001847480101475552,-0.5899864373339082,1.7924448942804427,0.0033900129969616022,0.010676410430467867
2024-04-26,0.033635880605433544,0.025636219722259046,0.01248207353653763,0.010009058677840077,0.015431750419347301,0.023918057954743405,0.0018455652704764348,-0.6501026341487176,1.83644636949417,0.00023982606352939903,0.010916236493997266
2024-04-29,0.01575420045850806,0.0034001901772551246,-0.0003892636851080544,0.0034889386161252034,0.004060339166847449,0.006255042316885044,0.0017554902396940512,-0.610457069920262,1.8226863252491177,-0.0007713253533638024,0.010144911140633463
2024-04-30,-0.02745995423340941,-0.019644686178600712,-0.015318811866841697,-0.015805177158416894,-0.018856160112917686,-0.02080781742628394,0.0017482798724312394,-0.6031425635279305,1.8183714484235018,0.0021986308091757577,0.01234354194980922
2024-05-01,0.0007842117341083643,-0.029146607340851505,-0.004350821128583093,-0.003250613188798712,-0.007230524808827132,-0.010904405578442078,0.0016489677937681518,-0.5888507983847111,1.7818827068386986,-0.0015835524254569668,0.010759989524352254
2024-05-02,0.017502682054889807,0.020110680267877212,0.011387882969832175,0.009327484631802996,0.012763308030204312,0.016333748430866397,0.0014898396348092427,-0.5322142355895156,1.746335903469571,-0.0024808941608421356,0.008279095363510118
2024-05-03,0.021309405086024524,0.026882900457525283,0.018853338152977184,0.012407857764485497,0.020098456688050437,0.02234854789884233,0.0014791885936772816,-0.5004955280742542,1.7192059853244714,-0.007473950404609513,0.0008051449589006054
2024-05-06,0.015082956259426794,0.02268869189862177,0.017090309664438808,0.010085550629282514,0.010953451589795327,0.018287319274162456,0.0013021332905240029,-0.47349211048749656,1.6753115945044337,0.0034101701882987973,0.004215315147199403
2024-05-07,-0.004210037156763713,-0.008712432356371758,0.0011370530339123164,0.0014322915289166627,0.00015897586429280963,-0.003928472159741052,0.0013260754524417205,-0.4461747934022786,1.6617236286738293,-0.004879669185260753,-0.0006643540380613499
2024-05-08,-0.004973919593587506,0.003035329525037822,-0.00012598923065965106,4.212422844318553e-05,-0.0005905582785411534,-0.0006881930997364449,0.0012593763400407854,-0.4612869889632816,1.6726554378151708,-0.0009403375653276454,-0.0016046916033889953
2024-05-09,-0.00024990503023825106,-0.006413656320182315,0.002650411747119552,0.005742254420150861,0.0021815630061603475,-0.0013377165344336712,0.0012237286174101702,-0.4689944211782936,1.6788492058805804,-0.0035308751842774416,-0.005135566787666437
2024-05-10,-0.005000032672302757,0.01509224744612836,0.001384733971450558,0.001234007886674382,0.0023582036555938046,0.00382564958175872,0.0011039603212364664,-0.46626143389751085,1.6842152253267275,-0.0006746629539683435,-0.00581022974163478
2024-05-13,0.0037689424867473065,-0.00017914658066531253,-0.0025141546037003026,6.274550736917739e-05,0.002307379989724856,0.0003585471007938971,0.0010635776850996387,-0.47603460345953136,1.6871035965769974,-0.004567950630920988,-0.010378180372555768
2024-05-14,0.011514360066000595,0.01711011783167371,0.005923150162118196,0.004741282806154379,0.0064322536044927325,0.011515876019930834,0.00098980542925101,-0.42672870526387396,1.6534763861512558,0.001913732619074916,-0.008464447753480852
2024-05-15,0.010393466963622977,0.0300334719291504,0.018917498533199684,0.012181896625750532,0.015630123329071877,0.01978147914199102,0.0009162241678824203,-0.43707045533589295,1.6713072796298563,-0.0019331368222101075,-0.01039758457569096
2024-05-16,-0.0034288831836915,-0.0072680294125957445,-0.0057788544590414714,-0.0019099982619970035,-0.0020311940780571858,-0.005491922351776239,0.0010214958219370391,-0.46525576250965106,1.6772671814717273,-0.0039952007051657626,-0.014392785280856722
2024-05-17,0.0019661170544809092,-0.008397957666909539,-0.001360416276644516,0.0014814213894616124,-0.00048682776902764235,-0.002597418963024382,0.0009177643937680162,-0.47878535940072986,1.6899996168680356,-0.0019831617412776554,-0.016375947022134376
2024-05-20,0.0029433406916852256,0.020629750198945196,0.005572711376150341,0.0009864328241504516,0.006972808324242408,0.009715267422260254,0.0007484562042167295,-0.531326680585465,1.669291972195386,-0.002148723663195084,-0.01852467068532946
2024-05-21,0.012227864984587056,-0.0014042776265696943,0.0028325791466465855,0.0026889322160870144,0.0019562918516129457,0.004552055501554649,0.0006822698421027557,-0.5144383682965854,1.6567956160833583,0.002011899797623894,-0.016512770887705565
2024-05-22,-0.009422472175294239,0.008181683223516867,-0.0013507983664773349,-0.00290700793894616,-0.00019732756674240015,-0.0008638624394182356,0.0007144261501379004,-0.508301612009354,1.6531122488305536,-0.0027297207934326682,-0.019242491681138233
2024-05-23,0.0017071901516956256,0.013652344205636213,0.0019676025654418172,-0.007432291219916398,-0.004498492504816931,0.005775712307591219,0.0007157471253740415,-0.480912016201104,1.636345315144467,0.008846774162123101,-0.010395717519015132
2024-05-24,0.0158266706143817,0.01851387077068578,0.010309271485568372,0.006805362351539612,0.009456352655899725,0.014883270956878617,0.0008747945108265405,-0.6166237044790936,1.720604445529506,0.0019341817713451719,-0.00846153574766996
2024-05-28,0.01174493600565385,0.022803543610643073,0.005101943295692468,0.0008013341381498673,0.0037777543067627484,0.013216807637329797,0.0008963864016724021,-0.6120075520886896,1.7197517120900738,0.006314044343040709,-0.0021474914046292507
2024-05-29,-0.0016583441383408726,-0.01673139776149546,-0.0027797637917428286,-0.00704133869912027,-0.007048467325726948,-0.007056501897193053,0.0009624234603650373,-0.6444221035251276,1.7376405044584966,-0.00030881733414265655,-0.0024563087387719073
2024-05-30,-0.017323178563447117,-0.013759343143431968,-0.015513329059016145,-0.006719234543803965,-0.010713288327868331,-0.01553195025529841,0.000825247571491311,-0.6683643971110929,1.7600225986243119,-0.001992465409080957,-0.0044487741478528645
2024-05-31,-0.0007243685045064119,-0.00738848171047779,0.002339063321219914,0.00870036806535679,-0.0018603122153434404,-0.0019245956312547625,0.0005953106661639347,-0.7430762299541582,1.8520396226290954,0.0073905023370771416,0.002941728189224277
2024-06-03,0.012083068337224834,0.012475097306065885,0.006386688027977705,0.0010936292356598099,0.005369373300826874,0.010314951223756141,0.0005790447139675897,-0.5805499687378695,1.7323350057744076,0.0010692596002688012,0.004010987789493078
2024-06-04,0.003104075921916971,-0.0036142540993835404,0.0010983369621366812,0.00121600869134042,0.002736534697899362,0.00019605292822337064,0.0005230767474320106,-0.5805430844181211,1.7201237058099066,-0.004328256588486673,-0.00031726879899359513
2024-06-05,0.02047134794122485,0.04868091608645697,0.02279655161726568,0.011961215886244103,0.020159757828400737,0.0306496052149825,0.0005176854878437897,-0.5359694827649304,1.675831402830358,0.0027584111766395317,0.0024411423776459365
2024-06-06,0.0025658362309253224,-0.007861335823389881,-0.001191947196609866,-0.00022375193164836382,-0.0003452283294592684,-0.0021624822630248084,0.000718850289582264,-0.511843338947244,1.6607418505151323,-0.0024225233536814333,1.8619023964503226e-05
2024-06-07,-0.0018612704527808388,-0.0007923077925739985,0.0010739586712289473,-0.0013024459311210546,-0.0008847323053207123,-0.0005265398580419633,0.0005486412667508526,-0.5299880941082445,1.6502171710576359,-0.00030546151947705505,-0.0002868424955125518
2024-06-10,0.002330972018878441,0.014471997129630099,0.006198735398475819,0.003280570651478687,0.004039294135935068,0.007667234848994786,0.0005180569361081999,-0.5427539115513842,1.66144930433844,0.0022186380339296588,0.001931795538417107
2024-06-11,0.011162791035255415,-0.0014851944732282574,0.007937390491164376,0.002274407812539847,0.0068625972205149655,0.005871662351063844,0.0006913204424705338,-0.5502424874379803,1.6624515495735916,-0.004976917662530916,-0.0030451221241138094
2024-06-12,0.019089266909236624,0.029787066058121203,0.01304654963284424,0.00832777893671044,0.013097752241512106,0.02064096086673402,0.00043275200550310476,-0.5494390034034957,1.6803688666482408,0.0027747603310725698,-0.00027036179304123966
2024-06-13,0.003836547037232574,0.015659981664903455,0.008933655690758435,0.0018889607940346664,0.005420323768082991,0.00947672813096482,0.0005236998792223986,-0.5561620232614268,1.697380556571984,0.0008032443345451935,0.0005328825415039538
2024-06-14,0.0013490086483547437,0.002545033467932223,0.005404717388793001,0.0008023083110175744,0.005181118203588797,0.0030995865016933224,0.0005215453236972317,-0.5680471756211161,1.7059618626543585,-0.0058049999131797765,-0.005272117371675823
2024-06-17,0.012123933188912472,0.017133787614308726,0.010751592858123216,0.00793606959640969,0.012249786876435298,0.013336437887114805,0.00046246468045183837,-0.5267279242052662,1.6771683278868181,-0.003490831900992513,-0.008762949272668335
2024-06-18,-0.002883733271071498,0.015707567844009285,0.0029421983108672833,0.0026644080900597444,0.00030927395884616793,0.00525534429460169,0.00039777769739106453,-0.5257380616321115,1.6683796071063324,0.005742360975927562,-0.003020588296740773
2024-06-20,-0.00889883376276579,-0.028327778485735866,-0.007446733988406895,-0.002776338727267458,-0.007707942643185195,-0.01489111541230285,0.0004469829152886765,-0.4729128092771686,1.6314653360658145,-0.004075823239868421,-0.007096411536609194
2024-06-21,-0.00314256566532245,-0.014985811021952844,-0.0069342915519798876,-0.0021873573566056903,-0.0026793825340594157,-0.008354222746418394,0.0003384496286597988,-0.49742056679932733,1.6567499005110842,-0.0053416421644596,-0.012438053701068794
2024-06-24,-0.014186082405264422,-0.03439170851031048,-0.012612800295421,-0.002690459814657875,-0.011384536969867076,-0.020396863736998633,0.00031396255662104135,-0.49858110977569536,1.6582153707360419,-0.003174224541672401,-0.015612278242741195
2024-06-25,0.026267853782193207,0.02341855791605507,0.013458461479845862,0.004156467639145678,0.011435543662476233,0.021048291059364715,0.0002982666451115209,-0.49118243451674315,1.6620333448557847,0.003785353424649085,-0.01182692481809211
2024-06-26,0.015357221901393547,-0.0032853149627896094,0.004121539120529594,0.0011144097344979453,0.0020651264578768203,0.0053978153530445105,0.0003077629210440156,-0.5286859763716133,1.694949226342503,0.0021789407384838213,-0.009647984079608289
2024-06-27,0.004164896873394275,-0.007857288485947023,0.0030782014155663617,0.0015504879107801628,0.0025812398193842956,-0.0002047300656621287,0.00033674542130189187,-0.526659433228018,1.6938523600843496,-0.004097135562653435,-0.013745119642261723
2024-06-28,-0.015280561911551138,0.007108225048576333,-0.005910566826193175,-0.0038560152673209336,-0.005190872071502262,-0.00469430122972266,0.0002471778183918198,-0.5233915475956114,1.6931372427764184,0.0018291739803185667,-0.011915945661943157
2024-07-01,0.02194626624453444,0.0011892377697102496,0.0061744449618963415,0.0022993507384474476,0.00586514189969467,0.00976998299204701,0.0002472822641169828,-0.5226648274052809,1.6900826573758874,0.0008119158770622404,-0.011104029784880917
2024-07-02,0.022776658577167597,0.010037906030224253,0.0060227571364022126,0.006483336518596561,0.010499651195425175,0.012945773914598021,0.0002207165903799211,-0.514693272668636,1.6914393555497,-0.001697536236699949,-0.012801566021580866
2024-07-03,0.01675492633407405,0.022721231617464754,0.008245798365275281,0.004519169211326224,0.008337139646424241,0.01590731877227136,0.00019105099757783773,-0.5181355957944613,1.6897501088754983,0.003970127581244428,-0.008831438440336438
2024-07-05,0.019190683672428932,0.00037075308950451635,0.010194860270240413,0.0059784966914118165,0.010426789998747132,0.009918765677391287,0.00024107538153232873,-0.5257725250387904,1.6997572384688597,-0.004901992177126549,-0.013733430617462987
2024-07-08,-0.00040927958011072185,0.01664692557704206,0.0029943087433712545,0.0009610068038545805,0.002378330873644696,0.006410651580100864,0.0002664699805799476,-0.5341472450533278,1.6989675993109512,0.002616793641514097,-0.01111663697594889
2024-07-09,0.010032813283788578,0.0021880675023253637,0.002100831520625457,0.0010975542338760302,0.0008645993623022097,0.004773904102246466,0.00023578042804953288,-0.49710108996895813,1.683357723078566,0.0036282890662565253,-0.007488347909692365
2024-07-10,0.010338535842524532,0.023507210351792374,0.011144341479393027,0.009630170735168475,0.010426446623005292,0.014996695891236644,0.000315280641224848,-0.5049354935639718,1.6920385944707406,0.0019020801739653356,-0.0055862677357270294
2024-07-11,-0.04494392224460664,-0.03644189103890649,-0.020842492644238764,-0.008568966521939503,-0.021930178182697713,-0.034076101975917296,0.0003788350501610896,-0.5055514894417996,1.6897061549792347,-0.0017314337591261622,-0.007317701494853192
2024-07-12,0.006512660036097406,0.012655986060625901,0.0028975602404672784,0.006179078727734488,0.005874839717118441,0.007355402112396862,0.0002498304576226114,-0.4967388310877361,1.704926910189191,0.0001587876724246911,-0.0071589138224285006
2024-07-15,0.003130870381966133,-0.002259201245479181,0.0036671265672041375,0.003031754338178816,0.002687837989597597,0.0015129319012303633,0.00026956013562866895,-0.5012779317893724,1.7073228307703328,-0.0018258838551143803,-0.00898479767754288
2024-07-16,-0.004369619250319423,-0.00043815344039155324,-0.0017715122243689985,0.005677205190909751,0.00038292979643195224,-0.002193094971693325,0.0002500363999100375,-0.5055799448347511,1.7087073545366427,-0.00022716524380214393,-0.009211962921345025
2024-07-17,-0.03301972051964408,-0.07120671057311356,-0.0337178636195854,-0.013968146686329952,-0.029354831654910818,-0.045981431570781016,0.00027490216101746026,-0.5065122207972876,1.7069477406660143,-0.003224207159332519,-0.012436170080677544
2024-07-18,-0.00043227359554498523,0.005192314542332932,-0.0032139067787456677,-0.007522600282748426,-0.004732570951759052,0.000515378056014093,0.0002596360083948221,-0.5019217270760317,1.7095650480398965,0.00457062340809572,-0.007865546672581825
2024-07-19,-0.01340543314503384,-0.028958302136197434,-0.005642560425840437,-0.006674131013511331,-0.008863606867177798,-0.016002098569023904,0.0003703364762765401,-0.5617141570951596,1.7382702515396633,-0.004714044783339788,-0.012579591455921612
2024-07-22,0.024326101249178,0.03860726703304973,0.014939193821688956,0.010385531891680344,0.014897758704585984,0.025957520701305564,0.00026029084630587894,-0.5458149351526917,1.7375663941990032,0.005479963397009124,-0.007099628058912488
2024-07-23,-0.0006418485237483784,-0.011097312406283089,0.0029666599385846926,-0.0016672787691329738,-0.0035245376577789367,-0.002924166997148925,0.00037990731663113957,-0.555835503439056,1.757923046127359,0.001965058927758995,-0.005134569131153493
2024-07-24,-0.060586570319201116,-0.054461239311462406,-0.035381131883955086,-0.022890651757308977,-0.0358704404033825,-0.05014298050487287,0.00031402588604710494,-0.5343695205313742,1.7496360977323107,7.114437618974123e-05,-0.005063424754963752
2024-07-25,-0.010027465554258375,-0.018341812655727763,-0.01214758360923418,-0.005047433966863912,-0.011027622762212252,-0.013505620606406773,0.00028956240453463684,-0.5365699379422753,1.7462000052371889,0.0027529505838194673,-0.0023104741711442844
2024-07-26,0.010359206758365325,0.01585217770847791,0.011461254199690574,0.01121699918105401,0.010255948188858888,0.012557546222177937,0.00032604223119259753,-0.5293043180786495,1.736385068877786,0.0003604347910831588,-0.0019500393800611256
2024-07-29,0.010480717694460573,-0.007115747704663389,-0.0024787141768481957,0.0007397216326161526,0.0020087719082060307,0.00029541860431632944,0.00023499542044390018,-0.4805525242316786,1.7188363216376867,-0.003036851836055071,-0.004986891216116196
2024-07-30,-0.02029312348114931,-0.03826490620021816,-0.014909515743855462,-0.005232818213897983,-0.013731418568691423,-0.024489181808407645,0.00018585088821167597,-0.4725943875415137,1.7135703087734022,-0.003618282058883128,-0.008605173274999324
2024-07-31,0.03452253040421427,0.0763499009731039,0.03303313304992539,0.015760625275752282,0.029593755234049057,0.04796852147574785,0.0001423945471132578,-0.4889213590033258,1.7342660598274742,0.004208387971944616,-0.004396785303054708
2024-08-01,-0.020912268021409774,-0.06469904555912431,-0.017907140900320084,-0.013638316071535872,-0.024221482054645804,-0.034506151493618055,0.00027792044922413507,-0.501325878509673,1.7777814898499609,0.0014391897246848057,-0.0029575955783699027
2024-08-02,-0.03408307729592208,-0.05445646523528591,-0.026758237954217057,-0.018275466819295927,-0.023734827819233306,-0.038432593495141686,0.00026535101763561306,-0.5347029433912441,1.7867153349455736,-0.006062509575986898,-0.0090201051543568
2024-08-05,-0.038108680310515286,-0.023440043193622584,-0.031873500592931814,-0.03002583536880954,-0.029816183721446454,-0.031140741365689895,0.00019063322299256251,-0.45426300234926775,1.7582752337840273,0.00745405669201106,-0.0015660484623457403
2024-08-06,0.01247248716067495,0.019455300593709923,0.01608455099655215,0.009974656923299019,0.009554938666159085,0.016004112916979008,0.00033074525021548496,-0.6090797981892961,1.830304643193403,0.0042602810865148,0.0026942326241690597
2024-08-07,-0.01400972465652739,-0.027545289496456626,-0.00976988600091544,-0.006938314005207169,-0.01082975830703381,-0.01710830005129982,0.00043164238819133025,-0.5625503521573401,1.8059891859563733,-0.0018846670374743843,0.0008095655866946754
2024-08-08,0.03209214561133589,0.06355511152935267,0.03397023082802608,0.023331389094658483,0.03059100901963574,0.04320582932290488,0.00040340553872651085,-0.5619562864284551,1.8079238777902922,0.0006074289047323517,0.001416994491427027
2024-08-09,0.00735814643195698,-0.00026679625276715413,0.010025406139944959,0.004285188799177719,0.005222306599500515,0.005705585439711595,0.00048429301519160704,-0.5706670947984098,1.8162846363650087,-0.001818486575850954,-0.00040149208442392687
2024-08-12,0.002827521379683562,0.00938405241678808,0.004903068147895873,0.0005104551351824416,0.0021535194988202555,0.005704880648122505,0.0004211535184788969,-0.5742809997164872,1.8164073902863924,0.001665203082203635,0.0012637109977797082
2024-08-13,0.03007522036205712,0.04066795813874635,0.023206102761325065,0.01660979257272932,0.02481288914248747,0.03131642708737618,0.00048192462587034655,-0.5701945804909683,1.81746597328992,-0.004791265545930658,-0.0035275545481509496
2024-08-14,-0.007299210965136527,0.0008467834271810304,0.006047872777402263,0.0031914561687371723,0.00032432239285773434,-0.00013485158685107765,0.0004660803369593331,-0.5789406319686693,1.810777148895049,0.0006594561495568476,-0.002868098398594102
2024-08-15,0.03124996918595424,0.04221834615853104,0.023352509776547903,0.017166809087703294,0.02526308746381556,0.03227360837367773,0.0004977173647544442,-0.57190344262343,1.8061050420704587,-0.004034141421624296,-0.006902239820218398
2024-08-16,0.0013368114712488666,0.0013800941204724637,-0.0014685838546945051,0.0021047827559776966,0.0012857785713928926,0.00041610724567560836,0.0004902401262312932,-0.5955443074265936,1.813821295353628,-0.0011528140457653044,-0.008055053865983703
2024-08-19,0.016243853203825598,0.01876693061865975,0.011313467500330576,0.00961828372721385,0.01313593392569845,0.015441417107605307,0.00043784407759948397,-0.6020943574414093,1.8177822698656874,-0.003083580397830009,-0.011138634263813712
2024-08-20,-0.003065413075644785,-0.013050069839215417,-0.00011185518539758021,-0.0016526187686338734,-0.0020984734454685405,-0.005409112700085927,0.00044213991709825674,-0.6222467086666112,1.8270977507667812,-0.003045473094387892,-0.014184107358201603
2024-08-21,0.005051643169961206,0.010360386686787848,0.005034739642879593,0.003505438543146777,0.0046640412800111886,0.0068155898332095495,0.0001987940285970224,-0.5314904143124425,1.7739792647411092,0.0002059902676199831,-0.01397811709058162
2024-08-22,-0.02556818254476878,-0.032757470318363624,-0.011911432500747332,-0.008092413905205209,-0.015854886118082945,-0.023412361787959912,0.00017824946471252628,-0.5323170559619153,1.7733844116588666,0.00021846669211831454,-0.013759650398463306
2024-08-23,0.018838305101976927,0.024626732964368347,0.009576482984923862,0.010819026158529477,0.010845479565178007,0.017680507017089713,5.6841310473010494e-05,-0.5035931983663641,1.7526686802431777,0.00406352133689503,-0.009696129061568276
2024-08-26,-0.013427222475688061,-0.02343086175718545,-0.00836966543809936,-0.002458007797483952,-0.009708391689259521,-0.015075916556990957,7.061248979738641e-05,-0.46751924059141037,1.7342738843212837,0.0005413151798087726,-0.009154813881759503
2024-08-27,-0.003346807255027895,0.010058863622909975,0.004051326918078635,0.0013387499098043154,0.002987358803862694,0.0035877944286535715,8.105350068040516e-05,-0.46443893888749355,1.7316044733766656,-0.0010444153528313964,-0.0101992292345909
2024-08-28,-0.012312485955741859,-0.0168155771396451,-0.008294096404786178,-0.005716201198306514,-0.011347362311018738,-0.012474053166724378,2.7259432029465118e-05,-0.5758881787181572,1.8044624921919845,0.004682684379513141,-0.0055165448550777586
2024-08-29,-0.004533032887787614,-0.012370831227469625,-0.0051989572324188105,0.00015598141169692603,-0.0014637976999389846,-0.0073676071158920164,7.857166784080982e-05,-0.5561570444806399,1.7862018846291101,-0.004744790412462775,-0.010261335267540535
2024-08-30,0.016393353798489274,0.023328179550671013,0.013974000468111258,0.009411239148824135,0.011919325275470571,0.01789851127242385,7.588860862838633e-05,-0.5727111079202838,1.7985080624784657,0.0017755412563841035,-0.008485794011156431
2024-09-03,-0.03337808085648164,-0.07504315403504036,-0.03137248742410381,-0.020230054333260306,-0.030360885765780887,-0.04659790743854194,8.059603564123546e-05,-0.5635198653811218,1.7923143327231528,-0.003662290256535361,-0.012148084267691792
2024-09-04,0.0025491866172582256,-0.0023979759346278717,-0.0037015412950260895,-0.002482481053866059,-0.0025985712565765873,-0.0011834435374652452,4.394405372616997e-05,-0.5565944832401075,1.797129950466745,0.002060847383094438,-0.010087236884597355
2024-09-05,0.015487810013888659,-0.0017360116652975766,-0.003134669389494804,-0.0024688906801276778,0.0009336783109326063,0.003539042986365426,7.685767224734172e-05,-0.5623923816070361,1.800465436663232,0.0003926444767974003,-0.009694592407799955
2024-09-06,-0.03892547574431948,-0.04129133462700885,-0.02259521754151428,-0.016651775786257983,-0.026787343464141244,-0.03427067597094754,4.938848332789239e-05,-0.5662109315399286,1.8022408417331515,0.0045287624986023595,-0.005165829909197596
2024-09-09,0.014211181001172246,0.02260458701891821,0.014180318087653188,0.011255664312111557,0.01285965261226707,0.01699869536924788,0.00022734109950865055,-0.597848453408352,1.816481218786739,0.00014121832051374947,-0.0050246115886838465
2024-09-10,0.015413358711895864,0.00946060833810125,0.006462408947200515,0.004121612671414976,0.009241856199054377,0.010445458665732543,0.000199588913579806,-0.5939073657706252,1.8123054717060874,-0.004055340681707436,-0.009079952270391283
2024-09-11,0.024839007182621886,0.05163557197689461,0.024165227334600026,0.01023196654272529,0.021715358771604798,0.03354660216470551,0.00010382430820218662,-0.5672858581883985,1.7914920318670313,0.00034433556918438135,-0.008735616701206901
2024-09-12,0.013240604075585027,0.0021422311875975986,0.012196468785315329,0.008597434355995803,0.009816027787160397,0.009193101349499319,0.00023450595662658955,-0.6117873047932011,1.8232925142552885,-0.0036790933983875864,-0.012414710099594488
2024-09-13,0.00221481062258877,0.012868766633648887,0.0031532774190745627,0.005312839520435819,0.004479868709727386,0.0060789515584374065,0.00025900962780585996,-0.6311185379875807,1.8372018486089918,0.0009425503662949079,-0.01147215973329958
2024-09-16,-0.008839836735369477,-0.013127338060493932,-0.0032556099388915127,0.001509949421114376,-0.004417785190814927,-0.008407594911584973,0.00018645537410294738,-0.6521255328001567,1.8509434886110083,0.0005676970180786087,-0.010904462715220971
2024-09-17,0.006243090861440148,-0.0003422021378293172,-0.001576729028701429,0.000464006319433663,0.0005282093507521513,0.0014413865649698006,0.00023026404523393041,-0.6387874309867421,1.8405696989588876,0.0005353177987873568,-0.010369144916433615
2024-09-18,-0.0017726856347284325,-0.01138119514685465,-0.0033842779117965183,-0.0032458731050583056,-0.004329407786512474,-0.005512719564459867,0.0003323304539694283,-0.6519354158107571,1.848122506990394,4.0126321348730315e-05,-0.010329018595084885
2024-09-19,0.03706995331411567,0.043408671527482845,0.025353833077345067,0.01744477190348115,0.025284116720639016,0.03527748597298119,0.00034902191137980683,-0.6386080949644857,1.8381264865930518,-0.0004065680203433619,-0.010735586615428247
2024-09-20,-0.004708876406961937,-0.013231592598669573,-0.0006622409546529484,-0.001962171151615122,-0.0019033634423816226,-0.006200903320094819,0.0002893710324905068,-0.616864707951567,1.8211279088999004,-0.0042344002012764176,-0.014969986816704663
2024-09-23,0.007741935483871032,0.004413642515571192,0.005295022124830684,0.0024624018627421584,0.002650767770243645,0.005816866708090969,0.00017291805301660748,-0.5990132497139458,1.809771679249512,0.0023216755581228895,-0.012648311258581773
2024-09-24,0.007895832258000057,0.01862316440407663,0.002419155264034911,0.002875274615585788,0.004823538756931756,0.0096460506420372,0.0002853211830584943,-0.6067287969151571,1.8160114910856815,0.0023456395570085487,-0.010302671701573224
2024-09-25,0.004658028915247359,0.008792107940645,0.0009873316771402685,-0.002031590670764638,0.0009271233936332113,0.004812489511010876,0.0002885502158199791,-0.6065004970873985,1.8175229827175297,0.00160671046775059,-0.008695961233822633
2024-09-26,-0.0023181750315875993,0.028834374689085118,-0.002082207283900517,0.003976361056583055,0.007513056477421953,0.008144664124532333,0.00031911317055425994,-0.6175981188100248,1.8248059822640341,-0.00342852634285392,-0.012124487576676553
2024-09-27,0.0,-0.019317505664874113,-0.007906902270569005,-0.0012944804279182431,-0.005556975656876739,-0.009074802645147706,0.00029985513186804895,-0.611118639778712,1.8206223099543486,-4.858503856230295e-05,-0.012173072615238856
2024-09-30,0.007182059560834064,-0.009243578839780553,0.00332074988090314,0.004358628954158172,0.002711800927088781,0.0004197435339855504,0.00023728318054276804,-0.5990791162900639,1.810712120897682,-0.0021166668726050808,-0.014289739487843938
2024-10-01,-0.014890967276723455,-0.02676710959174633,-0.007391800790144787,-0.00934289399497823,-0.01393244662520221,-0.01634995921953819,0.00031931787168203174,-0.6291480684154376,1.8345972107263653,0.0030130869156189677,-0.01127665257222497
2024-10-02,-0.005322518915320207,0.014400483156830512,0.0038901693163400086,0.0001722623703828141,0.0014129942232512516,0.004322711185950105,0.000328358742521771,-0.6280750661099399,1.8303369323679952,0.0015162906310553811,-0.009760361941169589
2024-10-03,-0.0006421233055439179,0.009202703488055075,-0.00011087611581939161,-0.0018936055150723385,-0.0007470002582008473,0.0028165680222305887,0.0002969287600958809,-0.6314606057877149,1.8324407410910184,0.002692735683196914,-0.007067626257972675
2024-10-04,0.01734846910601373,0.013371545532666174,0.015280920020748212,0.009217471525896359,0.011898146839682822,0.015333644886476039,0.0003272463883273463,-0.6521748995638272,1.8446523481429766,-0.0009301424415882643,-0.00799776869956094
2024-10-07,-0.01873686999484958,0.001614027003266738,-0.007089219281906645,-0.00900043018198482,-0.010711609114197884,-0.008070687424496495,0.0003087061845060588,-0.6598034793594204,1.849673177261921,0.005495067305038475,-0.0025027013945224646
2024-10-08,0.01802188472153965,0.017323341752281785,0.01208266060803731,0.009465242533024387,0.014934525436446577,0.015809295693952913,0.0004122967071420079,-0.692342189995756,1.8669089213442227,-0.005931213042378352,-0.008433914436900817
2024-10-09,0.0,0.01041502727211796,0.00868245150662883,0.0068330723590275255,0.007868451652548458,0.0063658262595822634,0.0003339847640438364,-0.6745470807846403,1.8486338071928832,-0.0039048152270531288,-0.012338729663953945
2024-10-10,0.000210802978471758,-0.0019596791628674337,-0.002582431207473479,-0.0016777178241089707,-0.0011355476043286572,-0.0014437691306230516,0.0002674815998989008,-0.6932979389780767,1.858835952621096,-0.0007636123273246222,-0.013102341991278568
2024-10-11,-0.009692345124523438,0.008011018886578514,0.010463831291028347,0.005948355420389184,0.0015630670322137608,0.002927501684361141,0.0002711319129840657,-0.669301447229395,1.8392858660587241,0.003762685562825246,-0.009339656428453321
2024-10-14,0.010425586962189426,0.01788161798228738,0.005871747886219358,0.008184546803957637,0.00839154920399432,0.011392984276898721,0.00021981492067391355,-0.5716506561118779,1.7749159628492357,0.0009575762714812489,-0.008382080156972073
2024-10-15,-0.008001711290252178,-0.05404174027738351,-0.010719513216839616,-0.007615570001983207,-0.013366853269091261,-0.0242543215948251,0.0003148644371894684,-0.5805880650928321,1.77816002005502,-0.0052222910070051885,-0.013604371163977261
2024-10-16,0.0012735320636270142,0.0006473472664458857,0.004934941665281745,0.004202875285721941,0.0001222740002877476,0.002285273665118215,0.0001464761454713293,-0.5893555762444657,1.7838669190224592,0.0043976649613773075,-0.009206706202599953
2024-10-17,0.0002119715896868879,0.01722463393247131,0.0040569085882316,0.0001494869498359641,0.0006925294638666646,0.007164504703463266,0.00015747909232794973,-0.5491794045783038,1.7571848336616283,0.005872218494468137,-0.003334487708131816
2024-10-18,0.004451038821029485,-0.0002782959415175146,0.00021271073791773176,0.0038484515093943905,0.006554793575968887,0.0014618178724765674,0.0002608097009968244,-0.5637008647420516,1.7674153162931017,-0.008214658946063826,-0.011549146654195642
2024-10-21,0.00759653977119501,0.005288116786754227,0.0009567890849369043,-0.001544735892636484,0.001921260576119188,0.00461381521429538,7.127783587921948e-05,-0.5533015434975652,1.7596790584876065,0.00030703062302953575,-0.011242116031166106
2024-10-22,0.0050262599841370825,-0.004548325955678445,-0.0029738957491857176,-0.0006895873587351442,0.0010898795724718635,-0.00083198724024236,7.01693305851037e-05,-0.5626313578485191,1.7655029127694473,-0.0032143256025947867,-0.014456441633760893
2024-10-23,-0.022504769158269933,-0.010648077732433259,-0.009480172844305801,-0.009120395619186095,-0.015323785899891695,-0.01421100657833633,6.158284162833345e-05,-0.5548774497975122,1.7604801231950231,0.007643929206572446,-0.0068125124271884475
2024-10-24,0.030697081215867783,0.004216782297145505,-0.0006452399509474516,0.0022587409271226377,0.008108834793557618,0.011422874520688612,0.0002435135390224288,-0.4988526046208337,1.7058759028531212,-0.0015265260982219152,-0.008339038525410363
2024-10-25,0.01240959531427066,0.011597227618947326,-0.002582542939117194,-0.00039432735447808565,0.006093568489282886,0.007141426664700264,0.00011303508731063869,-0.4069131345144692,1.6261644345100184,-0.0030412097589686228,-0.011380248284378985
2024-10-28,-0.0012258202160633225,-0.006918105705139954,0.0035601804503846424,0.0031187230704197155,0.00016145710028259153,-0.0015279151569395448,6.968852618317002e-05,-0.35958157325667245,1.5893392810917353,-0.0007327784465996038,-0.012113026730978589
2024-10-29,0.009204336754723874,0.022730008655547973,0.003870191265721079,0.001591830170209807,0.009608472238927801,0.011934845558664309,0.0002318603280295164,-0.4067706099432487,1.600850249244004,-0.003031230218644562,-0.015144256949623151
2024-10-30,0.00040537700535892007,-0.024287823989796675,-0.0068536763268335354,-0.003010563150343204,-0.007557533151827944,-0.01024537443709043,-2.680381787593879e-05,-0.1933785879875467,1.476506463274494,0.0003579974748100165,-0.014786259474813135
2024-10-31,-0.03849268131412853,-0.03590230043739062,-0.020703086991635478,-0.019675121393787243,-0.025242830114737158,-0.03169935624771821,-5.564393086019445e-05,-0.2374995548674915,1.5008677212636512,0.0015696040227046806,-0.013216655452108454
2024-11-01,0.011799355230083686,0.012702787893207113,0.00660648408403075,0.004343108364619264,0.007398854540491495,0.010369542402440516,3.568683047347338e-05,-0.2579007209414777,1.5055122072746339,0.0003148805197700135,-0.01290177493233844
2024-11-04,-0.007913396938174277,-0.00196116465579399,-0.004703534753519478,-0.0021716969945143605,-0.002913153763294929,-0.004859365449162582,1.8813645068594634e-05,-0.2944169762756431,1.5173406909526164,-0.001097316812693855,-0.013999091745032295
2024-11-05,0.017212482534195273,0.01653904631435199,0.016485394211030124,0.012027415721775903,0.012756900248434455,0.01674564101985913,1.3855542267654969e-05,-0.29002734906363437,1.5156186825121818,0.0008854686279928664,-0.013113623117039428
2024-11-06,0.04085844104688219,0.026176910913010776,0.0320034701469214,0.02490099210819019,0.027163359541995558,0.033012940702271454,-2.4319281352961323e-05,-0.26882629751028,1.5029056906706229,-0.0010926661369954072,-0.014206289254034835
2024-11-07,0.022601188155446428,0.024371110165049226,0.006181105123380881,0.0077859264498365555,0.01574405131165313,0.017717801147958845,-8.517545022212366e-06,-0.2911902182444662,1.518780899201023,-0.00391826009303526,-0.018124549347070095
2024-11-08,0.006397752659761391,-0.006436251751836819,0.008850673540809373,0.004419771959083274,0.0011685353317782976,0.002937391482911315,-7.956748415228663e-05,-0.25787847124998275,1.4898373912013902,0.0024157953729223077,-0.01570875397414779
2024-11-11,0.008091001959002364,-0.022403018148491105,-0.0015483690605748723,0.0008183563091845869,-0.0005833760932836274,-0.005286795083354538,-3.833017947034537e-05,-0.23623264352618756,1.4780353427851702,-0.004192891945610044,-0.019901645919757835
2024-11-12,-0.0034397093646870713,-0.006586980598533243,-0.0019638822934600064,-0.002997808548586667,-0.0018101208191522167,-0.00399685741889344,-9.085233477766017e-05,-0.24320411539481862,1.4837801129399275,-0.0019492631868212353,-0.02185090910657907
2024-11-13,-0.0007671428562878724,-0.016795050789618404,0.00020704263996274008,0.0005101336359210062,-0.0012867454472044182,-0.005785050335314512,-0.00010582959122098248,-0.22917950583960034,1.477837388380368,-0.0036607080382940888,-0.02551161714487316
2024-11-14,-0.012473639398424718,0.002220966725543727,-0.011597677691642327,-0.006356892845005735,-0.006949694981100318,-0.007283450121507773,-0.00011772677321613041,-0.243768595349601,1.4876407872937087,0.0016233155252285952,-0.023888301619644565
2024-11-15,-0.0194325456799348,-0.03316138175696881,-0.016238951381008948,-0.0129044028258688,-0.023825865803237534,-0.022944292939304185,-9.910887326443417e-05,-0.2531691001698129,1.4917739365718505,0.009430625503834545,-0.01445767611581002
2024-11-18,0.012485215019367946,0.0066264045894104395,0.0005324203176537701,0.004141263631423087,0.006947627835905745,0.006548013308810718,8.448564961906457e-05,-0.17737749449786705,1.4076272797875684,-0.0025815758454437766,-0.017039251961253797
2024-11-19,0.0182031708749264,0.010929849723397833,0.007131624250982238,0.0036430429170730694,0.006879675819880582,0.012088214949768824,-1.2034629822941644e-05,-0.21159180627906748,1.4225709283982737,0.0030842607926007456,-0.013954991168653052
2024-11-20,-0.006343788949833784,-0.006716366506982041,0.0015851883974451475,0.00036850899330853615,-0.0005759338082259591,-0.003824989019790226,6.68770396292837e-05,-0.2027867516904835,1.4165781579087637,-0.003001282064563633,-0.016956273233216683
2024-11-21,-0.01141415058518691,0.014678046660238753,0.007913806067899154,0.005046954666313885,0.0035971929691422933,0.0037259007143169987,2.4927605961048375e-05,-0.20818999039730757,1.420902143360848,-0.0003595606480653723,-0.017315833881282057
2024-11-22,-0.0011741683273361891,-0.006013831575233275,0.0006283118027501366,0.0033539121317536225,0.0016039309052275907,-0.002186562699939776,-2.272399168980893e-05,-0.22185793040689789,1.434029904883368,-0.0037198315873955374,-0.021035665468677595
2024-11-25,-0.005094069494796183,-0.003924413836170149,-0.0006279172749151796,0.0032147839739891104,0.0015816970033786237,-0.0032154668686271703,7.425431052334266e-06,-0.230561500009686,1.4377645698522104,-0.004755794796128673,-0.02579146026480627
2024-11-26,0.013194222825827273,-0.009193169115696675,0.012248879854954264,0.005607929103768061,0.005369301556774619,0.005416644521694954,-0.00010452509491347189,-0.26528393719516447,1.4563084447904804,-0.0008104960709901833,-0.026601956335796453
2024-11-27,-0.008746431509627839,-0.013130655598565077,-0.005998584415718544,-0.0031866119618252364,-0.007873476819013736,-0.009291890507970487,8.029001884956745e-05,-0.27664754449728224,1.4247186642397456,0.0009637404751831769,-0.025638215860613274
2024-11-29,0.01470595997138835,0.0162854565187609,0.007491442837316065,0.005267361377372604,0.008786964499405636,0.012827619775821772,6.351900162898238e-05,-0.26645347512696294,1.4176840330502278,0.0017104682481567067,-0.023927747612456567
2024-12-02,0.017971014492753623,0.023706210967080033,-0.0006197314534334142,0.0028188099139359046,0.010887791218481047,0.013685831335466747,5.887512127945467e-05,-0.25599824337083743,1.4128183447318285,-0.0010339045665289457,-0.024961652178985515
2024-12-03,0.005315085414006937,0.002218940416410131,0.005270344159447715,0.0002341562772927297,0.0030663477330361566,0.0042681233299549275,6.154699242445836e-05,-0.24142867997330447,1.3978761880119555,-2.326610171096786e-05,-0.024984918280696482
2024-12-04,0.01756042339190711,0.016947166895599164,0.009559970399406037,0.006304675862150999,0.012362781725980154,0.014689186895637437,4.3772164733552076e-05,-0.25315029400825395,1.4023300914230743,-0.0010952555490031084,-0.026080173829699592
2024-12-05,0.006309124286773216,-0.01713972948069642,-0.0007126766532281614,-0.0016647228341970521,-0.0027710563441453173,-0.003847760615717122,5.1876836621630334e-05,-0.25615522967382964,1.4042016275893767,-0.00043494308368504427,-0.026515116913384637
2024-12-06,0.01585840570965047,0.001248442001593908,0.0057061102457405255,0.0019903089842883137,0.00894966594846025,0.007604319318994968,-3.632302275408594e-05,-0.18036116186087503,1.3328422698062026,-0.0039288762941356095,-0.030443993207520247
2024-12-09,-0.003267380726971636,-0.01021675447057202,-0.01631206735906221,-0.005207487667577837,-0.007787611157793473,-0.009932067518868623,-7.486791621299387e-05,-0.1225651182325963,1.2929212236676326,-0.00042668819674504706,-0.030870681404265292
2024-12-10,0.010016367012111838,-0.02515544518780799,-0.007415746261179246,-0.0028420085546307927,-0.0034074336074513267,-0.007518274812291799,-9.795918275844672e-05,-0.12836028889171824,1.2969538844008373,-0.0033658324156165395,-0.03423651381988183
2024-12-11,0.030292103836695006,0.02447052001248995,0.011621825228852467,0.007576665221081802,0.01790224810593455,0.02212814969267914,-0.00011974236614538955,-0.09060998069404202,1.2723509047899504,0.00015647197287197226,-0.034080041847009857
2024-12-12,-0.008225434402916676,-0.00968465653270445,-0.008000934814398009,-0.005156487171027457,-0.006453728155660254,-0.008637008583339711,-0.0001338357866944663,-0.09256928422948413,1.2743096687236182,-0.00075645693513407,-0.034836498782143926
2024-12-13,-0.0008822552084276625,0.02514696908248082,0.010960708250816076,-7.205143799293712e-05,0.007654312467063384,0.011741807374956411,-0.00014566600268929434,-0.09064300953048526,1.2739962463643892,0.002129377066926128,-0.0327071217152178
2024-12-16,0.023489910458423413,0.015070680905571843,0.007978021318681527,0.003923494715117659,0.01440072699588657,0.015512870894225594,-0.00015907587686312904,-0.1339169395606108,1.282136616509453,-0.0022663302100628356,-0.03497345192528063
2024-12-17,0.00500433672830547,-0.012991046470848144,-0.010857521233109124,-0.004194925751983103,-0.004403689211236128,-0.006281410325217267,-0.00011542358689206156,-0.11220398525593028,1.260292245680026,-0.0010867387602447572,-0.03606019068552539
2024-12-18,-0.04412777056616468,-0.031885098407577916,-0.03251941252765489,-0.029363448954283,-0.03607714932834061,-0.03617742716713249,-0.0001830566750218455,-0.11507011010589563,1.2628924794536613,0.0061883347705192285,-0.029871855915006164
2024-12-19,0.003053732860287539,-0.012893120119948254,0.0025448351589014706,-0.00037105790018476803,-0.0044531287125678665,-0.002431517366919748,-0.00012584382040549706,-0.18529975655723296,1.273100880199268,0.003294851598523658,-0.026577004316482505
2024-12-20,0.0012535584032951075,0.016075652430968423,0.010893601946688314,0.011318342722569597,0.008732462979789135,0.009407604260317282,-0.00011800009711864423,-0.14573862181403813,1.244172928136361,0.0003104299916355472,-0.026266574324846956
2024-12-23,0.015202982277758847,0.03137322890687244,0.010724632729120831,0.00715822135979205,0.009742738366501635,0.01910028130458404,-0.0001050937604560188,-0.1431862422553637,1.2432995661760287,0.008117191498342727,-0.01814938282650423
2024-12-24,0.023255884282866734,0.008626895917988486,0.011720842252936015,0.010288974185717947,0.013559876548146166,0.014534540817930411,6.001191717165639e-05,-0.11900199902709362,1.234850424241361,-0.0010454819113414216,-0.01919486473784565
2024-12-26,-0.007059251039774783,-0.001750383904992714,0.0007176274822107143,-1.821597057105606e-05,-0.000679336712110068,-0.002697335820852261,8.722245986983993e-05,-0.10759749055394072,1.2257483577691868,-0.0019538224142023166,-0.021148687152047967
2024-12-27,-0.023235674191183553,-0.010082507941808094,-0.010449844906441297,-0.010365188511180512,-0.013293283079716,-0.014589342346477649,6.0741303748067395e-05,-0.10981661627468275,1.227088666981249,0.000523683434520323,-0.020625003717527644
2024-12-30,-0.012524606530973537,-0.015056340193528195,-0.01128472312455897,-0.011131975010890915,-0.013299812328341765,-0.012955223283020234,2.8914569812142757e-05,-0.1075654755606423,1.2244483931538863,0.002103379795878277,-0.01852162392164937
2024-12-31,-0.013951766010375732,-0.010177423460681956,-0.0051308602688737714,-0.004029538381212339,-0.008494779541381003,-0.009753349913310486,9.842815137657112e-06,-0.10684328750816584,1.2206289842285534,0.00017525226660418912,-0.018346371655045178
2025-01-02,-0.0047776304671296455,0.010818865474096162,0.005683597338219215,-0.002505447389700377,-0.0019560156577475007,0.003908277448395244,-1.4899058869752275e-05,-0.1110152110516002,1.220455003764374,0.006032262833458128,-0.012314108821587049
2025-01-03,0.02548006908652467,0.028963669512656942,0.014024136364860107,0.012912614981200887,0.016365177291780775,0.022822624988013906,1.4392041539423777e-05,-0.11068009796976028,1.2244198053589517,0.004199555243372642,-0.008114553578214407
2025-01-06,0.020165610669131695,0.033150696852042305,0.007018199186987983,0.005822782121758019,0.011493037160282604,0.020111502236053996,9.702746527224199e-05,-0.09614699229164948,1.226554134130515,0.006477485515898112,-0.0016370680623162947
2025-01-07,-0.026650158247056188,-0.023786738748013847,-0.013528854074950858,-0.011249613456306817,-0.017844499233109823,-0.021321917023340298,0.0002346612790977397,-0.11183067734192989,1.2493108323839228,-0.0005213040047010106,-0.0021583720670173053
2025-01-08,-0.0019945849534642734,-0.007124850147203099,0.0040520493795224155,0.0013483754968575123,0.00017485579618625735,-0.0016891285737149857,0.00023223414188934776,-0.1136037493651878,1.2517028421706735,-0.0019870497006655263,-0.004145421767682832
2025-01-10,-0.011991286991571815,-0.02002139831319738,-0.010968555980354622,-0.015217479043704074,-0.015681047185209462,-0.014327080428374606,0.00017170201577780135,-0.13592450388352606,1.2667872193676524,0.0032973394269986064,-0.0008480823406842256
2025-01-13,-0.004965070474746258,-0.01027590729025607,-0.0015693304936000851,0.0012923860415321453,-0.003213777325245082,-0.005603436086200804,0.00018989031829829951,-0.17681003649472152,1.2858851420113515,-0.0014322710690649028,-0.0022803534097491284
2025-01-14,-0.009979690817718767,0.003270163274790683,0.000733494551599545,0.0012719967115761843,-0.0009495389439284629,-0.0019920109971095132,0.0003238337823004472,-0.1557699708713991,1.2561227059125044,-0.0009249684610825001,-0.0032053218708316287
2025-01-15,0.036214328721468014,0.02350881597748855,0.018534032760093577,0.018290161987196463,0.023006355673759193,0.02608572581968338,0.00025871754412940223,-0.1842604606455088,1.2758985740305575,-0.00015661444919340753,-0.0033619363200250362
2025-01-16,-0.01909562897028072,0.0042991108277723455,0.003084208262943644,-0.0014861494769167205,-0.007006024238330522,-0.0039041032931882436,0.00015552441196798055,-0.18421449312562374,1.2756164344909915,0.004603601681101296,0.0012416653610762595
2025-01-17,0.018181758727072728,0.023623611271126554,0.01106894728638852,0.00959148471331428,0.016878347092621038,0.017624772428195934,0.0003430859752003247,-0.15635060478823742,1.256665278031811,-0.002429111853126595,-0.0011874464920503354
2025-01-21,0.002705648635851432,0.016031012486122043,0.014292992008898997,0.00909998843792259,0.005864925684306188,0.01100988437695749,0.0002835073594623723,-0.13788658932180897,1.2391420122829258,0.0047136675717271755,0.00352622107967684
2025-01-22,0.015290475374486023,0.018217253458479243,0.006795856089297114,0.005680921925553584,0.012786032496201916,0.013434528307420793,0.00040454183110116924,-0.09612608519459241,1.213223647817149,-0.001936245724831481,0.0015899753548453592
2025-01-23,0.002126209310263416,-0.0011978269535355413,0.006948551447862217,0.005541700653631132,0.0021258902801835067,0.0026256446015300305,0.00031525169185047373,-0.09417302215696462,1.215626364691193,0.0002479833350894087,0.001837958689934768
2025-01-24,-0.004243259401361277,-0.019936292426640856,-0.001084279200257221,-0.003014169969119962,-0.005651165443201767,-0.008421277009419784,0.0002968954205212973,-0.08265986626136265,1.2064996239689458,-0.0021491943342683197,-0.0003112356443335518
2025-01-27,-0.03089486244590156,-0.09834439706190834,-0.030987901520065475,-0.013917575182305408,-0.02911451689079214,-0.05340905367595846,0.0002680863318632919,-0.09144319182798036,1.2147193197402915,-0.019583841352847388,-0.01989507699718094
2025-01-28,0.030047620644959583,0.019676873572075815,0.012424966220345945,0.008381189517254528,0.014779925618461975,0.02071648681246045,-4.930564194304205e-05,-0.29077340397731266,1.4133404031639873,0.002313753427383769,-0.01758132356979717
2025-01-29,-0.010316628171973874,-0.003826153380969588,-0.0031185816187347948,-0.0043896038452982955,-0.001877881825660288,-0.005753787723892752,8.207614547439722e-06,-0.31075479303128967,1.4314336871690418,-0.004438022467102579,-0.02201934603689975
2025-01-30,-0.00017969109410453932,0.023546144121365353,0.015943688676321788,0.005222186091206282,0.004262226451942741,0.013103380567860867,-6.358905854265376e-05,-0.28053511215294497,1.4120287091239774,0.008613590072252845,-0.013405755964646904
2025-01-31,0.00035951635691566786,-0.00632216232360594,-0.006356864943891316,-0.005338755298333053,-0.0014531543182642048,-0.00410650363686053,0.00010213389317015212,-0.2517766116653715,1.3909549974341544,-0.00353153898852291,-0.016937294953169812
2025-02-03,-0.017070994020902286,-0.01986698587710556,-0.0004997373155852802,-0.006560243392713994,-0.008002979057358584,-0.012479239071197709,2.077470959489531e-05,-0.21936459581249254,1.369594901970479,-0.00297825960353206,-0.019915554556701874
2025-02-04,0.017915881883287632,0.011265600415893529,0.006300626308671786,0.006639863857743178,0.012275241410944826,0.011827369535950982,-9.84545890005302e-06,-0.2127283164325725,1.3677288226973687,-0.0035394994286673254,-0.0234550539853692
2025-02-05,-0.014188248692057925,0.0234811474978589,0.01291973181867645,0.0041021948320680846,0.0045379425742630985,0.0074042102081591414,-9.14516405833947e-05,-0.21483541475284168,1.3618510095421499,0.0021969569008823435,-0.021258097084486855
2025-02-06,0.009655660199402005,0.004896036411007776,0.009321154794414976,0.003599774767946151,0.005219813630104708,0.007957617134941586,-7.689548426882491e-05,-0.2329490863340926,1.3695409495022992,0.001724328347213342,-0.019533768737273513
2025-02-07,-0.02002880184854805,-0.013489053167879739,-0.008165716573707016,-0.009719845453654674,-0.012613368449871265,-0.013894523863378269,-1.863259767166084e-05,-0.24240678329786225,1.3806570551254937,0.0011826884029326867,-0.018351080334340825
2025-02-10,0.005892070037178732,0.0188571352887954,0.007448944631913701,0.007153180662952563,0.012104947091493123,0.010732716652629279,-4.0521336327105665e-05,-0.26688107757704504,1.3942791674346928,-0.004195389000179593,-0.022546469334520418
2025-02-11,-0.005857556901667449,0.0010015114342341036,0.0009728101552755053,0.0008988623389309947,-0.0023805783841158723,-0.00129441177071928,-3.401947959582479e-05,-0.24879271332177055,1.3757398493447925,0.00223829465659898,-0.02030817467792144
2025-02-12,-0.00018416282388333816,-0.005442800607962761,-0.004762414845487006,-0.0033054502966920474,0.000586956840737507,-0.0034631260924443685,4.131722784614725e-05,-0.24512512954223808,1.3718446789938017,-0.005119905871227345,-0.025428080549148784
2025-02-13,0.018047859504074504,0.013721748291063873,0.00839854434583942,0.010562213714329305,0.014385973815199904,0.0133893840469926,2.9222066891911253e-05,-0.19215560737356985,1.336645795326215,-0.0038392008401728923,-0.029267281389321678
2025-02-14,0.004884235462231157,0.002619904371060189,-0.0019369141612540774,3.57001181208183e-05,0.004198477574271164,0.0018557418906790895,-4.250712965143434e-05,-0.20050032382502028,1.3363045333254613,-0.0037050377099895034,-0.032972319099311184
2025-02-18,-0.007740768733846992,0.014411271638329337,9.697370109207348e-05,0.002889278151642527,0.0022670523965500067,0.0022558255351914727,-0.00024298385700527924,-0.22036826423914954,1.3698415786899707,3.0011969515371124e-05,-0.03294230712979581
2025-02-19,0.0027213562386141366,0.004371265243916067,0.00019407846374974724,0.0024186484995900592,0.0002780522072374225,0.002428899982093317,-0.00021428875585257452,-0.22132281963170947,1.3718642991218704,0.002797040947172111,-0.030145266182623698
2025-02-20,-0.005066013011063242,0.0017874561641424425,-0.011446309733476379,-0.004204639693686674,-0.004244388616454264,-0.004908288860132393,-0.00022282969096999857,-0.2008926154006298,1.3552385757535108,0.00022201894946347923,-0.02992324723316022
2025-02-21,-0.025095481081832904,-0.030294716332917138,-0.019625119534584567,-0.017014162022646828,-0.020754768378648203,-0.025005105649778203,-0.00017172231904134978,-0.19622494048929512,1.3513431956121864,-0.00012517123611273384,-0.030048418469272954
2025-02-24,-0.01510915064429319,-0.0262811169736461,-0.007807220391754188,-0.00473024127768118,-0.011804082916929581,-0.016399162669897827,-0.0001743638237384124,-0.19558833798758044,1.351257777238137,-0.0011996200312763949,-0.03124803850054935
2025-02-25,-0.0204545122990325,-0.021239004160649055,-0.0019166371899294044,-0.004971307753800169,-0.01259951969387585,-0.014536717883203654,-0.0001345123315112317,-0.18494536299672482,1.346583433396929,0.0016446786197441415,-0.02960335988080521
2025-02-26,0.0009667015219056996,0.023378855750255223,0.010208284219515695,0.0006219442452637391,0.002415704010644948,0.011517947163892206,-2.229401575268102e-05,-0.1495171135391704,1.321525648975693,0.00844081767757827,-0.02116254220322694
2025-02-27,-0.03187176169241246,-0.061643919032341565,-0.019509700527433727,-0.016058517147806373,-0.027771276684415702,-0.037675127084062586,0.00012912634487603682,-0.15797235285049305,1.3298106905906653,-0.0034105145397803002,-0.024573056743007242
2025-02-28,0.021747808580237615,0.017395920513638696,0.018367482685740066,0.015540073897679196,0.015791459371779393,0.019170403926538793,5.93019587017947e-05,-0.17618827998425907,1.3528564345361085,0.0004855034368700904,-0.02408755330613715
2025-03-03,-0.03319662057303574,-0.041929785280218734,-0.02144302161327738,-0.01722402000981016,-0.0218824743274727,-0.03218980915551062,3.831935452907687e-05,-0.16973320567480005,1.3477053626786968,-0.0056604886410978085,-0.02974804194723496
2025-03-04,-0.004645541094404293,0.009954668023990587,-0.015973867845473277,-0.012050233464300897,-0.0030177572511563833,-0.0035549136386289946,-3.699095285802402e-05,-0.1456826132165838,1.3453596471309366,-0.0012134633561776756,-0.030961505303412636
2025-03-05,0.01927761528561245,0.018514380607501657,0.011654654773397555,0.011216949817921984,0.013036083157005551,0.01648221688883722,-5.509220363262516e-05,-0.1246725625130245,1.331492548923485,0.0005783073791503467,-0.03038319792426229
2025-03-06,-0.029862630681325997,-0.0419354410390701,-0.02602345483279167,-0.018139458560431976,-0.02750947235606782,-0.03260717551772926,-2.8771132978963262e-05,-0.12513075604585208,1.3339477720790653,0.001847990811767758,-0.02853520711249453
2025-03-07,0.0026677869687987688,0.024160545749467133,-0.0015841622276084877,0.005392313306775698,0.007353619092241859,0.008414723496885804,3.001222417581403e-06,-0.12290511869468139,1.3274866694110907,-0.0006873661354015528,-0.029222573247896084
2025-03-10,-0.05178060415999397,-0.04691460613338738,-0.025703379696203288,-0.026439479788403886,-0.03875639547136134,-0.04146619666319488,5.932879482950168e-05,-0.15183950516550765,1.3506239268571694,0.006805232056430403,-0.02241734119146568
2025-03-11,0.0038851513081086253,-0.0014450093772567785,-0.0014113631334542465,-0.008205512461076703,-0.0023904220267163545,0.0003429262657992001,0.00014253400389300933,-0.15141726532887678,1.3278466040952086,0.0021320497749576324,-0.020285291416508047
2025-03-12,0.023005810374419067,0.029409085287183112,0.010437033402755702,0.00485055716179672,0.011280777454300006,0.020950643021452626,0.00023136631356843857,-0.17555195640149027,1.3435165597401149,0.006414890190679867,-0.01387040122582818
2025-03-13,-0.026691870403698803,-0.004398712585469311,-0.012696363924649012,-0.013060605893782218,-0.017990515740839097,-0.014595648971272376,0.00036058419852118793,-0.21093666422536952,1.3766671334050622,0.007055757923629424,-0.006814643302198756
2025-03-14,0.02936723744762637,0.031974518323146794,0.022885691819584775,0.02053056242407214,0.024170500190505484,0.028075815863452647,0.000477663863383456,-0.21860994596240568,1.3714008055371933,-0.0010611062893227108,-0.007875749591521467
2025-03-17,-0.010069174010735038,0.010548603732913442,0.007457885080288662,0.007633354407791115,0.0064837982920580295,0.0026457716008223553,0.0004430104075753224,-0.21823726666415555,1.3682754559151122,-0.005002978469445176,-0.012878728060966644
2025-03-18,-0.025641015125168143,-0.015461229001847654,-0.01332478551080385,-0.01054834727220011,-0.017047407404105264,-0.01814234321260655,0.0004379051067843044,-0.28828356165482943,1.4196507048498852,0.002580200496508485,-0.010298527564458159
2025-03-19,0.016746366169865468,0.00882795896056976,0.012754576004324392,0.010505972817454134,0.013381304528501836,0.012776300378253206,0.0005015532579518433,-0.2861955816023019,1.4145577611810416,-0.003647118054428666,-0.013945645618886825
2025-03-20,-0.0014972770571103355,-0.001583058900560208,-0.0011642760481835879,-0.00230191535740798,-0.0033894759508062977,-0.0014148706686180439,0.000343985790583921,-0.24171628055237124,1.397772254684523,0.002422448564416482,-0.011523197054470344
2025-03-21,0.013496114915611201,-0.010041801853498011,-0.001695176288514011,0.0002500177474356047,0.003296694837295222,0.0005863789245330597,0.0003329610697389415,-0.2583450315315612,1.4098737376524102,-0.004329914774517999,-0.015853111828988343
2025-03-24,0.03297399358990827,0.026071047176972062,0.02923195379258048,0.01754872275493713,0.021944304665105996,0.029425664853153604,0.00026185512252356016,-0.23691158828440145,1.3935903761824615,0.0027399337175572046,-0.013113178111431138
2025-03-25,0.012072823296738422,-0.004249226639556847,0.004959277583592492,0.002380121488352094,0.005706524578436234,0.004260958080258022,0.0001893528180264808,-0.22864156542233344,1.3868168370905494,-0.003298104401422721,-0.01641128251285386
2025-03-26,-0.03073190235416856,-0.03326802258942618,-0.020972522946944183,-0.011664774041127646,-0.018400548956273854,-0.028324149296846308,0.0001687988400087086,-0.21467134801949672,1.3778941328881154,-0.005643032455836441,-0.0220543149686903
2025-03-27,-0.004171779220358718,-0.019188301022130094,-0.008610761569903924,-0.002751549591184843,-0.005697991433460725,-0.010656947270797579,0.00011966366541256977,-0.22373379435432997,1.3926684636098368,-0.0034568125913002805,-0.02551112755999058
2025-03-28,-0.03581911469507837,-0.025625750464038033,-0.023514504060627606,-0.01997272591889876,-0.0263278835108246,-0.02831978973991467,4.140216365262537e-05,-0.22671299411221996,1.3976635043228125,0.003908253531918329,-0.02160287402807225
2025-03-31,-0.0036931823915279383,-0.0032992486243152985,0.0036880587620997662,0.006088492428540704,-4.2617491711305355e-05,-0.0011014574179144903,4.823512674796606e-05,-0.2288135890789174,1.3939644010549586,0.0003028445262995706,-0.02130002950177268
2025-04-01,0.018098508329638552,0.004823425286271554,0.007024768223054423,0.003677673328587261,0.00806107222453889,0.009982233946321509,3.5608744131179976e-05,-0.2288829981281339,1.3947274750474334,-0.0004546168101328685,-0.02175464631190555
2025-04-02,0.010494739697427313,0.0075297416583757215,0.010302655713148923,0.006029472590937113,0.007298463725373239,0.009442379022983985,-7.602557499073121e-05,-0.21210740620291502,1.3831804682611901,0.000702207916760891,-0.02105243839514466
2025-04-03,-0.06867313981702883,-0.08650561804179302,-0.058317420832802,-0.0476961717894252,-0.053533595366014874,-0.07116539289720795,-0.00011821882176102578,-0.21881882233501895,1.3837672524982476,-0.007405958040314381,-0.02845839643545904
2025-04-04,-0.05871639059975364,-0.0755228936977107,-0.07140432902179572,-0.05795692539584463,-0.06210882892171776,-0.06854787110642002,-0.00030443047836967293,-0.0939251318153198,1.3136619982813855,0.007902955826754751,-0.02055544060870429
2025-04-07,0.0026596073225815253,0.02267698169190835,0.014091223010129994,-0.004210263677917769,0.002413241582797765,0.013142604008206623,-0.00026882296904178794,-0.20080736849844527,1.371022166159316,0.00925736730508803,-0.01129807330361626
2025-04-08,-0.023390512693358678,-0.02677123494352407,-0.009822654417867449,-0.014712201400722269,-0.01800849752587197,-0.01999480068491673,-8.60470756424256e-05,-0.2688297364315536,1.426873077215963,0.0018320094466185849,-0.009466063856997674
2025-04-09,0.14617284970060385,0.17160330336412133,0.11202503431913802,0.09274416678104624,0.12003074474322273,0.14326706246128773,-0.00011824645439563269,-0.25478645950402123,1.4173651754600114,-0.0031121307740971382,-0.012578194631094813
2025-04-10,-0.05170183551301211,-0.06934495011505659,-0.03927328418864917,-0.034141480324483386,-0.04253220874870034,-0.05344002327223929,-0.00017230197255338345,-0.2519435832300119,1.4034957524763545,-0.0021756738671746267,-0.01475386849826944
2025-04-11,0.01908222428135775,0.025992492978354154,0.017098831579987595,0.017611998374680304,0.018423114037577237,0.020724516279899834,-0.0002006865432161481,-0.24847253126781466,1.4034136284839904,-0.0005539486794931721,-0.015307817177762612
2025-04-14,0.00022295772578284634,0.0014902531362224192,0.0044534300723508835,0.010049933652468201,0.006778235627900919,0.0020555469781187163,-0.00018442952789987166,-0.249906852823557,1.4052633721468926,-0.0047736824594777835,-0.020081499637240395
2025-04-15,-0.007131762884174497,0.0064977047810277355,0.0034361272099321383,-0.0028054036432489937,0.0011147409458669433,0.0009340230355951255,-0.00036501043323447675,-0.3091189671446129,1.451060769989373,-0.0011857268630436298,-0.021267226500284026
2025-04-16,-0.03973065154925226,-0.04223336642701503,-0.025074511669904376,-0.021979855074943933,-0.030153574074574307,-0.035679509882057224,-0.00032313548408432905,-0.31939505385798156,1.4609399916847094,0.0016759308643476203,-0.019591295635936406
2025-04-17,-0.007012586554617339,-0.009364584738639326,0.0,0.0013865349458468401,-0.0001800416286655837,-0.005459057097752222,-0.00040065664459195066,-0.35053563533596327,1.4824094794303637,-0.004305475127976391,-0.0238967707639128
2025-04-21,-0.03342741279653827,-0.02441180022398526,-0.02639936597152248,-0.023827132030144638,-0.024746736736785735,-0.028079526330682003,-0.00041819428738452567,-0.3771543144928985,1.5042515147368596,0.0005774785306457697,-0.02331929223326703
2025-04-22,0.03287858764221818,0.021668519342020298,0.02862796359187736,0.025234445795187854,0.02625203444389168,0.027725023525371945,-0.0004451704314455238,-0.39083955264560616,1.5142878213357016,-0.001720322581002038,-0.025039614814269067
2025-04-23,0.0334827703282381,0.036529498625187395,0.026021021278993084,0.01606470369392321,0.022678220875442134,0.032011096744139524,-0.0004686155592015925,-0.400123035138911,1.5201247117163534,0.00443384633343968,-0.020605768480829387
2025-04-24,0.029431785466382365,0.050575629860881044,0.02359690164173678,0.02101317501411537,0.028137166754721887,0.03453477232300006,-0.0001220974257771586,-0.21743427950054445,1.3675622914534633,0.0007465260758945658,-0.01985924240493482
2025-04-25,0.0303635333571477,0.014356117530045731,0.01281912879416991,0.007364529474763293,0.011147869765061102,0.019179593227121112,-0.00014890384021641178,-0.207517358358271,1.3592138017598834,0.005704426324599268,-0.014154816080335553
2025-04-28,-0.0038717802396086576,-0.0062273555221386,0.0009572394771300008,0.0006126002758106708,-0.0003173450954786494,-0.0030472987615390856,9.212905760784713e-06,-0.23371916233409662,1.3818580865220356,-0.0024748093575864844,-0.016629625437922037
2025-04-29,0.00604617873697233,-0.0017090123151339842,0.007225550357321087,0.0060621306465391545,0.0066043680027074725,0.0038542389263864774,-0.00018112835629241486,-0.2635805798890497,1.4040907345632445,-0.0036399047263906605,-0.020269530164312696
2025-04-30,-0.012878233193805988,0.0047078296053919555,-0.002320920177066199,0.0004907197013563902,-0.00012614522465759226,-0.003497107921826744,-0.0001915676601357318,-0.28911157092612455,1.423483845936902,-0.002984101828405304,-0.023253631992718002
2025-05-01,0.03174594891806892,0.0048277628238355685,0.012266099505236383,0.007081928771048185,0.013060712497939608,0.01627993708238029,-0.00019592145833521347,-0.2927696544075444,1.4257629253709503,-7.224727893717989e-05,-0.023325879271655182
2025-05-02,0.012434199154221837,0.031700412432899894,0.021623232576034823,0.014337153931677449,0.014843839375822787,0.021919281387718852,-0.00013883512857563443,-0.3081100607572832,1.439183662520359,0.005112526766509588,-0.018213352505145594
2025-05-05,-0.010408019402476598,-0.006483168486209223,-0.0032718837671763534,-0.005223431456723104,-0.005932493604820288,-0.006721023885287392,-8.805200156458909e-05,-0.2897588557014835,1.4265239680467476,0.0003163369121021685,-0.017897015593043426
2025-05-06,-0.008203615967825484,-0.009282656438385106,-0.009437840930092034,-0.008513765461553469,-0.009301682951692758,-0.008974704445434209,-0.00011043703834022391,-0.2888791762779618,1.4254978873687854,0.001935812435960962,-0.015961203157082465
2025-05-07,-0.0038175834925532337,0.02054826955532163,0.009734851260886579,0.004517301900121895,0.003925869653398806,0.008821845774551659,-0.00010176011989312212,-0.2926505541742225,1.4284902026633763,0.004637530462074062,-0.011323672695008403
2025-05-08,0.014903051670642542,0.008771920670926914,0.010256353492439363,0.006667943063572324,0.010324975537034042,0.011310441944669606,5.0671107777522546e-05,-0.29825840012626886,1.4352114377655927,-0.0015699821182349836,-0.012893654813243387
2025-05-09,0.0046151192860310886,0.006532973302129985,-0.00020301013790680056,-0.0013284767444107226,-0.0006553611832915696,0.0036483608167514245,-1.5763344635352176e-05,-0.3052487114120154,1.440358123949621,0.004202563151489824,-0.008691091661753563
2025-05-12,0.05804963707257227,0.0627126750911442,0.03452475844989911,0.033297901964933097,0.04074006991622503,0.051762356871205194,0.00014024075495727012,-0.34022084994407414,1.4683883149242307,0.0031285140099309022,-0.005562577651822661
2025-05-13,0.022301163990025907,0.0343287597628954,0.01914021859618731,0.0065681367172978344,0.015240932884439395,0.02525671411636954,0.00026659023985927885,-0.34112847946142444,1.4742413267859298,0.00476188925076558,-0.0008006884010570807
2025-05-14,0.018339785866706704,0.009895780740630133,0.007993920904944884,0.0012419421609792813,0.005992969103806534,0.01207649583742724,0.0004182975563831099,-0.4019623984082178,1.5250163334039564,0.003018036561865412,0.002217348160808331
2025-05-15,-0.011374348741304163,-0.003467873655732867,-0.0004778746891476171,0.004906439422178055,0.0010989800579628284,-0.005106699028728216,0.00047415127617285837,-0.41601917917985276,1.5366913680771885,-0.005228470572551335,-0.003011122411743004
2025-05-16,0.0055608158614441905,-0.0028729678843366635,0.005640114034383581,0.006448727186152414,0.004352428847797629,0.0027759873371637025,0.0003395041191660655,-0.45613526744740474,1.5682602509758476,-0.0014477660394530112,-0.004458888451196016
2025-05-19,-0.0032417464967379184,-0.00166386250521533,0.0004752018985214601,0.0010251489215920007,0.0009589205274451729,-0.0014768023678105961,0.0003233733636649563,-0.4630433229204288,1.5735113506785976,-0.002834359702666985,-0.007293248153863001
2025-05-20,-0.005356773258343384,-0.0019105304090839548,-0.0033253460185055372,-0.0035480954419547794,-0.0033334231153797633,-0.0035308832286442917,0.00028526826747394705,-0.4647288271174686,1.5744834727157058,-0.0002166341266247834,-0.007509882280487785
2025-05-21,-0.010963700985587299,-0.016575640890017618,-0.01801723614655415,-0.01671905630215542,-0.013896654719940282,-0.015185526007386355,0.0002869796930959718,-0.4623825026135977,1.5725442672544627,-0.0013500000809538292,-0.008859882361441614
2025-05-22,0.008945964244145843,-0.0027332847782283176,0.0017474713451290924,0.0004666494236080787,0.0018712361880994788,0.002653383603682206,0.00021562179991538744,-0.4732984488372447,1.5827011932881514,-0.0003029814957177003,-0.009162863857159314
2025-05-23,-0.014263685542958537,-0.013994420562939425,-0.0032949880502801676,-0.006753668440748428,-0.009260764014375034,-0.010517698052059377,8.487860576694792e-05,-0.4616703216234571,1.5729687591446875,0.0008463475414184282,-0.008316516315740886
2025-05-27,0.03480638336650488,0.03171325449719942,0.023626626360808034,0.02054875171156212,0.02352532805921137,0.03004875474150411,0.00013174635598952895,-0.44461488471873695,1.5578918547203728,0.002403372295794688,-0.005913144019946198
2025-05-28,-0.0064247587744049595,-0.01065434250776387,-0.004084290440937166,-0.005705673659408994,-0.0044321003985886565,-0.007054463907701998,0.0001490697813620579,-0.44367047947936783,1.5580659941488713,-0.0028294677435922004,-0.008742611763538398
2025-05-29,0.006085932435490493,0.007096863996014724,0.0036243255946599717,0.0038501102332988424,0.0019659050653026977,0.005602374008721729,0.0002107074016932881,-0.4283856886121566,1.5425083095787788,0.004008573831480454,-0.004734037932057945
2025-05-30,-0.010397031167386439,-0.017740107991718213,0.0011402326455529632,-0.0010324827125681724,-0.0015771959850230388,-0.008998968837850563,0.0003342763745223312,-0.4821288036130773,1.5852562483285342,-0.007330775077238122,-0.012064813009296066
2025-06-02,0.007258871403504008,0.014807147079420213,0.010251430381095439,0.005814246659486599,0.007898319033235124,0.01077248295467322,0.00019463833848567137,-0.4906892344365146,1.592322496621406,0.0008541617762427688,-0.011210651233053297
2025-06-03,0.0024654136655237746,0.022564697606214157,0.006953013847866174,0.0056708194091334985,0.007816944579525753,0.010661041706534702,0.00016469833844136176,-0.5082620403771901,1.6083484263957981,0.0008062350978866942,-0.010404416135166603
2025-06-04,0.0017026384305380837,0.011897595225827118,-0.0003733172938767959,-0.0006386837282263969,0.0027878856048202394,0.0044089721208294685,0.000191419949822053,-0.5089167352849259,1.6091578158572852,-0.00059363257755367,-0.010998048712720273
2025-06-05,-0.0262511528027215,-0.001787504613160129,-0.012788122032988958,-0.004674533115084367,-0.007527137172829379,-0.013608926482956862,3.282581461576655e-06,-0.5845886769898481,1.6793345211465982,-0.003704306893972659,-0.014702355606692932
2025-06-06,0.022110121799354898,0.005690423562760838,0.010968204757704214,0.010218262886217744,0.009775430902711602,0.01292291670660665,-6.0404862027514054e-05,-0.6038950431957801,1.695973031515632,0.0025752126932490783,-0.012127142913443854
2025-06-09,0.01081591959995043,0.01673714668338544,-0.00018702299762829444,0.0010716306210969417,0.0014720363493916366,0.009122014428569192,-8.126618568197845e-05,-0.548826974508467,1.650523668477481,0.007361789570288351,-0.004765353343155503
2025-06-10,0.013703811027979462,0.01988647532400134,0.0018708682648849173,0.0056961721619686045,0.0066137905869378955,0.011820384872288573,-0.00011200928118699138,-0.5780853173064608,1.6789849954684004,0.004120812486520542,-0.0006445408566349608
2025-06-11,-0.0085185456240221,-0.0007250429629130917,9.335433721968656e-05,-0.002759827618880717,-0.003369470735531177,-0.003050078083238502,-3.4352314860733486e-05,-0.5711904265680674,1.6742955994828483,0.0010493771418255073,0.0004048362851905465
2025-06-12,-0.0005603619572428498,0.004849517777727019,0.0010270177642406342,0.0037802642151234522,0.0023478179442990577,0.0017720578615749345,5.411131664346614e-05,-0.5479632495465414,1.6557868373350346,-9.809364023435799e-05,0.00030674264495618854
2025-06-13,-0.006727679650009644,-0.02340873258275733,-0.009886210014631636,-0.011136225651785181,-0.012554685068653648,-0.013340874082466203,-3.7304446889587124e-05,-0.5833455656529303,1.6871070981566012,0.0013812608067903503,0.0016880034517465388
2025-06-16,0.016180609456853956,0.024864900536347934,0.01356445255273564,0.00965802500060109,0.013909854856728021,0.018203320848645843,4.4400749363109754e-05,-0.5850232104118993,1.6891489486311662,0.00031327218451850797,0.002001275636265047
2025-06-17,-0.012219967440557755,-0.006796289720717885,-0.00799267009615301,-0.008518716658253545,-0.00975135128675042,-0.009002975752476217,-3.0359640670642174e-06,-0.5915442032234881,1.6950584991472033,0.0024899736302739176,0.004491249266538965
2025-06-18,0.0016869277933089233,0.0038227344686929676,0.004309577491255823,-0.00020026812925544313,-0.0001700084447198158,0.0032730799177525713,0.00011156802165964525,-0.6146802669831191,1.713231884187582,0.003329674917009111,0.007820924183548076
2025-06-20,-0.010853237599225518,-0.008835072811883782,-0.002705109938147321,-0.0027675471319321687,-0.004083333855632421,-0.007464473449752207,0.0001287399600261364,-0.6126323193512428,1.7098254108657898,-0.0023069142407189346,0.005514009942829141
2025-06-23,0.019863797712612374,0.006339631092279641,0.016129392783266194,0.010297454239223125,0.010282530082781127,0.01411094052938607,0.00015081160662786149,-0.6352788707063317,1.729209454242,0.0027212357903291014,0.008235245733158243
2025-06-24,0.007234277596456673,0.036728731697579065,0.013927344547030485,0.010987317030576538,0.01529196130077004,0.01929678461368874,0.00028520052297171215,-0.5864745671937086,1.6874850628138018,-0.00034959018533169475,0.007885655547826548
2025-06-25,0.0036832220858171727,0.013478693092461747,0.00018189302842297472,0.0005003879418354895,0.002556534974230029,0.005781269402233964,0.00033731693211869456,-0.5697998836805411,1.6729991738086993,0.0014519925614683944,0.009337648109294942
2025-06-26,0.009357785159644694,0.007267474035240751,0.011823555684585818,0.007914880750531816,0.00935032225667043,0.009482938293157087,0.0002738214447843535,-0.5928803729362871,1.6955764926652657,-0.001952492317760941,0.007385155791534001
2025-06-27,0.010361804365874416,0.004401159389048059,0.005303388129754838,0.004963200394596301,0.0034236158759575197,0.006688783961559104,0.00017776508145617197,-0.6369881503165566,1.731552201990477,0.003744349110323435,0.011129504901857436
2025-06-30,-0.001979153666841982,0.0016521225420609298,0.0056331214996783174,0.004998018515056435,0.006476991651994224,0.0017686967916324219,0.0002763471169594297,-0.6228146889326108,1.7203075100524379,-0.006537228360065314,0.004592276541792122
2025-07-01,-0.01514331176967787,-0.01090077676239709,-0.015381941266451649,-0.00045760097064895255,-0.00842936250917059,-0.01380867659950887,0.00016171445672425377,-0.6264766306468178,1.7224855208957344,0.0002623875019216841,0.004854664043713806
2025-07-02,0.01464396310714089,0.019612821974617445,0.005598690723244593,0.004438335954132455,0.006965298187708413,0.013285158601667643,0.0003547804060743511,-0.7072152819387592,1.769899835195139,0.003741357094223888,0.008596021137937695
2025-07-03,0.009020408975577876,0.008426747380002153,0.010326928316911621,0.008644802581951438,0.009840272609489498,0.009258028224163883,0.00041349360562008145,-0.7164511017299132,1.7776622435139209,-0.0024545681311531776,0.006141453006784517
2025-07-07,-0.015555180766016141,-0.013609744893377407,-0.003910840869764121,-0.008014367435701941,-0.007532999876067148,-0.011025255509719223,0.00028037276237767106,-0.619892669316567,1.7013511467365665,-0.003457397917184685,0.002684055089599832
2025-07-08,-0.0007264764241388111,0.013297128488172438,-0.007406101543560695,-0.0006660354806213853,0.0005615975277710739,0.0017215168401576442,0.0001874615434588893,-0.5965441350299279,1.685884860552298,0.00018994696721937607,0.0028740020568192083
2025-07-09,0.01163214356391662,0.006843545088749625,0.007461361141830158,0.005927594390656488,0.007079041318705848,0.008645683264832135,0.00012126803790441041,-0.6611852632945927,1.783138138238972,-0.0001792552727364182,0.00269474678408279
2025-07-10,0.005928857603104687,0.007357433240608335,0.003033890896768865,0.002928729791705331,-0.0014382709964962936,0.005440060580160629,0.0001297017544397384,-0.6605576606760747,1.780909522958353,0.009806384239937141,0.01250113102401993
2025-07-11,0.004465094311187245,-0.00010434156744454359,-0.002135108511298389,-0.0035981849663948573,-0.0022503351874316735,0.0007418814108147709,0.0003239097101640329,-0.531830452029713,1.6715222453195826,0.002265832688703898,0.014766963712723829
2025-07-14,-0.0005334597871391455,-0.007547983495274857,0.007845253536560959,0.001971340046892811,0.0036267392257969266,-7.872991528434792e-05,0.00043887419518874723,-0.47917001777635326,1.6290725516110967,-0.005481218389757282,0.009285745322966547
2025-07-15,0.004803425219886526,0.01920643665779176,-0.002830581660610121,-0.004335232302496661,0.000916943103989043,0.007059760072356054,0.0003935854192431841,-0.4954775370536504,1.641361445433354,0.003013129370772797,0.012298874693739345
2025-07-16,0.002478740630622145,-0.0052269749086676365,0.0013305524768369992,0.003287368560873194,0.0010238410431149259,-0.0004725606004028308,0.0003396570845616356,-0.5676960542403892,1.711985890514352,-0.0006987929440650971,0.011600081749674248
2025-07-17,0.003002491206330893,0.008400140406231715,0.007264353407593127,0.005995846694303086,0.008092771167205415,0.006222328340051912,0.00042110969037860695,-0.5470334153695462,1.6924975447682686,-0.0046158481859764735,0.0069842335636977745
2025-07-18,0.007043456847376284,-0.004799193040435301,0.0011434747137406553,-0.00045056057931969207,-0.0009612012034828643,0.001129246173560546,0.00034472297791655676,-0.5365719104276878,1.6829225061194704,0.0021603921830854493,0.009144625746783224
2025-07-21,0.007343970905670849,0.0006888901308290674,0.0018448129429293747,0.001785392388120588,0.005184771900194951,0.003292557993143097,0.00039950863819852443,-0.48137577805630005,1.6500284878012283,-0.00480252733316106,0.004342098413622163
2025-07-22,-0.0038188287648549535,-0.017693015408060786,-0.010347279767639606,0.0,-0.0051758566122592775,-0.010619707980185114,0.00032562536334766745,-0.4321528589113319,1.6024957950375285,-0.002651044886670102,0.0016910535269520615
2025-07-23,0.004007679885785098,0.004345205823901965,0.013290880500893776,0.00849549874057054,0.004561356655845783,0.0072145887368602795,0.0002648844756007906,-0.47695338267562193,1.6522031290953463,0.003465373383382807,0.005156426910334869
2025-07-24,-0.0026032157022704006,0.004151987545212288,-0.0001749815179555858,0.0006863663049452295,0.0021284240166115076,0.0004579301083287672,0.00027135703820826984,-0.40592336240922766,1.5894635660962326,-0.0029178672391399316,0.002238559671194937
2025-07-25,0.005046050999188312,-0.0010771826297359954,0.006034655499263852,0.003977516433487205,0.002406989267270232,0.0033345079562387228,0.0002694674821422772,-0.38992974425404886,1.5753598880819775,0.0008241180970710344,0.0030626777682659714
2025-07-28,0.0076177562375636665,0.013635352056435401,0.0024340682066132935,-0.0002389752622637964,0.0031250917034661985,0.00789572550020412,0.0003473441723686004,-0.37471101402558876,1.566476086797877,0.00256345324245538,0.005626131010721351
2025-07-29,-0.007388311077485277,0.005112979385150318,-0.0034688637271184097,-0.002596338964799938,-0.0015489342427812414,-0.001914731806484456,0.0004540643883450047,-0.3888016453332222,1.5755175752173365,-0.0009378839338286288,0.004688247076892723
2025-07-30,0.0008655301318456488,0.011471601880230775,0.004438228554342061,-0.0012159351489973158,0.0013399730145824407,0.0055917868554728285,0.00045635457318369285,-0.4063694886316731,1.5950880198989053,0.0025039384350335468,0.007192185511926269
2025-07-31,0.013317155217860588,-0.0252481598225206,0.0023393897549579545,-0.0037550653726787786,-0.00529916645018691,-0.003197204949900686,0.00046082654042549484,-0.4507335090239639,1.620242649908987,0.003235370209191572,0.01042755572111784
2025-08-01,-0.031745999238280476,-0.0167254825677724,-0.021263792121178127,-0.016470962122335453,-0.019698886999479193,-0.023245091309077,0.0005281965412637585,-0.4449003915020858,1.6100002440805303,0.0006139875302924591,0.0110415432514103
2025-08-04,0.020624003157146742,0.02197569281681888,0.017839791122828963,0.015206923416176465,0.01845155162511425,0.020146495698931528,0.0005075548224840031,-0.44095507025614566,1.6081025012369934,-0.0033274754602422886,0.007714067791168011
2025-08-05,-0.0053540642293838925,-0.010648191614492375,-0.004425202036273834,-0.004809312602232052,-0.006789365501786548,-0.006809152626716701,0.00041365749095632497,-0.4632875987389827,1.614703723921595,0.001511908754053306,0.009225976545221316
2025-08-06,0.01996874137595217,-0.0016719071929435225,0.01438042320084798,0.007430510177307781,0.01258315667750276,0.01089241912795221,0.0004796070782500683,-0.4733393537548032,1.6242938474678583,-0.006508779037894338,0.0027171975073269784
2025-08-07,0.0037452988549084854,0.0157001659006768,-8.593175537963127e-05,-0.0006016974940631359,0.003384387236945674,0.006453177666735217,0.00034164339772066617,-0.4140893579266659,1.5665556713300277,0.0005605467200176552,0.0032777442273446335
2025-08-08,0.016451844900293056,0.00827838229267841,0.006959946543210638,0.007655306077850144,0.009328114189106618,0.010563391245394035,0.00035457067700744665,-0.4241575375406137,1.5602477857480928,-0.001098293165271767,0.0021794510620728666
2025-08-11,-0.0005005491185298139,-0.0004429238816484604,-0.00119456939666307,-0.0020485529182442397,-0.002958912426759719,-0.0007126807989471148,0.0003067573592595434,-0.35118930804076587,1.48410957894049,0.002652482235750405,0.004831933297823271
2025-08-12,0.011185282611985592,0.022835764459990138,0.012558637329877165,0.010675081671881248,0.012568803224037195,0.015526561467284298,0.00030836649256045024,-0.3066705779958243,1.4403858719021083,0.0003880018505714542,0.0052199351483947255
2025-08-13,-0.0033020113761580427,0.003932094231122951,-0.005568596297638173,0.0034869072939678336,0.0005000006872497575,-0.001646171147557755,0.00041168002534248016,-0.22534376160302372,1.3737805868842479,-0.001958989604489002,0.0032609455439057233
2025-08-14,0.004472429050560223,0.002124222188804481,0.0021211729946315483,1.6771332979281794e-05,-0.0007752531091496095,0.002905941411332084,0.00041112484126295325,-0.22444313290416645,1.3752207609053588,0.003564724951244951,0.006825670495150675
2025-08-15,-0.002638508785507754,-0.020767085763974014,-0.006773451197963021,-0.002159090613158998,-0.004397496451755467,-0.01005968191581493,0.0005264006388768748,-0.2124378163300566,1.3622869984412522,-0.005054102807892013,0.0017715676872586614
2025-08-18,-0.0026454889312951257,0.004092647109986025,0.0004262892166402299,-0.0003550420141749111,-0.0003984575835475068,0.0006244824651103764,0.0004322557668404133,-0.23870969839486156,1.3916168097935007,0.0006619749974031746,0.002433542684661836
2025-08-19,-0.01624666407379527,-0.02017781381975703,-0.014229698465304752,-0.005461923753833475,-0.013567517023556408,-0.01688472545295235,0.00045214217472181384,-0.2456478168398636,1.3953794119335168,0.00025325665217897086,0.0026867993368408067
2025-08-20,-0.01112235299289932,-0.006566534721342943,-0.0014695458273458195,-0.0026354958736045653,-0.0059372716775808465,-0.006386144513862694,0.0004622655856453499,-0.24264833771123734,1.3920495317597534,0.0007770674664238459,0.0034638668032646526
2025-08-21,-0.005112447796205344,-0.005191079394911036,-0.00631919612664511,-0.0039380540569905476,-0.004629757069970708,-0.005540907772587163,0.00047076093575440135,-0.2381373922600053,1.3877910583040167,-0.0005243311682270749,0.0029395356350375777
2025-08-22,0.024494661115705085,0.021498742847649854,0.014983863948735188,0.015301226379067279,0.015427327600079588,0.020325755970696708,0.00045189127401570574,-0.25500085804732386,1.3887811971148278,0.0023505080597983515,0.00529004369483593
2025-08-25,0.004848629892038492,0.000953592359751676,-0.0023173716169586633,-0.004231235500153252,-0.002884764158413655,0.001161616878277168,0.0005302463108259628,-0.2548612172027783,1.3931868276313697,0.0035720081639355394,0.00886205185877147
2025-08-26,0.0033278342800229233,0.009628387667664828,0.009291083394054045,0.003995165320952898,0.004015233347330671,0.007415768447247266,0.0005586008881813528,-0.3105346903866844,1.4304109477917026,0.0023543712470915244,0.011216423105862995
2025-08-27,0.0006633464680299017,0.0030665147748427657,-0.0003408711454607749,0.0022932801570296757,0.0015369498817243699,0.001129663365803964,0.0007339471993382292,-0.3087010700330015,1.4233012929750153,-0.001083888549069847,0.010132534556793148
2025-08-28,0.004806105875198474,0.004098640947719501,0.004433819912744497,0.0035328776314249577,0.006259849188709143,0.00444618891188749,0.0007084234763208223,-0.3107679626028514,1.4237701614244553,-0.0040769158706913744,0.006055618686101774
2025-08-29,-0.013854519216932815,-0.02874053088498585,-0.011205458883829844,-0.005766772198780856,-0.01157535527697362,-0.0179335029952495,0.00063405992022768,-0.2868743890404203,1.3987452147782218,-0.004030929363713031,0.002024689322388743
2025-09-02,-0.011373144788894174,-0.013124824878776864,-0.00789835813543227,-0.0073683826898246485,-0.008380282606327838,-0.010798775934367769,0.0005692279286584975,-0.32764597458261935,1.4443566954070908,-0.0016781074986783693,0.00034658182371037367
2025-09-03,0.024530572292273067,-0.00017460514553024886,0.0002595137107190837,0.005112853602762701,0.007867545064627945,0.008205160285820634,0.0006242031188163651,-0.30762531063428655,1.42167693509467,-0.0020313070094176797,-0.001684725185707306
2025-09-04,0.01271462846351068,0.011974938824088621,0.015053347913270176,0.008230273576051106,0.00905138845512532,0.013247638400289826,0.0005763442080224985,-0.3141370499633417,1.4189318316729091,0.0024134248540252715,0.0007286996683179654
2025-09-05,-0.001956617889856904,0.011798912814461993,-0.002386419037058718,-0.0027321748210950014,0.0014429503654500575,0.002485291962515457,0.0004897064446104832,-0.2949355400438667,1.4095731690306659,-0.0008441740578303304,-0.00011547438951236503
2025-09-08,0.0009802268743670517,0.011047359350439656,0.005723977494255239,0.0025884255019854585,0.004878138105604446,0.005917187906353982,0.0004198647059477968,-0.2889143813984859,1.39945685850456,-0.0005815872755122039,-0.000697061665024569
2025-09-09,0.007344533866458169,0.004350507168580764,0.006371087256413999,0.0024307952217310635,0.0028330028516494465,0.006022042763817644,0.0004017555066124812,-0.28548721507281904,1.3969378605246723,0.0023567192730260065,0.0016596576080014375
2025-09-10,-0.005346730680768075,0.010140653616377726,0.008694143853343883,0.0028931703086136906,0.0003272942715684124,0.0044960222629845115,0.0004518620795058749,-0.2795826913871816,1.3936627023501578,0.004396902706024575,0.0060565603140260126
2025-09-11,0.009936451576964211,0.010304854401929964,0.005271971661518826,0.008154496316399085,0.0058205100529264975,0.008504425880137667,0.0005012111314703822,-0.2393160614525558,1.364691558971575,0.0020115157520993014,0.008068076066125314
2025-09-12,0.015000015919806042,0.0012833032089629715,0.0029135914616282843,-0.0002150228991726344,0.004417191725315073,0.006398970196799099,0.0005092944100336438,-0.21233263895935262,1.3432409514724073,-8.933340880082352e-05,0.00797874265732449
2025-09-15,0.019227705659657923,0.009365129917173531,0.005394989750892254,0.005211416544487646,0.008556972855075173,0.011329275109241236,0.00046260500612664633,-0.20155382424654011,1.341919694447791,0.000434280638317245,0.008413023295641735
2025-09-16,0.004365427920622222,0.000130155843185209,-0.0004953511998084803,-0.0013168597793354886,-0.0008450788899231343,0.001333410854666317,0.0004134976734963396,-0.19945251112736334,1.3433274360203378,0.001792479849814246,0.010205503145455982
2025-09-17,-0.0052777766595226705,-0.006379995039575315,-0.0032212196470061683,-0.001153517225053191,-0.001995857239824539,-0.004959663782034718,0.0005093702090331052,-0.20627198144776465,1.3408838907776153,-0.003030759453541072,0.00717474369191491
2025-09-18,0.003433190447325929,0.03839478990172407,0.006380445616906094,0.00470233793313346,0.009016834112455463,0.016069475321985365,0.00043434675796922705,-0.22208594777468327,1.350691604594783,0.004500489604935482,0.011675233296850392
2025-09-19,0.012597164747009337,-0.003975177354623827,0.003952305013981583,0.004663900117003239,0.006769361238499583,0.0041914308021223645,0.0004928961822363667,-0.2517996391361017,1.3806488203636629,-0.004473207622235718,0.007202025674614674
2025-09-22,0.007218604841398246,0.02046184971630738,0.0031379254231143072,0.0048708890864042065,0.005920073936714676,0.010272793326939977,0.0003959421052746202,-0.23397956292596583,1.3594469847393489,0.0029685130584622983,0.010170538733076972
2025-09-23,-0.015401103556095808,-0.0014588393138809108,-0.004176222315874334,-0.00523774900152274,-0.006642261760471446,-0.007012055061950351,0.00045733730139668445,-0.22605793291065512,1.3628839424171917,0.0003992048189421678,0.01056974355201914
2025-09-24,0.0010841191323738286,-0.0018340876717506394,-0.005838284263237181,-0.0033358182232033906,-0.0035106152024937387,-0.0021960842675379975,0.00042856627320627424,-0.24681357345728155,1.3750104295574777,0.001379156760774907,0.011948900312794046
2025-09-25,-0.008353976755812731,-0.00015567959290307964,-0.0048801482355350645,-0.004774413254592269,-0.004311291858417277,-0.004463268194750292,0.0005459110765827088,-0.24965358360312095,1.3859042759434959,-0.0002260908285233159,0.01172280948427073
2025-09-26,0.0054601598604278045,0.002367213139763402,0.002244218758399752,0.005885344912894608,0.004110948441042206,0.003357197252863653,0.0005972769853831257,-0.1902499635223337,1.332431474578454,-0.0015979501707387841,0.010124859313531947
2025-09-29,0.005120312048537468,0.002610084367583587,0.0010781254937055618,0.0028104773884503054,0.004631078168035652,0.0029361739699422054,0.0005134538449809789,-0.1916006730834523,1.323500185837497,-0.003168023331749032,0.006956835981782915
2025-09-30,0.0012349426386233375,0.01146713046883896,0.0028995439891972286,0.0036878503503250393,0.002739134291552814,0.005200539032219842,0.0004970665077567123,-0.1721029681841051,1.3132035434903044,0.0017411216582099006,0.008697957639992815
2025-10-01,0.005396180195251121,0.022459919532809014,-0.004130238980006751,0.003576155171125528,0.004797022405524931,0.007908620249351128,0.0005927826354222474,-0.1911467998918539,1.318112848859489,0.0016763913618169637,0.01037434900180978
2025-10-02,-0.003373639008279805,0.013635417886036949,0.0018248472826907225,0.0011065083694037359,0.004111121841221976,0.0040288753868159555,0.0006131137171881261,-0.19091345317560837,1.3200632413144007,-0.0017999318197635013,0.008574417182046278
2025-10-03,-0.008616724916728491,-0.004612153712874267,-0.005712921800042348,8.127245439304431e-05,-0.004209781352692232,-0.006313933476548368,0.0005860516059871216,-0.17727296094542877,1.3086378635445448,-0.0013764983985251064,0.007197918783521172
2025-10-06,0.014434284855370239,0.019900241023274257,0.0026647349576960355,0.0034129655259655944,0.007510154587375251,0.012333086945446844,0.00044414676100764457,-0.293560010526783,1.4043743297096405,0.002343782065508308,0.009541700849029479
2025-10-07,-0.011015913684859324,-0.01843438510550044,0.0004982939921795992,-0.003563335683556268,-0.005265569704058781,-0.009650668266060055,0.0004298467474130171,-0.2936837380380021,1.4129178919187217,-0.003687191110894256,0.005854509738135223
2025-10-08,0.00850864897974124,0.026761651360398098,0.007968733103041581,0.0058029445241385424,0.011463738189771755,0.014413011147726973,0.0004369390884947431,-0.31010613844687285,1.4377366744220215,-0.0007062360441729091,0.005148273693962314
2025-10-09,0.0013806023587328298,-0.0024851289438173607,0.0030470756069986837,-0.0026988789884324627,-0.0012102542195092658,0.000647516340638051,0.00034144115355357117,-0.22183030400509812,1.3731355754327508,0.001369225164733305,0.006517498858695619
2025-10-10,-0.038143390854622594,-0.05755912695428611,-0.02709359559310931,-0.02688380259026757,-0.03471419340226101,-0.04093203780067267,0.00039110863682613743,-0.2184071521599531,1.3690747581076668,0.0003315647346337283,0.006849063593329347
2025-10-13,0.023092821356536897,0.044292108375192596,0.022531585063505943,0.015153735427828607,0.02122127961769138,0.029972171598411812,0.00045908377907056793,-0.22115631022806137,1.3751501827097625,0.0036819854891288126,0.010531049082458159
2025-10-14,-0.011986269385876103,-0.018395814745809203,-0.005116700299167998,-0.0014106778769343853,-0.006660944590322959,-0.011832928143617768,0.0004686018575986014,-0.22954103632734024,1.3984793403881026,-0.003310145065975389,0.00722090401648277
2025-10-15,0.007562649564935242,0.024827546324981187,0.005309005626521479,0.004402393761144374,0.007056768737883523,0.012566400505479303,0.0004846727719453268,-0.3038691157382516,1.4619346433445584,0.003102944544881735,0.010323848561364505
2025-10-16,-0.004378458244492345,0.0044472282165577415,-0.007921516782405602,-0.006607479405634997,-0.0037029302513930107,-0.002617582270113402,0.000592258300181455,-0.26269475093927874,1.4307261031419116,0.0003522882416872649,0.01067613680305177
2025-10-17,0.010365956339597693,-0.0013690483780661733,0.001580304076443495,0.005548365707924496,0.006566773461732511,0.0035257373459916717,0.0005590940270619942,-0.31870203122586266,1.4696962032210177,-0.0049162432840916745,0.005759893518960096
2025-10-20,0.014923095677417786,0.012805243608227546,0.006809495262613208,0.010495080191700756,0.012600750316114295,0.01151261151608618,0.000532802796851664,-0.3446755339355141,1.483651787460098,-0.00409791964183636,0.0016619738771237354
2025-10-21,-0.001991135752465012,-0.005529688041661651,-0.004123980575456709,-0.00012961144603773622,-0.00026154446867010517,-0.003881601456527791,0.0004666223973881173,-0.3719146172331683,1.493854230402693,-0.004005718934296809,-0.002343745057173074
2025-10-22,-0.004604086900848237,-0.019403366687671952,-0.010518533447899325,-0.005056000600341393,-0.009633987432361102,-0.011508662345473172,0.00035492415808898413,-0.3433886210438719,1.4730576138640719,0.0005916589613999251,-0.0017520860957731489
2025-10-23,0.0077089311550482265,0.018310654500729884,0.007282144388990774,0.0056517869375618535,0.008406510401807177,0.011100576681589628,0.0003815741886389869,-0.3442376387984868,1.4718731866755779,0.0002912430293997414,-0.0014608430663734075
2025-10-24,0.007649958154297698,0.01838758757489667,0.011384448893748234,0.008276045992638759,0.01067827953226419,0.012473998207647533,0.00033629242452866913,-0.3165296217620682,1.4519677300167255,-0.000747197802091407,-0.0022080408684648145
2025-10-27,0.024597678991855387,0.02506114616974986,0.010598985504575387,0.011967006900055477,0.01780922137392449,0.02008593688872688,0.0002702777847906438,-0.3180464051900736,1.455807570527717,-0.002305076671979614,-0.0045131175404444284
2025-10-28,0.013189052143711466,0.00880699388531725,0.003577231568367756,0.002682439983301199,0.007689812405443863,0.008524425865798824,0.0002489823068812781,-0.30869855018534154,1.4411010578495744,-0.001978287899428114,-0.0064914054398725425
2025-10-29,0.010092121134440024,0.01514692938823825,0.00599485636010022,0.00041167652266205224,0.0045029912347254175,0.010411302294259498,0.0002360900629656036,-0.2660175310397191,1.4156686012567081,0.003909982100704521,-0.002581423339168021
2025-10-30,-0.030553179106257766,-0.013238857268141668,-0.01916575736656778,-0.010617916472143607,-0.015288557761366617,-0.02098593124698907,0.0002717279500866654,-0.3123766979089281,1.4531230984518615,-0.0023582924582594596,-0.004939715797427481
2025-10-31,0.015085951464973935,-0.001952071978719716,-0.0008210543589195485,0.0028788632833440797,0.004823836851984398,0.00410427504244489,0.00028767402302196777,-0.3500180122235361,1.5011965366839,-0.0024172721524048047,-0.0073569879498322855
2025-11-03,0.010153006471628867,0.008484434002836716,-0.0004108329627272589,0.001961690709285424,0.004784903787764083,0.006075535837246108,0.000234120129435713,-0.33083151858273757,1.4856192504209962,-0.0006181403543617237,-0.007975128304194008
2025-11-04,-0.02286965023325671,-0.03643811564247068,-0.018002498340428108,-0.011587531626996439,-0.02029799650310915,-0.025770088072051833,0.00023776782159208685,-0.3224171687167297,1.4809134305626375,0.0003157006017321176,-0.007659427702461891
2025-11-05,0.007602793919149642,0.019106453451520844,0.0025950035780406555,0.0030114149763156295,0.006507850334973142,0.00976808364957038,0.00019483745147617627,-0.3177141268321062,1.4786615189225174,0.0009071074165916525,-0.006752320285870238
2025-11-06,-0.020713017079520113,-0.023393597594595472,-0.013609398463305333,-0.010628529034676815,-0.018627265494505663,-0.01923867104580697,0.00020742226682237856,-0.32498010063839744,1.4843290451878808,0.004748837457963995,-0.0020034828279062427
2025-11-07,-0.008158347853566839,-0.008459362597635245,0.003301242668546811,0.001055044588075038,-0.0031552922350828183,-0.004438822594218424,0.00032297815344193247,-0.2628841802046008,1.4242863710388707,9.593511028285241e-06,-0.0019938893168779575
2025-11-10,0.027722804500692977,0.030650348422925022,0.018982499801208474,0.015529285212460664,0.02212410496158035,0.02578521757494216,0.00026135115922935464,-0.2693974940318683,1.4298754387654988,-0.001927297353177794,-0.0039211866700557515
2025-11-11,-0.002964379598927591,-0.021572541872000195,-0.004057008889728264,0.0022985690169332607,-0.00266349827862411,-0.009531310120218683,0.0003204397395687431,-0.25766951276974326,1.4102529813398303,-0.005503272312903448,-0.0094244589829592
2025-11-12,-0.011446379812666718,0.012761691189833169,0.00041564861810416964,0.0004937886584541751,-0.0007882334621760467,0.0005769866650902067,0.0002262748060488554,-0.34276859400357496,1.4721320502978532,0.0016803508460211994,-0.007744108136938
2025-11-13,-0.025563835550864944,-0.03012398366125879,-0.022103970345142443,-0.016284140739219577,-0.020416043726134814,-0.025930596519088727,0.00023588882746275922,-0.35195837926151285,1.480468268761614,-0.001672520218601363,-0.009416628355539363
2025-11-14,0.001388851721695783,0.0004640442087557872,0.001274601532811559,-0.00025887893463849565,0.0007558588119775944,0.0010424991544210431,0.0001772827849349222,-0.3452331625794329,1.4833755013628465,-0.0003453796680211107,-0.009762008023560474
2025-11-17,-0.0021574860423138054,-0.013566132232519679,-0.011457136880086094,-0.009371591553896108,-0.008540478281271802,-0.009060251718306525,0.00017524291201903228,-0.34469181365611434,1.48281979386294,0.00019818472464403804,-0.009563823298916436
2025-11-18,-0.018687250608999784,-0.02059936885815139,-0.0054945768759024904,-0.00823466770554171,-0.012175714936622062,-0.014927065447684554,0.0001383772744292756,-0.3989561037891726,1.513752170700287,8.0301249224278e-05,-0.009483522049692158
2025-11-19,0.008183717423226433,0.018452390246680217,0.007510406456213481,0.0036243881575048764,0.005969970781927181,0.011382171375373376,7.752215142863656e-05,-0.36305702196428985,1.4910620107246855,0.0037189121567831355,-0.005764609892909022
2025-11-20,-0.017483579744417943,-0.04224609289746606,-0.01962135483789018,-0.01516733620827515,-0.023671687515956052,-0.02645034249325806,8.993733049665213e-05,-0.38611117429384056,1.5086764600301925,0.0033163599064721626,-0.0024482499864368597
2025-11-21,0.008261855488651548,0.003168317540239718,-0.0010486261788652529,0.009950537782298596,0.00751273835218047,0.003460515616675338,0.00015805411180767063,-0.3674359240711645,1.4837649792953873,-0.004188491515663131,-0.006636741502099991
2025-11-24,0.032934235463351724,0.03983065062595981,0.023097017081920246,0.014869707886471684,0.025573261083649657,0.031953967723743926,0.0001531532013655667,-0.45944780936240087,1.5461378081793744,-0.0009071166031963812,-0.007543858105296372
2025-11-25,0.007169913643585879,0.0026245250191057057,0.008380395231265547,0.009301675837793733,0.006163668529668875,0.006058277964652377,0.0001958230484630654,-0.42495707346774975,1.5142475987789341,0.0004819475878434379,-0.007061910517452934
2025-11-26,0.004392615209557693,0.022646307408519917,0.011533270806704188,0.006912038442149271,0.008835737972002766,0.012857397808260599,0.00022995554869400235,-0.4249259868916373,1.512567398028627,0.002199897822054849,-0.004862012695398085
2025-11-28,0.006786418011127671,0.013143203569370376,0.007042268486912695,0.005536525569085793,0.008107246699400328,0.008990630022470247,0.00029024040150070355,-0.42127631584067105,1.5140627034575145,-0.00124208314001939,-0.006104095835417475
2025-12-01,-0.001198316095701979,0.0019302721029321734,-0.009906807457756628,-0.004598918292398113,-0.0033590309023721066,-0.0030582838168421445,0.0002306595240588237,-0.44083736125181994,1.5232428919711447,-0.00019969839958474712,-0.006303794235002222
2025-12-02,0.004799015119869798,0.01833066100996228,0.0019339510161331397,0.0016946482822168818,0.007826073319548543,0.008354542381988406,0.0002472810109932684,-0.45566634420644486,1.5336005302588611,-0.003122614634235736,-0.009426408869237958
2025-12-03,0.0,0.013744001073819234,0.0025175412104425643,0.003495109716155298,0.002443824006459039,0.0054205140947539325,0.0002080942356095067,-0.41560698787407035,1.5036055094008338,0.0029904646404472967,-0.006435944228790662
2025-12-04,0.0049253764109271625,-0.0076021790123870225,0.00870586823693631,0.0008428465334728852,-0.0009301893300760478,0.0020096885451588165,0.0002145901431632554,-0.4006084627623128,1.4932698443528103,0.0035217735322559825,-0.002914170696534679
2025-12-05,0.004307150253443526,0.007798746951656721,0.002904597193597702,0.001875089965078569,0.004077349973276911,0.005003498132899316,0.00019208519290459403,-0.42978682608184887,1.5127936689227146,-0.0005508873208517461,-0.0034650580173864252
2025-12-08,-0.008873182726819029,0.011332988471199235,0.0012412311986336189,-0.002965989331346064,-0.001918502477041395,0.0012336789810046083,0.00013277451996983525,-0.4778320098442995,1.543322162984735,0.002644527210220031,-0.0008205308071663944
2025-12-09,0.002089091203743232,0.0012210128841778634,-0.002314075651457581,-0.000811321431209433,0.0012333456873967474,0.0003320094788211714,0.0001878853632811183,-0.5035121659422745,1.5600356293293112,-0.0021884493111821715,-0.003008980118348566
2025-12-10,0.00044666327548381624,0.01382118711104341,0.00670979003224903,0.0064639781579087785,0.004095732190410706,0.006992546806258752,0.00014572325640784222,-0.48852352893566475,1.5492556246953924,0.0036592928372757984,0.0006503127189272325
2025-12-11,-0.007441601951490684,-0.00858059304361436,0.0020571012784544873,0.002451954749838059,-0.0032344464150966257,-0.0046550312388835184,0.00017225525506385698,-0.43281578325260733,1.5131721830968121,0.0011282325646451534,0.001778545283572386
2025-12-12,-0.008097181500607231,-0.04521557905597107,-0.02200691088176887,-0.0107935606535432,-0.019118307600878626,-0.025106557146115722,0.00023459742789890665,-0.41378524794543725,1.498345880540984,-0.0011615333085632472,0.0006170119750091387
2025-12-15,0.0012093663044614456,-0.0034451637777591637,-0.0035264880672901677,-0.0014516026520408065,-0.005019386618356658,-0.0019207618468626286,0.00014258472260235704,-0.39841541454926194,1.4861198940595166,0.004817722867677321,0.005434734842686459
2025-12-16,0.008002403187262086,-0.0027203432490249257,0.0001685407875828826,-0.002795866524820556,0.001981802971139146,0.0018168669086066809,0.00028668579224997554,-0.37102231983269784,1.46762610450282,-0.00241569354204986,0.003019041300636599
2025-12-17,-0.021719624182839792,-0.036085721713999375,-0.01828145839575457,-0.010989893441440746,-0.018537047358446523,-0.025362268097531244,0.00019270082385960897,-0.34532257058644633,1.4473141588650613,-0.0025210960696284597,0.0004979452310081393
2025-12-18,0.019598853216093115,0.02361164778003144,0.010040362235091527,0.007548488377173257,0.014490198509077512,0.017750287743738696,0.00014119031024383488,-0.3541730455737815,1.460007796374616,-0.000873234242752402,-0.0003752890117442627
2025-12-19,0.00795914068298198,0.025860342303254624,0.015547993057352327,0.008922605706582765,0.013035461532133308,0.01645582534786298,9.856017772051623e-05,-0.34210829037245705,1.4511955372578171,0.0004927589525612168,0.00011746994081695411
2025-12-22,0.005512515122076289,0.01288282212469194,0.00831107565477196,0.006297721702520187,0.004793430010699984,0.00890213763384673,0.00010508250660381851,-0.34157626038344013,1.4516498917656628,0.003989825199106477,0.004107295139923431
2025-12-23,0.009482837133832245,0.009619102968188686,0.0062380777871609006,0.004668670924617757,0.004683320360612031,0.008446672629727278,0.00017401651336561346,-0.2968172452423317,1.4242049668251682,0.002988390040332585,0.007095685180256016
2025-12-24,0.000587109853741774,0.002781170160370161,0.0038848813415293115,0.003335033477966931,0.002925563588204838,0.0024177204518804154,0.0002699774900924905,-0.28846189788938026,1.4216146232314404,-0.0010492509298185553,0.0060464342504374605
2025-12-26,-0.002640387331001137,0.004640612520293352,-0.0005763602575278304,9.460787358062106e-05,-6.402972705099597e-05,0.0004746216439214616,0.00022104110227909942,-0.30386710021131674,1.431058469093665,0.0003739590450145479,0.006420393295452008
2025-12-29,-0.007795251868057185,-0.004509905325937313,-0.006178912846938056,-0.003528597893055596,-0.004840682759455928,-0.006161356680310852,0.0001963563503354661,-0.30510729196627434,1.4308461822806784,-0.000508041532234999,0.005912351763217009
2025-12-30,-0.001113012097164301,-0.0024710851365958852,-0.0023211760354218125,-0.0013911020720053235,-0.002319387022803987,-0.0019684244230606662,0.0002178560728619491,-0.3146158815737134,1.4383220405821446,0.0007120821748735863,0.0066244339380905955
2025-12-31,-0.006776156494830432,-0.00875283558710327,-0.008558370702493434,-0.007265853666360345,-0.008265617813153048,-0.008029120928142378,0.00023685089068346485,-0.31048294244068253,1.4350268295968773,0.0013394878805676694,0.007963921818658265
2026-01-02,-0.00924803849027278,0.036570079503488895,0.0029333089640153354,0.0018656933806269205,-0.0019371296799318705,0.01008511665907715,0.00021954263274598775,-0.3044896949832465,1.427369252352014,0.013198657777683765,0.021162579596342032
2026-01-05,0.008263212366274031,0.011492120774729386,0.0062672050228820275,0.006621071261690981,0.007942968524083938,0.008674179387961814,0.00047235838682930457,-0.1804046973427903,1.3377537179988404,-0.0012294423168581325,0.019933137279483898
2026-01-06,-0.003642401972874132,0.026563200499415185,0.0052318017543060424,0.005929244996783822,0.008786595304206557,0.009384200093615699,0.0004595881559755924,-0.18692358201446252,1.3414523653606012,-0.001753871403213968,0.01817926587626993
2026-01-07,0.0038080730264942186,-0.006707616057653465,-0.00710458514237533,-0.003206638474218093,0.0009625073552126384,-0.003334709391178192,0.0004059087002434743,-0.17564390107257843,1.3322475548608619,-0.005586142652880386,0.012593123223389546
2026-01-08,-0.0003035549620296063,-0.01568744013217782,-0.009734632321392045,-0.00017332413714843398,-0.005688999652936455,-0.008575209138533157,0.0002837241689968025,-0.0956253260316787,1.2808783681092393,-0.001588590893026663,0.011004532330362884
2026-01-09,0.0074378493259370515,0.027019868957532944,0.008486035138808967,0.006702899305140342,0.00996023105487942,0.014314584474092987,0.0002083165714756788,-0.1250476802586274,1.288505786218165,0.002110634565450282,0.013115166895813166
2026-01-12,-0.0012806852637509136,0.003699713367478541,0.003665759074064079,0.0016136770239001397,0.0008297496946161331,0.0020282623925972354,0.0002957394895525907,-0.0941751602752598,1.2670930042545139,0.000833121162072523,0.013948288057885689
2026-01-13,-0.004450566222243046,0.0022269879410024007,-0.0028223006466719935,-0.0020490474772195677,-0.0014828295247444334,-0.0016819596426375465,0.00024725995090623233,-0.08560204260772142,1.2577306530487868,-0.0002396220964771339,0.013708665961408555
2026-01-14,-0.015305266548439334,-0.00812196430847123,-0.010155576250861165,-0.0048430594091642964,-0.010682829260153182,-0.01119426903592391,0.00021405934151521124,-0.06459031798714504,1.245052391616389,0.0015795389948755796,0.015288204956284135
2026-01-15,0.0016927204566741239,0.02075446744410603,0.006811836250173897,0.002645935033731117,0.0035994606388298767,0.009753008050318016,0.00030541015375109,-0.04108357571293786,1.2314031357095496,0.005123915251338524,0.02041212020762266
2026-01-16,-0.0029189556414388473,0.010040137608940292,0.0023387553328455546,-0.0008325157843777076,-0.0008363469702494797,0.0031533124334489995,0.00044179050610710795,-0.013497593954122755,1.2240711491569791,0.0037240331642912016,0.02413615337191386
2026-01-20,-0.03020035212770178,-0.024975647828731407,-0.025166672147640234,-0.02034301469097588,-0.021247109479646253,-0.026780890701357807,0.0005756831318015423,-0.02663720246298379,1.231407443309416,-0.0017346060721438773,0.022401547299769984
2026-01-21,0.011121715573765734,0.029560126013304933,0.00572751987587683,0.011457810652963252,0.013518379690002691,0.015469787154315831,0.0005440590003702318,0.008618385609829415,1.213057242889555,-0.0015715880715948694,0.020829959228175113
2026-01-22,0.020270284850712583,0.002214352411255449,0.0024649012906194923,0.005203966452220765,0.00726938199084981,0.008316512850862509,0.0005160969681568811,-0.0012267453036929332,1.2161455715895524,-0.001033826892253377,0.019796132335921736
2026-01-23,0.01062686644329558,-0.006777247745122228,-0.0001696401776551948,0.000410459655692641,0.003157420737031069,0.0012266595068393855,0.0005151428038668675,0.0011991269562650064,1.21503063812367,-0.0031253384232048506,0.016670793912716884
2026-01-26,0.004571706946155274,-0.0031742583551108705,0.007717175944307542,0.005143318075213843,0.004400109641689687,0.0030382081784506485,0.0004943274254260046,0.018099221717191805,1.2080349544027313,-0.0028646955515463112,0.013806098361170574
2026-01-27,0.009557113172210308,0.021137336444929433,0.006563964851180826,0.004096664827313745,0.009065284269015539,0.01241947148944019,0.0004764982919977692,-0.009229300398161056,1.226012252240164,0.0008666329639112104,0.014672731325081784
2026-01-28,-0.00015029505291963563,0.023032547287446192,-0.003595027310253185,-0.00015637106998900308,0.0033114338544455446,0.006429074974757791,0.00040691470684103956,0.024108784949786743,1.2016563173674204,0.0020467247736766486,0.016719456098758433
2026-01-29,-0.0024046236836170465,0.0021361498702181514,0.011243457385006428,-0.0020793212376579717,-0.005985274152202957,0.003658327857202511,0.0004946626464849377,0.0024700989673280827,1.2101110646287614,0.010411647816376783,0.027131103915135214
2026-01-30,-0.0034648348456690625,-0.03367502857002935,-0.005393215135081508,-0.003211874729477593,-0.012010843010114347,-0.014177692850259974,0.0006919154023971929,0.04781457970655634,1.1711915654073943,-0.0006490357855188054,0.02648206812961641
2026-02-02,7.554426761458011e-05,0.01117833208036223,0.003336898231635521,0.005438353742200475,0.0068664977949211,0.004863591526537443,0.000690495304627507,0.0384574312069203,1.1788609367390674,-0.004130694915647065,0.022351373213969343
2026-02-03,-0.016249670744134415,-0.025222463696185193,-0.006236003127016887,-0.008644835724602395,-0.015363995860281365,-0.0159027125224455,0.0006579961146205615,0.04219382009131378,1.1643925738810739,0.0016937726910679594,0.024045145905037302
2026-02-04,-0.01521213069007099,-0.039378404623127805,-0.020833278570610236,-0.005109252342394233,-0.017469117873106343,-0.025141271294603012,0.0006565686234864026,0.05477771180499924,1.1502166147722572,-0.005424697142676814,0.01862044876236049
2026-02-05,-0.019815832667095523,-0.002486732937472258,-0.00863026729360028,-0.012378942852334762,-0.014395285110089362,-0.010310944299389354,0.0005784008741380656,-0.03214472737371277,1.2290778364126307,0.0064056629609611,0.025026111723321587
2026-02-06,0.004616378811463706,0.05400578942639234,0.032925326387173826,0.01948321295033506,0.021137965447641127,0.030515831541676624,0.0007190719119960234,-0.0785931270350837,1.2447161404352955,0.005017239491495372,0.03004335121481696
2026-02-09,0.01156709768937314,0.012448649510719667,0.013768343628515645,0.004706861750291003,0.0076601288352324826,0.012594696942869485,0.0008012608922921827,-0.021651989727280052,1.228145529486219,0.002487595988563079,0.03253094720338004
2026-02-10,-0.004072655402753256,-0.004647692510086454,-0.005844078108914186,-0.002804613497801367,-0.004639335369521991,-0.004854808673917965,0.0009343953887043813,0.037163884397027114,1.1885480941779096,-0.0001709005191141838,0.032360046684265856
2026-02-11,-0.006134054625887453,0.024755382873604237,-0.0015731480204386195,-0.0001414451857935095,0.002682115083918246,0.005682726742426055,0.0009225724643380103,0.03633903180558623,1.1892830427689245,0.0015755002711346205,0.03393554695540048
2026-02-12,-0.02310490767846829,-0.020902679621125242,-0.019238709734813564,-0.01549458828079553,-0.02033890829654672,-0.02108209901146903,0.0009937651868204532,0.011413326414919323,1.199562094343524,0.002498764028290478,0.03643431098369096
2026-02-13,-0.00939572364585195,0.0039644823501368,-0.00016910206028508679,0.0006385750494271036,0.0021309462986458527,-0.0018667811186667456,0.001055082355762031,-0.0048034731951559495,1.202544383583988,-0.005481353599451416,0.030952957384239543
2026-02-17,0.001962370055444529,-0.0005150383950981441,0.0051586147512003855,0.0017545444091136009,-0.0010300219796973709,0.0022019821371822568,0.0009533215757071895,0.01407641070852897,1.188211734781464,0.0024478470771252822,0.03340080446136483
2026-02-18,0.006854874584746096,0.012367740439658048,0.0039542369407710165,0.005032057832192294,0.007467270408041182,0.0077256173217250534,0.0010113194120536261,0.0242699512935505,1.1782466392829287,-0.002206116151713596,0.031194688309651233
2026-02-19,-0.001620983568603851,-0.0056962202289939645,0.0005027355711710868,-0.0025667688756069174,-0.003829877610147525,-0.0022714894088089097,0.0009167834114969707,0.034094089694507,1.1659759456641234,0.0013647839962337449,0.032559472305884976
2026-02-20,0.01639873874055775,0.011774710942299649,0.004774326169651122,0.007132329487871125,0.00884888016577512,0.010982591950836174,0.0009267798100196813,0.032034311064436743,1.1695741564545448,-0.0005220886760658149,0.03203738362981916
2026-02-23,-0.01597444128394665,-0.005180333717581975,-0.01683894905242822,-0.01007851793166703,-0.012154861024927022,-0.012664574684652282,0.0009885025172044824,0.11172384588416756,1.1241858210371336,0.00113725600318146,0.033174639633000616
2026-02-24,0.011526021375929174,0.015210227439033552,0.00686792579830775,0.007297253323045982,0.010741494985549327,0.011201391537756825,0.0009990036667552199,0.10938854879130384,1.1202038142653026,-0.002628511733892891,0.030546127899107725
2026-02-25,0.015406821751157151,0.01670006665436241,0.01465254033204122,0.008414991558492124,0.014493229135896346,0.015586476245853595,0.0009881067890142687,0.15160920628369765,1.089598047386096,-0.0024692149010196156,0.028076912998088108
2026-02-26,-0.015805278848821214,-0.03320347703888116,-0.004398639547499417,-0.005615481356488261,-0.012064622965899163,-0.017802465145067264,0.0009253252784594936,0.1607440585490373,1.0747093225349786,-0.004859172385256946,0.02321774061283116
2026-02-27,-0.014774401427323003,-0.013689023360490382,-0.004084697459568076,-0.004590420858804234,-0.0032006550532752698,-0.010849374082460487,0.0008830954304259971,0.13127111734021696,1.1075865404853278,-0.007584877379945375,0.015632863232885787
2026-03-02,0.004238013735895274,4.926429483109729e-05,0.005357041265098728,0.00038047977234278996,0.0013172951606528205,0.0032147730986083665,0.0007288482481279345,0.19495543902455925,1.0697207696632491,0.0010026102562961706,0.016635473489181957
2026-03-03,-0.005193957014349548,-0.03772242559430383,-0.007409954109807493,-0.008807626233547694,-0.01070569407223343,-0.01677544557282029,0.000770313424216331,0.17958973950917384,1.082015420969575,-0.00438027361772049,0.012255199871461467
2026-03-04,0.015336900190367597,0.020559526914325277,0.008723366470539506,0.007127868156814321,0.015243157069594115,0.01487326452507746,0.0006717811627796765,0.19854613916650543,1.0768108366788114,-0.003627724058461757,0.00862747581299971
2026-03-05,-0.001124854496852623,-0.009396141174268346,-0.005072331022389465,-0.00534762745316808,-0.0030126350364195753,-0.005197775564503478,0.0005654356924071361,0.2251541447028075,1.0493170902498594,-0.0013979613411027338,0.007229514471896976
2026-03-06,-0.018822364411476444,-0.03740991100693036,-0.011784386609958175,-0.013369332601200212,-0.015043283953991238,-0.022672220676121662,0.0005438844456705921,0.23820501112032652,1.0414794876388878,-0.004364191436042917,0.002865323035854059
2026-03-09,0.011969167439686457,0.036288621103607976,0.00896487753418529,0.008683321639860964,0.01335559691185173,0.019074222025826575,0.0004097924780067558,0.2958007786543805,1.014237711630601,0.002550146196105295,0.005415469231959354
2026-03-10,0.0034024478340777264,0.007505620335539476,-0.0018441270421181155,-0.001731439882889374,1.6508821196747903e-05,0.003021313709166362,0.000475015804017329,0.2863520935277625,1.0267835710664133,0.003025148354049376,0.008440617586008729
2026-03-11,0.0035524175620702536,0.009312189696405682,-0.0031911485155282637,-0.0011078780334262683,-0.00013176640363377068,0.003224486247649224,0.0005204432554882249,0.26582487437211766,1.04047118392428,0.00313564367720644,0.01157626126321517
2026-03-12,-0.019308137304546613,-0.03216715441675411,-0.012889638362199585,-0.015320975109708757,-0.017163300525987357,-0.0214549766945001,0.0006123577917073215,0.2894814134220489,1.0235014034607253,-6.553478007863614e-05,0.011510726483136533
2026-03-13,-0.016570994644590775,-0.002061212223951725,-0.008449200616784669,-0.005567154490291548,-0.005927094575381431,-0.00902713582844239,0.0006592432608452997,0.3118553316913748,0.998561763057893,-0.002031662270136937,0.009479064212999596
2026-03-16,0.01568239010581829,0.017013985707092116,0.010070560605335288,0.01001477460783784,0.011217471974352744,0.014255645472748565,0.0005778706635374588,0.30178948476586204,1.009730031300166,-0.0006711971875064445,0.008807867025493151
2026-03-17,0.00410643882414341,0.0075141941363208176,0.0,0.0027635200973570306,0.0048802389046711525,0.0038735443201547426,0.0005650096756256092,0.29844667421530113,1.0107621984558723,-0.0024489897419295104,0.006358877283563641
2026-03-18,-0.015213484196401561,-0.008088065449469939,-0.010992787509537583,-0.013795148509844868,-0.013939679228373136,-0.011431445718469694,0.0005929472784014485,0.3289699066778895,0.9743304562562944,0.006095649743667339,0.012454527027230981
2026-03-19,-0.010797367402677227,0.003175248196112479,-0.00155096471642735,-0.0026791875755300953,-0.003160260480330801,-0.003057694640997366,0.0006763298310602453,0.266859125517638,1.0031423560488242,0.00015113232541309925,0.01260565935264408
2026-03-20,-0.019815286654805142,-0.025777430485229624,-0.018122122925435025,-0.014519979228690527,-0.018481707498242073,-0.021238280021823264,0.0006729825357434422,0.2671495405380629,1.0020635005015954,0.0004875877329352206,0.013093247085579301
2026-03-23,0.01559019811657092,0.0172064128638012,0.009439463736200526,0.010853850478142801,0.011478971108489944,0.014078691572190882,0.000646761376463099,0.24987563117582334,1.01135865984941,-0.0008895393799186468,0.012203707705660654
2026-03-24,-0.012989211768212772,0.00825329902704941,0.002706710232892595,-0.003391493885852692,-0.006836798962342794,-0.0006764008360902555,0.0005957041288113242,0.23515910107448906,1.0184369806528293,0.006488284581133956,0.01869199228679461
2026-03-25,0.0075201239792945795,0.011226824594883666,0.004179784147507082,0.005444978741605766,0.006575620525403059,0.007642244240561776,0.0007347900194566375,0.2753589738860741,0.9841858165191727,-0.0010635019939289536,0.017628490292865655
2026-03-26,-0.03257000778275876,-0.04556160888260241,-0.03451270813587859,-0.017732708274993514,-0.023867934697473725,-0.03754810826707992,0.0007193954142911923,0.2731155714386293,0.9845154299423937,-0.009926074937171424,0.007702415355694232
2026-03-27,-0.027704682626277788,-0.017303845187635725,-0.009250922161777364,-0.017010337742954462,-0.019536656388718376,-0.01808648332523029,0.0006159874816722449,0.28129878607560366,1.012558158779214,0.005864517372589428,0.01356693272828366
2026-03-30,-0.0010820806576276043,-0.03131596852559282,-0.022391456484404326,-0.0034823390263478693,-0.007643371872404492,-0.018263168555874915,0.0006818286248187394,0.23763556377200853,1.0291772538789443,-0.010251085108905392,0.0033158476193782677
2026-03-31,0.046037177562004095,0.05756763629895589,0.03959570462916617,0.02860936196039754,0.03385390473424077,0.047733506163375385,0.0004970600269550803,0.17713961616646834,1.0842137262380533,0.005463726540368662,0.00877957415974693
2026-04-01,0.012771862202386686,0.022352653783642484,0.02131834129670529,0.007949122664680175,0.012353199234057088,0.018814285760911487,0.000418635075462705,0.11817521009954676,1.1534937979794448,0.0032069227427538524,0.011986496902500782
2026-04-02,-0.006987045761414956,0.0008929410475946309,0.002096064471950765,0.0011455948159597718,0.0011466275764089318,-0.0013326800806231869,0.0005055275088822114,0.11099526407344246,1.1658851115760114,-0.0033021992084816786,0.008684297694019103
2026-04-06,0.0018877743176146655,0.00932912824679022,0.008105269004228699,0.004444454821595389,0.006017365534718655,0.006440723856211195,0.00048525804873567144,0.10422394611649263,1.172531817241861,-0.001563305357799829,0.007120992336219274
2026-04-07,-0.0015416264292781312,0.009899446440218451,0.008472395188014792,0.0006109465244419354,0.00015293726768694782,0.005610071732985038,0.0005353896273044573,0.049725383799930495,1.2130360703301677,0.004858784133069463,0.011979776469288737
2026-04-08,0.026248048640694188,0.057564440816692874,0.04037718288901382,0.025245926277871256,0.029732043596962132,0.041396557448800296,0.0006549662910394402,0.0876768487087019,1.1837704872315828,0.0033321921638183663,0.015311968633107104
2026-04-09,0.015045160990811102,0.01747371582386026,0.011535949101292298,0.0059226779118535244,0.006764706060259584,0.014684941971987886,0.0006936731786196974,0.11816472937539318,1.1703754971813116,0.005374170942174655,0.02068613957528176
2026-04-10,0.006916965752663984,0.01526807966697108,0.004724648623515293,-0.000672047091481609,0.0014421643720912147,0.008969898014383451,0.0007819471341643756,0.13053011901620765,1.1652175382304493,0.00659523804768288,0.02728137762296464
2026-04-13,0.010140643409782824,0.014786649383990325,0.010134589710469433,0.009798277728187976,0.010342492251355084,0.01168729416808086,0.0008994161871795629,0.09337236798066859,1.1947635963758696,-0.0024838436504304243,0.024797533972534216
2026-04-14,0.0299547010864043,0.019533549270634998,0.01653425625959848,0.012097291936856491,0.01815697886050316,0.022007502205545926,0.0008382749195036302,0.06630767313552671,1.2140317243396692,-0.0016760643483473975,0.02312146962418682
2026-04-15,0.02593934145648147,0.0022123893805310324,-0.0005527053845607588,0.007989368987907808,0.013999468879074328,0.009199675150817247,0.0007395192164234604,0.07587824370371282,1.2018991272908364,-0.008972012781004226,0.014149456843182593
2026-04-16,0.0007660959351321051,0.003973482986686205,0.0012639993557761464,0.0021912780019623934,0.004816377928118731,0.0020011927591981524,0.0005462047455205161,0.14734412914094883,1.1351971139261785,-0.004335422258805363,0.00981403458437723
2026-04-17,0.017455204903746413,0.02058051037899622,0.012308722239357861,0.01228178322550555,0.013084122492198702,0.016781479174033498,0.0004806080937175553,0.1635885222952656,1.120623505848985,-0.00037066290686055964,0.00944337167751667
2026-04-20,-0.01038366958164283,-0.00043091219720181595,-0.005144254236791546,-0.0018996458489249912,-0.003174848913578998,-0.005319612005212064,0.000506289053916249,0.16929935635786553,1.1186864249593849,-0.0019526318586795444,0.007490739818837126
2026-04-21,-0.006843135082393648,0.0015087770926882627,-0.007756161910912551,-0.006584374898709,-0.00380336112828894,-0.004363506633539312,0.00049234240547142,0.16521999055895942,1.123493832290648,0.0005050740891972428,0.007995813908034369
2026-04-22,0.017302173098363793,0.02619115657521931,0.019423663609541952,0.01027430944096297,0.01673059200687632,0.02097233109437502,0.0005471784769067352,0.14243559078866652,1.1412242114925872,-0.00013163138855246462,0.007864182519481904
2026-04-23,-0.01670681170324273,0.010527902339651174,0.0009292895959218672,-0.00403739238129297,-0.005632679633709281,-0.0017498732558898962,0.0006009361381694876,0.16305952474844876,1.1267990643858095,0.004654424030105878,0.012518606549587783
2026-04-24,0.01898052700160946,0.051032470740714375,0.017720523542378075,0.007923106689458947,0.019127488040923124,0.029244507094900635,0.0006662928502714963,0.1747623873063605,1.1139563342021592,0.0058863667441339355,0.01840497329372172
2026-04-27,0.007661140732589278,-0.0003554076986683752,0.0044858936504141855,0.0016453495794352957,0.0005271940263615882,0.003930542228111696,0.0007087677638024574,0.08714436288849425,1.1895731285083002,0.002451255676210656,0.020856228969932375
2026-04-28,-0.0032796841785606157,-0.029727843440595536,-0.0162742583746448,-0.0049277543544711255,-0.010056759402575555,-0.01642726199793365,0.0005619640386361252,0.022885241690890012,1.244697542623959,-0.004358829472028182,0.016497399497904193
2026-04-29,-0.004187836924032684,0.017039545739681694,0.006232707420700034,-3.0594284145646355e-05,0.006113568281962856,0.006361472078783015,0.00047005074970655526,-0.020472334318812124,1.282612404264481,-0.0019505435201002657,0.014546855977803927
2026-04-30,-0.005106698076517202,0.014292034990085911,0.023093925776894952,0.009690638349153069,0.00932627116139395,0.010759754230154553,0.0005168230265808572,0.012179716283476583,1.2599482811660074,-0.0016257173416111773,0.01292113863619275
2026-05-01,0.009510943585900877,0.006117789106503846,0.004708824259445965,0.002936843819084878,0.009599622702352262,0.006779185650616896,0.00042025536241136916,-0.031153417727601274,1.2967152264032888,-0.005997553915364663,0.006923584720828087
2026-05-04,0.0014954160313116471,-0.005943271616976831,0.00014882016532569153,-0.00362258516650793,-0.0018838683316975136,-0.0014330118067798308,0.0004892840925892441,0.1496760414790479,1.146130303241562,0.0007790768905501964,0.0077026616113782835
2026-05-05,0.0020904791264235723,0.03137392929694083,0.02558768966348235,0.007847086823611571,0.012974053527471385,0.019684032695615583,0.0003563051680984769,0.1669640834128685,1.146989116860217,0.003136447670980015,0.0108391092823583
2026-05-06,0.020116204169917218,0.051789793563639774,0.02690734105505066,0.014068752947129948,0.02077436440402569,0.03293777959620255,0.000333435901840497,0.11005872483379131,1.1879896780495063,0.006376224204977684,0.017215333487335983
2026-05-07,0.006281044565092708,-0.01757136570156459,-0.016173406566458937,-0.0031423033438270354,-0.001192941202506459,-0.009154575900976939,0.00035822459920043133,0.09148061757307979,1.2139780294526124,-0.007777136239410499,0.009438197247925485
2026-05-08,0.010596652103371795,0.04895390415954437,0.032376112937795964,0.008177920978619913,0.023440839756069476,0.030642223066904044,0.0002373956195206732,0.13365823392397702,1.1857486848344676,0.0015168360600363098,0.010955033307961794
2026-05-11,-0.0025854682285920694,0.017245066385727315,0.015715348228869885,0.0021828604960840714,0.0028963917525772764,0.010124982128668377,0.00019523387523498427,0.1058478797444462,1.2096356111806406,0.006195118490297604,0.0171501517982594
2026-05-12,-0.004608290374042534,-0.02613176523466887,-0.01109071321863997,-0.0012509763822469155,-0.008481790799397704,-0.013943589609117124,0.00018419211453574928,0.11734998240852734,1.2146575560405046,-0.003678508383959462,0.013471643414299937
2026-05-13,0.020399247347896887,0.01997331309159245,0.012737921556637222,0.005510847708523059,0.010562260792936318,0.017703493998708852,0.00015355019177588284,0.05885450835808226,1.2616451649234803,0.0038997803143426303,0.017371423728642567
2026-05-14,0.00581318118822538,0.010271468149951168,0.008408085978155677,0.007795828918920167,0.00710766178035227,0.008164245105444076,0.0001194936570655088,0.014527821739340752,1.2987860442833092,-0.001299836892273292,0.016071586836369275
2026-05-15,-0.015506146964460399,-0.03803990555455361,-0.027386140226237088,-0.012054062954770961,-0.015087656778261405,-0.026977397581750367,0.0001260566563043206,0.004572671634121561,1.3065452797106243,-0.007335628220774049,0.008735958615595226
2026-05-18,-0.005440968976852645,-0.018298258653933197,-0.01435747533896603,-0.0007801166562249051,-0.004302314727548051,-0.012698900989917291,-8.517291395644731e-05,0.005423241012294522,1.322412353971644,-0.006920063168932741,0.0018158954466624853
2026-05-19,-0.01338900543382926,-0.0040280344222384246,-0.005586077221495844,-0.006363018251886676,-0.006162420032059024,-0.007667705692521176,-0.00023652170476690841,-0.04621351693764297,1.365717470907131,0.0006908832613387265,0.0025067787080012118
2026-05-20,0.014008450336681966,0.03805417739488859,0.01905705881208708,0.01034700129968158,0.016563787343382597,0.02370656218121921,-0.000299199676407419,-0.04270967595982844,1.3686722161720442,0.001777283398822039,0.004284062106823251
2026-05-21,0.0001439363439048602,0.005702603144241314,0.009629462801360011,0.0018633212922920528,0.001906965251198045,0.005158667429835395,-0.0002383596470480736,-0.04626591823458792,1.3765425682550656,0.002858216502980096,0.007142278609803347
2026-05-22,-0.002014379707171776,0.014862299022392778,0.0017278428369618126,0.003968654522935822,0.004240666390677106,0.004858587384060938,-0.00014486343639249838,-0.05289336696341529,1.3861948738559065,-0.0006650236920035342,0.006477254917799813
2026-05-26,0.0038926851310625565,0.04480151130636223,0.033531121227080574,0.006505773459862363,0.01775519084548005,0.027408439221501785,-0.0001222098357302533,-0.04261693044439818,1.3764171711838855,0.0033693555948923343,0.009846610512692148
2026-05-27,0.010053204154081063,-0.011027359894549282,-0.0013351014986251464,-7.247856648218143e-05,-0.0011365676760621835,-0.0007697524130311217,-1.1887184073970831e-05,-0.11527887702614048,1.4298668541639632,0.0008589199708057993,0.010705530483497948
2026-05-28,0.0076781018266502965,0.007271229370014787,0.0035427948699193745,0.005724890988149545,0.008430926296197239,0.0061640420221948196,-1.8449880558590696e-05,-0.11261674537145538,1.427811881113076,-0.005210566241053891,0.005494964242444057
2026-05-29,-0.002257706447134189,-0.0015004657793371567,0.003063973423847788,0.00227699184077923,0.0036840758744198787,-0.0002313996008745193,-4.433745537313675e-05,-0.11900636365432571,1.425412658409721,-0.005167414012399635,0.0003275502300444221
2026-06-01,-0.012020909137697156,0.014826448819402316,0.011488190770295503,0.0026024877526233947,0.00600023569930852,0.0047645768173335545,-9.131338427635681e-05,-0.17250421335134525,1.472436061187188,-0.00353013311515187,-0.003202582885107448
2026-06-02,-0.009876931511277554,0.04014416431462253,0.013130234132147534,0.00137682934216099,0.004604508800567064,0.014465822311830837,-0.0001158756153928841,-0.17259372079230695,1.4702193843321512,0.00804969193236163,0.004847109047254182
2026-06-03,-0.010842851233972106,0.009000177541716337,0.004989592019029487,-0.007017487569555558,-0.002613320951729392,0.0010489727755912392,6.0116098088834396e-05,-0.21501917163834128,1.495312789696666,0.0033876945560174353,0.008234803603271617
2026-06-04,0.010230993808392652,-0.016256458254117145,-0.01457214212479696,0.003894049849806125,-0.004837372714978083,-0.006865868856840485,9.005407399578129e-05,-0.2515413621871112,1.5181081263968292,0.0013672465018270043,0.009602050105098622
2026-06-05,-0.03776042399652002,-0.09217093072068028,-0.05594458528710655,-0.025946051286182326,-0.04800098739080161,-0.06195864666810228,8.698819462810408e-05,-0.22195376047501236,1.4965728753212917,0.004032517202536938,0.01363456730763556
2026-06-08,0.00030065617838115344,0.04997449592079373,0.02495157845857343,0.002477858400842914,0.015615708159669062,0.02507557685258277,0.00016159954744919205,-0.1665682801497517,1.441042219983027,0.0028238151644000217,0.01645838247203558
2026-06-09,-0.013076734302574944,-0.011953262839234813,-0.0025021146340946654,-0.0029130344173057265,-0.01150725833784727,-0.00917737059196814,0.00017752044952623462,-0.2001489709379891,1.467571461350277,0.006949792052584619,0.0234081745246202
2026-06-10,-0.021931196483274573,-0.03400963822772607,-0.025964311684872676,-0.015715012568198405,-0.019976509699805467,-0.027301715465291105,0.000358628231817131,-0.14981423257817772,1.423990556082251,-0.0015683150889608324,0.021839859435659366
2026-06-11,0.010744354224393904,0.06750633352965307,0.04802343384793417,0.016760340465034496,0.03377582954055702,0.04209137386732705,0.00033480112149233553,-0.14042375678874092,1.4214976761600746,-0.0039021404832873946,0.01793771895237197
2026-06-12,0.0,0.01724507269688047,0.012617814697647667,0.005484909819208905,0.005884685554236491,0.009954295798176046,0.0003555068126692571,-0.11170627900106614,1.3936161316418367,0.0020104951340433695,0.01994821408641534
2026-06-15,0.02634415325831907,0.043776941498460564,0.03515217760391298,0.017420654817781323,0.03141376689991193,0.03509109078689754,0.00026228836027550356,-0.05566045704451071,1.3675159787869875,-0.007160384153724934,0.012787829932690405
2026-06-16,-0.0030021700599071055,-0.048060542048045996,-0.020400445259762146,-0.005880436390790278,-0.019005421591015037,-0.023821052455905083,0.00019183948140515726,-0.028777667008759028,1.335336322085318,0.0011965125893963237,0.013984342522086728
2026-06-17,-0.028304686920285982,0.012938264128449672,0.0056268006898834155,-0.012091355647161683,-0.010070407460121666,-0.0032465407006509648,0.00015097039094279886,-0.0029935940737450817,1.3224442393798554,0.009883844631643168,0.023868187153729896
2026-06-18,0.013944863853610157,0.05755090127049223,0.02836185867131613,0.009832548255431117,0.02506543768170255,0.03328587459847284,0.0003641738602932071,-0.08449909847257192,1.3627430222063552,-0.0004052080978367706,0.023462979055893125
2026-06-22,-0.021699354299555385,0.013684258039190489,0.012558359576227085,-0.0029210253870163294,-0.002510106841037363,0.0015144211052873964,0.00019829584145427054,-0.09226415595968712,1.3735282215193299,0.0044943219071567975,0.027957300963049922
2026-06-23,-0.013745662286180016,-0.0700542483038109,-0.04528026202151103,-0.014225285236405316,-0.03292904314791367,-0.04302672420383399,0.00029806267275664866,-0.09752987094019366,1.3747263885708674,0.0005562474560409439,0.028513548419090866
2026-06-24,-0.007285383099767229,-0.005031757807628545,-0.003563580826798196,-0.0009610842775608086,-0.00424581964999271,-0.00529357391139799,0.00047856283943028535,-0.13049734522470513,1.3787691002435154,-4.355075897047832e-05,0.028469997660120386
2026-06-25,-0.025686033862680424,0.02901832622725853,0.03803892554069788,2.9623965879022052e-05,0.008105611726665796,0.013790405968425326,0.0003200623318344847,-0.07489258338334326,1.3579119291331767,0.002465855395364331,0.030935853055484717
2026-06-26,0.00867854563526027,-0.03967783465882202,-0.03407668793663876,-0.005176974399219714,-0.013763624451209266,-0.021691992320066838,0.0005332479483483642,-0.08200828386131498,1.3549373186866338,-0.004000946645157898,0.02693490641032682
2026-06-29,0.031168864142897768,0.03330553065689168,0.02808042747567674,0.016038551969942194,0.024854210883145544,0.030851607425155397,0.0004237254065502877,-0.15864772570458963,1.3934935154899961,-0.001661819886052903,0.025273086524273916
2026-06-30,0.012279637726274606,0.037833530995638576,0.01898690803010994,0.008516743821379125,0.017014704222517052,0.02303335891734104,0.0003726900228620783,-0.16911524885949647,1.3948589949694652,0.00036786691378122224,0.02564095343805514
2026-07-01,0.023950127730059556,-0.054018191898792645,-0.03850430989492937,-0.0019655735803734142,-0.015249920059198452,-0.022857458021220817,0.00043176837604747594,-0.16739686551617367,1.393605542506891,-0.002365884136278227,0.02327506930177691
2026-07-02,-0.011239336344611384,-0.04540186788465472,-0.028908094781321503,-0.000904494933786526,-0.017333877050142776,-0.028516433003529202,0.00041024026808997023,-0.18736402829602292,1.4080581885005992,-0.004689035567070614,0.018586033734706298
2026-07-06,0.01812596517409837,0.020277246300241414,0.014254418022832116,0.008439880899278274,0.014341891788415717,0.017552543165723966,0.00023947165078071046,-0.24097497582570113,1.4446339928761327,-0.0013719127890777852,0.017214120945628512
2026-07-07,-0.0006035141258909915,-0.03781230522507606,-0.023271000509989426,-0.005125797185676739,-0.0185246873533641,-0.020562273286985493,0.00019504508636260178,-0.3110207247059313,1.4705010293550584,0.004889024292869644,0.022103145238498156
2026-07-08,-0.006793432408733757,0.019864111360369696,0.007696487547625086,-0.002648901552875116,0.0028332742996159954,0.006922388833087008,0.00019281799366072105,-0.30312416725428737,1.456967759438581,0.0017986354538859972,0.023901780692384154
2026-07-09,0.014743900398307863,0.024839764702782485,0.01666995008794303,0.007923988848610009,0.01664234062582648,0.018751205063011128,0.00011195284649816303,-0.2983812969101373,1.455188072737957,-0.003214113295282355,0.0206876673971018
2026-07-10,0.013780679141800478,0.005430123466312553,0.004376784432526648,0.004589588525896193,0.0030831495111482976,0.00786252901354656,7.427280503123634e-05,-0.291354764205513,1.4487285469867706,0.004658807979849292,0.025346475376951092
2026-07-13,-0.010195071487809737,-0.041585573476523474,-0.02614636925177849,-0.007724880328481176,-0.01897977883957569,-0.025975671405370566,0.0001575976236705514,-0.26630579304897595,1.437457256589758,-0.0009078285897089165,0.024438646787242176
2026-07-14,0.006717489057871617,0.025084530179791065,0.02090432760385652,0.0037762898851669835,0.011169826504217273,0.0175687822805064,0.000271217626696687,-0.25635591771831207,1.4417327917401377,0.0021617337637139244,0.0266003805509561
2026-07-15,0.023428145677083956,-0.01589175270467258,-0.018709934573674758,0.0039068330233149595,-0.002709516875899598,-0.003724513867087794,0.000381952717196905,-0.26592301637904037,1.4487827502779091,0.0008579515491546883,0.02745833210011079
2026-07-16,-0.013039610841169003,-0.036985689690940626,-0.031466674804687456,-0.005275256859219479,-0.01644047698821338,-0.02716399177893236,0.0003859084493731081,-0.26551648039181275,1.4477217911907023,-0.005149331069322395,0.022309001030788395
2026-07-17,-0.017762757423455455,-0.02177802500433157,-0.00956772715671661,-0.010099445895528691,-0.015029585113280453,-0.016369503194834545,0.00032306343455358686,-0.2867824714284077,1.4640503010186394,0.0024151579259181696,0.024724158956706564
2026-07-20,0.00029885879497770773,0.00413272900273598,0.0043783785216822135,-0.0014051567860325909,0.001049833101992581,0.0029366554397986335,0.0003906677797285293,-0.30732445251995677,1.470868350077112,0.0005699823375137718,0.025294141294220335
2026-07-21,0.00029876950508334055,0.04518368596499456,0.03584273818602646,0.008296525941036581,0.018547213156642428,0.02710839788536812,0.000413371592424115,-0.30653645131738233,1.471446689084944,0.001946978522077751,0.027241119816298086
2026-07-22,-0.009708647141341564,0.004845151300994166,0.0024716792486274564,-0.00122111129468494,-0.005105992167196205,-0.0007972721972399807,0.0003545520356408946,-0.2967244246314063,1.471490714054613,0.005999262280857629,0.03324038209715571
2026-07-23,-0.04630472651901463,-0.011483857052664526,-0.0015992902075732118,-0.012255714577614318,-0.01898341826999872,-0.019795957926417456,0.0004055380475983981,-0.27928318162755994,1.4564431536424352,0.004023958637699106,0.03726434073485482
2026-07-24,-0.0012651908419513136,-0.03271451648281709,-0.02215849485180088,0.0007810514261743506,-0.011171225588826994,-0.01871273405885643,0.0004291151634603621,-0.30626989909717617,1.4641358966197353,-0.002546444286994125,0.0347178964478607
2026-07-27,-0.002216994472887368,-0.022523591998161563,-0.012012794845568164,0.0002502914075004359,-0.003083737064717651,-0.012251127105539031,0.0004557786121181305,-0.33119921671982055,1.4755248599544748,-0.008073878698987381,0.026644017748873317
2026-07-28,0.006824318626093673,-0.03454564329364873,-0.02625217997760143,0.0024289711913449974,-0.009719704641810822,-0.017991168215052162,0.0003842802916067408,-0.36431924612943956,1.4947825455740849,-0.002961682706643737,0.02368233504222958
2026-07-29,-0.013871331533217846,-0.047922914530263205,-0.03249380581921191,-0.015169784945552323,-0.0203704125369063,-0.03142935062756432,0.0003473330519797182,-0.39342152033865196,1.5106886675037803,-0.0069714521641523475,0.016710882878077232
2026-07-30,0.02173907873721581,0.06877954684344134,0.051697611675497246,0.016641028679415193,0.032974185798204436,0.04740541241871813,0.00033551706168675403,-0.35741058323974984,1.5073101412512957,0.003315250469912573,0.020026133347989805
2026-07-31,0.03191490885427539,0.003024688827180544,0.0028587621485423043,0.007128362902576679,0.00649550511403274,0.01259945327666608,0.0003916616252453355,-0.35730777801497626,1.5140245087116613,0.004920457221917303,0.02494659056990711
2026-08-03,0.036688875114235575,0.009120663808806828,0.01056806127449228,0.014199373266344795,0.017558419833591632,0.01879253339917823,0.00042309160830486894,-0.33638650310313234,1.5038331678741654,-0.0032590148110194957,0.021687575758887613
2026-08-04,0.008482039402622155,0.05545777652155115,0.04004122339895044,0.018064267107503307,0.03396798607700635,0.03466034644104125,0.00029754917733043856,-0.3892334601287002,1.5180500822421223,-0.010171089603145375,0.011516486155742238
2026-08-05,-0.007830639830285757,-0.010439300231446125,-0.005953521911659765,-0.0019464652329111987,-0.009048819525989127,-0.008074487324463883,0.00032289397073566187,-0.44181936228262864,1.5225300612817452,0.004519732424322,0.016036218580064238
2026-08-06,0.002338551101891184,0.003124395688220316,-0.007785972820124054,-0.0016958044280334095,-0.0036943586003114204,-0.0007743420100041846,0.00042627818363393357,-0.4398978368978725,1.521487442817611,0.0036743193263072227,0.01971053790637146
2026-08-07,0.008165610143512358,0.019633289217022343,0.0039570510646458334,0.0061013553364026585,0.011726026161803071,0.010585316808393511,0.0003860963220501336,-0.44367368300169513,1.5214366099590493,-0.0049341742121575966,0.014776363694213864
2026-08-10,-0.0014463187012417889,-0.022807686260658766,-0.006613704836778145,-8.441918185875252e-05,-0.0029874750593527066,-0.010289236599559567,0.00033394885925157455,-0.4349041760795345,1.5126456439354559,-0.006140908578647041,0.008635455115566824
2026-08-11,-0.008690591920113233,0.00618187193282016,-0.0009414888535416166,-0.003138030573832662,-0.0033570309855425196,-0.0011500696136115633,0.0001719578947282142,-0.44004519155690586,1.5140338154098307,0.002379755658176567,0.01101521077374339
2026-08-12,-0.010666325699777324,0.02077046858462639,0.017837972528427448,0.00247028604813071,0.007307397746256994,0.00931403847109217,0.00020626831007349478,-0.450754476007195,1.5185142498534372,-0.0008751249528064168,0.010140085820936973
2026-08-13,0.01151969856510826,0.007335427221555779,0.009986075258189064,0.0067308241856227635,0.011565558900105577,0.0096137336816177,0.00040267201093392214,-0.5270101784125065,1.5458502984191635,-0.0051203481515005745,0.0050197376694363985
2026-08-14,-0.003358092199046925,-0.002206660449048492,0.00386325519365327,-0.0018742944717661247,-0.0013659895774928987,-0.0005671658181473823,0.0004337933484260918,-0.5233007160408218,1.5384702613475587,0.00011975553656350015,0.005139493205999899
2026-08-17,-0.013331433249785585,0.010632506417143306,0.012067093685841135,-0.004680379883791885,-0.0016414463662972612,0.0031227222843996185,0.00047668007188695033,-0.5357509301168332,1.5436560599369846,0.002672352966867361,0.0078118461728672595
2026-08-18,-0.009057173335882851,-0.04090424948806892,-0.027455592066767287,-0.006856540446971815,-0.01693450262957852,-0.025805671630239686,0.0004833902747912532,-0.5623787069740281,1.5529634272739892,-0.003846371013103436,0.003965475159763823
2026-08-19,0.013784924000413756,-0.015532647064116611,-0.016898528138563185,0.0021405566745238414,-0.0019929933468779693,-0.006215417067422013,0.00037580775959215884,-0.5689194955732807,1.5599218779217083,-0.002264506479150696,0.0017009686806131272
2026-08-20,-0.011380494099679672,0.0030842928699570393,-0.00026969021419487316,-0.008346131194983064,-0.007191967784539344,-0.002855297147972502,0.0003408034085139787,-0.5779302834208473,1.5645397449427014,0.0032325369197886934,0.004933505600401821
2026-08-21,0.005830458860921928,-0.003963461134172341,0.0028318938430256235,0.0038516029292277043,0.0035306004690811577,0.00156629718992507,0.0003489880327612613,-0.5912119416260188,1.566161800782281,-0.002035068785173931,0.0028984368152278894
