Date,AAPL,AMZN,GOOGL,MAGS,META,MSFT,NVDA,QQQ,SMH,SPMO,SPY,TSLA,VOO
2020-01-02,72.27152252197266,94.90049743652344,67.83251190185547,,207.95384216308594,151.5442352294922,5.963803291320801,208.08889770507812,69.70354461669922,39.274044036865234,296.1252746582031,28.68400001525879,271.11260986328125
2020-01-03,71.56891632080078,93.74849700927734,67.47765350341797,99.55417700775817,206.853515625,149.6572723388672,5.86834716796875,206.1827850341797,68.56173706054688,39.152915954589844,293.8829040527344,29.534000396728516,269.132080078125
2020-01-06,72.13919067382812,95.14399719238281,69.27621459960938,100.89637291020345,210.74929809570312,150.04409790039062,5.892956733703613,207.51123046875,67.8294448852539,39.18181228637695,295.0041198730469,30.1026668548584,270.1405334472656
2020-01-07,71.79991149902344,95.34300231933594,69.14240264892578,101.4644195898794,211.20526123046875,148.67604064941406,5.964301109313965,207.48243713378906,68.96161651611328,38.95817565917969,294.1746826171875,31.270666122436523,269.3955078125
2020-01-08,72.95491027832031,94.59850311279297,69.63452911376953,102.80581053817812,213.3464813232422,151.04420471191406,5.97548770904541,209.04190063476562,69.07723999023438,39.15385055541992,295.7424621582031,32.80933380126953,270.7854919433594
2020-01-09,74.50453186035156,95.05249786376953,70.36555480957031,103.57508667718372,216.3997039794922,152.9311981201172,6.04111385345459,210.81321716308594,69.47229766845703,39.55452346801758,297.747802734375,32.089332580566406,272.65692138671875
2020-01-10,74.67298126220703,94.15799713134766,70.82003021240234,103.46122118294541,216.16175842285156,152.22357177734375,6.073430061340332,210.27410888671875,68.89417266845703,39.50700378417969,296.89093017578125,31.876667022705078,271.875732421875
2020-01-13,76.26830291748047,94.56500244140625,71.36866760253906,106.3013074767868,219.97825622558594,154.0540008544922,6.263845443725586,212.70004272460938,69.85772705078125,39.794925689697266,298.9327392578125,34.990665435791016,273.6744689941406
2020-01-14,75.23844146728516,93.47200012207031,70.90081787109375,105.61380356392343,217.15306091308594,152.96896362304688,6.147010326385498,211.86248779296875,70.00225067138672,39.71479415893555,298.4770812988281,35.861331939697266,273.3110656738281
2020-01-15,74.91600799560547,93.10099792480469,71.32752227783203,105.17268882561169,219.22483825683594,153.9595947265625,6.104503154754639,211.94920349121094,68.9664306640625,40.08564376831055,299.1515808105469,34.56666564941406,273.9198303222656
2020-01-16,75.85444641113281,93.89700317382812,71.87071228027344,105.98160537218153,219.83949279785156,156.7806854248047,6.188027858734131,213.9803466796875,70.07935333251953,40.39778518676758,301.6400146484375,34.232666015625,276.209228515625
2020-01-17,76.6942138671875,93.23600006103516,73.3258056640625,106.39228809576456,220.2062530517578,157.65811157226562,6.19672966003418,215.03924560546875,70.368408203125,40.65031051635742,302.5788879394531,34.03333282470703,277.1448974609375
2020-01-21,76.17446899414062,94.5999984741211,73.46111297607422,107.44816687248448,219.5123291015625,157.092041015625,6.163417339324951,214.94302368164062,70.42621612548828,40.70994186401367,301.9864501953125,36.47999954223633,276.5726013183594
2020-01-22,76.44636535644531,94.37300109863281,73.5413818359375,108.1623940229365,219.39337158203125,156.3372039794922,6.217360019683838,215.510986328125,71.00435638427734,40.832000732421875,302.0228576660156,37.97066879272461,276.6452941894531
2020-01-23,76.81452941894531,94.22899627685547,73.58202362060547,108.44949371393966,217.84693908691406,157.29959106445312,6.285722255706787,216.20413208007812,71.44759368896484,40.83387756347656,302.3691711425781,38.14666748046875,276.9178161621094
2020-01-24,76.59319305419922,93.08200073242188,72.6641616821289,107.39294093342426,216.04281616210938,155.71450805664062,6.226557731628418,214.38465881347656,71.13442993164062,40.632606506347656,299.6802062988281,37.654666900634766,274.39227294921875
2020-01-27,74.34090423583984,91.41699981689453,70.9572982788086,105.01996955989918,212.99954223632812,153.11045837402344,5.971013069152832,209.95643615722656,68.26786041259766,40.24962615966797,294.8765563964844,37.201332092285156,270.031494140625
2020-01-28,76.44395446777344,92.6624984741211,71.88756561279297,107.06741758674829,215.8941192626953,156.1107635498047,6.164163589477539,213.18130493164062,69.97816467285156,40.573890686035156,297.966552734375,37.793331146240234,272.95684814453125
2020-01-29,78.04412841796875,92.9000015258789,72.19482421875,108.34298294580907,221.28672790527344,158.5449676513672,6.103757381439209,213.5279083251953,68.91344451904297,40.522647857666016,297.7204895019531,38.732666015625,272.68426513671875
2020-01-30,77.93103790283203,93.53399658203125,72.07340240478516,109.49747639460823,207.70602416992188,163.0171661376953,6.110467433929443,214.28842163085938,68.75445556640625,40.913082122802734,298.6866149902344,42.72066879272461,273.53814697265625
2020-01-31,74.47566223144531,100.43599700927734,71.00934600830078,108.56885359846153,200.15237426757812,160.6112518310547,5.877295970916748,210.89022827148438,66.27812194824219,40.22541046142578,293.26318359375,43.371334075927734,268.63238525390625
2020-02-03,74.27110290527344,100.20999908447266,73.47845458984375,112.92540637679653,202.41250610351562,164.52674865722656,5.974245071411133,214.07662963867188,67.18385314941406,40.6409912109375,295.4416198730469,52.0,270.5856018066406
2020-02-04,76.72309875488281,102.4834976196289,71.63529205322266,117.0666377422063,208.00341796875,169.9424285888672,6.143282413482666,218.9766082763672,69.34703826904297,41.1134147644043,299.94451904296875,59.137332916259766,274.7556457519531
2020-02-05,77.34871673583984,101.99349975585938,71.66700744628906,114.50553803759146,208.28097534179688,169.73489379882812,6.233518123626709,219.6985626220703,70.72492218017578,41.112483978271484,303.4082946777344,48.97999954223633,277.8627014160156
2020-02-06,78.25346374511719,102.5114974975586,73.14986419677734,116.06034847175619,209.01454162597656,173.2541046142578,6.320274829864502,221.59503173828125,70.77310180664062,41.322139739990234,304.4292297363281,49.930667877197266,278.8074951171875
2020-02-07,77.18978881835938,103.96399688720703,73.30548858642578,116.05186971427021,210.48165893554688,173.49942016601562,6.254151344299316,220.64195251464844,69.1543197631836,41.174896240234375,302.80682373046875,49.871334075927734,277.3902587890625
2020-02-10,77.55640411376953,106.69550323486328,74.7699966430664,118.65234067976674,211.20526123046875,178.03762817382812,6.537041187286377,223.30857849121094,70.2431411743164,41.56904983520508,305.0673522949219,51.41866683959961,279.3798828125
2020-02-11,77.08849334716797,107.54000091552734,74.83938598632812,118.23557059181029,205.38641357421875,174.01832580566406,6.6593451499938965,223.3470458984375,71.7270278930664,41.53923797607422,305.59600830078125,51.62533187866211,279.88861083984375
2020-02-12,78.91917419433594,108.0,75.26412200927734,119.2591079708055,208.92530822753906,174.2731170654297,6.774937152862549,225.5226593017578,72.7387466430664,41.678993225097656,307.56488037109375,51.15266799926758,281.6874084472656
2020-02-13,78.35719299316406,107.49349975585938,75.0044174194336,119.80433431250464,211.28457641601562,173.32958984375,6.7311835289001465,225.23382568359375,72.91218566894531,41.77497863769531,307.23675537109375,53.599998474121094,281.4148864746094
2020-02-14,78.3764877319336,106.74349975585938,75.26908111572266,121.1028647057685,212.31552124023438,174.87689208984375,7.203746318817139,225.8788299560547,72.59902954101562,42.035884857177734,307.7288818359375,53.33533477783203,281.8872985839844
2020-02-18,76.94136047363281,107.78350067138672,75.30426025390625,123.09760673732207,215.90403747558594,176.65066528320312,7.372285842895508,225.9654998779297,71.51021575927734,42.07501983642578,306.9359436035156,57.22666549682617,281.1150207519531
2020-02-19,78.0556640625,108.51100158691406,75.5733642578125,125.84566820689504,215.59674072265625,177.1804962158203,7.822969913482666,228.13148498535156,73.3506088256836,42.13092041015625,308.4034729003906,61.16133117675781,282.4687194824219
2020-02-20,77.25491333007812,107.65499877929688,75.1828384399414,124.21573780271954,212.71206665039062,174.47471618652344,7.673820972442627,226.01361083984375,72.19434356689453,41.95854187011719,307.136474609375,59.96066665649414,281.3604431152344
2020-02-21,75.50624084472656,104.79850006103516,73.52106475830078,121.21655616391685,208.35032653808594,168.9591064453125,7.310140609741211,221.6720428466797,70.07452392578125,41.59514617919922,303.97344970703125,60.06666564941406,278.4440612792969
2020-02-24,71.91966247558594,100.4645004272461,70.36901092529297,114.89346199348591,198.9727020263672,161.6743927001953,6.793332099914551,213.12356567382812,66.89961242675781,40.49470520019531,293.89208984375,55.58599853515625,269.132080078125
2020-02-25,69.48355865478516,98.63700103759766,68.70677185058594,111.71594640526088,195.0570831298828,159.00643920898438,6.514169692993164,207.32833862304688,64.97250366210938,39.414764404296875,284.9865417480469,53.32733154296875,261.04644775390625
2020-02-26,70.5858383178711,98.97949981689453,68.91244506835938,112.22648226069087,195.4833526611328,160.99319458007812,6.653378963470459,208.3969268798828,65.36273956298828,39.26194381713867,283.9383239746094,51.91999816894531,259.8926696777344
2020-02-27,65.97177124023438,94.21499633789062,65.16963195800781,104.85373749279793,188.09820556640625,149.64976501464844,6.283013343811035,197.96165466308594,62.35163497924805,37.35549545288086,271.18621826171875,45.266666412353516,248.3729705810547
2020-02-28,65.93318176269531,94.1875,66.37393951416016,106.48790256887526,190.7945098876953,153.2732391357422,6.717552661895752,198.11573791503906,63.58016586303711,36.88959884643555,270.0467834472656,44.53266525268555,246.87403869628906
2020-03-02,72.0716323852539,97.69750213623047,68.70677185058594,112.41242960756273,194.72998046875,163.471923828125,6.875747203826904,208.3391876220703,65.7818832397461,38.93022537231445,281.7414855957031,49.574668884277344,257.89404296875
2020-03-03,69.78268432617188,95.44950103759766,66.2981185913086,108.76642279729364,184.27178955078125,155.63841247558594,6.61358118057251,201.65826416015625,63.62352752685547,37.97047805786133,273.674560546875,49.70066833496094,250.78042602539062
2020-03-04,73.01953125,98.79149627685547,68.47283172607422,112.77327783284427,190.09071350097656,161.3526611328125,7.076722145080566,210.0719757080078,66.8851547241211,39.66632843017578,285.1778869628906,49.96666717529297,261.1736145019531
2020-03-05,70.65098571777344,96.20149993896484,65.16020965576172,108.9191417397346,183.55804443359375,157.30352783203125,6.79764461517334,203.6894989013672,64.78460693359375,38.638572692871094,275.69805908203125,48.30266571044922,252.4248809814453
2020-03-06,69.7127456665039,95.05449676513672,64.21757507324219,106.65416022321459,179.5135955810547,152.85699462890625,6.617311954498291,200.2528076171875,63.536808013916016,38.24069595336914,271.14056396484375,46.89866638183594,248.19129943847656
2020-03-09,64.19902038574219,90.03050231933594,60.25520706176758,98.44819887210429,168.0244903564453,142.49746704101562,6.104920387268066,186.34239196777344,58.251712799072266,36.13670349121094,249.96597290039062,40.53333282470703,229.04022216796875
2020-03-10,68.82270812988281,94.59100341796875,63.19811248779297,104.3029108628104,176.6388397216797,152.2420196533203,6.493940830230713,196.48880004882812,61.84095001220703,37.43376159667969,262.9003601074219,43.02199935913086,240.7947540283203
2020-03-11,66.43247985839844,91.04299926757812,60.012847900390625,100.04559189113039,168.758056640625,145.34515380859375,6.130539417266846,187.93075561523438,58.50223159790039,35.795684814453125,250.0845184326172,42.28200149536133,228.8559112548828
2020-03-12,59.87196350097656,83.83049774169922,55.089012145996094,90.24063134271925,153.1253204345703,131.5608673095703,5.3803582191467285,170.69912719726562,52.32585144042969,32.75990676879883,226.15704345703125,37.369998931884766,206.721435546875
2020-03-13,67.04509735107422,89.25,60.17987823486328,98.10366120351571,168.79769897460938,150.26470947265625,5.99050235748291,185.1582794189453,57.398956298828125,34.99899673461914,245.4904022216797,36.44133377075195,226.0354461669922
2020-03-16,58.419960021972656,84.4574966430664,53.1784553527832,84.66479223042674,144.7389678955078,128.11717224121094,4.885129928588867,162.97862243652344,49.12683868408203,29.625362396240234,218.6279296875,29.67133331298828,199.5015869140625
2020-03-17,60.98869323730469,90.39199829101562,55.411651611328125,88.71386548828106,148.1192626953125,138.6658477783203,5.404236316680908,175.33912658691406,53.1063232421875,32.64994812011719,230.4320831298828,28.68000030517578,212.56307983398438
2020-03-18,59.495689392089844,91.5,54.0799560546875,84.63727215048162,145.6807098388672,132.82861328125,5.0448174476623535,170.00599670410156,48.69324493408203,31.792699813842773,218.7646484375,24.08133316040039,200.9437255859375
2020-03-19,59.039833068847656,94.04650115966797,55.09496307373047,88.64298379403117,151.79701232910156,135.01402282714844,5.29728364944458,171.0264129638672,49.555625915527344,31.729337692260742,219.2295379638672,28.50933265686035,201.1171875
2020-03-20,55.291648864746094,92.30449676513672,52.94105529785156,85.9200752716135,148.4265899658203,129.94308471679688,5.117696762084961,164.3262939453125,48.68842315673828,30.137842178344727,209.781982421875,28.50200080871582,192.35470581054688
2020-03-23,54.117027282714844,95.1415023803711,52.243247985839844,86.22683091105364,146.81077575683594,128.64697265625,5.290318489074707,164.44493103027344,50.49509048461914,29.092439651489258,204.418212890625,28.952667236328125,186.44911193847656
2020-03-24,59.54635238647461,97.00499725341797,56.003902435302734,94.90052520600032,159.57864379882812,140.34042358398438,6.197947025299072,177.17918395996094,55.707916259765625,31.802433013916016,222.93919372558594,33.66666793823242,204.2296142578125
2020-03-25,59.21831130981445,94.29199981689453,54.59687042236328,94.30035936540139,154.8501739501953,138.99700927734375,6.1093974113464355,175.86715698242188,55.28877639770508,32.24177169799805,226.27664184570312,35.95000076293945,206.84925842285156
2020-03-26,62.334571838378906,97.77449798583984,57.63493347167969,98.07425659082901,161.91810607910156,147.69139099121094,6.398427486419678,185.12838745117188,58.641944885253906,34.173336029052734,239.48892211914062,35.21066665649414,219.28103637695312
2020-03-27,59.7537727355957,95.00499725341797,55.025081634521484,94.7140638980208,155.4251251220703,141.62709045410156,6.286247730255127,178.76129150390625,55.39958572387695,33.338687896728516,232.3555908203125,34.29066848754883,212.54486083984375
2020-03-30,61.459022521972656,98.19750213623047,56.81173324584961,98.10321458578358,164.50540161132812,151.5891876220703,6.606118202209473,185.263427734375,57.57239532470703,34.64826965332031,239.90145874023438,33.47533416748047,219.41798400878906
2020-03-31,61.333587646484375,97.48600006103516,57.58686447143555,98.5210544861748,165.3479766845703,149.20516967773438,6.55662202835083,183.68133544921875,56.43540954589844,33.736812591552734,236.32566833496094,34.93333435058594,216.15943908691406
2020-04-01,58.106414794921875,95.38500213623047,54.620662689208984,93.40884107272703,158.2106475830078,143.9071044921875,6.045969009399414,175.87681579589844,53.63628005981445,32.3579216003418,225.68980407714844,32.104000091552734,206.4202880859375
2020-04-02,59.07600021362305,95.94149780273438,55.3606071472168,93.9786533874974,156.81292724609375,146.88722229003906,6.354400634765625,179.4462432861328,55.08161163330078,33.297481536865234,230.89772033691406,30.29800033569336,211.24874877929688
2020-04-03,58.22700119018555,95.32949829101562,54.1547966003418,93.09064434695276,152.8378448486328,145.5343475341797,6.066864013671875,176.89938354492188,53.97834014892578,32.8665771484375,227.560302734375,32.000667572021484,208.12716674804688
2020-04-06,63.30657196044922,99.87950134277344,58.6395263671875,100.29554475501854,164.10888671875,156.35743713378906,6.676012992858887,189.54678344726562,59.345340728759766,35.15597915649414,242.84463500976562,34.41600036621094,222.28408813476562
2020-04-07,62.57332229614258,100.58000183105469,58.608306884765625,100.6625173492769,167.36029052734375,154.6734161376953,6.4429497718811035,189.46957397460938,59.162261962890625,34.781280517578125,243.0922393798828,36.36333465576172,222.40267944335938
2020-04-08,64.17488861083984,102.1500015258789,59.81956481933594,102.68977914059074,172.7628631591797,156.22499084472656,6.639945983886719,193.492431640625,61.12309646606445,35.99343490600586,251.25247192382812,36.589332580566406,229.95118713378906
2020-04-09,64.63798522949219,102.13800048828125,59.79825210571289,103.2921436749077,173.6649627685547,156.2344512939453,6.540455341339111,193.7721710205078,59.677764892578125,36.65008544921875,255.07579040527344,38.20000076293945,233.36489868164062
2020-04-13,65.90666961669922,108.44349670410156,59.98855972290039,106.9336532846029,173.26844787597656,156.58448791503906,6.712080478668213,195.86563110351562,60.45824432373047,36.019649505615234,252.7469482421875,43.39666748046875,231.10125732421875
2020-04-14,69.23515319824219,114.16600036621094,62.70547866821289,112.43584273955767,176.6190185546875,164.3328399658203,7.062793731689453,204.38401794433594,63.103206634521484,37.25428009033203,260.201171875,47.32600021362305,238.1569061279297
2020-04-15,68.60321807861328,115.38400268554688,62.31245803833008,112.35869243789251,175.429443359375,162.61097717285156,6.985438346862793,202.03982543945312,61.402523040771484,36.40559387207031,254.67234802246094,48.65533447265625,232.97244262695312
2020-04-16,69.1483383178711,120.40950012207031,62.318904876708984,114.73398637832896,174.71571350097656,167.4927520751953,7.3301825523376465,205.72500610351562,63.03093719482422,36.81402587890625,255.90106201171875,49.680667877197266,234.14984130859375
2020-04-17,68.2100830078125,118.75,63.3879280090332,115.04788389867025,177.67971801757812,168.96861267089844,7.270983695983887,207.6930389404297,63.647621154785156,37.727333068847656,262.814208984375,50.259334564208984,240.61212158203125
2020-04-20,66.79428100585938,119.68049621582031,62.50326919555664,113.72823014606233,176.68841552734375,165.6195068359375,7.139902114868164,205.2329864501953,62.29863739013672,36.95452117919922,258.1840515136719,49.75733184814453,236.2765655517578
2020-04-21,64.72962951660156,116.40599822998047,60.07530212402344,108.50927945641206,169.31317138671875,158.76991271972656,6.7036213874816895,197.66001892089844,59.5091438293457,35.89601135253906,250.34474182128906,45.781333923339844,229.05665588378906
2020-04-22,66.5940933227539,118.17449951171875,62.36747741699219,113.33279740167124,180.69322204589844,164.1625213623047,7.117515563964844,203.52548217773438,62.871952056884766,36.90956115722656,255.90106201171875,48.807334899902344,234.09510803222656
2020-04-23,66.33602142333984,119.97250366210938,62.99985885620117,113.03107389628583,183.51844787597656,162.17575073242188,7.064286231994629,203.09133911132812,62.2938232421875,36.533935546875,255.8826904296875,47.04199981689453,234.0494842529297
2020-04-24,68.2510986328125,120.51100158691406,63.26898193359375,115.1283355744249,188.41543579101562,165.136962890625,7.203078746795654,206.29415893554688,63.55126190185547,36.8327522277832,259.44927978515625,48.34333419799805,237.44497680664062
2020-04-27,68.2993392944336,118.80000305175781,62.984500885009766,116.65768856157004,185.86778259277344,164.6639404296875,7.3893818855285645,207.9534912109375,64.3365478515625,37.351707458496094,263.190185546875,53.25,240.87692260742188
2020-04-28,67.19223022460938,115.7040023803711,61.08782196044922,113.69834189781851,181.31771850585938,160.65255737304688,7.247105598449707,204.03675842285156,63.907779693603516,37.006046295166016,261.97998046875,51.27466583251953,239.7633056640625
2020-04-29,69.39918518066406,118.635498046875,66.51915740966797,118.87676239205007,192.49957275390625,167.8616180419922,7.423707008361816,211.27210998535156,66.90924072265625,37.76105499267578,268.83819580078125,53.367332458496094,245.94271850585938
2020-04-30,70.86322784423828,123.69999694824219,66.74317169189453,120.3606869568239,202.927978515625,169.545654296875,7.269989490509033,211.18527221679688,64.42809295654297,37.484718322753906,266.33514404296875,52.12533187866211,243.7977294921875
2020-05-01,69.72237396240234,114.302001953125,65.28707885742188,115.42182721320209,200.5092315673828,165.1559600830078,7.033692359924316,205.2329864501953,61.39289474487305,36.68661880493164,259.2843017578125,46.75466537475586,237.1528778076172
2020-05-04,70.70886993408203,115.79949951171875,65.56363677978516,118.49187974319204,203.47317504882812,169.19564819335938,7.245365142822266,207.62547302246094,62.072200775146484,37.06787109375,259.9994812011719,50.74599838256836,237.90138244628906
2020-05-05,71.77013397216797,115.88999938964844,66.85813903808594,119.72287029280429,205.26744079589844,171.01206970214844,7.306304454803467,209.97935485839844,62.881587982177734,37.6046142578125,262.4017333984375,51.2140007019043,240.09194946289062
2020-05-06,72.51060485839844,117.56300354003906,66.68022918701172,120.94052675960118,206.65525817871094,172.6960906982422,7.407042026519775,211.27210998535156,63.61871337890625,37.412593841552734,260.6228942871094,52.172000885009766,238.4763641357422
2020-05-07,73.26070404052734,118.38050079345703,67.86223602294922,122.23190365542844,209.4209442138672,173.69895935058594,7.5831451416015625,213.99261474609375,64.19683837890625,37.74139404296875,263.767822265625,52.00266647338867,241.29678344726562
2020-05-08,75.00444793701172,118.98049926757812,68.60863494873047,124.43945538903228,210.50148010253906,174.72068786621094,7.7729291915893555,216.92529296875,65.83487701416016,38.31654739379883,268.1321716308594,54.62799835205078,245.3311004638672
2020-05-11,76.18465423583984,120.44999694824219,69.56266784667969,125.85302908279397,211.32423400878906,176.66958618164062,8.024648666381836,218.86444091796875,65.86860656738281,38.55916213989258,268.1872253417969,54.08599853515625,245.36769104003906
2020-05-12,75.31401824951172,117.84750366210938,68.15467071533203,123.60025648714121,208.27105712890625,172.66770935058594,7.762979030609131,214.2820281982422,64.05712890625,37.80508804321289,262.8417663574219,53.96066665649414,240.42965698242188
2020-05-13,74.40465545654297,118.39600372314453,66.82395935058594,121.98386009243431,203.31460571289062,170.0565643310547,7.740593433380127,211.6001434326172,62.92013168334961,37.34139633178711,258.1932373046875,52.73066711425781,236.16700744628906
2020-05-14,74.86175537109375,119.44249725341797,67.2467041015625,123.40971740631718,205.00973510742188,170.79446411132812,7.989824295043945,214.00221252441406,64.68342590332031,37.664581298828125,261.2830810546875,53.55533218383789,239.0148468017578
2020-05-15,74.41915130615234,120.48899841308594,68.04959106445312,125.1933673799976,209.0442657470703,173.2826690673828,8.447746276855469,215.3914337158203,63.20919418334961,37.90064239501953,262.4842834472656,53.27799987792969,240.09194946289062
2020-05-18,76.17256927490234,121.31300354003906,68.6502685546875,127.13193605494209,211.3341522216797,174.93833923339844,8.705928802490234,219.4046173095703,65.93124389648438,38.96852111816406,270.4794006347656,54.242000579833984,247.43048095703125
2020-05-19,75.73241424560547,122.46649932861328,68.11599731445312,127.23618700669057,214.99205017089844,173.727294921875,8.76089859008789,218.854736328125,65.68553161621094,38.691253662109375,267.70123291015625,53.867332458496094,245.09384155273438
2020-05-20,77.20527648925781,124.89700317382812,69.8387222290039,130.26873439411187,227.9680938720703,176.1370391845703,8.924567222595215,223.2248992919922,68.06551361083984,39.06594467163086,272.2489929199219,54.37066650390625,249.09173583984375
2020-05-21,76.62967681884766,122.33699798583984,69.71929168701172,129.478793262954,229.37571716308594,174.02142333984375,8.730802536010742,220.79383850097656,66.34075164794922,38.650028228759766,270.3693542480469,55.17333221435547,247.30264282226562
2020-05-22,77.12303924560547,121.84400177001953,70.04093170166016,130.18760668560037,232.86508178710938,174.0973358154297,8.980530738830566,221.55589294433594,66.48046875,38.89265060424805,270.8828430175781,54.45866775512695,247.8595428466797
2020-05-26,76.60063934326172,121.09300231933594,70.44384765625,129.05247182486767,230.1786651611328,172.25682067871094,8.673595428466797,220.9578094482422,67.05377197265625,39.0059928894043,274.22027587890625,54.591331481933594,251.04510498046875
2020-05-27,76.93440246582031,120.51950073242188,70.38983917236328,128.43628988645085,227.14532470703125,172.48451232910156,8.48206901550293,222.16368103027344,68.06551361083984,39.29732894897461,278.3003845214844,54.68199920654297,254.70516967773438
2020-05-28,76.96826934814453,120.05500030517578,70.28874206542969,127.60636674487775,223.4973602294922,172.09555053710938,8.444013595581055,221.87428283691406,66.61053466796875,39.64579391479492,277.7869873046875,53.72066879272461,254.2030792236328
2020-05-29,76.89327239990234,122.11849975585938,71.0460205078125,129.74914751392973,223.13055419921875,173.85064697265625,8.830545425415039,225.12535095214844,67.945068359375,40.03266906738281,279.02471923828125,55.66666793823242,255.34414672851562
2020-06-01,77.83890533447266,123.552001953125,71.11293029785156,131.98734829935609,229.89120483398438,173.45216369628906,8.761643409729004,225.8006591796875,67.8438949584961,40.09261703491211,280.1524353027344,59.87333297729492,256.4576721191406
2020-06-02,78.19924926757812,123.62049865722656,71.48165130615234,132.15666316285848,230.69415283203125,175.425537109375,8.780549049377441,227.3152618408203,69.17840576171875,40.36427688598633,282.47216796875,58.770668029785156,258.566162109375
2020-06-03,78.62976837158203,123.91999816894531,71.33000946044922,132.01527761177624,228.1564483642578,175.85244750976562,8.725083351135254,228.337890625,71.08626556396484,40.64248275756836,286.23138427734375,58.86399841308594,261.9798583984375
2020-06-04,77.95257568359375,123.02999877929688,70.09346008300781,130.43039786084282,224.32009887695312,173.53756713867188,8.726080894470215,226.7364501953125,71.8715591430664,40.11322021484375,285.47955322265625,57.62533187866211,261.3135986328125
2020-06-05,80.1727523803711,124.1500015258789,71.36817169189453,133.05940394110553,228.7611083984375,177.59805297851562,8.878870010375977,231.2320098876953,73.5674057006836,40.9675407409668,292.79632568359375,59.04399871826172,267.99493408203125
2020-06-08,80.64676666259766,126.2030029296875,71.76563262939453,134.89578542064817,229.38565063476562,178.69854736328125,8.76440143585205,233.02638244628906,73.34579467773438,41.29164505004883,296.3354187011719,63.327999114990234,271.244384765625
2020-06-09,83.19342041015625,130.04299926757812,71.96586608886719,137.23700357265963,236.5923614501953,180.06466674804688,9.004287719726562,234.7146453857422,73.4806900024414,41.282283782958984,294.1256408691406,62.711334228515625,269.3184814453125
2020-06-10,85.33377838134766,132.37249755859375,72.59130859375,141.28460348814073,234.6692352294922,186.7435760498047,9.32355785369873,237.53155517578125,73.85647583007812,41.686012268066406,292.4845275878906,68.336669921875,267.63897705078125
2020-06-11,81.23688507080078,127.89800262451172,69.47891235351562,134.37809656243041,222.47630310058594,176.7156982421875,8.755690574645996,225.7620849609375,69.32295227050781,39.46125030517578,275.623046875,64.85600280761719,252.21331787109375
2020-06-12,81.93821716308594,127.2509994506836,70.02507781982422,134.6602844084956,226.5901641845703,178.1103515625,8.891313552856445,227.5564422607422,70.30095672607422,39.92493438720703,278.9237976074219,62.35200119018555,255.25282287597656
2020-06-15,82.9515609741211,128.63400268554688,70.41264343261719,137.33018199441545,230.47604370117188,179.24884033203125,9.131450653076172,230.32516479492188,71.21151733398438,40.14133071899414,281.52789306640625,66.05999755859375,257.5804138183594
2020-06-16,85.14998626708984,130.7635040283203,71.68783569335938,138.8780382233219,233.59866333007812,183.6413116455078,9.026684761047363,234.2804718017578,72.32440948486328,40.75395584106445,286.9465637207031,65.47533416748047,262.6188049316406
2020-06-17,85.03148651123047,132.0489959716797,71.98866271972656,139.74887842555137,233.47970581054688,184.27696228027344,9.193412780761719,235.02333068847656,73.0904541015625,40.9075813293457,285.7545471191406,66.11933135986328,261.4139709472656
2020-06-18,85.06534576416016,132.69900512695312,71.07575225830078,140.05653506736434,233.88612365722656,186.25025939941406,9.175498008728027,235.6600341796875,72.98928833007812,40.92257308959961,285.86474609375,66.9306640625,261.6513366699219
2020-06-19,84.57921600341797,133.75050354003906,70.60591125488281,140.12379933606397,236.7113037109375,185.1402587890625,9.218544006347656,235.62144470214844,72.64720916748047,40.76987838745117,284.2309265136719,66.72666931152344,260.1087341308594
2020-06-22,86.79214477539062,135.6909942626953,71.89547729492188,142.33784984920976,237.13755798339844,190.2822723388672,9.482820510864258,238.44715881347656,73.31207275390625,41.12061309814453,286.05438232421875,66.28800201416016,261.8338623046875
2020-06-23,88.64469909667969,138.2205047607422,72.55563354492188,143.71893904480407,240.1312713623047,191.55352783203125,9.406425476074219,240.47665405273438,73.5529556274414,41.24190902709961,287.37127685546875,66.78533172607422,263.02044677734375
2020-06-24,87.0799331665039,136.72000122070312,71.00537872314453,140.27952025042384,231.98281860351562,187.6922607421875,9.192915916442871,235.51902770996094,72.01126861572266,40.33452224731445,280.040771484375,64.0566635131836,256.2933349609375
2020-06-25,88.23596954345703,137.72900390625,71.42169189453125,142.28270105400705,233.62838745117188,190.06407165527344,9.446240425109863,237.76104736328125,72.50267791748047,40.68056106567383,283.0429992675781,65.73200225830078,259.0043029785156
2020-06-26,85.52482604980469,134.64349365234375,67.52820587158203,136.73904612781968,214.19898986816406,186.25973510742188,9.112788200378418,232.14633178710938,71.1440658569336,39.85966491699219,276.3203125,63.982666015625,252.93446350097656
2020-06-29,87.49591827392578,134.0189971923828,69.24449157714844,139.32304787461632,218.7192840576172,188.26150512695312,9.157577514648438,234.67828369140625,71.86672973632812,40.36742401123047,280.38153076171875,67.29000091552734,256.6256103515625
2020-06-30,88.22631072998047,137.9409942626953,70.27930450439453,143.49119672988448,225.09335327148438,193.07142639160156,9.453956604003906,239.2782440185547,73.61558532714844,41.063255310058594,283.9729919433594,71.98733520507812,260.0478820800781
2020-07-01,88.05939483642578,143.93499755859375,71.4662857055664,146.58084230006628,235.48211669921875,194.20040893554688,9.486055374145508,242.07118225097656,72.77247619628906,41.28986740112305,285.9623107910156,74.64199829101562,261.8277587890625
2020-07-02,88.05939483642578,144.51499938964844,72.85051727294922,148.71216353843394,231.3880615234375,195.6803741455078,9.567927360534668,243.71400451660156,73.88538360595703,41.38296890258789,287.53704833984375,80.57733154296875,263.14898681640625
2020-07-06,90.41503143310547,152.8520050048828,74.32345581054688,155.38262682947712,238.18833923339844,199.89266967773438,9.793882369995117,249.70562744140625,75.92330169677734,41.940574645996094,291.97589111328125,91.43866729736328,267.23187255859375
2020-07-07,90.13449096679688,150.00599670410156,73.84123992919922,154.9210587525218,238.76327514648438,197.56832885742188,9.826231956481934,247.9854278564453,74.9790267944336,41.751564025878906,288.9644470214844,92.65733337402344,264.4610290527344
2020-07-08,92.2337417602539,154.0554962158203,74.51921844482422,157.36376261988704,241.45960998535156,201.91343688964844,10.168893814086914,251.2518310546875,76.05339050292969,42.207618713378906,291.17462158203125,91.05867004394531,266.4244689941406
2020-07-09,92.63036346435547,159.13150024414062,75.2656021118164,159.78078575973623,242.37159729003906,203.3270263671875,10.460542678833008,253.36825561523438,77.37345886230469,42.16153335571289,289.5169372558594,92.9520034790039,265.0665588378906
2020-07-10,92.79238891601562,160.0,76.27415466308594,162.63223486345862,242.93663024902344,202.71038818359375,10.430928230285645,255.09808349609375,77.06993865966797,42.384395599365234,292.47308349609375,102.97666931152344,267.7273254394531
2020-07-13,92.36431884765625,155.1999969482422,74.94693756103516,158.468203976898,236.9194793701172,196.44886779785156,10.005899429321289,249.85061645507812,75.96184539794922,41.75814437866211,289.940673828125,99.80400085449219,265.3051452636719
2020-07-14,93.89281463623047,154.1999969482422,75.37462615966797,160.06510792978554,237.64312744140625,197.6632537841797,10.329151153564453,251.61904907226562,77.23855590820312,42.428585052490234,293.697998046875,101.12000274658203,268.8558044433594
2020-07-15,94.53853607177734,150.44349670410156,75.17738342285156,159.73427305482363,238.18833923339844,197.36911010742188,10.18009090423584,252.13121032714844,76.88684844970703,42.558345794677734,296.396240234375,103.06732940673828,271.2413635253906
2020-07-16,93.37525177001953,149.9949951171875,75.08024597167969,158.08974848455978,238.8326873779297,193.46043395996094,10.088019371032715,250.41110229492188,76.82904052734375,42.378753662109375,295.4199523925781,100.04266357421875,270.4523620605469
2020-07-17,93.18659210205078,148.09849548339844,75.1759033203125,157.92702595901312,239.92311096191406,192.47381591796875,10.154458045959473,250.7010040283203,77.18555450439453,42.74170684814453,296.2764587402344,100.05599975585938,271.1679992675781
2020-07-20,95.15042114257812,159.8419952392578,77.50475311279297,164.9969694242769,243.28359985351562,200.7465057373047,10.462284088134766,257.8135681152344,78.72724914550781,43.32752227783203,298.6708984375,109.53333282470703,273.4250793457031
2020-07-21,93.83717346191406,156.9145050048828,77.11222839355469,161.97110466660885,239.6455078125,198.042724609375,10.280875205993652,255.12701416015625,78.33218383789062,43.11219024658203,299.3063049316406,104.55733489990234,273.9938659667969
2020-07-22,94.10078430175781,154.99549865722656,77.55480194091797,162.63915140539032,237.78192138671875,200.88880920410156,10.390616416931152,256.0257873535156,78.90550231933594,43.638771057128906,301.0099792480469,106.15533447265625,275.5536804199219
2020-07-23,89.8176498413086,149.32749938964844,75.17094421386719,156.4587901010029,230.57518005371094,192.15121459960938,10.08304214477539,249.33840942382812,77.60469818115234,42.95045471191406,297.41845703125,100.87133026123047,272.25982666015625
2020-07-24,89.59518432617188,150.44549560546875,74.74768829345703,154.85017454629798,228.70164489746094,190.97482299804688,10.147491455078125,246.9707489013672,76.82423400878906,42.90626525878906,295.5029296875,94.46666717529297,270.4981994628906
2020-07-27,91.71858215332031,152.760498046875,75.79936218261719,158.98037228709464,231.46734619140625,193.39402770996094,10.373443603515625,251.37750244140625,79.92205810546875,43.27486038208008,297.6578674316406,102.63999938964844,272.4707946777344
2020-07-28,90.21186065673828,150.01649475097656,74.52169799804688,155.90395787356871,228.1167755126953,191.65789794921875,10.168397903442383,248.17874145507812,77.84558868408203,43.05294418334961,295.7699890136719,98.43267059326172,270.78265380859375
2020-07-29,91.94108581542969,151.67649841308594,75.50597381591797,158.28947175653116,231.2592010498047,193.59327697753906,10.417245864868164,251.03929138183594,79.80643463134766,43.608665466308594,299.4075927734375,99.94066619873047,274.05816650390625
2020-07-30,93.05359649658203,152.593994140625,76.24244689941406,159.1655652789762,232.45863342285156,193.44146728515625,10.565056800842285,252.35353088378906,80.5580062866211,43.725276947021484,298.3393859863281,99.16600036621094,273.0579528808594
2020-07-31,102.79524230957031,158.23399353027344,73.74359130859375,162.75813762695577,251.46176147460938,194.49447631835938,10.565805435180664,256.8569030761719,80.0810546875,44.2104606628418,300.6968688964844,95.38400268554688,275.3426208496094
2020-08-03,105.38543701171875,155.59449768066406,73.48638916015625,165.77379164562564,249.76669311523438,205.4331512451172,10.95948314666748,260.3262634277344,81.50709533691406,44.779354095458984,302.7873840332031,99.0,277.07672119140625
2020-08-04,106.0892105102539,156.94149780273438,73.01753997802734,165.92993385235312,247.6551971435547,202.34982299804688,11.175978660583496,261.2925720214844,82.6922836303711,45.013492584228516,303.9569091796875,99.13333129882812,278.241943359375
2020-08-05,106.47376251220703,160.25149536132812,73.30448913574219,166.5956841756942,246.95135498046875,202.017822265625,11.23470401763916,261.9401550292969,82.76454162597656,45.1291389465332,305.8447570800781,99.00133514404297,279.9759826660156
2020-08-06,110.18853759765625,161.25,74.58612060546875,170.09124692553706,262.970703125,205.25289916992188,11.283233642578125,265.40948486328125,82.6200180053711,45.51374053955078,307.8892517089844,99.30533599853516,281.85693359375
2020-08-07,107.68333435058594,158.3730010986328,74.26001739501953,167.96083793989797,266.1031494140625,201.58135986328125,11.147857666015625,262.345947265625,81.67091369628906,45.30498504638672,308.1102600097656,96.84733581542969,282.00372314453125
2020-08-10,109.24848937988281,157.4080047607422,74.18319702148438,166.53684087130483,260.7105407714844,197.56832885742188,11.113517761230469,261.2250061035156,81.72871398925781,45.15265655517578,309.0312194824219,94.57133483886719,282.9028015136719
2020-08-11,105.99943542480469,154.0334930419922,73.37635803222656,162.47052472623457,253.9003448486328,192.94815063476562,10.799970626831055,256.27716064453125,80.57245635986328,44.50101852416992,306.480224609375,91.6259994506836,280.6182556152344
2020-08-12,109.52227020263672,158.11199951171875,74.69962310791016,169.58745991200544,257.6276550292969,198.46014404296875,11.387499809265137,262.7228088378906,83.10659790039062,45.453556060791016,310.7532653808594,103.65066528320312,284.4625549316406
2020-08-13,111.46052551269531,158.05099487304688,75.16598510742188,171.2707990576181,259.0253601074219,197.9952850341797,11.390235900878906,263.32208251953125,82.31649780273438,45.57486343383789,310.1915283203125,108.06666564941406,283.9762878417969
2020-08-14,111.36121368408203,157.4010009765625,74.57027435302734,171.6794493111757,258.96588134765625,198.1849822998047,11.510677337646484,263.0128479003906,82.2297592163086,45.48834991455078,310.20074462890625,110.04733276367188,283.9762878417969
2020-08-17,111.07047271728516,159.12049865722656,75.14566040039062,176.61414387963092,258.8865966796875,199.49423217773438,12.280113220214844,266.0666198730469,83.42938995361328,45.962257385253906,311.1860656738281,122.3759994506836,284.8938903808594
2020-08-18,111.9959945678711,165.62449645996094,77.10529327392578,179.32403713837635,260.0562438964844,200.6421661376953,12.20421314239502,268.6275634765625,82.91389465332031,45.99987030029297,311.8583984375,125.80599975585938,285.4901428222656
2020-08-19,112.13651275634766,163.0240020751953,76.55169677734375,178.26739186510193,260.30413818359375,199.42489624023438,12.082528114318848,266.8204345703125,82.40802764892578,45.854129791259766,310.55987548828125,125.23533630371094,284.2791442871094
2020-08-20,114.6247787475586,164.86849975585938,78.11979675292969,182.5343623190773,266.6682434082031,204.06578063964844,12.085016250610352,270.52166748046875,81.74798583984375,46.26315689086914,311.5267639160156,133.45533752441406,285.17828369140625
2020-08-21,120.53166961669922,164.23599243164062,78.08609771728516,185.17579096885834,264.6856689453125,202.58216857910156,12.625015258789062,272.3965148925781,82.34058380126953,46.64492416381836,312.63201904296875,136.6653289794922,286.1966552734375
2020-08-24,121.9732666015625,165.3730010986328,78.56088256835938,185.96825125828167,269.0274963378906,203.21939086914062,12.661596298217773,274.0972900390625,83.0728759765625,46.81606674194336,315.7998962402344,134.27999877929688,289.1051940917969
2020-08-25,120.97264099121094,167.32449340820312,79.58678436279297,187.86217241378898,278.3754577636719,205.86312866210938,12.691210746765137,276.2523498535156,84.01234436035156,46.986263275146484,316.9049377441406,134.8893280029297,290.1143798828125
2020-08-26,122.61773681640625,172.09249877929688,81.48397064208984,194.1889837392133,301.26446533203125,210.31385803222656,12.71410083770752,282.1473693847656,84.47967529296875,47.474273681640625,320.08209228515625,143.54466247558594,293.077880859375
2020-08-27,121.15193176269531,170.0,80.71031951904297,193.75023280700964,290.6675109863281,215.4777374267578,12.570021629333496,281.26788330078125,83.29449462890625,47.45077133178711,320.7820129394531,149.25,293.6651306152344
2020-08-28,120.9556655883789,170.08999633789062,81.25102233886719,195.05686965175784,291.1036682128906,217.69361877441406,13.087126731872559,282.6982116699219,84.61937713623047,47.860748291015625,322.8540344238281,147.55999755859375,295.5736083984375
2020-08-31,125.05755615234375,172.54800415039062,80.76038360595703,199.7640920870853,290.64764404296875,214.47921752929688,13.31282901763916,284.96917724609375,84.48931121826172,47.965118408203125,321.6845703125,166.10667419433594,294.5367431640625
2020-09-01,130.0388641357422,174.95599365234375,82.02664947509766,201.81364051274082,292.8681640625,216.13397216796875,13.761388778686523,289.83984375,86.14662170410156,48.36004638671875,324.7143249511719,158.35000610351562,297.28924560546875
2020-09-02,127.3447265625,176.57249450683594,85.1147689819336,203.2289859213504,299.8666687011719,220.29933166503906,14.284619331359863,292.5843505859375,88.43024444580078,49.17999267578125,329.4109802246094,149.1233367919922,301.619873046875
2020-09-03,117.14938354492188,168.39999389648438,80.75938415527344,189.87115378572202,288.58575439453125,206.65252685546875,12.95936107635498,277.75030517578125,83.73291778564453,46.99942398071289,318.07452392578125,135.6666717529297,291.1786193847656
2020-09-04,117.2269058227539,164.7310028076172,78.36560821533203,187.26710665402578,280.268798828125,203.75196838378906,12.568055152893066,274.0489807128906,82.58146667480469,46.28197479248047,315.47760009765625,139.44000244140625,288.8482666015625
2020-09-08,109.33814239501953,157.49200439453125,75.51043701171875,173.63597512362932,268.7995300292969,192.72987365722656,11.861617088317871,260.8771057128906,78.91996765136719,44.97212219238281,306.8578186035156,110.06999969482422,280.9118957519531
2020-09-09,113.69924926757812,163.4304962158203,76.68155670166016,181.615331912008,271.3372497558594,200.93699645996094,12.660155296325684,268.5405578613281,81.17949676513672,46.309234619140625,312.9174499511719,122.09333038330078,286.45361328125
2020-09-10,109.98745727539062,158.7554931640625,75.63185119628906,177.94600016073116,265.7562561035156,195.30702209472656,12.258647918701172,263.18670654296875,80.15813446044922,45.43569564819336,307.4840087890625,123.77999877929688,281.4440002441406
2020-09-11,108.54344940185547,155.81100463867188,75.12187194824219,176.45358412711033,264.28912353515625,194.03271484375,12.112030982971191,261.3602600097656,80.00395965576172,45.243865966796875,307.6405334472656,124.23999786376953,281.655029296875
2020-09-14,111.79973602294922,155.14849853515625,74.7784194946289,181.7529252851158,263.8330993652344,195.3450927734375,12.816727638244629,265.9119873046875,81.8058090209961,46.10048294067383,311.6925964355469,139.8733367919922,285.3159484863281
2020-09-15,111.97417449951172,157.80650329589844,76.08136749267578,185.83283248840655,270.04852294921875,198.5499267578125,12.934967041015625,269.680908203125,83.52574157714844,46.509521484375,313.2673645019531,149.9199981689453,286.783935546875
2020-09-16,108.6694107055664,153.90499877929688,74.93998718261719,181.20715260138093,261.22601318359375,195.0027313232422,12.46052074432373,265.3804016113281,82.49957275390625,46.01396942138672,312.0240783691406,147.25332641601562,285.6278076171875
2020-09-17,106.93464660644531,150.43649291992188,73.6985092163086,177.47724265407336,252.6017608642578,192.9676055908203,12.409743309020996,261.23468017578125,82.3116683959961,45.62374496459961,309.2798156738281,141.14332580566406,283.1322021484375
2020-09-18,103.54267120361328,147.74549865722656,71.91678619384766,175.6268158710165,250.3317108154297,190.571044921875,12.136674880981445,257.90057373046875,81.06867980957031,45.05016326904297,305.7191467285156,147.38333129882812,279.83843994140625
2020-09-21,106.68269348144531,148.02349853515625,70.87850952148438,176.99264658503975,245.9898223876953,192.61569213867188,12.46325969696045,258.51910400390625,81.10723114013672,44.8094482421875,302.3165588378906,149.79666137695312,276.8014221191406
2020-09-22,108.35928344726562,156.44949340820312,72.34945678710938,179.46353492891146,252.53236389160156,197.256591796875,12.583240509033203,263.32208251953125,81.7720718383789,45.90019607543945,305.3954772949219,141.41000366210938,279.59979248046875
2020-09-23,103.81407165527344,149.9929962158203,69.8501205444336,171.3296382757163,246.8522491455078,190.76124572753906,12.071456909179688,255.28164672851562,79.90278625488281,44.63078308105469,298.31317138671875,126.78666687011719,273.1222229003906
2020-09-24,104.88008880615234,150.989501953125,70.5177001953125,173.27570739877325,247.35781860351562,193.23385620117188,12.294740676879883,256.4703063964844,80.60135650634766,44.86116027832031,299.1082763671875,129.26333618164062,273.8746337890625
2020-09-25,108.81478118896484,154.75650024414062,71.32059478759766,178.49449426766205,252.6017608642578,197.63702392578125,12.81822395324707,262.4329528808594,81.53600311279297,45.835323333740234,303.94390869140625,135.77999877929688,278.26031494140625
2020-09-28,111.4120864868164,158.70249938964844,72.29196166992188,181.6865236207337,254.58436584472656,199.17762756347656,12.978774070739746,267.8834228515625,83.60765075683594,46.48130798339844,308.99224853515625,140.39999389648438,282.92120361328125
2020-09-29,110.56893157958984,157.24400329589844,72.65675354003906,181.8632349367669,259.5110778808594,197.10443115234375,13.168704986572266,266.67547607421875,84.05088806152344,46.56688690185547,307.3094787597656,139.69000244140625,281.30780029296875
2020-09-30,112.23584747314453,157.43649291992188,72.63591003417969,183.88988753753324,259.6201477050781,200.02398681640625,13.472139358520508,268.501953125,83.92562866210938,46.99660110473633,309.6394958496094,143.00332641601562,283.47308349609375
2020-10-01,113.18557739257812,161.06300354003906,73.7411117553711,187.19322737373426,264.3089904785156,202.0496368408203,13.555778503417969,272.7636413574219,85.99726867675781,47.48556137084961,311.6274108886719,149.3866729736328,285.2698669433594
2020-10-02,109.5319595336914,156.25,72.14031219482422,180.43214113781997,257.67718505859375,196.0868682861328,13.005910873413086,265.0906066894531,83.41975402832031,46.36659240722656,308.6685791015625,138.3633270263672,282.6161804199219
2020-10-05,112.90457153320312,159.9600067138672,73.48985290527344,185.11349991656544,262.34613037109375,200.07151794433594,13.583656311035156,270.7440185546875,86.26225280761719,47.433841705322266,314.142333984375,141.89332580566406,287.55499267578125
2020-10-06,109.66765594482422,154.9980010986328,71.913330078125,181.26267149234485,256.4083557128906,195.820556640625,13.677251815795898,265.9119873046875,85.50585174560547,46.649627685546875,309.6765441894531,137.9933319091797,283.5376281738281
2020-10-07,111.52838897705078,159.7845001220703,72.31576538085938,184.22243501902273,255.87306213378906,199.5485382080078,13.903768539428711,270.51202392578125,87.33660888671875,47.510009765625,315.0668640136719,141.76666259765625,288.4027099609375
2020-10-08,111.42176818847656,159.52749633789062,73.51958465576172,185.06446225649108,261.46392822265625,200.26177978515625,13.779058456420898,271.9519348144531,88.40615844726562,47.57958984375,317.8592529296875,141.97332763671875,290.9549560546875
2020-10-09,113.36006164550781,164.33250427246094,74.85871124267578,187.8843733730531,262.1479797363281,205.23548889160156,13.703388214111328,276.1072998046875,89.92375183105469,48.111812591552734,320.6977233886719,144.6666717529297,293.544189453125
2020-10-12,120.56073760986328,172.14649963378906,77.54190063476562,195.08652832091025,273.3495788574219,210.5515899658203,14.164641380310059,284.6310119628906,91.50879669189453,49.28343200683594,325.85687255859375,147.43333435058594,298.28021240234375
2020-10-13,117.36257934570312,172.18150329589844,77.66483306884766,194.9379504458632,273.73614501953125,211.94004821777344,14.18679428100586,284.62127685546875,91.23418426513672,49.321044921875,323.7303161621094,148.88333129882812,296.3728942871094
2020-10-14,117.44982147216797,168.1855010986328,77.48491668701172,194.17662775456245,269.4537353515625,210.03805541992188,14.034454345703125,282.2439880371094,90.75241088867188,48.84431076049805,321.6962890625,153.76666259765625,294.52093505859375
2020-10-15,116.98463439941406,166.9324951171875,77.08992767333984,192.0541685416341,264.398193359375,208.89683532714844,13.909745216369629,280.3498229980469,90.40071868896484,48.41646957397461,321.2987365722656,149.6266632080078,294.1706848144531
2020-10-16,115.3467788696289,163.635498046875,77.69605255126953,190.38839791598764,263.61505126953125,208.89683532714844,13.75192642211914,278.8133239746094,89.83702850341797,48.34123992919922,321.1044921875,146.55667114257812,293.9219665527344
2020-10-19,112.40062713623047,160.36050415039062,75.82514953613281,186.19283742437932,259.1244812011719,203.72341918945312,13.439530372619629,274.2615966796875,89.39379119873047,47.49872970581055,316.22265625,143.61000061035156,289.4807434082031
2020-10-20,113.88338470458984,160.85049438476562,76.87235260009766,187.4148653406527,265.23089599609375,204.13233947753906,13.586645126342773,274.8510437011719,89.466064453125,47.77800369262695,317.4893798828125,140.64666748046875,290.62322998046875
2020-10-21,113.26313018798828,159.2469940185547,78.60250854492188,188.5486651318727,276.3036193847656,204.27499389648438,13.466414451599121,274.6385192871094,88.89274597167969,47.654815673828125,316.88836669921875,140.8800048828125,290.09808349609375
2020-10-22,112.17769622802734,158.82000732421875,79.62692260742188,188.39632671907768,275.6989440917969,204.36056518554688,13.303370475769043,274.6287841796875,88.8590316772461,47.3294792175293,318.6265869140625,141.92999267578125,291.6921081542969
2020-10-23,111.4896240234375,160.22000122070312,80.93138122558594,189.8583178620298,282.3108825683594,205.6349334716797,13.531632423400879,275.16998291015625,88.64704895019531,47.609683990478516,319.70831298828125,140.2100067138672,292.687255859375
2020-10-26,111.49929809570312,160.3520050048828,78.51825714111328,186.6527962637286,274.6976623535156,199.78628540039062,13.084567070007324,271.04345703125,86.74884033203125,46.95523452758789,313.8001403808594,140.0933380126953,287.29693603515625
2020-10-27,113.00147247314453,164.31649780273438,79.2413558959961,189.7114745844145,280.823974609375,202.8009490966797,13.338968276977539,273.1600036621094,86.45014190673828,47.20347213745117,312.7183837890625,141.55999755859375,286.3479309082031
2020-10-28,107.76814270019531,158.13900756835938,74.87604522705078,180.35877245178827,265.33990478515625,192.7488555908203,12.57253646850586,262.51031494140625,83.66065216064453,45.659481048583984,302.0300598144531,135.33999633789062,276.48876953125
2020-10-29,111.7609634399414,160.55050659179688,77.1598129272461,185.13357353055306,278.3852844238281,194.68890380859375,12.967825889587402,267.10064697265625,85.72746276855469,46.409847259521484,305.0997009277344,136.94332885742188,279.4005432128906
2020-10-30,105.50033569335938,151.8074951171875,80.09528350830078,178.7963066279908,260.8196105957031,192.5491485595703,12.479938507080078,260.3262634277344,84.28694915771484,44.983402252197266,301.9190673828125,129.34666442871094,276.2583923339844
2020-11-02,105.41311645507812,150.2239990234375,80.50218963623047,179.36705924064137,259.08477783203125,192.416015625,12.52648639678955,260.9060974121094,84.94216918945312,45.37458038330078,305.3031921386719,133.50332641601562,279.4742126464844
2020-11-03,107.0315933227539,152.42050170898438,81.55978393554688,183.76736969947834,262.99053955078125,196.31512451171875,12.963342666625977,265.41912841796875,86.71029663085938,46.234962463378906,310.69354248046875,141.3000030517578,284.4037170410156
2020-11-04,111.40237426757812,162.05799865722656,86.5252685546875,192.93056912884563,284.8783264160156,205.78707885742188,13.73475170135498,277.26702880859375,89.89002990722656,48.06856155395508,317.63720703125,140.32666015625,290.80755615234375
2020-11-05,115.35646057128906,166.10000610351562,87.3504409790039,198.2890470517368,292.1147766113281,212.34898376464844,14.098922729492188,284.49566650390625,93.46000671386719,49.271202087402344,323.83209228515625,146.02999877929688,296.501953125
2020-11-06,115.22539520263672,165.56849670410156,87.2131576538086,198.33203770738862,290.8558654785156,212.75790405273438,14.499191284179688,284.708251953125,94.91014862060547,49.44328689575195,323.75811767578125,143.31666564941406,296.465087890625
2020-11-09,112.92460632324219,157.18699645996094,87.29692840576172,191.88588538420578,276.34326171875,207.68907165527344,13.5719575881958,278.890625,93.87432098388672,48.04975128173828,327.826416015625,140.4199981689453,300.15997314453125
2020-11-10,112.58480834960938,151.75100708007812,86.12232971191406,186.49649261503728,270.0584411621094,200.67071533203125,12.714919090270996,273.8944396972656,90.9692153930664,46.800086975097656,327.34552001953125,136.7866668701172,299.7729187011719
2020-11-11,116.0020523071289,156.8695068359375,86.59365844726562,191.23663672777303,274.07318115234375,205.9392547607422,13.360125541687012,280.0213317871094,94.168212890625,47.915279388427734,329.77734375,139.0433349609375,301.88299560546875
2020-11-12,115.73025512695312,155.51400756835938,86.37509155273438,190.31641918576793,272.6853942871094,204.88360595703125,13.398707389831543,278.7070007324219,93.15165710449219,47.63319396972656,326.578125,137.25332641601562,299.0910949707031
2020-11-13,115.77877807617188,156.4405059814453,87.83415985107422,190.7309168580608,274.5391845703125,205.90118408203125,13.239646911621094,281.1519470214844,94.52472686767578,47.98015594482422,331.09954833984375,136.1666717529297,303.154541015625
2020-11-16,116.78842163085938,156.55299377441406,87.92189025878906,191.72355828178053,276.5315856933594,206.58590698242188,13.456955909729004,283.345703125,97.18413543701172,48.04785919189453,335.2324523925781,136.02999877929688,306.83099365234375
2020-11-17,115.90497589111328,156.7830047607422,87.3088150024414,192.68881077166938,272.6060791015625,203.95164489746094,13.36435317993164,282.4468994140625,96.06640625,47.897422790527344,333.429443359375,147.20333862304688,305.3014831542969
2020-11-18,114.5846939086914,155.2729949951172,86.26705169677734,193.93568032284128,269.6024475097656,201.26283264160156,13.370828628540039,280.3595275878906,95.58946228027344,47.356727600097656,329.4167175292969,162.2133331298828,301.5972900390625
2020-11-19,115.17687225341797,155.8509979248047,87.15565490722656,195.48483408707284,270.5639953613281,202.54049682617188,13.382279396057129,282.55316162109375,96.83726501464844,47.56642532348633,330.8035583496094,166.42333984375,302.85968017578125
2020-11-20,113.91480255126953,154.97000122070312,86.05591583251953,192.7974397285713,267.35223388671875,200.6049041748047,13.031298637390137,280.6204528808594,96.3458480834961,47.41973114013672,328.5383605957031,163.20333862304688,300.8325500488281
2020-11-23,110.52668762207031,154.91949462890625,85.6187973022461,193.58661561227683,266.09332275390625,200.3379364013672,13.08332347869873,280.6301574707031,97.82971954345703,47.25048065185547,330.50762939453125,173.9499969482422,302.61090087890625
2020-11-24,111.80818176269531,155.9029998779297,87.4198226928711,197.42618284139058,274.5093994140625,203.9135284423828,12.901862144470215,284.572998046875,98.1380615234375,47.40092849731445,335.8334045410156,185.1266632080078,307.51287841796875
2020-11-25,112.64306640625,159.2534942626953,87.43122100830078,199.6609301124992,273.1910095214844,203.9230499267578,13.177663803100586,286.3221435546875,98.13323974609375,47.7535514831543,335.315673828125,191.3333282470703,307.0060729980469
2020-11-27,113.18672180175781,159.76699829101562,88.565673828125,201.31329036515305,275.3916320800781,205.21983337402344,13.20405101776123,288.9604187011719,99.44849395751953,48.06856155395508,336.2495422363281,195.25332641601562,307.88140869140625
2020-11-30,115.57490539550781,158.40199279785156,86.9489974975586,200.32000526468642,274.5589294433594,204.11375427246094,13.343695640563965,289.5500183105469,100.50358581542969,48.444679260253906,334.760986328125,189.1999969482422,306.49932861328125
2020-12-01,119.13777160644531,161.00399780273438,88.97900390625,204.45692474353513,284.0555725097656,206.1542205810547,13.332244873046875,293.2608947753906,102.32952117919922,48.89225769042969,338.4222717285156,194.9199981689453,309.87164306640625
2020-12-02,119.48728942871094,160.17649841308594,90.44650268554688,204.40044152684652,285.01708984375,205.35328674316406,13.486080169677734,293.6376647949219,102.7390365600586,48.717369079589844,339.1342468261719,189.60667419433594,310.5258483886719
2020-12-03,119.35135650634766,159.3365020751953,90.29137420654297,204.38412497730977,279.396484375,204.2758026123047,13.342161178588867,294.0533752441406,102.70048522949219,48.406131744384766,339.041748046875,197.7933349609375,310.4337158203125
2020-12-04,118.68148803710938,158.12899780273438,90.38653564453125,204.45552573263964,277.2652282714844,204.39022827148438,13.503758430480957,295.2516174316406,105.6971435546875,48.66188049316406,341.9634704589844,199.67999267578125,313.10589599609375
2020-12-07,120.13770294189453,157.89999389648438,90.052978515625,207.45571382574863,283.0939636230469,204.32347106933594,13.55206298828125,296.9234924316406,106.29936981201172,48.86687469482422,341.2608947753906,213.9199981689453,312.5252990722656
2020-12-08,120.74932098388672,158.864501953125,89.7704849243164,207.52206987084776,280.9329833984375,205.9635009765625,13.296345710754395,297.928466796875,106.43907165527344,48.9477424621582,342.25946044921875,216.6266632080078,313.42822265625
2020-12-09,118.22521209716797,155.2100067138672,88.1116943359375,201.51947716386113,275.5007019042969,201.94932556152344,12.878780364990234,291.1831359863281,103.14373016357422,48.20960235595703,339.189697265625,201.4933319091797,310.6457214355469
2020-12-10,119.6426010131836,155.07449340820312,87.60568237304688,202.58554511751922,274.7076110839844,200.72885131835938,12.920112609863281,292.3524169921875,103.22081756591797,48.30833053588867,339.0787353515625,209.02333068847656,310.4981689453125
2020-12-11,118.83682250976562,155.8209991455078,87.96003723144531,201.9540504951032,271.168701171875,203.3414306640625,12.960948944091797,291.7049255371094,102.38252258300781,48.17292785644531,338.6811828613281,203.3300018310547,310.10198974609375
2020-12-14,118.22521209716797,157.84849548339844,86.84294891357422,204.07569843315355,271.80316162109375,204.23770141601562,13.255263328552246,293.8212585449219,103.42796325683594,48.565975189208984,337.1648254394531,213.27667236328125,308.68304443359375
2020-12-15,124.14716339111328,158.25599670410156,87.28007507324219,205.70663674069826,273.15130615234375,204.1709442138672,13.306801795959473,296.96209716796875,105.05157470703125,48.96372604370117,341.72314453125,211.0833282470703,312.9491882324219
2020-12-16,124.07920837402344,162.04800415039062,87.08726501464844,206.3034726405755,273.2702941894531,209.08143615722656,13.189276695251465,298.5953063964844,105.0082015991211,49.334205627441406,342.25946044921875,207.58999633789062,313.42822265625
2020-12-17,124.94322967529297,161.8040008544922,86.26060485839844,207.8637691899047,272.0906066894531,209.21490478515625,13.287631034851074,300.5474548339844,104.98412322998047,49.666133880615234,344.1733093261719,218.63333129882812,315.1329345703125
2020-12-18,122.96277618408203,160.08250427246094,85.55238342285156,208.54478043633515,273.9938659667969,208.4234619140625,13.218659400939941,299.63909912109375,104.62278747558594,49.63228225708008,342.799072265625,231.6666717529297,313.87066650390625
2020-12-21,124.4869384765625,160.3090057373047,85.9657211303711,207.45648008311045,270.41534423828125,212.23748779296875,13.278664588928223,299.07843017578125,104.09496307373047,49.47193145751953,341.5733947753906,216.6199951171875,312.9030456542969
2020-12-22,128.0303955078125,160.3260040283203,85.2550277709961,207.06449869626252,264.76495361328125,213.52471923828125,13.224884033203125,299.8916931152344,103.91060638427734,49.6445426940918,340.9977111816406,213.44667053222656,312.2860107421875
2020-12-23,127.13725280761719,159.2635040283203,85.6520004272461,206.18838472939612,265.7760925292969,210.7405548095703,12.956965446472168,298.3814392089844,103.1343994140625,49.378543853759766,341.3040771484375,215.32666015625,312.5357666015625
2020-12-24,128.1177520751953,158.63450622558594,85.9458999633789,207.23772755411818,265.0722351074219,212.39002990722656,12.941526412963867,299.69805908203125,104.24049377441406,49.45022964477539,342.6319274902344,220.58999633789062,313.7847595214844
2020-12-28,132.699951171875,164.197998046875,87.91840362548828,211.24322391806243,274.5886535644531,214.49725341796875,12.848153114318848,302.7187805175781,104.03189849853516,49.8803596496582,345.57537841796875,221.22999572753906,316.5140380859375
2020-12-29,130.93307495117188,166.10000610351562,87.11552429199219,210.98853031535052,274.37060546875,213.72496032714844,12.891226768493652,302.98974609375,103.7699203491211,49.83036804199219,344.9161071777344,221.99667358398438,315.8479919433594
2020-12-30,129.81668090820312,164.29249572753906,86.04947662353516,210.94239068802466,269.5033264160156,211.36978149414062,13.092916488647461,302.99945068359375,105.68620300292969,49.75113296508789,345.4082336425781,231.5933380126953,316.27349853515625
2020-12-31,128.81675720214844,162.84649658203125,86.86178588867188,211.23740556907316,270.7821044921875,212.07537841796875,13.002532005310059,303.7449035644531,105.96271514892578,49.9077262878418,347.1632080078125,235.22332763671875,317.9757995605469
2021-01-04,125.63250732421875,159.3314971923828,85.54792785644531,209.44153988074459,266.5989074707031,207.5653839111328,13.060794830322266,299.4560546875,106.17617797851562,49.22102355957031,342.43701171875,243.2566680908203,313.6644592285156
2021-01-05,127.1857681274414,160.92550659179688,86.23780059814453,211.49023529964293,268.6112060546875,207.76559448242188,13.350873947143555,301.9248046875,108.03424072265625,49.616249084472656,344.79541015625,245.0366668701172,315.72760009765625
2021-01-06,122.90451049804688,156.91900634765625,85.3868637084961,206.862044755689,261.01788330078125,202.37841796875,12.563800811767578,297.7424011230469,107.704345703125,48.87956237792969,346.8567810058594,251.9933319091797,317.6427917480469
2021-01-07,127.09843444824219,158.10800170898438,87.93724060058594,214.48416895297763,266.40057373046875,208.13748168945312,13.29037094116211,304.94537353515625,112.14816284179688,49.84169387817383,352.0101623535156,272.0133361816406,322.3889465332031
2021-01-08,128.19541931152344,159.13499450683594,89.1014175415039,217.65446081219383,265.24072265625,209.4055633544922,13.223388671875,308.8664245605469,111.7455062866211,50.30389404296875,354.015869140625,293.3399963378906,324.2022705078125
2021-01-11,125.21503448486328,155.7104949951172,87.04267120361328,212.37101216947408,254.6041717529297,207.37466430664062,13.566754341125488,304.4033508300781,113.41921997070312,49.97186279296875,351.62945556640625,270.39666748046875,322.08367919921875
2021-01-12,125.04029846191406,156.04150390625,86.10796356201172,212.15704454175614,248.9042205810547,204.93374633789062,13.430553436279297,303.9190979003906,113.94801330566406,49.71151351928711,351.70367431640625,283.14666748046875,322.1114196777344
2021-01-13,127.06932067871094,158.29449462890625,86.59465026855469,213.80594159369826,249.44944763183594,206.2781524658203,13.477363586425781,305.9715881347656,113.3318862915039,49.98788833618164,352.6509094238281,284.8033447265625,322.9162902832031
2021-01-14,125.14707946777344,156.37350463867188,85.78531646728516,210.40610510426353,243.5016632080078,203.112548828125,13.147197723388672,304.33544921875,116.1505126953125,49.60586929321289,351.4159240722656,281.6666564941406,321.82470703125
2021-01-15,123.42875671386719,155.21249389648438,85.62176513671875,208.91457172695033,249.17189025878906,202.7598419189453,12.807814598083496,301.9248046875,113.8897933959961,49.43514633178711,348.8531494140625,275.38665771484375,319.5301513671875
2021-01-19,124.0986328125,156.03799438476562,88.43930053710938,212.95478018072305,258.8271179199219,206.37351989746094,12.972900390625,306.3298645019531,117.79997253417969,50.04072189331055,351.5924072265625,281.51666259765625,322.0558776855469
2021-01-20,128.17599487304688,163.16900634765625,93.17727661132812,219.8360142280309,265.15155029296875,213.9060821533203,13.312034606933594,313.4554138183594,117.30998229980469,51.16884994506836,356.4578857421875,283.48333740234375,326.4320373535156
2021-01-21,132.87472534179688,165.34950256347656,93.37947845458984,223.17347027662032,270.4946594238281,214.50680541992188,13.81176471710205,315.9629211425781,119.12437438964844,51.53483581542969,356.782958984375,281.663330078125,326.7373962402344
2021-01-22,135.01052856445312,164.6114959716797,93.79627990722656,223.7211739667516,272.1104736328125,215.44122314453125,13.657387733459473,315.05279541015625,116.883056640625,51.601802825927734,355.5201110839844,282.21331787109375,325.571533203125
2021-01-25,138.74810791015625,164.6999969482422,93.88153076171875,226.71865915730228,275.58990478515625,218.85472106933594,13.598376274108887,317.6570739746094,117.34394836425781,51.91118621826172,356.92230224609375,293.6000061035156,326.8945617675781
2021-01-26,138.98117065429688,166.30650329589844,94.55902099609375,227.75553288529835,279.59466552734375,221.5244903564453,13.38125228881836,318.1217346191406,115.31607818603516,51.877235412597656,356.3650817871094,294.36334228515625,326.404296875
2021-01-27,137.9132537841797,161.62899780273438,90.14765167236328,222.05845908818281,269.7710266113281,222.06793212890625,12.865833282470703,309.25372314453125,109.68370056152344,50.34916687011719,347.6553039550781,288.0533447265625,318.4847106933594
2021-01-28,133.08834838867188,161.88099670410156,91.84558868408203,220.85719796953236,262.693115234375,227.81748962402344,12.998547554016113,311.0834045410156,111.9783706665039,50.558563232421875,350.6452941894531,278.4766540527344,321.15838623046875
2021-01-29,128.10806274414062,160.30999755859375,90.56494140625,215.48540897459222,256.0812072753906,221.17169189453125,12.937543869018555,304.53875732421875,109.93596649169922,49.9973258972168,343.62548828125,264.510009765625,314.7284851074219
2021-02-01,130.22445678710938,167.1439971923828,93.8215560913086,222.2535682333565,259.7291564941406,228.50399780273438,13.183797836303711,312.1484069824219,114.24393463134766,50.709476470947266,349.34527587890625,279.9366760253906,319.900146484375
2021-02-02,131.04962158203125,169.0,95.11261749267578,225.85389262897317,264.7550048828125,228.37051391601562,13.502263069152832,317.2408447265625,115.80606842041016,51.385799407958984,354.28509521484375,290.92999267578125,324.4984130859375
2021-02-03,130.03030395507812,165.62649536132812,102.03919982910156,226.9951885891233,264.3287658691406,231.69822692871094,13.476119995117188,315.9822082519531,113.62782287597656,51.077354431152344,354.5636901855469,284.89666748046875,324.8222351074219
2021-02-04,133.3795623779297,166.5500030517578,101.77899932861328,227.9192377853157,264.17022705078125,230.7542724609375,13.609333038330078,319.71923828125,114.9425277709961,51.55841827392578,358.5935974121094,283.3299865722656,328.4582214355469
2021-02-05,132.96632385253906,167.6074981689453,103.52352142333984,228.71670304177525,265.7661437988281,230.93540954589844,13.536375999450684,320.8035583496094,114.10810852050781,51.56407928466797,360.0048828125,284.07666015625,329.77197265625
2021-02-08,133.1121826171875,166.14700317382812,103.30992126464844,230.71867756721645,264.2594299316406,231.1928253173828,14.380721092224121,322.9528503417969,117.92124938964844,51.941383361816406,362.6048583984375,287.8066711425781,332.20513916015625
2021-02-09,132.23712158203125,165.25,102.85743713378906,229.7777432015518,267.10443115234375,232.4324493408203,14.205925941467285,322.88507080078125,117.57195281982422,51.924407958984375,362.3634033203125,283.1533203125,331.9368896484375
2021-02-10,131.6343536376953,164.32899475097656,103.40706634521484,229.21544222613664,269.5033264160156,231.52659606933594,14.704910278320312,322.14923095703125,117.87274169921875,51.963069915771484,362.20556640625,268.2733459472656,331.80731201171875
2021-02-11,131.3815460205078,163.10650634765625,103.51956939697266,230.3488252328564,268.0362854003906,233.1189422607422,15.18945598602295,323.9209289550781,122.23893737792969,52.2168083190918,362.79052734375,270.5533447265625,332.3439025878906
2021-02-12,131.61489868164062,163.885498046875,103.83081817626953,230.30020619844848,268.1452331542969,233.59568786621094,14.901119232177734,325.7314147949219,123.49542236328125,52.536582946777344,364.5826416015625,272.0400085449219,334.0369567871094
2021-02-16,129.49539184570312,163.44749450683594,104.60742950439453,230.18656436168973,271.5850524902344,232.36570739746094,15.268634796142578,324.8504333496094,124.25222778320312,52.3384895324707,364.2669372558594,265.40667724609375,333.7224426269531
2021-02-17,127.21056365966797,165.4320068359375,104.99995422363281,229.39404517787315,271.18853759765625,233.37869262695312,14.846094131469727,323.2916259765625,121.84597778320312,52.17154312133789,364.3506164550781,266.04998779296875,333.7964172363281
2021-02-18,126.11190032958984,166.4114990234375,104.36506652832031,227.93967850271488,267.044921875,232.98684692382812,14.769402503967285,321.8781433105469,120.55066680908203,51.88667678833008,362.7998352050781,262.4599914550781,332.3717346191406
2021-02-19,126.2674331665039,162.4949951171875,103.52252960205078,225.59011759579568,259.2831115722656,230.29180908203125,14.866507530212402,320.47442626953125,123.15583038330078,51.401832580566406,362.1590881347656,260.4333190917969,331.7610168457031
2021-02-22,122.50483703613281,159.03700256347656,101.81022644042969,218.40776756433291,258.0637512207031,224.11807250976562,14.298054695129395,312.1676940917969,118.65380096435547,50.34822082519531,359.3735656738281,238.1666717529297,329.1520080566406
2021-02-23,122.36870574951172,159.72500610351562,102.10063934326172,217.94646900660277,263.5456848144531,222.9330596923828,14.085161209106445,311.23828125,117.51374053955078,50.12373352050781,359.8100280761719,232.94667053222656,329.56829833984375
2021-02-24,121.87284851074219,157.97650146484375,103.27474212646484,220.5365848569453,262.0091552734375,224.1562957763672,14.440728187561035,313.8039245605469,121.29292297363281,50.26898956298828,363.7747802734375,247.33999633789062,333.2136535644531
2021-02-25,117.63379669189453,152.85800170898438,99.91156005859375,210.37240459393973,252.47291564941406,218.8426971435547,13.25401496887207,302.8638916015625,114.53016662597656,48.82767868041992,355.0093688964844,227.4066619873047,325.22003173828125
2021-02-26,117.89630889892578,154.64649963378906,100.2069320678711,212.2937226986448,255.3773651123047,222.08242797851562,13.659381866455078,304.1322021484375,116.89276885986328,49.27667999267578,353.1801452636719,225.1666717529297,323.43438720703125
2021-03-01,124.24516296386719,157.3070068359375,102.5734634399414,218.82701981755002,262.60394287109375,226.44041442871094,13.786118507385254,313.28106689453125,120.40998840332031,50.58686447143555,361.7413330078125,239.47666931152344,331.3262023925781
2021-03-02,121.64923095703125,154.72650146484375,102.31672668457031,214.10480838242157,256.74542236328125,223.50643920898438,13.352368354797363,308.25653076171875,116.70841979980469,49.587005615234375,358.9185791015625,228.81333923339844,328.763427734375
2021-03-03,118.67411804199219,150.25,99.68656921386719,207.58295793868072,253.1866455078125,217.47605895996094,12.753284454345703,299.3108215332031,113.03111267089844,48.17683792114258,354.1643981933594,217.73333740234375,324.42437744140625
2021-03-04,116.79766082763672,148.8784942626953,100.80265808105469,204.877999534953,255.39723205566406,216.6828155517578,12.320533752441406,294.4119873046875,107.54425048828125,47.15435028076172,349.78167724609375,207.14666748046875,320.42755126953125
2021-03-05,118.0518798828125,150.0229949951172,103.93190002441406,206.81843250988848,261.9794006347656,221.33705139160156,12.411417007446289,298.8460998535156,110.9935531616211,47.977806091308594,356.2164306640625,199.31666564941406,326.302490234375
2021-03-08,113.13224792480469,147.59750366210938,99.49278259277344,198.5221676159349,253.08749389648438,217.31356811523438,11.546656608581543,290.3846130371094,104.89543151855469,46.928916931152344,354.4429931640625,187.6666717529297,324.7019958496094
2021-03-09,117.73101806640625,153.1425018310547,101.121337890625,211.00879187706448,263.4266662597656,223.42039489746094,12.474234580993652,301.8376770019531,111.10997772216797,48.421142578125,359.50347900390625,224.52667236328125,329.2445373535156
2021-03-10,116.6518325805664,152.8820037841797,100.9146728515625,209.9767353266498,262.59405517578125,222.1207275390625,12.422426223754883,300.97613525390625,108.85411834716797,48.35417938232422,361.7413330078125,222.68666076660156,331.2799987792969
2021-03-11,118.57689666748047,155.67950439453125,104.10389709472656,216.27324013075827,271.495849609375,226.6219940185547,12.9457426071167,307.9078674316406,113.42891693115234,49.320068359375,365.4090576171875,233.1999969482422,334.7771911621094
2021-03-12,117.67269897460938,154.47450256347656,101.59911346435547,213.67095123634505,266.0635681152344,225.30316162109375,12.80875015258789,305.41009521484375,112.01232147216797,49.053138732910156,365.90118408203125,231.2433319091797,335.24896240234375
2021-03-15,120.55058288574219,154.08399963378906,101.81915283203125,216.31438807452827,271.3669738769531,224.40476989746094,13.142768859863281,308.6727294921875,114.42827606201172,49.4964599609375,368.0832824707031,235.97999572753906,337.19183349609375
2021-03-16,122.08673858642578,154.59300231933594,103.2787094116211,217.13759763894393,276.84881591796875,227.17630004882812,13.242399215698242,310.366943359375,115.679931640625,49.8105583190918,367.6190185546875,225.6266632080078,336.8125305175781
2021-03-17,121.29922485351562,156.7864990234375,103.1959228515625,219.04988093169595,281.5376281738281,226.5360107421875,13.292217254638672,311.6449279785156,116.76663208007812,49.710575103759766,368.87249755859375,233.93666076660156,337.91351318359375
2021-03-18,117.1865463256836,151.39950561523438,100.17869567871094,210.94997626298837,276.19451904296875,220.49603271484375,12.675739288330078,302.09906005859375,112.08995056152344,48.610740661621094,363.5054931640625,217.72000122070312,332.9453125
2021-03-19,116.66154479980469,153.7480010986328,100.45723724365234,212.93150728047237,287.58453369140625,220.14244079589844,12.798539161682129,303.1640319824219,113.3658447265625,49.0257682800293,362.83294677734375,218.2899932861328,332.3531494140625
2021-03-22,119.96721649169922,155.5435028076172,100.64208984375,216.81818037593254,290.9847106933594,225.53250122070312,13.137786865234375,308.8492736816406,116.06803894042969,49.848548889160156,365.73016357421875,223.3333282470703,334.9806213378906
2021-03-23,119.14080047607422,156.875,101.16939544677734,216.30012634571517,288.10003662109375,227.0520477294922,13.022711753845215,307.5019226074219,113.1620864868164,49.42534637451172,362.8515319824219,220.72000122070312,332.5196228027344
2021-03-24,116.75877380371094,154.35350036621094,100.73328399658203,211.37468621551955,279.6839599609375,225.02601623535156,12.59653377532959,302.3157958984375,111.2215576171875,48.58651351928711,361.007080078125,210.08999633789062,330.6786193847656
2021-03-25,117.2448959350586,152.31300354003906,100.72980499267578,210.56366326544347,276.3135681152344,222.0442352294922,12.489177703857422,301.79241943359375,111.62907409667969,48.54305648803711,363.037841796875,213.4633331298828,332.53826904296875
2021-03-26,117.8476791381836,152.60150146484375,100.34671020507812,211.3699123377347,280.5562744140625,226.0008087158203,12.792061805725098,306.31927490234375,117.22750854492188,49.28649139404297,368.8882751464844,206.23666381835938,337.96307373046875
2021-03-29,118.022705078125,153.7864990234375,101.39044189453125,212.53138924990975,288.28839111328125,224.81573486328125,12.90066146850586,306.2320556640625,115.35004425048828,49.188255310058594,368.70184326171875,203.76333618164062,337.75885009765625
2021-03-30,116.57403564453125,152.76449584960938,101.42414855957031,212.2641321121188,285.4928894042969,221.57595825195312,12.824441909790039,304.6907653808594,114.8552017211914,49.041831970214844,367.7237548828125,211.8733367919922,336.8953857421875
2021-03-31,118.76162719726562,154.70399475097656,102.2195816040039,217.32015871174787,291.966064453125,225.3222198486328,13.299189567565918,309.3534240722656,118.15411376953125,50.09037780761719,369.2143249511719,222.64332580566406,338.2323303222656
2021-04-01,119.58804321289062,158.0500030517578,105.55303192138672,221.31264281826554,296.0600891113281,231.61070251464844,13.760986328125,314.6267395019531,122.70950317382812,50.75163650512695,373.20135498046875,220.5833282470703,341.816162109375
2021-04-05,122.40760803222656,161.3365020751953,109.97283172607422,227.8032361809474,306.2209167480469,238.0328826904297,13.936091423034668,320.9081726074219,124.75191497802734,51.736881256103516,378.5580749511719,230.35000610351562,346.7461853027344
2021-04-06,122.70899963378906,161.1909942626953,109.49210357666016,227.00817643507776,303.5940246582031,236.87648010253906,13.810555458068848,320.6852722167969,123.04424285888672,51.61785888671875,378.33447265625,230.5399932861328,346.5512390136719
2021-04-07,124.35212707519531,163.96949768066406,110.967529296875,229.1200420488553,310.364501953125,238.8261260986328,14.091517448425293,321.46075439453125,122.76287078857422,51.64619827270508,378.77227783203125,223.6566619873047,346.9875793457031
2021-04-08,126.7438735961914,164.96499633789062,111.53251647949219,231.57381013871375,310.29510498046875,242.0276336669922,14.26438045501709,324.81463623046875,124.5239028930664,52.216758728027344,380.5702819824219,227.93333435058594,348.6773986816406
2021-04-09,129.31065368652344,168.61000061035156,112.5356216430664,233.41650478078145,309.73992919921875,244.512451171875,14.347076416015625,326.7825927734375,124.2328109741211,52.7391471862793,383.3370361328125,225.67333984375,351.18414306640625
2021-04-12,127.5994644165039,168.96949768066406,111.24457550048828,235.67613835057807,308.8280029296875,244.56980895996094,15.153100967407227,326.35601806640625,122.79198455810547,52.91768264770508,383.47686767578125,233.9933319091797,351.3420104980469
2021-04-13,130.70095825195312,170.0,111.73075103759766,240.9295628502452,307.0634460449219,247.03546142578125,15.621872901916504,330.16571044921875,122.5494155883789,53.79052734375,384.61334228515625,254.10667419433594,352.29833984375
2021-04-14,128.36753845214844,166.64999389648438,111.11026000976562,236.04633530456067,300.1839294433594,244.26394653320312,15.22085189819336,326.200927734375,121.37539672851562,52.99797058105469,383.2998352050781,244.07666015625,351.16552734375
2021-04-15,130.76904296875,168.95449829101562,113.25821685791016,241.07173582289582,305.140380859375,248.00074768066406,16.077945709228516,331.14471435546875,122.93267059326172,53.95488739013672,387.4173889160156,246.28334045410156,354.9350891113281
2021-04-16,130.43846130371094,169.9720001220703,113.13430786132812,240.6991639706968,303.51470947265625,249.18572998046875,15.854013442993164,331.5324401855469,122.452392578125,53.96622085571289,388.7123718261719,246.5933380126953,356.17919921875
2021-04-19,131.099609375,168.60049438476562,113.48173522949219,237.63624381044752,299.6090087890625,247.27435302734375,15.305291175842285,328.4984130859375,119.4203109741211,53.28797912597656,386.8025207519531,238.2100067138672,354.4244384765625
2021-04-20,129.41757202148438,166.7344970703125,112.9489517211914,236.4347732516153,300.015380859375,246.8156280517578,15.115489959716797,326.1039733886719,117.7466049194336,52.86289596557617,383.97052001953125,239.663330078125,351.8247985839844
2021-04-21,129.79678344726562,168.1009979248047,112.91624450683594,238.57440741469725,298.845703125,249.0328369140625,15.304047584533691,328.895751953125,120.85144805908203,53.42117691040039,387.6037292480469,248.0399932861328,355.1300048828125
2021-04-22,128.28005981445312,165.45199584960938,111.6361083984375,233.99597427898902,293.93878173828125,245.77395629882812,14.795672416687012,324.9311218261719,118.17838287353516,52.7467041015625,384.0637512207031,239.89666748046875,351.8712463378906
2021-04-23,130.59405517578125,167.04400634765625,113.98577117919922,238.046407595302,298.5086364746094,249.57757568359375,15.209146499633789,329.0218811035156,120.89511108398438,53.52791213989258,388.2278747558594,243.13333129882812,355.6221008300781
2021-04-26,130.98291015625,170.4499969482422,114.48136901855469,240.1409169096941,300.40203857421875,249.95980834960938,15.421113967895508,331.1640930175781,122.96178436279297,53.931278228759766,389.03839111328125,246.06666564941406,356.3927001953125
2021-04-27,130.66207885742188,170.8715057373047,113.54220581054688,238.20708770680872,300.9273986816406,250.3612518310547,15.325217247009277,329.72943115234375,122.24378967285156,53.737632751464844,388.95452880859375,234.913330078125,356.2812805175781
2021-04-28,129.8745880126953,172.9250030517578,116.915283203125,238.12346651767618,304.4266357421875,243.2796173095703,15.220602989196777,328.61468505859375,120.28868865966797,53.33427047729492,388.84271240234375,231.46665954589844,356.1142272949219
2021-04-29,129.7772979736328,173.5655059814453,118.58646392822266,240.1731322798013,326.6415710449219,241.3204345703125,15.268425941467285,329.7972717285156,121.399658203125,53.086769104003906,391.3207702636719,225.6666717529297,358.490966796875
2021-04-30,127.8133773803711,173.37100219726562,116.6407241821289,239.4846355214191,322.2500915527344,241.0050506591797,14.95433521270752,327.6355895996094,117.88729095458984,52.77691650390625,388.7495422363281,236.47999572753906,356.1235656738281
2021-05-03,128.86338806152344,169.32449340820312,116.1242904663086,236.93202198913016,319.7719421386719,240.6992645263672,14.782220840454102,325.89080810546875,116.51921081542969,52.502986907958984,389.5880126953125,228.3000030517578,356.9312438964844
2021-05-04,124.30349731445312,165.593505859375,114.3277359008789,231.80905725732487,315.5886535644531,236.80955505371094,14.298505783081055,320.0260925292969,115.07351684570312,51.652809143066406,387.1845397949219,224.53334045410156,354.75872802734375
2021-05-05,124.54657745361328,163.52699279785156,114.72123718261719,231.16740483678217,312.2777099609375,235.54808044433594,14.405360221862793,318.95013427734375,115.5829086303711,51.718929290771484,387.3056945800781,223.64666748046875,354.8236999511719
2021-05-06,126.14110565185547,165.31849670410156,115.84031677246094,233.01817631380823,317.23419189453125,238.6636505126953,14.469621658325195,321.35430908203125,116.53376770019531,52.08451461791992,390.39849853515625,221.17999267578125,357.7112121582031
2021-05-07,126.81307220458984,164.58050537109375,116.56290435791016,234.6266483638628,316.3023376464844,241.27267456054688,14.75780963897705,323.9617919921875,118.17838287353516,52.52186965942383,393.2398376464844,224.1233367919922,360.2642822265625
2021-05-10,123.54071807861328,159.52450561523438,113.58036041259766,226.39955118112044,303.3064880371094,236.22662353515625,14.213318824768066,315.7802734375,112.93893432617188,51.292903900146484,389.3458557128906,209.67999267578125,356.73626708984375
2021-05-11,122.62525939941406,161.19549560546875,112.50538635253906,225.61051679438413,303.8616027832031,235.3187713623047,14.253670692443848,315.3440856933594,113.1572494506836,51.24660873413086,385.8710021972656,205.73333740234375,353.6074523925781
2021-05-12,119.56714630126953,157.5970001220703,109.04557800292969,219.07112091563422,299.91632080078125,228.4091339111328,13.707932472229004,307.1820068359375,108.49026489257812,49.65017318725586,377.67303466796875,196.6300048828125,346.0591125488281
2021-05-13,121.70980072021484,158.07350158691406,110.472412109375,219.76640678100256,302.6026916503906,232.26055908203125,13.61502456665039,309.5569763183594,109.72250366210938,50.04692459106445,382.2098083496094,190.56333923339844,350.172119140625
2021-05-14,124.12506103515625,161.14500427246094,112.91773223876953,225.77281395005153,313.189697265625,237.1536407470703,14.190653800964355,316.3910827636719,113.2009048461914,51.05768966674805,388.078857421875,196.5800018310547,355.5478515625
2021-05-17,122.97586059570312,163.51950073242188,113.44010925292969,224.7820883554593,312.7138977050781,234.31529235839844,14.113436698913574,314.4716491699219,111.93955993652344,50.69777297973633,387.0913391113281,192.27667236328125,354.6937255859375
2021-05-18,121.59290313720703,161.61399841308594,112.12921142578125,222.55920677436407,307.26171875,232.30833435058594,13.964238166809082,312.3487854003906,111.32344055175781,50.42477798461914,383.7562255859375,192.6233367919922,351.6299133300781
2021-05-19,121.43708038330078,161.58999633789062,112.5767593383789,222.41224479582553,310.8601379394531,232.883056640625,14.014056205749512,312.7074279785156,113.31734466552734,50.37755584716797,382.7502136230469,187.82000732421875,350.701416015625
2021-05-20,123.98872375488281,162.38400268554688,114.33368682861328,227.2296566452107,315.8364562988281,236.10157775878906,14.558794975280762,318.7562561035156,116.13111114501953,51.245670318603516,386.8677673339844,195.5933380126953,354.4429931640625
2021-05-21,122.15777587890625,160.1540069580078,113.69830322265625,226.22520770119382,313.4772033691406,234.84674072265625,14.936652183532715,316.9919738769531,115.5440902709961,51.07185745239258,386.5510559082031,193.6266632080078,354.1737976074219
2021-05-24,123.7842025756836,162.24949645996094,117.01439666748047,232.37801551585204,321.8040466308594,240.22055053710938,15.554620742797852,322.32354736328125,118.08133697509766,51.909751892089844,390.4916076660156,202.14666748046875,357.7483215332031
2021-05-25,123.58942413330078,162.95249938964844,117.1051025390625,232.9231474789588,324.9366149902344,241.1209259033203,15.590238571166992,322.7693786621094,118.85755157470703,51.92486572265625,389.6252746582031,201.56333923339844,356.99627685546875
2021-05-26,123.54071807861328,163.25799560546875,117.96942901611328,234.08010904655058,324.8076477050781,240.90060424804688,15.642297744750977,323.89385986328125,118.97882843017578,52.10245132446289,390.39849853515625,206.3766632080078,357.6461486816406
2021-05-27,122.01168823242188,161.5054931640625,117.09569549560547,233.4706679012769,329.8533935546875,238.8124237060547,15.431074142456055,322.68212890625,119.5512924194336,52.26683044433594,390.6033935546875,210.28334045410156,357.80401611328125
2021-05-28,121.35918426513672,161.15350341796875,116.8067398071289,234.11529948932036,325.8684387207031,239.16680908203125,16.184791564941406,323.6999816894531,120.8902587890625,52.361297607421875,391.3022155761719,208.4066619873047,358.5003662109375
2021-06-01,121.03778839111328,160.9324951171875,118.01256561279297,234.03198092116168,326.264892578125,236.9828338623047,16.204723358154297,322.6240539550781,120.71076202392578,52.007049560546875,390.9573669433594,207.96665954589844,358.2217102050781
2021-06-02,121.79744720458984,161.69949340820312,117.48771667480469,234.2906711941593,326.28472900390625,236.88705444335938,16.716583251953125,323.2540283203125,121.41905212402344,51.99949645996094,391.5722961425781,201.7066650390625,358.8253173828125
2021-06-03,120.31706237792969,159.35049438476562,116.34732818603516,231.137883520933,323.2017822265625,235.36402893066406,16.907377243041992,319.89044189453125,119.34268188476562,51.54228591918945,390.11895751953125,190.94667053222656,357.46044921875
2021-06-04,122.60577392578125,160.31100463867188,118.62661743164062,236.42588935674422,327.47430419921875,240.23008728027344,17.51364517211914,325.31884765625,122.00121307373047,52.276275634765625,393.6869812011719,199.68333435058594,360.7007751464844
2021-06-07,122.61552429199219,159.90049743652344,119.05927276611328,237.9300320153513,333.6499938964844,243.1229248046875,17.554243087768555,326.2880859375,121.3802490234375,52.44063949584961,393.3050537109375,201.7100067138672,360.3943176269531
2021-06-08,123.43358612060547,163.20550537109375,118.86795806884766,237.9467976010232,330.7752380371094,241.93516540527344,17.39284324645996,326.443359375,120.38087463378906,52.40852355957031,393.38885498046875,201.19667053222656,360.4500427246094
2021-06-09,123.81342315673828,164.0574951171875,119.33879089355469,237.69592744310626,327.3751220703125,242.91220092773438,17.298418045043945,326.5208435058594,120.00731658935547,52.37640380859375,392.802001953125,199.5933380126953,359.8836669921875
2021-06-10,122.82003784179688,167.4824981689453,120.68635559082031,240.0054775438664,329.5658874511719,246.40853881835938,17.364938735961914,329.9233703613281,121.57430267333984,52.887451171875,394.6278381347656,203.3733367919922,361.54559326171875
2021-06-11,124.0276870727539,167.3415069580078,120.44200897216797,240.98181352395588,328.3763122558594,247.03114318847656,17.76380157470703,330.7861022949219,122.00121307373047,53.05181884765625,395.27996826171875,203.29666137695312,362.1770324707031
2021-06-14,127.0760269165039,169.19349670410156,121.36930084228516,244.12759128448425,333.83837890625,248.94700622558594,17.95663833618164,333.95587158203125,123.6506576538086,53.523193359375,396.16497802734375,205.89666748046875,363.0868225097656
2021-06-15,126.25794982910156,169.156494140625,120.35232543945312,241.91522961915345,333.81854248046875,247.48130798339844,17.7271785736084,331.7748107910156,122.5833740234375,53.08772277832031,395.43841552734375,199.7866668701172,362.325439453125
2021-06-16,126.75462341308594,170.7624969482422,119.71100616455078,241.84214061770618,328.1978454589844,246.54266357421875,17.748859405517578,330.5631103515625,121.550048828125,53.07920837402344,393.23046875,201.6233367919922,360.338623046875
2021-06-17,128.3518829345703,174.46200561523438,120.67346954345703,246.65591559559147,333.58062744140625,249.9144287109375,18.592937469482422,334.76043701171875,122.92295837402344,53.78108596801758,393.1000671386719,205.53334045410156,360.2086486816406
2021-06-18,127.0565414428711,174.34500122070312,119.05531311035156,245.23687649398892,326.7902526855469,248.50631713867188,18.57450294494629,332.133544921875,119.79385375976562,53.48540496826172,387.7969970703125,207.77000427246094,355.4271545410156
2021-06-21,128.84854125976562,172.697998046875,120.74185180664062,246.07102450049996,329.3974304199219,251.5715789794922,18.36372947692871,334.1977233886719,120.10919189453125,53.79182815551758,393.3486328125,206.94332885742188,360.4035949707031
2021-06-22,130.48472595214844,175.27200317382812,121.25530242919922,249.32900059578648,336.0787353515625,254.330322265625,18.821643829345703,337.31298828125,120.89511108398438,54.37061309814453,395.4515380859375,207.90333557128906,362.316162109375
2021-06-23,130.21200561523438,175.1909942626953,121.05360412597656,251.50863314579524,337.6250915527344,254.10040283203125,18.991559982299805,337.47796630859375,121.50638580322266,54.66188430786133,394.9749450683594,218.85667419433594,361.92626953125
2021-06-24,129.92959594726562,172.45399475097656,121.4233169555664,252.99649612340755,340.1925964355469,255.46055603027344,19.139299392700195,339.5645446777344,123.49057006835938,55.12813186645508,397.31158447265625,226.60667419433594,363.9966735839844
2021-06-25,129.63742065429688,170.072998046875,121.4317398071289,251.25073708824485,338.3983459472656,253.8608856201172,18.96540069580078,339.147216796875,123.00543975830078,55.069496154785156,398.7228088378906,223.9566650390625,365.3429260253906
2021-06-28,131.26382446289062,172.1945037841797,121.45899963378906,256.8577853104275,352.54412841796875,257.4051513671875,19.916109085083008,343.27178955078125,125.989013671875,55.83268356323242,399.526611328125,229.57333374023438,366.10430908203125
2021-06-29,132.77342224121094,172.40699768066406,121.19780731201172,256.87776335116683,348.8268127441406,259.9722595214844,19.957719802856445,344.51397705078125,127.08541870117188,56.11357498168945,399.7415771484375,226.9199981689453,366.2654113769531
2021-06-30,133.3870086669922,172.00799560546875,121.01642608642578,256.3024069880415,344.68310546875,259.4933776855469,19.933551788330078,343.970458984375,127.22123718261719,56.11830520629883,400.07806396484375,226.56666564941406,366.600830078125
2021-07-01,133.68890380859375,171.64849853515625,121.3683090209961,257.50082084172107,351.3049621582031,260.1637268066406,20.14232635498047,344.1064147949219,125.34378814697266,56.06534957885742,402.29302978515625,225.97332763671875,368.6689147949219
2021-07-02,136.3087158203125,175.5489959716797,124.15657043457031,261.30800634248476,351.6123046875,265.9591064453125,20.4163818359375,348.05633544921875,126.03752136230469,56.724517822265625,405.3680114746094,226.3000030517578,371.4730529785156
2021-07-06,138.3149871826172,183.78700256347656,125.08089447021484,263.0094743000276,349.708984375,265.96868896484375,20.62715721130371,349.5605773925781,125.99871826171875,56.907039642333984,404.6297302246094,219.86000061035156,370.7743225097656
2021-07-07,140.79847717285156,184.82899475097656,125.36238098144531,262.60134676454186,347.43896484375,268.14312744140625,20.301528930664062,350.2981262207031,124.25222778320312,57.06497573852539,406.0597229003906,214.88333129882812,372.0505676269531
2021-07-08,139.50314331054688,186.57049560546875,123.94495391845703,260.94228936142673,342.64105224609375,265.7388000488281,19.834142684936523,348.1824035644531,122.5882339477539,56.599674224853516,402.7510986328125,217.60333251953125,369.088134765625
2021-07-09,141.32435607910156,185.9669952392578,124.41529083251953,262.54680440929735,347.36956787109375,266.2368469238281,19.981138229370117,350.3563537597656,124.67914581298828,57.116981506347656,407.0503845214844,218.98333740234375,372.9822692871094
2021-07-12,140.73028564453125,185.92750549316406,125.8594741821289,265.5322682966562,350.0857238769531,265.64306640625,20.441795349121094,351.7248229980469,126.31403350830078,57.47163009643555,408.5084228515625,228.56666564941406,374.33306884765625
2021-07-13,141.84056091308594,183.8679962158203,126.22225952148438,264.4716657764859,349.0249938964844,269.1489562988281,20.18020248413086,351.7248229980469,126.0423812866211,57.256004333496094,407.11578369140625,222.84666442871094,373.0660095214844
2021-07-14,145.25892639160156,184.08399963378906,127.1098861694336,263.8005064100953,344.60382080078125,270.6145324707031,19.773107528686523,352.3555908203125,125.76583862304688,57.167110443115234,407.72332763671875,217.7933349609375,373.5784606933594
2021-07-15,144.6064453125,181.55999755859375,125.88871002197266,260.3886295026547,341.46142578125,269.19683837890625,18.9008731842041,349.8808288574219,122.3165512084961,56.69329833984375,406.3307800292969,216.86666870117188,372.37664794921875
2021-07-16,142.57095336914062,178.68150329589844,125.8540267944336,256.9274702156252,338.190185546875,268.9285583496094,18.09839630126953,347.0469970703125,119.75505065917969,56.108848571777344,403.1436462402344,214.74000549316406,369.4794006347656
2021-07-19,138.7337646484375,177.47950744628906,123.48303985595703,255.42383129363094,334.016845703125,265.3461608886719,18.715017318725586,344.20343017578125,119.73078918457031,55.75988006591797,397.1900329589844,215.4066619873047,363.9551086425781
2021-07-20,142.3372344970703,178.6595001220703,125.10022735595703,258.38679151192576,338.6858215332031,267.5587463378906,18.547847747802734,348.2018737792969,121.1958999633789,56.59211349487305,402.8820495605469,220.1666717529297,369.0974426269531
2021-07-21,141.6067657470703,179.25999450683594,126.42794036865234,260.7732582047372,343.216064453125,269.55120849609375,19.343088150024414,350.89013671875,124.67914581298828,56.902305603027344,406.1437683105469,218.42999267578125,372.1997375488281
2021-07-22,142.9702606201172,181.90150451660156,127.29275512695312,263.10729039111044,348.1328430175781,274.0916748046875,19.52646255493164,353.2095947265625,123.92719268798828,57.29667282104492,406.9942321777344,216.4199981689453,372.9915466308594
2021-07-23,144.68435668945312,182.83200073242188,131.84588623046875,267.1395586112486,366.5709228515625,277.4729919433594,19.490585327148438,357.334228515625,124.82954406738281,57.87828826904297,411.1814270019531,214.4600067138672,376.7178955078125
2021-07-26,145.10313415527344,184.99099731445312,132.85694885253906,268.5167264449951,369.21771240234375,276.8791809082031,19.227495193481445,357.6156311035156,124.68885040283203,57.81494140625,412.1908264160156,219.2066650390625,377.67742919921875
2021-07-27,142.9410858154297,181.3195037841797,130.74066162109375,264.8408575289195,364.6081848144531,274.4748229980469,19.14179039001465,353.67547607421875,122.48634338378906,57.19737243652344,410.3122253417969,214.92666625976562,376.0005187988281
2021-07-28,141.19778442382812,181.51600646972656,134.8978271484375,266.85401702596096,370.0305480957031,274.1682434082031,19.435771942138672,355.0340881347656,124.6742935180664,57.39029312133789,410.14404296875,215.66000366210938,375.7956237792969
2021-07-29,141.84056091308594,179.99600219726562,134.58412170410156,267.2294445947489,355.2007751464844,274.4364929199219,19.594226837158203,355.6650085449219,127.01263427734375,57.82060241699219,411.84503173828125,225.78334045410156,377.41656494140625
2021-07-30,142.05479431152344,166.37950134277344,133.5423583984375,263.91525894085635,353.1983642578125,272.91351318359375,19.43178939819336,353.8113098144531,127.65787506103516,57.368553161621094,409.8449401855469,229.06666564941406,375.5719909667969
2021-08-02,141.7236785888672,166.57400512695312,133.6692352294922,265.15315408922527,348.8861999511719,272.8272399902344,19.681922912597656,353.8404541015625,128.56021118164062,57.537841796875,408.98504638671875,236.55667114257812,374.80810546875
2021-08-03,143.5156707763672,168.31199645996094,134.43792724609375,266.6030400349575,348.18243408203125,275.0303955078125,19.746702194213867,355.9851379394531,129.72451782226562,58.06744384765625,412.3123779296875,236.5800018310547,377.8357849121094
2021-08-04,143.1163330078125,167.73599243164062,133.93785095214844,267.92245151408486,355.7955017089844,274.4460754394531,20.204118728637695,356.4995422363281,131.14112854003906,58.02015686035156,410.28424072265625,236.97332763671875,376.0284729003906
2021-08-05,143.22349548339844,168.79949951171875,135.05397033691406,270.23174488934114,359.810302734375,277.3292541503906,20.56586265563965,358.76080322265625,130.9955596923828,58.38520050048828,412.88250732421875,238.2100067138672,378.3761901855469
2021-08-06,142.54075622558594,167.2469940185547,134.54547119140625,268.2508653461606,360.3455505371094,277.2718505859375,20.29579734802246,357.1885070800781,130.29214477539062,58.06744384765625,413.5647277832031,233.03334045410156,379.02825927734375
2021-08-09,142.49195861816406,167.093505859375,135.7095947265625,268.8542547423898,358.46209716796875,276.189453125,20.225046157836914,357.8485412597656,129.899169921875,58.11284255981445,413.2283020019531,237.9199981689453,378.6649475097656
2021-08-10,142.0140380859375,166.03399658203125,135.6045684814453,267.26717573938447,357.986328125,274.3789978027344,19.86728858947754,356.0142822265625,128.2351837158203,57.856536865234375,413.7423095703125,236.663330078125,379.14013671875
2021-08-11,142.26763916015625,164.60549926757812,135.08119201660156,266.2331872432505,356.8265075683594,274.8675842285156,19.631101608276367,355.4028015136719,127.89558410644531,57.842350006103516,414.7704162597656,235.94000244140625,380.0530090332031
2021-08-12,145.22299194335938,165.1750030517578,135.98814392089844,269.246593056755,359.4930419921875,277.6071472167969,19.836389541625977,356.6839294433594,126.4983901977539,58.137413024902344,416.0135192871094,240.75,381.1616516113281
2021-08-13,145.4278564453125,164.69850158691406,136.5169677734375,270.0754896066818,360.01849365234375,280.5191955566406,20.1184139251709,357.935791015625,127.32313537597656,58.36061096191406,416.77056884765625,239.05667114257812,381.9161682128906
2021-08-16,147.39808654785156,164.94949340820312,137.09384155273438,269.28705806344544,363.36907958984375,282.1954650878906,19.8812313079834,358.09112548828125,126.77493286132812,58.407901763916016,417.7518310546875,228.72332763671875,382.8291015625
2021-08-17,146.4909210205078,162.09800720214844,135.46034240722656,264.7814826579568,355.3297119140625,280.7393493652344,19.390928268432617,354.93701171875,124.37350463867188,57.60403823852539,415.0134582519531,221.90333557128906,380.30450439453125
2021-08-18,142.75534057617188,160.06100463867188,134.25851440429688,262.96813227058345,352.3557434082031,279.0215759277344,18.9743709564209,351.5209655761719,122.7677230834961,57.06497573852539,410.4710998535156,229.663330078125,376.21484375
2021-08-19,143.08692932128906,159.3874969482422,134.4874725341797,264.3563180601862,352.0286560058594,284.81829833984375,19.72975730895996,353.2192687988281,123.84471130371094,57.42245101928711,411.1067199707031,224.49000549316406,376.745849609375
2021-08-20,144.54022216796875,159.99749755859375,136.22161865234375,269.11180851047567,356.24163818359375,292.1026306152344,20.744243621826172,356.8780822753906,124.37836456298828,58.12323760986328,414.3778991699219,226.75332641601562,379.72698974609375
2021-08-23,146.0227813720703,163.2935028076172,138.81063842773438,275.07195995938497,360.1869812011719,292.3809509277344,21.88231086730957,362.21575927734375,127.95379638671875,58.871307373046875,418.0230407714844,235.43333435058594,383.090087890625
2021-08-24,145.9350128173828,165.28900146484375,140.01992797851562,275.6691956340734,362.32818603515625,290.4325866699219,21.71788215637207,363.322021484375,128.04110717773438,58.93749237060547,418.6865234375,236.163330078125,383.695556640625
2021-08-25,144.7060546875,164.95899963378906,140.83021545410156,276.62736114287986,365.1831359863281,289.8472595214844,22.136432647705078,363.7394104003906,129.43344116210938,59.14271926879883,419.56512451171875,237.06666564941406,384.403564453125
2021-08-26,143.90628051757812,165.8000030517578,140.1973419189453,274.80473369735574,361.2079772949219,287.04486083984375,21.99193000793457,361.4295349121094,129.63235473632812,58.72945022583008,417.0882873535156,233.72000122070312,382.15838623046875
2021-08-27,144.94017028808594,167.48150634765625,142.7383270263672,278.7808835301715,369.3862609863281,287.6494445800781,22.557973861694336,364.94281005859375,131.9755401611328,59.36685562133789,420.8174743652344,237.30667114257812,385.5494079589844
2021-08-30,149.34884643554688,171.07850646972656,143.3196258544922,283.5360707922026,377.3462829589844,291.36358642578125,22.609792709350586,369.0382385253906,132.39276123046875,60.14046096801758,422.6680603027344,243.6366729736328,387.3194885253906
2021-08-31,148.09059143066406,173.5395050048828,143.4257049560547,283.1757791277794,376.07745361328125,289.7224426269531,22.311771392822266,368.7374267578125,131.38851928710938,60.00334167480469,422.0418701171875,245.24000549316406,386.6580505371094
2021-09-01,148.75384521484375,173.9499969482422,143.9391632080078,283.88705177436935,378.7242126464844,289.6744079589844,22.367591857910156,369.348876953125,131.1847686767578,59.939971923828125,422.26617431640625,244.69667053222656,387.06793212890625
2021-09-02,149.8657684326172,173.156005859375,142.0276336669922,282.48126168940905,372.0131530761719,289.0218811035156,22.322738647460938,369.1741943359375,131.50497436523438,60.09128952026367,423.56536865234375,244.1300048828125,388.2230529785156
2021-09-03,150.49978637695312,173.90249633789062,142.4761199951172,283.92788006273133,372.984619140625,289.0123596191406,22.768274307250977,370.3096008300781,132.58197021484375,60.392024993896484,423.4625244140625,244.52333068847656,388.0740661621094
2021-09-07,152.8309326171875,175.46449279785156,143.01239013671875,286.33051950632716,378.8530578613281,288.0909118652344,22.587867736816406,370.8336181640625,132.31028747558594,60.40243148803711,421.9483947753906,250.97332763671875,386.63934326171875
2021-09-08,151.28982543945312,176.27499389648438,142.42803955078125,284.91914376661555,374.2831726074219,288.11968994140625,22.26592445373535,369.5429382324219,130.56381225585938,60.1432991027832,421.434326171875,251.2899932861328,386.2668151855469
2021-09-09,150.27542114257812,174.20799255371094,142.2793731689453,283.5297821409446,374.70941162109375,285.2789306640625,22.104454040527344,368.2716369628906,131.10227966308594,59.76313400268555,419.6304931640625,251.6199951171875,384.5340270996094
2021-09-10,145.30104064941406,173.45750427246094,139.6378173828125,280.67887549231875,375.3935241699219,283.8009338378906,22.404468536376953,365.4765930175781,132.09197998046875,59.44346237182617,416.3218688964844,245.42333984375,381.5621643066406
2021-09-13,145.86672973632812,172.85850524902344,141.0814971923828,280.8387868698288,373.23248291015625,285.0294189453125,22.079532623291016,365.2242126464844,133.0816650390625,59.19758224487305,417.3873596191406,247.6666717529297,382.4565124511719
2021-09-14,144.4719696044922,172.5,141.2916259765625,281.0555274408117,373.25225830078125,287.716552734375,22.169239044189453,364.1858215332031,133.16897583007812,59.116249084472656,415.1348571777344,248.163330078125,380.4721984863281
2021-09-15,145.3595733642578,173.7895050048828,143.16006469726562,283.3189670214901,370.6650085449219,292.5440979003906,22.267919540405273,366.8935241699219,133.63470458984375,59.627872467041016,418.6024169921875,251.94332885742188,383.6490173339844
2021-09-16,145.12548828125,174.41200256347656,142.3477783203125,283.011880753268,369.8124694824219,292.92791748046875,22.169239044189453,367.1458435058594,133.82875061035156,59.63544845581055,417.9388427734375,252.3300018310547,382.9875793457031
2021-09-17,142.46270751953125,173.12600708007812,139.56246948242188,279.08021356070935,361.54510498046875,287.7934265136719,21.8283634185791,362.79803466796875,131.4709930419922,59.14651107788086,413.86761474609375,253.163330078125,379.2331237792969
2021-09-20,139.4195556640625,167.7864990234375,137.50025939941406,271.7114588273723,352.6036376953125,282.4477233886719,21.04393768310547,355.3014221191406,128.26913452148438,57.925575256347656,406.9667663574219,243.38999938964844,373.0380554199219
2021-09-21,139.89747619628906,167.18150329589844,137.81100463867188,272.78657251076896,354.3680725097656,282.92755126953125,21.176498413085938,355.7386474609375,128.54080200195312,58.01259231567383,406.58233642578125,246.4600067138672,372.6748046875
2021-09-22,142.25787353515625,169.00250244140625,139.0504913330078,275.0998706356026,340.2223205566406,286.5552978515625,21.869220733642578,359.0614013671875,130.8597412109375,58.78050994873047,410.5484924316406,250.64666748046875,376.2707214355469
2021-09-23,143.21376037597656,170.8000030517578,139.9748077392578,277.54495470167353,342.9483947753906,287.49591064453125,22.408456802368164,362.37445068359375,132.50433349609375,59.85201644897461,415.5365905761719,251.2133331298828,380.8169250488281
2021-09-24,143.301513671875,171.2760009765625,140.9650421142578,279.1191532773883,349.8874816894531,287.2944030761719,22.008764266967773,362.7144470214844,132.1453399658203,59.63734436035156,416.2211608886719,258.1300048828125,381.4504089355469
2021-09-27,141.7897186279297,170.2899932861328,139.8320770263672,277.64207954441315,350.5020446777344,282.322998046875,21.589147567749023,359.8192138671875,131.67477416992188,59.585323333740234,415.0303649902344,263.78668212890625,380.3697204589844
2021-09-28,138.41494750976562,165.79800415039062,134.63616943359375,268.84017498193765,337.6845703125,272.101806640625,20.63129425048828,349.6371765136719,126.37225341796875,58.18754577636719,406.66668701171875,259.1866760253906,372.7679443359375
2021-09-29,139.31231689453125,165.05599975585938,133.172607421875,268.2951007886115,336.6536560058594,272.5625305175781,20.44988441467285,349.06396484375,124.46568298339844,57.87828826904297,407.3511657714844,260.4366760253906,373.3549499511719
2021-09-30,138.01499938964844,164.2519989013672,132.5010986328125,267.3384295155716,336.43560791015625,270.5662536621094,20.648231506347656,347.7815246582031,124.32499694824219,57.129276275634766,402.3724060058594,258.49334716796875,368.6256103515625
2021-10-01,139.13670349121094,164.16299438476562,135.34288024902344,269.86237581922546,340.0240783691406,277.4571228027344,20.674148559570312,349.9383544921875,124.43172454833984,57.7544059753418,407.1542663574219,258.40667724609375,373.037109375
2021-10-04,135.71311950683594,159.48899841308594,132.48471069335938,262.7538597892976,323.3901062011719,271.7083740234375,19.667451858520508,342.5933532714844,121.1910400390625,56.970401763916016,401.9035339355469,260.510009765625,368.4480285644531
2021-10-05,137.63458251953125,161.0500030517578,134.8274383544922,267.1625540758951,330.0615539550781,277.1309509277344,20.384105682373047,347.218017578125,122.89385986328125,57.8026237487793,406.0853576660156,260.1966552734375,372.0277404785156
2021-10-06,138.50270080566406,163.10049438476562,136.3559112548828,269.54506641109657,330.7356262207031,281.3056640625,20.632291793823242,349.44287109375,123.26740264892578,57.641868591308594,407.7731018066406,260.9166564941406,373.6820983886719
2021-10-07,139.7609100341797,165.1215057373047,138.00132751464844,271.78696407948195,326.3540954589844,282.97564697265625,21.006061553955078,352.6490173339844,124.80043029785156,58.34737014770508,411.29852294921875,264.53668212890625,376.8971862792969
2021-10-08,139.38055419921875,164.43099975585938,138.55690002441406,270.92633377142465,327.1768493652344,282.97564697265625,20.762859344482422,350.8905334472656,123.58760070800781,58.30291748046875,410.5484924316406,261.8299865722656,376.1868591308594
2021-10-11,139.29275512695312,162.31500244140625,137.6930694580078,269.6069222742223,322.616943359375,282.3806457519531,20.627304077148438,348.19927978515625,122.8501968383789,57.879234313964844,407.5762023925781,263.9800109863281,373.4483642578125
2021-10-12,138.0247802734375,162.3665008544922,135.2497100830078,268.8350447639922,320.9515686035156,281.0849304199219,20.60338020324707,346.98480224609375,121.60826110839844,57.77332305908203,406.5729675292969,268.5733337402344,372.70068359375
2021-10-13,137.4395751953125,164.21400451660156,136.37277221679688,270.7226229387549,321.71484375,284.3768005371094,20.87050437927246,349.76348876953125,122.64643096923828,58.01069641113281,408.0356140136719,270.3599853515625,373.89703369140625
2021-10-14,140.2193603515625,164.9929962158203,139.91036987304688,275.8433506742186,325.6700744628906,290.5574645996094,21.67486572265625,356.2049865722656,126.32859802246094,59.054779052734375,414.8990478515625,272.7733459472656,380.1778564453125
2021-10-15,141.27276611328125,170.4510040283203,140.12547302246094,278.64149550076394,321.9329528808594,291.95867919921875,21.790483474731445,358.4492492675781,127.38618469238281,59.557899475097656,418.058837890625,281.010009765625,383.140625
2021-10-18,142.94064331054688,172.33700561523438,141.52310180664062,283.5828513999551,332.4208068847656,294.9145812988281,22.149303436279297,362.0537109375,128.39041137695312,59.968345642089844,419.2964782714844,290.03668212890625,384.30902099609375
2021-10-19,145.0962371826172,172.20750427246094,141.97804260253906,284.831330385295,337.0303955078125,295.8167419433594,22.217084884643555,364.7935791015625,129.8603515625,60.203826904296875,422.53131103515625,288.0899963378906,387.2998352050781
2021-10-20,145.5839080810547,170.7530059814453,140.52296447753906,283.9243551475298,337.8134765625,295.02978515625,22.03069496154785,364.3175048828125,129.28790283203125,60.308799743652344,424.19091796875,288.6000061035156,388.80462646484375
2021-10-21,145.7984619140625,171.75050354003906,140.63893127441406,287.2294359485974,338.9039001464844,298.24481201171875,22.617769241333008,366.5424499511719,130.7626953125,60.486602783203125,425.2973327636719,298.0,389.7579650878906
2021-10-22,145.02792358398438,166.77749633789062,136.35739135742188,283.0724406303746,321.78424072265625,296.7092590332031,22.651660919189453,363.4625244140625,129.60809326171875,60.45823287963867,424.85662841796875,303.2266540527344,389.365478515625
2021-10-25,144.9791717529297,166.01849365234375,136.23895263671875,289.11639980734765,325.8287353515625,295.7208251953125,23.090221405029297,367.1836242675781,130.26304626464844,60.71831130981445,427.1350402832031,341.6199951171875,391.38427734375
2021-10-26,145.6424102783203,168.80349731445312,138.0841064453125,291.71063111427117,313.06085205078125,297.62103271484375,24.636146545410156,368.3397521972656,131.00527954101562,60.727760314941406,427.5195007324219,339.4766540527344,391.7581481933594
2021-10-27,145.18402099609375,169.62449645996094,144.93235778808594,295.47678073835357,309.5020751953125,310.1551208496094,24.371009826660156,369.1948547363281,129.899169921875,60.52632141113281,425.6253967285156,345.9533386230469,390.05706787109375
2021-10-28,148.81239318847656,172.32850646972656,144.56712341308594,300.3271734969242,314.1611328125,311.28753662109375,24.85941505432129,373.2947692871094,132.37335205078125,61.12685775756836,429.7323303222656,359.0133361816406,393.8704528808594
2021-10-29,146.11062622070312,168.6215057373047,146.74478149414062,303.68265723548353,320.7532958984375,318.2647399902344,25.48336410522461,375.1310729980469,132.7517547607422,61.33964538574219,430.6042175292969,371.3333435058594,394.5714416503906
2021-11-01,145.2913055419922,165.90550231933594,142.2357635498047,306.0975236772206,327.1075134277344,316.1053771972656,25.742515563964844,376.41351318359375,134.2750701904297,61.096588134765625,431.34503173828125,402.86334228515625,395.4032287597656
2021-11-02,146.32518005371094,165.6374969482422,144.15426635742188,306.8232438892698,325.2240295410156,319.7139587402344,26.31463623046875,377.9874267578125,135.75473022460938,61.59309768676758,433.0889587402344,390.6666564941406,396.9360656738281
2021-11-03,147.75897216796875,169.1999969482422,145.3095245361328,311.0267542932073,328.73321533203125,320.54888916015625,26.51099395751953,382.0,137.09852600097656,61.735897064208984,435.73309326171875,404.6199951171875,399.3288269042969
2021-11-04,147.24203491210938,173.85000610351562,146.96432495117188,319.4279422420872,332.9264221191406,322.8906555175781,29.70351791381836,386.8966979980469,142.77459716796875,61.56094741821289,437.78643798828125,409.9700012207031,401.1981506347656
2021-11-05,147.7694854736328,175.94949340820312,147.54371643066406,320.62307565117163,338.16046142578125,322.5259704589844,29.654674530029297,387.2659606933594,143.89041137695312,61.618629455566406,439.30535888671875,407.36334228515625,402.562744140625
2021-11-08,146.94895935058594,174.44900512695312,147.7211151123047,319.2255841051187,335.67230224609375,323.4184265136719,30.70323944091797,386.74127197265625,146.4810028076172,61.897621154785156,439.6804504394531,387.64666748046875,403.0487976074219
2021-11-09,147.31044006347656,178.81149291992188,147.60964965820312,314.17970595548536,332.4505920410156,322.42041015625,30.55671501159668,384.07916259765625,146.67506408691406,61.803977966308594,438.2271728515625,341.1666564941406,401.6374206542969
2021-11-10,144.48748779296875,174.1024932861328,144.61117553710938,309.6986550863332,324.78790283203125,317.4777526855469,29.362632751464844,378.4344177246094,142.04690551757812,61.1164436340332,434.70172119140625,355.98333740234375,398.403564453125
2021-11-11,144.43861389160156,173.625,144.4853057861328,310.969606867092,324.886962890625,319.0421142578125,30.290584564208984,379.4836730957031,144.6035614013672,61.2923469543457,434.8423767089844,354.5033264160156,398.5343322753906
2021-11-12,146.50946044921875,176.25750732421875,147.37123107910156,314.2662514190868,337.9224853515625,323.15936279296875,30.290584564208984,383.476806640625,146.07350158691406,61.94963455200195,438.1240234375,344.47332763671875,401.4971923828125
2021-11-15,146.51922607421875,177.28399658203125,147.14723205566406,313.84484728595686,344.5343933105469,322.5354919433594,29.926780700683594,383.3893737792969,145.87945556640625,61.826690673828125,438.2740478515625,337.7966613769531,401.6841735839844
2021-11-16,147.4959716796875,177.03500366210938,146.57627868652344,315.86712931584447,339.9744567871094,325.8370361328125,30.104198455810547,386.1194152832031,147.77146911621094,62.028141021728516,440.0086975097656,351.57666015625,403.217041015625
2021-11-17,149.92820739746094,177.4499969482422,146.74575805664062,316.57087775374004,337.80352783203125,326.0581970214844,29.1652774810791,386.3234558105469,146.8933868408203,61.698081970214844,438.9397888183594,363.0033264160156,402.24493408203125
2021-11-18,154.20654296875,184.80299377441406,148.5215301513672,324.3303229946571,335.7416687011719,328.1253356933594,31.571380615234375,390.3262939453125,150.50762939453125,61.742523193359375,440.4305725097656,365.4599914550781,403.63751220703125
2021-11-19,156.82440185546875,183.82850646972656,147.61752319335938,329.37995486035635,342.29412841796875,329.8944091796875,32.877098083496094,392.50262451171875,151.45849609375,61.54297637939453,439.64300537109375,379.0199890136719,402.8804931640625
2021-11-22,157.283447265625,178.6284942626953,145.01611328125,325.67489206575715,338.0414733886719,326.74078369140625,31.851463317871094,387.9459228515625,149.1735076904297,61.64415740966797,438.4053039550781,385.6233215332031,401.81494140625
2021-11-23,157.66441345214844,179.0019989013672,144.50071716308594,322.682491454314,334.3142395019531,324.673583984375,31.642148971557617,386.17779541015625,148.0916748046875,61.76049041748047,438.9866027832031,369.6766662597656,402.3384094238281
2021-11-24,158.18211364746094,179.02049255371094,144.83567810058594,325.13488324949316,338.0910339355469,324.894775390625,32.56711196899414,387.4213562011719,149.58587646484375,61.803977966308594,440.1587219238281,372.0,403.3291015625
2021-11-26,153.17115783691406,175.22799682617188,140.93328857421875,316.1323995321362,330.22015380859375,316.9817199707031,31.399944305419922,380.0763244628906,145.248779296875,60.42702102661133,430.3417053222656,360.6400146484375,394.552734375
2021-11-29,156.52159118652344,178.07850646972656,144.25137329101562,325.5197198726614,335.0873718261719,323.6639709472656,33.266815185546875,388.3248291015625,151.080078125,61.26396560668945,435.62060546875,378.9966735839844,399.3194580078125
2021-11-30,161.46414184570312,175.35350036621094,140.65032958984375,321.75697325459964,321.635498046875,317.8567199707031,32.56910705566406,382.6218566894531,147.91700744628906,59.55412292480469,427.1444396972656,381.586669921875,391.67401123046875
2021-12-01,160.94644165039062,172.18600463867188,139.81178283691406,314.7325587495807,307.89617919921875,317.3664245605469,31.33600425720215,376.1122741699219,147.39306640625,58.7389030456543,422.40008544921875,365.0,387.1690673828125
2021-12-02,159.9598846435547,171.8679962158203,141.70945739746094,315.434731572231,307.6880798339844,316.7990417480469,32.02483367919922,378.8230285644531,147.77630615234375,60.035491943359375,428.86962890625,361.5333251953125,393.0760498046875
2021-12-03,158.08444213867188,169.489501953125,140.75340270996094,307.6741805034327,304.16888427734375,310.568603515625,30.596342086791992,372.2357482910156,146.09774780273438,59.50493240356445,425.1379699707031,338.3233337402344,389.59912109375
2021-12-06,161.4836883544922,171.36849975585938,141.8967742919922,310.27885768385823,315.1029357910156,313.626220703125,29.942415237426758,375.2185363769531,145.5398712158203,59.968345642089844,430.1729736328125,336.336669921875,394.253662109375
2021-12-07,167.2077178955078,176.1645050048828,145.97512817382812,321.64415781754064,319.9999084472656,322.0198974609375,32.32487106323242,386.5177917480469,152.59852600097656,61.357608795166016,439.071044921875,350.5833435058594,402.3570556640625
2021-12-08,171.0172119140625,176.1580047607422,146.884033203125,323.9857097132206,327.6824645996094,322.06805419921875,31.725772857666016,388.2471923828125,151.9387664794922,61.42287063598633,440.2337341308594,356.32000732421875,403.488037109375
2021-12-09,170.50930786132812,174.17100524902344,146.3408660888672,318.02883005982255,326.9488830566406,320.2699890136719,30.39398193359375,382.53436279296875,148.26144409179688,61.02566146850586,437.2613830566406,334.6000061035156,400.7401428222656
2021-12-10,175.28579711914062,172.21200561523438,146.70066833496094,320.3438499864217,326.8794860839844,329.3464050292969,30.1029052734375,386.69268798828125,149.20260620117188,61.42096710205078,441.3775329589844,339.010009765625,404.5628356933594
2021-12-13,171.6619415283203,169.5675048828125,144.5447998046875,312.89605853712635,331.57818603515625,326.3273620605469,28.07231330871582,381.106201171875,145.3312530517578,60.66250228881836,437.4676818847656,322.13665771484375,400.9737854003906
2021-12-14,170.2845916748047,169.0915069580078,142.64215087890625,310.1806878812952,330.8348083496094,315.693359375,28.24776268005371,377.16168212890625,144.4919891357422,60.23503112792969,434.4579162597656,319.5033264160156,398.24462890625
2021-12-15,175.1392822265625,173.31500244140625,145.15386962890625,319.36046839257574,338.6858215332031,321.7602233886719,30.36307144165039,385.760009765625,150.46881103515625,60.90934371948242,441.246337890625,325.3299865722656,404.4693603515625
2021-12-16,168.26263427734375,168.87100219726562,143.17544555664062,308.14825674942637,331.984619140625,312.3858337402344,28.297603607177734,375.84033203125,143.92921447753906,60.74856948852539,437.355224609375,308.97332763671875,400.8148498535156
2021-12-17,167.1686553955078,170.0175018310547,140.47933959960938,306.39661134122014,330.8843078613281,311.32818603515625,27.713451385498047,373.9652099609375,143.2548828125,59.747047424316406,432.700439453125,310.8566589355469,396.65576171875
2021-12-20,165.81092834472656,167.07899475097656,140.3623809814453,301.96803264009185,322.616943359375,307.5880126953125,27.63170623779297,370.3376159667969,142.178466796875,58.66865921020508,428.099365234375,299.9800109863281,392.36566162109375
2021-12-21,168.97572326660156,170.41700744628906,142.21148681640625,310.3366289360132,331.290771484375,314.683837890625,28.983442306518555,378.6258239746094,147.31427001953125,59.84843826293945,435.7020568847656,312.84332275390625,399.32904052734375
2021-12-22,171.564208984375,171.03700256347656,145.12811279296875,316.20762431771226,327.5733947753906,320.3661804199219,29.307411193847656,383.2369689941406,149.0652313232422,60.339298248291016,440.05841064453125,336.2900085449219,403.3627624511719
2021-12-23,172.18934631347656,171.06849670410156,145.62521362304688,320.3636092410238,332.3216857910156,321.7987976074219,29.54665756225586,386.126220703125,150.34796142578125,60.80647277832031,442.7965393066406,355.6666564941406,405.8486328125
2021-12-27,176.14535522460938,169.66949462890625,146.6064910888672,327.07434897663967,343.1664123535156,329.25994873046875,30.84754753112793,392.5077819824219,154.39613342285156,61.41958236694336,449.0630187988281,364.64666748046875,411.63653564453125
2021-12-28,175.1295166015625,170.66099548339844,145.39772033691406,325.3600307976623,343.20611572265625,328.10614013671875,30.226511001586914,390.6886901855469,152.87440490722656,61.242374420166016,448.6960754394531,362.8233337402344,411.3269958496094
2021-12-29,175.21742248535156,169.2010040283203,145.3660125732422,324.0411633758648,339.95465087890625,328.77911376953125,29.906518936157227,390.63031005859375,152.8500213623047,61.44233322143555,449.2700500488281,362.0633239746094,411.8241271972656
2021-12-30,174.06480407714844,168.64450073242188,144.91546630859375,321.9607290530114,341.3622741699219,326.25048828125,29.492830276489258,389.462890625,151.1136932373047,61.270809173583984,448.02801513671875,356.7799987792969,410.6608581542969
2021-12-31,173.4494171142578,166.7169952392578,143.578857421875,318.51695534838825,333.42205810546875,323.3659973144531,29.318378448486328,387.03094482421875,150.60646057128906,61.14003372192383,446.89892578125,352.260009765625,409.53521728515625
2022-01-03,177.78643798828125,170.4044952392578,143.71713256835938,328.04452910189883,335.593017578125,321.8564147949219,30.02614402770996,390.75677490234375,153.9279022216797,61.1371955871582,449.4864196777344,399.9266662597656,412.0492858886719
2022-01-04,175.5299835205078,167.52200317382812,143.13034057617188,322.13052961859097,333.6004943847656,316.3375244140625,29.19776153564453,385.6884460449219,153.12802124023438,62.09143829345703,449.3358459472656,383.1966552734375,411.88037109375
2022-01-05,170.86090087890625,164.35699462890625,136.56405639648438,309.35950377437655,321.3481140136719,304.1940002441406,27.517066955566406,373.83966064453125,147.87515258789062,60.574310302734375,440.707763671875,362.7066650390625,403.9912109375
2022-01-06,168.00868225097656,163.25399780273438,136.53677368164062,309.06507696069906,329.5658874511719,301.7903137207031,28.089263916015625,373.5770263671875,149.34323120117188,60.798892974853516,440.293701171875,354.8999938964844,403.4471740722656
2022-01-07,168.17471313476562,162.5540008544922,135.81271362304688,305.59496752368494,328.9017639160156,301.9441833496094,27.161197662353516,369.5301208496094,144.80245971679688,60.7003288269043,438.552978515625,342.32000732421875,402.0494384765625
2022-01-10,168.19427490234375,161.48599243164062,137.45068359375,306.9519821024798,325.214111328125,302.165283203125,27.313711166381836,369.77337646484375,144.98779296875,60.48902893066406,438.0072326660156,352.7066650390625,401.52410888671875
2022-01-11,171.0172119140625,165.36199951171875,138.50782775878906,310.9464592437949,331.4592590332031,302.8479919433594,27.72939682006836,375.32818603515625,147.91416931152344,60.998844146728516,441.9967041015625,354.79998779296875,405.0419006347656
2022-01-12,171.45675659179688,165.20700073242188,140.18740844726562,313.91009941189895,330.35888671875,306.01129150390625,27.910829544067383,376.8164367675781,149.17739868164062,61.31913757324219,443.19171142578125,368.739990234375,406.2520446777344
2022-01-13,168.19427490234375,161.21400451660156,137.3689422607422,302.9537488668657,323.6379699707031,293.0600280761719,26.491313934326172,367.3900451660156,146.58267211914062,60.616004943847656,437.0851135253906,343.85333251953125,400.6517333984375
2022-01-14,169.05384826660156,162.13800048828125,138.2545928955078,306.54223449805966,329.01080322265625,298.2520751953125,26.857154846191406,369.6761169433594,149.6895294189453,60.43122482299805,437.263916015625,349.8699951171875,400.7736511230469
2022-01-18,165.85977172851562,158.91749572753906,134.80267333984375,298.3858613094783,315.3804626464844,290.9927978515625,25.821426391601562,360.4733581542969,142.99298095703125,58.89229202270508,429.5201110839844,343.5033264160156,393.7474060058594
2022-01-19,162.37258911132812,156.2989959716797,133.9289093017578,293.98199174328823,316.80792236328125,291.6466369628906,24.988059997558594,356.5140380859375,139.0423583984375,58.065975189208984,425.0601806640625,331.8833312988281,389.6104736328125
2022-01-20,160.69248962402344,151.66749572753906,132.13580322265625,289.592782155606,313.80426025390625,289.98333740234375,24.07394790649414,351.8834228515625,134.7844696044922,57.26428985595703,420.3555603027344,332.0899963378906,385.32354736328125
2022-01-21,158.6412353515625,142.64300537109375,129.20579528808594,279.6677618165659,300.5308532714844,284.6278381347656,23.300392150878906,342.1261901855469,132.5408935546875,56.2096061706543,412.1037902832031,314.6333312988281,377.7532653808594
2022-01-24,157.86949157714844,144.54400634765625,129.6543426513672,280.32874157803576,306.02264404296875,284.9546813964844,23.298398971557617,343.69244384765625,134.2382049560547,56.40196228027344,413.8539123535156,310.0,379.3292541503906
2022-01-25,156.07228088378906,139.98599243164062,125.8193359375,272.9550568749657,297.5372314453125,277.3782653808594,22.253698348999023,335.7251892089844,128.92193603515625,55.75759506225586,408.80108642578125,306.1333312988281,374.7232971191406
2022-01-26,155.9843292236328,138.87249755859375,128.09713745117188,275.3124068485677,292.065185546875,285.2816162109375,22.700284957885742,335.1998291015625,130.78018188476562,55.47330093383789,407.77557373046875,312.4700012207031,373.87908935546875
2022-01-27,155.5252227783203,139.6374969482422,127.87114715576172,269.78579479630594,292.0751647949219,288.29107666015625,21.874893188476562,331.8241882324219,125.1956787109375,55.285675048828125,405.76202392578125,276.3666687011719,371.984130859375
2022-01-28,166.37742614746094,143.97799682617188,132.17892456054688,279.35409666627106,299.08355712890625,296.38677978515625,22.7680721282959,342.2332763671875,127.63433837890625,56.182125091552734,415.839111328125,282.1166687011719,381.1022033691406
2022-01-31,170.72418212890625,149.57350158691406,134.11424255371094,291.54906724575005,310.53302001953125,299.0019226074219,24.408891677856445,353.1772155761719,134.32113647460938,57.24818801879883,423.3289489746094,312.239990234375,388.0721435546875
2022-02-01,170.55812072753906,151.19349670410156,136.4342041015625,293.1613182131124,316.2231140136719,296.86749267578125,24.56041145324707,355.5800476074219,134.89663696289062,57.9560546875,426.1893005371094,310.4166564941406,390.6049499511719
2022-02-02,171.75958251953125,150.6125030517578,146.6991729736328,297.48487057206887,320.1882629394531,301.3865051269531,25.162508010864258,358.4693603515625,138.3400115966797,59.12730026245117,430.329345703125,301.88665771484375,394.32904052734375
2022-02-03,168.8878173828125,138.8455047607422,141.83233642578125,276.31361091329853,235.69029235839844,289.6467590332031,23.872581481933594,343.9356384277344,132.20436096191406,57.74757766723633,420.2144775390625,297.0466613769531,385.1640625
2022-02-04,168.60414123535156,157.63949584960938,142.0335235595703,284.1866167708849,235.0260772705078,294.1560974121094,24.242412567138672,348.2744140625,132.92132568359375,57.957950592041016,422.1904296875,307.7733459472656,386.9744567871094
2022-02-07,167.89022827148438,157.9355010986328,137.97755432128906,280.1639669023527,222.95213317871094,289.3583984375,24.650127410888672,345.47271728515625,133.13104248046875,57.57796096801758,420.8354187011719,302.4466552734375,385.6987609863281
2022-02-08,170.99061584472656,161.4134979248047,138.17376708984375,282.74144632820196,218.26329040527344,292.8292541503906,25.028934478759766,349.354248046875,135.8574676513672,58.29340362548828,424.2980651855469,307.3333435058594,388.822509765625
2022-02-09,172.4087371826172,161.1894989013672,140.34750366210938,289.7133362974566,229.98040771484375,299.22320556640625,26.62090301513672,356.7572021484375,140.5884552001953,59.35187911987305,430.5080871582031,310.6666564941406,394.5260925292969
2022-02-10,168.340087890625,159.0034942626953,137.40162658691406,282.8468690049691,226.08462524414062,290.7332458496094,25.74267578125,348.6828918457031,136.37933349609375,58.469661712646484,422.7737731933594,301.51666259765625,387.59368896484375
2022-02-11,164.93650817871094,153.2935028076172,133.10226440429688,271.9003224909111,217.6387939453125,283.6759338378906,23.873577117919922,337.6220703125,129.37066650390625,57.237762451171875,414.43731689453125,286.6666564941406,379.86395263671875
2022-02-14,165.17124938964844,155.16700744628906,134.33482360839844,273.68506017493047,215.8048858642578,283.6375427246094,24.190582275390625,338.0404052734375,129.28286743164062,56.780067443847656,413.08233642578125,291.9200134277344,378.6256408691406
2022-02-15,168.995361328125,156.510498046875,135.40780639648438,282.2319068391111,219.07615661621094,288.8968200683594,26.411561965942383,346.4454345703125,136.31594848632812,57.65092849731445,419.7439880371094,307.4766540527344,384.7044372558594
2022-02-16,168.76065063476562,158.10049438476562,136.5273895263672,282.1244526921137,214.65499877929688,288.55963134765625,26.427509307861328,346.35797119140625,136.2866668701172,57.95036697387695,420.2144775390625,307.7966613769531,385.1640625
2022-02-17,165.17124938964844,154.65249633789062,131.3740692138672,270.9435618942683,205.90188598632812,280.1099548339844,24.429824829101562,336.055908203125,130.8240966796875,56.22855758666992,411.2380676269531,292.1166687011719,376.9746398925781
2022-02-18,163.62591552734375,152.60150146484375,129.2568359375,266.5609843509312,204.36534118652344,277.4122009277344,23.567546844482422,332.2230224609375,129.37066650390625,55.742435455322266,408.5752868652344,285.6600036621094,374.5638122558594
2022-02-22,160.71139526367188,150.19749450683594,128.6725616455078,262.3481661564498,200.3208770751953,277.2099914550781,23.316341400146484,328.8863220214844,128.4829864501953,55.06488800048828,404.1907043457031,273.84332275390625,370.4644775390625
2022-02-23,156.5547332763672,144.82699584960938,126.46658325195312,253.5226935775586,196.7224578857422,270.0320739746094,22.316495895385742,320.46185302734375,125.79071044921875,54.02252197265625,397.02081298828125,254.67999267578125,363.79473876953125
2022-02-24,159.16607666015625,151.35800170898438,131.5247344970703,264.67188943232645,205.79281616210938,283.8289489746094,23.67321014404297,331.23077392578125,130.10711669921875,54.947383880615234,402.99566650390625,266.92333984375,369.3856201171875
2022-02-25,161.2297821044922,153.7884979248047,133.27767944335938,268.22773877780565,208.64773559570312,286.4496765136719,24.0809268951416,336.3670959472656,131.92147827148438,56.328060150146484,411.8873291015625,269.9566650390625,377.4530334472656
2022-02-28,161.49383544921875,153.56300354003906,133.86997985839844,271.9224534282925,209.19293212890625,287.87554931640625,24.308202743530273,337.369140625,130.78504943847656,56.080726623535156,410.83343505859375,290.1433410644531,376.5056457519531
2022-03-01,159.6160125732422,151.14199829101562,132.88319396972656,266.96787299074776,201.71856689453125,284.17584228515625,23.403064727783203,332.20355224609375,126.65887451171875,54.84218978881836,404.576416015625,288.1233215332031,370.8584289550781
2022-03-02,162.90220642089844,152.05250549316406,133.38870239257812,271.5698361931198,206.2983856201172,289.22442626953125,24.147838592529297,337.7777404785156,130.80458068847656,56.060829162597656,412.0190734863281,293.2966613769531,377.6688232421875
2022-03-03,162.57945251464844,147.89849853515625,132.72262573242188,266.1286966614375,201.20310974121094,285.1103820800781,23.643348693847656,332.95269775390625,127.98551177978516,55.79550552368164,409.9678955078125,279.7633361816406,375.7738952636719
2022-03-04,159.58665466308594,145.64100646972656,130.7471466064453,261.6664387544299,198.3184356689453,279.271728515625,22.86766815185547,328.1275329589844,124.5421142578125,54.79008102416992,406.6369934082031,279.42999267578125,372.7345886230469
2022-03-07,155.8016357421875,137.4530029296875,125.2677230834961,249.26237266117147,185.8380584716797,268.7218322753906,21.28838348388672,316.0258483886719,118.34305572509766,52.53001403808594,394.6497497558594,268.1933288574219,361.73089599609375
2022-03-08,153.98252868652344,136.01449584960938,125.9873275756836,249.97081247435227,188.6334991455078,265.7734680175781,21.44990348815918,314.5569152832031,120.12814331054688,52.55939483642578,391.65753173828125,274.79998779296875,359.0011901855469
2022-03-09,159.37149047851562,139.2790069580078,132.24734497070312,261.01755591189016,196.77206420898438,277.96142578125,22.945432662963867,325.88037109375,125.34686279296875,54.47641372680664,402.1582336425781,286.3233337402344,368.5694885253906
2022-03-10,155.0387420654297,146.8175048828125,131.2655487060547,259.2769815724587,193.51068115234375,275.15771484375,22.59049415588379,322.261474609375,122.63509368896484,54.324798583984375,400.3422546386719,279.4333190917969,366.9278564453125
2022-03-11,151.33200073242188,145.52450561523438,128.72901916503906,252.38164072998202,185.9768524169922,269.83935546875,22.034154891967773,315.578369140625,119.87940216064453,53.68136978149414,395.2519226074219,265.1166687011719,362.2469482421875
2022-03-14,147.312255859375,141.85299682617188,124.8439712524414,246.20063659266683,185.00537109375,266.34197998046875,21.266450881958008,309.5177917480469,116.41651916503906,53.18292236328125,392.3631896972656,255.4566650390625,359.60150146484375
2022-03-15,151.68408203125,147.3665008544922,128.0624542236328,256.23780295531714,190.3583526611328,276.66070556640625,22.904556274414062,319.22637939453125,121.2938232421875,54.0841064453125,400.991455078125,267.2966613769531,367.4907531738281
2022-03-16,156.08526611328125,153.10400390625,132.10903930664062,267.19290057420204,201.85739135742188,283.63623046875,24.423019409179688,331.0653381347656,127.71723175048828,55.70073318481445,409.8831481933594,280.07666015625,375.70831298828125
2022-03-17,157.0926513671875,157.23899841308594,132.66265869140625,271.3727105321884,206.0307159423828,284.4360046386719,24.69221305847168,335.07342529296875,128.51712036132812,56.3896369934082,415.0111999511719,290.5333251953125,380.3047790527344
2022-03-18,160.37884521484375,161.25050354003906,134.92904663085938,280.27631230334663,214.6054229736328,289.4556579589844,26.37418556213379,341.9316101074219,131.29229736328125,57.13637161254883,419.5567321777344,301.7966613769531,384.5074768066406
2022-03-21,161.7481231689453,161.4915008544922,134.90525817871094,280.6996805303327,209.64895629882812,288.2320556640625,26.65435218811035,340.98095703125,130.98501586914062,57.50299835205078,419.43402099609375,307.0533447265625,384.5262145996094
2022-03-22,165.11257934570312,164.88900756835938,138.63865661621094,287.9773424377268,214.7640380859375,292.9530944824219,26.444978713989258,347.68218994140625,131.88734436035156,57.918052673339844,424.3420104980469,331.32666015625,388.991455078125
2022-03-23,166.4720458984375,163.4080047607422,137.06016540527344,285.0859819494119,211.60179138183594,288.5499572753906,25.557632446289062,342.68548583984375,128.59027099609375,57.36812210083008,418.8771057128906,333.03668212890625,383.9820556640625
2022-03-24,170.2472686767578,163.64950561523438,140.3276824951172,293.43436835287633,217.6586151123047,292.9916076660156,28.066131591796875,350.3022766113281,134.84786987304688,58.252384185791016,425.1914978027344,337.97332763671875,389.6897277832031
2022-03-25,170.8829803466797,164.77349853515625,140.4278106689453,293.4627571570241,219.8890380859375,292.58697509765625,27.609495162963867,350.0101013183594,134.28697204589844,58.711143493652344,427.2679443359375,336.8800048828125,391.6662902832031
2022-03-28,171.74371337890625,168.99049377441406,140.21218872070312,300.1522762226605,221.64361572265625,299.3504943847656,28.134929656982422,355.425537109375,135.262451171875,58.665550231933594,430.3070373535156,363.9466552734375,394.3677062988281
2022-03-29,175.02989196777344,169.31500244140625,141.25296020507812,304.1933945217619,227.85903930664062,303.88848876953125,28.57062339782715,361.5424499511719,138.3205108642578,59.05497741699219,435.6303405761719,366.5233459472656,399.3562316894531
2022-03-30,173.8660430908203,166.30099487304688,140.6909637451172,300.67896313043013,225.86656188964844,302.39508056640625,27.607500076293945,357.54888916015625,134.30648803710938,58.783321380615234,432.9404602050781,364.663330078125,396.87139892578125
2022-03-31,170.77542114257812,162.99749755859375,137.84519958496094,295.1285448062411,220.42434692382812,297.0477600097656,27.204708099365234,353.1172180175781,131.58494567871094,58.07477569580078,426.27691650390625,359.20001220703125,390.7721862792969
2022-04-01,170.48202514648438,163.55999755859375,138.91867065429688,295.5404040110072,222.8926544189453,298.1172180175781,26.63241195678711,352.44512939453125,129.4535675048828,58.147911071777344,427.4849548339844,361.5299987792969,391.8545837402344
2022-04-04,174.5213165283203,168.34649658203125,141.71485900878906,304.4741689692827,231.8539581298828,303.4645690917969,27.278484344482422,359.7014465332031,131.58981323242188,58.19444274902344,431.1470947265625,381.8166809082031,395.1770935058594
2022-04-05,171.2155303955078,164.05499267578125,139.35531616210938,296.5416110781414,229.82179260253906,299.5238952636719,25.85373878479004,351.714599609375,125.91264343261719,57.6530647277832,425.701171875,363.7533264160156,390.2921447753906
2022-04-06,168.05645751953125,158.75599670410156,135.3478546142578,285.80614195530165,221.35614013671875,288.55963134765625,24.33428192138672,344.0783386230469,123.30815887451172,57.71004867553711,421.4443359375,348.586669921875,386.3388671875
2022-04-07,168.3596649169922,157.7845001220703,134.6941375732422,285.73977532877115,221.00918579101562,290.36126708984375,24.13587760925293,344.8965148925781,123.3276596069336,58.09946823120117,423.56805419921875,352.4200134277344,388.2872314453125
2022-04-08,166.35467529296875,154.4604949951172,132.1160125732422,279.8399875401558,220.39459228515625,286.1220397949219,23.050113677978516,340.0751953125,120.39640045166016,58.26282501220703,422.4353942871094,341.8299865722656,387.3460388183594
2022-04-11,162.1099853515625,151.1219940185547,127.69125366210938,269.97463854282074,214.57569885253906,274.8398132324219,21.851699829101562,332.0298767089844,117.68949890136719,57.1021728515625,415.215087890625,325.30999755859375,380.6351013183594
2022-04-12,163.97805786132812,150.78750610351562,126.59197998046875,268.86440941595964,212.27587890625,271.7567443847656,21.439929962158203,330.6272888183594,117.0554428100586,57.00719451904297,413.67657470703125,328.98333740234375,379.24200439453125
2022-04-13,166.65786743164062,155.54100036621094,128.7523193359375,274.8949535816587,213.1184844970703,277.1136169433594,22.136850357055664,337.3479919433594,119.83549499511719,57.5010871887207,418.4146728515625,340.7900085449219,383.524658203125
2022-04-14,161.66009521484375,151.7064971923828,125.61613464355469,266.74350631394174,208.35032653808594,269.6082458496094,21.194665908813477,329.6337585449219,116.1872787475586,56.99104690551758,413.2046203613281,328.3333435058594,378.865478515625
2022-04-18,161.44493103027344,152.78500366210938,126.5543212890625,269.13657250738396,208.9352264404297,270.2729187011719,21.718103408813477,329.88702392578125,118.17723083496094,56.99768829345703,413.37451171875,334.7633361816406,378.9314270019531
2022-04-19,163.7237548828125,158.11549377441406,128.86631774902344,275.21717583883225,215.4182891845703,274.8782653808594,22.131864547729492,337.26025390625,120.69391632080078,57.5960693359375,420.0474853515625,342.7166748046875,384.9835510253906
2022-04-20,163.55747985839844,153.9980010986328,126.91461181640625,267.4317012758571,198.67532348632812,275.89959716796875,21.418001174926758,332.341552734375,120.47443389892578,57.86201477050781,419.736083984375,325.73333740234375,384.6917724609375
2022-04-21,162.76527404785156,148.29600524902344,123.71746826171875,260.69945727971657,186.43284606933594,270.55230712890625,20.12286376953125,325.465087890625,117.17250061035156,56.856170654296875,413.45947265625,336.260009765625,378.9879150390625
2022-04-22,158.2369384765625,144.35000610351562,118.583984375,254.07328142646926,182.50732421875,264.02001953125,19.45686149597168,316.9424743652344,114.48509979248047,55.0316047668457,402.11456298828125,335.01666259765625,368.64373779296875
2022-04-25,159.30300903320312,146.07400512695312,121.99227905273438,257.7143075714785,185.3622283935547,270.4656677246094,19.84270668029785,321.0138244628906,116.46527862548828,55.174076080322266,404.4458312988281,332.67333984375,370.657958984375
2022-04-26,153.35655212402344,139.39100646972656,117.60714721679688,244.21944038557203,179.3748016357422,260.34918212890625,18.732019424438477,308.89715576171875,111.50018310546875,54.278411865234375,392.73272705078125,292.1400146484375,360.0596008300781
2022-04-27,153.13157653808594,138.16700744628906,113.28993225097656,242.6127894374384,173.42701721191406,272.8743896484375,18.360137939453125,308.5270080566406,110.96368408203125,54.03431701660156,393.8370666503906,293.836669921875,360.9914855957031
2022-04-28,160.04632568359375,144.59649658203125,117.48075866699219,256.37049514096077,203.9390869140625,279.0501403808594,19.723058700561523,319.4846496582031,117.29930114746094,55.14558029174805,403.7851257324219,292.5033264160156,370.0368347167969
2022-04-29,154.18785095214844,124.28150177001953,113.10655212402344,243.4847925048588,198.7248992919922,267.3825378417969,18.491744995117188,305.1082458496094,112.10497283935547,53.12249755859375,388.863037109375,290.2533264160156,356.4453430175781
2022-05-02,154.4910430908203,124.5,115.55831146240234,250.22366829498029,209.2921142578125,274.0785827636719,19.47480583190918,310.20233154296875,115.36788940429688,53.321006774902344,391.2037658691406,300.9800109863281,358.6855163574219
2022-05-03,155.97769165039062,124.25350189208984,116.3027114868164,250.9175723428501,210.18421936035156,271.4869384765625,19.543596267700195,310.5334777832031,116.31409454345703,53.73037338256836,392.9969787597656,303.0833435058594,360.238525390625
2022-05-04,162.37408447265625,125.92849731445312,121.18641662597656,260.3913184948727,221.46519470214844,279.387451171875,20.273418426513672,321.0333557128906,120.3037338256836,55.32603454589844,404.96490478515625,317.5400085449219,371.1662902832031
2022-05-05,153.3271942138672,116.40699768066406,115.48150634765625,243.79165125894872,206.46690368652344,267.21881103515625,18.78785514831543,304.86480712890625,114.65580749511719,53.777854919433594,390.5713806152344,291.09332275390625,358.13018798828125
2022-05-06,154.05198669433594,114.77249908447266,114.72915649414062,241.5405805823983,201.99615478515625,264.6944274902344,18.61935806274414,301.2122497558594,113.4803695678711,53.82345199584961,388.2400207519531,288.54998779296875,355.8805847167969
2022-05-09,148.9391326904297,108.78900146484375,111.52210235595703,228.75891527406858,194.50196838378906,254.91522216796875,16.899497985839844,289.4267883300781,107.73490142822266,51.951393127441406,375.8096618652344,262.3699951171875,344.3975524902344
2022-05-10,151.3388671875,108.85900115966797,113.38955688476562,232.4816482227446,195.9293975830078,259.65545654296875,17.54257583618164,292.94293212890625,110.51985168457031,51.98274230957031,376.6779479980469,266.67999267578125,345.2823181152344
2022-05-11,143.4932403564453,105.37200164794922,112.60401916503906,222.30288685599047,187.0970001220703,251.03236389160156,16.580453872680664,284.25482177734375,107.1301040649414,51.750030517578125,370.6939697265625,244.6666717529297,339.7196350097656
2022-05-12,139.63414001464844,106.93049621582031,111.85218048095703,220.36482478282173,189.5752716064453,246.02236938476562,16.126806259155273,283.5826416015625,107.63735961914062,51.49834060668945,370.3070373535156,242.6666717529297,339.4560546875
2022-05-13,144.09071350097656,113.05500030517578,115.03050231933594,230.77154544958023,196.89097595214844,251.58160400390625,17.653244018554688,294.09222412109375,113.2803955078125,52.6998405456543,379.1602478027344,256.5299987792969,347.4659423828125
2022-05-16,142.5529327392578,110.81050109863281,113.4391098022461,226.832703637563,198.29861450195312,251.9477081298828,17.212566375732422,290.6832580566406,111.45140838623047,52.742576599121094,377.6217956542969,241.4566650390625,346.2235107421875
2022-05-17,146.17703247070312,115.36849975585938,115.44928741455078,234.0204771362543,200.85617065429688,257.0733947753906,18.122844696044922,298.2122802734375,116.78231048583984,53.54042434692383,385.3896484375,253.8699951171875,353.15106201171875
2022-05-18,137.92982482910156,107.11250305175781,110.91598510742188,220.64175004447867,190.56654357910156,245.36892700195312,16.887535095214844,283.57293701171875,111.20266723632812,51.3653678894043,369.8540344238281,236.60333251953125,339.16424560546875
2022-05-19,134.53103637695312,107.31900024414062,109.41380310058594,219.55535664441163,189.62478637695312,244.461181640625,17.072982788085938,282.05352783203125,111.23192596435547,51.14120864868164,367.5887756347656,236.47332763671875,336.8959045410156
2022-05-20,134.76612854003906,107.59100341796875,107.9507827758789,216.7671716710303,191.8551788330078,243.90103149414062,16.644264221191406,281.1769104003906,111.28557586669922,51.04242706298828,367.7492370605469,221.3000030517578,336.98065185546875
2022-05-23,140.17282104492188,107.55699920654297,110.50811004638672,221.0471546478383,194.5217742919922,251.71365356445312,16.847654342651367,285.85211181640625,112.17813110351562,52.13090896606445,374.6297912597656,224.96665954589844,343.3716125488281
2022-05-24,137.47927856445312,104.0999984741211,105.03858947753906,211.75456624381667,179.70193481445312,250.71893310546875,16.105871200561523,279.7742919921875,109.21759796142578,51.88301086425781,371.77008056640625,209.3866729736328,340.8961486816406
2022-05-25,137.63601684570312,106.7750015258789,104.87505340576172,216.29571200793114,182.22975158691406,253.51954650878906,16.924423217773438,283.6898193359375,111.49043273925781,52.4006462097168,375.0545959472656,219.60000610351562,343.7387390136719
2022-05-26,140.8291015625,111.07749938964844,106.8450927734375,224.4365209328099,189.96182250976562,256.7837219238281,17.79781723022461,291.550048828125,115.21669006347656,53.384639739990234,382.5486755371094,235.91000366210938,350.5719909667969
2022-05-27,146.56878662109375,115.14649963378906,111.32930755615234,233.80955693799632,193.43136596679688,263.8720397949219,18.75495147705078,301.06610107421875,119.78673553466797,54.518707275390625,391.93988037109375,253.2100067138672,359.36309814453125
2022-05-31,145.78521728515625,120.20950317382812,112.76212310791016,234.79995101792065,191.95433044433594,262.5489196777344,18.616371154785156,300.2674255371094,119.28925323486328,53.94882583618164,389.74072265625,252.75332641601562,357.3677673339844
2022-06-01,145.6578826904297,121.68399810791016,112.8909683227539,232.99843509585,186.9978485107422,263.08013916015625,18.265419006347656,298.0467224121094,117.32856750488281,53.78736114501953,386.5883483886719,246.7899932861328,354.3746643066406
2022-06-02,148.1065673828125,125.51100158691406,116.58867645263672,241.63031802221565,197.12889099121094,265.1660461425781,19.53363037109375,306.20892333984375,121.47428894042969,54.48072052001953,393.95025634765625,258.3333435058594,361.1044616699219
2022-06-03,142.39627075195312,122.3499984741211,113.53426361083984,231.83121812451697,189.11924743652344,260.7624206542969,18.664228439331055,298.2415466308594,117.89434051513672,54.02006912231445,387.4849853515625,234.51666259765625,355.2593688964844
2022-06-06,143.14065551757812,124.79000091552734,115.79373931884766,234.41876119243963,192.55902099609375,259.53594970703125,18.73002815246582,299.2349853515625,117.99188232421875,54.16633605957031,388.664794921875,238.27999877929688,356.2288513183594
2022-06-07,145.6578826904297,123.0,116.11984252929688,235.66509658540028,193.9468536376953,263.1573181152344,18.869613647460938,301.8161926269531,118.9332046508789,54.78464889526367,392.3929138183594,238.8866729736328,359.7114562988281
2022-06-08,144.92330932617188,121.18000030517578,116.16395568847656,234.85456240350953,194.92822265625,261.1390686035156,18.596370697021484,299.64410400390625,116.45553588867188,54.347740173339844,388.12677001953125,241.86666870117188,355.7770690917969
2022-06-09,139.7124786376953,116.1500015258789,113.826171875,227.3473456277181,182.39825439453125,255.7117462158203,17.998035430908203,291.6182556152344,113.35844421386719,53.18899154663086,378.8959655761719,239.7066650390625,347.4094543457031
2022-06-10,134.31558227539062,109.6500015258789,110.18445587158203,217.35503281409018,174.0416717529297,244.31626892089844,16.927005767822266,281.332763671875,109.1639633178711,51.82126998901367,367.90966796875,232.22999572753906,337.21588134765625
2022-06-13,129.17330932617188,103.66999816894531,105.45738983154297,205.1907498457765,162.830078125,233.9541473388672,15.603679656982422,268.2518005371094,103.0965805053711,49.98814010620117,353.9407958984375,215.73666381835938,324.2174987792969
2022-06-14,130.03526306152344,102.30999755859375,105.77754211425781,206.3203224191648,162.3046875,236.10772705078125,15.792158126831055,268.73876953125,103.8525619506836,49.60822296142578,352.8742370605469,220.88999938964844,323.4079895019531
2022-06-15,132.6504669189453,107.66999816894531,108.79975128173828,214.08949533995187,167.87579345703125,243.1284637451172,16.48124122619629,275.44970703125,105.75471496582031,50.04704284667969,357.9049072265625,233.0,328.0389099121094
2022-06-16,127.3906478881836,103.66000366210938,105.1015396118164,204.01605965878434,159.46958923339844,236.57125854492188,15.557808876037598,264.3362731933594,99.48737335205078,48.572940826416016,346.0596923828125,213.10000610351562,317.2617492675781
2022-06-17,128.85983276367188,106.22000122070312,106.20179748535156,207.23765783661042,162.3146209716797,239.15933227539062,15.836033821105957,267.55047607421875,100.3018798828125,48.02204895019531,346.80572509765625,216.75999450683594,318.090087890625
2022-06-21,133.08139038085938,108.68000030517578,110.56361389160156,213.6758923389719,155.682861328125,245.0405731201172,16.520132064819336,274.3006591796875,103.14534759521484,49.625999450683594,355.5361022949219,237.0366668701172,325.8835144042969
2022-06-22,132.5720977783203,108.94999694824219,110.50761413574219,212.810910406673,154.4932861328125,244.45147705078125,16.314708709716797,273.9005432128906,101.6919174194336,49.50196838378906,354.8915100097656,236.086669921875,325.1964111328125
2022-06-23,135.4321746826172,112.44000244140625,111.2554702758789,215.51848732301525,157.3680877685547,249.98500061035156,16.18008041381836,277.9798278808594,101.16516876220703,49.425628662109375,358.3703918457031,235.07000732421875,328.61309814453125
2022-06-24,138.7525634765625,116.45999908447266,116.9380874633789,225.31382973020334,168.67874145507812,258.5220031738281,17.078584671020508,287.5043029785156,105.42793273925781,50.81870651245117,369.76434326171875,245.7066650390625,338.8443298339844
2022-06-27,138.7525634765625,113.22000122070312,114.81541442871094,222.78339740603906,168.01455688476562,255.80838012695312,16.82229995727539,285.396484375,105.07677459716797,50.933204650878906,368.35198974609375,244.9199981689453,337.57354736328125
2022-06-28,134.61920166015625,107.4000015258789,111.02303314208984,213.2171346225983,159.28125,247.68663024902344,15.937752723693848,276.70135498046875,102.42837524414062,50.35116958618164,360.8255310058594,232.663330078125,330.279052734375
2022-06-29,136.3724822998047,108.91999816894531,110.7197265625,213.64366820689872,162.5128631591797,251.3370361328125,15.498970031738281,276.95501708984375,100.623779296875,50.067787170410156,360.5316162109375,228.49000549316406,330.4416198730469
2022-06-30,133.91400146484375,106.20999908447266,108.00528717041016,209.39416629926538,159.8463134765625,248.02462768554688,15.117029190063477,273.5199890136719,99.36543273925781,49.53059005737305,357.6025085449219,224.47332763671875,327.83319091796875
2022-07-01,136.07861328125,109.55999755859375,107.78177642822266,209.9700434416699,158.63693237304688,250.6803436279297,14.482789993286133,275.32537841796875,95.59039306640625,49.979042053222656,361.384765625,227.26333618164062,331.1976013183594
2022-07-05,138.65463256835938,113.5,112.26750183105469,216.44912866517592,166.72589111328125,253.83827209472656,14.922571182250977,280.0388488769531,96.0927734375,49.66416931152344,362.0672607421875,233.06666564941406,331.78363037109375
2022-07-06,139.98670959472656,114.33000183105469,113.56500244140625,218.1815493430501,168.29212951660156,257.08306884765625,15.088112831115723,281.83447265625,96.74632263183594,49.74050521850586,363.2900695800781,231.73333740234375,332.98388671875
2022-07-07,143.34634399414062,116.33000183105469,117.73897552490234,224.54381855610487,170.69105529785156,259.1979064941406,15.814096450805664,287.8654479980469,101.21394348144531,50.58016586303711,368.7310485839844,244.5433349609375,337.8700256347656
2022-07-08,144.0221710205078,115.54000091552734,118.3044662475586,225.074255239856,169.39247131347656,258.4833679199219,15.79415225982666,288.22650146484375,101.76020050048828,50.618324279785156,368.4277648925781,250.76333618164062,337.67156982421875
2022-07-11,141.89671325683594,111.75,114.6597900390625,217.1726462529825,161.4621124267578,255.44137573242188,15.110050201416016,282.0687255859375,99.32154083251953,50.104034423828125,364.21905517578125,234.3433380126953,333.8534240722656
2022-07-12,142.86642456054688,109.22000122070312,113.01834869384766,214.72907825677524,161.84873962402344,244.97299194335938,15.040244102478027,279.3362121582031,99.28251647949219,49.625999450683594,360.99603271484375,233.07000732421875,330.7723388671875
2022-07-13,142.5039825439453,110.4000015258789,110.37478637695312,214.88088980892783,162.06680297851562,244.05552673339844,15.122016906738281,278.7603759765625,100.06776428222656,49.225257873535156,359.10028076171875,237.0399932861328,329.2319030761719
2022-07-14,145.42282104492188,110.62999725341797,109.39745330810547,215.03152157710412,156.67416381835938,245.36892700195312,15.329440116882324,279.7558288574219,102.17964935302734,48.92945861816406,358.22821044921875,238.31333923339844,328.36236572265625
2022-07-15,147.087890625,113.55000305175781,110.79503631591797,219.20354203990829,163.26626586914062,247.91844177246094,15.718360900878906,284.8304138183594,104.7597427368164,49.95041275024414,365.07208251953125,240.06666564941406,334.5716247558594
2022-07-18,144.05154418945312,113.76000213623047,108.07170104980469,218.76116058202632,165.7742462158203,245.53309631347656,16.05642318725586,282.41998291015625,103.98424530029297,49.632686614990234,362.05780029296875,240.54666137695312,331.802490234375
2022-07-19,147.90087890625,118.20999908447266,112.80968475341797,226.81249198435563,174.2498016357422,250.63209533691406,16.944955825805664,291.1052551269531,108.73474884033203,51.07441711425781,371.8402404785156,245.52999877929688,340.80926513671875
2022-07-20,149.89901733398438,122.7699966430664,112.8989028930664,232.02939580214016,181.49615478515625,253.27809143066406,17.75769805908203,295.7213134765625,111.29534149169922,51.097320556640625,374.2100524902344,247.5,342.99237060546875
2022-07-21,152.16162109375,124.62999725341797,113.33503723144531,237.19354871776176,181.57550048828125,255.76004028320312,18.000028610229492,299.9663391113281,113.1633529663086,51.27001953125,378.020751953125,271.7066650390625,346.4609069824219
2022-07-22,150.927490234375,122.41999816894531,106.9516372680664,229.95942696953162,167.7965087890625,251.43357849121094,17.27105140686035,294.7063293457031,110.60276794433594,50.72234344482422,374.5134582519531,272.24334716796875,343.3043212890625
2022-07-25,149.8108673095703,121.13999938964844,106.56507110595703,227.53330526084477,165.1992950439453,249.95608520507812,16.97686767578125,293.0277404785156,109.91992950439453,51.22804641723633,374.96844482421875,268.4333190917969,343.64453125
2022-07-26,148.48858642578125,114.80999755859375,104.0969467163086,220.36519451777002,157.76458740234375,243.2636260986328,16.487228393554688,287.2701416015625,108.26165008544922,50.8120231628418,370.5321960449219,258.8599853515625,339.5239562988281
2022-07-27,153.57203674316406,120.97000122070312,112.06629180908203,234.04413195584306,168.10382080078125,259.5262145996094,17.740745544433594,299.41009521484375,113.32917785644531,52.09728240966797,380.1535949707031,274.82000732421875,348.417236328125
2022-07-28,154.12059020996094,122.27999877929688,113.2160873413086,235.18037559954124,159.32090759277344,266.9333801269531,17.9342098236084,302.33770751953125,114.7143325805664,52.69935607910156,384.9216003417969,280.8999938964844,352.8213195800781
2022-07-29,159.17466735839844,134.9499969482422,115.29763793945312,242.8466384342722,157.7150421142578,271.11480712890625,18.112714767456055,307.85150146484375,115.67028045654297,53.44742965698242,390.5332336425781,297.1499938964844,357.9909973144531
2022-08-01,158.1951904296875,135.38999938964844,113.85045623779297,242.7002441188481,158.5377960205078,268.4784851074219,18.38994598388672,307.66607666015625,115.90438842773438,53.081974029541016,389.3768005371094,297.27667236328125,356.9136047363281
2022-08-02,156.72598266601562,134.16000366210938,114.11808776855469,242.34915410659661,158.79554748535156,265.3979187011719,18.474708557128906,306.7486572265625,115.66539764404297,52.805267333984375,386.80792236328125,300.586669921875,354.60760498046875
2022-08-03,162.7203826904297,139.52000427246094,117.04216766357422,250.2384349760856,167.33058166503906,272.78558349609375,18.84069061279297,315.102294921875,118.43084716796875,53.2155647277832,392.8652038574219,307.39666748046875,360.1457824707031
2022-08-04,162.4069366455078,142.57000732421875,117.15120697021484,252.26164546661164,169.08517456054688,273.9250793457031,19.161808013916016,316.57586669921875,119.63552856445312,52.71748733520508,392.5997619628906,308.6333312988281,359.86224365234375
2022-08-05,162.1813201904297,140.8000030517578,116.4375228881836,247.9063702374913,165.65528869628906,273.2105712890625,18.936429977416992,313.98974609375,118.82102966308594,52.96556854248047,391.9361572265625,288.1700134277344,359.11566162109375
2022-08-08,161.71055603027344,139.41000366210938,116.26900482177734,245.7902422620973,168.7679443359375,270.70928955078125,17.743736267089844,312.9748229980469,116.7676773071289,52.87015151977539,391.48114013671875,290.42333984375,358.7943115234375
2022-08-09,161.75958251953125,137.8300018310547,115.60490417480469,242.84326423073423,167.0629119873047,272.6214294433594,17.0386962890625,309.4324035644531,111.880615234375,52.95029830932617,389.9266357421875,283.3333435058594,357.376708984375
2022-08-10,165.99681091308594,142.69000244140625,118.64791870117188,252.1533389569379,176.7875213623047,279.2462463378906,18.046894073486328,318.0689697265625,116.41163635253906,53.852943420410156,398.1165771484375,294.3566589355469,364.8617858886719
2022-08-11,165.26121520996094,140.63999938964844,117.79547882080078,249.5250344284458,175.94493103027344,277.1795349121094,17.89232635498047,316.2635192871094,116.38725280761719,54.167816162109375,398.1165771484375,286.6300048828125,364.8617858886719
2022-08-12,168.80201721191406,143.5500030517578,120.61052703857422,256.28035478499095,178.92869567871094,281.9018859863281,18.657201766967773,322.42138671875,119.67455291748047,55.027523040771484,404.85638427734375,300.0299987792969,371.10888671875
2022-08-15,169.87112426757812,143.17999267578125,121.00700378417969,258.57868197609616,179.31532287597656,283.408447265625,18.979305267333984,325.0269470214844,120.21593475341797,55.098121643066406,406.524658203125,309.32000732421875,372.6966552734375
2022-08-16,169.7141876220703,144.77999877929688,120.63034057617188,257.8305573565137,177.90773010253906,282.6744384765625,18.826732635498047,324.2657470703125,118.86004638671875,55.22693634033203,407.3209533691406,306.5633239746094,373.3487548828125
2022-08-17,171.2050323486328,142.10000610351562,118.49925231933594,254.40660970249866,173.32791137695312,281.9293212890625,18.28423500061035,320.5672302246094,116.30921173095703,54.90061569213867,404.4296875,303.9966735839844,370.7969665527344
2022-08-18,170.8126983642578,142.3000030517578,119.11380004882812,255.11351193370032,173.13955688476562,280.8163757324219,18.721027374267578,321.3381042480469,117.93336486816406,55.24601745605469,405.605224609375,302.8699951171875,371.9405517578125
2022-08-19,168.23309326171875,138.22999572753906,116.17980194091797,248.17983823112533,166.49789428710938,276.9258728027344,17.799583435058594,315.072998046875,114.6119155883789,54.72123718261719,400.15460205078125,296.6666564941406,366.80865478515625
2022-08-22,164.3588104248047,133.22000122070312,113.23591613769531,240.67682588392861,161.630615234375,268.7967224121094,16.98684310913086,306.77801513671875,110.61740112304688,53.786155700683594,391.8224182128906,289.913330078125,359.0778503417969
2022-08-23,164.0253143310547,133.6199951171875,112.85926055908203,241.09700655920503,159.70751953125,267.5289611816406,17.133434295654297,306.5242919921875,111.33435821533203,53.881561279296875,390.87445068359375,296.4533386230469,358.227294921875
2022-08-24,164.31956481933594,133.8000030517578,112.69074249267578,241.6893468474607,161.83877563476562,266.89996337890625,17.174320220947266,307.4123229980469,111.26119232177734,54.053321838378906,392.12579345703125,297.0966796875,359.3141784667969
2022-08-25,166.77163696289062,137.27999877929688,115.6247329711914,246.81804079919436,167.31076049804688,269.8612976074219,17.863407135009766,312.8479919433594,114.9972152709961,54.734580993652344,397.6616516113281,296.07000732421875,364.5499267578125
2022-08-26,160.48446655273438,130.75,109.37018585205078,234.87720650140494,160.37167358398438,259.4480895996094,16.214984893798828,300.02490234375,108.60306549072266,53.17262268066406,384.201171875,288.0899963378906,352.0558166503906
2022-08-29,158.2873992919922,129.7899932861328,108.4582748413086,231.6643945354685,157.78439331054688,256.6802978515625,15.757254600524902,297.0680236816406,106.5887222290039,53.04286575317383,381.6607360839844,284.82000732421875,349.7308654785156
2022-08-30,155.86477661132812,128.72999572753906,107.98249816894531,228.5177105965139,155.79190063476562,254.49317932128906,15.425175666809082,293.7596740722656,105.36940002441406,52.383541107177734,377.4709777832031,277.70001220703125,345.9316711425781
2022-08-31,154.2071533203125,126.7699966430664,107.26882934570312,227.43503360942245,161.5116729736328,253.0415496826172,15.052210807800293,292.05194091796875,104.65245056152344,51.8682861328125,374.59881591796875,275.6099853515625,343.20977783203125
2022-09-01,154.93295288085938,127.81999969482422,108.77546691894531,226.35723951017656,163.92050170898438,252.00599670410156,13.89841365814209,292.1788024902344,102.36498260498047,51.78240966796875,375.7741394042969,277.1600036621094,344.26824951171875
2022-09-02,152.8241729736328,127.51000213623047,106.90206909179688,222.27350894137027,158.92442321777344,247.805908203125,13.609219551086426,288.05078125,101.36026763916016,51.4007453918457,371.8118591308594,270.2099914550781,340.65802001953125
2022-09-06,151.56869506835938,126.11000061035156,105.8712158203125,220.7280602673752,157.15988159179688,245.08651733398438,13.427721977233887,285.98187255859375,100.22872161865234,51.200374603271484,370.4089660644531,274.4200134277344,339.51446533203125
2022-09-07,152.97128295898438,129.47999572753906,108.4880142211914,225.27144520235015,158.99378967285156,249.77044677734375,13.680095672607422,291.7591857910156,101.82848358154297,51.87782287597656,377.0633544921875,283.70001220703125,345.6007995605469
2022-09-08,151.50003051757812,129.82000732421875,107.42741394042969,226.39888737259005,160.6492156982422,250.18663024902344,13.955413818359375,293.27178955078125,103.2087631225586,52.27571105957031,379.52801513671875,289.260009765625,347.8596496582031
2022-09-09,154.3542938232422,133.27000427246094,109.6774673461914,232.78613056356954,167.67752075195312,255.93507385253906,14.351431846618652,299.683349609375,105.76935577392578,53.040000915527344,385.4239501953125,299.67999267578125,353.2277526855469
2022-09-12,160.29811096191406,136.4499969482422,109.88562774658203,235.96011905674445,167.48916625976562,258.0545349121094,14.469139099121094,303.2452392578125,106.03271484375,53.45219421386719,389.56640625,304.4200134277344,357.11199951171875
2022-09-13,150.8919219970703,126.81999969482422,103.4030990600586,220.04916377636405,151.79701232910156,243.8671112060547,13.098535537719727,286.6163330078125,99.72148132324219,51.45799255371094,372.6270446777344,292.1300048828125,341.5370178222656
2022-09-14,152.33375549316406,128.5500030517578,104.0771255493164,221.791750522692,150.1514434814453,244.08970642089844,13.095545768737793,288.89007568359375,100.80424499511719,51.59348678588867,374.0489501953125,302.6099853515625,342.8128662109375
2022-09-15,149.45010375976562,126.27999877929688,102.00550079345703,218.37997627398272,148.24815368652344,237.4701690673828,12.897035598754883,284.07904052734375,99.00939178466797,51.28338623046875,369.8022766113281,303.75,338.9851989746094
2022-09-16,147.81210327148438,123.52999877929688,101.8964614868164,217.17190747857566,145.01654052734375,236.85084533691406,13.16537094116211,282.34197998046875,99.45323181152344,50.96373748779297,366.98101806640625,303.3500061035156,336.320068359375
2022-09-19,151.5196533203125,124.66000366210938,102.16409301757812,219.6719119327391,146.7314910888672,236.6378936767578,13.348917007446289,284.5406494140625,100.1067886352539,51.02798843383789,369.8270263671875,309.07000732421875,338.9002380371094
2022-09-20,153.8932342529297,122.19000244140625,100.25104522705078,217.76164122278007,144.8182830810547,234.63465881347656,13.143425941467285,282.2725524902344,98.72164154052734,50.706703186035156,365.5819091796875,308.7300109863281,335.08197021484375
2022-09-21,150.77418518066406,118.54000091552734,98.40740203857422,213.7369191061379,140.8828125,231.24742126464844,13.228216171264648,277.21820068359375,97.89737701416016,50.08424377441406,359.20477294921875,300.79998779296875,329.1846008300781
2022-09-22,149.81301879882812,117.30999755859375,99.25983428955078,211.04853958837043,141.57675170898438,233.2119903564453,12.529945373535156,273.8062744140625,95.18558502197266,50.026695251464844,356.1875305175781,288.5899963378906,326.40606689453125
2022-09-23,147.5472412109375,113.77999877929688,97.87214660644531,206.8788807512866,139.18772888183594,230.2506561279297,12.48505687713623,269.34814453125,93.8248062133789,48.636962890625,350.2197265625,275.3299865722656,320.9811706542969
2022-09-26,147.88076782226562,115.1500015258789,97.30715942382812,205.6151248174666,135.18284606933594,229.79580688476562,12.197770118713379,268.2337341308594,92.7322998046875,47.974220275878906,346.75506591796875,276.010009765625,317.87188720703125
2022-09-27,148.85177612304688,114.41000366210938,96.64305114746094,206.04767939318683,133.2300262451172,228.78932189941406,12.382309913635254,268.3412780761719,93.43463897705078,48.1075325012207,345.8699035644531,282.94000244140625,316.97406005859375
2022-09-28,146.9685821533203,118.01000213623047,99.1706314086914,210.8032276082073,140.37725830078125,233.29913330078125,12.704513549804688,273.6790771484375,94.62467956542969,49.4071159362793,352.6753234863281,287.80999755859375,323.2001647949219
2022-09-29,139.74960327148438,114.80000305175781,96.56375122070312,202.8905128014591,135.22254943847656,229.8441925048828,12.189788818359375,265.78955078125,91.64466094970703,48.859474182128906,345.308349609375,268.2099914550781,316.4605407714844
2022-09-30,135.55162048339844,113.0,94.80931091308594,199.81027892064017,134.49887084960938,225.39244079589844,12.108990669250488,261.2828369140625,90.28875732421875,48.25043869018555,339.9685363769531,265.25,311.6383361816406
2022-10-03,139.7201690673828,115.87999725341797,97.77302551269531,202.30330734498793,137.4033966064453,232.97975158691406,12.481066703796387,267.41241455078125,93.52729797363281,49.72266387939453,348.9442138671875,242.39999389648438,319.8778381347656
2022-10-04,143.30023193359375,121.08999633789062,100.74665069580078,208.89985128330184,139.05885314941406,240.85739135742188,13.134448051452637,275.820068359375,97.52670288085938,50.918663024902344,359.7568359375,249.44000244140625,329.5885925292969
2022-10-05,143.59451293945312,120.94999694824219,100.53849792480469,207.68948308873112,137.77015686035156,241.1670379638672,13.17634391784668,275.67352294921875,98.49240112304688,51.16707229614258,358.919189453125,240.80999755859375,329.0190734863281
2022-10-06,142.64308166503906,120.30000305175781,100.5285873413086,206.5551591047924,137.85940551757812,238.83473205566406,13.097538948059082,273.5031433105469,97.8193359375,51.03374481201172,355.21673583984375,238.1300048828125,325.5543212890625
2022-10-07,137.40541076660156,114.55999755859375,97.81267547607422,196.33863165585598,132.2882843017578,226.6892852783203,12.046146392822266,263.0816345214844,91.98606872558594,50.21467590332031,345.308349609375,223.07000732421875,316.4129638671875
2022-10-10,137.7290802001953,113.66999816894531,96.99988555908203,194.4708459551321,132.62533569335938,221.86013793945312,11.641149520874023,260.45172119140625,88.91336822509766,49.90680694580078,342.6717529296875,222.9600067138672,314.04937744140625
2022-10-11,136.316650390625,112.20999908447266,96.32585144042969,191.0756332625208,127.42103576660156,218.14390563964844,11.557354927062988,256.87353515625,86.1089096069336,49.87324142456055,340.5016174316406,216.5,311.98004150390625
2022-10-12,135.68894958496094,112.9000015258789,96.70252227783203,190.93553987664174,126.39008331298828,218.47296142578125,11.47156810760498,256.78558349609375,85.5919189453125,49.753353118896484,339.3785095214844,217.24000549316406,311.0118408203125
2022-10-13,140.2498321533203,112.52999877929688,98.18933868408203,195.4586301557515,129.15582275390625,226.6892852783203,11.930432319641113,262.80780029296875,88.2110366821289,51.26394271850586,348.3350524902344,221.72000122070312,319.1563720703125
2022-10-14,135.7281951904297,106.9000015258789,95.71129608154297,187.20487448802896,125.65653991699219,221.19239807128906,11.19924545288086,254.9085235595703,84.45061492919922,50.150421142578125,340.3969421386719,204.99000549316406,311.9705505371094
2022-10-17,139.68096923828125,113.79000091552734,99.09133911132812,196.68534589221068,132.87318420410156,229.8732452392578,11.858609199523926,263.32598876953125,86.45032501220703,50.84769058227539,349.14410400390625,219.35000610351562,319.8968505859375
2022-10-18,140.9952850341797,116.36000061035156,99.8843002319336,197.95830287959458,131.64393615722656,230.8119659423828,11.937413215637207,265.4083251953125,86.46981811523438,51.417396545410156,353.2464599609375,220.19000244140625,323.6653137207031
2022-10-19,141.1031951904297,115.06999969482422,98.75431823730469,197.63466762722112,132.07022094726562,228.85708618164062,12.021206855773926,264.44036865234375,87.16728210449219,51.46821975708008,350.7431335449219,222.0399932861328,321.4250793457031
2022-10-20,140.6421661376953,115.25,99.09133911132812,195.7414972117016,130.385009765625,228.53770446777344,12.163854598999023,263.09130859375,87.85986328125,51.34066390991211,347.8020935058594,207.27999877929688,318.7861633300781
2022-10-21,144.4478302001953,119.31999969482422,100.24113464355469,199.78357002142894,128.87828063964844,234.31529235839844,12.4351806640625,269.26019287109375,90.88867950439453,52.597084045410156,356.254150390625,214.44000244140625,326.446533203125
2022-10-24,146.5860595703125,119.81999969482422,101.6189193725586,201.13890514791163,128.59080505371094,239.2799072265625,12.567852020263672,272.2224426269531,91.17643737792969,53.36436462402344,360.6134948730469,211.25,330.4239501953125
2022-10-25,149.42066955566406,120.5999984741211,103.56169891357422,207.58192665188395,136.31292724609375,242.5800018310547,13.228216171264648,277.8536376953125,92.6201171875,53.4113655090332,366.3719482421875,222.4199981689453,335.7967529296875
2022-10-26,146.48797607421875,115.66000366210938,94.09562683105469,198.60796336248808,128.68991088867188,223.8634033203125,12.864117622375488,271.71405029296875,91.71292877197266,53.930240631103516,363.61163330078125,224.63999938964844,333.2906494140625
2022-10-27,142.02516174316406,110.95999908447266,91.40946197509766,188.9255274584384,97.08743286132812,219.4407196044922,13.143425941467285,266.7671203613281,90.56676483154297,53.9877815246582,361.6699523925781,225.08999633789062,331.506103515625
2022-10-28,152.75550842285156,103.41000366210938,95.44367980957031,193.51120165630417,98.33645629882812,228.26675415039062,13.799800872802734,274.93048095703125,94.02477264404297,54.90851974487305,370.2743835449219,228.52000427246094,339.2425231933594
2022-10-31,150.40150451660156,102.44000244140625,93.67933654785156,189.40134526120232,92.34902954101562,224.64730834960938,13.463632583618164,271.733642578125,92.28845977783203,54.80301284790039,367.59979248046875,227.5399932861328,336.9358215332031
2022-11-01,147.7630615234375,96.79000091552734,89.67483520507812,186.5341655950705,94.37126922607422,220.81494140625,13.509517669677734,268.95709228515625,92.9273910522461,54.822200775146484,365.9912414550781,227.82000732421875,335.5783996582031
2022-11-02,142.250732421875,92.12000274658203,86.20560455322266,178.8371640515607,89.7518310546875,213.00511169433594,13.186320304870605,259.7380065917969,90.2643814086914,54.04629135131836,356.8061828613281,214.97999572753906,327.0161437988281
2022-11-03,136.2186279296875,89.30000305175781,82.69670867919922,175.2224388758344,88.13603210449219,207.3436737060547,13.387819290161133,254.66415405273438,89.20599365234375,54.37238311767578,353.1321716308594,215.30999755859375,323.5323791503906
2022-11-04,135.95335388183594,90.9800033569336,85.81902313232422,178.41259789652165,89.99966430664062,214.2534637451172,14.121002197265625,258.7603454589844,93.35171508789062,54.86056900024414,358.21490478515625,207.47000122070312,328.2691955566406
2022-11-07,136.4838409423828,90.52999877929688,87.71223449707031,180.3436608512311,95.87803649902344,220.5246124267578,14.265644073486328,261.60528564453125,95.1953353881836,55.08115768432617,361.6415100097656,197.0800018310547,331.42071533203125
2022-11-08,137.0536651611328,89.9800033569336,88.11863708496094,180.24720541535626,95.63021087646484,221.4923858642578,14.565899848937988,263.51171875,97.24868774414062,55.426429748535156,363.5926513671875,191.3000030517578,333.2242431640625
2022-11-09,132.50485229492188,86.13999938964844,86.55252075195312,175.37809526724482,100.5866928100586,217.27293395996094,13.741942405700684,257.4308776855469,94.60518646240234,54.027103424072266,356.1018371582031,177.58999633789062,326.4180603027344
2022-11-10,144.29443359375,96.62999725341797,93.11433410644531,192.62915069264665,110.89616394042969,235.14752197265625,15.711061477661133,276.4263000488281,104.27201080322266,55.16748046875,375.671142578125,190.72000122070312,344.28302001953125
2022-11-11,147.07484436035156,100.79000091552734,95.56262969970703,197.58391783343933,112.03614807128906,239.1444091796875,16.28663444519043,281.5197448730469,107.69100189208984,54.98524856567383,379.30712890625,195.97000122070312,347.576904296875
2022-11-14,145.67970275878906,98.48999786376953,94.8588638305664,195.35040886070726,113.22571563720703,233.7636260986328,16.25471305847168,279.05609130859375,106.6716537475586,54.90851974487305,376.0804443359375,190.9499969482422,344.7861022949219
2022-11-15,147.40887451171875,98.94000244140625,97.57479095458984,198.4980165991468,116.0608139038086,234.1701202392578,16.624797821044922,282.9178161621094,110.0321273803711,55.14830017089844,379.28802490234375,194.4199981689453,347.6337890625
2022-11-16,146.1807403564453,97.12000274658203,97.9811782836914,194.59725552328203,112.24432373046875,234.59713745117188,15.87066650390625,279.05609130859375,106.07174682617188,54.86056900024414,376.3945007324219,186.9199981689453,344.9949645996094
2022-11-17,148.07691955566406,94.8499984741211,97.4954833984375,192.76268075434342,110.47982025146484,234.54859924316406,15.6382417678833,278.44024658203125,106.87162017822266,55.10993576049805,375.2427978515625,183.1699981689453,343.99822998046875
2022-11-18,148.63693237304688,94.13999938964844,96.57365417480469,191.5773931000379,111.07460021972656,234.10215759277344,15.370903968811035,278.45001220703125,107.06671142578125,55.397666931152344,376.9465637207031,180.19000244140625,345.5170593261719
2022-11-21,145.41445922851562,92.45999908447266,94.7597427368164,187.50622854428298,108.90365600585938,234.90769958496094,15.279132843017578,275.5855407714844,105.19381713867188,55.26339340209961,375.5759582519531,167.8699951171875,344.30194091796875
2022-11-22,147.54640197753906,93.19999694824219,96.1969985961914,190.82105877744257,110.46990966796875,237.7997589111328,15.9983491897583,279.5547180175781,108.25189208984375,56.21672821044922,380.63006591796875,169.91000366210938,348.8868103027344
2022-11-23,148.42080688476562,94.12999725341797,97.5946044921875,195.0798633498603,111.26294708251953,240.27450561523438,16.478160858154297,282.3605041503906,109.19322204589844,56.097801208496094,383.0286560058594,183.1999969482422,351.0700988769531
2022-11-25,145.5127410888672,93.41000366210938,96.6033935546875,193.3495943090662,110.4401626586914,240.18714904785156,16.229774475097656,280.5030517578125,107.91049194335938,56.25029754638672,382.94293212890625,182.86000061035156,351.0321350097656
2022-11-28,141.69091796875,93.94999694824219,95.20580291748047,190.3496473291494,107.83306121826172,234.62623596191406,15.787871360778809,276.38714599609375,105.3645248413086,55.57029342651367,376.83233642578125,182.9199981689453,345.4790954589844
2022-11-29,138.69442749023438,92.41999816894531,94.35334777832031,188.46368642033923,108.50712585449219,233.2384490966797,15.600337028503418,274.29510498046875,105.07677459716797,55.694984436035156,376.18511962890625,180.8300018310547,344.8714904785156
2022-11-30,145.4341278076172,96.54000091552734,100.10237121582031,200.67993875543243,117.0719223022461,247.6114044189453,16.885480880737305,286.79888916015625,111.07097625732422,56.53899002075195,388.0351867675781,194.6999969482422,355.48406982421875
2022-12-01,145.70921325683594,95.5,100.10237121582031,201.3019353877595,119.39155578613281,247.17471313476562,17.097009658813477,287.15093994140625,110.71492767333984,56.22248458862305,387.7496032714844,194.6999969482422,355.53155517578125
2022-12-02,145.2179412841797,94.12999725341797,99.55720520019531,200.99028076275172,122.41498565673828,247.49496459960938,16.838584899902344,286.0070495605469,109.19322204589844,56.29921340942383,387.3022766113281,194.86000061035156,355.01898193359375
2022-12-05,144.0586395263672,91.01000213623047,98.60564422607422,196.4645668438112,121.36421966552734,242.81719970703125,16.57317543029785,281.2069091796875,107.89097595214844,55.47438430786133,380.3350524902344,182.4499969482422,348.69696044921875
2022-12-06,140.40391540527344,88.25,96.12760162353516,190.2639035931746,113.1265640258789,237.88706970214844,15.951557159423828,275.3802185058594,105.52548217773438,54.99483871459961,374.8525695800781,179.82000732421875,343.656494140625
2022-12-07,138.46844482421875,88.45999908447266,94.10553741455078,188.60618098418854,112.93821716308594,237.15921020507812,16.08426284790039,274.2558898925781,105.50109100341797,54.87974548339844,374.2148742675781,174.0399932861328,342.991943359375
2022-12-08,140.14846801757812,90.3499984741211,92.88636016845703,191.48532690959317,114.32604217529297,240.0998077392578,17.130937576293945,277.5016784667969,108.1884994506836,54.9660758972168,377.1464538574219,173.44000244140625,345.6973876953125
2022-12-09,139.66705322265625,89.08999633789062,92.01409149169922,191.2863988907444,114.89108276367188,238.17823791503906,16.963308334350586,275.73211669921875,107.32032775878906,54.237144470214844,374.3290710449219,179.0500030517578,343.1723937988281
2022-12-12,141.95619201660156,90.55000305175781,92.48987579345703,191.9766833367394,113.71144104003906,245.05902099609375,17.496124267578125,279.19293212890625,109.23224639892578,55.12911605834961,379.7259216308594,167.82000732421875,348.0704345703125
2022-12-13,142.9190216064453,92.48999786376953,94.78947448730469,194.92892166331427,119.10408020019531,249.33888244628906,18.031936645507812,282.1943359375,111.05146789550781,55.18666458129883,382.60028076171875,160.9499969482422,350.6429748535156
2022-12-14,140.69863891601562,91.58000183105469,94.2343978881836,193.09421159879128,120.53153991699219,249.63003540039062,17.63481903076172,280.1021423339844,109.13957214355469,55.119529724121094,380.1542053222656,156.8000030517578,348.526123046875
2022-12-15,134.10629272460938,88.44999694824219,90.06140899658203,186.54896162122398,115.13890838623047,241.66229248046875,16.91441535949707,270.6973571777344,104.98410034179688,54.333065032958984,370.85498046875,157.6699981689453,339.9544677734375
2022-12-16,132.15118408203125,87.86000061035156,89.4666748046875,184.24043242046454,118.39034271240234,237.4698028564453,16.53426170349121,268.1163330078125,104.16958618164062,53.786376953125,366.4765930175781,150.22999572753906,335.9011535644531
2022-12-19,130.04869079589844,84.91999816894531,87.66268157958984,180.29670398983518,113.48344421386719,233.35487365722656,16.217960357666016,264.3483581542969,102.93688201904297,53.661014556884766,363.3689880371094,149.8699951171875,333.0059509277344
2022-12-20,129.97991943359375,85.19000244140625,88.23757934570312,178.9235730473309,116.07070922851562,234.6650848388672,16.04933738708496,264.142578125,102.43374633789062,53.815303802490234,363.8663024902344,137.8000030517578,333.51336669921875
2022-12-21,133.07470703125,86.7699966430664,88.79264831542969,181.64628248420814,118.71746826171875,237.21743774414062,16.464414596557617,267.9743347167969,104.72254943847656,54.586708068847656,369.3069152832031,137.57000732421875,338.5017395019531
2022-12-22,129.9111785888672,83.79000091552734,86.98865509033203,174.24411201388907,116.10045623779297,231.16160583496094,15.304991722106934,261.41827392578125,100.3817138671875,54.15278244018555,364.038330078125,125.3499984741211,333.7422180175781
2022-12-23,129.54766845703125,85.25,88.44573974609375,174.62439969215805,117.01245880126953,231.68565368652344,15.172287940979004,262.00616455078125,100.3718490600586,54.78052520751953,366.1324157714844,123.1500015258789,335.6116943359375
2022-12-27,127.74974822998047,83.04000091552734,86.62189483642578,168.06084156309782,115.86254119873047,229.96783447265625,14.089692115783691,258.30194091796875,98.57632446289062,55.05918884277344,364.6885681152344,109.0999984741211,334.2763671875
2022-12-28,123.82972717285156,81.81999969482422,85.26394653320312,166.7399079372605,114.61351776123047,227.60955810546875,14.0048828125,254.89161682128906,97.32340240478516,54.26850128173828,360.1562194824219,112.70999908447266,330.1750183105469
2022-12-29,127.337158203125,84.18000030517578,87.6725845336914,173.276152551909,119.21312713623047,233.89833068847656,14.570624351501465,261.1046142578125,100.50010681152344,54.654212951660156,366.63916015625,121.81999969482422,336.0313720703125
2022-12-30,127.6514892578125,84.0,87.45452880859375,173.41200359736183,119.29242706298828,232.74346923828125,14.581600189208984,260.9478759765625,100.10548400878906,54.75062942504883,365.6734313964844,123.18000030517578,335.1061706542969
2023-01-03,122.87673950195312,85.81999969482422,88.33670806884766,170.61336660347735,123.65412902832031,232.51055908203125,14.283262252807617,259.1839294433594,99.33596801757812,53.8731575012207,364.13397216796875,108.0999984741211,333.81854248046875
2023-01-04,124.14412689208984,85.13999938964844,87.30583190917969,171.82297590285614,126.26123046875,222.33981323242188,14.716301918029785,260.4186096191406,101.8615493774414,53.78636932373047,366.9451599121094,113.63999938964844,336.22210693359375
2023-01-05,122.82762908935547,83.12000274658203,85.44236755371094,168.12772298900103,125.83497619628906,215.75015258789062,14.23337173461914,256.34197998046875,100.03643035888672,53.728515625,362.7570495605469,110.33999633789062,332.5500183105469
2023-01-06,127.34693908691406,86.08000183105469,86.57234954833984,172.64244007912802,128.88815307617188,218.29281616210938,14.826056480407715,263.4173583984375,104.41178894042969,54.60888671875,371.0758361816406,113.05999755859375,340.11358642578125
2023-01-09,127.86766052246094,87.36000061035156,87.2463607788086,176.17798326805945,128.3429412841797,220.41822814941406,15.593351364135742,265.12261962890625,106.685791015625,54.056365966796875,370.86541748046875,119.7699966430664,339.86566162109375
2023-01-10,128.4374542236328,89.87000274658203,87.64285278320312,178.26283533926184,131.83230590820312,222.09716796875,15.873729705810547,267.36669921875,108.07189178466797,54.06601333618164,373.46630859375,118.8499984741211,342.2881774902344
2023-01-11,131.14910888671875,95.08999633789062,90.71560668945312,183.00703392351662,131.73316955566406,228.81298828125,15.965524673461914,271.9921875,109.3396224975586,54.45171356201172,378.1898498535156,123.22000122070312,346.65667724609375
2023-01-12,131.07046508789062,95.2699966430664,90.32902526855469,184.89020887126878,135.51992797851562,231.47210693359375,16.474395751953125,273.4621276855469,110.977294921875,54.60599899291992,379.5667419433594,123.55999755859375,347.95379638671875
2023-01-13,132.3968048095703,98.12000274658203,91.31031799316406,186.73918549125986,135.78756713867188,232.17086791992188,16.861534118652344,275.34368896484375,111.37683868408203,54.634918212890625,381.0393371582031,122.4000015258789,349.30816650390625
2023-01-17,133.55612182617188,96.05000305175781,90.48761749267578,189.2278188144177,134.18167114257812,233.2578582763672,17.66275405883789,275.90234375,112.037841796875,54.49991989135742,380.34124755859375,131.49000549316406,348.7740478515625
2023-01-18,132.8389434814453,95.45999908447266,90.31912994384766,186.83488725237694,131.86204528808594,228.85179138183594,17.338476181030273,272.31561279296875,111.3373794555664,53.461421966552734,374.33648681640625,128.77999877929688,343.1085205078125
2023-01-19,132.89785766601562,93.68000030517578,92.23217010498047,185.8295329400655,134.9647979736328,225.08627319335938,16.72783088684082,269.64019775390625,108.614501953125,53.6320915222168,371.611328125,127.16999816894531,340.6382141113281
2023-01-20,135.4522705078125,97.25,97.15846252441406,193.35149194139885,138.1567840576172,233.1316680908203,17.799449920654297,277.0194396972656,112.14635467529297,54.03708267211914,378.53411865234375,133.4199981689453,346.9046325683594
2023-01-23,138.63543701171875,97.5199966430664,98.91291809082031,199.8554937184563,142.02281188964844,235.42202758789062,19.150453567504883,283.1737060546875,117.43428802490234,54.046722412109375,383.0759582519531,143.75,351.1299133300781
2023-01-24,140.03054809570312,96.31999969482422,96.84129333496094,199.23895808319122,141.89393615722656,234.89797973632812,19.222288131713867,282.59552001953125,116.60064697265625,54.13543701171875,382.664794921875,143.88999938964844,350.7579345703125
2023-01-25,139.37229919433594,97.18000030517578,94.3830795288086,198.3350346279146,140.26820373535156,233.5101776123047,19.28015899658203,281.9683532714844,116.71902465820312,54.20100402832031,382.8082580566406,144.42999267578125,350.8819274902344
2023-01-26,141.4355010986328,99.22000122070312,96.66287231445312,205.87502405638162,146.01773071289062,240.68211364746094,19.75809669494629,287.4659729003906,118.81051635742188,54.88562774658203,387.0154113769531,160.27000427246094,354.6303405761719
2023-01-27,143.37094116210938,102.23999786376953,98.4966049194336,212.70751757911972,150.4190673828125,240.83738708496094,20.31985092163086,290.3274841308594,118.03114318847656,54.28778839111328,387.9046630859375,177.89999389648438,355.6413879394531
2023-01-30,140.49229431152344,100.55000305175781,96.08795928955078,205.5326098681392,145.77981567382812,235.54818725585938,19.11952018737793,284.45745849609375,115.20466613769531,53.762271881103516,383.0377197265625,166.66000366210938,351.1966857910156
2023-01-31,141.7596893310547,103.12999725341797,97.97126770019531,209.85501805722842,147.67318725585938,240.49771118164062,19.493688583374023,288.7203674316406,116.955810546875,54.49991989135742,388.6696472167969,173.22000122070312,356.18499755859375
2023-02-01,142.87969970703125,105.1500015258789,99.54729461669922,216.16906561826164,151.7870635986328,245.29190063476562,20.896570205688477,294.8941345214844,122.47063446044922,54.022621154785156,392.8003845214844,181.41000366210938,360.0860290527344
2023-02-02,148.17518615722656,112.91000366210938,106.79303741455078,232.77538947822572,187.12672424316406,256.7922058105469,21.660865783691406,305.4779357910156,125.08992004394531,53.121028900146484,398.5183410644531,188.27000427246094,365.2460632324219
2023-02-03,151.79063415527344,103.38999938964844,103.85905456542969,228.058510346346,184.90623474121094,250.7266845703125,21.05321502685547,300.0489196777344,122.791259765625,52.94746780395508,394.2824401855469,189.97999572753906,361.3450622558594
2023-02-06,149.0692138671875,102.18000030517578,101.9955825805664,227.0299552255826,184.44032287597656,249.19326782226562,21.042247772216797,297.5107421875,120.74909210205078,52.937828063964844,391.8728332519531,194.75999450683594,359.2562561035156
2023-02-07,151.9380340576172,102.11000061035156,106.69392395019531,233.4664518379589,189.9519500732422,259.6649475097656,22.12384033203125,303.6747741699219,124.37467193603516,53.59352111816406,396.99798583984375,196.80999755859375,363.89166259765625
2023-02-08,149.25587463378906,100.05000305175781,98.4966049194336,228.92071687725402,181.83322143554688,258.8594055175781,22.155773162841797,298.2751159667969,121.9378890991211,53.29460144042969,392.6568908691406,201.2899932861328,359.9048767089844
2023-02-09,148.2242889404297,98.23999786376953,94.17493438720703,226.4786035873342,176.3712158203125,255.8412322998047,22.287477493286133,295.6389465332031,122.42129516601562,53.203956604003906,389.2529296875,207.32000732421875,356.8240966796875
2023-02-10,148.58837890625,97.61000061035156,93.73880004882812,222.27093192569532,172.63400268554688,255.3365020751953,21.21785545349121,293.6985778808594,120.36433410644531,54.220298767089844,390.1613464355469,196.88999938964844,357.6920166015625
2023-02-13,151.38284301757812,99.54000091552734,93.77845001220703,225.88221987020094,177.86802673339844,263.31402587890625,21.73969268798828,298.40252685546875,122.1746597290039,54.403499603271484,394.74139404296875,194.63999938964844,361.8218994140625
2023-02-14,150.74327087402344,99.69999694824219,93.84783172607422,230.10594430481555,177.91758728027344,264.1389465332031,22.920072555541992,300.607421875,124.80382537841797,54.19135665893555,394.55975341796875,209.25,361.6884460449219
2023-02-15,152.839111328125,101.16000366210938,96.08795928955078,231.62903968275205,175.61781311035156,262.0276794433594,22.713529586791992,302.9104309082031,124.79889678955078,53.85386657714844,395.84100341796875,214.24000549316406,362.8997802734375
2023-02-16,151.24508666992188,98.1500015258789,94.67053985595703,225.05673547511603,170.9389190673828,255.05181884765625,21.953224182128906,297.22650146484375,121.41007995605469,53.381385803222656,390.3907470703125,202.0399932861328,357.8541259765625
2023-02-17,150.1037139892578,97.19999694824219,93.5207290649414,223.79337223728518,171.3750457763672,251.07254028320312,21.3405818939209,295.1293640136719,119.75267791748047,53.121028900146484,389.41546630859375,208.30999755859375,356.92901611328125
2023-02-21,146.09893798828125,94.58000183105469,90.98323822021484,217.6208003079186,170.58203125,245.8284912109375,20.609209060668945,288.14215087890625,116.11229705810547,52.771968841552734,381.6034851074219,197.3699951171875,349.8423156738281
2023-02-22,146.5220184326172,95.79000091552734,90.8444595336914,218.44369713726462,169.63037109375,244.6999053955078,20.707983016967773,288.35772705078125,115.54503631591797,52.532840728759766,381.07757568359375,200.86000061035156,349.403564453125
2023-02-23,147.00416564941406,95.81999969482422,90.09113311767578,223.4331946262678,170.54237365722656,247.8716278076172,23.61153793334961,290.87628173828125,119.63922119140625,52.783546447753906,383.1046447753906,202.07000732421875,351.15850830078125
2023-02-24,144.35733032226562,93.5,88.34660339355469,219.13642912194916,168.90673828125,242.4718780517578,23.234371185302734,286.0058288574219,117.50334167480469,52.540550231933594,379.0121765136719,196.8800048828125,347.400634765625
2023-02-27,145.5479278564453,93.76000213623047,89.08010864257812,221.70186612233223,168.0641326904297,243.38645935058594,23.448898315429688,288.0539245605469,118.03114318847656,52.5810546875,380.3030700683594,207.6300048828125,348.6023254394531
2023-02-28,145.04608154296875,94.2300033569336,89.2684326171875,222.0564980074526,173.4171142578125,242.6664581298828,23.16452980041504,287.6815490722656,118.09033203125,52.01213073730469,378.8974304199219,205.7100067138672,347.2861022949219
2023-03-01,142.97976684570312,92.16999816894531,89.56580352783203,219.1793404682827,171.9103546142578,239.60177612304688,22.647680282592773,285.3688659667969,118.16925811767578,52.176063537597656,377.4439697265625,202.77000427246094,346.0175476074219
2023-03-02,143.57017517089844,92.12999725341797,91.19137573242188,219.6959180012281,173.01068115234375,244.31072998046875,23.262310028076172,287.7305908203125,119.21500396728516,52.54248046875,380.3795166015625,190.89999389648438,348.6023254394531
2023-03-03,148.6080780029297,94.9000015258789,92.82688903808594,226.66210293222417,183.6374053955078,248.37753295898438,23.837032318115234,293.67901611328125,120.83295440673828,52.94746780395508,386.4800109863281,197.7899932861328,354.1248474121094
2023-03-06,151.36317443847656,93.75,94.29386138916016,226.4139942734296,183.29042053222656,249.91476440429688,23.50178337097168,294.01220703125,119.75760650634766,53.25603103637695,386.7476806640625,193.80999755859375,354.5540771484375
2023-03-07,149.16893005371094,93.55000305175781,93.03504943847656,223.65570747905363,182.90380859375,247.2684326171875,23.24031639099121,290.40594482421875,118.42083740234375,52.465335845947266,380.8194580078125,187.7100067138672,349.06976318359375
2023-03-08,150.4185791015625,93.91999816894531,93.4216079711914,224.4588410703474,183.35983276367188,246.8306121826172,24.131484985351562,291.8563537597656,121.51861572265625,52.16641616821289,381.4408874511719,182.0,349.6134033203125
2023-03-09,148.17510986328125,92.25,91.50857543945312,219.42311271840015,180.10836791992188,245.48797607421875,23.38801383972168,286.79962158203125,119.19034576416016,51.53000259399414,374.4034118652344,172.9199981689453,343.21343994140625
2023-03-10,146.11863708496094,90.7300033569336,89.83343505859375,216.52255902265546,177.9473419189453,241.85894775390625,22.91797637939453,282.7718811035156,117.26162719726562,51.047882080078125,369.00091552734375,173.44000244140625,338.29180908203125
2023-03-13,148.05703735351562,92.43000030517578,90.3092041015625,218.76582742630723,179.32525634765625,247.0446319580078,22.918973922729492,284.8691101074219,117.18270874023438,50.92251968383789,368.4750061035156,174.47999572753906,337.7195129394531
2023-03-14,150.14303588867188,94.87999725341797,93.14407348632812,227.1931727621534,192.33102416992188,253.7285919189453,24.013731002807617,291.4153137207031,120.68989562988281,51.3660888671875,374.5659484863281,183.25999450683594,343.3279113769531
2023-03-15,150.53662109375,96.19999694824219,95.26526641845703,229.396492607175,196.028564453125,258.25274658203125,24.178390502929688,292.944091796875,119.33338928222656,50.54645919799805,372.2232971191406,180.4499969482422,341.2104187011719
2023-03-16,153.3507537841797,100.04000091552734,99.4382553100586,237.71528958542257,203.14605712890625,268.721435546875,25.48870277404785,300.666259765625,124.10830688476562,50.88395309448242,378.75396728515625,184.1300048828125,347.0476379394531
2023-03-17,152.51441955566406,98.94999694824219,100.72684478759766,235.95976664300963,193.90721130371094,271.86395263671875,25.672327041625977,299.24530029296875,123.47692108154297,50.151119232177734,374.3253479003906,180.1300048828125,343.2515869140625
2023-03-20,154.87586975097656,97.70999908447266,100.33036041259766,236.25029918512107,196.08802795410156,264.85888671875,25.846965789794922,300.3072509765625,124.71996307373047,51.066444396972656,377.9247131347656,183.25,346.35137939453125
2023-03-21,156.72573852539062,100.61000061035156,103.9978256225586,242.85200386201976,200.400146484375,266.36688232421875,26.145357131958008,304.596435546875,125.11458587646484,51.75562286376953,382.8870849609375,197.5800018310547,350.8819274902344
2023-03-22,155.29901123046875,98.69999694824219,102.46145629882812,240.00010376612596,198.0706329345703,264.917236328125,26.41380500793457,300.4544982910156,124.310546875,50.872318267822266,376.36016845703125,191.14999389648438,345.0638122558594
2023-03-23,156.38133239746094,98.70999908447266,104.67184448242188,243.55382761298884,202.50173950195312,270.141845703125,27.135324478149414,304.017333984375,127.6155014038086,50.68789291381836,377.3775939941406,192.22000122070312,345.8840637207031
2023-03-24,157.68020629882812,98.12999725341797,104.51326751708984,243.39015103864324,204.21664428710938,272.97308349609375,26.724166870117188,305.1362609863281,125.5979995727539,51.066444396972656,379.85400390625,190.41000366210938,348.1893005371094
2023-03-27,155.7417755126953,98.04000091552734,101.55944061279297,240.82748759532103,201.0742645263672,268.896484375,26.476675033569336,303.045654296875,124.13296508789062,51.650787353515625,380.5642395019531,191.80999755859375,348.7639465332031
2023-03-28,155.1219024658203,97.23999786376953,100.14201354980469,238.79329867635843,198.9330596923828,267.777587890625,26.35592269897461,301.4360046386719,123.26972961425781,51.949745178222656,379.71002197265625,189.19000244140625,348.1509704589844
2023-03-29,158.1918487548828,100.25,100.49884796142578,243.6813082899703,203.56240844726562,272.9146728515625,26.928749084472656,306.9323425292969,127.107421875,52.36713409423828,385.22906494140625,193.8800048828125,353.1023864746094
2023-03-30,159.75637817382812,102.0,100.00325012207031,246.08915037939803,206.0307159423828,276.3587646484375,27.326932907104492,309.8375549316406,128.9276123046875,52.51272964477539,387.48468017578125,195.27999877929688,355.2094421386719
2023-03-31,162.25563049316406,103.29000091552734,102.81829071044922,251.99143045888525,210.09503173828125,280.4937438964844,27.720123291015625,314.99041748046875,129.8253631591797,52.930118560791016,392.94610595703125,207.4600067138672,360.17041015625
2023-04-03,163.5052490234375,102.41000366210938,103.44275665283203,250.28061166340362,211.21522521972656,279.4527282714844,27.907739639282227,314.224853515625,129.08546447753906,54.15315246582031,394.44342041015625,194.77000427246094,361.5973815917969
2023-04-04,162.9739227294922,103.94999694824219,103.7995834350586,250.03942237024188,212.85081481933594,279.4040222167969,27.39678955078125,313.16485595703125,127.10250854492188,53.50279998779297,392.2550964355469,192.5800018310547,359.5574645996094
2023-04-05,161.1339111328125,101.0999984741211,103.55178833007812,245.62556310740206,209.63905334472656,276.6409606933594,26.825960159301758,310.0731201171875,124.87781524658203,54.182273864746094,391.2279968261719,185.52000427246094,358.6859130859375
2023-04-06,162.01950073242188,102.05999755859375,107.46705627441406,249.25744843691172,214.21884155273438,283.70440673828125,26.98163604736328,312.1636962890625,124.50292205810547,54.007545471191406,392.754150390625,185.05999755859375,360.0555114746094
2023-04-10,159.43165588378906,102.16999816894531,105.50447082519531,248.19247458288785,212.88058471679688,281.55426025390625,27.52252960205078,311.98699951171875,126.38723754882812,54.22109603881836,393.1572570800781,184.50999450683594,360.44805908203125
2023-04-11,158.2213897705078,99.91999816894531,104.4240493774414,23.82028579711914,211.98841857910156,275.1718444824219,27.113367080688477,309.9847717285156,125.71638488769531,54.41522979736328,393.2629089355469,186.7899932861328,360.4960021972656
2023-04-12,157.5326385498047,97.83000183105469,103.72028350830078,23.687875747680664,212.13711547851562,275.8139953613281,26.440752029418945,307.24639892578125,123.48184967041016,54.556941986083984,391.6600036621094,180.5399932861328,359.0594177246094
2023-04-13,162.90505981445312,102.4000015258789,106.48577117919922,24.39569091796875,218.43182373046875,281.9920654296875,26.408817291259766,313.26300048828125,124.47826385498047,55.036460876464844,396.86224365234375,185.89999389648438,363.7139587402344
2023-04-14,162.56063842773438,102.51000213623047,107.91311645507812,24.408344268798828,219.5618896484375,278.39227294921875,26.703210830688477,312.6740417480469,124.34508514404297,54.78407287597656,395.892822265625,185.0,362.96697998046875
2023-04-17,162.58035278320312,102.73999786376953,105.03858947753906,24.297353744506836,216.95480346679688,280.9801330566406,26.94671058654785,312.9389953613281,124.25628662109375,54.657894134521484,397.3133239746094,187.0399932861328,364.202392578125
2023-04-18,163.80044555664062,102.30000305175781,103.58151245117188,24.235044479370117,215.99322509765625,280.5618591308594,27.6103515625,312.9587097167969,124.81369018554688,54.77436447143555,397.5724792480469,184.30999755859375,364.451416015625
2023-04-19,164.94187927246094,104.30000305175781,103.26432800292969,24.2525691986084,213.82229614257812,280.6396789550781,27.873807907104492,312.8115234375,123.62982940673828,54.54140853881836,397.50531005859375,180.58999633789062,364.4322814941406
2023-04-20,163.97752380371094,103.80999755859375,104.36457824707031,24.145469665527344,211.21522521972656,278.363037109375,27.048498153686523,310.4264831542969,123.76795196533203,54.51228713989258,395.33612060546875,162.99000549316406,362.3731384277344
2023-04-21,162.3737335205078,106.95999908447266,104.48352813720703,24.24283218383789,211.03675842285156,278.02252197265625,27.0634708404541,310.7503662109375,122.5002212524414,54.53170394897461,395.64324951171875,165.0800018310547,362.5838623046875
2023-04-24,162.67872619628906,106.20999908447266,105.03858947753906,24.184415817260742,210.93763732910156,274.1405334472656,26.986629486083984,310.1025390625,121.84416961669922,54.90056228637695,396.0559997558594,162.5500030517578,363.062744140625
2023-04-25,161.1437530517578,102.56999969482422,102.93724060058594,23.64893341064453,205.74327087402344,267.9625244140625,26.187271118164062,304.25286865234375,117.9818115234375,54.46376419067383,389.76904296875,160.6699981689453,357.3259582519531
2023-04-26,161.1339111328125,104.9800033569336,102.7984619140625,24.10652732849121,207.5771484375,287.372314453125,26.900808334350586,306.09808349609375,118.80558776855469,53.57075500488281,388.1181640625,153.75,355.7361145019531
2023-04-27,165.7093505859375,109.81999969482422,106.64434814453125,25.459840774536133,236.48330688476562,296.576171875,27.170251846313477,314.4211730957031,119.95491027832031,54.1046142578125,395.84478759765625,160.19000244140625,362.7945251464844
2023-04-28,166.958984375,105.44999694824219,106.39655303955078,25.391691207885742,238.2279815673828,298.9403381347656,27.69217872619629,316.5902099609375,121.96255493164062,54.46376419067383,399.2234191894531,164.30999755859375,365.8975830078125
2023-05-01,166.87039184570312,102.05000305175781,106.25778198242188,25.291406631469727,241.06307983398438,297.2863464355469,28.85080337524414,316.22705078125,122.89484405517578,54.52199172973633,398.8203125,161.8300018310547,365.6485290527344
2023-05-02,165.8372802734375,103.62999725341797,104.3943099975586,25.11907958984375,237.15737915039062,297.1404113769531,28.152238845825195,313.4690856933594,121.82936096191406,53.56105041503906,394.3379211425781,160.30999755859375,361.549560546875
2023-05-03,164.76473999023438,103.6500015258789,104.48352813720703,25.070398330688477,234.9665985107422,296.1578063964844,27.745075225830078,311.4178161621094,120.5715103149414,53.26984786987305,391.6311950683594,160.61000061035156,359.03070068359375
2023-05-04,163.13136291503906,104.0,103.76985168457031,24.943832397460938,231.4871826171875,297.1404113769531,27.505565643310547,310.31854248046875,120.16703033447266,52.79422378540039,388.8572082519531,161.1999969482422,356.4065856933594
2023-05-05,170.78662109375,105.66000366210938,104.64212036132812,25.31574821472168,230.75360107421875,302.23858642578125,28.62127685546875,316.9141540527344,122.70740509033203,53.66781997680664,396.0559997558594,170.05999755859375,362.94781494140625
2023-05-08,170.7177276611328,105.83000183105469,106.82276916503906,25.44036865234375,231.23936462402344,300.292724609375,29.091312408447266,317.6993103027344,123.38813018798828,53.76488494873047,396.1615295410156,171.7899932861328,363.1488952636719
2023-05-09,169.01548767089844,106.62000274658203,106.40647888183594,25.34300994873047,231.33847045898438,298.6873779296875,28.512500762939453,315.68731689453125,121.48407745361328,53.68722915649414,394.42425537109375,169.14999389648438,361.5782470703125
2023-05-10,170.7767791748047,110.19000244140625,110.7677993774414,25.839550018310547,231.05101013183594,303.8536071777344,28.82585334777832,319.1225280761719,122.47063446044922,53.62899398803711,396.2671203613281,168.5399932861328,363.1584777832031
2023-05-11,170.96372985839844,112.18000030517578,115.54542541503906,26.20952033996582,233.73741149902344,301.7132263183594,28.51948356628418,320.1628112792969,121.38542175292969,53.33779525756836,395.5760498046875,172.0800018310547,362.6509094238281
2023-05-12,170.03750610351562,110.26000213623047,116.47718048095703,26.04400634765625,231.77464294433594,300.6040344238281,28.281970977783203,319.0144958496094,121.24730682373047,53.42515182495117,395.0577392578125,167.97999572753906,362.16241455078125
2023-05-15,169.54486083984375,111.19999694824219,115.4859619140625,26.151105880737305,236.7806854248047,301.0807800292969,28.89371681213379,320.74200439453125,124.42400360107422,53.4639892578125,396.420654296875,166.35000610351562,363.41705322265625
2023-05-16,169.54486083984375,113.4000015258789,118.4595947265625,26.413976669311523,236.74105834960938,303.2990417480469,29.153186798095703,321.1051025390625,124.3944091796875,52.726280212402344,393.7715759277344,166.52000427246094,361.01318359375
2023-05-17,170.15574645996094,115.5,119.77790069580078,26.77226448059082,240.37908935546875,306.1658020019531,30.116207122802734,324.9918518066406,127.758544921875,53.15336990356445,398.55157470703125,173.86000061035156,365.32293701171875
2023-05-18,172.48110961914062,118.1500015258789,121.75040435791016,27.231807708740234,244.70115661621094,310.5729675292969,31.61313819885254,331.0279541015625,132.23748779296875,53.201900482177734,402.3908996582031,176.88999938964844,368.89520263671875
2023-05-19,172.58949279785156,116.25,121.6810302734375,27.10718536376953,243.5016632080078,310.39739990234375,31.19998550415039,330.28204345703125,131.5074462890625,53.41544723510742,401.8053894042969,180.13999938964844,368.31103515625
2023-05-22,171.64353942871094,115.01000213623047,123.9509048461914,27.1928653717041,246.15835571289062,313.1665954589844,31.112165451049805,331.3912048339844,131.39892578125,53.12424850463867,401.9685974121094,188.8699951171875,368.5121765136719
2023-05-23,169.04232788085938,114.98999786376953,121.4827880859375,26.900781631469727,244.5920867919922,307.3942565917969,30.62516212463379,327.19036865234375,129.50474548339844,52.891292572021484,397.4573059082031,185.77000427246094,364.39398193359375
2023-05-24,169.31822204589844,116.75,119.83738708496094,26.9105167388916,247.04055786132812,306.0195007324219,30.47547149658203,325.5119934082031,127.60070037841797,52.687442779541016,394.57781982421875,182.89999389648438,361.6643981933594
2023-05-25,170.45135498046875,115.0,122.39469146728516,27.241544723510742,250.4903106689453,317.7882995605469,37.90223693847656,333.4326477050781,138.57118225097656,52.20212173461914,397.99481201171875,184.47000122070312,364.8153076171875
2023-05-26,172.8555145263672,120.11000061035156,123.51476287841797,27.913331985473633,259.7589111328125,324.58441162109375,38.86625671386719,341.9520568847656,145.37838745117188,52.0953483581543,403.149169921875,193.1699981689453,369.5560607910156
2023-05-30,174.6980743408203,121.66000366210938,122.5830307006836,28.11779022216797,260.2347717285156,322.9462890625,40.028865814208984,343.5028076171875,146.07884216308594,51.76533126831055,403.30267333984375,201.16000366210938,369.67095947265625
2023-05-31,174.64883422851562,120.58000183105469,121.7900619506836,27.963960647583008,262.41558837890625,320.1966552734375,37.756526947021484,341.549560546875,142.38912963867188,51.464420318603516,401.0663146972656,203.92999267578125,367.65972900390625
2023-06-01,177.4471435546875,122.7699966430664,122.6325912475586,28.38358497619629,270.2368469238281,324.2821044921875,39.68857192993164,345.49517822265625,144.5299530029297,51.96916198730469,404.8768310546875,207.52000427246094,371.1841735839844
2023-06-02,178.29454040527344,124.25,123.57423400878906,28.624067306518555,270.2368469238281,327.03173828125,39.2464714050293,348.08636474609375,144.17477416992188,52.91070556640625,410.7318420410156,213.97000122070312,376.6336364746094
2023-06-05,176.9446258544922,125.30000305175781,124.90245819091797,28.604595184326172,269.0274963378906,327.55828857421875,39.09079360961914,348.3316955566406,142.369384765625,52.98835372924805,409.9447326660156,217.61000061035156,375.9057922363281
2023-06-06,176.580078125,126.61000061035156,126.1910400390625,28.72142791748047,268.7598571777344,325.354736328125,38.574859619140625,348.2727966308594,143.37567138671875,52.92041778564453,410.83740234375,221.30999755859375,376.6815490722656
2023-06-07,175.21047973632812,121.2300033569336,121.4233169555664,27.854917526245117,261.3052978515625,315.31170654296875,37.40213394165039,342.3642578125,142.55682373046875,53.17277526855469,409.41680908203125,224.57000732421875,375.446044921875
2023-06-08,177.92007446289062,124.25,121.06646728515625,28.12265968322754,262.27685546875,317.1447448730469,38.43513107299805,346.6141357421875,144.20436096191406,53.4639892578125,411.89324951171875,234.86000061035156,377.6967468261719
2023-06-09,178.3043975830078,123.43000030517578,121.15570068359375,28.17620849609375,262.64361572265625,318.6366271972656,38.694618225097656,347.9391174316406,144.86537170410156,53.48339080810547,412.63232421875,244.39999389648438,378.3287658691406
2023-06-12,181.0928497314453,126.56999969482422,122.55328369140625,28.731164932250977,268.6905212402344,323.57037353515625,39.405235290527344,353.8182373046875,149.14700317382812,53.366920471191406,416.37567138671875,249.8300018310547,381.8053283691406
2023-06-13,180.61988830566406,126.66000366210938,122.74162292480469,28.68345832824707,268.95819091796875,325.9494934082031,40.942230224609375,356.5369873046875,151.20889282226562,53.70664596557617,419.1207275390625,258.7099914550781,384.3240966796875
2023-06-14,181.25048828125,126.41999816894531,122.5830307006836,28.867469787597656,270.970458984375,328.92340087890625,42.91340637207031,359.1280517578125,153.507568359375,53.1223030090332,419.619873046875,256.7900085449219,384.6210021972656
2023-06-15,183.28025817871094,127.11000061035156,123.99053955078125,29.383480072021484,279.3765869140625,339.4148864746094,42.570072174072266,363.407470703125,152.40261840820312,53.84253692626953,424.8221740722656,255.89999389648438,389.5532531738281
2023-06-16,182.20626831054688,125.48999786376953,122.44425964355469,29.069978713989258,278.5538330078125,333.78887939453125,42.60899353027344,361.12054443359375,151.3174285888672,53.71635055541992,423.37518310546875,260.5400085449219,388.11669921875
2023-06-20,182.29493713378906,125.77999877929688,122.0180435180664,29.013511657714844,281.8548278808594,329.6156005859375,43.72282409667969,360.60357666015625,150.78468322753906,53.306610107421875,421.1785888671875,274.45001220703125,386.3257751464844
2023-06-21,181.26036071777344,124.83000183105469,119.49044799804688,28.72142791748047,279.1882629394531,325.2376708984375,42.961307525634766,355.68939208984375,147.33175659179688,53.609046936035156,419.0205383300781,259.4599914550781,384.2091979980469
2023-06-22,184.2557373046875,130.14999389648438,122.06759643554688,29.383480072021484,282.40008544921875,331.2342529296875,42.941349029541016,359.8861389160156,148.0618133544922,53.6285514831543,420.53314208984375,264.6099853515625,385.6075134277344
2023-06-23,183.9404296875,129.3300018310547,121.26470947265625,29.276384353637695,286.2165222167969,326.6612548828125,42.12693405151367,356.3184509277344,145.54608154296875,53.37489318847656,417.3539123535156,256.6000061035156,382.7151184082031
2023-06-26,182.55113220214844,127.33000183105469,117.29986572265625,28.653276443481445,276.0458984375,320.40142822265625,40.55299377441406,351.5418395996094,144.875244140625,53.5309944152832,415.6487121582031,241.0500030517578,381.13494873046875
2023-06-27,185.30020141601562,129.17999267578125,117.28996276855469,28.994041442871094,284.5511474609375,326.2225036621094,41.79458236694336,357.586181640625,149.47256469726562,53.70659637451172,420.20556640625,250.2100067138672,385.35845947265625
2023-06-28,186.47271728515625,129.0399932861328,119.12370300292969,29.101133346557617,282.80657958984375,327.47052001953125,41.03705596923828,358.2840270996094,148.12098693847656,53.63831329345703,420.41748046875,256.239990234375,385.5307922363281
2023-06-29,186.80770874023438,127.9000015258789,118.05318450927734,28.906414031982422,279.0792236328125,326.6905517578125,40.74263000488281,357.5665588378906,147.90394592285156,54.11635208129883,422.0745849609375,257.5,387.0077209472656
2023-06-30,191.12342834472656,130.36000061035156,118.64791870117188,29.451635360717773,284.4818420410156,332.04351806640625,42.219757080078125,363.0803527832031,150.20262145996094,54.57489013671875,427.0552978515625,261.7699890136719,391.5939636230469
2023-07-03,189.6356201171875,130.22000122070312,118.84616088867188,29.354272842407227,283.5301513671875,329.5571594238281,42.330528259277344,363.9354553222656,151.53448486328125,54.594383239746094,427.5466613769531,279.82000732421875,392.343994140625
2023-07-05,188.52220153808594,130.3800048828125,120.6799087524414,29.597675323486328,291.80743408203125,329.713134765625,42.23472213745117,363.9255676269531,148.6734619140625,54.36024475097656,426.9107666015625,282.4800109863281,391.468994140625
2023-07-06,188.9951629638672,128.36000061035156,119.0543212890625,29.46137237548828,289.44818115234375,332.7553405761719,42.02113723754883,361.1539611816406,146.9075469970703,53.784645080566406,423.56781005859375,276.5400085449219,388.27685546875
2023-07-07,187.88174438476562,129.77999877929688,118.42986297607422,29.400033950805664,288.00091552734375,328.8063659667969,42.42036056518555,359.95489501953125,147.045654296875,53.599281311035156,422.4984130859375,274.42999267578125,387.37310791015625
2023-07-10,185.8421173095703,127.12999725341797,115.42648315429688,28.906414031982422,291.5398254394531,323.5508117675781,42.097991943359375,360.07281494140625,149.1272735595703,53.979766845703125,423.56781005859375,269.6099853515625,388.4114685058594
2023-07-11,185.31988525390625,128.77999877929688,116.11041259765625,29.140079498291016,295.693359375,324.1748352050781,42.32254409790039,361.851806640625,149.28512573242188,54.33097457885742,426.265380859375,269.7900085449219,390.9017028808594
2023-07-12,186.98509216308594,130.8000030517578,117.88469696044922,29.6463565826416,306.64715576171875,328.7868957519531,43.81663513183594,366.42205810546875,152.42236328125,54.30171203613281,429.695068359375,271.989990234375,393.97845458984375
2023-07-13,187.74378967285156,134.3000030517578,123.44538116455078,30.376562118530273,310.6817321777344,334.1106262207031,45.88760757446289,372.6434020996094,156.08248901367188,54.07732391357422,433.1054992675781,277.8999938964844,397.1898193359375
2023-07-14,187.89158630371094,134.67999267578125,124.31764221191406,30.27920150756836,306.18121337890625,336.62628173828125,45.38059616088867,372.564697265625,154.7900848388672,53.916351318359375,432.8357238769531,281.3800048828125,396.8725891113281
2023-07-17,191.1431427001953,133.55999755859375,123.55441284179688,30.3668270111084,307.916015625,337.1041259765625,46.370662689208984,376.0439453125,157.67083740234375,54.0187873840332,434.338623046875,290.3800048828125,398.25714111328125
2023-07-18,190.88697814941406,132.8300018310547,122.6722412109375,30.532339096069336,309.3335876464844,350.520751953125,47.40165710449219,379.1202697753906,158.1049041748047,54.30171203613281,437.56597900390625,293.3399963378906,401.2762145996094
2023-07-19,192.2368927001953,135.36000061035156,120.95743560791016,30.707590103149414,313.2590637207031,346.22076416015625,46.98546600341797,379.0318603515625,156.447509765625,54.4870719909668,438.5390319824219,291.260009765625,402.1415100097656
2023-07-20,190.2957763671875,129.9600067138672,118.15231323242188,29.807973861694336,299.88653564453125,338.21563720703125,45.43149185180664,370.2944030761719,150.91293334960938,55.26755905151367,435.6295471191406,262.8999938964844,399.5166015625
2023-07-21,189.12327575683594,130.0,118.96510314941406,29.568466186523438,291.6984558105469,335.1929016113281,44.22285079956055,369.18377685546875,151.72190856933594,55.490966796875,435.6295471191406,260.0199890136719,399.56475830078125
2023-07-24,189.92135620117188,128.8000030517578,120.46183776855469,29.62688446044922,289.07147216796875,336.49951171875,44.52526092529297,369.77349853515625,151.85015869140625,55.61486053466797,437.5756530761719,269.05999755859375,401.2569580078125
2023-07-25,190.7786102294922,129.1300048828125,121.13585662841797,29.88975715637207,291.90655517578125,342.22308349609375,45.590179443359375,372.27972412109375,154.2869415283203,55.63633346557617,438.7702331542969,265.2799987792969,402.4394836425781
2023-07-26,191.64564514160156,128.14999389648438,128.13381958007812,29.94817352294922,295.9709167480469,329.3426208496094,45.36362075805664,371.0413513183594,152.5999298095703,55.482181549072266,438.8376770019531,264.3500061035156,402.5356750488281
2023-07-27,190.3844451904297,128.25,128.2626495361328,30.19157600402832,308.9965515136719,322.468505859375,45.81075668334961,370.15673828125,155.34255981445312,55.16901397705078,435.9281921386719,255.7100067138672,399.80511474609375
2023-07-28,192.95619201660156,132.2100067138672,131.41470336914062,30.965595245361328,322.64666748046875,329.9277038574219,46.65910339355469,376.8990783691406,158.3416748046875,55.325111389160156,440.1961364746094,266.44000244140625,403.6990661621094
2023-07-31,193.56704711914062,133.67999267578125,131.55349731445312,30.795211791992188,315.8265075683594,327.538818359375,46.63813781738281,377.0956115722656,158.46006774902344,55.53487014770508,441.0342712402344,267.42999267578125,404.47796630859375
2023-08-01,192.73939514160156,131.69000244140625,130.39378356933594,30.76600456237793,319.9007263183594,327.94830322265625,46.41657257080078,376.2208557128906,158.37127685546875,55.495845794677734,439.77215576171875,261.07000732421875,403.2279968261719
2023-08-02,189.7538604736328,128.2100067138672,127.25164031982422,30.06500816345215,311.5738830566406,319.3288879394531,44.182926177978516,367.965087890625,152.5604705810547,55.345603942871094,433.6546630859375,254.11000061035156,397.6417541503906
2023-08-03,188.36456298828125,128.91000366210938,127.32102966308594,30.040666580200195,310.46368408203125,318.5097961425781,44.428443908691406,367.3753356933594,152.1165313720703,55.33584213256836,432.41180419921875,259.32000732421875,396.5168151855469
2023-08-04,179.3192596435547,139.57000732421875,126.98400115966797,30.094215393066406,308.02508544921875,319.60186767578125,44.5931282043457,365.6553649902344,152.17572021484375,55.11145782470703,430.45611572265625,253.86000061035156,394.5745849609375
2023-08-07,176.225341796875,142.22000122070312,130.37391662597656,30.454450607299805,313.80426025390625,321.87371826171875,45.32869338989258,368.7513427734375,153.81341552734375,55.6187629699707,434.21337890625,251.4499969482422,398.13201904296875
2023-08-08,177.16139221191406,139.94000244140625,130.24510192871094,30.19157600402832,309.91845703125,317.9150390625,44.5771598815918,365.6159973144531,151.2779541015625,56.38949203491211,432.3251037597656,249.6999969482422,396.41107177734375
2023-08-09,175.5749969482422,137.85000610351562,128.52040100097656,29.850812911987305,302.5530700683594,314.1903991699219,42.47126007080078,361.5963134765625,148.27883911132812,56.60411834716797,429.4349060058594,242.19000244140625,393.77655029296875
2023-08-10,175.3582305908203,138.55999755859375,128.5501251220703,29.906307220458984,303.0784912109375,314.8729248046875,42.30558395385742,362.2645263671875,147.95327758789062,56.6002197265625,429.58905029296875,245.33999633789062,394.0072937011719
2023-08-11,175.41746520996094,138.41000366210938,128.42124938964844,29.709638595581055,299.0141906738281,313.0008239746094,40.77555847167969,359.95489501953125,144.2438507080078,57.10752868652344,429.3385925292969,242.64999389648438,393.6419677734375
2023-08-14,177.065185546875,140.57000732421875,130.1757049560547,30.06500816345215,303.52459716796875,315.95526123046875,43.667930603027344,363.9943542480469,148.63401794433594,57.35533142089844,431.70855712890625,239.75999450683594,395.8629455566406
2023-08-15,175.0819854736328,137.6699981689453,128.63931274414062,29.74663734436035,299.3215026855469,313.82952880859375,43.85456848144531,360.13189697265625,146.8483428955078,56.73094940185547,426.6795959472656,232.9600067138672,391.3247985839844
2023-08-16,174.21372985839844,135.07000732421875,127.56880950927734,29.29585838317871,291.7281494140625,313.06744384765625,43.40144348144531,356.3184509277344,144.5299530029297,56.55533981323242,423.548583984375,225.60000610351562,388.4306945800781
2023-08-17,171.67803955078125,133.97999572753906,128.77809143066406,29.091398239135742,282.6082458496094,309.6280212402344,43.25972366333008,352.4263610839844,143.55325317382812,56.37778091430664,420.3211975097656,219.22000122070312,385.2866516113281
2023-08-18,172.16152954101562,133.22000122070312,126.3397216796875,28.789581298828125,280.7843322753906,309.2371826171875,43.21480941772461,351.9841003417969,144.1649169921875,56.63728713989258,420.52349853515625,215.49000549316406,385.6423645019531
2023-08-21,173.4934844970703,134.67999267578125,127.24171447753906,29.208232879638672,287.37640380859375,314.5135803222656,46.87567901611328,357.6550598144531,149.00888061523438,56.655826568603516,423.2595520019531,231.27999877929688,388.1903991699219
2023-08-22,174.86492919921875,134.25,127.94550323486328,29.208232879638672,285.0964050292969,315.0802917480469,45.57920837402344,357.14398193359375,147.51919555664062,56.38167953491211,422.11309814453125,233.19000244140625,387.1038513183594
2023-08-23,178.70298767089844,135.52000427246094,131.20655822753906,29.7242431640625,291.6785888671875,319.5164489746094,47.02439498901367,362.7756042480469,150.71563720703125,56.52606964111328,426.8144836425781,236.86000061035156,391.27667236328125
2023-08-24,174.02630615234375,131.83999633789062,128.63931274414062,29.110870361328125,284.2538146972656,312.64727783203125,47.07130432128906,355.02099609375,146.81875610351562,56.135833740234375,420.8992614746094,230.0399932861328,386.0751037597656
2023-08-25,176.2265167236328,133.25999450683594,128.7384796142578,29.237442016601562,283.0146789550781,315.58843994140625,45.92852783203125,357.77301025390625,147.08509826660156,56.48119354248047,423.86651611328125,238.58999633789062,388.6325988769531
2023-08-28,177.78543090820312,133.13999938964844,129.85850524902344,29.42242431640625,287.7333068847656,316.2919006347656,46.74394607543945,360.46600341796875,148.90036010742188,56.71729278564453,426.5543518066406,238.82000732421875,391.19012451171875
2023-08-29,181.66294860839844,134.91000366210938,133.38720703125,30.060138702392578,295.39599609375,320.8940734863281,48.689151763916016,368.3385009765625,152.7183380126953,56.994354248046875,432.72015380859375,257.17999267578125,396.7475891113281
2023-08-30,185.14588928222656,135.07000732421875,134.6857147216797,30.152629852294922,292.5311279296875,321.26544189453125,49.168212890625,370.3927001953125,153.49769592285156,57.054847717285156,434.5024108886719,256.8999938964844,398.40130615234375
2023-08-31,185.36293029785156,138.00999450683594,134.97317504882812,30.41939926147461,293.314208984375,320.259033203125,49.2590446472168,371.50323486328125,154.11923217773438,56.84899139404297,433.8666076660156,258.0799865722656,397.8917236328125
2023-09-01,186.93174743652344,138.1199951171875,134.46763610839844,30.337615966796875,293.7999267578125,321.138427734375,48.41468048095703,371.1100769042969,154.109375,57.38362503051758,434.6758117675781,245.00999450683594,398.7378234863281
2023-09-05,187.1685333251953,137.27000427246094,134.57667541503906,30.549863815307617,297.5372314453125,325.9165344238281,48.45361328125,371.5819091796875,154.47438049316406,57.16995620727539,432.7972106933594,256.489990234375,396.9975280761719
2023-09-06,180.46914672851562,135.36000061035156,133.27818298339844,30.11368751525879,296.56573486328125,325.2618408203125,46.97336196899414,368.3089904785156,152.67886352539062,57.004112243652344,429.8877258300781,251.9199981689453,394.25732421875
2023-09-07,175.19053649902344,137.85000610351562,134.07115173339844,30.0455379486084,296.070068359375,322.35980224609375,46.1548957824707,365.675048828125,149.29498291015625,57.284114837646484,428.5678405761719,251.49000549316406,393.0843505859375
2023-09-08,175.80226135253906,138.22999572753906,135.18130493164062,30.22078514099121,295.29681396484375,326.6200866699219,45.487144470214844,366.1860656738281,148.35777282714844,57.72410583496094,429.2132873535156,248.5,393.6227722167969
2023-09-11,176.9665069580078,143.10000610351562,135.7165985107422,30.717323303222656,304.8826599121094,330.2060852050781,45.0938720703125,370.50079345703125,148.46629333496094,57.67728042602539,432.0361328125,273.5799865722656,396.2091369628906
2023-09-12,173.9473419189453,141.22999572753906,134.15045166015625,30.26946449279785,299.0340576171875,324.17724609375,44.78644943237305,366.39251708984375,147.3514862060547,58.213844299316406,429.6661376953125,267.4800109863281,394.0842590332031
2023-09-13,171.88523864746094,144.85000610351562,135.5084228515625,30.532339096069336,302.4044189453125,328.36907958984375,45.400306701660156,367.7880859375,148.54522705078125,57.929954528808594,430.1671142578125,271.29998779296875,394.5457763671875
2023-09-14,173.39479064941406,144.72000122070312,136.88624572753906,30.87796974182129,309.0064392089844,330.9486999511719,45.49612045288086,370.7956237792969,149.35418701171875,58.487022399902344,433.876220703125,276.0400085449219,397.958984375
2023-09-15,172.67453002929688,140.38999938964844,136.19235229492188,30.25193977355957,297.69573974609375,322.6626892089844,43.81825256347656,364.4465026855469,144.8357696533203,57.7260627746582,428.6487121582031,274.3900146484375,392.9977722167969
2023-09-18,175.59506225585938,139.97999572753906,136.99522399902344,30.327878952026367,299.91632080078125,321.52923583984375,43.88412857055664,364.8263854980469,145.31919860839844,57.822120666503906,428.90008544921875,265.2799987792969,393.4304504394531
2023-09-19,176.68040466308594,137.6300048828125,136.8267059326172,30.396032333374023,302.4143371582031,321.128662109375,43.438968658447266,364.048828125,144.06626892089844,57.74664306640625,428.0106506347656,266.5,392.64202880859375
2023-09-20,173.14816284179688,135.2899932861328,132.56451416015625,29.688222885131836,297.0613708496094,313.4289855957031,42.16034698486328,358.80267333984375,141.6985321044922,57.20458984375,424.0758056640625,262.5899963378906,388.9691162109375
2023-09-21,171.60894775390625,129.3300018310547,129.29351806640625,29.110870361328125,293.1556396484375,312.21734619140625,40.94062042236328,352.22784423828125,138.86712646484375,56.087158203125,417.0664978027344,255.6999969482422,382.5945129394531
2023-09-22,172.45748901367188,129.1199951171875,129.10519409179688,29.121580123901367,296.4764709472656,309.7550048828125,41.53252410888672,352.2770690917969,140.05099487304688,56.32240676879883,416.12872314453125,244.8800048828125,381.6715087890625
2023-09-25,173.7302703857422,131.27000427246094,129.9576416015625,29.305593490600586,298.2112731933594,310.27288818359375,42.14338302612305,353.9503479003906,141.0375518798828,56.47924041748047,417.8786315917969,246.99000549316406,383.25787353515625
2023-09-26,169.665283203125,125.9800033569336,127.43998718261719,28.779842376708984,296.3575134277344,304.99652099609375,41.83295440673828,348.63525390625,138.80792236328125,55.87150955200195,411.7394714355469,244.1199951171875,377.6332092285156
2023-09-27,168.15567016601562,125.9800033569336,129.3926544189453,28.760372161865234,295.1480712890625,305.63165283203125,42.388919830322266,349.4522705078125,140.08058166503906,56.06755447387695,411.90380859375,240.5,377.71978759765625
2023-09-28,168.41220092773438,125.9800033569336,131.14710998535156,28.955093383789062,301.3139953613281,306.4621276855469,43.008766174316406,352.3755187988281,142.3496551513672,56.6458740234375,414.2917785644531,246.3800048828125,379.9232177734375
2023-09-29,168.92527770996094,127.12000274658203,129.70982360839844,28.994041442871094,297.59661865234375,308.5238952636719,43.417999267578125,352.6313781738281,143.03038024902344,56.147926330566406,413.2862548828125,250.22000122070312,379.0159606933594
2023-10-02,171.43138122558594,129.4600067138672,132.99073791503906,29.548994064331055,304.14910888671875,314.4353942871094,44.698612213134766,355.5743713378906,144.26356506347656,56.14596939086914,413.1219482421875,251.60000610351562,378.98699951171875
2023-10-03,170.09938049316406,124.72000122070312,131.2660369873047,28.8382625579834,298.3203125,306.2178955078125,43.435970306396484,349.33416748046875,141.05728149414062,55.33240509033203,407.59185791015625,246.52999877929688,373.8910217285156
2023-10-04,171.3425750732422,127.0,134.0513458251953,29.53925895690918,302.919921875,311.6604309082031,43.95899200439453,354.088134765625,143.25730895996094,55.783294677734375,410.5599365234375,261.1600036621094,376.6416320800781
2023-10-05,172.57589721679688,125.95999908447266,133.8828582763672,29.559703826904297,302.13677978515625,312.0512390136719,44.60478973388672,353.0447692871094,143.25730895996094,55.763694763183594,410.4052734375,260.04998779296875,376.3232116699219
2023-10-06,175.1214599609375,127.95999908447266,136.37078857421875,30.133159637451172,312.68414306640625,319.7704162597656,45.676788330078125,358.9602355957031,146.35507202148438,56.77329635620117,415.27789306640625,260.5299987792969,380.8111877441406
2023-10-09,176.60145568847656,128.25999450683594,137.20338439941406,30.172101974487305,315.5886535644531,322.2718811035156,45.18869400024414,360.7909240722656,145.9801788330078,57.008548736572266,417.9366455078125,259.6700134277344,383.3495178222656
2023-10-10,176.00946044921875,129.47999572753906,136.8465576171875,30.33275032043457,319.0382995605469,320.8746337890625,45.71271896362305,362.7889404296875,147.78558349609375,57.57707214355469,420.1119079589844,263.6199951171875,385.32806396484375
2023-10-11,177.400634765625,131.8300018310547,139.3146514892578,30.773792266845703,324.9662780761719,324.8124084472656,46.71883773803711,365.3775634765625,149.38377380371094,58.02796173095703,421.8328552246094,262.989990234375,386.9591369628906
2023-10-12,178.29849243164062,132.3300018310547,137.74856567382812,30.649173736572266,321.338134765625,323.5812072753906,46.857582092285156,364.1078796386719,150.1434326171875,57.76331329345703,419.26104736328125,258.8699951171875,384.6331787109375
2023-10-13,176.46331787109375,129.7899932861328,136.15269470214844,29.938438415527344,311.9505615234375,320.229736328125,45.37635040283203,359.53106689453125,146.38465881347656,57.09383010864258,417.17279052734375,251.1199951171875,382.60638427734375
2023-10-16,176.3350372314453,132.5500030517578,137.87744140625,30.327878952026367,318.35430908203125,325.0273742675781,46.0091667175293,363.5960693359375,148.07167053222656,57.828975677490234,421.5620422363281,253.9199981689453,386.6117248535156
2023-10-17,174.7860107421875,131.47000122070312,138.49197387695312,30.259729385375977,321.1795654296875,324.4605712890625,43.85618209838867,362.4051513671875,146.32546997070312,57.62803268432617,421.542724609375,254.85000610351562,386.621337890625
2023-10-18,173.4934844970703,128.1300048828125,136.7474365234375,29.42242431640625,314.21075439453125,322.5552673339844,42.1174201965332,357.651123046875,143.39541625976562,56.69488525390625,415.9256896972656,242.67999267578125,381.4481506347656
2023-10-19,173.11856079101562,128.39999389648438,136.53927612304688,29.062191009521484,310.0869445800781,323.7375793457031,42.02260971069336,354.3045654296875,142.41873168945312,56.20478439331055,412.27117919921875,220.11000061035156,378.2148742675781
2023-10-20,170.57301330566406,125.16999816894531,134.40817260742188,28.42934799194336,305.9631652832031,319.1939697265625,41.309940338134766,349.0191345214844,140.18911743164062,55.44022750854492,407.2052001953125,211.99000549316406,373.5049133300781
2023-10-23,170.69137573242188,126.55999755859375,135.3002471923828,28.818788528442383,311.2764587402344,321.7833251953125,42.89497375488281,350.0722961425781,140.68240356445312,55.82250213623047,406.4994201660156,212.0800018310547,372.8486328125
2023-10-24,171.12548828125,128.55999755859375,137.58995056152344,29.062191009521484,309.8292236328125,322.9656677246094,43.581695556640625,353.4778747558594,142.32994079589844,56.24399185180664,409.56414794921875,216.52000427246094,375.63800048828125
2023-10-25,168.8167266845703,121.38999938964844,124.50597381591797,28.14699935913086,296.9225769042969,332.8736267089844,41.701202392578125,344.8261413574219,136.81507873535156,55.263790130615234,403.6859436035156,212.4199981689453,370.3392028808594
2023-10-26,164.6629180908203,119.56999969482422,121.20524597167969,27.261016845703125,285.8398742675781,320.3860778808594,40.250911712646484,338.2513427734375,135.61151123046875,54.58744430541992,398.8520812988281,205.75999450683594,365.7933654785156
2023-10-27,165.9751434326172,127.73999786376953,121.0962142944336,27.777029037475586,294.14697265625,322.2620849609375,40.424583435058594,339.8753356933594,136.4500732421875,54.31789779663086,397.04412841796875,207.3000030517578,364.1719055175781
2023-10-30,168.0175323486328,132.7100067138672,123.3660888671875,28.156734466552734,300.02532958984375,329.5904541015625,41.08435821533203,343.7041320800781,136.10479736328125,54.9991340637207,401.7911071777344,197.36000061035156,368.5536804199219
2023-10-31,168.4911651611328,133.08999633789062,122.98943328857422,28.09832000732422,298.6473693847656,330.3721618652344,40.704063415527344,345.347900390625,137.0814666748047,55.028541564941406,404.314453125,200.83999633789062,370.7832336425781
2023-11-01,171.6484375,137.0,125.3386001586914,28.85773277282715,309.13531494140625,338.1500244140625,42.24618911743164,351.34197998046875,140.4949493408203,55.861717224121094,408.6263732910156,205.66000366210938,374.8658142089844
2023-11-02,175.20040893554688,138.07000732421875,126.36944580078125,29.4029541015625,308.163818359375,340.3485107421875,43.42498779296875,357.719970703125,144.13534545898438,56.88112258911133,416.4573974609375,218.50999450683594,381.9886779785156
2023-11-03,174.2926483154297,138.60000610351562,127.9653091430664,29.656091690063477,311.8614196777344,344.7259216308594,44.921199798583984,361.9228820800781,147.4994659423828,57.48884963989258,420.2568664550781,219.9600067138672,385.5211181640625
2023-11-06,176.83824157714844,139.74000549316406,129.10519409179688,29.97738265991211,313.0509033203125,348.37054443359375,45.66580581665039,363.39923095703125,147.93353271484375,57.929935455322266,421.2237243652344,219.27000427246094,386.2642822265625
2023-11-07,179.39370727539062,142.7100067138672,129.81886291503906,30.327878952026367,316.044677734375,352.2790832519531,45.86943435668945,366.8343200683594,148.86090087890625,57.98875045776367,422.4225158691406,222.17999267578125,387.35491943359375
2023-11-08,180.4493865966797,142.0800018310547,130.6812286376953,30.503131866455078,316.9963073730469,354.8879699707031,46.48727035522461,367.0705261230469,149.3936309814453,58.361228942871094,422.73193359375,222.11000061035156,387.6734313964844
2023-11-09,179.97581481933594,140.60000610351562,129.0952911376953,30.180866241455078,317.7595520019531,352.4353942871094,46.862571716308594,364.2456970214844,149.1272735595703,57.978946685791016,419.43511962890625,209.97999572753906,384.7489929199219
2023-11-10,184.15487670898438,143.55999755859375,131.4246368408203,30.9315185546875,325.90802001953125,361.2098693847656,48.244991302490234,372.43475341796875,155.1649932861328,59.187530517578125,425.9803466796875,214.64999389648438,390.752197265625
2023-11-13,182.57411193847656,142.58999633789062,130.92901611328125,30.921781539916992,326.32440185546875,358.2882995605469,48.529457092285156,371.2732849121094,154.2178955078125,59.45905685424805,425.5743103027344,223.7100067138672,390.35650634765625
2023-11-14,185.1822967529297,145.8000030517578,132.44557189941406,31.632516860961914,333.3823547363281,361.79620361328125,49.56353759765625,379.26544189453125,158.9237518310547,60.4294548034668,433.830810546875,237.41000366210938,397.85577392578125
2023-11-15,185.7454833984375,143.1999969482422,133.43675231933594,31.52541732788086,329.8136901855469,361.9430236816406,48.796966552734375,379.5509338378906,159.04212951660156,60.15498733520508,434.7491760253906,242.83999633789062,398.72442626953125
2023-11-16,187.4249725341797,142.8300018310547,135.72647094726562,31.729873657226562,331.28082275390625,368.30712890625,49.38786315917969,379.8757629394531,159.63406372070312,60.115779876708984,435.2809753417969,233.58999633789062,399.2841796875
2023-11-17,187.40521240234375,145.17999267578125,134.1207275390625,31.58383560180664,332.1234436035156,362.1192626953125,49.206207275390625,379.9643249511719,160.38385009765625,60.46866226196289,435.8223876953125,234.3000030517578,399.8728942871094
2023-11-20,189.14401245117188,146.1300048828125,135.05247497558594,32.148529052734375,337.010498046875,369.5506896972656,50.315128326416016,384.5903625488281,162.68251037597656,61.10578918457031,439.1771545410156,235.60000610351562,402.88421630859375
2023-11-21,188.34378051757812,143.89999389648438,135.7661590576172,31.992752075195312,334.0465393066406,365.2720031738281,49.85100555419922,382.3561096191406,160.28518676757812,60.86074447631836,438.2199401855469,241.1999969482422,401.83221435546875
2023-11-22,189.00572204589844,146.7100067138672,137.27276611328125,31.992752075195312,338.5172424316406,369.95208740234375,48.62528610229492,383.92108154296875,159.93988037109375,60.86074447631836,439.911865234375,234.2100067138672,403.5695495605469
2023-11-24,187.68185424804688,146.74000549316406,135.48858642578125,31.778554916381836,335.2856750488281,369.5407409667969,47.68703079223633,383.37969970703125,159.58473205566406,60.79801559448242,440.18255615234375,235.4499969482422,403.7914733886719
2023-11-27,187.5040283203125,147.72999572753906,135.21104431152344,31.82723617553711,331.78643798828125,370.6961364746094,48.15217208862305,383.0451354980469,159.486083984375,60.57844543457031,439.3898620605469,236.0800018310547,403.0868835449219
2023-11-28,188.10667419433594,147.02999877929688,135.99411010742188,32.05116271972656,336.0390319824219,374.7006530761719,47.731956481933594,384.0490417480469,158.56858825683594,60.4294548034668,439.82489013671875,246.72000122070312,403.4826354980469
2023-11-29,187.08905029296875,146.32000732421875,133.80355834960938,31.846710205078125,329.30816650390625,370.9311218261719,48.050357818603516,383.6750183105469,160.0286865234375,60.30693054199219,439.5154724121094,244.13999938964844,403.2220764160156
2023-11-30,187.66212463378906,146.08999633789062,131.3651580810547,31.340431213378906,324.3021545410156,370.9898986816406,46.682918548583984,382.7104187011719,158.3219451904297,60.4294548034668,441.2460632324219,240.0800018310547,404.78558349609375
2023-12-01,188.93655395507812,147.02999877929688,130.70101928710938,31.340431213378906,321.99237060546875,366.681884765625,46.67792510986328,383.8030090332031,158.9632110595703,60.66470718383789,443.8564147949219,238.8300018310547,407.15985107421875
2023-12-04,187.1483612060547,144.83999633789062,128.13381958007812,30.795211791992188,317.23419189453125,361.424072265625,45.42525100708008,380.2399597167969,156.64480590820312,60.28242492675781,441.5263977050781,235.5800018310547,405.1137390136719
2023-12-05,191.0902862548828,146.8800048828125,129.83868408203125,31.2528076171875,315.5192565917969,364.7334289550781,46.48337173461914,381.1946716308594,156.64480590820312,60.081478118896484,441.4394836425781,238.72000122070312,404.98828125
2023-12-06,190.00355529785156,144.52000427246094,128.87722778320312,30.98019790649414,314.6865234375,361.0911560058594,45.42226028442383,378.98992919921875,155.38201904296875,59.841331481933594,439.6604919433594,239.3699951171875,403.2992248535156
2023-12-07,191.9300994873047,146.8800048828125,135.72647094726562,31.603309631347656,323.7469482421875,363.1962585449219,46.51332473754883,384.2852478027344,158.93362426757812,60.272621154785156,443.01531982421875,242.63999938964844,406.4552917480469
2023-12-08,193.35272216796875,147.4199981689453,133.80355834960938,31.8564453125,329.8533935546875,366.4076843261719,47.42170715332031,385.9978332519531,160.2950439453125,60.88720703125,444.919921875,243.83999633789062,408.1829833984375
2023-12-11,190.8531951904297,145.88999938964844,132.11846923828125,31.408584594726562,322.44842529296875,363.5389709472656,46.54426574707031,389.2951354980469,164.14260864257812,61.39985656738281,446.65045166015625,239.74000549316406,409.76580810546875
2023-12-12,192.36474609375,147.47999572753906,131.35525512695312,31.6519832611084,331.3105773925781,366.5545349121094,47.572452545166016,392.39556884765625,165.87893676757812,61.95758819580078,448.6904296875,237.00999450683594,411.80224609375
2023-12-13,195.5756072998047,148.83999633789062,131.40480041503906,31.8174991607666,331.8260498046875,366.5447998046875,48.0026741027832,397.3857421875,167.83230590820312,62.73292922973633,454.8779296875,239.2899932861328,417.4098205566406
2023-12-14,195.7238311767578,147.4199981689453,130.78033447265625,31.866182327270508,330.2696838378906,358.2812194824219,48.26420211791992,397.0412902832031,170.93008422851562,62.800559997558594,456.3377990722656,251.0500030517578,418.6355285644531
2023-12-15,195.19033813476562,149.97000122070312,131.4345703125,32.129058837890625,332.0044860839844,362.9809265136719,48.80324935913086,398.9605712890625,171.7390594482422,62.968177795410156,455.5863952636719,253.5,417.9985046386719
2023-12-18,193.53053283691406,154.07000732421875,134.60641479492188,32.63533020019531,341.6200256347656,364.8607482910156,49.9881477355957,401.4734802246094,172.03977966308594,63.551902770996094,458.1491394042969,252.0800018310547,420.3631591796875
2023-12-19,194.56790161132812,153.7899932861328,135.4489288330078,32.791107177734375,347.3100891113281,365.4580383300781,49.515987396240234,403.5248718261719,172.61544799804688,64.07273864746094,460.93505859375,257.2200012207031,422.92083740234375
2023-12-20,192.4833221435547,152.1199951171875,137.12408447265625,32.401668548583984,346.239501953125,362.8731994628906,48.025634765625,397.5285339355469,167.81175231933594,63.060546875,454.5478210449219,247.13999938964844,416.81622314453125
2023-12-21,192.33511352539062,153.83999633789062,139.1858367919922,32.83979034423828,351.007568359375,365.7321472167969,48.903076171875,402.15399169921875,171.96038818359375,63.79758071899414,458.8577575683594,254.5,420.876953125
2023-12-22,191.2681121826172,153.4199981689453,140.2464141845703,32.75216293334961,350.3136901855469,366.7503662109375,48.74335479736328,402.75555419921875,171.98025512695312,63.9155158996582,459.7799072265625,252.5399932861328,421.8557434082031
2023-12-26,190.72474670410156,153.41000366210938,140.27613830566406,32.88846969604492,351.7411804199219,366.8287353515625,49.191566467285156,405.22119140625,174.35231018066406,64.29876708984375,461.7213134765625,256.6099853515625,423.6098937988281
2023-12-27,190.8235626220703,153.33999633789062,139.13623046875,32.98234176635742,354.71502685546875,366.2510986328125,49.32931900024414,406.0461120605469,174.54087829589844,64.49530029296875,462.55615234375,261.44000244140625,424.38519287109375
2023-12-28,191.24838256835938,153.3800048828125,138.99749755859375,32.992122650146484,355.2007751464844,367.4356994628906,49.43413543701172,405.8487548828125,174.50119018554688,64.50514221191406,462.7308654785156,253.17999267578125,424.45306396484375
2023-12-29,190.2110137939453,151.94000244140625,138.46221923828125,32.70854949951172,350.8787841796875,368.17987060546875,49.43413543701172,404.09234619140625,173.55831909179688,64.36363983154297,461.3913269042969,248.47999572753906,423.31915283203125
2024-01-02,183.40402221679688,149.92999267578125,136.95559692382812,31.955615997314453,343.2754821777344,363.1179504394531,48.08252716064453,397.25421142578125,167.70257568359375,63.768096923828125,458.8091735839844,248.4199981689453,420.615234375
2024-01-03,182.03074645996094,148.47000122070312,137.69898986816406,31.799163818359375,341.4713439941406,362.8536071777344,47.484596252441406,393.05059814453125,164.72508239746094,63.22761154174805,455.06231689453125,238.4499969482422,417.4945983886719
2024-01-04,179.7189483642578,144.57000732421875,135.1912384033203,31.544923782348633,344.0982971191406,360.2491455078125,47.912837982177734,391.02777099609375,163.75242614746094,63.28657913208008,453.59649658203125,237.92999267578125,416.17657470703125
2024-01-05,178.99771118164062,145.24000549316406,134.5370330810547,31.66226577758789,348.8861999511719,360.0631408691406,49.0098876953125,391.49163818359375,164.83425903320312,63.699302673339844,454.2177429199219,237.49000549316406,416.7095947265625
2024-01-08,183.32498168945312,149.10000610351562,137.61968994140625,32.64010238647461,355.5378112792969,366.8580627441406,52.16028594970703,399.5829162597656,170.67015075683594,64.64663696289062,460.7021179199219,240.4499969482422,422.6697998046875
2024-01-09,182.9100341796875,151.3699951171875,139.71116638183594,32.64010238647461,354.3185729980469,367.9350891113281,53.04571533203125,400.372314453125,171.12669372558594,64.70364379882812,460.0032043457031,234.9600067138672,421.6425476074219
2024-01-10,183.9473876953125,153.72999572753906,141.0294647216797,33.1387939453125,367.24505615234375,374.7691955566406,54.25356674194336,403.0858459472656,171.28549194335938,65.31096649169922,462.604736328125,233.94000244140625,424.4239807128906
2024-01-11,183.35462951660156,155.17999267578125,140.83120727539062,33.10946273803711,366.4519958496094,376.5903015136719,54.72472381591797,403.92462158203125,172.25814819335938,65.674560546875,462.40087890625,227.22000122070312,424.2785949707031
2024-01-12,183.68063354492188,154.6199951171875,141.39617919921875,33.041011810302734,371.22998046875,380.3500061035156,54.6129264831543,404.1318054199219,171.6527099609375,65.67948150634766,462.72119140625,218.88999938964844,424.472412109375
2024-01-16,181.41824340820312,153.16000366210938,141.2375946044922,33.03123474121094,364.26123046875,382.1124267578125,56.281959533691406,404.09234619140625,174.38209533691406,65.46820068359375,461.0224304199219,219.91000366210938,423.02838134765625
2024-01-17,180.47964477539062,151.7100067138672,140.22657775878906,32.825889587402344,365.1632385253906,381.32916259765625,55.953548431396484,401.81298828125,173.3300323486328,65.09477233886719,458.4597473144531,215.5500030517578,420.6734313964844
2024-01-18,186.35801696777344,153.5,142.21888732910156,33.3148078918457,372.8557434082031,385.6371765136719,57.00566864013672,407.5163269042969,178.95751953125,66.08729553222656,462.5367126464844,211.8800048828125,424.4142761230469
2024-01-19,189.25271606445312,155.33999633789062,145.0934295654297,33.891727447509766,380.1120300292969,390.3367919921875,59.385440826416016,415.5978088378906,185.77597045898438,67.07001495361328,468.30279541015625,212.19000244140625,429.6087951660156
2024-01-22,191.55465698242188,154.77999877929688,144.7068634033203,33.84283447265625,378.4565124511719,388.2220458984375,59.548152923583984,416.1405334472656,186.6394500732422,67.2763900756836,469.2929382324219,208.8000030517578,430.587646484375
2024-01-23,192.82907104492188,156.02000427246094,145.74761962890625,34.05796432495117,381.8467712402344,390.5620422363281,59.76676559448242,417.8672790527344,187.59225463867188,67.21741485595703,470.66168212890625,209.13999938964844,431.8669128417969
2024-01-24,192.15731811523438,156.8699951171875,147.39303588867188,34.361087799072266,387.2989196777344,394.14556884765625,61.25312042236328,420.1861572265625,190.9270477294922,67.8640365600586,471.1761169433594,207.8300018310547,432.2254943847656
2024-01-25,191.83128356933594,157.75,150.53518676757812,34.048179626464844,389.75732421875,396.4072265625,61.507667541503906,420.6993103027344,190.9270477294922,68.34752655029297,473.7388610839844,182.6300048828125,434.6580810546875
2024-01-26,190.10232543945312,159.1199951171875,150.85235595703125,34.048179626464844,390.708984375,395.48687744140625,60.922706604003906,418.19293212890625,186.85781860351562,68.15099334716797,473.13702392578125,183.25,434.3963623046875
2024-01-29,189.420654296875,161.25999450683594,152.16073608398438,34.60554504394531,397.5290832519531,401.1558532714844,62.354164123535156,422.475341796875,189.0512237548828,68.78975677490234,476.8839416503906,190.92999267578125,437.5556945800781
2024-01-30,185.7751007080078,159.0,150.1287841796875,34.40998077392578,396.577392578125,400.0494689941406,62.66261291503906,419.6631774902344,187.17539978027344,68.93716430664062,476.51513671875,191.58999633789062,437.24566650390625
2024-01-31,182.17893981933594,155.1999969482422,138.86862182617188,33.353919982910156,386.74383544921875,389.2696228027344,61.41783142089844,411.4435729980469,184.47579956054688,67.9937515258789,468.7396545410156,187.2899932861328,430.1224670410156
2024-02-01,184.6093292236328,159.27999877929688,139.91932678222656,33.87217330932617,391.34332275390625,395.34002685546875,62.9151725769043,416.28851318359375,186.16305541992188,69.30076599121094,474.87457275390625,188.86000061035156,435.7822570800781
2024-02-02,183.61146545410156,171.80999755859375,141.12860107421875,35.700721740722656,470.85516357421875,402.62457275390625,66.04261016845703,423.32403564453125,189.7856903076172,71.26618194580078,479.873779296875,187.91000366210938,440.2596130371094
2024-02-05,185.41943359375,170.30999755859375,142.41714477539062,35.65182876586914,455.4107666015625,397.1709289550781,69.208984375,422.7714538574219,193.48770141601562,71.6494369506836,478.1264343261719,181.05999755859375,438.65081787109375
2024-02-06,187.0198974609375,169.14999389648438,142.83346557617188,35.485599517822266,450.7616271972656,397.0142822265625,68.10195922851562,421.9228515625,191.29428100585938,71.44306182861328,479.5146789550781,185.10000610351562,440.017333984375
2024-02-07,187.1285858154297,170.52999877929688,144.26080322265625,36.170082092285156,465.5021057128906,405.3953552246094,69.97462463378906,426.2645568847656,195.1551055908203,72.46507263183594,483.513916015625,187.5800018310547,443.6322326660156
2024-02-08,186.05174255371094,169.83999633789062,144.62754821777344,36.17985916137695,465.9086608886719,405.4541015625,69.51742553710938,427.0539245605469,197.93408203125,72.55353546142578,483.72747802734375,189.55999755859375,443.9327087402344
2024-02-09,186.81341552734375,174.4499969482422,147.6903839111328,36.76655960083008,464.03497314453125,411.75946044921875,72.00501251220703,431.2574462890625,202.32093811035156,72.96629333496094,486.523193359375,193.57000732421875,446.4524230957031
2024-02-12,185.1317596435547,172.33999633789062,146.2333221435547,36.52210235595703,464.81817626953125,406.5800476074219,72.11980438232422,429.57012939453125,201.536865234375,72.92696380615234,486.3095703125,188.1300048828125,446.2489318847656
2024-02-13,183.04449462890625,168.63999938964844,143.8643341064453,35.92562484741211,456.11456298828125,397.826904296875,72.0000228881836,422.8700866699219,197.80506896972656,72.18009948730469,479.6116638183594,184.02000427246094,439.959228515625
2024-02-14,182.16412353515625,170.97999572753906,144.65728759765625,36.473209381103516,469.1600341796875,401.6720886230469,73.76888275146484,427.4783020019531,201.7750701904297,73.34953308105469,483.9702453613281,188.7100067138672,444.14593505859375
2024-02-15,181.8772430419922,169.8000030517578,141.51513671875,36.50254821777344,479.8164367675781,398.79803466796875,72.52908325195312,428.7510986328125,201.10015869140625,73.86054229736328,487.3094787597656,200.4499969482422,447.1502380371094
2024-02-16,180.34393310546875,169.50999450683594,139.28492736816406,36.17985916137695,469.1996765136719,396.34576416015625,72.4841537475586,424.8633728027344,200.23667907714844,73.57555389404297,484.8826599121094,199.9499969482422,444.863037109375
2024-02-20,179.60203552246094,167.0800018310547,139.87966918945312,35.61271286010742,467.6433410644531,395.1000671386719,69.32877349853516,421.6564025878906,196.2964630126953,72.65181732177734,482.21319580078125,193.75999450683594,442.4208679199219
2024-02-21,180.35386657714844,168.58999633789062,141.29708862304688,35.593162536621094,464.4480285644531,394.50164794921875,67.35228729248047,419.9691162109375,195.03599548339844,72.31767272949219,482.6499938964844,194.77000427246094,442.86663818359375
2024-02-22,182.38172912597656,174.5800018310547,142.8235626220703,37.30437088012695,482.40948486328125,403.79083251953125,78.39865112304688,432.26397705078125,208.35533142089844,75.11841583251953,492.638671875,197.41000366210938,452.17034912109375
2024-02-23,180.5516815185547,174.99000549316406,142.6947021484375,37.1674690246582,480.32550048828125,402.505859375,78.6771469116211,430.9909973144531,207.05516052246094,75.22651672363281,492.9784240722656,191.97000122070312,452.3739318847656
2024-02-26,179.2063446044922,174.72999572753906,136.36085510253906,37.00123977661133,478.0530700683594,399.7593688964844,78.95167541503906,430.7640380859375,208.77218627929688,75.30511474609375,491.1728820800781,199.39999389648438,450.71661376953125
2024-02-27,180.6605224609375,173.5399932861328,137.6593475341797,37.108802795410156,483.3224792480469,399.70050048828125,78.56136322021484,431.8001403808594,208.16676330566406,75.38373565673828,492.0853271484375,199.72999572753906,451.55010986328125
2024-02-28,179.46356201171875,173.16000366210938,135.18130493164062,36.87411880493164,480.3156433105469,399.9358825683594,77.52520751953125,429.5010986328125,205.854248046875,75.35425567626953,491.4350280761719,202.0399932861328,450.8523254394531
2024-02-29,178.80076599121094,176.75999450683594,137.2430419921875,37.37281799316406,486.37884521484375,405.742919921875,78.97162628173828,433.1816101074219,210.3601837158203,75.80631256103516,493.20166015625,201.8800048828125,452.519287109375
2024-03-01,177.7225341796875,178.22000122070312,135.93463134765625,37.77373123168945,498.4556884765625,407.5673828125,82.13301086425781,439.7040100097656,218.8857421875,77.3393325805664,497.83197021484375,202.63999938964844,456.8804016113281
2024-03-04,173.21173095703125,177.5800018310547,132.177978515625,37.46082305908203,494.3772277832031,406.9984436035156,85.08575439453125,438.1350402832031,222.40911865234375,77.54571533203125,497.2981872558594,188.13999938964844,456.3376159667969
2024-03-05,168.285400390625,174.1199951171875,131.50393676757812,36.83500671386719,486.46820068359375,394.962646484375,85.81550598144531,430.27069091796875,219.00485229492188,76.94625091552734,492.3280334472656,180.74000549316406,451.7633056640625
2024-03-06,167.29620361328125,173.50999450683594,130.24510192871094,37.108802795410156,492.29327392578125,394.41339111328125,88.54676818847656,432.9744567871094,224.6521759033203,77.65380096435547,494.82281494140625,176.5399932861328,454.1571044921875
2024-03-07,167.17747497558594,176.82000732421875,133.19888305664062,38.03774642944336,508.2700500488281,401.32879638671875,92.50890350341797,439.546142578125,232.41351318359375,79.03943634033203,499.734619140625,178.64999389648438,458.65386962890625
2024-03-08,168.88880920410156,175.35000610351562,134.2198486328125,37.38259506225586,502.07781982421875,398.46453857421875,87.37678527832031,433.2013854980469,223.30238342285156,77.63414764404297,496.7351379394531,175.33999633789062,455.87249755859375
2024-03-11,170.88702392578125,171.9600067138672,136.45999145507812,36.84478759765625,479.8888854980469,396.79693603515625,85.6258316040039,431.59295654296875,219.3224334716797,76.6809310913086,496.3080139160156,177.77000427246094,455.4945068359375
2024-03-12,171.3618621826172,175.38999938964844,137.28269958496094,38.0181884765625,495.9252624511719,407.3515319824219,91.75421905517578,437.7799377441406,226.26002502441406,78.26309204101562,501.64697265625,177.5399932861328,460.3692626953125
2024-03-13,169.2845458984375,176.55999755859375,138.5613555908203,37.74439239501953,491.7772521972656,407.175048828125,90.73098754882812,434.4150695800781,221.78384399414062,78.046875,500.860595703125,169.47999572753906,459.6715087890625
2024-03-14,171.1343536376953,178.75,141.84226989746094,37.51948928833008,488.0658874511719,417.1017761230469,87.79206848144531,433.3197937011719,217.81385803222656,77.4769058227539,499.8704833984375,162.5,458.6635437011719
2024-03-15,170.75843811035156,174.4199981689453,139.9391326904297,37.216365814208984,480.39501953125,408.4698181152344,87.68526458740234,428.1689453125,216.20599365234375,77.23123931884766,496.4381408691406,163.57000732421875,455.5042419433594
2024-03-18,171.84658813476562,174.47999572753906,146.38198852539062,37.91062545776367,493.17645263671875,409.35260009765625,88.30220031738281,432.25262451171875,216.6427001953125,77.78933715820312,499.38848876953125,173.8000030517578,458.3534851074219
2024-03-19,174.18112182617188,175.89999389648438,145.73773193359375,38.00840759277344,492.4420471191406,413.3645324707031,89.24356842041016,433.3295593261719,216.1663055419922,78.33070373535156,502.1637268066406,171.32000732421875,460.921630859375
2024-03-20,176.74322509765625,178.14999389648438,147.4326629638672,38.585330963134766,501.65106201171875,417.1116027832031,90.21588897705078,438.4674377441406,219.630126953125,79.17720794677734,506.808349609375,175.66000366210938,464.943603515625
2024-03-21,169.5219268798828,178.14999389648438,146.30270385742188,38.458213806152344,503.8739318847656,421.17254638671875,91.27703857421875,440.5423278808594,224.6124725341797,79.48233795166016,508.483154296875,172.82000732421875,466.4941711425781
2024-03-22,170.422119140625,178.8699951171875,149.4448699951172,38.908016204833984,505.6799621582031,420.5545959472656,94.12611389160156,441.0462341308594,225.93247985839844,79.56108093261719,507.5191650390625,170.8300018310547,465.8846130371094
2024-03-25,169.00755310058594,179.7100067138672,148.7510223388672,38.82001495361328,499.17022705078125,414.7867736816406,94.8378677368164,439.44561767578125,225.37669372558594,79.31501770019531,506.1170654296875,172.6300048828125,464.6789855957031
2024-03-26,167.8798370361328,178.3000030517578,149.34568786621094,38.50710678100586,492.09478759765625,413.59991455078125,92.40110778808594,438.0228271484375,223.2825164794922,78.89176177978516,505.1822204589844,177.6699981689453,463.37615966796875
2024-03-27,171.44100952148438,179.8300018310547,149.54396057128906,38.3115348815918,490.0802917480469,413.38409423828125,90.0940933227539,439.5147705078125,223.203125,79.03941345214844,509.4276428222656,179.8300018310547,467.4207763671875
2024-03-28,169.6307373046875,180.3800048828125,149.60342407226562,38.282203674316406,481.8636474609375,412.6877136230469,90.19990539550781,438.70452880859375,223.30238342285156,78.9606704711914,509.3303527832031,175.7899932861328,467.36236572265625
2024-04-01,168.19638061523438,180.97000122070312,154.12335205078125,38.40932083129883,487.58953857421875,416.4642028808594,90.20689392089844,439.63336181640625,226.23025512695312,78.8523941040039,508.4442138671875,175.22000122070312,466.7499084472656
2024-04-02,167.01922607421875,180.69000244140625,153.20152282714844,38.00840759277344,493.5634460449219,413.39398193359375,89.29747009277344,435.8391418457031,223.3222198486328,78.39959716796875,505.2114562988281,166.6300048828125,463.697021484375
2024-04-03,167.82046508789062,182.41000366210938,153.558349609375,38.2919807434082,502.8617248535156,412.4228515625,88.81031036376953,436.8174133300781,224.21548461914062,78.82286834716797,505.7665100097656,168.3800048828125,464.1151123046875
2024-04-04,166.99940490722656,180.0,149.20693969726562,37.8226203918457,507.009765625,409.90191650390625,85.756591796875,430.1380920410156,218.24063110351562,77.7696533203125,499.5930480957031,171.11000061035156,458.3982849121094
2024-04-05,167.751220703125,185.07000732421875,151.1596221923828,38.37998580932617,523.3040161132812,417.3960266113281,87.8559799194336,435.2068786621094,220.96998596191406,79.18705749511719,504.81219482421875,164.89999389648438,463.26922607421875
2024-04-08,166.63343811035156,185.19000244140625,153.48898315429688,38.54621505737305,515.2760009765625,416.4837646484375,86.98247528076172,435.3353271484375,221.3868408203125,78.89176177978516,505.09466552734375,172.97999572753906,463.4539794921875
2024-04-09,167.8402557373047,185.6699981689453,155.22361755371094,38.54621505737305,512.9440307617188,418.14154052734375,85.20654296875,436.94580078125,222.41905212402344,78.5571060180664,505.6788024902344,176.8800048828125,464.027587890625
2024-04-10,165.97064208984375,185.9499969482422,154.7676239013672,38.46799087524414,515.8515625,415.17913818359375,86.88864135742188,433.1319580078125,220.48367309570312,78.0058822631836,500.6154479980469,171.75999450683594,459.5357360839844
2024-04-11,173.15234375,189.0500030517578,158.00889587402344,39.42626953125,519.1559448242188,419.760009765625,90.45944213867188,440.0483093261719,225.60496520996094,79.39376068115234,504.39349365234375,174.60000610351562,462.8511657714844
2024-04-12,174.6460723876953,186.1300048828125,156.34365844726562,38.71245193481445,507.98223876953125,413.8451232910156,88.03364562988281,433.03314208984375,219.02468872070312,78.07479095458984,497.43133544921875,171.0500030517578,456.541259765625
2024-04-15,170.8276824951172,183.6199951171875,153.49888610839844,37.79328918457031,496.40155029296875,405.742919921875,85.85242462158203,425.9093017578125,215.72959899902344,76.89363098144531,491.199462890625,161.47999572753906,450.7465515136719
2024-04-16,167.5534210205078,183.32000732421875,153.04293823242188,37.5586051940918,495.9351806640625,406.6649169921875,87.26399230957031,425.9488220214844,217.51611328125,76.83457946777344,490.3035583496094,157.11000061035156,449.93963623046875
2024-04-17,166.1882781982422,181.27999877929688,154.10354614257812,37.15769577026367,490.3879699707031,403.9772644042969,83.88982391357422,420.75164794921875,210.8068084716797,75.89949035644531,487.40191650390625,155.4499969482422,447.2270202636719
2024-04-18,165.23863220214844,179.22000122070312,154.63877868652344,36.96212387084961,497.9595642089844,396.5517883300781,84.52471923828125,418.3507080078125,207.06509399414062,75.44670104980469,486.3989562988281,149.92999267578125,446.20611572265625
2024-04-19,163.22061157226562,174.6300048828125,152.73565673828125,35.73983383178711,477.3882141113281,391.5000915527344,76.06837463378906,409.6954040527344,197.7157440185547,73.63558959960938,482.15350341796875,147.0500030517578,442.4727478027344
2024-04-22,164.0515594482422,177.22999572753906,154.9064178466797,36.07229995727539,478.04315185546875,393.3049621582031,79.3806381225586,413.8155517578125,201.49716186523438,74.49192810058594,486.59368896484375,142.0500030517578,446.31304931640625
2024-04-23,165.10012817382812,179.5399932861328,156.86900329589844,36.78611755371094,492.30316162109375,399.7887268066406,82.28060913085938,419.9908752441406,206.24131774902344,75.69279479980469,492.367919921875,144.67999267578125,451.9425048828125
2024-04-24,167.197265625,176.58999633789062,157.73138427734375,37.18702697753906,489.7231140136719,401.25030517578125,79.53936004638672,421.41363525390625,206.4794921875,75.51561737060547,492.13421630859375,162.1300048828125,451.6119079589844
2024-04-25,168.05787658691406,173.6699981689453,154.6288604736328,36.629661560058594,438.0019836425781,391.4216003417969,82.48925018310547,419.3782653808594,210.60829162597656,74.91517639160156,490.2646789550781,170.17999267578125,449.74517822265625
2024-04-26,167.4742431640625,179.6199951171875,170.4386749267578,37.861732482910156,439.89739990234375,398.5626220703125,87.58345031738281,425.8500061035156,216.0074920654297,75.85027313232422,494.9093933105469,168.2899932861328,454.2467041015625
2024-04-29,171.62896728515625,180.9600067138672,164.6896514892578,38.458213806152344,429.30902099609375,394.5702819824219,87.60540771484375,427.5791015625,216.74195861816406,75.82074737548828,496.6621398925781,194.0500030517578,455.83154296875
2024-04-30,168.49313354492188,175.0,161.3492889404297,37.40215301513672,426.87774658203125,381.8969421386719,86.25273895263672,419.5166015625,212.484130859375,74.65926361083984,488.79437255859375,183.27999877929688,448.6270446777344
2024-05-01,167.4742431640625,179.0,162.4197998046875,37.43148422241211,435.8287353515625,387.39990234375,82.89753723144531,416.4832763671875,206.2909393310547,74.33443450927734,487.2071533203125,179.99000549316406,447.1687316894531
2024-05-02,171.16403198242188,184.72000122070312,165.15553283691406,38.08663558959961,438.2996520996094,390.2445068359375,85.66875457763672,421.7989807128906,210.43959045410156,75.18094635009766,491.7641906738281,180.00999450683594,451.3396911621094
2024-05-03,181.40240478515625,186.2100067138672,165.77005004882812,38.89823913574219,448.5009460449219,398.8961181640625,88.63561248779297,430.2764892578125,216.09681701660156,76.59835815429688,497.8598327636719,181.19000244140625,456.9398498535156
2024-05-06,179.75045776367188,188.6999969482422,166.62254333496094,39.48493957519531,462.115966796875,405.644775390625,91.98081970214844,434.989501953125,220.99977111816406,77.9074478149414,503.0011291503906,184.75999450683594,461.54833984375
2024-05-07,180.43299865722656,188.75999450683594,169.74484252929688,39.31870651245117,464.6563415527344,401.52496337890625,90.39756774902344,435.05865478515625,219.07432556152344,77.99603271484375,503.55609130859375,177.80999755859375,462.20941162109375
2024-05-08,180.76931762695312,188.0,167.8912811279297,39.123138427734375,468.9830627441406,402.7020263671875,90.25582122802734,434.8017272949219,219.73928833007812,77.9862060546875,503.6048278808594,174.72000122070312,462.2288818359375
2024-05-09,182.57958984375,189.5,168.4661865234375,39.11336135864258,471.781494140625,404.4481201171875,88.59369659423828,435.7502746582031,218.3299560546875,78.19290161132812,506.50653076171875,171.97000122070312,464.88311767578125
2024-05-10,181.32159423828125,187.47999572753906,167.1676788330078,38.91779327392578,472.55548095703125,406.8218078613281,89.72273254394531,436.7778625488281,221.6250457763672,78.30117797851562,507.15899658203125,168.47000122070312,465.456787109375
2024-05-13,184.5210723876953,186.57000732421875,167.65335083007812,39.06447219848633,464.4281921386719,405.8213195800781,90.24283599853516,437.7856750488281,221.58534240722656,78.10431671142578,507.22698974609375,171.88999938964844,465.4859924316406
2024-05-14,185.66021728515625,187.07000732421875,168.8428497314453,39.51427459716797,468.23876953125,408.6071472167969,91.19817352294922,440.60162353515625,225.37669372558594,78.56694030761719,509.5543518066406,177.5500030517578,467.6929931640625
2024-05-15,187.92860412597656,185.99000549316406,170.9937286376953,39.924964904785156,477.8545837402344,415.7511901855469,94.46653747558594,447.48828125,232.14553833007812,80.05323028564453,515.8641357421875,173.99000549316406,473.390380859375
2024-05-16,188.04745483398438,183.6300048828125,172.64907836914062,39.78806686401367,469.60821533203125,413.6973876953125,94.19599914550781,446.579345703125,230.4582977294922,79.59061431884766,514.8027954101562,174.83999633789062,472.4862060546875
2024-05-17,188.07716369628906,184.6999969482422,174.51255798339844,39.866294860839844,468.29833984375,412.9309387207031,92.3192367553711,446.3619384765625,228.52291870117188,79.48233795166016,515.5428466796875,177.4600067138672,473.1861572265625
2024-05-20,189.2361297607422,183.5399932861328,175.36502075195312,39.98363494873047,465.2518310546875,417.9720458984375,94.61626434326172,449.4743347167969,233.23728942871094,79.9252700805664,516.13671875,174.9499969482422,473.6529235839844
2024-05-21,190.5337371826172,183.14999389648438,176.2868194580078,40.47254943847656,461.07403564453125,421.6079406738281,95.22122192382812,450.3536376953125,232.90975952148438,80.15166473388672,517.4026489257812,186.60000610351562,474.9265441894531
2024-05-22,189.09747314453125,183.1300048828125,174.8297576904297,40.0911979675293,464.19989013671875,423.0623474121094,94.78597259521484,450.2647705078125,234.8153533935547,80.04339599609375,515.9129028320312,180.11000061035156,473.5459289550781
2024-05-23,185.1154022216797,181.0500030517578,172.02462768554688,40.15964126586914,462.2152099609375,419.6032409667969,103.61968994140625,448.2392578125,238.02113342285156,80.20088958740234,512.14453125,173.74000549316406,470.0263977050781
2024-05-24,188.18612670898438,180.75,173.45196533203125,40.79523468017578,474.56005859375,422.7085876464844,106.28507232666016,452.47796630859375,242.42782592773438,81.02770233154297,515.5330200195312,179.24000549316406,473.22509765625
2024-05-28,188.19606018066406,182.14999389648438,174.84954833984375,41.27437210083008,476.2470397949219,422.86578369140625,113.70423889160156,454.18731689453125,247.95603942871094,81.44110107421875,515.893310546875,176.75,473.60430908203125
2024-05-29,188.49322509765625,182.02000427246094,174.3539581298828,41.20592498779297,470.7295837402344,421.7357177734375,114.62664031982422,450.9859924316406,243.80738830566406,81.21471405029297,512.2806396484375,176.19000244140625,470.2695007324219
2024-05-30,189.4837646484375,179.32000732421875,170.59727478027344,40.49210739135742,463.4754943847656,407.4869079589844,110.30911254882812,446.1544494628906,240.4527587890625,79.95480346679688,508.8824462890625,178.7899932861328,467.1096496582031
2024-05-31,190.43470764160156,176.44000244140625,170.98385620117188,40.46277618408203,463.25714111328125,407.93890380859375,109.44361114501953,445.324462890625,238.67617797851562,80.1418228149414,513.5174560546875,178.0800018310547,471.1736755371094
2024-06-03,192.19789123535156,178.33999633789062,171.64794921875,40.951690673828125,473.8356018066406,406.35675048828125,114.80133056640625,447.715576171875,241.6536865234375,80.6536636352539,513.93603515625,176.2899932861328,471.68896484375
2024-06-04,192.51487731933594,179.33999633789062,172.2624969482422,41.07880783081055,473.3393859863281,408.8626403808594,116.23583984375,448.9407653808594,240.78028869628906,80.74224853515625,514.5105590820312,174.77000427246094,472.2625427246094
2024-06-05,194.0205078125,181.27999877929688,173.86827087402344,41.91974639892578,491.2711486816406,416.66510009765625,122.22848510742188,457.9913024902344,252.50169372558594,82.58289337158203,520.6256103515625,175.0,477.911376953125
2024-06-06,192.6436309814453,185.0,175.17665100097656,42.027305603027344,489.9810791015625,417.16619873046875,120.7889633178711,457.83319091796875,250.51669311523438,82.48445892333984,520.615966796875,177.94000244140625,477.804443359375
2024-06-07,195.03089904785156,184.3000030517578,172.92660522460938,41.94908142089844,489.1872253417969,416.50787353515625,120.6791763305664,457.4281311035156,250.31820678710938,82.57304382324219,519.9829711914062,177.47999572753906,477.18212890625
2024-06-10,191.29649353027344,187.05999755859375,173.67086791992188,42.0468635559082,498.75341796875,420.45819091796875,121.57960510253906,459.27581787109375,253.94081115722656,83.08489227294922,521.5896606445312,173.7899932861328,478.74755859375
2024-06-11,205.1940155029297,187.22999572753906,175.2685546875,42.5162239074707,503.586181640625,425.1849060058594,120.71105194091797,462.4276428222656,253.56365966796875,83.74436950683594,522.8457641601562,170.66000366210938,479.83642578125
2024-06-12,211.05812072753906,186.88999938964844,176.42962646484375,43.32782745361328,504.94573974609375,433.4197692871094,124.99398040771484,468.4844055175781,261.1165771484375,84.83694458007812,527.139892578125,177.2899932861328,483.8323974609375
2024-06-13,212.2170867919922,183.8300018310547,173.81971740722656,43.494056701660156,500.24200439453125,433.93072509765625,129.396728515625,471.02374267578125,265.2056579589844,85.5948486328125,528.2012939453125,182.47000122070312,484.746337890625
2024-06-14,210.4835968017578,183.66000366210938,175.437255859375,43.552730560302734,500.7982482910156,434.903564453125,131.66299438476562,473.46417236328125,265.880615234375,86.05746459960938,528.5227661132812,178.00999450683594,485.13525390625
2024-06-17,214.62411499023438,184.05999755859375,175.88381958007812,44.08076095581055,503.2517395019531,440.6031188964844,130.7644805908203,479.2640075683594,270.4361572265625,86.98271942138672,532.7291259765625,187.44000244140625,488.9853210449219
2024-06-18,212.26658630371094,182.80999755859375,173.75027465820312,43.953643798828125,496.15936279296875,438.6082458496094,135.35691833496094,479.4122314453125,274.6840515136719,87.23863983154297,534.0827026367188,184.86000061035156,490.2881774902344
2024-06-20,207.70013427734375,186.10000610351562,174.9510040283203,43.56250762939453,498.3546447753906,437.9793395996094,130.56480407714844,475.7169494628906,266.9028625488281,86.58899688720703,532.6317749023438,181.57000732421875,488.9269714355469
2024-06-21,205.5308074951172,189.0800018310547,178.25550842285156,43.42560958862305,491.48077392578125,441.9886779785156,126.36174011230469,474.44232177734375,262.9031066894531,85.98856353759766,531.9177856445312,183.00999450683594,487.8575134277344
2024-06-24,206.17466735839844,185.57000732421875,177.84866333007812,42.8095703125,495.58319091796875,439.9152526855469,117.91564178466797,469.041015625,253.86141967773438,84.90400695800781,530.1885375976562,182.5800018310547,486.5449523925781
2024-06-25,207.09588623046875,186.33999633789062,182.62185668945312,43.934085845947266,507.1953125,443.138427734375,125.88250732421875,474.4047546386719,259.8064880371094,86.04668426513672,532.230224609375,187.35000610351562,488.5672607421875
2024-06-26,211.23641967773438,193.61000061035156,182.4730224609375,44.60879135131836,509.6984558105469,444.3274230957031,126.19200897216797,475.38446044921875,258.95294189453125,86.40132904052734,532.8945922851562,196.3699951171875,489.1117248535156
2024-06-27,212.07838439941406,197.85000610351562,183.9912872314453,44.79458236694336,516.0955200195312,445.0054931640625,123.78597259521484,476.6115417480469,256.91827392578125,86.66728973388672,533.7346801757812,197.4199981689453,489.8700866699219
2024-06-28,208.6312255859375,193.25,180.75625610351562,44.1100959777832,500.8577575683594,439.207763671875,123.33672332763672,474.13751220703125,258.7445068359375,86.15503692626953,531.6343994140625,197.8800048828125,487.98114013671875
2024-07-01,214.70338439941406,197.1999969482422,181.58982849121094,45.078147888183594,501.3147277832031,448.8182678222656,124.09547424316406,476.91839599609375,259.0522155761719,86.68699645996094,532.728515625,209.86000061035156,489.1031799316406
2024-07-02,218.1901397705078,200.0,183.82261657714844,46.10487747192383,506.10260009765625,451.3240966796875,122.46814727783203,481.9258728027344,261.6525573730469,87.20909118652344,536.3135986328125,231.25999450683594,492.2742004394531
2024-07-03,219.4580535888672,197.58999633789062,184.39817810058594,46.87736129760742,506.5595397949219,452.78826904296875,128.06893920898438,485.9437561035156,267.5976257324219,87.9281997680664,538.7069091796875,246.38999938964844,494.4988708496094
2024-07-05,224.20278930664062,200.0,189.14158630371094,47.77696990966797,536.3097534179688,459.4606628417969,125.62294006347656,491.0105895996094,267.69683837890625,88.82461547851562,541.8134765625,251.52000427246094,497.4552307128906
2024-07-08,225.66885375976562,199.2899932861328,187.58360290527344,47.757415771484375,525.7904052734375,458.1635437011719,127.98904418945312,492.1783752441406,272.1531677246094,89.09058380126953,542.4385986328125,252.94000244140625,497.93328857421875
2024-07-09,226.52072143554688,199.33999633789062,187.5339813232422,48.23655700683594,526.4658813476562,451.5796813964844,131.16380310058594,492.6039123535156,272.7486572265625,89.27774810791016,542.9662475585938,262.3299865722656,498.47979736328125
2024-07-10,230.7801055908203,199.7899932861328,189.7171630859375,48.735252380371094,531.1246948242188,458.17340087890625,134.68800354003906,497.7400207519531,279.16021728515625,90.27268981933594,548.3390502929688,263.260009765625,503.2802429199219
2024-07-11,225.4212188720703,195.0500030517578,184.15008544921875,46.544898986816406,509.28131103515625,446.8234558105469,127.19036102294922,486.8244934082031,268.9870910644531,88.39118194580078,543.61083984375,241.02999877929688,498.9676513671875
2024-07-12,228.36314392089844,194.49000549316406,183.65391540527344,46.84803009033203,495.54351806640625,445.6933898925781,129.02732849121094,489.68450927734375,272.3913879394531,88.64730072021484,547.0397338867188,248.22999572753906,502.0508117675781
2024-07-15,232.1867218017578,192.72000122070312,185.1027374267578,46.99470520019531,492.8515930175781,446.0962829589844,128.22865295410156,491.0007019042969,271.7760009765625,88.97238159179688,548.5440063476562,252.63999938964844,503.5729064941406
2024-07-16,232.60275268554688,193.02000427246094,182.5126953125,46.78935623168945,486.5240783691406,441.7331848144531,126.1520767211914,491.188720703125,271.65692138671875,88.81476593017578,551.7969970703125,256.55999755859375,506.4317932128906
2024-07-17,226.71881103515625,187.92999267578125,179.63490295410156,45.244384765625,458.909423828125,435.83709716796875,117.79584503173828,476.76995849609375,252.31312561035156,85.82012176513672,544.060302734375,248.5,499.3578796386719
2024-07-18,222.06320190429688,183.75,176.3303680419922,45.22482681274414,472.6770324707031,432.74169921875,120.89073944091797,474.51361083984375,253.6232147216797,85.54430389404297,539.8792114257812,249.22999572753906,495.6014099121094
2024-07-19,222.1919708251953,183.1300048828125,176.3006134033203,44.618568420410156,473.6107177734375,429.53814697265625,117.7359619140625,470.3077087402344,246.27871704101562,85.06161499023438,536.2940673828125,239.1999969482422,492.293701171875
2024-07-22,221.84532165527344,182.5500030517578,180.27992248535156,45.70396423339844,484.14996337890625,435.2672119140625,123.33672332763672,477.3142395019531,255.786865234375,86.33236694335938,541.8232421875,251.50999450683594,497.40643310546875
2024-07-23,222.88536071777344,186.41000366210938,180.3990020751953,45.67462921142578,485.4313659667969,437.14410400390625,122.38827514648438,475.6319274902344,252.9483184814453,86.58848571777344,540.9733276367188,246.3800048828125,496.5771179199219
2024-07-24,216.47647094726562,180.8300018310547,171.30909729003906,42.9073600769043,458.1941833496094,421.4703369140625,114.06201171875,458.57080078125,239.1724395751953,83.52488708496094,528.7135620117188,215.99000549316406,485.21014404296875
2024-07-25,215.43638610839844,179.85000610351562,166.00003051757812,42.477108001708984,450.3865966796875,411.1522521972656,112.09524536132812,453.51385498046875,234.78558349609375,82.51026153564453,525.9586791992188,220.25,482.7610778808594
2024-07-26,215.90196228027344,182.5,165.72216796875,42.917137145996094,462.5946960449219,417.90325927734375,112.87395477294922,458.1650695800781,238.5074462890625,83.4559326171875,531.8493041992188,219.8000030517578,488.17620849609375
2024-07-29,216.17929077148438,183.1999969482422,168.23281860351562,43.366939544677734,462.6046447753906,419.3379211425781,111.40637969970703,459.0854187011719,236.81028747558594,83.24906921386719,532.161865234375,232.10000610351562,488.5373229980469
2024-07-30,216.7340087890625,181.7100067138672,168.98699951171875,42.48688888549805,460.10137939453125,415.593994140625,103.55931091308594,452.7815246582031,227.74876403808594,82.00786590576172,529.4657592773438,222.6199951171875,485.98089599609375
2024-07-31,219.9830322265625,186.97999572753906,170.22743225097656,43.953643798828125,471.6637878417969,411.1031494140625,116.82743835449219,466.1810302734375,245.13735961914062,84.71684265136719,538.0719604492188,232.07000732421875,493.6402587890625
2024-08-01,216.2981719970703,184.07000732421875,169.45338439941406,43.03447341918945,494.4210205078125,409.88458251953125,109.03028869628906,454.8894348144531,229.27720642089844,83.1998062133789,530.4523315429688,216.86000061035156,486.9078369140625
2024-08-02,217.7840118408203,167.89999389648438,165.38478088378906,41.567726135253906,484.8850402832031,401.4139404296875,107.0934829711914,444.09271240234375,216.7915802001953,80.97352600097656,520.576171875,207.6699981689453,478.0093688964844
2024-08-05,207.2940216064453,161.02000427246094,158.0314483642578,39.98363494873047,472.5577697753906,388.3050537109375,100.28471374511719,430.8515625,211.70997619628906,78.39261627197266,505.4151611328125,198.8800048828125,463.65673828125
2024-08-06,205.27325439453125,161.92999267578125,157.07879638671875,40.482330322265625,490.7953796386719,392.687744140625,104.07846069335938,434.96832275390625,215.828857421875,79.65352630615234,510.07476806640625,200.63999938964844,468.28155517578125
2024-08-07,207.8388214111328,162.77000427246094,157.72384643554688,39.915184020996094,485.6598815917969,391.5281982421875,98.74723815917969,430.2577209472656,209.8837890625,78.87532043457031,506.6654968261719,191.75999450683594,465.032470703125
2024-08-08,211.2958526611328,165.8000030517578,160.79019165039062,41.19614791870117,506.23175048828125,395.7143859863281,104.79727172851562,443.41973876953125,223.2229766845703,81.55473327636719,518.3782348632812,198.83999633789062,475.88232421875
2024-08-09,214.1981964111328,166.94000244140625,162.4176483154297,41.49927520751953,514.3174438476562,398.9867248535156,104.57763671875,445.73541259765625,223.16342163085938,82.37235260009766,520.6641235351562,200.0,477.92156982421875
2024-08-12,215.7254180908203,166.8000030517578,161.04820251464844,41.616615295410156,512.5096435546875,399.7630310058594,108.84060668945312,446.6953125,225.25759887695312,82.77622985839844,520.9376220703125,197.49000549316406,478.16552734375
2024-08-13,219.43438720703125,170.22999572753906,162.90390014648438,42.86824417114258,525.015625,406.83831787109375,115.94889831542969,457.77911376953125,234.41836547851562,84.6971435546875,529.5048217773438,207.8300018310547,486.1077575683594
2024-08-14,219.88067626953125,170.10000610351562,159.1428985595703,42.55533981323242,523.2474975585938,409.6389465332031,117.88570404052734,457.9275817871094,234.6168670654297,85.20938110351562,531.17529296875,201.3800048828125,487.6591491699219
2024-08-15,222.85577392578125,177.58999633789062,160.0657958984375,43.88519287109375,533.7471923828125,414.4824523925781,122.6578369140625,469.4962463378906,244.52200317382812,87.19923400878906,540.2797241210938,214.13999938964844,496.03070068359375
2024-08-16,224.17474365234375,177.05999755859375,161.7130889892578,43.9438591003418,523.9030151367188,411.9622802734375,124.37500762939453,470.09991455078125,244.85946655273438,87.07117462158203,541.4910278320312,216.1199951171875,497.0747375488281
2024-08-19,224.01605224609375,178.22000122070312,165.3946990966797,44.657676696777344,525.750732421875,414.97467041015625,129.78607177734375,476.2751159667969,249.45472717285156,88.0562515258789,546.66845703125,222.72000122070312,501.8557434082031
2024-08-20,224.6309051513672,178.8800048828125,165.9008026123047,44.520782470703125,523.2175903320312,418.1938171386719,127.04061889648438,475.2756652832031,246.19932556152344,88.04640197753906,545.779541015625,221.10000610351562,501.0263671875
2024-08-21,224.52182006835938,180.11000061035156,164.58094787597656,44.74568557739258,531.591552734375,417.5440979003906,128.28857421875,477.49237060546875,248.7500457763672,88.48969268798828,547.6551513671875,223.27000427246094,502.7826843261719
2024-08-22,222.66732788085938,176.1300048828125,162.54664611816406,43.601619720458984,528.3829956054688,409.0876159667969,123.536376953125,469.9217834472656,240.60162353515625,87.43565368652344,543.3568725585938,210.66000366210938,498.7139587402344
2024-08-23,224.9581756591797,177.0399932861328,164.3527069091797,44.42300033569336,524.479248046875,410.3083801269531,129.15713500976562,475.018310546875,246.52685546875,88.27297973632812,549.1302490234375,220.32000732421875,504.10955810546875
2024-08-26,225.2953643798828,175.5,164.8885955810547,43.82652282714844,517.6452026367188,407.0596923828125,126.25191497802734,470.4066467285156,240.75051879882812,87.53416442871094,547.8211669921875,213.2100067138672,502.8704528808594
2024-08-27,226.13827514648438,173.1199951171875,163.419921875,43.67984390258789,515.6385498046875,407.40423583984375,128.0889129638672,471.8119201660156,243.1721954345703,87.8887939453125,548.5734252929688,209.2100067138672,503.5436706542969
2024-08-28,224.61106872558594,170.8000030517578,161.60394287109375,43.14203643798828,513.3341064453125,404.214599609375,125.40331268310547,466.4580993652344,239.08311462402344,87.15983581542969,545.3888549804688,205.75,500.6653137207031
2024-08-29,227.88368225097656,172.1199951171875,160.5421142578125,42.94647216796875,514.7644653320312,406.6954345703125,117.39649963378906,465.7752990722656,236.12545776367188,86.70669555664062,545.4376220703125,206.27999877929688,500.743408203125
2024-08-30,227.1002655029297,178.5,162.1298828125,43.650508880615234,517.8339233398438,410.6529541015625,119.173583984375,471.3270263671875,241.6338348388672,87.9183349609375,550.6444702148438,214.11000061035156,505.4560241699219
2024-09-03,220.9219512939453,176.25,156.15594482421875,42.193538665771484,508.3475341796875,403.0726623535156,107.8222885131836,457.0171203613281,223.50086975097656,85.16011810302734,539.312744140625,210.60000610351562,495.2306213378906
2024-09-04,219.0178985595703,173.3300018310547,155.2528839111328,42.30109786987305,509.3210144042969,402.5411071777344,106.03522491455078,455.82952880859375,222.9649200439453,84.84489440917969,538.2088623046875,219.41000366210938,494.001220703125
2024-09-05,220.53517150878906,177.88999938964844,156.036865234375,42.95624923706055,513.41357421875,402.03900146484375,107.03358459472656,456.255126953125,222.57785034179688,84.57893371582031,536.8997192382812,230.1699981689453,492.7815856933594
2024-09-06,218.98812866210938,171.38999938964844,149.76522827148438,41.284156799316406,496.9341125488281,395.4530944824219,102.66080474853516,444.03326416015625,213.38731384277344,82.66785430908203,527.8635864257812,210.72999572753906,484.5758972167969
2024-09-09,219.07736206054688,175.39999389648438,147.76795959472656,41.870853424072266,501.42401123046875,399.4105529785156,106.2947998046875,449.7433776855469,218.21084594726562,83.8401107788086,533.7737426757812,216.27000427246094,490.0301208496094
2024-09-10,218.28402709960938,179.5500030517578,147.71826171875,42.5162239074707,501.42401123046875,407.7586975097656,107.922119140625,453.89984130859375,220.27525329589844,84.38191986083984,536.0987548828125,226.1699981689453,492.0498352050781
2024-09-11,220.81285095214844,184.52000427246094,150.2024383544922,43.57228469848633,508.41705322265625,416.461181640625,116.7176284790039,463.7564392089844,231.6492919921875,86.42102813720703,541.5985717773438,228.1300048828125,497.08447265625
2024-09-12,220.9219512939453,187.0,153.71006774902344,44.149208068847656,522.0952758789062,420.3595275878906,118.95413970947266,468.3086853027344,232.14553833007812,87.47505950927734,546.1604614257812,229.80999755859375,501.3581237792969
2024-09-13,220.65420532226562,186.49000549316406,156.46250915527344,44.24699020385742,521.1217651367188,423.89373779296875,118.9141845703125,470.4066467285156,235.13296508789062,87.75089263916016,549.0130004882812,230.2899932861328,504.0217590332031
2024-09-16,214.52545166015625,184.88999938964844,157.05870056152344,43.85585403442383,530.2294311523438,424.632080078125,116.59780883789062,468.3284912109375,232.04629516601562,87.4652099609375,549.8239135742188,226.77999877929688,504.7828063964844
2024-09-17,214.9915771484375,186.8800048828125,158.31072998046875,44.1296501159668,533.2520141601562,428.3828125,115.40966796875,468.57586669921875,231.96688842773438,87.32730102539062,550.0484619140625,227.8699951171875,505.01702880859375
2024-09-18,218.8592071533203,186.42999267578125,158.79762268066406,44.051422119140625,534.8726196289062,424.1103515625,113.1931381225586,466.5472106933594,229.3268280029297,87.0317611694336,548.4171142578125,227.1999969482422,503.3778076171875
2024-09-19,226.97132873535156,189.8699951171875,161.1128692626953,45.68440628051758,555.901611328125,431.8677978515625,117.68611145019531,478.34344482421875,239.28160095214844,89.23834991455078,557.7755126953125,243.9199981689453,512.1591186523438
2024-09-20,226.30690002441406,191.60000610351562,162.55368041992188,45.46928405761719,558.1388549804688,428.5009460449219,115.81902313232422,477.4329833984375,236.1155242919922,89.17925262451172,556.8114013671875,238.25,511.1541748046875
2024-09-23,224.59124755859375,193.8800048828125,160.82470703125,45.82130432128906,561.1813354492188,426.76837158203125,116.0786361694336,478.69854736328125,237.15765380859375,89.65145874023438,558.2027587890625,250.0,512.412841796875
2024-09-24,225.48377990722656,193.9600067138672,161.26190185546875,46.183101654052734,560.1074829101562,422.4958801269531,120.68143463134766,481.007568359375,241.57427978515625,89.86833953857422,559.7999267578125,254.27000427246094,513.8861694335938
2024-09-25,224.49205017089844,192.52999877929688,160.46697998046875,46.398223876953125,565.0590209960938,425.39007568359375,123.31730651855469,481.4535217285156,243.69822692871094,89.95706939697266,558.5653686523438,257.0199890136719,512.8421630859375
2024-09-26,225.63255310058594,191.16000366210938,161.69911193847656,46.29066467285156,564.5916748046875,424.6025695800781,123.84648895263672,485.0707092285156,250.72511291503906,89.76976013183594,560.77978515625,254.22000122070312,514.8814086914062
2024-09-27,225.90029907226562,187.97000122070312,162.91139221191406,46.29066467285156,564.114501953125,421.36370849609375,121.2105941772461,482.37518310546875,245.88172912597656,89.0599594116211,559.9664916992188,260.4599914550781,514.2149047851562
2024-09-30,231.0670623779297,186.3300018310547,164.79934692382812,46.62312698364258,569.1654663085938,423.6082763671875,121.25054931640625,483.68328857421875,243.60890197753906,89.35570526123047,562.2103881835938,261.6300048828125,516.4561767578125
2024-10-01,224.3334197998047,185.1300048828125,165.93214416503906,45.928863525390625,573.1723022460938,414.1477355957031,116.81745910644531,476.94439697265625,237.08819580078125,88.69520568847656,557.1739501953125,258.0199890136719,511.6309814453125
2024-10-02,224.898681640625,184.75999450683594,164.80929565429688,45.68440628051758,569.5332641601562,410.6430969238281,118.6645736694336,477.6183166503906,240.50238037109375,89.04024505615234,557.4090576171875,249.02000427246094,511.7191162109375
2024-10-03,223.79786682128906,181.9600067138672,164.80929565429688,45.65507125854492,579.4363403320312,410.06231689453125,122.65834045410156,477.26153564453125,242.7156524658203,89.0303726196289,556.3899536132812,240.66000366210938,510.7501220703125
2024-10-04,224.9185028076172,186.50999450683594,166.001708984375,46.44711685180664,592.531005859375,409.5896911621094,124.72510528564453,482.9400634765625,245.9611358642578,90.39083862304688,561.4461059570312,250.0800018310547,515.4579467773438
2024-10-07,219.8509063720703,180.8000030517578,161.94754028320312,45.57684326171875,581.4348754882812,403.1711120605469,127.52073669433594,477.7669982910156,246.35812377929688,89.75003814697266,556.370361328125,240.8300018310547,510.818603515625
2024-10-08,223.89707946777344,182.72000122070312,163.33868408203125,46.398223876953125,589.4984130859375,408.2607421875,132.68267822265625,484.9022216796875,250.62586975097656,90.83445739746094,561.6322631835938,244.5,515.6536254882812
2024-10-09,227.63577270507812,185.1699981689453,160.8346405029297,46.398223876953125,587.1320190429688,410.9679260253906,132.44302368164062,488.7176513671875,253.23614501953125,91.62312316894531,565.5223999023438,241.0500030517578,519.1771240234375
2024-10-10,227.13995361328125,186.64999389648438,161.05325317382812,46.40800476074219,580.490234375,409.3731384277344,134.59970092773438,488.1626892089844,252.73988342285156,91.38651275634766,564.53271484375,238.77000427246094,518.3060913085938
2024-10-11,225.66229248046875,188.82000732421875,162.2058868408203,45.95820236206055,586.5752563476562,409.8456726074219,134.5897216796875,488.92572021484375,254.76458740234375,92.34276580810547,567.9132690429688,217.8000030517578,521.38916015625
2024-10-14,229.38116455078125,187.5399932861328,163.91500854492188,46.43734359741211,587.04248046875,412.6218566894531,137.85459899902344,493.028564453125,259.3201904296875,92.88497924804688,572.5578002929688,219.16000366210938,525.656494140625
2024-10-15,231.9100341796875,187.69000244140625,164.41183471679688,46.065765380859375,582.916259765625,412.22802734375,131.39471435546875,486.4383239746094,245.3060760498047,91.88929748535156,568.1093139648438,219.57000732421875,521.6533203125
2024-10-16,229.85720825195312,186.88999938964844,164.11373901367188,46.12443161010742,573.490478515625,409.64874267578125,135.50823974609375,486.497802734375,245.46487426757812,92.34276580810547,570.5785522460938,221.3300018310547,523.8457641601562
2024-10-17,230.22412109375,187.52999877929688,161.89784240722656,46.13420867919922,573.6296997070312,410.2394104003906,136.7163848876953,486.834716796875,249.6929168701172,92.71739196777344,570.6275024414062,220.88999938964844,523.924072265625
2024-10-18,233.0504608154297,188.99000549316406,162.384765625,46.33955383300781,573.1723022460938,411.65704345703125,137.78469848632812,490.02581787109375,249.62342834472656,92.73711395263672,572.8223876953125,220.6999969482422,525.9403686523438
2024-10-21,234.51820373535156,189.07000732421875,163.03067016601562,46.69157409667969,571.8698120117188,412.2674560546875,143.48580932617188,490.96728515625,250.94346618652344,92.82584381103516,571.8817138671875,218.85000610351562,525.1279296875
2024-10-22,233.9033660888672,189.6999969482422,164.09385681152344,46.9262580871582,578.6806640625,420.86163330078125,143.36599731445312,491.50238037109375,249.80209350585938,92.54978942871094,571.5779418945312,217.97000122070312,524.7658081054688
2024-10-23,228.8456573486328,184.7100067138672,161.74880981445312,45.87019348144531,560.4653930664062,417.9969177246094,139.34226989746094,483.970703125,247.14218139648438,91.67240142822266,566.355224609375,213.64999389648438,519.979736328125
2024-10-24,228.6572265625,186.3800048828125,161.68917846679688,47.27827453613281,564.5320434570312,418.1249084472656,140.19094848632812,487.8951416015625,248.184326171875,91.61325073242188,567.5801391601562,260.4800109863281,521.1542358398438
2024-10-25,229.49026489257812,187.8300018310547,164.22303771972656,47.8649787902832,569.970703125,421.4917297363281,141.31918334960938,490.8681640625,251.0625762939453,91.37665557861328,567.3841552734375,269.19000244140625,520.94873046875
2024-10-28,231.46377563476562,188.38999938964844,165.663818359375,47.806304931640625,574.8526611328125,419.9559631347656,140.30076599121094,490.9474182128906,249.32569885253906,91.70197296142578,569.1381225585938,262.510009765625,522.5734252929688
2024-10-29,231.7315216064453,190.8300018310547,168.60508728027344,48.24633026123047,589.88623046875,425.2326354980469,141.02963256835938,495.6646728515625,254.9928741455078,92.05687713623047,570.0592651367188,259.5199890136719,523.4052734375
2024-10-30,228.19114685058594,192.72999572753906,173.35479736328125,48.26588821411133,588.4146118164062,425.8035888671875,139.12261962890625,491.9186706542969,248.79965209960938,91.42594909667969,568.3345336914062,257.54998779296875,521.8295288085938
2024-10-31,224.035888671875,186.39999389648438,170.02603149414062,46.40800476074219,564.333251953125,400.03070068359375,132.55287170410156,479.5012512207031,239.86717224121094,89.53314971923828,557.1934814453125,249.85000610351562,511.5624694824219
2024-11-01,221.06077575683594,197.92999267578125,170.2049102783203,46.955589294433594,563.9156494140625,403.9881896972656,135.18875122070312,483.04901123046875,242.91415405273438,90.12464904785156,559.5452270507812,248.97999572753906,513.7842407226562
2024-11-04,220.1682586669922,195.77999877929688,168.16790771484375,46.58401107788086,557.47265625,402.1078796386719,135.83775329589844,481.6418151855469,242.43775939941406,89.70074462890625,558.3399047851562,242.83999633789062,512.66845703125
2024-11-05,221.5962677001953,199.5,168.66473388671875,47.38583755493164,569.1554565429688,405.06121826171875,139.69174194335938,487.78607177734375,246.44744873046875,91.17949676513672,565.0913696289062,251.44000244140625,518.8345336914062
2024-11-06,220.8723602294922,207.08999633789062,175.39181518554688,49.32194900512695,568.777587890625,413.6456298828125,145.3828125,501.0359802246094,252.898681640625,94.0975570678711,579.1425170898438,288.5299987792969,531.7540283203125
2024-11-07,225.59288024902344,210.0500030517578,179.60498046875,50.436683654785156,588.315185546875,418.81396484375,148.6477508544922,508.92431640625,259.0621032714844,94.67918395996094,583.6206665039062,296.9100036621094,535.8942260742188
2024-11-08,225.32481384277344,208.17999267578125,177.2201690673828,50.75936508178711,585.9686889648438,415.9689636230469,147.39967346191406,509.5190124511719,257.39471435546875,95.51715850830078,586.148681640625,321.2200012207031,538.2627563476562
2024-11-11,222.61447143554688,206.83999633789062,179.20750427246094,51.17005920410156,579.8339233398438,411.5093994140625,145.03338623046875,509.2217712402344,251.6282958984375,95.3692626953125,586.707275390625,350.0,538.7032470703125
2024-11-12,222.61447143554688,208.91000366210938,180.4694366455078,50.994049072265625,581.4744873046875,416.4513244628906,148.0586395263672,508.3000183105469,249.9708251953125,95.18196868896484,584.8847045898438,328.489990234375,537.0883178710938
2024-11-13,223.498046875,214.10000610351562,177.746826171875,50.95492935180664,576.6821899414062,418.5876159667969,146.04177856445312,507.6459655761719,245.77255249023438,95.20167541503906,585.1688232421875,330.239990234375,537.3623046875
2024-11-14,226.57574462890625,211.47999572753906,174.4677276611328,50.3193359375,573.8583984375,420.2513122558594,146.53102111816406,504.11798095703125,246.3184051513672,94.0975570678711,581.4060668945312,311.17999267578125,533.9463500976562
2024-11-15,223.37893676757812,202.61000061035156,171.39730834960938,49.34150314331055,550.9104614257812,408.5462341308594,141.7584991455078,492.10693359375,238.150146484375,92.56951141357422,573.9591064453125,320.7200012207031,527.0560913085938
2024-11-18,226.3771514892578,201.6999969482422,174.1894989013672,49.957542419433594,551.2285766601562,409.29443359375,139.93133544921875,495.5259094238281,239.7282257080078,92.6187973022461,576.310791015625,338.739990234375,529.23876953125
2024-11-19,226.6352996826172,204.61000061035156,176.9916534423828,50.86692810058594,557.88037109375,411.2928466796875,146.7806396484375,498.9349670410156,242.34841918945312,93.2793197631836,578.4174194335938,346.0,531.1668090820312
2024-11-20,227.35011291503906,202.8800048828125,174.86517333984375,50.54423904418945,562.2849731445312,409.0285949707031,145.66238403320312,498.6476135253906,240.72071838378906,93.42718505859375,578.613525390625,342.0299987792969,531.362548828125
2024-11-21,226.8735809326172,198.3800048828125,166.56809997558594,49.96731948852539,559.8687744140625,407.2628479003906,146.4412078857422,500.44134521484375,244.2540283203125,94.16654968261719,581.7196655273438,339.6400146484375,534.0443115234375
2024-11-22,228.21385192871094,197.1199951171875,163.71624755859375,49.90864944458008,555.9414672851562,411.3367614746094,141.72853088378906,501.2440185546875,242.78512573242188,94.22571563720703,583.5225219726562,352.55999755859375,535.83544921875
2024-11-25,231.19223022460938,201.4499969482422,166.5879669189453,49.65441131591797,561.8773803710938,413.10247802734375,135.8077850341797,502.0368347167969,241.83233642578125,94.16654968261719,585.5018920898438,338.5899963378906,537.5580444335938
2024-11-26,233.366455078125,207.86000061035156,168.0486297607422,50.30956268310547,570.259033203125,422.17755126953125,136.70640563964844,504.732421875,239.609130859375,95.31998443603516,588.5592041015625,338.2300109863281,540.5726318359375
2024-11-27,233.23736572265625,205.74000549316406,168.15792846679688,49.86953353881836,565.9439086914062,417.2453918457031,135.1288604736328,500.7584228515625,236.46290588378906,94.74819946289062,586.7757568359375,332.8900146484375,538.8500366210938
2024-11-29,235.62010192871094,207.88999938964844,167.8797149658203,50.60291290283203,571.03466796875,417.70904541015625,138.03431701660156,505.1585693359375,240.31381225585938,95.45800018310547,590.4208374023438,345.1600036621094,541.6883544921875
2024-12-02,237.8638153076172,210.7100067138672,170.40365600585938,51.512298583984375,589.4387817382812,425.1269226074219,138.41371154785156,510.65863037109375,246.0107421875,95.39884185791016,591.4791870117188,357.0899963378906,543.2152709960938
2024-12-03,240.90176391601562,213.44000244140625,170.25457763671875,51.78609085083008,610.1396484375,425.3439636230469,140.0411834716797,512.2244873046875,246.55662536621094,95.90162658691406,591.7535400390625,351.4200134277344,543.3424682617188
2024-12-04,241.25917053222656,218.16000366210938,173.26539611816406,52.69547653198242,610.2689208984375,431.4794921875,144.91355895996094,518.5570068359375,250.7350616455078,96.81844329833984,595.427978515625,357.92999267578125,546.76806640625
2024-12-05,241.28897094726562,220.5500030517578,171.54635620117188,53.02793884277344,605.4466552734375,436.6088562011719,144.8436737060547,517.1200561523438,246.43753051757812,96.74944305419922,594.4481811523438,369.489990234375,545.8578491210938
2024-12-06,241.0904083251953,227.02999877929688,173.60324096679688,53.86887741088867,620.20166015625,437.54595947265625,142.22760009765625,521.7481079101562,246.7451934814453,97.30150604248047,595.5750122070312,389.2200012207031,546.9442749023438
2024-12-09,244.9722137451172,226.08999633789062,174.4587860107422,53.692867279052734,610.0601196289062,439.962646484375,138.6029815673828,517.6849365234375,244.22425842285156,95.71431732177734,592.5079956054688,389.7900085449219,544.0960693359375
2024-12-10,245.98487854003906,225.0399932861328,184.2078399658203,54.230674743652344,615.7772216796875,437.3092041015625,134.86859130859375,515.9209594726562,238.0806884765625,95.00452423095703,590.6658325195312,400.989990234375,542.5497436523438
2024-12-11,244.714111328125,230.25999450683594,194.3846893310547,55.873435974121094,629.0607299804688,442.8923034667969,139.10223388671875,525.1571044921875,243.90664672851562,96.10865020751953,595.2320556640625,424.7699890136719,546.6604614257812
2024-12-12,246.17352294921875,228.97000122070312,190.9625701904297,55.41385269165039,627.1815185546875,443.4545593261719,137.13519287109375,521.7678833007812,241.54449462890625,95.33969116210938,592.1651000976562,418.1000061035156,543.8416137695312
2024-12-13,246.34230041503906,227.4600067138672,188.8336944580078,55.36496353149414,616.80126953125,441.1956787109375,134.0498046875,525.7616577148438,247.6186065673828,96.38468170166016,592.0474853515625,436.2300109863281,543.8024291992188
2024-12-16,249.23130798339844,232.92999267578125,195.63812255859375,56.66548156738281,621.169677734375,445.45703125,131.80313110351562,533.3330078125,251.3503875732422,97.15364074707031,594.5755004882812,463.0199890136719,545.93603515625
2024-12-17,251.6537322998047,231.14999389648438,194.40457153320312,56.94905471801758,616.3932495117188,448.2880554199219,130.195556640625,530.984375,248.0850830078125,96.09879302978516,592.1258544921875,479.8599853515625,543.6458740234375
2024-12-18,246.26287841796875,220.52000427246094,187.42105102539062,54.43601989746094,594.2528076171875,431.4499206542969,128.71774291992188,511.8279724121094,240.17486572265625,92.97371673583984,574.4783935546875,440.1300048828125,527.6825561523438
2024-12-19,247.99034118652344,223.2899932861328,187.5304718017578,54.60225296020508,592.6407470703125,431.0948181152344,130.485107421875,509.5487365722656,237.07826232910156,93.21031951904297,574.3020629882812,436.1700134277344,527.4867553710938
2024-12-20,252.65647888183594,224.9199981689453,190.41542053222656,54.67070007324219,582.3714599609375,430.6706237792969,134.49911499023438,513.9983520507812,240.8894500732422,94.22571563720703,581.199951171875,421.05999755859375,533.45703125
2024-12-23,253.43084716796875,225.05999755859375,193.61871337890625,55.50185775756836,596.899658203125,429.33892822265625,139.46170043945312,519.006103515625,248.44692993164062,95.23625183105469,584.6803588867188,430.6000061035156,537.275634765625
2024-12-24,256.3397521972656,229.0500030517578,195.09100341796875,56.7926025390625,604.7608032226562,433.363525390625,140.01089477539062,526.0437622070312,250.5902557373047,96.35250091552734,591.1790771484375,462.2799987792969,542.8036499023438
2024-12-26,257.1538391113281,227.0500030517578,194.5836639404297,56.39168930053711,600.3825073242188,432.16009521484375,139.7213134765625,525.6864013671875,250.15162658691406,96.42164611816406,591.218505859375,454.1300048828125,542.7937622070312
2024-12-27,253.74853515625,223.75,191.7583770751953,55.081390380859375,596.8598022460938,424.68304443359375,136.8056640625,518.6983032226562,247.6294708251953,95.41405487060547,584.9949951171875,431.6600036621094,537.1676025390625
2024-12-30,250.38296508789062,221.3000030517578,190.24632263183594,54.391517639160156,588.3319702148438,419.0604553222656,137.2849578857422,511.7997131347656,243.9010772705078,94.33733367919922,578.3192138671875,417.4100036621094,531.1878662109375
2024-12-31,248.61578369140625,219.38999938964844,188.31637573242188,53.632659912109375,582.630126953125,415.7756652832031,134.0897216796875,507.45208740234375,241.41879272460938,93.85330200195312,576.2152709960938,403.8399963378906,529.0474243164062
2025-01-02,242.09312438964844,220.22000122070312,188.44570922851562,53.37642288208008,596.2926635742188,412.8953552246094,138.10374450683594,506.4595031738281,244.03067016601562,94.38672637939453,574.7996215820312,379.2799987792969,527.721923828125
2025-01-03,241.60665893554688,224.19000244140625,190.79344177246094,54.73645782470703,601.6561889648438,417.6006164550781,144.2545623779297,514.747802734375,251.09869384765625,95.71041870117188,581.9865112304688,410.44000244140625,534.5361938476562
2025-01-06,243.23484802246094,227.61000061035156,195.8470458984375,55.84025192260742,627.1004028320312,422.03948974609375,149.2071533203125,520.663818359375,259.42279052734375,96.38213348388672,585.3390502929688,411.04998779296875,537.648681640625
2025-01-07,240.46495056152344,222.11000061035156,194.47422790527344,54.35210037231445,614.8509521484375,416.6339111328125,139.93099975585938,511.3728332519531,253.25196838378906,95.07819366455078,578.7223510742188,394.3599853515625,531.600341796875
2025-01-08,240.95140075683594,222.1300048828125,192.9422149658203,54.243690490722656,607.7161254882812,418.79412841796875,139.9010467529297,511.4622497558594,251.4475860595703,95.46345520019531,579.5678100585938,394.94000244140625,532.317138671875
2025-01-10,235.1435546875,218.94000244140625,191.04212951660156,53.593238830566406,612.8308715820312,413.2603454589844,135.70733642578125,503.4419860839844,246.4132537841797,94.4163589477539,570.7192993164062,394.739990234375,524.2166137695312
2025-01-13,232.71119689941406,218.4600067138672,190.01751708984375,53.327144622802734,605.3380126953125,411.5242004394531,133.03131103515625,501.82403564453125,243.88113403320312,94.2681884765625,571.604248046875,403.30999755859375,524.8941040039062
2025-01-14,231.5992889404297,217.75999450683594,188.6745147705078,52.79495620727539,591.3272094726562,410.0249328613281,131.56349182128906,501.3475341796875,244.6786651611328,94.33733367919922,572.3907470703125,396.3599853515625,525.561767578125
2025-01-15,236.1562042236328,223.35000610351562,194.53392028808594,54.70689010620117,614.0847778320312,420.5203857421875,136.03683471679688,512.8817138671875,250.43077087402344,96.08578491210938,582.8025512695312,428.2200012207031,535.1743774414062
2025-01-16,226.61544799804688,220.66000366210938,191.90765380859375,53.662227630615234,608.2933349609375,418.8138122558594,133.3708038330078,509.2884521484375,251.5074005126953,96.38213348388672,581.6817626953125,413.82000732421875,534.3790283203125
2025-01-17,228.3230438232422,225.94000244140625,194.98158264160156,54.637901306152344,609.7561645507812,423.2033996582031,137.50462341308594,517.8843994140625,257.44891357421875,97.44898223876953,587.5218505859375,426.5,539.5045166015625
2025-01-21,221.03594970703125,230.7100067138672,197.0209197998047,54.78573226928711,613.427978515625,422.6806335449219,140.61996459960938,520.9217529296875,261.5760803222656,98.8418197631836,592.8995361328125,424.07000732421875,544.4140014648438
2025-01-22,222.21737670898438,235.00999450683594,197.33924865722656,55.62343215942383,620.433349609375,440.1402587890625,146.85067749023438,527.582275390625,266.3412780761719,99.51353454589844,596.2326049804688,415.1099853515625,547.5067749023438
2025-01-23,222.048583984375,235.4199981689453,196.9512939453125,55.74169921875,633.3196411132812,440.6433410644531,147.00047302246094,528.703857421875,266.0222473144531,100.20500946044922,599.4869384765625,412.3800048828125,550.5408935546875
2025-01-24,221.17494201660156,234.85000610351562,199.1697235107422,55.50517272949219,644.3052978515625,438.029296875,142.4073028564453,525.716064453125,260.71875,100.09635925292969,597.7367553710938,406.5799865722656,548.8814697265625
2025-01-27,228.20391845703125,235.4199981689453,190.81333923339844,53.790348052978516,656.6343994140625,428.6582946777344,118.24339294433594,510.41009521484375,235.07852172851562,96.99458312988281,589.2816162109375,397.1499938964844,541.2423706054688
2025-01-28,236.54336547851562,238.14999389648438,194.2852020263672,55.406620025634766,671.0133666992188,441.126708984375,128.79763793945312,517.9539184570312,239.70413208007812,98.19973754882812,594.3449096679688,398.0899963378906,545.7786254882812
2025-01-29,237.63548278808594,237.07000732421875,194.39463806152344,54.83501052856445,673.1627197265625,436.32281494140625,123.5155258178711,516.9812622070312,238.7869873046875,97.89349365234375,591.6805419921875,389.1000061035156,543.3828735351562
2025-01-30,235.8782501220703,234.63999938964844,199.82626342773438,54.825157165527344,683.6210327148438,409.3540954589844,124.46410369873047,519.1847534179688,244.4095001220703,99.45427703857422,594.8560791015625,400.2799987792969,546.2205200195312
2025-01-31,234.2996826171875,237.67999267578125,202.95993041992188,54.84486770629883,685.7903442382812,409.4231262207031,119.89093017578125,518.4302978515625,242.8643035888672,98.82205963134766,591.6902465820312,404.6000061035156,543.3043823242188
2025-02-03,226.3672332763672,237.4199981689453,200.18438720703125,53.90861129760742,694.029541015625,405.3393859863281,116.48603057861328,514.2813110351562,238.03932189941406,98.77267456054688,587.70849609375,383.67999267578125,539.7401733398438
2025-02-04,231.1227569580078,242.05999755859375,205.30764770507812,54.87443161010742,700.7265014648438,406.7696533203125,118.47305297851562,520.59423828125,240.72097778320312,99.39500427246094,591.6509399414062,392.2099914550781,543.323974609375
2025-02-05,230.79513549804688,236.1699981689453,190.3358154296875,54.09585952758789,701.4031372070312,407.6772155761719,124.64384460449219,522.9566650390625,246.37338256835938,100.67916107177734,594.0499267578125,378.1700134277344,545.5527954101562
2025-02-06,231.53970336914062,238.8300018310547,190.6044464111328,54.61819076538086,708.4881591796875,410.1728515625,128.48806762695312,525.6864013671875,247.5796356201172,101.61760711669922,596.1145629882812,374.32000732421875,547.5166625976562
2025-02-07,225.98997497558594,229.14999389648438,184.37696838378906,53.524253845214844,711.0056762695312,404.18524169921875,129.6463623046875,519.0557250976562,244.24002075195312,100.78782653808594,590.6580200195312,361.6199951171875,542.1948852539062
2025-02-10,226.25833129882812,233.13999938964844,185.5010986328125,53.839622497558594,713.87158203125,406.6217041015625,133.3708038330078,525.3388671875,248.84568786621094,101.53858947753906,594.6693115234375,350.7300109863281,546.0733032226562
2025-02-11,231.19793701171875,232.75999450683594,184.3570556640625,53.524253845214844,716.2597045898438,405.85235595703125,132.6019744873047,524.0882568359375,249.09490966796875,101.63736724853516,595.1216430664062,328.5,546.5641479492188
2025-02-12,235.42198181152344,228.92999267578125,182.65594482421875,53.51439666748047,721.8123168945312,403.48486328125,130.94444274902344,524.3958740234375,247.7391357421875,101.15332794189453,593.2044067382812,336.510009765625,544.7575073242188
2025-02-13,240.05348205566406,230.3699951171875,185.17279052734375,54.48021697998047,724.9766235351562,404.9645690917969,135.08824157714844,531.9398193359375,251.1385498046875,102.00286865234375,599.46728515625,355.94000244140625,550.5113525390625
2025-02-14,243.10472106933594,228.67999267578125,184.2675323486328,54.74631118774414,733.0466918945312,402.8832092285156,138.64292907714844,534.1731567382812,251.7965087890625,101.8052978515625,599.4376831054688,355.8399963378906,550.531005859375
2025-02-18,242.97552490234375,226.64999389648438,182.81512451171875,54.322532653808594,712.8464965820312,404.0767822265625,139.19210815429688,535.3841552734375,255.4252166748047,101.81517028808594,601.1975708007812,354.1099853515625,552.1216430664062
2025-02-19,243.373046875,226.6300048828125,184.30731201171875,54.47036361694336,700.3085327148438,409.1371154785156,139.02235412597656,535.5330200195312,256.541748046875,101.83493041992188,602.61328125,360.55999755859375,553.45703125
2025-02-20,244.3271942138672,222.8800048828125,183.60101318359375,54.19441604614258,691.4224853515625,411.3016662597656,139.9010467529297,533.260009765625,257.00030517578125,100.66929626464844,600.1062622070312,354.3999938964844,551.1299438476562
2025-02-21,244.04891967773438,216.5800018310547,178.7264862060547,52.834381103515625,680.1880493164062,403.47357177734375,134.22952270507812,522.1923217773438,249.2145538330078,98.69364929199219,589.8419799804688,337.79998779296875,541.7529296875
2025-02-24,245.5894317626953,212.7100067138672,178.318603515625,52.03609848022461,664.8438720703125,399.3124694824219,130.08570861816406,516.0283203125,242.6649169921875,97.92312622070312,587.157958984375,330.5299987792969,539.1903076171875
2025-02-25,245.52981567382812,212.8000030517578,174.5084991455078,50.97172546386719,654.26611328125,393.283203125,126.4411392211914,509.526611328125,237.51095581054688,97.73544311523438,584.2379150390625,302.79998779296875,536.5098266601562
2025-02-26,238.890625,214.35000610351562,171.83245849609375,51.020999908447266,670.3863525390625,395.09197998046875,131.08424377441406,510.7574768066406,243.06369018554688,98.733154296875,584.5328979492188,290.79998779296875,536.843505859375
2025-02-27,235.849365234375,208.74000549316406,167.6244659423828,49.39487075805664,655.0025024414062,387.97552490234375,119.97080993652344,496.5730895996094,228.08029174804688,96.80690002441406,575.2025146484375,281.95001220703125,528.2225952148438
2025-02-28,240.361572265625,212.27999877929688,169.39520263671875,50.46910095214844,664.91357421875,392.3837585449219,124.73370361328125,504.4147033691406,232.04795837402344,98.58499908447266,584.1788940429688,292.9800109863281,536.4312133789062
2025-03-03,236.5748748779297,205.02000427246094,166.14218139648438,48.793697357177734,651.828125,383.9823913574219,113.88990020751953,493.3768615722656,222.3182373046875,96.47103881835938,573.9441528320312,284.6499938964844,527.1917114257812
2025-03-04,234.4877166748047,203.8000030517578,170.03189086914062,48.56702423095703,636.8522338867188,384.1009521484375,115.81702423095703,491.8879699707031,224.53134155273438,94.93002319335938,567.1504516601562,272.0400085449219,520.8389282226562
2025-03-05,234.29888916015625,208.36000061035156,172.12098693847656,49.50328063964844,653.2412109375,396.36700439453125,117.12506866455078,498.3002624511719,228.6884002685547,96.0363998413086,573.24609375,279.1000061035156,526.68115234375
2025-03-06,233.8914031982422,200.6999969482422,171.4544677734375,48.02498245239258,624.841552734375,392.2849426269531,110.40511322021484,484.59228515625,219.09825134277344,93.53720092773438,563.0703125,263.45001220703125,517.12744140625
2025-03-07,237.6085205078125,199.25,172.95660400390625,48.15310287475586,622.582763671875,388.7464599609375,112.52194213867188,488.1557922363281,224.39178466796875,93.38902282714844,566.2262573242188,262.6700134277344,519.9159545898438
2025-03-10,226.08937072753906,194.5399932861328,165.1981658935547,45.659706115722656,595.048828125,375.7490234375,106.82044982910156,469.23663330078125,213.86453247070312,90.98860931396484,551.14453125,222.14999389648438,506.1696472167969
2025-03-11,219.48997497558594,196.58999633789062,163.3755645751953,45.837100982666016,602.7308959960938,376.03570556640625,108.59780883789062,468.1149597167969,213.5554962158203,90.86019134521484,546.5628662109375,230.5800018310547,502.0162658691406
2025-03-12,215.65354919433594,198.88999938964844,166.43313598632812,46.89162063598633,616.5127563476562,378.82293701171875,115.57803344726562,473.3956604003906,219.83596801757812,91.80850219726562,549.4631958007812,248.08999633789062,504.4513244628906
2025-03-13,208.39817810058594,193.88999938964844,162.1007537841797,45.63999557495117,587.7349853515625,374.3751220703125,115.41825103759766,464.8790283203125,218.8689727783203,90.64286804199219,542.138671875,240.67999267578125,497.8628845214844
2025-03-14,212.1848907470703,197.9499969482422,164.8197021484375,46.980316162109375,605.1494140625,384.05157470703125,121.49972534179688,476.1153869628906,225.86720275878906,92.71729278564453,553.3369140625,249.97999572753906,508.08428955078125
2025-03-17,212.69180297851562,195.74000549316406,163.62454223632812,46.50726318359375,602.4603881835938,384.19000244140625,119.36272430419922,479.2024230957031,228.24978637695312,93.40876770019531,557.6039428710938,238.00999450683594,511.9626770019531
2025-03-18,211.38978576660156,192.82000732421875,160.0192413330078,45.31476974487305,580.01123046875,379.0700378417969,115.2684555053711,471.03326416015625,224.72076416015625,92.16411590576172,551.5770263671875,225.30999755859375,506.56231689453125
2025-03-19,213.9241943359375,195.5399932861328,163.22618103027344,46.07362747192383,581.7044067382812,383.3201599121094,117.35552978515625,477.3363037109375,226.70458984375,93.33963012695312,557.5842895507812,235.86000061035156,511.8842468261719
2025-03-20,212.79116821289062,194.9499969482422,162.14060974121094,46.004642486572266,583.6365966796875,382.3515319824219,118.3641128540039,475.7183837890625,226.345703125,93.23095703125,555.971923828125,236.25999450683594,510.7059326171875
2025-03-21,216.93568420410156,196.2100067138672,163.32577514648438,46.625526428222656,593.84521484375,386.72027587890625,117.5352783203125,477.28668212890625,224.07278442382812,93.07291412353516,556.1553344726562,248.7100067138672,510.8336181640625
2025-03-24,219.38064575195312,203.25999450683594,167.00082397460938,48.16295623779297,616.3540649414062,388.51910400390625,121.24009704589844,487.7604064941406,229.9145965576172,95.79361724853516,566.1151733398438,278.3900146484375,519.798095703125
2025-03-25,222.38217163085938,205.7100067138672,169.86917114257812,48.74441909790039,623.7840576171875,390.57501220703125,120.52110290527344,490.5438232421875,228.93763732910156,96.26868438720703,567.4759521484375,288.1400146484375,521.0352783203125
2025-03-26,220.1757354736328,201.1300048828125,164.39144897460938,47.24641036987305,608.515869140625,385.4452209472656,113.60079956054688,481.5175476074219,221.3213348388672,94.24968719482422,560.7013549804688,272.05999755859375,514.95751953125
2025-03-27,222.48158264160156,201.36000061035156,161.5828857421875,47.04930877685547,600.1497192382812,386.048095703125,111.2740707397461,478.77386474609375,217.07455444335938,93.43812561035156,559.2122802734375,273.1300048828125,513.5405883789062
2025-03-28,216.5679168701172,192.72000122070312,153.70489501953125,45.364044189453125,574.4138793945312,374.4048156738281,109.51652526855469,466.16876220703125,211.51185607910156,91.24097442626953,547.95068359375,263.54998779296875,503.2837829589844
2025-03-31,220.7720947265625,190.25999450683594,154.01365661621094,45.19650650024414,574.0355224609375,371.034423828125,108.22832489013672,466.1488952636719,210.81402587890625,91.57747650146484,551.6289672851562,259.1600036621094,506.3480224609375
2025-04-01,221.8256072998047,192.1699981689453,156.43382263183594,46.014495849609375,583.6365966796875,377.7554626464844,109.995849609375,469.90655517578125,211.83087158203125,92.22078704833984,553.18701171875,268.4599914550781,508.210205078125
2025-04-02,222.52133178710938,196.00999450683594,156.40390014648438,46.497406005859375,581.5748901367188,377.7060852050781,110.26547241210938,473.3361511230469,213.4259033203125,93.17090606689453,556.6878051757812,282.760009765625,511.2744445800781
2025-04-03,201.9478759765625,178.41000366210938,150.10952758789062,43.304283142089844,529.4759521484375,368.7808532714844,101.65753936767578,447.99676513671875,194.96336364746094,87.73741912841797,529.2537841796875,267.2799987792969,486.88861083984375
2025-04-04,187.22840881347656,171.0,145.01026916503906,40.76161193847656,502.69439697265625,355.664794921875,94.17802429199219,420.1722106933594,180.23916625976562,81.47258758544922,498.2696838378906,239.42999267578125,458.6700439453125
2025-04-07,180.3507080078125,175.25999450683594,146.15560913085938,40.87002182006836,514.1679077148438,353.707763671875,97.50334930419922,421.1861877441406,184.32644653320312,82.62063598632812,497.3821716308594,233.2899932861328,456.7389221191406
2025-04-08,171.365966796875,170.66000366210938,144.11390686035156,39.9140510559082,508.39129638671875,350.446044921875,96.16523742675781,413.60125732421875,179.3917999267578,81.80908203125,489.591796875,221.86000061035156,450.019287109375
2025-04-09,197.63441467285156,191.10000610351562,158.0671844482422,45.7484016418457,583.4075317382812,385.95916748046875,114.16999816894531,463.2461242675781,210.176025390625,90.97374725341797,541.0084838867188,272.20001220703125,491.7559509277344
2025-04-10,189.25595092773438,181.22000122070312,152.20101928710938,43.38312530517578,544.086669921875,376.92523193359375,107.4194564819336,443.5432434082031,195.60137939453125,87.40090942382812,517.3018798828125,252.39999389648438,474.9666748046875
2025-04-11,196.9386749267578,184.8699951171875,156.50350952148438,44.21097183227539,541.3777465820312,383.94287109375,110.7747573852539,451.7146911621094,200.685546875,88.8953628540039,526.531982421875,252.30999755859375,483.331787109375
2025-04-14,201.28196716308594,182.1199951171875,158.4257049560547,44.220829010009766,529.3364868164062,383.3102722167969,110.55506134033203,454.7765197753906,200.984619140625,89.29125213623047,531.64013671875,252.35000610351562,488.1892395019531
2025-04-15,200.90428161621094,179.58999633789062,155.67689514160156,43.90545654296875,519.4166870117188,381.25439453125,112.04297637939453,455.2834777832031,202.29055786132812,89.59806823730469,530.1511840820312,254.11000061035156,486.8196716308594
2025-04-16,193.0823974609375,174.3300018310547,152.70896911621094,42.16106414794922,500.28411865234375,367.2982177734375,104.34376525878906,441.5550537109375,193.7471466064453,87.3514404296875,518.3668823242188,241.5500030517578,476.11944580078125
2025-04-17,195.7758026123047,172.61000061035156,150.54776000976562,41.86540603637695,499.4574890136719,363.5126647949219,101.34796142578125,441.4755554199219,191.9327850341797,87.3514404296875,519.1064453125,241.3699951171875,476.77960205078125
2025-04-21,191.97921752929688,167.32000732421875,147.07186889648438,40.4659538269043,482.705322265625,354.953125,96.77438354492188,430.55047607421875,187.2473602294922,85.04541778564453,506.7503356933594,227.5,465.4193115234375
2025-04-22,198.5189666748047,173.17999267578125,150.85650634765625,41.796417236328125,498.2623291015625,362.5638427734375,98.75160217285156,441.8533020019531,191.3047332763672,87.48009490966797,519.9348754882812,237.97000122070312,477.1639099121094
2025-04-23,203.34925842285156,180.60000610351562,154.7207794189453,43.19587707519531,518.171630859375,370.0459899902344,102.56625366210938,451.8737487792969,198.29299926757812,89.75641632080078,527.9915161132812,250.74000549316406,484.82940673828125
2025-04-24,207.09617614746094,186.5399932861328,158.63487243652344,44.46720886230469,530.9996948242188,382.8061828613281,106.28104400634766,464.58819580078125,208.32179260253906,91.8743896484375,539.1051635742188,259.510009765625,495.0172119140625
2025-04-25,208.00062561035156,188.99000549316406,161.3040008544922,45.81739044189453,545.062744140625,387.30340576171875,110.85466003417969,469.7673645019531,211.31248474121094,93.05213928222656,543.0003662109375,284.95001220703125,498.66278076171875
2025-04-28,208.85537719726562,187.6999969482422,159.95947265625,45.63999557495117,547.5228271484375,386.6214294433594,108.57783508300781,469.6182861328125,209.99656677246094,93.1412124633789,543.2074584960938,285.8800048828125,498.96826171875
2025-04-29,209.9188690185547,187.38999938964844,159.5113067626953,45.91594314575195,552.203857421875,389.4679870605469,108.86742401123047,472.7198181152344,209.63768005371094,93.814208984375,546.6292724609375,292.0299987792969,501.9930725097656
2025-04-30,211.20094299316406,184.4199981689453,158.1568145751953,45.32462692260742,546.7857666015625,390.6738586425781,108.76756286621094,472.6601867675781,210.62461853027344,93.59647369384766,546.8462524414062,282.1600036621094,502.2394104003906
2025-05-01,212.01596069335938,190.1999969482422,160.6466827392578,46.76350021362305,569.9022216796875,420.4641418457031,111.45380401611328,478.8334655761719,211.64146423339844,94.74453735351562,550.7216796875,280.5199890136719,505.7962341308594
2025-05-02,204.0946502685547,189.97999572753906,163.36561584472656,47.344966888427734,594.6121826171875,430.2295227050781,114.33976745605469,485.9411926269531,218.3505859375,96.79322052001953,558.8966674804688,287.2099914550781,513.0479125976562
2025-05-05,197.6741485595703,186.35000610351562,163.54490661621094,46.85219955444336,596.8531494140625,431.10919189453125,113.66071319580078,483.058349609375,216.9349822998047,96.47652435302734,555.6918334960938,280.260009765625,510.3680419921875
2025-05-06,197.29647827148438,185.00999450683594,162.56886291503906,46.46784210205078,584.9413452148438,428.2823486328125,113.38111877441406,478.5650939941406,214.92124938964844,95.56599426269531,551.0471801757812,275.3500061035156,506.02288818359375
2025-05-07,195.05029296875,188.7100067138672,150.76687622070312,46.29044723510742,594.4030151367188,428.3218994140625,116.89618682861328,480.4438781738281,219.33750915527344,96.4963150024414,553.364501953125,276.2200012207031,508.3087463378906
2025-05-08,196.28271484375,192.0800018310547,153.6551055908203,46.980316162109375,595.5982055664062,433.08599853515625,117.20575714111328,485.4044494628906,221.2615203857422,97.48601531982422,557.2203369140625,284.82000732421875,511.6981201171875
2025-05-09,197.31634521484375,193.05999755859375,152.13131713867188,47.19713592529297,590.1004028320312,433.63946533203125,116.48675537109375,485.0863342285156,222.70701599121094,97.46622467041016,556.51025390625,298.260009765625,511.0183410644531
2025-05-12,209.776123046875,208.63999938964844,157.8181915283203,49.936912536621094,636.85107421875,444.0472717285156,122.82787322998047,504.8487854003906,236.67356872558594,100.83122253417969,574.9015502929688,318.3800048828125,528.0341796875
2025-05-13,211.90582275390625,211.3699951171875,158.88385009765625,51.05056381225586,653.3842163085938,443.9287109375,129.7481689453125,512.5431518554688,244.79827880859375,102.76115417480469,578.6981201171875,334.07000732421875,531.5023803710938
2025-05-14,211.3087158203125,210.25,164.7001953125,51.986820220947266,656.70068359375,447.6845703125,135.15060424804688,515.6148071289062,247.2207489013672,103.5826187133789,579.437744140625,347.67999267578125,532.1624755859375
2025-05-15,210.43295288085938,205.1699981689453,163.29591369628906,51.395503997802734,641.283203125,448.6946105957031,134.64129638671875,516.1814575195312,246.36341857910156,103.53311920166016,582.2678833007812,342.82000732421875,534.7734985351562
2025-05-16,210.24386596679688,205.58999633789062,165.51686096191406,51.681304931640625,637.7574462890625,449.82342529296875,135.21051025390625,518.4281005859375,245.65562438964844,104.11705780029297,585.9559936523438,349.9800109863281,538.2221069335938
2025-05-19,207.7758026123047,206.16000366210938,165.86544799804688,51.51376724243164,637.8471069335938,454.37841796875,135.3802947998047,518.9252319335938,245.24688720703125,104.16653442382812,586.5969848632812,342.0899963378906,538.7738647460938
2025-05-20,205.8650360107422,204.07000732421875,163.31582641601562,51.23781967163086,634.5304565429688,453.6852722167969,134.19192504882812,517.1954345703125,244.77833557128906,103.82014465332031,584.6246948242188,343.82000732421875,536.8622436523438
2025-05-21,201.11798095703125,201.1199951171875,167.8772735595703,50.676063537597656,632.9368896484375,448.14007568359375,131.6155548095703,510.0081481933594,240.72097778320312,101.94959259033203,574.7733764648438,334.6199951171875,527.8864135742188
2025-05-22,200.39149475097656,203.10000610351562,170.1779022216797,51.12940979003906,634.0026245117188,450.40765380859375,132.64413452148438,510.9624938964844,240.06301879882812,102.12774658203125,575.0001831054688,341.0400085449219,528.1327514648438
2025-05-23,194.33078002929688,200.99000549316406,167.78762817382812,50.400115966796875,624.5309448242188,445.7734680175781,131.10626220703125,506.2305908203125,236.70347595214844,101.7912368774414,571.0753173828125,339.3399963378906,524.56591796875
2025-05-27,199.24700927734375,206.02000427246094,172.19970703125,52.154361724853516,639.7293701171875,456.18060302734375,135.31036376953125,518.1398315429688,244.21011352539062,104.19622039794922,582.9483642578125,362.8900146484375,535.3450927734375
2025-05-28,199.45602416992188,204.72000122070312,171.66189575195312,51.81928253173828,640.9844360351562,452.8831481933594,134.621337890625,515.8433837890625,241.60821533203125,103.7706527709961,579.5758056640625,356.8999938964844,532.2905883789062
2025-05-29,198.98826599121094,205.6999969482422,171.16390991210938,52.13465118408203,642.4484252929688,454.1902770996094,138.99522399902344,516.8574829101562,243.3228759765625,104.1467514038086,581.8635864257812,358.42999267578125,534.3399658203125
2025-05-30,199.88394165039062,205.00999450683594,171.0443878173828,51.59260559082031,644.8785400390625,455.8537902832031,134.94088745117188,516.0422973632812,239.0063018798828,104.2655029296875,581.2127685546875,346.4599914550781,533.7882690429688
2025-06-02,200.7298583984375,206.64999389648438,168.34536743164062,51.96710968017578,668.1942749023438,457.44805908203125,137.187744140625,520.1181640625,242.54530334472656,105.3343734741211,584.4866943359375,342.69000244140625,536.891845703125
2025-06-03,202.29229736328125,205.7100067138672,165.5069122314453,52.09523010253906,664.1604614257812,458.43829345703125,141.02236938476562,524.1838989257812,248.0182647705078,106.06676483154297,587.8197631835938,344.2699890136719,539.9364624023438
2025-06-04,201.844482421875,207.22999572753906,167.36935424804688,52.183929443359375,685.1754150390625,459.3294677734375,141.72137451171875,525.645263671875,250.96908569335938,106.02716827392578,587.6619873046875,332.04998779296875,539.5916137695312
2025-06-05,199.66500854492188,207.91000366210938,167.5286865234375,50.81404113769531,681.8588256835938,463.1022033691406,139.79408264160156,521.6886596679688,250.52047729492188,104.67127990722656,584.8219604492188,284.70001220703125,537.0692749023438
2025-06-06,202.9391632080078,213.57000732421875,172.97653198242188,51.93754577636719,694.8960571289062,465.7757873535156,141.5216827392578,526.7883911132812,251.946044921875,105.8193359375,590.8274536132812,295.1400146484375,542.5571899414062
2025-06-09,200.48104858398438,216.97999572753906,175.58908081054688,52.499298095703125,691.2606811523438,468.12255859375,142.43040466308594,527.5638427734375,256.16290283203125,105.79954528808594,591.3599243164062,308.5799865722656,543.1386108398438
2025-06-10,201.6951904296875,217.61000061035156,178.0919647216797,53.2187385559082,699.567138671875,466.3104553222656,143.758544921875,531.0530395507812,261.257080078125,105.99748229980469,594.7127685546875,326.0899963378906,546.232421875
2025-06-11,197.82391357421875,213.1999969482422,176.8455047607422,52.7653923034668,691.3403930664062,467.99383544921875,142.64002990722656,529.263671875,261.0676574707031,106.00737762451172,593.0166625976562,326.42999267578125,544.7249145507812
2025-06-12,198.2418670654297,213.24000549316406,175.2001953125,52.73582458496094,690.5635375976562,474.1826477050781,144.80714416503906,530.5062866210938,262.3337097167969,106.11624908447266,595.3734741210938,319.1099853515625,546.7841186523438
2025-06-13,195.50511169433594,212.10000610351562,174.17312622070312,52.38103485107422,680.1159057617188,470.3109130859375,141.7811737060547,523.845947265625,256.19281005859375,105.0671615600586,588.7171020507812,325.30999755859375,540.6950073242188
2025-06-16,197.4656219482422,216.10000610351562,176.26715087890625,53.22859191894531,699.8262939453125,474.4499816894531,144.49754333496094,531.132568359375,262.5630187988281,106.49234008789062,594.318359375,329.1300048828125,545.9170532226562
2025-06-17,194.6990203857422,214.82000732421875,175.44947814941406,52.57814025878906,694.9522094726562,473.36077880859375,143.9282989501953,525.9533081054688,260.778564453125,105.64118194580078,589.2398681640625,316.3500061035156,541.2665405273438
2025-06-18,195.6344757080078,212.52000427246094,172.8269805908203,52.66683578491211,693.4970703125,475.5392150878906,145.2864990234375,525.8638916015625,261.77545166015625,106.09645080566406,589.1510009765625,322.04998779296875,541.1581420898438
2025-06-20,200.03323364257812,209.69000244140625,166.1659698486328,52.09523010253906,680.120849609375,472.7270202636719,143.65866088867188,523.7166137695312,259.462646484375,105.8094482421875,587.7673950195312,322.1600036621094,539.6604614257812
2025-06-23,200.53082275390625,208.47000122070312,164.72010803222656,53.13003921508789,696.248046875,481.24285888671875,143.97824096679688,529.1017456054688,261.1075439453125,107.5160903930664,593.5730590820312,348.67999267578125,545.2175903320312
2025-06-24,199.3365936279297,212.77000427246094,166.2956085205078,53.51439666748047,709.8733520507812,485.3126220703125,147.70326232910156,537.1927490234375,270.69769287109375,109.01350402832031,600.13037109375,340.4700012207031,551.2080688476562
2025-06-25,200.59051513671875,211.99000549316406,170.19447326660156,53.71150207519531,706.3648681640625,487.45147705078125,154.104736328125,538.5661010742188,274.3463439941406,109.03333282470703,600.4666748046875,327.54998779296875,551.48388671875
2025-06-26,200.03323364257812,217.1199951171875,173.04632568359375,54.2141227722168,723.7180786132812,492.5807800292969,154.81381225585938,543.6018676757812,276.34014892578125,110.32249450683594,605.1646118164062,325.7799987792969,555.8488159179688
2025-06-27,200.1128387451172,223.3000030517578,178.02215576171875,54.77587890625,731.2333984375,491.0855712890625,157.54017639160156,545.4629516601562,277.5563659667969,110.90757751464844,608.1712646484375,323.6300048828125,558.6076049804688
2025-06-30,204.1831512451172,219.38999938964844,175.7286834716797,54.6674690246582,735.6788330078125,492.5411682128906,157.77984619140625,548.9959106445312,278.0149230957031,111.53233337402344,611.0791015625,317.6600036621094,561.3995361328125
2025-07-01,206.8204345703125,220.4600067138672,175.3397979736328,53.839622497558594,716.8704223632812,487.2336120605469,153.09608459472656,544.3682250976562,274.9843444824219,109.8167495727539,610.8812866210938,300.7099914550781,561.1426391601562
2025-07-02,211.418212890625,219.9199981689453,178.13182067871094,54.628047943115234,711.2389526367188,486.28302001953125,157.0408477783203,548.159912109375,280.3775634765625,110.43157958984375,613.650634765625,315.6499938964844,563.6331787109375
2025-07-03,212.52285766601562,223.41000366210938,179.019287109375,55.12081527709961,716.6611328125,493.9571533203125,159.1280517578125,553.553955078125,282.740234375,111.5719985961914,618.4869995117188,315.3500061035156,568.5056762695312
2025-07-07,208.940185546875,223.47000122070312,176.28707885742188,54.26340103149414,716.0032348632812,492.8481140136719,158.02951049804688,549.384033203125,278.8922119140625,111.13565826416016,613.8780517578125,293.94000244140625,563.949462890625
2025-07-08,208.9998779296875,219.36000061035156,173.86399841308594,54.22397994995117,718.315673828125,491.7589111328125,159.78717041015625,549.6925659179688,282.6006774902344,110.31257629394531,613.5418090820312,297.80999755859375,563.5738525390625
2025-07-09,210.12445068359375,222.5399932861328,176.11756896972656,54.85472106933594,730.3861694335938,498.5815124511719,162.66334533691406,553.5838623046875,284.53466796875,111.13565826416016,617.2210083007812,295.8800048828125,566.9144897460938
2025-07-10,211.38833618164062,222.25999450683594,177.11473083496094,55.17994689941406,724.8642578125,496.57135009765625,163.88172912597656,552.7876586914062,286.62811279296875,111.47283172607422,618.9617309570312,309.8699951171875,568.5748291015625
2025-07-11,210.1443634033203,225.02000427246094,179.6774444580078,55.42633056640625,715.166015625,498.393310546875,164.7006378173828,551.543701171875,286.59820556640625,111.23482513427734,616.7858276367188,313.510009765625,566.5289916992188
2025-07-14,207.61656188964844,225.69000244140625,181.04351806640625,55.39676284790039,718.5648803710938,498.0962829589844,163.85177612304688,553.5440063476562,284.4349670410156,112.10749053955078,617.9628295898438,316.8999938964844,567.6458129882812
2025-07-15,208.10421752929688,226.35000610351562,181.48226928710938,55.66285705566406,708.0692749023438,500.8688659667969,170.4729461669922,554.0515747070312,289.89794921875,111.7901611328125,615.3220825195312,310.7799987792969,565.1849365234375
2025-07-16,209.149169921875,223.19000244140625,182.44952392578125,55.80083084106445,700.6136474609375,500.6708068847656,171.14205932617188,554.6188354492188,288.3826599121094,111.93890380859375,617.3792724609375,321.6700134277344,567.0429077148438
2025-07-17,209.0098419189453,223.8800048828125,183.05776977539062,55.9683723449707,699.1185913085938,506.6912841796875,172.76988220214844,559.1072387695312,290.80511474609375,112.75206756591797,621.1573486328125,319.4100036621094,570.4428100585938
2025-07-18,210.16424560546875,226.1300048828125,184.53355407714844,56.36258316040039,701.979248046875,505.05743408203125,172.18067932128906,558.56982421875,289.40948486328125,112.88099670410156,620.7024536132812,329.6499938964844,570.185791015625
2025-07-21,211.4580078125,229.3000030517578,189.55923461914062,56.77650833129883,710.6408081054688,505.06732177734375,171.15203857421875,561.4658813476562,289.6088562011719,113.08924102783203,621.87939453125,328.489990234375,571.2037963867188
2025-07-22,213.36875915527344,227.47000122070312,190.7957000732422,56.559688568115234,702.5075073242188,500.32421875,166.80783081054688,558.559814453125,284.48480224609375,111.91907501220703,621.9684448242188,332.1099853515625,571.2037963867188
2025-07-23,213.11996459960938,228.2899932861328,189.68887329101562,56.78636169433594,711.2489013671875,500.9183654785156,170.5528564453125,561.1076049804688,285.720947265625,113.40657806396484,627.2598266601562,332.55999755859375,576.0564575195312
2025-07-24,212.73184204101562,232.22999572753906,191.62335205078125,56.63853454589844,712.4649047851562,505.8793029785156,173.50892639160156,562.3018798828125,286.9072570800781,113.38673400878906,627.4674072265625,305.29998779296875,576.4518432617188
2025-07-25,212.8512725830078,231.44000244140625,192.63046264648438,56.92433547973633,710.351806640625,508.6816101074219,173.26922607421875,563.6553344726562,286.59820556640625,114.07098388671875,630.1181030273438,316.05999755859375,578.7446899414062
2025-07-28,213.0204620361328,232.7899932861328,192.0321807861328,57.35797119140625,715.28564453125,507.4834899902344,176.51490783691406,565.4168090820312,290.5060729980469,114.34864044189453,629.9598388671875,325.5899963378906,578.6063842773438
2025-07-29,210.25384521484375,231.00999450683594,195.1931610107422,56.9341926574707,697.7132568359375,507.5527648925781,175.2765350341797,564.541015625,291.9914245605469,113.95198059082031,628.29833984375,321.20001220703125,577.1041259765625
2025-07-30,208.0445098876953,230.19000244140625,195.97093200683594,56.98347091674805,692.9389038085938,508.21624755859375,179.03155517578125,565.2974853515625,295.3410339355469,114.45772552490234,627.5070190429688,319.0400085449219,576.4024047851562
2025-07-31,206.57162475585938,234.11000061035156,191.35409545898438,57.74232864379883,770.913330078125,528.2778930664062,177.6334228515625,562.3018798828125,287.88421630859375,114.7254867553711,625.153076171875,308.2699890136719,574.2379760742188
2025-08-01,201.40660095214844,214.75,188.59197998046875,55.90924072265625,747.5598754882812,518.9797973632812,173.4889373779297,551.2251586914062,283.0692138671875,112.2859878540039,614.9066162109375,302.6300048828125,564.7797241210938
2025-08-04,202.37191772460938,211.64999389648438,194.4851837158203,57.062313079833984,773.833740234375,530.39697265625,179.7605743408203,561.3961181640625,289.28985595703125,114.28914642333984,624.2530517578125,309.260009765625,573.3682861328125
2025-08-05,201.94398498535156,213.75,194.11624145507812,56.756797790527344,760.9659423828125,522.5841674804688,178.02288818359375,557.5845947265625,286.2094421386719,113.78339385986328,621.088134765625,308.7200012207031,570.6107788085938
2025-08-06,212.22430419921875,222.30999755859375,195.5321807861328,57.890159606933594,769.468017578125,519.8017578125,179.1813507080078,564.6007690429688,285.7309265136719,115.41964721679688,625.845458984375,319.9100036621094,574.8507080078125
2025-08-07,218.9716796875,223.1300048828125,195.9609832763672,58.10697555541992,759.3412475585938,515.7418823242188,180.52957153320312,566.5115966796875,290.2169494628906,115.40972900390625,625.3212280273438,322.2699890136719,574.5048217773438
2025-08-08,228.24688720703125,222.69000244140625,200.84701538085938,59.06294250488281,766.786865234375,516.9300537109375,182.4569854736328,571.7960815429688,292.6194763183594,116.21297454833984,630.1972045898438,329.6499938964844,578.90283203125
2025-08-11,226.3438720703125,221.3000030517578,200.42822265625,59.03337860107422,763.3680419921875,516.6627197265625,181.81784057617188,570.1041870117188,292.4898681640625,116.07415008544922,628.9510498046875,339.0299987792969,577.7169189453125
2025-08-12,228.80479431152344,221.47000122070312,202.76156616210938,59.69368362426758,787.419189453125,524.0596313476562,182.9163818359375,577.2697143554688,299.1690979003906,117.5318832397461,635.6468505859375,340.8399963378906,583.8840942382812
2025-08-13,232.4712677001953,224.55999755859375,201.385498046875,59.49657440185547,777.5315551757812,515.4844360351562,181.3484649658203,577.558349609375,300.345458984375,116.87739562988281,637.8228149414062,339.3800048828125,585.9200439453125
2025-08-14,231.9232940673828,230.97999572753906,202.36270141601562,59.76266860961914,779.5748901367188,517.3657836914062,181.77789306640625,577.110595703125,300.98345947265625,117.12531280517578,637.882080078125,335.5799865722656,585.9298706054688
2025-08-15,230.7376708984375,231.02999877929688,203.31997680664062,59.604984283447266,782.664794921875,515.078369140625,180.20997619628906,574.57275390625,294.73291015625,116.33197021484375,636.388671875,330.55999755859375,584.664794921875
2025-08-18,230.04022216796875,231.49000549316406,202.92111206054688,59.44729995727539,764.8631591796875,512.0384521484375,181.7678985595703,574.3438110351562,295.93914794921875,116.38156127929688,636.2501220703125,335.1600036621094,584.4572143554688
2025-08-19,229.71145629882812,228.00999450683594,200.99661254882812,58.48147964477539,749.0250244140625,504.7801818847656,175.40638732910156,566.5513916015625,289.9677429199219,114.7254867553711,632.7984008789062,329.30999755859375,581.2649536132812
2025-08-20,225.1781768798828,223.80999755859375,198.7530059814453,57.83102798461914,745.27734375,500.7698669433594,175.1667022705078,563.1876220703125,288.06365966796875,114.55689239501953,631.116943359375,323.8999938964844,579.7330322265625
2025-08-21,224.07228088378906,221.9499969482422,199.18177795410156,57.535369873046875,736.6854858398438,500.1251220703125,174.7472381591797,560.5802001953125,286.56829833984375,113.8329849243164,628.5851440429688,320.1099853515625,577.4500122070312
2025-08-22,226.92176818847656,228.83999633789062,205.5037384033203,58.944679260253906,752.32421875,503.09075927734375,177.7532501220703,569.2284545898438,292.7291564941406,115.53864288330078,638.2381591796875,340.010009765625,586.2857055664062
2025-08-25,226.323974609375,227.94000244140625,207.89691162109375,59.2304801940918,750.839111328125,500.1449890136719,179.57083129882812,567.5863647460938,293.00830078125,115.2708969116211,635.4292602539062,346.6000061035156,583.8049926757812
2025-08-26,228.46603393554688,228.7100067138672,206.55075073242188,59.427589416503906,751.636474609375,497.9430847167969,181.52822875976562,569.8653564453125,295.8294982910156,116.34188842773438,638.0897827148438,351.6700134277344,586.1373901367188
2025-08-27,229.6417236328125,229.1199951171875,206.88978576660156,59.467010498046875,744.9384765625,502.604736328125,181.35845947265625,570.7412109375,296.7366638183594,116.30223083496094,639.543701171875,349.6000061035156,587.4815673828125
2025-08-28,231.70408630371094,231.60000610351562,211.03794860839844,59.75281524658203,748.65625,505.4810791015625,179.9303436279297,574.31396484375,297.952880859375,116.8178939819336,641.80859375,345.9800109863281,589.5570678710938
2025-08-29,231.28562927246094,229.0,212.30435180664062,58.92496871948242,736.2868041992188,502.5551452636719,173.94830322265625,567.6660766601562,289.3895568847656,115.50889587402344,637.98095703125,333.8699951171875,586.1572265625
2025-09-02,228.87454223632812,225.33999633789062,210.74879455566406,58.25480651855469,732.7085571289062,500.9979553222656,170.5528564453125,562.9088745117188,285.59136962890625,114.59656524658203,633.25341796875,329.3599853515625,581.8381958007812
2025-09-03,237.5923309326172,225.99000549316406,230.00384521484375,59.68383026123047,734.6422119140625,501.22607421875,170.39305114746094,567.3375854492188,285.54150390625,114.62630462646484,636.6853637695312,334.0899963378906,584.8130493164062
2025-09-04,238.8975067138672,235.67999267578125,231.63919067382812,60.44268798828125,746.2042846679688,503.82470703125,171.43167114257812,572.4727783203125,288.9608459472656,116.35181427001953,642.0064086914062,338.5299987792969,589.626220703125
2025-09-05,238.80784606933594,232.3300018310547,234.33151245117188,60.324424743652344,749.991943359375,490.9605407714844,166.7978515625,573.298828125,292.3702697753906,116.07415008544922,640.1469116210938,350.8399963378906,588.0152587890625
2025-09-08,237.0045166015625,235.83999633789062,233.5829620361328,60.3835563659668,749.8423461914062,494.1344299316406,168.0861358642578,576.095458984375,295.6001892089844,116.73855590820312,641.7196044921875,346.3999938964844,589.5372924804688
2025-09-09,233.4875030517578,238.24000549316406,239.16204833984375,60.82704544067383,763.1986083984375,494.3427429199219,170.53286743164062,577.7275390625,296.8861999511719,117.48230743408203,643.203125,346.9700012207031,590.9703369140625
2025-09-10,225.95530700683594,230.3300018310547,238.7029571533203,60.5018196105957,749.5234375,496.2867126464844,177.09414672851562,577.9166259765625,299.8968200683594,118.50371551513672,645.0625,347.7900085449219,592.6801147460938
2025-09-11,229.18341064453125,229.9499969482422,239.90060424804688,61.10299301147461,748.4469604492188,496.9215087890625,176.94430541992188,581.2803955078125,302.9872131347656,119.12846374511719,650.4231567382812,368.80999755859375,597.5131225585938
2025-09-12,233.2085418701172,228.14999389648438,240.32977294921875,62.01953887939453,753.1216430664062,505.7389221191406,177.593505859375,583.8480224609375,303.37603759765625,119.47555541992188,650.2054443359375,395.94000244140625,597.3846435546875
2025-09-15,235.828857421875,231.42999267578125,251.11865234375,63.212032318115234,762.2018432617188,511.1544189453125,177.52357482910156,588.843994140625,306.2171936035156,120.12012481689453,653.6671752929688,410.0400085449219,600.4978637695312
2025-09-16,237.2735137939453,234.0500030517578,250.66954040527344,63.487979888916016,776.4551391601562,504.8859558105469,174.65724182128906,588.3463745117188,306.2570495605469,120.06062316894531,652.76708984375,421.6199951171875,599.7070922851562
2025-09-17,238.11044311523438,231.6199951171875,249.04270935058594,63.15290451049805,773.1858520507812,505.8579406738281,170.0730743408203,587.172119140625,304.3031311035156,119.67388153076172,651.9561157226562,425.8599853515625,599.0153198242188
2025-09-18,237.0045166015625,231.22999572753906,251.537841796875,63.369720458984375,777.7011108398438,504.3008117675781,176.01551818847656,592.466552734375,315.9867858886719,120.43745422363281,655.00244140625,416.8500061035156,601.8320922851562
2025-09-19,244.59646606445312,231.47999572753906,254.22259521484375,64.16799926757812,775.837158203125,513.703369140625,176.4449462890625,596.4771728515625,314.7306823730469,120.91345977783203,658.2465209960938,426.07000732421875,604.6389770507812
2025-09-22,255.13751220703125,227.6300048828125,252.036865234375,64.6312026977539,763.175048828125,510.25189208984375,183.37612915039062,600.0083618164062,321.170654296875,121.29287719726562,661.3606567382812,434.2099914550781,607.5841064453125
2025-09-23,253.49359130859375,220.7100067138672,251.16856384277344,63.63581085205078,753.4404907226562,505.0744323730469,178.2027130126953,596.02294921875,320.7021179199219,120.78633117675781,657.7606201171875,425.8500061035156,604.4017333984375
2025-09-24,251.38140869140625,220.2100067138672,246.6573944091797,63.70479965209961,758.6867065429688,505.9869079589844,176.74456787109375,593.9305419921875,320.1139221191406,120.08114624023438,655.6677856445312,442.7900085449219,602.3855590820312
2025-09-25,255.9246063232422,218.14999389648438,245.3100128173828,63.172611236572266,746.9672241210938,502.8923645019531,177.4636688232422,591.3699340820312,320.0640869140625,119.49513244628906,652.6429443359375,423.3900146484375,599.509521484375
2025-09-26,254.51980590820312,219.77999877929688,246.05853271484375,63.51754379272461,741.8206787109375,507.28619384765625,177.96302795410156,593.801025390625,320.8217468261719,119.7633056640625,656.3819580078125,440.3999938964844,603.037841796875
2025-09-29,253.49359130859375,222.1699981689453,243.57342529296875,63.8427734375,741.4716186523438,510.40057373046875,181.6183624267578,596.5509643554688,321.65911865234375,119.89242553710938,658.2266845703125,443.2099914550781,604.732666015625
2025-09-30,253.69287109375,219.57000732421875,242.6252899169922,63.92161560058594,732.4749755859375,513.7232666015625,186.3423309326172,598.1849975585938,325.3476257324219,120.24005889892578,660.7061157226562,444.7200012207031,606.9628295898438
2025-10-01,254.5098419189453,220.6300048828125,244.42176818847656,64.26654815673828,715.4791870117188,515.4689331054688,187.0015106201172,601.0545043945312,332.6549072265625,119.74343872070312,662.95751953125,459.4599914550781,609.1334228515625
2025-10-02,256.18365478515625,222.41000366210938,245.21022033691406,64.04973602294922,725.1640014648438,511.53131103515625,188.64939880371094,603.5255126953125,337.1907958984375,119.96195220947266,663.7210693359375,436.0,609.8074340820312
2025-10-03,257.07037353515625,219.50999450683594,244.87088012695312,63.49783706665039,708.7167358398438,513.1281127929688,187.38099670410156,600.9848022460938,335.6356201171875,119.27661895751953,663.7112426757812,429.8299865722656,609.8569946289062
2025-10-06,255.7452850341797,220.89999389648438,249.94094848632812,64.41438293457031,713.8035278320312,524.256591796875,185.3036651611328,605.498291015625,342.3148498535156,119.5944595336914,666.0914916992188,453.25,611.9384155273438
2025-10-07,255.5360870361328,221.77999877929688,245.2800750732422,63.70479965209961,711.230224609375,519.7040405273438,184.80429077148438,602.3099975585938,336.0044860839844,119.654052734375,663.6219482421875,433.0899963378906,609.7578735351562
2025-10-08,257.1102294921875,225.22000122070312,244.14230346679688,64.24684143066406,715.9779663085938,520.5668334960938,188.86911010742188,609.2147216796875,344.99652099609375,120.6075439453125,667.5791625976562,438.69000244140625,613.2962646484375
2025-10-09,253.10501098632812,227.74000549316406,241.05833435058594,64.33554077148438,731.6072387695312,518.136962890625,192.32470703125,608.4774169921875,344.13916015625,120.97504425048828,665.6452026367188,435.5400085449219,611.6410522460938
2025-10-10,244.3673095703125,216.3699951171875,236.10801696777344,61.88156509399414,703.4703979492188,506.790283203125,182.92669677734375,587.3546142578125,324.330810546875,117.69739532470703,647.6542358398438,413.489990234375,595.1978149414062
2025-10-13,246.74851989746094,220.07000732421875,243.6732177734375,63.310585021972656,713.8433837890625,509.8550720214844,188.08013916015625,599.8190307617188,338.69610595703125,120.34930419921875,657.5919189453125,435.8999938964844,604.21728515625
2025-10-14,246.8581085205078,216.38999938964844,244.97068786621094,62.551727294921875,706.8117065429688,509.3789978027344,179.80067443847656,595.8236694335938,332.46551513671875,119.73351287841797,656.78857421875,429.239990234375,603.3649291992188
2025-10-15,248.42233276367188,215.57000732421875,250.539794921875,63.024784088134766,715.6885986328125,509.2401123046875,179.60093688964844,600.0282592773438,340.7198181152344,120.36917877197266,659.7044067382812,435.1499938964844,606.0211791992188
2025-10-16,246.53929138183594,214.47000122070312,250.9689483642578,62.74883270263672,710.2228393554688,507.4349670410156,181.57839965820312,597.806396484375,342.2350769042969,119.4156723022461,655.2117309570312,428.75,602.0169067382812
2025-10-17,251.36148071289062,213.0399932861328,252.80535888671875,63.39928436279297,715.0602416992188,509.388916015625,182.9866180419922,601.7320556640625,341.76654052734375,119.60438537597656,658.9308471679688,439.30999755859375,605.3571166992188
2025-10-20,261.27484130859375,216.47999572753906,256.04901123046875,64.34539794921875,730.2706298828125,512.57275390625,182.4073486328125,609.3143310546875,346.1429443359375,120.41883087158203,665.7840576171875,447.42999267578125,611.7103881835938
2025-10-21,261.8028869628906,222.02999877929688,249.9709014892578,64.21727752685547,731.367919921875,513.4356079101562,180.9292449951172,609.1549682617188,344.2288818359375,119.92222595214844,665.7741088867188,442.6000061035156,611.631103515625
2025-10-22,257.49884033203125,217.9499969482422,251.19850158691406,63.92161560058594,731.5075073242188,516.2921142578125,180.05035400390625,603.286376953125,337.5496826171875,118.66082000732422,662.3128051757812,438.9700012207031,608.5386962890625
2025-10-23,258.6246643066406,221.08999633789062,252.58578491210938,64.41438293457031,732.095947265625,516.3118896484375,181.92796325683594,608.35791015625,343.7304382324219,119.5249252319336,666.2402954101562,448.9800109863281,611.97802734375
2025-10-24,261.85272216796875,224.2100067138672,259.4124450683594,64.90715026855469,736.444580078125,519.3370971679688,186.02273559570312,614.8541259765625,350.0508117675781,120.88565063476562,671.6851806640625,433.7200012207031,617.0427856445312
2025-10-27,267.8206787109375,226.97000122070312,268.744140625,66.50371551513672,748.872314453125,527.1824951171875,191.24609375,625.80419921875,358.823486328125,122.16691589355469,679.6094970703125,452.4200134277344,624.4269409179688
2025-10-28,268.0099792480469,229.25,266.94769287109375,67.3808364868164,749.4906616210938,537.6464233398438,200.77392578125,630.6165161132812,361.983642578125,122.60393524169922,681.41455078125,460.54998779296875,626.1019287109375
2025-10-29,268.7073974609375,230.3000030517578,274.0338439941406,68.06085205078125,749.7200317382812,537.1305541992188,206.77627563476562,633.4561767578125,367.4665832519531,123.33892822265625,681.7418823242188,461.510009765625,626.3596801757812
2025-10-30,270.4011535644531,222.86000061035156,280.93035888671875,65.98137664794922,664.7410888671875,521.469482421875,202.63156127929688,623.7715454101562,362.60174560546875,120.97504425048828,674.2439575195312,440.1000061035156,619.7090454101562
2025-10-31,269.3749084472656,244.22000122070312,280.640869140625,66.97676849365234,646.6681518554688,513.5844116210938,202.23207092285156,626.780517578125,361.8939208984375,120.87571716308594,676.4556274414062,456.55999755859375,621.4931030273438
2025-11-03,268.0597839355469,254.0,283.16595458984375,67.65678405761719,636.0557250976562,512.810791015625,206.61648559570312,629.7796020507812,364.9643859863281,120.82605743408203,677.7251586914062,468.3699951171875,622.7122802734375
2025-11-04,269.0461730957031,249.32000732421875,276.9980163574219,66.1094970703125,625.6926879882812,510.1327819824219,198.43690490722656,616.996337890625,351.665771484375,118.65088653564453,669.6917114257812,444.260009765625,615.49658203125
2025-11-05,269.1457824707031,250.1999969482422,283.7547912597656,66.61211395263672,634.30029296875,503.02130126953125,194.9613494873047,621.0116577148438,358.3848571777344,118.95878601074219,672.0125122070312,462.07000732421875,617.35009765625
2025-11-06,268.7771301269531,243.0399932861328,284.1939392089844,65.23237609863281,617.3344116210938,493.04339599609375,187.84043884277344,609.4439086914062,350.0009460449219,117.33982849121094,664.8021850585938,445.9100036621094,610.78857421875
2025-11-07,267.4819030761719,244.41000366210938,278.28546142578125,64.70018768310547,620.0972900390625,492.7657165527344,187.91030883789062,607.5209350585938,347.0401611328125,117.7271957397461,665.4567260742188,429.5199890136719,611.4329833984375
2025-11-10,268.6985778808594,248.39999389648438,289.5334777832031,66.49385833740234,630.1212158203125,501.8707580566406,198.7964630126953,620.9617919921875,357.67706298828125,119.96195220947266,675.8407592773438,445.2300109863281,620.9281005859375
2025-11-11,274.5028076171875,249.10000610351562,290.7411193847656,66.29674530029297,625.4533081054688,504.5289001464844,192.91395568847656,619.307861328125,349.9610595703125,119.47526550292969,677.3878784179688,439.6199951171875,622.3553466796875
2025-11-12,272.7276916503906,244.1999969482422,286.15008544921875,65.53788757324219,607.43017578125,506.9688720703125,193.55313110351562,618.8197021484375,354.4271545410156,119.5249252319336,677.7647705078125,430.6000061035156,622.6626586914062
2025-11-13,272.20904541015625,237.5800018310547,278.0260314941406,63.86248779296875,608.3079223632812,499.1828918457031,186.62197875976562,606.1858520507812,343.7503967285156,116.88294982910156,666.5179443359375,401.989990234375,612.5231323242188
2025-11-14,271.6705322265625,234.69000244140625,275.8702087402344,63.9511833190918,607.8790283203125,506.0166320800781,189.92774963378906,606.64404296875,343.909912109375,117.03192901611328,666.408935546875,404.3500061035156,612.3645629882812
2025-11-17,266.73394775390625,232.8699951171875,284.46337890625,63.813209533691406,600.4483642578125,503.3486022949219,186.36231994628906,601.4630126953125,339.244384765625,115.69107818603516,660.2002563476562,408.9200134277344,606.625732421875
2025-11-18,266.7139892578125,222.5500030517578,283.724853515625,62.6207160949707,596.1395874023438,489.7604064941406,181.12899780273438,594.1397705078125,332.25616455078125,115.05540466308594,654.65625,401.25,601.63037109375
2025-11-19,267.83099365234375,222.69000244140625,292.2381896972656,63.13318634033203,588.7886962890625,483.14483642578125,186.28240966796875,597.686767578125,338.3870849609375,115.91951751708984,657.185302734375,403.989990234375,603.8109130859375
2025-11-20,265.5272521972656,217.13999938964844,288.884765625,62.02939224243164,587.6217041015625,475.41387939453125,180.40989685058594,583.5385131835938,324.091552734375,113.64501953125,647.1683349609375,395.2300109863281,594.6527099609375
2025-11-21,270.75299072265625,220.69000244140625,299.0747985839844,62.5418701171875,592.70849609375,469.1436462402344,178.6521453857422,587.9224853515625,325.1183776855469,113.52584838867188,653.6148681640625,391.0899963378906,600.56982421875
2025-11-24,275.1710205078125,226.27999877929688,317.9578552246094,64.60163879394531,611.4596557617188,471.0118103027344,182.31747436523438,602.9575805664062,338.06805419921875,116.14795684814453,663.2351684570312,417.7799987792969,609.5001220703125
2025-11-25,276.2181396484375,229.6699981689453,322.8083801269531,65.06482696533203,634.5695190429688,473.98297119140625,177.593505859375,606.6740112304688,338.955322265625,117.12132263183594,669.4734497070312,419.3999938964844,615.1694946289062
2025-11-26,276.7966003417969,229.16000366210938,319.3252258300781,65.35063171386719,631.9663696289062,482.4393310546875,180.03036499023438,612.034423828125,346.63140869140625,118.47211456298828,674.09521484375,426.5799865722656,619.4215698242188
2025-11-28,278.0930480957031,233.22000122070312,319.55474853515625,65.79412841796875,646.2691650390625,488.9082946777344,176.7745361328125,616.996337890625,351.187255859375,119.30642700195312,677.7747192382812,430.1700134277344,622.8510131835938
2025-12-01,282.3315124511719,233.8800048828125,314.2751159667969,65.71528625488281,639.2074584960938,483.6714782714844,179.69081115722656,614.923828125,351.8651428222656,118.12448120117188,674.6803588867188,430.1400146484375,619.986572265625
2025-12-02,285.4131164550781,234.4199981689453,315.1932678222656,66.03065490722656,645.4213256835938,486.91094970703125,181.22886657714844,619.7362670898438,358.3150634765625,118.3529281616211,675.9300537109375,429.239990234375,621.0372314453125
2025-12-03,283.378662109375,232.3800048828125,319.0058288574219,66.03065490722656,637.9407958984375,474.7182922363281,179.3612518310547,621.2507934570312,363.23974609375,118.65088653564453,678.2706298828125,446.739990234375,623.2078247070312
2025-12-04,279.9380187988281,229.11000061035156,316.999755859375,66.35588073730469,659.81396484375,477.8087158203125,183.15660095214844,620.6729125976562,360.47833251953125,119.68384552001953,678.7665405273438,454.5299987792969,623.7330932617188
2025-12-05,278.0232238769531,229.52999877929688,320.6426086425781,66.64168548583984,671.673095703125,480.11407470703125,182.1877899169922,623.20361328125,363.28961181640625,120.03147888183594,680.0557861328125,455.0,624.9026489257812
2025-12-08,277.1356506347656,226.88999938964844,313.3121643066406,66.05036163330078,665.0702514648438,487.92449951171875,185.323974609375,622.0079956054688,367.4067687988281,120.18046569824219,678.0127563476562,439.5799865722656,623.0491943359375
2025-12-09,276.4275817871094,227.9199981689453,316.66778564453125,66.18834686279297,655.2557983398438,488.918212890625,184.7446746826172,622.775146484375,367.8553771972656,119.90235900878906,677.4275512695312,445.1700134277344,622.543701171875
2025-12-10,278.0232238769531,231.77999877929688,319.7937316894531,66.21791076660156,648.4435424804688,475.5430603027344,183.55612182617188,625.3258666992188,372.9395751953125,120.70687866210938,681.92041015625,451.45001220703125,626.5678100585938
2025-12-11,277.2752685546875,230.27999877929688,312.02386474609375,65.72514343261719,651.016845703125,480.4221496582031,180.70957946777344,623.3032836914062,369.7395324707031,120.95518493652344,683.5072021484375,446.8900146484375,628.1041259765625
2025-12-12,277.5245666503906,226.19000244140625,308.887939453125,65.19295501708984,642.5587158203125,475.5132751464844,174.80679321289062,611.3867797851562,353.02154541015625,118.2933349609375,676.1580810546875,458.9599914550781,621.3246459960938
2025-12-15,273.3658752441406,222.5399932861328,307.8193359375,65.27179718017578,646.3570556640625,471.82666015625,176.07522583007812,608.3179931640625,351.8053283691406,117.87617492675781,675.1365356445312,475.30999755859375,620.4227294921875
2025-12-16,273.8645324707031,222.55999755859375,306.1714782714844,65.79412841796875,655.9798583984375,473.38677978515625,177.5034942626953,609.5235595703125,350.8482971191406,117.89604187011719,673.2918701171875,489.8800048828125,618.6881103515625
2025-12-17,271.10205078125,221.27000427246094,296.3342590332031,64.36510467529297,648.343505859375,473.1184387207031,170.73175048828125,598.2247924804688,338.18768310546875,115.74073028564453,665.8832397460938,467.260009765625,611.8887939453125
2025-12-18,271.4511413574219,226.75999450683594,302.0668029785156,65.6265869140625,663.2669067382812,480.9289245605469,173.9278564453125,606.8931884765625,346.1728515625,116.9028091430664,670.9114990234375,483.3699951171875,616.5076293945312
2025-12-19,272.9271240234375,227.35000610351562,306.7607116699219,66.14891815185547,657.5969848632812,482.856689453125,180.76953125,614.8043212890625,355.125,118.72041320800781,676.9923095703125,481.20001220703125,622.0084838867188
2025-12-22,270.23443603515625,228.42999267578125,309.3773193359375,66.51356506347656,660.3220825195312,481.86297607421875,183.4662322998047,617.7513427734375,359.70001220703125,119.70710754394531,681.2098388671875,488.7300109863281,625.9257202148438
2025-12-23,271.62066650390625,232.13999938964844,313.94134521484375,67.14430236816406,663.7559814453125,483.7807922363281,188.97952270507812,620.6444702148438,363.1600036621094,120.45384979248047,684.3233032226562,485.55999755859375,628.8479614257812
2025-12-24,273.06671142578125,232.3800048828125,313.6816711425781,67.18372344970703,666.3613891601562,484.94342041015625,188.38023376464844,622.460205078125,364.1700134277344,120.92179870605469,686.7305297851562,485.3999938964844,630.9451904296875
2025-12-26,272.6578674316406,232.52000427246094,313.10247802734375,67.00633239746094,662.10888671875,484.6354064941406,190.2978973388672,622.4203491210938,365.8599853515625,120.85210418701172,686.660888671875,475.19000244140625,631.0048828125
2025-12-29,273.0168762207031,232.07000732421875,313.15240478515625,66.48400115966797,657.5171508789062,484.02923583984375,187.99070739746094,619.4074096679688,364.2099914550781,120.1053695678711,684.2138671875,459.6400146484375,628.7783203125
2025-12-30,272.33868408203125,232.52999877929688,313.4420166015625,66.41000366210938,664.7642211914062,484.4068603515625,187.31153869628906,617.9707641601562,363.30999755859375,119.82658386230469,683.3782958984375,454.42999267578125,627.9036254882812
2025-12-31,271.12200927734375,230.82000732421875,312.5931091308594,65.95999908447266,658.9146728515625,480.5711669921875,186.27279663085938,612.8628540039062,360.1300048828125,118.80106353759766,678.3152465820312,449.7200012207031,623.3413696289062
2026-01-02,270.27435302734375,226.5,314.74029541015625,65.3499984741211,649.2518920898438,469.95849609375,188.6199493408203,611.6756591796875,373.29998779296875,119.14954376220703,679.55859375,438.07000732421875,624.5043334960938
2026-01-05,266.5345458984375,233.05999755859375,316.1285095214844,65.88999938964844,657.616943359375,469.86907958984375,187.89083862304688,616.5341796875,377.5899963378906,119.89627838134766,684.0845947265625,451.6700134277344,628.6392211914062
2026-01-06,261.6478271484375,240.92999267578125,313.9313659667969,65.6500015258789,659.4437255859375,475.4933776855469,187.0119171142578,621.951416015625,387.6199951171875,120.52355194091797,688.1529541015625,432.9599914550781,632.3665771484375
2026-01-07,259.6233215332031,241.55999755859375,321.56146240234375,65.9000015258789,647.5349731445312,480.4221496582031,188.87962341308594,622.550048828125,385.0199890136719,119.66728210449219,685.9347534179688,431.4100036621094,630.3388061523438
2026-01-08,258.3368225097656,246.2899932861328,325.0169372558594,65.87999725341797,644.9096069335938,475.0959167480469,184.8145751953125,619.0083618164062,378.9800109863281,118.50236511230469,685.8651123046875,435.79998779296875,630.2295532226562
2026-01-09,258.6659240722656,247.3800048828125,328.14288330078125,66.37000274658203,651.8970947265625,476.258544921875,184.63479614257812,625.173828125,389.2200012207031,119.50798034667969,690.4010009765625,445.010009765625,634.4539184570312
2026-01-12,259.54351806640625,246.47000122070312,331.4285888671875,66.28500366210938,640.826904296875,474.1717529296875,184.71470642089844,625.6925659179688,390.6600036621094,119.9460678100586,691.4852294921875,448.9599914550781,635.4777221679688
2026-01-13,260.34136962890625,242.60000610351562,335.5332336425781,65.98999786376953,629.96630859375,467.70281982421875,185.58364868164062,624.7647705078125,391.5299987792969,119.6075439453125,690.1026000976562,447.20001220703125,634.1755981445312
2026-01-14,259.2543029785156,236.64999389648438,335.4034118652344,64.9800033569336,614.4240112304688,456.4840087890625,182.91690063476562,618.0905151367188,388.3500061035156,118.39286041259766,686.7105712890625,439.20001220703125,631.104248046875
2026-01-15,257.50909423828125,238.17999267578125,332.347412109375,65.08999633789062,619.694580078125,453.7811279296875,186.82212829589844,620.3153076171875,396.4100036621094,119.19933319091797,688.5806884765625,438.57000732421875,632.7741088867188
2026-01-16,254.83633422851562,239.1199951171875,329.5710144042969,64.9000015258789,619.1455688476562,456.9609375,186.0031280517578,619.7965087890625,400.3900146484375,119.47811126708984,688.0037231445312,437.5,632.247314453125
2026-01-20,246.0303192138672,231.0,321.5814208984375,62.939998626708984,603.0443115234375,451.65460205078125,177.85308837890625,606.6276245117188,390.3900146484375,116.47124481201172,673.9981689453125,419.25,619.385498046875
2026-01-21,246.9777374267578,231.30999755859375,327.953125,63.63999938964844,611.8685913085938,441.3102111816406,183.09669494628906,614.8282470703125,401.92999267578125,117.13833618164062,681.77685546875,431.44000244140625,626.4822998046875
2026-01-22,247.67584228515625,234.33999633789062,330.11029052734375,64.93000030517578,646.476806640625,448.29595947265625,184.6148223876953,619.2976684570312,402.82000732421875,117.42707061767578,685.3379516601562,449.3599853515625,629.7424926757812
2026-01-23,247.36666870117188,239.16000366210938,327.5036926269531,65.62000274658203,657.5870361328125,463.0125732421875,187.44137573242188,621.2530517578125,400.0899963378906,117.40715026855469,685.5865478515625,449.05999755859375,630.0009765625
2026-01-26,254.71669006347656,238.4199981689453,332.8267822265625,65.91999816894531,671.1627807617188,467.3152770996094,186.2428436279297,623.9866333007812,398.82000732421875,118.31320190429688,689.068115234375,435.20001220703125,633.2412719726562
2026-01-27,257.56890869140625,244.67999267578125,334.1150817871094,66.55000305175781,671.7716674804688,477.5503234863281,188.29034423828125,629.6432495117188,407.25,119.08980560302734,691.8134765625,430.8999938964844,635.83544921875
2026-01-28,255.74388122558594,243.00999450683594,335.57318115234375,66.54000091552734,667.5392456054688,478.5937194824219,191.28668212890625,631.728271484375,416.6300048828125,118.66167449951172,691.7438354492188,431.4599914550781,635.7360229492188
2026-01-29,257.5788879394531,241.72999572753906,337.810302734375,66.37999725341797,736.995361328125,430.76715087890625,192.27548217773438,627.9472045898438,417.5199890136719,119.99584197998047,690.3711547851562,416.55999755859375,634.4141235351562
2026-01-30,258.7756652832031,239.3000030517578,337.56060791015625,66.1500015258789,715.2241821289062,427.577392578125,190.8971710205078,620.405029296875,403.4599914550781,119.34867858886719,688.3121337890625,430.4100036621094,632.37646484375
2026-02-02,269.27703857421875,242.9600067138672,343.2431945800781,66.15499877929688,705.152099609375,420.70098876953125,185.38388061523438,624.6650390625,407.9700012207031,119.74693298339844,691.73388671875,421.80999755859375,635.8155517578125
2026-02-03,268.7485046386719,238.6199951171875,339.26837158203125,65.08000183105469,690.4683227539062,408.61767578125,180.12030029296875,615.0676879882812,397.67999267578125,119.00019073486328,685.885009765625,421.9599914550781,630.3190307617188
2026-02-04,275.7394104003906,232.99000549316406,332.6070861816406,64.08999633789062,667.7987670898438,411.5788879394531,173.97781372070312,604.322998046875,382.0199890136719,116.52102661132812,682.5626831054688,406.010009765625,627.0985717773438
2026-02-05,275.1610412597656,222.69000244140625,330.81939697265625,62.81999969482422,669.0166015625,391.1882629394531,171.67062377929688,595.6235961914062,381.07000732421875,115.51541900634766,674.0379638671875,397.2099914550781,619.3357543945312
2026-02-06,277.364990234375,210.32000732421875,322.4402770996094,63.11000061035156,660.2822265625,398.6111755371094,185.18414306640625,608.2138671875,401.6499938964844,119.31880187988281,686.96923828125,411.1099853515625,631.4024047851562
2026-02-09,274.13079833984375,208.72000122070312,323.8984069824219,63.84000015258789,676.0140991210938,410.99261474609375,189.80848693847656,612.8728637695312,406.6499938964844,120.96162414550781,690.2816162109375,417.32000732421875,634.3743286132812
2026-02-10,273.19244384765625,206.9600067138672,318.16583251953125,63.58000183105469,669.5256958007812,410.6646423339844,188.31031799316406,610.029541015625,404.760009765625,120.25471496582031,688.4613037109375,425.2099914550781,632.5951538085938
2026-02-11,275.00921630859375,204.0800018310547,310.55572509765625,63.189998626708984,667.4993286132812,401.8207702636719,189.81849670410156,611.6657104492188,414.7799987792969,120.06553649902344,688.3021850585938,428.2699890136719,632.5056762695312
2026-02-12,261.2637939453125,199.60000610351562,308.59832763671875,61.72999954223633,648.6529541015625,399.3067626953125,186.7122802734375,599.22509765625,406.1099853515625,117.75563049316406,677.668701171875,417.07000732421875,622.7052612304688
2026-02-13,255.32435607910156,198.7899932861328,305.32257080078125,61.150001525878906,638.630859375,398.7900085449219,182.58729553222656,600.5020141601562,407.7200012207031,117.7357177734375,678.1461181640625,417.44000244140625,623.1029052734375
2026-02-17,263.4099426269531,201.14999389648438,301.6273498535156,61.27000045776367,638.151611328125,394.3581237792969,184.7446746826172,599.8834838867188,407.510009765625,118.34307098388672,679.2402954101562,410.6300048828125,624.1961669921875
2026-02-18,263.8791198730469,204.7899932861328,302.9356689453125,61.689998626708984,642.0746459960938,397.0808410644531,187.75099182128906,604.3629760742188,412.54998779296875,118.81102752685547,682.662109375,411.32000732421875,627.337158203125
2026-02-19,260.11578369140625,204.86000061035156,302.456298828125,61.59000015258789,643.6318969726562,396.8517761230469,187.6710968017578,602.04833984375,410.20001220703125,118.87075805664062,680.8616943359375,411.7099914550781,625.7269287109375
2026-02-20,264.1086730957031,210.11000061035156,314.570556640625,62.599998474121094,654.4924926757812,395.6267395019531,189.58877563476562,607.3757934570312,415.0299987792969,119.43828582763672,685.7855834960938,411.82000732421875,630.1898193359375
2026-02-23,265.705810546875,205.27000427246094,311.0850524902344,61.599998474121094,636.1152954101562,382.9182434082031,191.316650390625,599.9932250976562,412.8800048828125,117.42707061767578,678.7827758789062,399.8299865722656,623.8384399414062
2026-02-24,271.6552429199219,208.55999755859375,310.495849609375,62.310001373291016,638.16162109375,387.429931640625,192.61508178710938,606.4380493164062,419.1600036621094,118.23355102539062,683.7164916992188,409.3800048828125,628.3907470703125
2026-02-25,273.74151611328125,210.63999938964844,312.4932556152344,63.27000045776367,652.5260620117188,398.9831237792969,195.32176208496094,615.227294921875,426.1600036621094,119.96597290039062,689.4859008789062,417.3999938964844,633.6786499023438
2026-02-26,272.4637756347656,207.9199981689453,306.98040771484375,62.27000045776367,655.8401489257812,400.0986022949219,184.66476440429688,607.8048095703125,412.010009765625,119.43828582763672,685.6561889648438,408.5799865722656,630.1202392578125
2026-02-27,263.7093811035156,210.0,311.354736328125,61.349998474121094,647.02587890625,391.15484619140625,176.97415161132812,605.8594360351562,406.3699951171875,118.9504165649414,682.3637084960938,402.510009765625,627.2277221679688
2026-03-02,264.2484130859375,208.38999938964844,306.12152099609375,61.61000061035156,652.396240234375,396.9413757324219,182.25770568847656,606.6575317382812,406.3900146484375,119.58763885498047,682.7516479492188,403.32000732421875,627.4663696289062
2026-03-03,263.2801818847656,208.72999572753906,303.1853332519531,61.290000915527344,653.91357421875,402.2996826171875,179.83065795898438,600.162841796875,391.05999755859375,118.70149993896484,676.7337036132812,392.42999267578125,621.9398803710938
2026-03-04,262.0523376464844,216.82000732421875,302.7359619140625,62.22999954223633,666.541015625,403.5645751953125,182.8170166015625,609.3112182617188,399.1000061035156,119.73697662353516,681.50830078125,405.94000244140625,626.3729858398438
2026-03-05,259.8263244628906,218.94000244140625,300.4888916015625,62.15999984741211,659.393798828125,409.0224304199219,183.11663818359375,607.4755859375,395.3500061035156,119.12963104248047,677.7084350585938,405.54998779296875,623.0233764648438
2026-03-06,257.0013427734375,213.2100067138672,298.1319274902344,60.9900016784668,643.7117309570312,407.30938720703125,177.6033935546875,598.337158203125,380.55999755859375,117.72576141357422,668.8256225585938,396.7300109863281,614.6939697265625
2026-03-09,259.41705322265625,213.49000549316406,306.1770935058594,61.720001220703125,646.2373046875,407.757568359375,182.427490234375,606.3283081054688,394.3699951171875,118.78115844726562,674.6845092773438,398.67999267578125,620.0315551757812
2026-03-10,260.3653564453125,214.3300018310547,306.8567199707031,61.93000030517578,652.9053344726562,404.122314453125,184.54490661621094,606.3383178710938,397.3299865722656,118.5621109008789,673.6002807617188,399.239990234375,618.9580078125
2026-03-11,260.3453674316406,212.64999389648438,308.5157470703125,62.150001525878906,653.6939086914062,403.245849609375,185.8134307861328,606.2584228515625,401.0299987792969,118.18376159667969,672.7548217773438,407.82000732421875,618.2722778320312
2026-03-12,255.30438232421875,209.52999877929688,303.3687744140625,60.95000076293945,637.0436401367188,400.2380065917969,182.9268035888672,595.85302734375,388.1300048828125,116.66041564941406,662.5390625,395.010009765625,608.7997436523438
2026-03-13,249.6744384765625,207.6699981689453,302.09954833984375,59.939998626708984,612.6171875,393.9534912109375,180.0401611328125,592.3213500976562,387.3299865722656,115.67472839355469,658.7890014648438,391.20001220703125,605.4104614257812
2026-03-16,252.36964416503906,211.74000549316406,305.3775939941406,60.880001068115234,626.8690185546875,398.33575439453125,183.0067138671875,598.9656982421875,393.9200134277344,116.83963775634766,665.493408203125,395.55999755859375,611.4735107421875
2026-03-17,253.77711486816406,215.1999969482422,310.7344055175781,61.130001068115234,622.0834350585938,397.7979431152344,181.71820068359375,601.8887939453125,396.8800048828125,116.83963775634766,667.2440185546875,399.2699890136719,613.163330078125
2026-03-18,249.49476623535156,209.8699951171875,307.5063171386719,60.20000076293945,615.1099243164062,390.20867919921875,180.1899871826172,593.4986572265625,393.6700134277344,115.55524444580078,657.9335327148438,392.7799987792969,604.7046508789062
2026-03-19,248.5165252685547,208.75999450683594,306.9466552734375,59.54999923706055,606.1382446289062,387.4498596191406,178.3521270751953,591.623046875,394.9200134277344,115.37602233886719,656.3121337890625,380.29998779296875,603.0845336914062
2026-03-20,247.54823303222656,205.3699951171875,300.8203125,58.369998931884766,593.1102905273438,380.3287048339844,172.4989471435547,580.6888427734375,384.739990234375,113.28516387939453,646.9034423828125,367.9599914550781,594.3277587890625
2026-03-23,251.04200744628906,210.13999938964844,301.87969970703125,59.279998779296875,603.5006713867188,381.4541931152344,175.43553161621094,587.3545532226562,391.3599853515625,114.3545150756836,653.6959228515625,380.8500061035156,600.7785034179688
2026-03-24,251.1917266845703,207.24000549316406,290.2666320800781,58.5099983215332,592.3709716796875,371.2355651855469,174.99603271484375,583.3389282226562,394.5899963378906,114.6640396118164,651.5015869140625,383.0299987792969,598.740966796875
2026-03-25,252.16998291015625,211.7100067138672,290.7563171386719,58.95000076293945,594.3391723632812,369.5424499511719,178.47198486328125,587.1747436523438,399.0199890136719,115.143310546875,655.1322021484375,385.95001220703125,602.0010986328125
2026-03-26,252.43951416015625,207.5399932861328,280.7523193359375,57.029998779296875,547.032958984375,364.4928894042969,171.04066467285156,573.1600952148438,380.8399963378906,111.16940307617188,643.432373046875,372.1099853515625,591.3259887695312
2026-03-27,248.35679626464844,199.33999633789062,274.1762390136719,55.45000076293945,525.233154296875,355.3300476074219,167.32498168945312,561.9624633789062,374.25,110.14098358154297,632.4606323242188,361.8299865722656,581.267333984375
2026-03-30,246.19065856933594,200.9499969482422,273.33673095703125,55.38999938964844,535.8833618164062,357.5111999511719,164.97772216796875,557.6671752929688,362.5299987792969,107.67476654052734,630.3460693359375,355.2799987792969,579.2431640625
2026-03-31,253.337890625,208.27000427246094,287.3883361816406,57.939998626708984,571.6002197265625,368.67596435546875,174.1969757080078,576.54638671875,383.3999938964844,111.93822479248047,648.6688842773438,371.75,595.81494140625
2026-04-01,255.17462158203125,210.57000732421875,297.2124938964844,58.68000030517578,578.6936645507812,367.8791809082031,175.54541015625,583.6685791015625,391.9700012207031,114.3245620727539,653.5562744140625,381.260009765625,600.5511474609375
2026-04-02,255.464111328125,209.77000427246094,295.59344482421875,58.27000045776367,573.9281005859375,371.9526672363281,177.18348693847656,584.3378295898438,392.32000732421875,114.56419372558594,654.144775390625,360.5899963378906,601.2391357421875
2026-04-06,258.3988342285156,212.7899932861328,299.8109130859375,58.380001068115234,572.4894409179688,371.3750305175781,177.43319702148438,587.85400390625,395.9800109863281,115.49276733398438,657.23681640625,352.82000732421875,603.9113159179688
2026-04-07,253.0484161376953,213.77000427246094,305.27764892578125,58.290000915527344,574.5175170898438,370.78741455078125,177.89266967773438,587.9439086914062,399.8999938964844,116.47126770019531,657.5260009765625,346.6499938964844,604.2802734375
2026-04-08,258.43878173828125,221.25,317.1305847167969,59.81999969482422,611.8529052734375,372.8191223144531,181.8680419921875,605.4246826171875,422.9200134277344,121.1740493774414,674.27294921875,343.25,619.535888671875
2026-04-09,260.02593994140625,233.64999389648438,318.29986572265625,60.720001220703125,627.8081665039062,371.5642395019531,183.69590759277344,609.5202026367188,430.30999755859375,122.57190704345703,678.162841796875,345.6199951171875,623.2052001953125
2026-04-10,260.0159912109375,238.3800048828125,317.0506286621094,61.13999938964844,629.2767333984375,369.37310791015625,188.41041564941406,610.3992309570312,436.8800048828125,123.15101623535156,677.7140502929688,348.95001220703125,622.786376953125
2026-04-13,258.73828125,239.88999938964844,321.1181945800781,61.7599983215332,633.9425048828125,382.8186340332031,189.08961486816406,616.7122802734375,443.3399963378906,124.39910125732422,684.3369750976562,352.4200134277344,628.8886108398438
2026-04-14,258.368896484375,249.02000427246094,332.7112731933594,63.61000061035156,661.8765258789062,391.5233459472656,196.28123474121094,627.909912109375,452.0,126.45594787597656,692.675537109375,364.20001220703125,636.4964599609375
2026-04-15,265.95538330078125,248.5,336.91876220703125,65.26000213623047,670.9581909179688,409.5602722167969,198.63848876953125,636.7003173828125,453.0,126.38605499267578,698.1414184570312,391.95001220703125,641.5816650390625
2026-04-16,262.9307556152344,249.6999969482422,335.81939697265625,65.30999755859375,676.2432250976562,418.56378173828125,198.1190948486328,639.7669067382812,454.79998779296875,126.54580688476562,699.8569946289062,388.8999938964844,642.987548828125
2026-04-17,269.7486267089844,250.55999755859375,341.4760437011719,66.44999694824219,687.9124145507812,421.0835876464844,201.44520568847656,648.1376953125,464.1600036621094,128.10342407226562,708.3152465820312,400.6199951171875,650.8845825195312
2026-04-20,272.5635681152344,248.27999877929688,337.2185974121094,65.76000213623047,670.2887573242188,416.38262939453125,201.82476806640625,646.0799560546875,463.9599914550781,127.44442749023438,706.8988037109375,392.5,649.6481323242188
2026-04-21,265.69586181640625,249.91000366210938,332.0916442871094,65.30999755859375,668.220703125,422.4480285644531,199.64732360839844,643.6226806640625,464.6600036621094,126.45594787597656,702.2708129882812,386.4200134277344,645.37060546875
2026-04-22,272.68341064453125,255.36000061035156,339.1174621582031,66.44000244140625,674.09521484375,431.1726989746094,202.26426696777344,654.390869140625,476.8299865722656,128.9121856689453,709.3825073242188,387.510009765625,652.0013427734375
2026-04-23,272.9429016113281,255.0800018310547,338.6877136230469,65.33000183105469,658.5396728515625,414.0719909667969,199.4075927734375,650.7048950195312,481.8500061035156,129.031982421875,706.6295776367188,373.7200012207031,649.3689575195312
2026-04-24,270.5771179199219,263.989990234375,344.19439697265625,66.56999969482422,674.4049682617188,422.90618896484375,208.0275421142578,663.1512451171875,506.44000244140625,131.31849670410156,712.10546875,376.29998779296875,654.5139770507812
2026-04-27,267.1332702636719,261.1199951171875,350.130859375,67.08000183105469,677.9916381835938,423.1053771972656,216.3578338623047,663.5008544921875,506.260009765625,131.90757751464844,713.332275390625,378.6700134277344,655.5908813476562
2026-04-28,270.2277526855469,259.70001220703125,349.5711975097656,66.86000061035156,670.7183837890625,427.5174865722656,212.92184448242188,656.8281860351562,491.2099914550781,129.76087951660156,709.8612060546875,376.0199890136719,652.3602905273438
2026-04-29,269.688720703125,263.0400085449219,349.7311096191406,66.58000183105469,668.5004272460938,422.746826171875,209.00640869140625,660.84375,499.5799865722656,130.56964111328125,709.7515258789062,372.79998779296875,652.34033203125
2026-04-30,270.86663818359375,265.05999755859375,384.5702819824219,66.23999786376953,611.3433837890625,406.1341552734375,199.33767700195312,667.0069580078125,506.7200012207031,133.5850067138672,716.8132934570312,381.6300048828125,658.6619262695312
2026-05-01,279.6409606933594,268.260009765625,385.45977783203125,66.87000274658203,608.1863403320312,412.76727294921875,198.21897888183594,673.4099731445312,509.82000732421875,134.2140350341797,718.7982177734375,390.82000732421875,660.5963134765625
2026-05-04,276.33685302734375,272.04998779296875,383.0212097167969,66.97000122070312,609.8447875976562,411.9505615234375,198.24893188476562,672.141357421875,506.7900085449219,134.2340087890625,716.1649780273438,392.510009765625,658.2032470703125
2026-05-05,283.67376708984375,273.54998779296875,388.1981201171875,67.11000061035156,604.3998413085938,409.7196044921875,196.271240234375,680.8617553710938,522.6900024414062,137.6687469482422,721.9102172851562,389.3699951171875,663.3682250976562
2026-05-06,286.9978332519531,274.989990234375,397.8023986816406,68.45999908447266,612.3125,412.2891845703125,207.5880584716797,695.0062255859375,549.760009765625,141.373046875,731.9443359375,398.7300109863281,672.7009887695312
2026-05-07,286.9279479980469,271.1700134277344,397.7524108886719,68.88999938964844,616.2388305664062,419.07171630859375,211.2537841796875,694.1771240234375,540.0999755859375,139.08656311035156,729.7001342773438,411.7900085449219,670.587158203125
2026-05-08,292.7974853515625,272.67999267578125,400.56072998046875,69.62000274658203,609.0654907226562,413.44451904296875,214.94947814941406,710.44921875,566.5399780273438,143.5896453857422,735.724609375,428.3500061035156,676.0711669921875
2026-05-11,292.42779541015625,268.989990234375,388.40802001953125,69.44000244140625,598.3054809570312,410.99444580078125,219.18453979492188,712.5069580078125,576.3099975585938,145.84620666503906,737.4002685546875,445.0,677.5469360351562
2026-05-12,294.54595947265625,265.82000732421875,387.1187744140625,69.12000274658203,602.441650390625,406.1241760253906,220.52297973632812,706.463623046875,561.25,144.22866821289062,736.2831420898438,433.45001220703125,676.6993408203125
2026-05-13,298.6124572753906,270.1300048828125,402.3796691894531,70.52999877929688,616.0590209960938,403.57452392578125,225.56710815429688,713.9254760742188,572.4600219726562,146.0658416748047,740.4025268554688,445.2699890136719,680.4285278320312
2026-05-14,297.9530334472656,267.2200012207031,400.8305969238281,70.94000244140625,617.8573608398438,407.7774658203125,235.465576171875,718.9998168945312,578.3400268554688,147.29397583007812,746.2474975585938,443.29998779296875,685.7330322265625
2026-05-15,299.9713134765625,264.1400146484375,396.54315185546875,69.83999633789062,613.6612548828125,420.2170715332031,225.05770874023438,708.1517944335938,556.3400268554688,143.26016235351562,737.2706298828125,422.239990234375,677.4671630859375
2026-05-18,297.5833435058594,264.8599853515625,396.70306396484375,69.45999908447266,610.64404296875,421.83056640625,222.0612030029297,705.1051025390625,546.1599731445312,141.20330810546875,736.751953125,409.989990234375,676.9386596679688
2026-05-19,298.7123718261719,259.3399963378906,387.4285888671875,68.52999877929688,602.052001953125,415.7352600097656,220.35317993164062,700.7599487304688,543.9600219726562,140.41453552246094,731.8446044921875,404.1099853515625,672.6312866210938
2026-05-20,301.98956298828125,265.010009765625,388.6778564453125,69.48999786376953,604.499755859375,419.36053466796875,223.20985412597656,712.3671875,564.6599731445312,143.09042358398438,739.3452758789062,417.260009765625,679.5910034179688
2026-05-21,304.7271728515625,268.4599914550781,387.4285888671875,69.5,606.8175659179688,418.3025207519531,219.25445556640625,713.7256469726562,567.8800048828125,144.4683074951172,740.8114624023438,417.8500061035156,680.8572998046875
2026-05-22,308.55389404296875,266.32000732421875,382.74139404296875,69.36000061035156,609.6949462890625,417.7835388183594,215.07933044433594,716.7523193359375,576.3200073242188,144.71792602539062,743.7239990234375,426.010009765625,683.5593872070312
2026-05-26,308.0643005371094,265.2900085449219,388.6478576660156,69.62999725341797,611.7730102539062,415.248291015625,214.60987854003906,729.4783935546875,602.1400146484375,149.5704803466797,748.6613159179688,433.5899963378906,688.0064697265625
2026-05-27,310.5821533203125,271.8500061035156,388.5978698730469,70.33000183105469,634.6718139648438,411.8946228027344,212.35250854492188,728.6492919921875,595.5,149.37078857421875,748.5316162109375,440.3599853515625,687.9566040039062
2026-05-28,312.24072265625,274.0,389.8971252441406,70.87000274658203,634.7017211914062,426.18768310546875,214.00057983398438,734.79248046875,599.8300170898438,149.8999786376953,752.6609497070312,442.1000061035156,691.8950805664062
2026-05-29,311.7911071777344,270.6400146484375,380.1129455566406,70.70999908447266,631.92431640625,449.3940124511719,210.8942108154297,737.49951171875,598.9299926757812,150.35926818847656,754.5361328125,435.7900085449219,693.4705200195312
2026-06-01,306.0460510253906,261.260009765625,376.14532470703125,69.86000061035156,599.9139404296875,459.6546936035156,224.09881591796875,741.9246826171875,607.8099975585938,152.0866241455078,756.5908203125,415.8800048828125,695.2752685546875
2026-06-02,314.92840576171875,256.5199890136719,361.6340026855469,69.16999816894531,597.0765991210938,440.48077392578125,222.56060791015625,745.3408813476562,632.2100219726562,154.08355712890625,757.6182250976562,423.739990234375,696.2325439453125
2026-06-03,309.9926452636719,250.02000427246094,358.77569580078125,68.41999816894531,622.4031372070312,426.53704833984375,214.5,743.39306640625,637.9000244140625,154.8523712158203,752.3018798828125,423.70001220703125,691.3467407226562
2026-06-04,310.9618225097656,253.7899932861328,371.96783447265625,69.12000274658203,626.9888916015625,427.2456970214844,218.66000366210938,739.7969970703125,627.530029296875,152.59584045410156,755.1445922851562,418.45001220703125,694.0388793945312
2026-06-05,307.0751647949219,246.02999877929688,368.30999755859375,66.51000213623047,592.450927734375,415.8870849609375,205.10000610351562,704.2860107421875,569.6900024414062,144.05892944335938,735.65478515625,391.0,676.0313110351562
2026-06-08,301.2801818847656,245.22000122070312,363.30999755859375,66.52999877929688,584.8479614257812,410.9663391113281,208.63999938964844,715.283935546875,598.1599731445312,147.65342712402344,737.3204345703125,408.95001220703125,677.7064208984375
2026-06-09,290.29962158203125,244.19000244140625,364.260009765625,65.66000366210938,584.0487060546875,402.6520080566406,208.19000244140625,707.052978515625,591.010009765625,147.2839813232422,735.1560668945312,396.67999267578125,675.7322387695312
2026-06-10,291.3287353515625,238.0,356.3800048828125,64.22000122070312,570.4512939453125,396.61334228515625,200.4199981689453,692.9285278320312,570.9099731445312,143.45985412597656,723.56591796875,381.5899963378906,665.1130981445312
2026-06-11,295.375244140625,241.50999450683594,357.7699890136719,64.91000366210938,567.9036254882812,389.6065673828125,204.8699951171875,716.332763671875,609.4500122070312,150.3492889404297,735.8642578125,399.1499938964844,676.2606201171875
2026-06-12,290.879150390625,238.5500030517578,359.67999267578125,64.91000366210938,566.4549560546875,390.00579833984375,205.19000244140625,720.5481567382812,619.9600219726562,152.24636840820312,739.843994140625,406.42999267578125,679.9698486328125
2026-06-15,296.1645812988281,246.02000427246094,369.3500061035156,66.62000274658203,593.47998046875,399.0088806152344,212.4499969482422,743.1832885742188,647.0999755859375,157.59815979003906,752.890380859375,411.1499938964844,691.8153686523438
2026-06-16,298.9821472167969,246.0,373.25,66.41999816894531,600.2100219726562,393.0899963378906,207.41000366210938,729.0587768554688,616.0,154.38308715820312,748.4019775390625,404.6600036621094,687.7471923828125
2026-06-17,295.6949768066406,237.5,363.7900085449219,64.54000091552734,567.5800170898438,378.1980285644531,204.64999389648438,721.7168579101562,623.969970703125,155.25177001953125,739.0560302734375,396.3800048828125,679.431396484375
2026-06-18,297.7532043457031,244.38999938964844,368.0299987792969,65.44000244140625,577.219970703125,378.6871032714844,210.69000244140625,739.8070068359375,659.8800048828125,159.65499877929688,746.739990234375,400.489990234375,686.1119384765625
2026-06-22,296.75408935546875,232.7899932861328,349.67999267578125,64.0199966430664,563.8499755859375,366.6497802734375,208.64999389648438,737.9500122070312,668.9099731445312,161.66000366210938,744.3900146484375,405.04998779296875,684.1077880859375
2026-06-23,294.04638671875,234.11000061035156,346.1300048828125,63.13999938964844,562.2000122070312,373.23736572265625,200.0399932861328,713.6500244140625,622.0499877929688,154.33999633789062,733.5800170898438,381.6099853515625,674.3761596679688
2026-06-24,292.8274230957031,234.27000427246094,345.2900085449219,62.68000030517578,557.6699829101562,364.7733154296875,199.0,710.6199951171875,618.9199829101562,153.7899932861328,733.239990234375,375.5299987792969,673.72802734375
2026-06-25,274.91290283203125,227.00999450683594,343.7099914550781,61.06999969482422,542.8699951171875,352.1670227050781,195.74000549316406,716.3800048828125,636.8800048828125,159.63999938964844,734.2999877929688,375.1199951171875,673.7479858398438
2026-06-26,283.53546142578125,232.69000244140625,337.3900146484375,61.599998474121094,550.25,372.2691955566406,192.52999877929688,706.52001953125,611.6099853515625,154.1999969482422,728.989990234375,379.7099914550781,670.260009765625
2026-06-29,281.4972229003906,240.13999938964844,353.6499938964844,63.52000045776367,562.5999755859375,367.8774719238281,194.97000122070312,724.0800170898438,631.97998046875,158.52999877929688,741.0,411.8399963378906,681.010009765625
2026-06-30,289.11065673828125,238.33999633789062,357.3699951171875,64.30000305175781,563.2899780273438,372.319091796875,200.08999633789062,736.4000244140625,655.8900146484375,161.5399932861328,746.77001953125,420.6000061035156,686.8099975585938
2026-07-01,294.1263427734375,241.6999969482422,361.2099914550781,65.83999633789062,612.9099731445312,383.5579528808594,197.5800018310547,725.1699829101562,620.4600219726562,155.32000732421875,745.760009765625,425.29998779296875,685.4600219726562
2026-07-02,308.3640441894531,242.6699981689453,359.9100036621094,65.0999984741211,582.9000244140625,389.7562561035156,194.8300018310547,712.5999755859375,592.2899780273438,150.8300018310547,744.780029296875,393.45001220703125,684.8400268554688
2026-07-06,312.3905944824219,244.16000366210938,366.4599914550781,66.27999877929688,600.2899780273438,386.0133056640625,195.5500030517578,722.8200073242188,604.2999877929688,152.97999572753906,751.280029296875,419.7699890136719,690.6199951171875
2026-07-07,310.3923034667969,245.97999572753906,367.0299987792969,66.23999786376953,615.5800170898438,388.109375,196.92999267578125,709.4299926757812,581.4500122070312,149.4199981689453,747.7100219726562,402.8999938964844,687.0800170898438
2026-07-08,313.1199645996094,243.6199951171875,361.9200134277344,65.79000091552734,603.1199951171875,382.6197204589844,204.1199951171875,711.4400024414062,593.0,150.57000732421875,745.4000244140625,394.05999755859375,685.260009765625
2026-07-09,315.947509765625,247.0399932861328,358.8900146484375,66.76000213623047,631.47998046875,383.6377868652344,202.77999877929688,723.280029296875,607.72998046875,153.0800018310547,751.7100219726562,406.54998779296875,690.6900024414062
2026-07-10,315.0483093261719,245.33999633789062,357.17999267578125,67.68000030517578,669.2100219726562,384.37640380859375,210.9600067138672,725.510009765625,611.030029296875,153.75,754.9500122070312,407.760009765625,693.8599853515625
2026-07-13,317.03656005859375,247.30999755859375,352.510009765625,66.98999786376953,656.72998046875,390.2553405761719,203.52999877929688,711.739990234375,585.6199951171875,149.72999572753906,749.1699829101562,394.760009765625,688.5
2026-07-14,314.58868408203125,247.49000549316406,359.510009765625,67.44000244140625,661.0399780273438,384.20672607421875,211.8000030517578,719.6900024414062,600.3099975585938,152.86000061035156,751.8300170898438,396.17999267578125,691.0999755859375
2026-07-15,327.2178039550781,254.9600067138672,370.9200134277344,69.0199966430664,681.3099975585938,394.8866271972656,212.5,717.739990234375,590.77001953125,150.0,754.8099975585938,394.4599914550781,693.7999877929688
2026-07-16,332.97283935546875,249.88999938964844,354.4599914550781,68.12000274658203,664.5399780273438,400.3463439941406,207.39999389648438,705.9400024414062,568.9199829101562,145.27999877929688,750.719970703125,391.05999755859375,690.1400146484375
2026-07-17,333.452392578125,247.22999572753906,346.7699890136719,66.91000366210938,646.010009765625,393.08001708984375,202.80999755859375,695.3300170898438,556.530029296875,143.88999938964844,743.2899780273438,380.8399963378906,683.1699829101562
2026-07-20,326.3085632324219,249.99000549316406,351.989990234375,66.93000030517578,645.8499755859375,401.53411865234375,203.27999877929688,696.0599975585938,558.8300170898438,144.52000427246094,742.0900268554688,369.57000732421875,682.2100219726562
2026-07-21,327.45758056640625,247.5500030517578,347.1499938964844,66.94999694824219,643.8099975585938,397.00262451171875,207.2899932861328,708.969970703125,584.0800170898438,149.6999969482422,748.280029296875,378.92999267578125,687.8699951171875
2026-07-22,325.60919189453125,244.85000610351562,342.0899963378906,66.30000305175781,627.1699829101562,389.6065673828125,212.05999755859375,705.3499755859375,586.9099731445312,150.07000732421875,747.4099731445312,374.010009765625,687.030029296875
2026-07-23,321.3828430175781,233.66000366210938,317.69000244140625,63.22999954223633,606.0999755859375,380.8630065917969,208.75999450683594,691.9600219726562,580.1699829101562,149.8300018310547,738.1799926757812,319.69000244140625,678.6099853515625
2026-07-24,332.7330322265625,232.11000061035156,319.739990234375,63.150001525878906,595.1900024414062,380.9828186035156,206.83999633789062,684.22998046875,561.1900024414062,146.50999450683594,738.9299926757812,313.0299987792969,679.1400146484375
2026-07-27,336.61968994140625,231.38999938964844,326.55999755859375,63.0099983215332,593.8699951171875,388.368896484375,196.50999450683594,682.1199951171875,548.5499877929688,144.75,739.0900268554688,309.2200012207031,679.3099975585938
2026-07-28,339.78692626953125,230.86000061035156,333.7099914550781,63.439998626708984,593.4099731445312,392.61090087890625,197.00999450683594,675.489990234375,529.5999755859375,140.9499969482422,740.8599853515625,307.44000244140625,680.9600219726562
2026-07-29,337.8985900878906,226.64999389648438,336.7099914550781,62.560001373291016,585.6099853515625,389.8061828613281,190.00999450683594,661.72998046875,504.2200012207031,136.3699951171875,729.4600219726562,298.32000732421875,670.6300048828125
2026-07-30,333.1426696777344,235.5,333.6600036621094,63.91999816894531,539.030029296875,450.2524108886719,195.0399932861328,683.5499877929688,538.9000244140625,143.4199981689453,741.6900024414062,308.8500061035156,681.7899780273438
2026-07-31,308.6438293457031,271.5799865722656,356.1300048828125,65.95999908447266,556.7100219726562,463.8468017578125,200.75,687.989990234375,540.530029296875,143.8300018310547,747.030029296875,311.2099914550781,686.6500244140625
2026-08-03,303.1585693359375,284.0199890136719,373.510009765625,68.37999725341797,590.239990234375,486.73370361328125,206.63999938964844,700.0700073242188,545.4600219726562,145.35000610351562,757.6699829101562,322.0799865722656,696.4000244140625
2026-08-04,309.1134033203125,277.4200134277344,377.6499938964844,68.95999908447266,587.9400024414062,491.884033203125,211.94000244140625,723.8499755859375,575.7100219726562,151.1699981689453,771.3300170898438,327.3500061035156,708.97998046875
2026-08-05,310.7320251464844,272.6499938964844,362.42999267578125,68.41999816894531,588.77001953125,486.5440673828125,219.22000122070312,717.2999877929688,569.7000122070312,150.27000427246094,769.7899780273438,321.54998779296875,707.5999755859375
2026-08-06,312.14080810546875,272.260009765625,357.75,68.58000183105469,589.9000244140625,498.9207458496094,218.99000549316406,714.6500244140625,571.47998046875,149.10000610351562,768.5599975585938,319.5299987792969,706.4000244140625
2026-08-07,313.05999755859375,274.4800109863281,354.29998779296875,69.13999938964844,592.0999755859375,499.0505065917969,223.9600067138672,723.030029296875,582.7000122070312,149.69000244140625,773.260009765625,328.5799865722656,710.7100219726562
2026-08-10,308.260009765625,278.0899963378906,357.5199890136719,69.04000091552734,594.9199829101562,505.109130859375,217.5500030517578,720.8699951171875,569.4099731445312,148.6999969482422,773.030029296875,330.8800048828125,710.6500244140625
2026-08-11,304.9100036621094,272.2699890136719,343.79998779296875,68.44000244140625,599.1199951171875,502.86334228515625,217.5,718.4500122070312,572.9299926757812,148.55999755859375,770.5599975585938,332.80999755859375,708.4199829101562
2026-08-12,302.25,267.2799987792969,343.5400085449219,67.70999908447266,578.8499755859375,491.5047302246094,224.08999633789062,723.7000122070312,584.8300170898438,151.2100067138672,772.489990234375,327.510009765625,710.1699829101562
2026-08-13,305.260009765625,265.1300048828125,346.3599853515625,68.48999786376953,594.969970703125,495.9463806152344,225.3000030517578,732.0700073242188,589.1199951171875,152.72000122070312,777.8800048828125,339.9599914550781,714.9500122070312
2026-08-14,305.92999267578125,262.6499938964844,345.8999938964844,68.26000213623047,589.8499755859375,494.4691467285156,225.16000366210938,731.0700073242188,587.8200073242188,153.30999755859375,776.3400268554688,342.2699890136719,713.6099853515625
2026-08-17,305.5899963378906,261.30999755859375,344.0,67.3499984741211,568.969970703125,479.44744873046875,225.00999450683594,729.8699951171875,594.0700073242188,155.16000366210938,772.6699829101562,339.29998779296875,710.27001953125
2026-08-18,310.0299987792969,259.45001220703125,344.20001220703125,66.73999786376953,543.6699829101562,480.72503662109375,219.74000549316406,717.510009765625,569.77001953125,150.89999389648438,767.4500122070312,336.8699951171875,705.4000244140625
2026-08-19,316.8299865722656,265.8399963378906,344.7200012207031,67.66000366210938,546.030029296875,483.3999938964844,217.55999755859375,716.0800170898438,560.9199829101562,148.35000610351562,769.0599975585938,351.1199951171875,706.9099731445312
2026-08-20,311.29998779296875,260.1099853515625,340.6700134277344,66.88999938964844,545.8300170898438,481.1499938964844,216.85000610351562,710.9299926757812,562.6500244140625,148.30999755859375,762.5999755859375,345.1300048828125,701.010009765625
2026-08-21,309.3500061035156,258.6300048828125,344.82000732421875,67.27999877929688,549.9000244140625,483.239990234375,214.72000122070312,713.4400024414062,560.4199829101562,148.72999572753906,765.719970703125,362.8599853515625,703.7100219726562
